obj_name,iteration,miou,selected,support_query,decoder_confidence,temporal_stability,foreground_background_separation
0_class-0,0,0.935633659362793,0,0.9812077283859253,1.01138174533844,1.0,0.9934427738189697
0_class-0,1,0.9350193738937378,0,0.9813342094421387,1.0091632604599,0.9989404863426106,0.9937222599983215
0_class-0,2,0.6474465727806091,0,0.9868505597114563,0.9899677038192749,0.5404522385939537,0.9739654064178467
0_class-0,3,0.9374632835388184,0,0.981231689453125,1.0103998184204102,0.5405342744532317,0.9958327412605286
0_class-0,4,0.6484569907188416,1,0.9869294166564941,0.993962287902832,0.5416950985567329,0.9886416792869568
0_class-0,5,0.9352421760559082,0,0.9812895655632019,1.0091032981872559,0.5408755546383243,0.9915734529495239
1_class-72,0,0.46048808097839355,0,0.9682386517524719,0.9482982158660889,1.0,0.8662463426589966
1_class-72,1,0.402917742729187,0,0.9679918885231018,0.9932440519332886,0.24286900513925358,0.9686528444290161
1_class-72,2,0.4597426950931549,1,0.9730913043022156,0.988805890083313,0.2853653478351038,0.9749921560287476
1_class-72,3,0.45806002616882324,0,0.9615359306335449,0.8810657262802124,0.5123289253334873,0.9369244575500488
1_class-72,4,0.4194350838661194,0,0.9696031808853149,0.984351396560669,0.0,0.9679155349731445
1_class-72,5,0.3474048376083374,0,0.8632464408874512,0.8441014289855957,0.36416774714647054,0.5209656357765198
2_class-68,0,0.1785583794116974,0,0.8520981073379517,1.010741114616394,1.0,0.992139458656311
2_class-68,1,0.1648808866739273,0,0.8526816964149475,0.9868229627609253,0.8931013229750455,0.9700156450271606
2_class-68,2,0.16503556072711945,0,0.857401430606842,0.9879913330078125,0.9986372894970881,0.9699609875679016
2_class-68,3,0.16507096588611603,0,0.8604521751403809,0.9840240478515625,0.9988371425289997,0.9666426181793213
2_class-68,4,0.16494424641132355,1,0.8608220815658569,0.990015983581543,0.9980776679530032,0.9736145734786987
2_class-68,5,0.1785770207643509,0,0.8528785109519958,1.0114039182662964,0.8932847699212757,0.9923399090766907
3_class-76,0,0.16584797203540802,0,0.9253448247909546,0.9947772026062012,1.0,0.8837703466415405
3_class-76,1,0.16860568523406982,0,0.9232311844825745,0.9640865325927734,0.9681185326642092,0.8405055999755859
3_class-76,2,0.16499067842960358,0,0.9208154082298279,0.9408376216888428,0.9796117261811944,0.7892445921897888
3_class-76,3,0.16825558245182037,0,0.9243476390838623,0.9930875301361084,0.96893637484178,0.8891054391860962
3_class-76,4,0.16444405913352966,0,0.9204716682434082,0.9613767862319946,0.9784119811000485,0.7905933856964111
3_class-76,5,0.17069977521896362,1,0.9256051778793335,1.0008684396743774,0.978430066975901,0.9259440302848816
4_class-36,0,0.41123777627944946,0,0.9581876397132874,0.9691572189331055,1.0,0.9536590576171875
4_class-36,1,0.476705402135849,0,0.9803115129470825,0.7904455661773682,0.0014870967156924975,0.7633568644523621
4_class-36,2,0.22560696303844452,0,0.8914192318916321,0.982681393623352,0.0,0.9594714641571045
4_class-36,3,0.5069651007652283,0,0.9815521836280823,0.8449734449386597,0.12907066698059264,0.7022649049758911
4_class-36,4,0.4129228889942169,1,0.9644544124603271,0.9573609828948975,0.4310105940784004,0.9454646110534668
4_class-36,5,0.43676114082336426,0,0.9776408672332764,0.8450609445571899,0.03245718023136982,0.6683717370033264
5_class-56,0,0.4336865246295929,0,0.9931553602218628,0.945415735244751,1.0,0.9310222864151001
5_class-56,1,0.4208947420120239,0,0.9946025609970093,0.9637300968170166,0.5824954885279712,0.9517354965209961
5_class-56,2,0.3546217083930969,0,0.9862134456634521,0.982996940612793,0.3249732656062024,0.9139609336853027
5_class-56,3,0.42660364508628845,1,0.9952657222747803,0.9835598468780518,0.2659358573424712,0.956871509552002
5_class-56,4,0.4134758710861206,0,0.9958959817886353,0.9701249599456787,0.6976300423615617,0.9042671322822571
5_class-56,5,0.36040979623794556,0,0.9846775531768799,0.9613637924194336,0.3215611849162472,0.8718484044075012
6_class-48,0,0.4342375099658966,0,0.9910920858383179,1.004911184310913,1.0,0.9839817881584167
6_class-48,1,0.43460938334465027,0,0.9915828108787537,0.9922845363616943,0.9950738030599954,0.9809979796409607
6_class-48,2,0.43462133407592773,1,0.9910957217216492,1.0059810876846313,0.9948268429372036,0.9866671562194824
6_class-48,3,0.6581111550331116,0,0.9822746515274048,1.0029418468475342,0.5842504743833017,0.9752649664878845
6_class-48,4,0.4344674348831177,0,0.9911594390869141,1.0047203302383423,0.5834352851839352,0.9847185611724854
6_class-48,5,0.658724308013916,0,0.9823949933052063,0.99506676197052,0.5851637887252412,0.9694271683692932
7_class-36,0,0.4743835926055908,0,0.9805473685264587,0.9573780298233032,1.0,0.9914636015892029
7_class-36,1,0.46709761023521423,0,0.985561192035675,0.9575931429862976,0.45289298515104964,0.9818400144577026
7_class-36,2,0.4738823175430298,1,0.993217945098877,0.984271764755249,0.43502436586280147,0.9751200079917908
7_class-36,3,0.47378382086753845,0,0.9933181405067444,0.9692230224609375,0.8736902267098495,0.9332159161567688
7_class-36,4,0.47443947196006775,0,0.9817755222320557,0.9702598452568054,0.5209641959798995,0.9886491298675537
7_class-36,5,0.4725593030452728,0,0.980319619178772,0.9602199792861938,0.894701478210789,0.9716732501983643
8_class-40,0,0.805220365524292,0,0.9712227582931519,0.9331121444702148,1.0,0.656074047088623
8_class-40,1,0.8926433324813843,0,0.9773193597793579,0.9982274770736694,0.692476210036284,0.9783495664596558
8_class-40,2,0.9544757008552551,0,0.9738529920578003,0.9928721189498901,0.8807403577310506,0.9756482243537903
8_class-40,3,0.9579206705093384,0,0.9743094444274902,0.9978324174880981,0.9940449976065103,0.9767166376113892
8_class-40,4,0.9670543670654297,1,0.9768116474151611,1.0015019178390503,0.9833527390998932,0.9845250248908997
8_class-40,5,0.6716632843017578,0,0.9327868223190308,0.9927985668182373,0.6708369142354801,0.9479075074195862
9_class-4,0,0.9405657649040222,0,0.9908331632614136,0.9983577728271484,1.0,0.965978741645813
9_class-4,1,0.9421836137771606,0,0.9906803965568542,0.9980449676513672,0.9897693246090717,0.9702343344688416
9_class-4,2,0.9415906667709351,1,0.9908239841461182,0.9992632865905762,0.9895192147729163,0.9703420996665955
9_class-4,3,0.9412336349487305,0,0.9905334115028381,0.9972907304763794,0.9921683730247051,0.9663481712341309
9_class-4,4,0.9418648481369019,0,0.990756094455719,0.9978119134902954,0.9955577766672219,0.9703505039215088
9_class-4,5,0.9327476024627686,0,0.9908133745193481,0.9753201007843018,0.9704413957241926,0.8991938233375549
10_class-0,0,0.27117401361465454,1,0.9465887546539307,1.0176843404769897,1.0,0.9978311061859131
10_class-0,1,0.2711609899997711,0,0.9463678598403931,1.017724633216858,0.9999055988465896,0.9978089332580566
10_class-0,2,0.2711777687072754,0,0.9464883208274841,1.0179591178894043,0.9999227613669521,0.9977818131446838
10_class-0,3,0.2711907923221588,0,0.9464220404624939,1.017717719078064,0.999922756063649,0.9977843761444092
10_class-0,4,0.2711665630340576,0,0.9465630054473877,1.0174988508224487,0.9998884302130983,0.9977957606315613
10_class-0,5,0.2711852192878723,0,0.9464524984359741,1.0178381204605103,0.9998970133882595,0.9977754354476929
11_class-68,0,0.572665810585022,1,0.9706857204437256,0.9530186653137207,1.0,0.8695146441459656
11_class-68,1,0.4642057418823242,0,0.9620552659034729,0.9299415349960327,0.0023165552417142507,0.9598796963691711
11_class-68,2,0.40528079867362976,0,0.9846508502960205,0.9071778059005737,0.0012024185790847877,0.47772690653800964
11_class-68,3,0.47212040424346924,0,0.9528650641441345,0.9483523368835449,0.2209636299093168,0.700076162815094
11_class-68,4,0.3485240936279297,0,0.9288099408149719,0.948498010635376,0.5678150203607771,0.8143845796585083
11_class-68,5,0.5545967817306519,0,0.9653155207633972,0.9506226778030396,0.3722926966588666,0.7029663324356079
12_class-40,0,0.4855231046676636,1,0.9991334080696106,0.9769637584686279,1.0,0.990379273891449
12_class-40,1,0.4855286777019501,0,0.9991327524185181,0.9623079299926758,0.9807909604519774,0.9771895408630371
12_class-40,2,0.4523840546607971,0,0.9921801090240479,0.9007601737976074,0.16244143789132623,0.5490835905075073
12_class-40,3,0.4911860227584839,0,0.9981104731559753,0.9325622320175171,0.003799521857923497,0.9856670498847961
12_class-40,4,0.4802887439727783,0,0.997056245803833,0.9105361700057983,0.08639776052932943,0.8763715028762817
12_class-40,5,0.4825621247291565,0,0.9955244064331055,0.8925081491470337,0.49528676888131745,0.8714593052864075
13_class-36,0,0.4170200526714325,0,0.9936526417732239,0.9453880786895752,1.0,0.8484312295913696
13_class-36,1,0.8177680969238281,0,0.9969714879989624,0.9214146137237549,0.0075734267389297805,0.9638468027114868
13_class-36,2,0.4090014696121216,1,0.9945160746574402,0.9922958612442017,0.0,0.9876083135604858
13_class-36,3,0.40932542085647583,0,0.9945172071456909,0.9655904769897461,0.9884883098340175,0.9762423038482666
13_class-36,4,0.44561395049095154,0,0.9802365303039551,0.890082836151123,0.3961569673081382,0.5984361171722412
13_class-36,5,0.41877904534339905,0,0.9853955507278442,0.8761653304100037,0.37001020791919625,0.9144966006278992
14_class-28,0,0.33438023924827576,0,0.9318344593048096,0.954761266708374,1.0,0.8397623300552368
14_class-28,1,0.45744413137435913,1,0.9964910745620728,0.9528427124023438,0.21943813745630159,0.897026538848877
14_class-28,2,0.43126097321510315,0,0.9891070127487183,0.9798762798309326,0.11160962357735289,0.8965889811515808
14_class-28,3,0.4430984556674957,0,0.9953435063362122,0.9359934329986572,0.10107375852445989,0.8172028660774231
14_class-28,4,0.33665531873703003,0,0.9322450757026672,0.9002594947814941,0.2691397637442415,0.7281824350357056
14_class-28,5,0.35100919008255005,0,0.9327985048294067,0.9098842144012451,0.895255235895094,0.7511652112007141
15_class-72,0,0.44300732016563416,1,0.9955910444259644,0.9981026649475098,1.0,0.9932783842086792
15_class-72,1,0.4887283146381378,0,0.9967733025550842,0.958310604095459,0.6921175858480749,0.8877654075622559
15_class-72,2,0.43350017070770264,0,0.9946420788764954,0.9322072267532349,0.12396210075900362,0.898533046245575
15_class-72,3,0.5515921115875244,0,0.9762765169143677,0.85594642162323,0.35582072723856056,0.7114453911781311
15_class-72,4,0.602043867111206,0,0.9928311109542847,0.9706923961639404,0.7319089900110988,0.884049654006958
15_class-72,5,0.5670458078384399,0,0.9904583096504211,0.9205836057662964,0.7264201563046775,0.7283931374549866
16_class-52,0,0.24892765283584595,0,0.9768452048301697,0.9121221303939819,1.0,0.49004697799682617
16_class-52,1,0.21398067474365234,0,0.9867871403694153,0.9402420520782471,0.6096543504171633,0.7703413367271423
16_class-52,2,0.28725194931030273,0,0.9897751808166504,0.946039080619812,0.5226938965976311,0.8154686093330383
16_class-52,3,0.3197390139102936,0,0.9886866807937622,0.9930171966552734,0.8591138808792981,0.9661753177642822
16_class-52,4,0.28753361105918884,0,0.9742255210876465,0.9761636257171631,0.7656236932965366,0.9018064141273499
16_class-52,5,0.27884384989738464,1,0.9989690780639648,0.9733642339706421,0.1893758110408705,0.9664338827133179
17_class-32,0,0.41689151525497437,0,0.9344552755355835,0.9776526689529419,1.0,0.9828096032142639
17_class-32,1,0.4863184094429016,0,0.9878078699111938,0.9002140760421753,0.0,0.6001693606376648
17_class-32,2,0.41727352142333984,0,0.9281867742538452,0.9658104181289673,0.0,0.9714550971984863
17_class-32,3,0.41871020197868347,0,0.9330418109893799,0.9184396862983704,0.9650925947603775,0.9638601541519165
17_class-32,4,0.32749876379966736,1,0.9597454071044922,0.9641860723495483,0.428574405785322,0.8847999572753906
17_class-32,5,0.4164797067642212,0,0.9290556311607361,0.9721688032150269,0.4416032523715209,0.9842380881309509
18_class-72,0,0.26986345648765564,0,0.9699389934539795,0.9978114366531372,1.0,0.988778829574585
18_class-72,1,0.16500341892242432,0,0.9876413345336914,0.9823862314224243,0.28230520844586887,0.9415339231491089
18_class-72,2,0.11199381202459335,0,0.9761390089988708,0.979758620262146,0.7369420530999059,0.8410851359367371
18_class-72,3,0.16492974758148193,1,0.9873089790344238,0.9853415489196777,0.7374266308525743,0.9380894303321838
18_class-72,4,0.26983675360679626,0,0.9699005484580994,0.997154712677002,0.2828164009986557,0.9884699583053589
18_class-72,5,0.14946098625659943,0,0.9829215407371521,0.9764518737792969,0.007126470870441283,0.9522744417190552
19_class-12,0,0.7442216277122498,0,0.9944418668746948,0.9451104402542114,1.0,0.93867427110672
19_class-12,1,0.4341001808643341,0,0.9945316314697266,0.8659087419509888,0.002474455513129546,0.8786810636520386
19_class-12,2,0.4242520332336426,0,0.9976096749305725,0.9563742876052856,0.6242170052835122,0.9271281957626343
19_class-12,3,0.9745631217956543,1,0.9969325065612793,0.9464088678359985,0.0,0.994156002998352
19_class-12,4,0.5064094662666321,0,0.9933947920799255,0.9442514181137085,0.17489104456628707,0.8486418724060059
19_class-12,5,0.7006886601448059,0,0.989930272102356,0.9347705841064453,0.49259210698833095,0.8525353670120239
20_class-48,0,0.39393216371536255,0,0.9738555550575256,0.9439347982406616,1.0,0.6662070155143738
20_class-48,1,0.6506927013397217,0,0.9654127955436707,0.9421402215957642,0.49125787559547185,0.76897794008255
20_class-48,2,0.558184027671814,0,0.9530673623085022,0.8752127885818481,0.8024923583352928,0.523348331451416
20_class-48,3,0.6737664937973022,0,0.9508618712425232,0.9498941898345947,0.7933455610792507,0.728002667427063
20_class-48,4,0.791607141494751,0,0.79268479347229,0.9581148624420166,0.6432821604661587,0.793181300163269
20_class-48,5,0.2762821614742279,1,0.9761083126068115,0.9561144113540649,0.28812205759983917,0.8048169016838074
21_class-60,0,0.6010997295379639,0,0.963013231754303,0.9861531257629395,1.0,0.9267346262931824
21_class-60,1,0.54822838306427,0,0.9602243304252625,1.0009829998016357,0.8657011991398268,0.9542971849441528
21_class-60,2,0.5622402429580688,0,0.9583421945571899,0.9912769794464111,0.9509014551679863,0.9262599945068359
21_class-60,3,0.6870773434638977,0,0.9613611698150635,0.9752068519592285,0.7557094340390051,0.8773570656776428
21_class-60,4,0.544310450553894,1,0.9610767364501953,0.9976646900177002,0.7162302070645554,0.9584692716598511
21_class-60,5,0.5308995246887207,0,0.961082935333252,0.9900472164154053,0.9609969182052079,0.9409330487251282
22_class-4,0,0.9080527424812317,1,0.9962620139122009,0.9987795352935791,1.0,0.9922976493835449
22_class-4,1,0.9080513119697571,0,0.996264636516571,0.9984273910522461,0.9985337936905831,0.9919120073318481
22_class-4,2,0.907992959022522,0,0.9962543249130249,0.998487114906311,0.9993847318850868,0.9918042421340942
22_class-4,3,0.050838761031627655,0,0.8600313663482666,0.9780435562133789,0.07985837922895359,0.49741923809051514
22_class-4,4,0.9083019495010376,0,0.9962664246559143,0.9977989196777344,0.0798394661986322,0.9915937185287476
22_class-4,5,0.29833582043647766,0,0.8725841045379639,0.8923105001449585,0.02560359252808797,0.29409298300743103
23_class-60,0,0.3407736122608185,0,0.9488197565078735,0.963370680809021,1.0,0.7903189659118652
23_class-60,1,0.28567931056022644,0,0.9642913341522217,0.9917619228363037,0.8274772526150984,0.9335797429084778
23_class-60,2,0.3383653163909912,0,0.9482607841491699,0.9624077081680298,0.8279520426186866,0.7994838953018188
23_class-60,3,0.28437095880508423,1,0.9634184241294861,0.9980742931365967,0.816976862589806,0.9503874182701111
23_class-60,4,0.3412938117980957,0,0.9427748322486877,0.9601092338562012,0.8232489312726077,0.7571362257003784
23_class-60,5,0.29358333349227905,0,0.9653801918029785,0.9637672901153564,0.8496238043669311,0.8625780344009399
24_class-32,0,0.5239912271499634,0,0.9911398887634277,0.7337517738342285,1.0,0.5484728217124939
24_class-32,1,0.5130296349525452,0,0.9920048713684082,0.8799196481704712,0.04117439258939436,0.6569087505340576
24_class-32,2,0.4774008095264435,0,0.9952222108840942,0.9722933173179626,0.6106702533064335,0.860344409942627
24_class-32,3,0.49129557609558105,0,0.9937804937362671,0.9502744674682617,0.9412188315779998,0.9258475303649902
24_class-32,4,0.5372848510742188,0,0.9732382893562317,0.8730109930038452,0.1541665220560164,0.5401519536972046
24_class-32,5,0.9496780633926392,1,0.9990129470825195,0.9631398916244507,0.11414625792087686,0.9973424077033997
25_class-60,0,0.3692428767681122,0,0.9232436418533325,1.000517725944519,1.0,0.993388831615448
25_class-60,1,0.3692082464694977,0,0.9229871034622192,1.0009765625,0.9994992412746586,0.9934369921684265
25_class-60,2,0.36924102902412415,0,0.9237404465675354,1.0006108283996582,0.9995447578870696,0.993346631526947
25_class-60,3,0.3754572868347168,0,0.9205394983291626,0.992170512676239,0.9472965178056407,0.9827102422714233
25_class-60,4,0.36925971508026123,1,0.9239670634269714,1.0008940696716309,0.9474403352158863,0.9933740496635437
25_class-60,5,0.3700788617134094,0,0.9210381507873535,0.9916181564331055,0.9918321491467784,0.9904184937477112
26_class-52,0,0.3409680724143982,0,0.9746100306510925,0.9996240139007568,1.0,0.9790688157081604
26_class-52,1,0.3319813907146454,0,0.9736604690551758,0.9881874322891235,0.9222161341987692,0.9789689183235168
26_class-52,2,0.5290789604187012,0,0.9899848699569702,0.9532387256622314,0.13018385512258776,0.9105024933815002
26_class-52,3,0.5297318696975708,1,0.990985631942749,0.9658819437026978,0.973177691309987,0.922976016998291
26_class-52,4,0.3378956913948059,0,0.9749763011932373,0.9703617095947266,0.17184599156118144,0.9464405179023743
26_class-52,5,0.34083086252212524,0,0.9744065999984741,0.9969236850738525,0.9675972713491663,0.9799224138259888
27_class-24,0,0.46038931608200073,1,0.9965430498123169,1.008544683456421,1.0,0.9972325563430786
27_class-24,1,0.3741894066333771,0,0.9923315644264221,0.9861403703689575,0.2629253412164287,0.9651440382003784
27_class-24,2,0.37486210465431213,0,0.9923934936523438,0.9904389381408691,0.9936029063339125,0.9597333073616028
27_class-24,3,0.4603799879550934,0,0.9965707063674927,1.008408546447754,0.26274813259005414,0.9970976710319519
27_class-24,4,0.37459003925323486,0,0.9920691251754761,0.9927688837051392,0.26449464096857195,0.9591802954673767
27_class-24,5,0.4603818655014038,0,0.99648517370224,0.9940845370292664,0.26447885589809156,0.9947224855422974
28_class-64,0,0.3747621476650238,0,0.9836283922195435,0.9578818082809448,1.0,0.9439170360565186
28_class-64,1,0.3907301425933838,1,0.9850252866744995,0.9921464920043945,0.8558259174641721,0.9827826619148254
28_class-64,2,0.3882090449333191,0,0.9879196882247925,0.9743560552597046,0.9735049068334207,0.9668481945991516
28_class-64,3,0.39030721783638,0,0.9860008358955383,0.9145284295082092,0.9733825914579204,0.9441331624984741
28_class-64,4,0.35314053297042847,0,0.9898635149002075,0.9677175283432007,0.7126624876278456,0.9371780753135681
28_class-64,5,0.390677809715271,0,0.9840846657752991,0.9113740921020508,0.7063451207117306,0.9648880362510681
29_class-40,0,0.3671717643737793,0,0.9779644012451172,0.9985284805297852,1.0,0.9900512099266052
29_class-40,1,0.367778480052948,0,0.9802324175834656,0.9919220209121704,0.9955309099605405,0.9811263680458069
29_class-40,2,0.36770099401474,0,0.9781819581985474,1.0011826753616333,0.9944160840731149,0.9876867532730103
29_class-40,3,0.3681202530860901,0,0.9792285561561584,0.986406683921814,0.9956090396834912,0.9740471839904785
29_class-40,4,0.36620280146598816,0,0.9775394797325134,1.0014413595199585,0.9885850849067807,0.9916530251502991
29_class-40,5,0.36618417501449585,1,0.9775659441947937,1.0019813776016235,0.9993164120549248,0.9920851588249207
30_class-40,0,0.5357034206390381,1,0.9923577904701233,0.9778674840927124,1.0,0.9775141477584839
30_class-40,1,0.4744848906993866,0,0.9948031902313232,0.9566763639450073,0.31870869894919296,0.9777272343635559
30_class-40,2,0.4759320914745331,0,0.9957959055900574,0.9031530618667603,0.3839300310609776,0.9079054594039917
30_class-40,3,0.49931979179382324,0,0.9959102869033813,0.9041109085083008,0.1312608378779121,0.8542909026145935
30_class-40,4,0.4819444715976715,0,0.994993269443512,0.9116052389144897,0.3258998940541099,0.9173767566680908
30_class-40,5,0.39181405305862427,0,0.9839290380477905,0.9862492084503174,0.17404186301929683,0.9588801860809326
31_class-24,0,0.7986618280410767,0,0.9955140352249146,0.9873902797698975,1.0,0.9613451361656189
31_class-24,1,0.8777444362640381,0,0.9933779239654541,0.991121768951416,0.6698292220113852,0.9747219085693359
31_class-24,2,0.7386270761489868,0,0.9950073957443237,0.9667320251464844,0.6613257160152851,0.921758234500885
31_class-24,3,0.8239988088607788,1,0.9924347400665283,1.0070582628250122,0.758917432594139,0.993253767490387
31_class-24,4,0.8006898164749146,0,0.9952445030212402,0.9741082191467285,0.9256441345862383,0.9400998950004578
31_class-24,5,0.7973505258560181,0,0.9940283298492432,0.9673765897750854,0.8872275576513888,0.9518083930015564
32_class-28,0,0.5327954292297363,0,0.9988855123519897,0.8690593838691711,1.0,0.8399856090545654
32_class-28,1,0.46376413106918335,1,0.9979500770568848,0.9628814458847046,0.479572140903973,0.9833555221557617
32_class-28,2,0.4562841057777405,0,0.9957077503204346,0.9402347803115845,0.3834045729018251,0.823377788066864
32_class-28,3,0.634309709072113,0,0.9975709915161133,0.9469650983810425,0.13949897048730267,0.8961425423622131
32_class-28,4,0.7037904858589172,0,0.998498260974884,0.9743304252624512,0.4612897129538248,0.9367082118988037
32_class-28,5,0.781073808670044,0,0.9986048936843872,0.9530230760574341,0.7365224243220172,0.8818864226341248
33_class-16,0,0.34777358174324036,1,0.9784094095230103,1.0027143955230713,1.0,0.9829164743423462
33_class-16,1,0.34826740622520447,0,0.9786651134490967,0.973374605178833,0.993190773745734,0.949492335319519
33_class-16,2,0.4907132089138031,0,0.9830488562583923,0.9905930757522583,0.7444495635607467,0.9379803538322449
33_class-16,3,0.34770649671554565,0,0.97878098487854,0.9795401096343994,0.7454807668398936,0.9647465944290161
33_class-16,4,0.3472481071949005,0,0.9782312512397766,0.9947299957275391,0.9932724020806327,0.9775281548500061
33_class-16,5,0.4884895980358124,0,0.9823178052902222,0.9926797151565552,0.7490297221223357,0.9459958672523499
34_class-52,0,0.7802407741546631,0,0.9940779209136963,0.9779905080795288,1.0,0.9645201563835144
34_class-52,1,0.6431823372840881,0,0.9921717643737793,0.9428459405899048,0.5557044470067625,0.8678905963897705
34_class-52,2,0.5811681747436523,0,0.9891718029975891,0.9362571239471436,0.20652101733182815,0.9063812494277954
34_class-52,3,0.5941301584243774,0,0.9918317794799805,0.9544789791107178,0.16951488982140323,0.9075672030448914
34_class-52,4,0.437232106924057,0,0.9929891228675842,0.9284155368804932,0.029265936896329683,0.9216116070747375
34_class-52,5,0.6994779706001282,1,0.9924030303955078,0.9958212375640869,0.05586927032398498,0.9785133004188538
35_class-76,0,0.5189785957336426,1,0.9943339228630066,0.9691283702850342,1.0,0.9223626852035522
35_class-76,1,0.4988809823989868,0,0.9846047163009644,0.9402244091033936,0.9013894796540479,0.8862696290016174
35_class-76,2,0.508541464805603,0,0.9770527482032776,0.7137780785560608,0.5471114284742766,0.5427881479263306
35_class-76,3,0.5108206868171692,0,0.9875728487968445,0.9250756502151489,0.5564883179933245,0.8603529334068298
35_class-76,4,0.4496708810329437,0,0.9947345852851868,0.9340118169784546,0.7790879644793828,0.9168576598167419
35_class-76,5,0.5256538391113281,0,0.9925817251205444,0.8776054382324219,0.7558234067371249,0.812363862991333
36_class-76,0,0.5266439914703369,0,0.9693304896354675,1.0069712400436401,1.0,0.9899953007698059
36_class-76,1,0.5266006588935852,0,0.9692797660827637,1.0070335865020752,0.999179543279092,0.9900841116905212
36_class-76,2,0.5265769362449646,0,0.9694716930389404,1.0070114135742188,0.9989607832412624,0.9899006485939026
36_class-76,3,0.5267680287361145,0,0.9693894386291504,1.0065670013427734,0.9987143365155784,0.9898198246955872
36_class-76,4,0.5267121195793152,0,0.9693199992179871,1.007218599319458,0.9986874487284659,0.9901758432388306
36_class-76,5,0.45855623483657837,1,0.9782426357269287,1.0038597583770752,0.6405546109484829,0.983015239238739
37_class-36,0,0.8578408360481262,0,0.999031126499176,0.9919430017471313,1.0,0.9875319600105286
37_class-36,1,0.6109108924865723,0,0.9902685880661011,0.9251867532730103,0.3557796642624625,0.9374083280563354
37_class-36,2,0.8629368543624878,0,0.9990160465240479,0.927884042263031,0.34873361333842434,0.9760951995849609
37_class-36,3,0.5201740264892578,0,0.9896305203437805,0.8752524852752686,0.16718867451766475,0.665619432926178
37_class-36,4,0.7599168419837952,1,0.9979690313339233,0.9987493753433228,0.15212959391702022,0.9880998730659485
37_class-36,5,0.4728156328201294,0,0.9797285795211792,0.8645079135894775,0.13913310790039962,0.929722011089325
38_class-60,0,0.26953160762786865,0,0.9905165433883667,0.9997854232788086,1.0,0.9877170324325562
38_class-60,1,0.30412083864212036,0,0.9700626730918884,0.9085468053817749,0.7885318731273891,0.8998663425445557
38_class-60,2,0.26950937509536743,1,0.9905453324317932,0.9997308254241943,0.7884329283411852,0.9876406192779541
38_class-60,3,0.2694958448410034,0,0.9902120232582092,0.9999161958694458,0.9984817548819434,0.9872398376464844
38_class-60,4,0.2904565930366516,0,0.98228520154953,0.9181486368179321,0.8583393371757925,0.9169371128082275
38_class-60,5,0.26947155594825745,0,0.9900394082069397,0.9990427494049072,0.8579693831607385,0.9872753024101257
39_class-48,0,0.8583186864852905,0,0.9920337200164795,0.9781637191772461,1.0,0.917678952217102
39_class-48,1,0.9083638191223145,0,0.9916929006576538,0.9831252098083496,0.9132022348334873,0.9383838772773743
39_class-48,2,0.5893164873123169,1,0.9890086650848389,0.9988809823989868,0.45866538225764075,0.9852026700973511
39_class-48,3,0.9061425924301147,0,0.9919293522834778,0.9858951568603516,0.4502424935970792,0.9409672021865845
39_class-48,4,0.8418571949005127,0,0.98787522315979,0.9621397256851196,0.8327874328449612,0.8979164361953735
39_class-48,5,0.9080922603607178,0,0.9925565719604492,0.9816988706588745,0.8290681592455422,0.9276524186134338
40_class-64,0,0.5932077765464783,0,0.9980294704437256,0.9778299331665039,1.0,0.9857454299926758
40_class-64,1,0.4694324731826782,0,0.9823538661003113,0.8509758114814758,0.317003287928605,0.8161091804504395
40_class-64,2,0.4318193793296814,0,0.9898001551628113,0.9532269239425659,0.16107280083462683,0.8937253952026367
40_class-64,3,0.2936953008174896,0,0.9643145203590393,0.9759767055511475,0.28786386769618716,0.9267863035202026
40_class-64,4,0.4793253540992737,1,0.9991022348403931,0.9750127792358398,0.04378756509763505,0.9906373023986816
40_class-64,5,0.5614089369773865,0,0.9939939975738525,0.9763394594192505,0.3741095679803208,0.9682692885398865
41_class-12,0,0.3812139332294464,0,0.9938662648200989,0.9292832612991333,1.0,0.8764488101005554
41_class-12,1,0.4969078302383423,0,0.9847065806388855,0.8852872848510742,0.3875569645333862,0.7634335160255432
41_class-12,2,0.5622291564941406,0,0.9803131818771362,0.9361114501953125,0.74852526288792,0.7907031774520874
41_class-12,3,0.366197794675827,1,0.996264636516571,0.9517773389816284,0.2408096538966207,0.9616721272468567
41_class-12,4,0.5354769825935364,0,0.9828449487686157,0.9528065919876099,0.010299839780270085,0.743109941482544
41_class-12,5,0.4802556037902832,0,0.9870246648788452,0.8975656032562256,0.13746597223085433,0.7723596096038818
42_class-36,0,0.20345169305801392,0,0.8681586980819702,0.9671980142593384,1.0,0.9395834803581238
42_class-36,1,0.20281192660331726,0,0.870425283908844,1.0098685026168823,0.9960648870850245,0.9765283465385437
42_class-36,2,0.2014298439025879,0,0.867081880569458,1.0121499300003052,0.9944652671236868,0.9823583364486694
42_class-36,3,0.20115886628627777,0,0.8657914400100708,1.01436448097229,0.9988619610480304,0.9834542274475098
42_class-36,4,0.20308361947536469,0,0.8723757266998291,1.0088661909103394,0.9923699661174766,0.9750936627388
42_class-36,5,0.2029961496591568,1,0.8723219037055969,1.009602665901184,0.9995701165895916,0.9750558733940125
43_class-44,0,0.4322833716869354,0,0.9978317618370056,1.0050708055496216,1.0,0.9939689040184021
43_class-44,1,0.457022100687027,0,0.9975503087043762,0.9837635159492493,0.4794499500652992,0.9954659342765808
43_class-44,2,0.4322330355644226,1,0.9977806210517883,1.008287787437439,0.4797481475793757,0.9946385622024536
43_class-44,3,0.35023120045661926,0,0.987809419631958,0.9675521850585938,0.3343862697096528,0.9114952087402344
43_class-44,4,0.5768377184867859,0,0.9970515966415405,0.974335789680481,0.165836566136904,0.9771726727485657
43_class-44,5,0.6646618247032166,0,0.995887815952301,0.9962695837020874,0.8215944991637242,0.9915854334831238
44_class-32,0,0.40855324268341064,0,0.9867271184921265,0.9558509588241577,1.0,0.9057307839393616
44_class-32,1,0.44439542293548584,0,0.9906639456748962,0.9572389125823975,0.6068005426201437,0.8267386555671692
44_class-32,2,0.9657326936721802,0,0.9996192455291748,1.0030333995819092,0.006313805559918329,0.9969406723976135
44_class-32,3,0.9659545421600342,1,0.9996212124824524,1.0057293176651,0.9977787649933363,0.9973161816596985
44_class-32,4,0.9654370546340942,0,0.999614953994751,0.9871189594268799,0.9966725820763088,0.9966968894004822
44_class-32,5,0.40669551491737366,0,0.9869827032089233,0.9159836769104004,5.974072525240457e-05,0.8983014225959778
45_class-56,0,0.4209635853767395,0,0.9847254157066345,0.98473060131073,1.0,0.9714745283126831
45_class-56,1,0.4438384175300598,0,0.9815030097961426,1.0102978944778442,0.5854412308105748,0.9955470561981201
45_class-56,2,0.4437154233455658,1,0.9814882278442383,1.0111087560653687,0.9962272779238596,0.9989128708839417
45_class-56,3,0.44373220205307007,0,0.9814704656600952,1.0100351572036743,0.9994855378987081,0.9980440139770508
45_class-56,4,0.44373220205307007,0,0.9815987944602966,1.0071693658828735,0.9996569075937786,0.9958601593971252
45_class-56,5,0.44370052218437195,0,0.9815294742584229,1.0052940845489502,0.999028682436293,0.9978044033050537
46_class-4,0,0.0006638119230046868,0,0.9730580449104309,1.0103132724761963,1.0,0.7889435887336731
46_class-4,1,0.0007568039000034332,0,0.9730088710784912,1.002772331237793,0.9990118688878245,0.9645222425460815
46_class-4,2,0.0007530629518441856,0,0.9730143547058105,1.0031819343566895,0.9999848991071597,0.9657344222068787
46_class-4,3,0.0007586680585518479,0,0.9730087518692017,1.0042920112609863,0.9999811238839497,0.9644419550895691
46_class-4,4,0.000756808090955019,1,0.9730080366134644,1.004407286643982,0.9999811240977319,0.9659457802772522
46_class-4,5,0.0007568204891867936,0,0.9730300903320312,1.0044971704483032,0.9999773493448298,0.9653847813606262
47_class-24,0,0.548679530620575,0,0.9891276359558105,0.9731996059417725,1.0,0.9622724652290344
47_class-24,1,0.5554491281509399,0,0.9911689758300781,0.9305662512779236,0.4043675231825582,0.9033105969429016
47_class-24,2,0.5641874074935913,1,0.9912688732147217,0.9956945180892944,0.864324682608474,0.9744466543197632
47_class-24,3,0.5519601702690125,0,0.9892657995223999,0.9766634702682495,0.8265356025039123,0.9561421871185303
47_class-24,4,0.5169698596000671,0,0.9899301528930664,0.9755789041519165,0.5967598301137143,0.9291411638259888
47_class-24,5,0.49159297347068787,0,0.9891576766967773,0.9863007068634033,0.7728304110800059,0.9419032335281372
48_class-64,0,0.5768570899963379,0,0.9897177219390869,0.8243335485458374,1.0,0.8246533870697021
48_class-64,1,0.43750202655792236,0,0.9852083921432495,0.882722020149231,0.09277843099723825,0.6296337842941284
48_class-64,2,0.5173994302749634,0,0.9926146268844604,0.861182689666748,0.09981251923776478,0.8577736020088196
48_class-64,3,0.46066662669181824,1,0.9927768707275391,0.9199495315551758,0.07929250391048008,0.8052193522453308
48_class-64,4,0.48317286372184753,0,0.9878960847854614,0.7461645007133484,0.20851772334925295,0.7313801050186157
48_class-64,5,0.5127933621406555,0,0.9919899702072144,0.8265253305435181,0.050544069640914034,0.7999865412712097
49_class-36,0,0.3067169487476349,0,0.9331850409507751,0.9802161455154419,1.0,0.9507432579994202
49_class-36,1,0.28662970662117004,0,0.9173417687416077,0.9686756134033203,0.8968014053485283,0.9298784136772156
49_class-36,2,0.31647437810897827,0,0.9497020840644836,0.9567443132400513,0.8530481321646518,0.914274275302887
49_class-36,3,0.89495849609375,1,0.9976328611373901,0.9507266283035278,3.033673778946304e-05,0.9742992520332336
49_class-36,4,0.31074804067611694,0,0.9343467950820923,0.9552140235900879,0.0009959964847182892,0.9305910468101501
49_class-36,5,0.31558337807655334,0,0.9362449049949646,0.9682321548461914,0.9655099513756757,0.9487242102622986
50_class-60,0,0.2993936538696289,0,0.8947503566741943,0.9634469747543335,1.0,0.9568773508071899
50_class-60,1,0.2991308867931366,0,0.8985773921012878,0.991466760635376,0.9910144181256436,0.9847007393836975
50_class-60,2,0.2969413697719574,0,0.9048048257827759,0.9853770732879639,0.96972049689441,0.9760732054710388
50_class-60,3,0.29058152437210083,0,0.8939496278762817,0.9655170440673828,0.524618089899989,0.7937467694282532
50_class-60,4,0.29917189478874207,1,0.9024638533592224,0.9923528432846069,0.5363784482274285,0.9848459959030151
50_class-60,5,0.2969246208667755,0,0.9020922780036926,0.9689944982528687,0.9672270589412589,0.9706626534461975
51_class-16,0,0.4345623254776001,1,0.9928494095802307,0.9705337285995483,1.0,0.9520429372787476
51_class-16,1,0.4780503213405609,0,0.9923129081726074,0.9484014511108398,0.8364222891749596,0.9100417494773865
51_class-16,2,0.4543238878250122,0,0.991234540939331,0.9609556198120117,0.3644793152639087,0.9173310399055481
51_class-16,3,0.4026452898979187,0,0.9546462893486023,0.8333677053451538,0.2140333502850566,0.45095306634902954
51_class-16,4,0.42898324131965637,0,0.9932768940925598,0.9636785984039307,0.29730872549995024,0.9557974338531494
51_class-16,5,0.43804505467414856,0,0.9929389953613281,0.9603919982910156,0.8400535634578188,0.9360751509666443
52_class-76,0,0.697521984577179,1,0.9978829026222229,0.9932671785354614,1.0,0.98666912317276
52_class-76,1,0.6849984526634216,0,0.9961075782775879,0.9862931966781616,0.35734352691935706,0.9447600245475769
52_class-76,2,0.5520366430282593,0,0.9940841794013977,0.9683961868286133,0.6681287371834523,0.9562413692474365
52_class-76,3,0.5307884216308594,0,0.9945431351661682,0.9887162446975708,0.912237638591309,0.9670357704162598
52_class-76,4,0.689326822757721,0,0.9957202672958374,0.9979226589202881,0.5873440792846158,0.976395845413208
52_class-76,5,0.5310503244400024,0,0.9945617318153381,0.9868327379226685,0.5881224598321115,0.9658443927764893
53_class-0,0,0.3265829384326935,0,0.7950564622879028,0.9497621059417725,1.0,0.9201865196228027
53_class-0,1,0.4785103499889374,1,0.9932060837745667,0.9819326996803284,0.003633311731772355,0.9923883676528931
53_class-0,2,0.3288729190826416,0,0.7916010618209839,0.9559149742126465,0.0031417781173002225,0.9284138679504395
53_class-0,3,0.3357899487018585,0,0.8063379526138306,0.9441840648651123,0.9367409369007397,0.9127234816551208
53_class-0,4,0.3146103322505951,0,0.7911890149116516,0.9477267265319824,0.8560020095663733,0.8683737516403198
53_class-0,5,0.3255877196788788,0,0.7949495315551758,0.9451826810836792,0.8789881588685141,0.9133214950561523
54_class-52,0,0.6078398823738098,0,0.9963151812553406,0.9846965074539185,1.0,0.9354345798492432
54_class-52,1,0.8166111707687378,0,0.9891167879104614,1.000418782234192,0.5942281916675974,0.9731432199478149
54_class-52,2,0.5007394552230835,1,0.9969525337219238,0.9990506172180176,0.3670817391304348,0.9895368218421936
54_class-52,3,0.5523617267608643,0,0.9971014261245728,0.9860521554946899,0.7747941698426091,0.964389443397522
54_class-52,4,0.5012001395225525,0,0.9969949722290039,0.9894804954528809,0.7756359936037215,0.9852445125579834
54_class-52,5,0.874900758266449,0,0.9872510433197021,0.9911097288131714,0.3380592869407131,0.9398794174194336
55_class-28,0,0.8700025081634521,0,0.942927360534668,1.0025253295898438,1.0,0.9771437644958496
55_class-28,1,0.6698799133300781,1,0.9769210815429688,0.9844419956207275,0.7352132049518569,0.8876267075538635
55_class-28,2,0.8670164942741394,0,0.9395257234573364,0.9959738254547119,0.7331504457883908,0.9814944863319397
55_class-28,3,0.8701595067977905,0,0.9429031014442444,1.0022573471069336,0.9934238732072966,0.9770731329917908
55_class-28,4,0.8690953254699707,0,0.9397333860397339,1.0022869110107422,0.9944310864218003,0.9867570996284485
55_class-28,5,0.7233315706253052,0,0.9695119857788086,0.980247974395752,0.8081972196888041,0.8666847348213196
56_class-76,0,0.3161311149597168,0,0.8916473984718323,0.9395380020141602,1.0,0.724072277545929
56_class-76,1,0.2233704775571823,1,0.9576493501663208,0.9571589231491089,0.7170517897150003,0.8957034349441528
56_class-76,2,0.5574362277984619,0,0.9660188555717468,0.9105795621871948,0.2897837294102854,0.6744470596313477
56_class-76,3,0.3592541217803955,0,0.8999583125114441,0.9512608051300049,0.5482315317381444,0.6982190012931824
56_class-76,4,0.2895326018333435,0,0.9260496497154236,0.9467713832855225,0.846341108701288,0.7457611560821533
56_class-76,5,0.5617451667785645,0,0.9829564690589905,0.880277156829834,0.35461536895121604,0.6829653382301331
57_class-60,0,0.6959894895553589,0,0.8480579257011414,0.9606151580810547,1.0,0.9279568195343018
57_class-60,1,0.7207959890365601,0,0.8438859581947327,0.952867865562439,0.6785596843143703,0.9212326407432556
57_class-60,2,0.72197425365448,1,0.8507677316665649,0.9975103139877319,0.9706950594556943,0.9728003740310669
57_class-60,3,0.7739421129226685,0,0.8269901275634766,0.9263699054718018,0.8387428256347277,0.9607834815979004
57_class-60,4,0.7208669185638428,0,0.849006175994873,0.9962060451507568,0.8378778377022451,0.9685786962509155
57_class-60,5,0.744593620300293,0,0.8353314995765686,0.9096585512161255,0.7720183813900331,0.8676919937133789
58_class-20,0,0.9049513936042786,0,0.9848695993423462,0.9995326995849609,1.0,0.9882743954658508
58_class-20,1,0.8985785245895386,0,0.9833558797836304,0.9891529083251953,0.98117578067732,0.9785976409912109
58_class-20,2,0.8149251937866211,0,0.9728443622589111,0.9622969627380371,0.7940178699412299,0.903342604637146
58_class-20,3,0.9018363952636719,0,0.9845375418663025,0.9918208122253418,0.7866971385040232,0.9753397703170776
58_class-20,4,0.7645012140274048,0,0.9786683917045593,0.991442084312439,0.6747463128055544,0.9482032656669617
58_class-20,5,0.9049011468887329,1,0.9848674535751343,1.0006399154663086,0.6728908886389201,0.9885685443878174
59_class-76,0,0.517098069190979,0,0.9940060377120972,0.9375900030136108,1.0,0.8649849891662598
59_class-76,1,0.6412588953971863,0,0.9921517372131348,0.9507583379745483,0.3916036534135567,0.9302955865859985
59_class-76,2,0.5618740916252136,0,0.9972288012504578,0.9831928014755249,0.5781452794640988,0.9778459072113037
59_class-76,3,0.651753842830658,0,0.9914065599441528,0.9238736629486084,0.536745510639981,0.8126600980758667
59_class-76,4,0.5628913640975952,0,0.9972365498542786,0.9796991348266602,0.5393630874866817,0.9736716151237488
59_class-76,5,0.5602456331253052,1,0.997256338596344,0.983507513999939,0.9779296596895913,0.9803532361984253
60_class-56,0,0.38048961758613586,0,0.9426488280296326,1.0037728548049927,1.0,0.9864521622657776
60_class-56,1,0.3221031427383423,0,0.884874701499939,0.9795308113098145,0.638015688720988,0.9604781866073608
60_class-56,2,0.38069647550582886,0,0.9437687993049622,1.0029704570770264,0.6367333264016451,0.9853255748748779
60_class-56,3,0.37990638613700867,0,0.942367434501648,1.0031265020370483,0.9921146437187196,0.9879040122032166
60_class-56,4,0.3796399235725403,0,0.9391226768493652,1.006152868270874,0.996893908109952,0.9882441163063049
60_class-56,5,0.38033124804496765,1,0.9437484741210938,1.0028142929077148,0.992871891552204,0.9871901869773865
61_class-60,0,0.4203072190284729,0,0.991304874420166,0.9882138967514038,1.0,0.9774942398071289
61_class-60,1,0.37017443776130676,0,0.9918887615203857,1.004175066947937,0.49784015241544527,0.9906931519508362
61_class-60,2,0.3960950970649719,0,0.9929372072219849,0.9887987375259399,0.9267839943962876,0.9818949103355408
61_class-60,3,0.3705032467842102,0,0.9921720623970032,0.99306321144104,0.9283314669652856,0.9884675145149231
61_class-60,4,0.3951040506362915,0,0.9930340647697449,0.9601016044616699,0.9217104339278192,0.9394329786300659
61_class-60,5,0.37015092372894287,1,0.9918920993804932,1.0051175355911255,0.9214231722537662,0.9907631278038025
62_class-32,0,0.5435335636138916,0,0.9856950044631958,0.9896193742752075,1.0,0.9798623323440552
62_class-32,1,0.9239257574081421,0,0.9995264410972595,0.9818069934844971,0.16914166267473763,0.9843371510505676
62_class-32,2,0.6494264602661133,0,0.9909862279891968,0.9228004217147827,0.3465449804432855,0.8032552599906921
62_class-32,3,0.8293759822845459,0,0.9993000030517578,0.9284841418266296,0.463679327848766,0.9843177795410156
62_class-32,4,0.5167409777641296,0,0.9799582362174988,0.9500725269317627,0.12997820487418268,0.9380080699920654
62_class-32,5,0.8283973932266235,1,0.9993869662284851,0.9962112903594971,0.13011189226656106,0.993913471698761
63_class-36,0,0.4729394316673279,0,0.99333655834198,0.9565374851226807,1.0,0.950804591178894
63_class-36,1,0.5377157926559448,0,0.9967001080513,0.8843657970428467,0.2149561005146836,0.8825168609619141
63_class-36,2,0.4965159595012665,0,0.9980084896087646,0.9526375532150269,0.09648751586965722,0.9460816383361816
63_class-36,3,0.5279504656791687,0,0.9977749586105347,0.952703595161438,0.6598598193826661,0.949974536895752
63_class-36,4,0.5110473036766052,1,0.997459352016449,0.9720081090927124,0.9295333542123395,0.9673709273338318
63_class-36,5,0.4830695390701294,0,0.9987843036651611,0.9584214687347412,0.9019478375701552,0.967993974685669
64_class-52,0,0.966947078704834,0,0.9953870177268982,1.0084216594696045,1.0,0.9911103248596191
64_class-52,1,0.9667840003967285,0,0.9952014088630676,1.0064669847488403,0.9984013006367701,0.9900500178337097
64_class-52,2,0.9669796228408813,0,0.995485246181488,1.0084294080734253,0.9986180734317843,0.9912941455841064
64_class-52,3,0.9669079184532166,0,0.9953932762145996,1.0077894926071167,0.998943261258332,0.9912882447242737
64_class-52,4,0.9671803712844849,0,0.9953035116195679,1.0092836618423462,0.9986999268708865,0.9917672872543335
64_class-52,5,0.9670709371566772,1,0.9955661296844482,1.008517861366272,0.9991060060141413,0.9915631413459778
65_class-12,0,0.0028603551909327507,0,0.9405210018157959,1.0053925514221191,1.0,0.9863858819007874
65_class-12,1,0.0027840498369187117,0,0.9399932622909546,1.0040817260742188,0.9996258689495365,0.9831973910331726
65_class-12,2,0.002849193988367915,0,0.9403212070465088,1.0044552087783813,0.9996821718524955,0.9860501289367676
65_class-12,3,0.0027840605471283197,0,0.9399548172950745,1.0040676593780518,0.9996741255702802,0.9833544492721558
65_class-12,4,0.0028752146754413843,0,0.9404625296592712,1.00546395778656,0.9995293606545507,0.9866619110107422
65_class-12,5,0.0028584750834852457,1,0.9406747221946716,1.0050541162490845,0.9999074815264744,0.9862838983535767
66_class-24,0,0.449762225151062,1,0.9954216480255127,0.9890036582946777,1.0,0.9772459864616394
66_class-24,1,0.3752254843711853,0,0.8330264687538147,0.9180048704147339,0.20804805309362792,0.8108838200569153
66_class-24,2,0.44984421133995056,0,0.995444655418396,0.9861656427383423,0.20817630329097608,0.9751842021942139
66_class-24,3,0.4469987750053406,0,0.9961352348327637,0.959028959274292,0.9331955922865014,0.9607389569282532
66_class-24,4,0.4522722661495209,0,0.9960362911224365,0.971954345703125,0.8415393771077168,0.9632876515388489
66_class-24,5,0.43684688210487366,0,0.9913605451583862,0.9083046913146973,0.5840689044317522,0.8045355081558228
67_class-56,0,0.40760424733161926,1,0.985016942024231,0.9956631660461426,1.0,0.9844790697097778
67_class-56,1,0.40794336795806885,0,0.9734100103378296,0.9822542667388916,0.9919335323062031,0.9821423292160034
67_class-56,2,0.4074719250202179,0,0.9774957895278931,0.9993420839309692,0.9907914518900344,0.9840037226676941
67_class-56,3,0.4080849885940552,0,0.9838213324546814,0.9847524166107178,0.9896057155135367,0.9799155592918396
67_class-56,4,0.40794336795806885,0,0.9775134325027466,0.9929068088531494,0.9888466822920876,0.9815372228622437
67_class-56,5,0.40951982140541077,0,0.982894778251648,0.9511159658432007,0.9411702184195143,0.9379469156265259
68_class-0,0,0.3089548349380493,0,0.955824077129364,0.9980601072311401,1.0,0.9903227090835571
68_class-0,1,0.3181820809841156,1,0.9551875591278076,1.0060734748840332,0.94434837772298,0.9874058961868286
68_class-0,2,0.31870871782302856,0,0.9537980556488037,1.0022916793823242,0.9968987054526594,0.9914307594299316
68_class-0,3,0.31816717982292175,0,0.954894483089447,1.0043410062789917,0.9968125337655321,0.9868307709693909
68_class-0,4,0.32059934735298157,0,0.9549899697303772,0.992332398891449,0.9858022690437601,0.9837875366210938
68_class-0,5,0.3205844461917877,0,0.955376148223877,0.9908581376075745,0.999583602713157,0.9842597246170044
69_class-36,0,0.4727695882320404,0,0.9805520176887512,0.8199083805084229,1.0,0.5940297842025757
69_class-36,1,0.46246668696403503,0,0.9825297594070435,0.8689494132995605,0.5686395650562214,0.5943962931632996
69_class-36,2,0.5747628808021545,0,0.9834257960319519,0.9052462577819824,0.2777921741383778,0.6745362877845764
69_class-36,3,0.47908738255500793,0,0.982262372970581,0.8476781845092773,0.14172190418800842,0.5831424593925476
69_class-36,4,0.47181522846221924,0,0.9875584840774536,0.8796194791793823,0.5903971119133574,0.6389626264572144
69_class-36,5,0.908288836479187,1,0.9964104890823364,0.9336258172988892,0.002884674400049101,0.9621086716651917
70_class-0,0,0.23979033529758453,0,0.9440970420837402,1.0107320547103882,1.0,0.9909922480583191
70_class-0,1,0.2398667335510254,1,0.9441449642181396,1.010893702507019,0.9996939064996342,0.9910784363746643
70_class-0,2,0.24176928400993347,0,0.9439930319786072,0.9875137805938721,0.9923603124579929,0.9458415508270264
70_class-0,3,0.23978100717067719,0,0.9437960982322693,1.0108859539031982,0.9920195293836598,0.9909896850585938
70_class-0,4,0.2396729290485382,0,0.9439204931259155,1.0107864141464233,0.9995671932482146,0.99104243516922
70_class-0,5,0.23979033529758453,0,0.9438775777816772,1.0105299949645996,0.9995298823213367,0.9909209609031677
71_class-32,0,0.4694858193397522,0,0.9787653684616089,0.8972809314727783,1.0,0.5739951729774475
71_class-32,1,0.4995948374271393,1,0.9941017627716064,0.9393377304077148,0.03653721332756382,0.9592145681381226
71_class-32,2,0.38024094700813293,0,0.9482994079589844,0.9794862270355225,0.12505038742329913,0.9360905885696411
71_class-32,3,0.5413244962692261,0,0.9920864105224609,0.8846091032028198,0.11928825412750638,0.9292076826095581
71_class-32,4,0.4275090992450714,0,0.9550004005432129,0.9110045433044434,0.1978297371124978,0.6807872653007507
71_class-32,5,0.4673621654510498,0,0.9775398969650269,0.9259417057037354,0.3565954252755501,0.7996060252189636
72_class-72,0,0.4723314642906189,0,0.9413738250732422,0.8761836290359497,1.0,0.569663405418396
72_class-72,1,0.6143186092376709,0,0.9221468567848206,0.9563603401184082,0.12219925392639057,0.8319108486175537
72_class-72,2,0.30271610617637634,0,0.8950769901275635,0.943400502204895,0.17674121524049322,0.6331949830055237
72_class-72,3,0.3162538707256317,0,0.9062471389770508,0.9866901636123657,0.8922243176590057,0.9556547999382019
72_class-72,4,0.23916412889957428,0,0.8858997821807861,0.9467607736587524,0.6648488386383188,0.5649184584617615
72_class-72,5,0.4328666031360626,1,0.9200530052185059,0.9814804792404175,0.18430149487624636,0.9659488797187805
73_class-32,0,0.7262892723083496,0,0.9967164397239685,0.9547635316848755,1.0,0.9500106573104858
73_class-32,1,0.9531773328781128,1,0.9975839853286743,1.0026665925979614,0.5156677346253028,0.9971376061439514
73_class-32,2,0.6497384309768677,0,0.994042694568634,0.9338630437850952,0.3698935518029315,0.7267999649047852
73_class-32,3,0.6318040490150452,0,0.9935710430145264,0.9142433404922485,0.1943728813559322,0.9129270315170288
73_class-32,4,0.9530671834945679,0,0.997570276260376,0.9707158207893372,0.31607808729984643,0.9964125752449036
73_class-32,5,0.595794677734375,0,0.9954403638839722,0.9305121898651123,0.27450009007386056,0.8212416172027588
74_class-20,0,0.8959369659423828,0,0.9587801694869995,1.0079389810562134,1.0,0.9793943166732788
74_class-20,1,0.896191418170929,0,0.9587972164154053,1.008232831954956,0.9988736624741881,0.9788968563079834
74_class-20,2,0.895931601524353,0,0.9589738249778748,1.008352518081665,0.9988412739513206,0.9790595173835754
74_class-20,3,0.8954876661300659,1,0.9591925740242004,1.0082833766937256,0.999339822917206,0.9787648320198059
74_class-20,4,0.896451473236084,0,0.958620011806488,1.0082495212554932,0.9982784508646577,0.9789135456085205
74_class-20,5,0.8962198495864868,0,0.958646297454834,1.00850248336792,0.9988151888899679,0.978813648223877
75_class-24,0,0.3955093324184418,0,0.9869951605796814,0.9417599439620972,1.0,0.6207593679428101
75_class-24,1,0.4628639221191406,1,0.9976169466972351,0.971207857131958,0.24001517162905367,0.9806990623474121
75_class-24,2,0.45831531286239624,0,0.9845150709152222,0.9122273921966553,0.19978016979987873,0.4682350158691406
75_class-24,3,0.46585842967033386,0,0.9975298047065735,0.9339090585708618,0.22981213931977243,0.906788170337677
75_class-24,4,0.4537443518638611,0,0.9964320063591003,0.953058123588562,0.6666324803856213,0.9476015567779541
75_class-24,5,0.45884042978286743,0,0.9871603846549988,0.8260784149169922,0.550972256122366,0.7399114966392517
76_class-0,0,0.1902475506067276,0,0.9365099668502808,1.0034550428390503,1.0,0.9802438616752625
76_class-0,1,0.24330182373523712,0,0.9237552881240845,0.9754175543785095,0.8220793006556354,0.8450538516044617
76_class-0,2,0.19017113745212555,0,0.9365782737731934,0.9944543838500977,0.8218989949435046,0.9702962636947632
76_class-0,3,0.1900835484266281,1,0.9364588260650635,1.004586935043335,0.9988147741520956,0.9808139801025391
76_class-0,4,0.15019775927066803,0,0.9365242719650269,0.9825525283813477,0.8739527882014138,0.9587805867195129
76_class-0,5,0.19056622684001923,0,0.9361765384674072,0.9813051223754883,0.8725237804345929,0.9649325013160706
77_class-0,0,0.9251551032066345,0,0.9660248756408691,0.9378814697265625,1.0,0.9768519997596741
77_class-0,1,0.4049330949783325,1,0.9958827495574951,0.9337655305862427,0.1505815847264398,0.8770039081573486
77_class-0,2,0.9245898723602295,0,0.9650795459747314,0.9669826030731201,0.14873347843916596,0.9757895469665527
77_class-0,3,0.9249546527862549,0,0.9653842449188232,0.9637798070907593,0.9956246455152616,0.9758501052856445
77_class-0,4,0.57564377784729,0,0.9711377620697021,0.8290282487869263,0.43070110358898267,0.546988308429718
77_class-0,5,0.9251106381416321,0,0.9656283855438232,0.9596172571182251,0.42975617655223464,0.9728907942771912
78_class-44,0,0.4498232305049896,0,0.9905694127082825,0.9787133932113647,1.0,0.9529279470443726
78_class-44,1,0.4508832097053528,1,0.9903395175933838,0.9843857288360596,0.9709192965694324,0.9623342752456665
78_class-44,2,0.44756564497947693,0,0.9860813617706299,0.9498116970062256,0.9007411178999774,0.9177353382110596
78_class-44,3,0.45181673765182495,0,0.9906758666038513,0.9774496555328369,0.9128640220132997,0.9521857500076294
78_class-44,4,0.4548472762107849,0,0.9898155331611633,0.9811223745346069,0.9689425908497525,0.9504556655883789
78_class-44,5,0.41940900683403015,0,0.978144109249115,0.9236913919448853,0.6946664188812488,0.7554501891136169
79_class-36,0,0.46642860770225525,1,0.994306743144989,1.0043785572052002,1.0,0.993118166923523
79_class-36,1,0.3584229350090027,0,0.9649377465248108,0.9949299097061157,0.1934878483625786,0.9561017155647278
79_class-36,2,0.46644553542137146,0,0.9942412972450256,0.9829155802726746,0.19378214744963565,0.9913527965545654
79_class-36,3,0.4664587676525116,0,0.9942458868026733,0.9834084510803223,0.9990434893508481,0.991565465927124
79_class-36,4,0.3543572723865509,0,0.9637985825538635,0.9924789667129517,0.20334298499605158,0.9649645090103149
79_class-36,5,0.46637681126594543,0,0.9942101240158081,0.9967527389526367,0.20349242693405972,0.9916715621948242
80_class-56,0,0.33054256439208984,0,0.9851469993591309,0.9330754280090332,1.0,0.71104896068573
80_class-56,1,0.4359132945537567,0,0.9877259731292725,0.8681151866912842,0.20891990372850364,0.6263220906257629
80_class-56,2,0.38468605279922485,0,0.9914226531982422,0.928219199180603,0.24333435488813976,0.7219532132148743
80_class-56,3,0.38480344414711,1,0.9931683540344238,0.9474307298660278,0.5103762125541051,0.8393136262893677
80_class-56,4,0.36598849296569824,0,0.990505576133728,0.8551294803619385,0.8070984817850972,0.6244020462036133
80_class-56,5,0.3943646550178528,0,0.9913820028305054,0.9063172340393066,0.667549479259869,0.593925952911377
81_class-52,0,0.11534828692674637,0,0.9820047616958618,0.8295166492462158,1.0,0.44773370027542114
81_class-52,1,0.12389890849590302,0,0.9967177510261536,0.9672520160675049,0.7337162593385141,0.8971621990203857
81_class-52,2,0.12918449938297272,0,0.9958966970443726,0.9218044281005859,0.7040370528528725,0.8205232620239258
81_class-52,3,0.12969811260700226,0,0.9907315969467163,0.8873189687728882,0.8590174044127724,0.8393787741661072
81_class-52,4,0.12963393330574036,1,0.9960826635360718,0.9809228181838989,0.6486985472154964,0.9739900231361389
81_class-52,5,0.13666343688964844,0,0.994749903678894,0.8618770837783813,0.607232968881413,0.8194501399993896
82_class-32,0,0.45489242672920227,0,0.9783006906509399,0.900180459022522,1.0,0.7700543999671936
82_class-32,1,0.4329497814178467,1,0.9948595762252808,0.9886856079101562,0.41492530577244213,0.9348047971725464
82_class-32,2,0.4524567723274231,0,0.9921523928642273,0.9342354536056519,0.6347101818799932,0.7036992907524109
82_class-32,3,0.35576027631759644,0,0.9719563722610474,0.9431494474411011,0.3119122463205798,0.8198021054267883
82_class-32,4,0.3518759608268738,0,0.9772878289222717,0.9811482429504395,0.6487741077841743,0.9248688817024231
82_class-32,5,0.4706496000289917,0,0.9916377067565918,0.9571263790130615,0.1791773151656029,0.9247435331344604
83_class-28,0,0.4386692941188812,0,0.9859635829925537,0.9409729242324829,1.0,0.728111207485199
83_class-28,1,0.44349369406700134,1,0.9853866100311279,0.9841506481170654,0.8216016150740242,0.9792076349258423
83_class-28,2,0.43904757499694824,0,0.9853077530860901,0.9518594741821289,0.83536002186091,0.8078776597976685
83_class-28,3,0.3602718412876129,0,0.9740999341011047,0.9514485597610474,0.170112989748304,0.5098515748977661
83_class-28,4,0.26050397753715515,0,0.9244450926780701,0.989129900932312,0.5932064644761796,0.9333667755126953
83_class-28,5,0.35029080510139465,0,0.9730916023254395,0.9633280038833618,0.6318214231345496,0.5794292688369751
84_class-44,0,0.3970069885253906,0,0.96164470911026,0.9476152658462524,1.0,0.8537852764129639
84_class-44,1,0.3870861232280731,0,0.9481589198112488,0.9361472129821777,0.8430331817643977,0.8869244456291199
84_class-44,2,0.3982275128364563,0,0.9734293222427368,0.9390823841094971,0.853295256335716,0.9493194222450256
84_class-44,3,0.40023255348205566,1,0.9825958609580994,0.9857585430145264,0.9527058279370952,0.9834822416305542
84_class-44,4,0.46359625458717346,0,0.9892045855522156,0.890711784362793,0.007697456492637216,0.8973757028579712
84_class-44,5,0.4002716839313507,0,0.981833279132843,0.9830672740936279,0.006352293968360105,0.9821159839630127
85_class-60,0,0.46158498525619507,0,0.8960639238357544,0.80967116355896,1.0,0.6371373534202576
85_class-60,1,0.5565145015716553,0,0.8941091299057007,0.9076472520828247,0.20238277658596385,0.7487455010414124
85_class-60,2,0.5407769680023193,0,0.8869491815567017,0.9466348886489868,0.5091326430943544,0.9474949836730957
85_class-60,3,0.5963629484176636,0,0.902867317199707,0.9179466962814331,0.3652596032081047,0.8274658918380737
85_class-60,4,0.4619354009628296,0,0.8995793461799622,0.9327191114425659,0.18097245065789475,0.8663981556892395
85_class-60,5,0.46129319071769714,1,0.8989951014518738,0.9644185304641724,0.9426267104961394,0.9546579122543335
86_class-72,0,0.8975478410720825,0,0.9775517582893372,0.9819313287734985,1.0,0.9721439480781555
86_class-72,1,0.8982811570167542,0,0.9786549806594849,0.9718887805938721,0.9766255108439467,0.9659196734428406
86_class-72,2,0.7107381820678711,1,0.9849746227264404,0.9826197624206543,0.5461047799514265,0.9513186812400818
86_class-72,3,0.8921864032745361,0,0.9781736135482788,0.9855356216430664,0.5410469719666168,0.9776360392570496
86_class-72,4,0.7079166173934937,0,0.9855644702911377,0.9780324697494507,0.5398943638430167,0.9354194402694702
86_class-72,5,0.9472131729125977,0,0.9750776290893555,0.9678370952606201,0.5790175116792295,0.9741244912147522
87_class-56,0,0.4644664525985718,1,0.9958685636520386,0.966870903968811,1.0,0.9764326810836792
87_class-56,1,0.5687478184700012,0,0.9952548742294312,0.9380426406860352,0.24132099258940376,0.8873735070228577
87_class-56,2,0.4365594685077667,0,0.9931355714797974,0.8617745637893677,0.16213889821968425,0.7226836085319519
87_class-56,3,0.43085265159606934,0,0.9432058334350586,0.8058837652206421,0.5033523764183131,0.5569060444831848
87_class-56,4,0.43739286065101624,0,0.9886854290962219,0.8762489557266235,0.22595449663118836,0.7062001824378967
87_class-56,5,0.47400757670402527,0,0.9881967306137085,0.8214023113250732,0.320243141646005,0.5643942356109619
88_class-44,0,0.3111797571182251,0,0.9684365391731262,0.9718420505523682,1.0,0.8827987313270569
88_class-44,1,0.32113415002822876,0,0.9598573446273804,0.9682741165161133,0.9366150790031115,0.8494418859481812
88_class-44,2,0.32023972272872925,0,0.9521290063858032,0.9712026119232178,0.9566057957005064,0.8121361136436462
88_class-44,3,0.3757844865322113,1,0.9930832386016846,0.9809145927429199,0.66424457150131,0.9792044162750244
88_class-44,4,0.4199105501174927,0,0.987460196018219,0.9896933436393738,9.6575435072335e-06,0.984627902507782
88_class-44,5,0.2997402250766754,0,0.9536815285682678,0.894202709197998,0.3532825228975073,0.8045203685760498
89_class-4,0,0.9117211103439331,0,0.9607831239700317,0.9933401346206665,1.0,0.9695821404457092
89_class-4,1,0.9097759127616882,0,0.960724949836731,0.992081880569458,0.9947142471503087,0.9660608768463135
89_class-4,2,0.8950741291046143,0,0.962712824344635,0.9875333309173584,0.9784285264593753,0.9630234241485596
89_class-4,3,0.9110389947891235,1,0.9616584181785583,0.9939372539520264,0.9766071662375071,0.9675777554512024
89_class-4,4,0.9093831777572632,0,0.9608626961708069,0.9935033321380615,0.9966298217123299,0.9672064185142517
89_class-4,5,0.9101168513298035,0,0.9599502086639404,0.9923834800720215,0.9977022139125269,0.966838002204895
90_class-20,0,0.47162508964538574,0,0.9460397362709045,0.8676643371582031,1.0,0.2841598093509674
90_class-20,1,0.5568351745605469,0,0.980430006980896,0.9425797462463379,0.11161435740409968,0.8790158033370972
90_class-20,2,0.9279261827468872,1,0.98443204164505,0.9879450798034668,0.2687810131938301,0.9772201776504517
90_class-20,3,0.45442622900009155,0,0.9751400351524353,0.9000155925750732,0.17704526628660527,0.4790409207344055
90_class-20,4,0.5774889588356018,0,0.9761241674423218,0.9451212882995605,0.26262943206777534,0.8232545256614685
90_class-20,5,0.8344674706459045,0,0.9924584627151489,0.914570689201355,0.2837713186662218,0.8826683163642883
91_class-76,0,0.689577579498291,0,0.9958939552307129,0.9821486473083496,1.0,0.9590466618537903
91_class-76,1,0.6903116703033447,0,0.9959158897399902,0.9842309951782227,0.9846161505526237,0.9531834125518799
91_class-76,2,0.5941662788391113,0,0.997133731842041,0.951135516166687,0.7891533066132265,0.909917950630188
91_class-76,3,0.6078841686248779,0,0.992895781993866,0.9966545104980469,0.5991740234152995,0.9828526973724365
91_class-76,4,0.46520543098449707,0,0.9677478075027466,0.8655166625976562,0.22576440356038882,0.5687463283538818
91_class-76,5,0.4017661511898041,1,0.9971457719802856,1.005021572113037,0.29025477887920015,0.9867156147956848
92_class-28,0,0.31118810176849365,0,0.9492489099502563,0.9565521478652954,1.0,0.7684957385063171
92_class-28,1,0.34557655453681946,1,0.9684486985206604,0.9539963006973267,0.884770385001354,0.837832510471344
92_class-28,2,0.34108662605285645,0,0.9660015106201172,0.9533860683441162,0.9690976731126943,0.8192698955535889
92_class-28,3,0.30944377183914185,0,0.9493629932403564,0.9629093408584595,0.8954995399600241,0.7793391942977905
92_class-28,4,0.344507098197937,0,0.9670159816741943,0.9510726928710938,0.8864537243718573,0.8033167719841003
92_class-28,5,0.31192031502723694,0,0.9537407159805298,0.9622757434844971,0.8910829349407607,0.783808708190918
93_class-64,0,0.6830877065658569,0,0.9974898099899292,0.9387420415878296,1.0,0.9662349224090576
93_class-64,1,0.6206712126731873,0,0.9927420616149902,0.8374618887901306,0.37890359168241966,0.9050726294517517
93_class-64,2,0.7519153356552124,0,0.9982107877731323,0.9314038753509521,0.4689841986455982,0.9779106378555298
93_class-64,3,0.744921088218689,1,0.9981822371482849,0.9454172849655151,0.9651101321585903,0.9800947904586792
93_class-64,4,0.3788520395755768,0,0.9688694477081299,0.9291787147521973,0.06041958401315536,0.7030246257781982
93_class-64,5,0.48777395486831665,0,0.9749221801757812,0.8427416086196899,0.05591228087064509,0.6587325930595398
94_class-32,0,0.4568599760532379,0,0.9424505233764648,0.8072662353515625,1.0,0.7934902310371399
94_class-32,1,0.49122947454452515,0,0.9810662865638733,0.7001562118530273,0.0,0.4882718622684479
94_class-32,2,0.4333082437515259,0,0.9872506856918335,0.8125566244125366,0.04149453777655375,0.8741306662559509
94_class-32,3,0.4086514711380005,1,0.9785038232803345,0.9441500902175903,0.6955345925342306,0.9172847270965576
94_class-32,4,0.4795200824737549,0,0.948033332824707,0.7990003824234009,0.0034836462163731373,0.6636960506439209
94_class-32,5,0.41419142484664917,0,0.9716688394546509,0.8628553152084351,0.05739679820099588,0.6405106782913208
95_class-32,0,0.4726915955543518,0,0.998278021812439,0.9262903928756714,1.0,0.909107506275177
95_class-32,1,0.46855852007865906,0,0.9981229305267334,0.8264748454093933,0.37335013596869404,0.9210789203643799
95_class-32,2,0.4607694447040558,0,0.9795489311218262,0.9012362957000732,0.19870859316261996,0.42028239369392395
95_class-32,3,0.4795154333114624,0,0.999521791934967,0.8984782099723816,0.12743691899070386,0.9940171241760254
95_class-32,4,0.4589824080467224,1,0.9939539432525635,0.9857020378112793,0.1266799917292715,0.96539306640625
95_class-32,5,0.4761214852333069,0,0.9992748498916626,0.9163386821746826,0.12077847738981111,0.9581947922706604
96_class-48,0,0.3991089165210724,0,0.9975258111953735,1.0008447170257568,1.0,0.9934832453727722
96_class-48,1,0.39957475662231445,0,0.9975159168243408,0.9991666078567505,0.9914189189189189,0.9918692111968994
96_class-48,2,0.3995896875858307,0,0.9975206851959229,0.9982894659042358,0.9985016685963359,0.9901655912399292
96_class-48,3,0.39146888256073,0,0.9963399171829224,0.9614754915237427,0.8703972940094353,0.9618224501609802
96_class-48,4,0.3839108645915985,0,0.992560863494873,0.9462921619415283,0.6833623898600575,0.9033137559890747
96_class-48,5,0.3995058238506317,1,0.9975110292434692,1.003065586090088,0.7544423539249504,0.9915944933891296
97_class-28,0,0.9458563327789307,0,0.8800774812698364,1.0068209171295166,1.0,0.9835771918296814
97_class-28,1,0.9502996802330017,0,0.8827495574951172,1.0138972997665405,0.997325793058311,0.9813472628593445
97_class-28,2,0.9492484331130981,0,0.883289098739624,1.006422758102417,0.9993083201401805,0.9784764647483826
97_class-28,3,0.9493006467819214,0,0.8758741617202759,0.9846286773681641,0.9969501898455649,0.9042090773582458
97_class-28,4,0.9484066963195801,1,0.883526086807251,1.012121319770813,0.9963842420460997,0.9889015555381775
97_class-28,5,0.9499708414077759,0,0.8826662302017212,0.9808659553527832,0.9988222100460362,0.9259706139564514
98_class-24,0,0.6972719430923462,0,0.9937120079994202,0.8864368200302124,1.0,0.883915364742279
98_class-24,1,0.4556683301925659,0,0.968252420425415,0.9443602561950684,0.21250071372832646,0.728088915348053
98_class-24,2,0.5824298858642578,0,0.9890890717506409,0.8453565835952759,0.32619996873045654,0.6977635025978088
98_class-24,3,0.670116126537323,0,0.9876634478569031,0.7159116268157959,0.5486252661140554,0.7521794438362122
98_class-24,4,0.4678560197353363,1,0.9961851835250854,0.9212249517440796,0.2896066580798573,0.9500930905342102
98_class-24,5,0.5479726195335388,0,0.9882246255874634,0.9001733064651489,0.04794723142451491,0.7989585995674133
99_class-48,0,0.6245605945587158,0,0.9899381995201111,0.9671026468276978,1.0,0.8759365677833557
99_class-48,1,0.656868577003479,0,0.9885207414627075,0.9723912477493286,0.9048423423423423,0.9168978333473206
99_class-48,2,0.5953984260559082,0,0.9950235486030579,0.9846788644790649,0.32136203320717577,0.9600405693054199
99_class-48,3,0.9417834281921387,0,0.9738291501998901,0.9648748636245728,0.49289869552631826,0.8784510493278503
99_class-48,4,0.6197651624679565,0,0.9897724986076355,0.9582767486572266,0.5078135933199608,0.8702669143676758
99_class-48,5,0.4688716530799866,1,0.9955281019210815,0.9908492565155029,0.3519281045751634,0.9861308336257935
100_class-44,0,0.40360721945762634,0,0.9908318519592285,0.9882699251174927,1.0,0.9774312376976013
100_class-44,1,0.3251945376396179,0,0.9816008806228638,0.9469128847122192,0.2625658302354399,0.8726067543029785
100_class-44,2,0.40571659803390503,0,0.9906208515167236,0.97115159034729,0.25481403835701527,0.926629364490509
100_class-44,3,0.43497413396835327,0,0.9888910055160522,0.9951068162918091,0.5948555240793201,0.987213134765625
100_class-44,4,0.40491345524787903,0,0.9900872707366943,0.9794707298278809,0.608158444626147,0.9026485681533813
100_class-44,5,0.43523314595222473,1,0.9890025854110718,0.9998013973236084,0.608948087431694,0.9859638214111328
101_class-64,0,0.9705765247344971,1,0.9995206594467163,1.0074032545089722,1.0,0.9975008368492126
101_class-64,1,0.42051494121551514,0,0.9769591093063354,1.008924126625061,0.1493008231291787,0.9899635314941406
101_class-64,2,0.5870987176895142,0,0.9937334656715393,0.9864629507064819,0.5008846331185194,0.9942969679832458
101_class-64,3,0.18771114945411682,0,0.7977538108825684,0.9497014284133911,0.24410730495935892,0.6784335970878601
101_class-64,4,0.5878125429153442,0,0.9938453435897827,1.0124703645706177,0.24339256461357067,0.996787428855896
101_class-64,5,0.5876455903053284,0,0.993942379951477,1.0132927894592285,0.9993145549962514,0.9965173006057739
102_class-40,0,0.4402155876159668,0,0.940756618976593,0.9268909692764282,1.0,0.5617006421089172
102_class-40,1,0.4274481236934662,0,0.9881518483161926,0.859430193901062,0.039961629348868766,0.921504020690918
102_class-40,2,0.4656849801540375,0,0.9820266962051392,0.8425036668777466,0.0006034355597870543,0.7511895895004272
102_class-40,3,0.41639262437820435,0,0.9191272258758545,0.8839975595474243,0.13679865677906813,0.6764668226242065
102_class-40,4,0.40964171290397644,1,0.9872347116470337,0.9200201034545898,0.142676598718349,0.9261431694030762
102_class-40,5,0.5998205542564392,0,0.9880209565162659,0.8293642401695251,0.0,0.9081578850746155
103_class-48,0,0.9688150882720947,0,0.8971127271652222,0.9796762466430664,1.0,0.9786211252212524
103_class-48,1,0.811560869216919,0,0.916200578212738,0.9700279235839844,0.710562735537718,0.7153919339179993
103_class-48,2,0.08408013731241226,0,0.9563436508178711,0.9251253604888916,0.023988648113138167,0.7461967468261719
103_class-48,3,0.967117965221405,0,0.8971883058547974,0.9992117881774902,0.0003947604521801543,0.9879874587059021
103_class-48,4,0.9676610231399536,0,0.8972808122634888,1.000370979309082,0.997352587244284,0.9903213381767273
103_class-48,5,0.3241579532623291,1,0.9645610451698303,0.9434223175048828,0.12897140443136626,0.7623348832130432
104_class-4,0,0.5034398436546326,0,0.9883573055267334,0.8756715059280396,1.0,0.7581392526626587
104_class-4,1,0.7740683555603027,0,0.9863680601119995,0.9428000450134277,0.262405919122337,0.9059868454933167
104_class-4,2,0.9302234649658203,1,0.9833189249038696,0.983565092086792,0.6883401519579193,0.9693143367767334
104_class-4,3,0.5812027454376221,0,0.9826172590255737,0.8718128204345703,0.3330274272604025,0.664222776889801
104_class-4,4,0.730548620223999,0,0.9802322387695312,0.9398689270019531,0.4653639058624236,0.8291566967964172
104_class-4,5,0.757414698600769,0,0.9854072332382202,0.9194209575653076,0.8435506085392248,0.8248701691627502
105_class-4,0,0.4956953525543213,0,0.9881113171577454,0.9809415340423584,1.0,0.9764608144760132
105_class-4,1,0.495617538690567,0,0.9890817403793335,0.9849923849105835,0.9940062125388284,0.9765657782554626
105_class-4,2,0.003004120895639062,0,0.9490534067153931,0.9944043159484863,0.08415823133916725,0.5484881401062012
105_class-4,3,0.4933852553367615,0,0.9903987646102905,0.9788544178009033,0.08832835787519985,0.9795551300048828
105_class-4,4,0.49536052346229553,0,0.9900127649307251,0.9846141338348389,0.9566326530612245,0.9781980514526367
105_class-4,5,0.4956689178943634,1,0.9898772239685059,0.9859530925750732,0.9943827563683867,0.9793691039085388
106_class-20,0,0.7570266127586365,0,0.9915854930877686,0.9193053245544434,1.0,0.9227827787399292
106_class-20,1,0.9130600690841675,0,0.9922105669975281,0.9573311805725098,0.6312239391709591,0.966084897518158
106_class-20,2,0.5506125688552856,0,0.9555239677429199,0.9432668685913086,0.2560945579906427,0.8860596418380737
106_class-20,3,0.4875149428844452,0,0.9596928358078003,0.9310470819473267,0.40231752096178264,0.8978918194770813
106_class-20,4,0.43759894371032715,0,0.9205443263053894,0.9726412296295166,0.7484120942176369,0.951833188533783
106_class-20,5,0.796670138835907,1,0.9894411563873291,0.9959967136383057,0.12239480575384726,0.9876850843429565
107_class-12,0,0.3773520886898041,0,0.9884787797927856,0.9727028608322144,1.0,0.9318159818649292
107_class-12,1,0.37541481852531433,0,0.9892688393592834,0.9858806133270264,0.9806895252449134,0.9571578502655029
107_class-12,2,0.4675457179546356,1,0.9967389106750488,0.9783982038497925,0.4089607613824253,0.9834458827972412
107_class-12,3,0.3701058626174927,0,0.9902724027633667,0.9853219985961914,0.4081968103893281,0.9629982113838196
107_class-12,4,0.3717239499092102,0,0.9897874593734741,0.9884157180786133,0.9936543893885015,0.9545896053314209
107_class-12,5,0.37028640508651733,0,0.988210916519165,0.9625144004821777,0.9454990101315943,0.9301925897598267
108_class-28,0,0.3213420808315277,0,0.9555124044418335,0.8809868097305298,1.0,0.702955424785614
108_class-28,1,0.31878945231437683,0,0.9677630662918091,0.9079169034957886,0.08211767933068166,0.594873309135437
108_class-28,2,0.4260297119617462,0,0.970655083656311,0.9512448310852051,0.13069505094614264,0.8929934501647949
108_class-28,3,0.2556210458278656,0,0.9288020730018616,0.9612859487533569,0.036822850617144604,0.8163026571273804
108_class-28,4,0.4269111156463623,0,0.9663636684417725,0.9398499727249146,0.036821460204985446,0.8489584922790527
108_class-28,5,0.5007637739181519,1,0.9661151170730591,0.9652774333953857,0.8114800074788322,0.9266042709350586
109_class-52,0,0.6157313585281372,0,0.9934171438217163,1.002426266670227,1.0,0.9896442294120789
109_class-52,1,0.6143144369125366,0,0.9933860898017883,0.9885621070861816,0.9919457973932682,0.9797031283378601
109_class-52,2,0.9516280889511108,0,0.9757709503173828,0.9498941898345947,0.46235027846298604,0.8240129947662354
109_class-52,3,0.7804973125457764,0,0.9837554693222046,0.9947198629379272,0.7234562276138765,0.9814528226852417
109_class-52,4,0.6325457096099854,0,0.9909038543701172,0.8930432796478271,0.6499625264018533,0.5621649026870728
109_class-52,5,0.6157046556472778,1,0.993487536907196,1.0024290084838867,0.9289315542880424,0.9892294406890869
110_class-60,0,0.5858686566352844,0,0.9803674221038818,0.9985138177871704,1.0,0.9770722985267639
110_class-60,1,0.34609684348106384,0,0.9819545745849609,0.945669412612915,0.3168641012434699,0.6720278263092041
110_class-60,2,0.2983701527118683,0,0.9714213013648987,0.9738000631332397,0.5351195559350982,0.9378622770309448
110_class-60,3,0.5882039666175842,1,0.9810127019882202,0.9991552829742432,0.18499019047855564,0.9803414344787598
110_class-60,4,0.5840326547622681,0,0.9796402454376221,0.9298168420791626,0.9806998332545233,0.9216610193252563
110_class-60,5,0.5258699655532837,0,0.9845905303955078,0.9690886735916138,0.8195582650409754,0.7599850296974182
111_class-56,0,0.33568185567855835,0,0.9647402763366699,0.9632278680801392,1.0,0.9170429706573486
111_class-56,1,0.3670893609523773,1,0.9574391841888428,1.011801838874817,0.7512713378597543,0.9933633208274841
111_class-56,2,0.367847740650177,0,0.9607222080230713,0.991671085357666,0.9916001300625022,0.9861913919448853
111_class-56,3,0.3522198498249054,0,0.9590654969215393,0.940784215927124,0.8582565779133005,0.9264649748802185
111_class-56,4,0.3670688271522522,0,0.956819474697113,1.0115306377410889,0.8533347908240548,0.9935587644577026
111_class-56,5,0.36703887581825256,0,0.9567024111747742,1.0121731758117676,0.9994764114322856,0.9936976432800293
112_class-4,0,0.12018483132123947,0,0.8921834826469421,1.0137330293655396,1.0,0.9917373061180115
112_class-4,1,0.12019654363393784,0,0.8916789293289185,1.0146037340164185,0.999971565598165,0.9913185834884644
112_class-4,2,0.12019654363393784,0,0.8914865255355835,1.014125108718872,0.9999905216414622,0.9916992783546448
112_class-4,3,0.12019654363393784,0,0.8917691111564636,1.0142086744308472,0.9999905216414622,0.9918578267097473
112_class-4,4,0.12020044773817062,0,0.8919239044189453,1.0141172409057617,0.9999715650591446,0.9915071129798889
112_class-4,5,0.12018874287605286,1,0.8923174142837524,1.0147037506103516,0.9999526093302751,0.9919560551643372
113_class-28,0,0.6461941003799438,0,0.9900116920471191,0.9990239143371582,1.0,0.9849194884300232
113_class-28,1,0.6463738679885864,0,0.9900211095809937,0.997746467590332,0.9966008347317241,0.9801499247550964
113_class-28,2,0.6477919816970825,0,0.9900089502334595,0.9982902407646179,0.9941354031910307,0.955819845199585
113_class-28,3,0.6463645100593567,1,0.9900011420249939,1.0037841796875,0.9939205794851895,0.9845098257064819
113_class-28,4,0.5671137571334839,0,0.9719891548156738,0.8888455629348755,0.09194089993284084,0.7752016186714172
113_class-28,5,0.6474655270576477,0,0.9901314377784729,0.9973738193511963,0.09223055957468286,0.9770424365997314
114_class-52,0,0.7404866814613342,0,0.9884856939315796,0.9889642000198364,1.0,0.9570546746253967
114_class-52,1,0.8888266086578369,0,0.9934239387512207,0.928208589553833,0.5551499571550985,0.8651230335235596
114_class-52,2,0.6649661064147949,1,0.9975480437278748,0.9715746641159058,0.39362928797924474,0.9572932720184326
114_class-52,3,0.6687021255493164,0,0.996862530708313,0.9746655225753784,0.9679217337075148,0.9272646903991699
114_class-52,4,0.703414261341095,0,0.9878278374671936,0.9541693925857544,0.48829008649367933,0.7778005003929138
114_class-52,5,0.6719205379486084,0,0.9965502619743347,0.9541161060333252,0.4568854853702802,0.9509833455085754
115_class-4,0,0.7520939111709595,1,0.995554506778717,0.9993327856063843,1.0,0.9886365532875061
115_class-4,1,0.8836417198181152,0,0.9948217868804932,0.9674099683761597,0.6638293756347633,0.8960742354393005
115_class-4,2,0.8735296726226807,0,0.9944962859153748,0.980412483215332,0.9443346667309268,0.9597533345222473
115_class-4,3,0.889442503452301,0,0.9949422478675842,0.9965697526931763,0.9505050021540377,0.9818019270896912
115_class-4,4,0.8888411521911621,0,0.9948633909225464,0.9946812391281128,0.993041224744445,0.9780819416046143
115_class-4,5,0.8899243474006653,0,0.9940894246101379,0.9756520986557007,0.9840514163294454,0.9771676063537598
116_class-20,0,0.8055287003517151,0,0.9147039651870728,1.0042446851730347,1.0,0.9695408940315247
116_class-20,1,0.8053457736968994,0,0.9143599271774292,1.002144694328308,0.998697524012396,0.968001127243042
116_class-20,2,0.8054758310317993,0,0.9142636060714722,1.0035091638565063,0.9989025517276788,0.9689805507659912
116_class-20,3,0.8053524494171143,0,0.9136753082275391,1.004259467124939,0.9992425604025984,0.9684451222419739
116_class-20,4,0.8054699301719666,0,0.9146044254302979,1.0052056312561035,0.9991080137584065,0.970595121383667
116_class-20,5,0.8061797022819519,1,0.9149298667907715,1.0053436756134033,0.9981608340969823,0.9713594913482666
117_class-0,0,0.3356969952583313,0,0.9792512655258179,0.9992483854293823,1.0,0.9628927111625671
117_class-0,1,0.3336922228336334,0,0.9809836745262146,1.0051383972167969,0.9790443383178058,0.9851160645484924
117_class-0,2,0.3346109092235565,0,0.9799056053161621,1.000560998916626,0.9856485422430304,0.9750552773475647
117_class-0,3,0.3338049352169037,1,0.9810522794723511,1.0050394535064697,0.9858180560359737,0.9850816130638123
117_class-0,4,0.33415862917900085,0,0.9796880483627319,0.9998525381088257,0.9826831888082576,0.9694964289665222
117_class-0,5,0.3337051570415497,0,0.9810959100723267,1.0042977333068848,0.9827204485609108,0.9853596091270447
118_class-24,0,0.20880374312400818,0,0.8459210395812988,0.9889539480209351,1.0,0.9368295669555664
118_class-24,1,0.20824384689331055,0,0.8409639596939087,1.0016010999679565,0.9832575463084336,0.9746984839439392
118_class-24,2,0.20866289734840393,1,0.850293755531311,0.9994713068008423,0.9963714997800909,0.9712212085723877
118_class-24,3,0.2074376344680786,0,0.8436634540557861,0.9946204423904419,0.9916072943559054,0.9735584855079651
118_class-24,4,0.20782923698425293,0,0.8366751074790955,0.9953808784484863,0.9943209786512552,0.9656778573989868
118_class-24,5,0.2069896161556244,0,0.8273962736129761,0.9935592412948608,0.9956176714437996,0.9594449996948242
119_class-48,0,0.3229796886444092,0,0.9857388138771057,0.9773945808410645,1.0,0.8825540542602539
119_class-48,1,0.3524698317050934,1,0.9780793190002441,0.9980922937393188,0.7915096308481776,0.985709011554718
119_class-48,2,0.35649508237838745,0,0.9776648283004761,0.994890570640564,0.9661306192731074,0.9834818840026855
119_class-48,3,0.3654704689979553,0,0.9770439863204956,0.9795178174972534,0.06078979279801761,0.9238405823707581
119_class-48,4,0.2834453284740448,0,0.9850118160247803,0.9690579175949097,0.39424827718390354,0.8762439489364624
119_class-48,5,0.3577193021774292,0,0.9773402214050293,0.9615527987480164,0.6066939062774921,0.9552980661392212
120_class-8,0,0.22216811776161194,0,0.9839022159576416,0.8878196477890015,1.0,0.699141263961792
120_class-8,1,0.3446813225746155,0,0.8763669729232788,0.9097917079925537,0.5456621804347979,0.570048451423645
120_class-8,2,0.27956685423851013,1,0.9756543636322021,0.8702853918075562,0.2390899359090214,0.8731516003608704
120_class-8,3,0.48607486486434937,0,0.9492775797843933,0.8809980154037476,0.005350249772933697,0.7231808304786682
120_class-8,4,0.2507496178150177,0,0.6199178695678711,0.9386239051818848,0.15484662120733542,0.6530721187591553
120_class-8,5,0.24728845059871674,0,0.5957671403884888,0.9456502199172974,0.9676966228901505,0.6572399735450745
121_class-44,0,0.791298508644104,1,0.9971981644630432,1.0025691986083984,1.0,0.9916406869888306
121_class-44,1,0.9431772828102112,0,0.9984462857246399,0.9849569201469421,0.6696892088322836,0.9851059913635254
121_class-44,2,0.6426248550415039,0,0.993014395236969,0.943634033203125,0.3814776605031347,0.9465895891189575
121_class-44,3,0.7227340936660767,0,0.9955344796180725,0.9758076667785645,0.7180646440610747,0.9560683965682983
121_class-44,4,0.6568211913108826,0,0.9929465651512146,0.9728356599807739,0.7670297994998092,0.947866678237915
121_class-44,5,0.7304166555404663,0,0.9952179789543152,0.9327507019042969,0.531107965129275,0.9254568219184875
122_class-60,0,0.48630791902542114,0,0.9911452531814575,0.9619343280792236,1.0,0.9487302303314209
122_class-60,1,0.5804957151412964,1,0.9944817423820496,0.9737409353256226,0.30222958918356735,0.9802195429801941
122_class-60,2,0.500522255897522,0,0.9858848452568054,0.9744391441345215,0.27554473668586354,0.9454919695854187
122_class-60,3,0.4728923439979553,0,0.9912914037704468,0.9590582847595215,0.7983493061644042,0.7488874197006226
122_class-60,4,0.23180320858955383,0,0.7837264537811279,0.824355959892273,0.006824339245606192,0.32433801889419556
122_class-60,5,0.4479128122329712,0,0.9899284243583679,0.9641944169998169,0.006254257561697768,0.9806636571884155
123_class-72,0,0.3239479064941406,0,0.9002808928489685,0.9815170764923096,1.0,0.8674978613853455
123_class-72,1,0.31931620836257935,0,0.8982672095298767,0.9814728498458862,0.9621984147722323,0.8736093044281006
123_class-72,2,0.4306113123893738,0,0.9763903617858887,0.9403270483016968,0.2429132229319932,0.8083420395851135
123_class-72,3,0.18626540899276733,0,0.7809690237045288,0.9977989196777344,0.19440985788501997,0.9623275995254517
123_class-72,4,0.43782249093055725,1,0.9801610112190247,0.93572998046875,0.17011712761390813,0.842995822429657
123_class-72,5,0.4132137894630432,0,0.955551028251648,0.9218603372573853,0.30528887121513376,0.6321849226951599
124_class-8,0,0.4148140549659729,0,0.9582937955856323,0.9826223850250244,1.0,0.9232015013694763
124_class-8,1,0.5097224712371826,0,0.9703081846237183,0.9457080364227295,0.7603582060416768,0.8564411997795105
124_class-8,2,0.32420995831489563,0,0.9445284605026245,0.9709901809692383,0.5919129693951111,0.9115736484527588
124_class-8,3,0.9543732404708862,1,0.9904637336730957,0.9982620477676392,0.07507914596748196,0.9890018105506897
124_class-8,4,0.41209274530410767,0,0.9537944793701172,0.9554557800292969,0.22915572047812952,0.902057945728302
124_class-8,5,0.6155441403388977,0,0.9810372591018677,0.9446499347686768,0.5404734896398639,0.7314355373382568
125_class-36,0,0.4945422112941742,0,0.9954470992088318,0.9729114770889282,1.0,0.9579813480377197
125_class-36,1,0.4946252107620239,0,0.9946931004524231,0.9748307466506958,0.9877154649186696,0.9631344079971313
125_class-36,2,0.4948764741420746,1,0.9960408806800842,0.9809170961380005,0.9735890358808413,0.9664519429206848
125_class-36,3,0.4940509498119354,0,0.995254397392273,0.9754728078842163,0.9729331176862335,0.9573067426681519
125_class-36,4,0.3357820510864258,0,0.9207985401153564,0.9588217735290527,0.21192170227833534,0.8435258865356445
125_class-36,5,0.4512602686882019,0,0.9862051606178284,0.9376459121704102,0.35024528218500023,0.8293428421020508
126_class-44,0,0.33359381556510925,0,0.96096271276474,0.9838190078735352,1.0,0.868075430393219
126_class-44,1,0.4749109148979187,1,0.9993672966957092,0.9445973634719849,0.07570908813836981,0.9611700177192688
126_class-44,2,0.4712921679019928,0,0.9973728656768799,0.8878064155578613,0.5698554714384033,0.8955286741256714
126_class-44,3,0.3124512732028961,0,0.9590122699737549,0.969092607498169,0.09892040435764059,0.8512376546859741
126_class-44,4,0.47417116165161133,0,0.9995638728141785,0.8531765937805176,0.08367190720131897,0.9403454065322876
126_class-44,5,0.4093148708343506,0,0.9845859408378601,0.9414088726043701,0.014185505773852556,0.7182674407958984
127_class-40,0,0.47378355264663696,1,0.9956251978874207,1.0005286931991577,1.0,0.9926943182945251
127_class-40,1,0.44539251923561096,0,0.9977185726165771,0.877498984336853,0.12426519128603314,0.7337284684181213
127_class-40,2,0.4481298625469208,0,0.9975818991661072,0.8298501968383789,0.8679665107859406,0.7153418660163879
127_class-40,3,0.47479912638664246,0,0.9956362843513489,0.8782763481140137,0.13563713449308523,0.8980902433395386
127_class-40,4,0.43240076303482056,0,0.9825483560562134,0.854149341583252,0.17337375198153349,0.7308733463287354
127_class-40,5,0.46292540431022644,0,0.9911180138587952,0.8749796152114868,0.3026206378584265,0.7912034392356873
128_class-32,0,0.6162183880805969,0,0.9803259968757629,0.9439918994903564,1.0,0.8874825835227966
128_class-32,1,0.9422383904457092,1,0.9994947910308838,0.995812177658081,0.30340468323516734,0.9952023029327393
128_class-32,2,0.9418812394142151,0,0.999494194984436,0.9820521473884583,0.9966174661746617,0.9932470321655273
128_class-32,3,0.9411887526512146,0,0.9994832277297974,0.9116432070732117,0.996768733651331,0.9917393922805786
128_class-32,4,0.9424608945846558,0,0.9994910359382629,0.9879157543182373,0.9947844761466482,0.9956285953521729
128_class-32,5,0.9403995275497437,0,0.9995076656341553,0.9632990956306458,0.9909356275925641,0.994618833065033
129_class-0,0,0.25541555881500244,0,0.8624424338340759,0.9546469449996948,1.0,0.4366128146648407
129_class-0,1,0.17658130824565887,0,0.8792297840118408,0.9557501077651978,0.9029494582195395,0.6134469509124756
129_class-0,2,0.6448965668678284,1,0.962196946144104,0.9798219203948975,0.15260548299345977,0.8744131326675415
129_class-0,3,0.5109930038452148,0,0.8899296522140503,0.938233494758606,0.2479988880956743,0.29409119486808777
129_class-0,4,0.5799892544746399,0,0.9177584052085876,0.8829001188278198,0.2596735206603181,0.2605327069759369
129_class-0,5,0.5461194515228271,0,0.9478697776794434,0.9830386638641357,0.18407384070434768,0.983426034450531
130_class-68,0,0.3160577416419983,0,0.9056271314620972,0.9552215337753296,1.0,0.790300190448761
130_class-68,1,0.37600669264793396,1,0.9603784680366516,0.9389610290527344,0.557281853580297,0.5456171035766602
130_class-68,2,0.3025329113006592,0,0.9029362201690674,0.9609017372131348,0.5579872750274723,0.8205112814903259
130_class-68,3,0.35240140557289124,0,0.9450924396514893,0.9433643817901611,0.6921926548961317,0.4965626001358032
130_class-68,4,0.20254793763160706,0,0.7733893990516663,0.9501981735229492,0.49238823108169844,0.7315297722816467
130_class-68,5,0.34447699785232544,0,0.9173645973205566,0.9490913152694702,0.5107402314439818,0.7495710849761963
131_class-24,0,0.49672842025756836,0,0.9820895791053772,0.976042628288269,1.0,0.9421331882476807
131_class-24,1,0.8605777025222778,1,0.9963047504425049,0.9940857887268066,0.24833087523986236,0.9890198707580566
131_class-24,2,0.9295834302902222,0,0.9961308240890503,0.981441855430603,0.8123023500961121,0.9793515205383301
131_class-24,3,0.7938369512557983,0,0.9969096779823303,0.9906976222991943,0.6756342118240096,0.9798833131790161
131_class-24,4,0.7926962971687317,0,0.9970111846923828,0.9820915460586548,0.9849637054960249,0.9781853556632996
131_class-24,5,0.8556916117668152,0,0.9962522983551025,0.935418426990509,0.6060635459616784,0.982568085193634
132_class-44,0,0.6174723505973816,0,0.9958534240722656,0.9820957183837891,1.0,0.9753301739692688
132_class-44,1,0.6174649000167847,0,0.9958658814430237,0.9854639768600464,0.9975750333872215,0.9855876564979553
132_class-44,2,0.49586784839630127,1,0.9980890154838562,0.9948329925537109,0.7531687791861241,0.9861107468605042
132_class-44,3,0.7916793823242188,0,0.9983402490615845,0.9319158792495728,0.10071266348187015,0.8811458349227905
132_class-44,4,0.5132564902305603,0,0.9972813725471497,0.9837841987609863,0.14759613503892344,0.9747384786605835
132_class-44,5,0.47545126080513,0,0.9693560600280762,0.9935574531555176,0.3763099081201887,0.9606865644454956
133_class-20,0,0.11818985641002655,0,0.8373375535011292,0.9647736549377441,1.0,0.5638282299041748
133_class-20,1,0.2913832366466522,1,0.8641561269760132,0.9666150808334351,0.5902404387411417,0.8456953763961792
133_class-20,2,0.02843533456325531,0,0.8302661180496216,0.9750151634216309,0.4724654732141663,0.9171836376190186
133_class-20,3,0.028889266774058342,0,0.8301123976707458,0.976172685623169,0.9980923423975676,0.9171416759490967
133_class-20,4,0.0332973375916481,0,0.8376184701919556,0.9780346155166626,0.987760410276544,0.9044106602668762
133_class-20,5,0.029673516750335693,0,0.829617977142334,0.974440336227417,0.9899051983557225,0.908058226108551
134_class-64,0,0.47960054874420166,0,0.986707866191864,0.9031808376312256,1.0,0.5947830677032471
134_class-64,1,0.813291072845459,0,0.9977056980133057,0.7766462564468384,0.08790617297940452,0.9680739045143127
134_class-64,2,0.6396682262420654,0,0.997891902923584,0.8352482318878174,0.34623344370860926,0.8441768884658813
134_class-64,3,0.4764525592327118,0,0.9893922805786133,0.9631333351135254,0.15960281548516841,0.7051771283149719
134_class-64,4,0.48257356882095337,0,0.9888998866081238,0.9583340883255005,0.6177046160930125,0.8995180130004883
134_class-64,5,0.8361548185348511,1,0.9997785091400146,0.9489912390708923,0.09057164068299926,0.9923741221427917
135_class-60,0,0.5308133959770203,0,0.9754332900047302,0.9781187772750854,1.0,0.9381896257400513
135_class-60,1,0.3774462342262268,0,0.9617636203765869,0.9465160965919495,0.2661389786582986,0.9271633625030518
135_class-60,2,0.5225036144256592,0,0.9779461026191711,0.9816417694091797,0.2545114011356542,0.9325281381607056
135_class-60,3,0.4447065591812134,1,0.9789033532142639,0.9720364809036255,0.645149722072799,0.9708232283592224
135_class-60,4,0.5969789624214172,0,0.9759026169776917,0.9729679822921753,0.5412329863891113,0.9217126369476318
135_class-60,5,0.3825002610683441,0,0.9625346660614014,0.9123643636703491,0.3445,0.6049990653991699
136_class-68,0,0.4585668444633484,0,0.98466956615448,0.9134539365768433,1.0,0.8945753574371338
136_class-68,1,0.4213693141937256,0,0.9751194715499878,0.8344665765762329,0.3772866075323542,0.7621423006057739
136_class-68,2,0.4568711817264557,0,0.9863064289093018,0.9184340238571167,0.34273868158165677,0.893398642539978
136_class-68,3,0.4010923206806183,0,0.9701348543167114,0.8937137126922607,0.2273930558219835,0.5492611527442932
136_class-68,4,0.43267136812210083,1,0.9868443608283997,0.9261497259140015,0.2651482807317153,0.8930057287216187
136_class-68,5,0.4091937243938446,0,0.9724013805389404,0.9341109991073608,0.17658585648389,0.7933716177940369
137_class-56,0,0.3817494511604309,0,0.9198877811431885,0.7036046981811523,1.0,0.4814346432685852
137_class-56,1,0.43169617652893066,1,0.9801815748214722,0.8715734481811523,0.1554346887680221,0.8034608960151672
137_class-56,2,0.5939905643463135,0,0.9866036772727966,0.8242123126983643,0.00013903509643077046,0.6780731081962585
137_class-56,3,0.422087699174881,0,0.9713167548179626,0.7436932325363159,0.0004699333056193179,0.8171709775924683
137_class-56,4,0.4430825114250183,0,0.9545650482177734,0.8830479383468628,0.0,0.7903788089752197
137_class-56,5,0.4081180989742279,0,0.9632840752601624,0.7040668725967407,0.0,0.3743349313735962
138_class-56,0,0.4661957323551178,0,0.9973503947257996,0.9663533568382263,1.0,0.977243185043335
138_class-56,1,0.29672595858573914,0,0.9085226058959961,0.865099310874939,0.03454524101135849,0.45166364312171936
138_class-56,2,0.4420718848705292,0,0.9956997632980347,0.9733513593673706,0.13851500948275142,0.9547774791717529
138_class-56,3,0.44487446546554565,0,0.979602575302124,0.9905073642730713,0.3675410639862711,0.9713221192359924
138_class-56,4,0.4491715133190155,1,0.9934935569763184,0.9949049949645996,0.4072730226638867,0.9829555749893188
138_class-56,5,0.4495721459388733,0,0.9931823015213013,0.9908913373947144,0.9851866720192693,0.980212926864624
139_class-36,0,0.5412487387657166,0,0.9885990619659424,0.9317641258239746,1.0,0.7135987281799316
139_class-36,1,0.5108173489570618,0,0.9824000597000122,0.9958851337432861,0.6785903726296247,0.9858464002609253
139_class-36,2,0.9095471501350403,1,0.9943057298660278,0.9854012727737427,0.20746318053946716,0.9811822175979614
139_class-36,3,0.5106784105300903,0,0.9823153614997864,0.9960613250732422,0.207431159300519,0.9856882691383362
139_class-36,4,0.8720824718475342,0,0.9860022068023682,0.9342540502548218,0.2042250045244402,0.9153975248336792
139_class-36,5,0.5047284960746765,0,0.9824814796447754,0.9956759214401245,0.18695926011867273,0.9651193618774414
140_class-4,0,0.8427188396453857,0,0.9953625798225403,1.000694751739502,1.0,0.9912543892860413
140_class-4,1,0.8423483967781067,0,0.9951142072677612,1.0033354759216309,0.9972346701457825,0.9916302561759949
140_class-4,2,0.8432469367980957,0,0.9955823421478271,1.0018202066421509,0.9865543358012084,0.9847894906997681
140_class-4,3,0.842186689376831,1,0.9952827095985413,1.0058443546295166,0.9865683284873413,0.9919609427452087
140_class-4,4,0.842579185962677,0,0.9953356385231018,1.003191351890564,0.9982279808905459,0.9915716052055359
140_class-4,5,0.8421895503997803,0,0.9953610897064209,0.9968509674072266,0.9958272421476929,0.987854540348053
141_class-60,0,0.3923802971839905,0,0.9583410620689392,0.9454336166381836,1.0,0.9689778685569763
141_class-60,1,0.3921569287776947,0,0.9605212211608887,1.0067871809005737,0.993549657787188,0.9937757849693298
141_class-60,2,0.3002457916736603,1,0.9890035390853882,1.0010989904403687,0.4446995662928577,0.9852469563484192
141_class-60,3,0.3922550082206726,0,0.9594379663467407,1.0052741765975952,0.4445714666252303,0.9929296374320984
141_class-60,4,0.3034803867340088,0,0.9897201061248779,1.0003989934921265,0.44596588029953266,0.9670970439910889
141_class-60,5,0.30155149102211,0,0.9896737337112427,0.9889214038848877,0.9849832337075375,0.9764813780784607
142_class-76,0,0.405681848526001,1,0.9928445816040039,0.9852209091186523,1.0,0.9403733015060425
142_class-76,1,0.44002026319503784,0,0.9789239168167114,0.885260820388794,0.38880685706053947,0.6248800754547119
142_class-76,2,0.41600558161735535,0,0.9840540885925293,0.9057227373123169,0.592911877394636,0.7645050287246704
142_class-76,3,0.39967936277389526,0,0.9810670018196106,0.9561055898666382,0.6239696066642269,0.8775428533554077
142_class-76,4,0.43915191292762756,0,0.9587129354476929,0.8316611051559448,0.2287979547425928,0.7388578653335571
142_class-76,5,0.4378158450126648,0,0.9466134309768677,0.9352089762687683,0.4268292682926829,0.9392883777618408
143_class-16,0,0.3307492733001709,0,0.9821715354919434,0.9925446510314941,1.0,0.9658418893814087
143_class-16,1,0.3307687044143677,0,0.982356071472168,0.9876230955123901,0.9972249359328321,0.9634369015693665
143_class-16,2,0.3304959833621979,0,0.9812439680099487,0.9910074472427368,0.9955461923479343,0.9669432640075684
143_class-16,3,0.33068424463272095,0,0.9822025299072266,0.989230751991272,0.9972421010946737,0.965715765953064
143_class-16,4,0.3308468759059906,1,0.9821640253067017,0.9931631088256836,0.9946768705081682,0.971238374710083
143_class-16,5,0.3307513892650604,0,0.982132077217102,0.9917685985565186,0.9951536559519605,0.9670413136482239
144_class-60,0,0.5570827126502991,0,0.925317645072937,0.9028432369232178,1.0,0.6302009224891663
144_class-60,1,0.42345136404037476,0,0.9899504780769348,0.9004875421524048,0.020171384056089328,0.5078642964363098
144_class-60,2,0.4016207158565521,1,0.9892929792404175,0.9571846723556519,0.08249917500824992,0.9775049686431885
144_class-60,3,0.7191166877746582,0,0.9800170660018921,0.9245185852050781,0.15073305957869457,0.5408507585525513
144_class-60,4,0.3883150815963745,0,0.9855945110321045,0.8750413656234741,0.14357614824583834,0.7244289517402649
144_class-60,5,0.6702699065208435,0,0.9884786009788513,0.8755186796188354,0.04512011346511834,0.5665872097015381
145_class-24,0,0.42314594984054565,0,0.9899359345436096,0.9198050498962402,1.0,0.8889234066009521
145_class-24,1,0.4679048955440521,0,0.9943815469741821,0.9363168478012085,0.683529945553539,0.9095731377601624
145_class-24,2,0.44097045063972473,1,0.9975606203079224,0.997407078742981,0.8684013197360528,0.9861757159233093
145_class-24,3,0.4414469003677368,0,0.9970539808273315,0.9026442170143127,0.9460919727006825,0.9352208971977234
145_class-24,4,0.44313865900039673,0,0.9981127977371216,0.9393155574798584,0.9735709401021763,0.956570029258728
145_class-24,5,0.5507174134254456,0,0.9969708919525146,0.9300673007965088,0.7795463970142589,0.9340744614601135
146_class-4,0,0.2171098291873932,0,0.9525859355926514,0.9659875631332397,1.0,0.7575045824050903
146_class-4,1,0.1510235071182251,0,0.9348783493041992,1.0076991319656372,0.8030997056659308,0.9597892165184021
146_class-4,2,0.3674450218677521,0,0.9444239735603333,0.9460281133651733,0.42123300274164166,0.5547462105751038
146_class-4,3,0.9538506865501404,1,0.9913797378540039,0.9994643926620483,0.0942033224145999,0.9918110370635986
146_class-4,4,0.5465853214263916,0,0.9630079865455627,0.9277547597885132,0.28409748283074004,0.7329784631729126
146_class-4,5,0.21049632132053375,0,0.9424167275428772,0.9574811458587646,0.29445543495695875,0.6891239881515503
147_class-36,0,0.46726351976394653,0,0.993912935256958,0.9655033349990845,1.0,0.954001247882843
147_class-36,1,0.4655749201774597,0,0.9937335252761841,0.9880024194717407,0.9842654697665036,0.9831386804580688
147_class-36,2,0.4656320810317993,0,0.9930154085159302,0.9717918634414673,0.9902683798372994,0.965375542640686
147_class-36,3,0.4656703770160675,1,0.9940266013145447,0.9952298402786255,0.9864583861642238,0.9883512258529663
147_class-36,4,0.46598756313323975,0,0.9924800395965576,0.9409993886947632,0.9382982374426985,0.8572980165481567
147_class-36,5,0.4657367765903473,0,0.9940152168273926,0.9952354431152344,0.9377958743162698,0.9874774217605591
148_class-12,0,0.031165679916739464,1,0.9840013980865479,1.0148193836212158,1.0,0.9961351156234741
148_class-12,1,0.8380424380302429,0,0.6872926354408264,0.9658119678497314,0.0,0.8997747898101807
148_class-12,2,0.031237853690981865,0,0.9841004014015198,1.0121734142303467,0.0,0.9943576455116272
148_class-12,3,0.03128686174750328,0,0.9842886924743652,1.0089385509490967,0.9984097691220355,0.9920316934585571
148_class-12,4,0.0312338899821043,0,0.9840909242630005,1.0122665166854858,0.9987038491751767,0.9943583011627197
148_class-12,5,0.03125255927443504,0,0.9842287302017212,1.0090577602386475,0.99915558784832,0.9922891855239868
149_class-20,0,0.5801317691802979,0,0.87546706199646,0.977502703666687,1.0,0.8256146311759949
149_class-20,1,0.13721705973148346,0,0.9881031513214111,0.9873671531677246,0.005035805262563745,0.9807326793670654
149_class-20,2,0.4390788674354553,0,0.9279147386550903,0.969212532043457,0.13053228949437626,0.8355550765991211
149_class-20,3,0.4374513030052185,0,0.9325322508811951,0.9703733921051025,0.9849946255822286,0.8328856825828552
149_class-20,4,0.137070894241333,1,0.9882978200912476,0.9886966943740845,0.12744152976324766,0.9795420169830322
149_class-20,5,0.5777703523635864,0,0.8765802979469299,0.9779678583145142,0.003676434448387382,0.8319546580314636
150_class-60,0,0.8512191772460938,0,0.9721192121505737,0.9951975345611572,1.0,0.9803988933563232
150_class-60,1,0.9265508651733398,0,0.9742541313171387,1.0079219341278076,0.8286443420888834,0.9926304817199707
150_class-60,2,0.8521002531051636,0,0.9734510183334351,1.000208854675293,0.8297938464725992,0.9852086305618286
150_class-60,3,0.8517817258834839,0,0.9728310704231262,1.0007383823394775,0.9974233230820381,0.9829344153404236
150_class-60,4,0.9265758991241455,1,0.9744530916213989,1.0085678100585938,0.8290447655974621,0.9925174117088318
150_class-60,5,0.9266021251678467,0,0.9742603302001953,1.0088540315628052,0.9994529268413985,0.9925799369812012
151_class-4,0,0.7969073057174683,0,0.9564952254295349,0.9489140510559082,1.0,0.9289492964744568
151_class-4,1,0.8173383474349976,0,0.9638843536376953,0.9642459154129028,0.917958628891815,0.9134437441825867
151_class-4,2,0.9511173367500305,0,0.9841797351837158,0.9940650463104248,0.705484682418471,0.9760974049568176
151_class-4,3,0.9562718868255615,0,0.9847217798233032,1.0014864206314087,0.983550185873606,0.9908618927001953
151_class-4,4,0.9493454694747925,0,0.9841344952583313,0.9951345920562744,0.9781942078364566,0.9775519371032715
151_class-4,5,0.9564263224601746,1,0.9849435091018677,1.0014287233352661,0.9781073883693565,0.9909452199935913
152_class-0,0,0.4535965025424957,1,0.9778274297714233,0.9885849952697754,1.0,0.9829580187797546
152_class-0,1,0.43812695145606995,0,0.9908756613731384,0.954001784324646,0.6280510987757585,0.9329503178596497
152_class-0,2,0.45347532629966736,0,0.9781040549278259,0.9867691993713379,0.6281929631457092,0.9834376573562622
152_class-0,3,0.43941351771354675,0,0.9875566959381104,0.9623712301254272,0.6601014270550772,0.9436069130897522
152_class-0,4,0.46380773186683655,0,0.988187849521637,0.9485512971878052,0.6473784921546115,0.9596143364906311
152_class-0,5,0.45320600271224976,0,0.9772531986236572,0.9785983562469482,0.9410207939508507,0.9838356971740723
153_class-36,0,0.45788323879241943,0,0.99233478307724,0.9665833711624146,1.0,0.8948731422424316
153_class-36,1,0.526792049407959,0,0.9968507289886475,0.9718220233917236,0.19411867061075344,0.9839398264884949
153_class-36,2,0.5097657442092896,0,0.9959685802459717,0.8473510146141052,0.9465214564369311,0.981397271156311
153_class-36,3,0.4767073094844818,0,0.9916881322860718,0.8925133943557739,0.29431050136184805,0.8177348971366882
153_class-36,4,0.557741105556488,0,0.9969159364700317,0.9761271476745605,0.3023358959195742,0.9876562356948853
153_class-36,5,0.5480909943580627,1,0.9968664050102234,0.9790245294570923,0.9655482324745357,0.9878671765327454
154_class-28,0,0.4070113003253937,0,0.9665755033493042,0.9413836002349854,1.0,0.8196859359741211
154_class-28,1,0.4289945960044861,0,0.9789842367172241,0.8922361135482788,0.5159301298616336,0.4293094873428345
154_class-28,2,0.4481733739376068,0,0.9698494672775269,0.9252924919128418,0.294670611587581,0.6993230581283569
154_class-28,3,0.43884575366973877,1,0.9716187715530396,0.9611778259277344,0.4234129399548856,0.8435366749763489
154_class-28,4,0.33886104822158813,0,0.9492158889770508,0.9839555025100708,0.3832944142505838,0.8985351324081421
154_class-28,5,0.39796650409698486,0,0.9734059572219849,0.9075051546096802,0.45370921019816984,0.6225124597549438
155_class-48,0,0.6561486721038818,0,0.9629222750663757,1.0085278749465942,1.0,0.9764716029167175
155_class-48,1,0.6562341451644897,0,0.962945818901062,1.0072227716445923,0.9990973592510181,0.9720390439033508
155_class-48,2,0.32335805892944336,1,0.9977781772613525,1.0051683187484741,0.24627742124910867,0.9889218211174011
155_class-48,3,0.32309234142303467,0,0.9979108572006226,1.0025153160095215,0.9967393605759052,0.9857993125915527
155_class-48,4,0.7108662724494934,0,0.9473345279693604,0.9690272808074951,0.22309614051086224,0.8989875912666321
155_class-48,5,0.6561229825019836,0,0.9630359411239624,1.004921317100525,0.8975087081629562,0.9690096378326416
156_class-48,0,0.4392693042755127,0,0.9542694687843323,1.0027873516082764,1.0,0.996049165725708
156_class-48,1,0.7019256353378296,0,0.9578898549079895,0.975544810295105,0.4340830389310574,0.9639977216720581
156_class-48,2,0.43944448232650757,0,0.9537750482559204,0.9809055924415588,0.4355150026320407,0.9945871233940125
156_class-48,3,0.7088899612426758,0,0.9599459171295166,0.9669414758682251,0.40714285714285714,0.9538998007774353
156_class-48,4,0.4325200021266937,0,0.9539977312088013,0.9621645212173462,0.3574918063199555,0.9657324552536011
156_class-48,5,0.40241649746894836,1,0.9757257699966431,0.992080569267273,0.2944217481212488,0.9524250626564026
157_class-8,0,0.46071913838386536,0,0.9667032957077026,0.9840101003646851,1.0,0.9849756956100464
157_class-8,1,0.3638811409473419,1,0.9750775694847107,0.9919439554214478,0.22844193129982365,0.9832266569137573
157_class-8,2,0.461343377828598,0,0.967025876045227,0.9620489478111267,0.2272262176226393,0.9836015105247498
157_class-8,3,0.36343449354171753,0,0.9752991199493408,0.9902688264846802,0.22736612021857924,0.9841791391372681
157_class-8,4,0.3642383813858032,0,0.9755498766899109,0.9564212560653687,0.9910975343661357,0.9462683796882629
157_class-8,5,0.4606669545173645,0,0.9672207832336426,0.9981201887130737,0.2267324283822909,0.9892871975898743
158_class-4,0,0.9511278867721558,0,0.97688227891922,1.0007295608520508,1.0,0.983822226524353
158_class-4,1,0.9512217044830322,0,0.9770384430885315,1.0008165836334229,0.9985576069589917,0.984221875667572
158_class-4,2,0.9508688449859619,0,0.9769561886787415,1.0006990432739258,0.9982476765077746,0.9841226935386658
158_class-4,3,0.9508269429206848,0,0.9769541025161743,1.000919222831726,0.999134448932487,0.9839556217193604
158_class-4,4,0.951159656047821,0,0.9769066572189331,1.0013713836669922,0.998491737828546,0.9842585921287537
158_class-4,5,0.9514797925949097,1,0.9771617650985718,1.0010299682617188,0.997918097052114,0.9844094514846802
159_class-76,0,0.4352629780769348,1,0.9953213930130005,0.9925810098648071,1.0,0.9865750074386597
159_class-76,1,0.09097205847501755,0,0.8453506827354431,0.9648857116699219,0.013734577615510512,0.7778483033180237
159_class-76,2,0.5308555364608765,0,0.996732771396637,0.9375070333480835,0.04109691546677589,0.9301053285598755
159_class-76,3,0.5520430207252502,0,0.9936479330062866,0.9005266427993774,0.779244845957841,0.8955696225166321
159_class-76,4,0.5230642557144165,0,0.996810793876648,0.8963183164596558,0.7228481297881929,0.8714577555656433
159_class-76,5,0.5873889327049255,0,0.9835528135299683,0.8606985807418823,0.14167766385815314,0.44908109307289124
160_class-56,0,0.4828788936138153,0,0.9970111846923828,0.7470136284828186,1.0,0.7796429991722107
160_class-56,1,0.41389936208724976,0,0.950439453125,0.8949594497680664,0.008602950834026532,0.7272043228149414
160_class-56,2,0.48203104734420776,0,0.995566725730896,0.8679769039154053,0.007077462502434907,0.9473319053649902
160_class-56,3,0.48096704483032227,1,0.9944941997528076,0.9840333461761475,0.8090080797662025,0.9923787117004395
160_class-56,4,0.4859442412853241,0,0.993107795715332,0.5496719479560852,0.367148190228859,0.6693592667579651
160_class-56,5,0.4390775263309479,0,0.9743021726608276,0.9120371341705322,0.0001617704154264268,0.8495078086853027
161_class-24,0,0.36987602710723877,0,0.9339073896408081,0.9335799217224121,1.0,0.6994191408157349
161_class-24,1,0.3156793713569641,0,0.8164243102073669,0.8995894193649292,0.5613183533748793,0.287200003862381
161_class-24,2,0.2401236742734909,0,0.7647544145584106,0.9129185676574707,0.5461687687723985,0.3387048542499542
161_class-24,3,0.4544188976287842,0,0.9722650051116943,0.8879125118255615,0.13955376900745073,0.4721220135688782
161_class-24,4,0.3685283362865448,0,0.90618896484375,0.9388632774353027,0.28984309268307085,0.6996073126792908
161_class-24,5,0.36080530285835266,1,0.9613483548164368,0.9462023973464966,0.15909803468589628,0.8367917537689209
162_class-64,0,0.26565271615982056,0,0.8099125027656555,0.9560532569885254,1.0,0.7875495553016663
162_class-64,1,0.2933785319328308,0,0.8726856708526611,0.9454895257949829,0.44982147451383964,0.6302589178085327
162_class-64,2,0.3583056330680847,0,0.8720729947090149,0.9164305925369263,0.6396411874813496,0.6928145289421082
162_class-64,3,0.36669474840164185,1,0.9071556329727173,0.9419310092926025,0.9075629123056873,0.8348731398582458
162_class-64,4,0.35349056124687195,0,0.8652536869049072,0.9227157831192017,0.8989832645876573,0.690327525138855
162_class-64,5,0.26963672041893005,0,0.8011459708213806,0.9421088695526123,0.58248903552891,0.703502357006073
163_class-36,0,0.35123705863952637,1,0.9685072302818298,0.973203182220459,1.0,0.94772869348526
163_class-36,1,0.4983576238155365,0,0.9734329581260681,0.8545593023300171,0.030715424574396955,0.5755485892295837
163_class-36,2,0.34884849190711975,0,0.9681483507156372,0.9711189270019531,0.030031584942784652,0.9390218257904053
163_class-36,3,0.35432299971580505,0,0.9582375884056091,0.9636706113815308,0.9640147933345942,0.9184150099754333
163_class-36,4,0.3873558044433594,0,0.9812358617782593,0.905601978302002,0.6089445361576228,0.5389848351478577
163_class-36,5,0.5934174656867981,0,0.9832271933555603,0.9241424798965454,0.04550824837001707,0.5126596689224243
164_class-8,0,0.4702734649181366,0,0.9567919373512268,0.8480585813522339,1.0,0.9349036812782288
164_class-8,1,0.8121755123138428,1,0.9924668669700623,0.9231451749801636,0.0035376353252067174,0.9120652675628662
164_class-8,2,0.6015586256980896,0,0.9769555330276489,0.9166814088821411,0.3384716466188214,0.9053924083709717
164_class-8,3,0.5789487957954407,0,0.9822648763656616,0.9384032487869263,0.18658179830906227,0.9294191002845764
164_class-8,4,0.7223712205886841,0,0.991758406162262,0.8629946708679199,0.2498038292529818,0.8478492498397827
164_class-8,5,0.6277096271514893,0,0.9323458671569824,0.9186598062515259,0.22933011466505734,0.8742565512657166
165_class-36,0,0.9629104733467102,0,0.9988861680030823,0.9910600185394287,1.0,0.9904637336730957
165_class-36,1,0.9593018889427185,1,0.9989417791366577,0.996361494064331,0.9920724801812004,0.9901829361915588
165_class-36,2,0.9641149640083313,0,0.9989504218101501,0.9579100608825684,0.9862478394829789,0.981530487537384
165_class-36,3,0.41946375370025635,0,0.9669114947319031,0.9875103235244751,0.12805731889469754,0.9488983750343323
165_class-36,4,0.8320493698120117,0,0.9934571385383606,0.9342739582061768,0.1346334036074022,0.9484720826148987
165_class-36,5,0.9673385620117188,0,0.9987673163414001,0.9870147705078125,0.7093777834330067,0.9898512363433838
166_class-48,0,0.5773452520370483,0,0.9967827796936035,0.9829469919204712,1.0,0.9888389706611633
166_class-48,1,0.6806730031967163,0,0.9968276023864746,0.8912245035171509,0.3852924349777758,0.7254759669303894
166_class-48,2,0.5773090720176697,1,0.9968883991241455,1.0008206367492676,0.3850655636715656,0.9923694729804993
166_class-48,3,0.5574457049369812,0,0.9968045949935913,0.992107629776001,0.6979523427821905,0.9836215376853943
166_class-48,4,0.6536551713943481,0,0.9959313869476318,0.8764764070510864,0.4022123341788997,0.8077354431152344
166_class-48,5,0.6808043718338013,0,0.996221125125885,0.9653788805007935,0.5153336352035566,0.9622834920883179
167_class-52,0,0.8655369281768799,0,0.9979177713394165,0.9831045866012573,1.0,0.9792145490646362
167_class-52,1,0.6244767904281616,1,0.9992488026618958,0.9774700403213501,0.4255231466642245,0.9801172614097595
167_class-52,2,0.7436344623565674,0,0.9988705515861511,0.9728416204452515,0.5769350133449196,0.9701408743858337
167_class-52,3,0.7803022861480713,0,0.9988501071929932,0.9732048511505127,0.510652566417333,0.9728167653083801
167_class-52,4,0.7520037889480591,0,0.998847484588623,0.9720357656478882,0.5370939065783094,0.9747867584228516
167_class-52,5,0.7614440321922302,0,0.9982089400291443,0.9595210552215576,0.8759128251939754,0.9411208033561707
168_class-68,0,0.7462377548217773,0,0.9876939654350281,0.8181607723236084,1.0,0.7526440024375916
168_class-68,1,0.9396339654922485,0,0.9957282543182373,0.858087420463562,0.5486876377479463,0.9206981658935547
168_class-68,2,0.9317467212677002,0,0.9966161847114563,0.8870275020599365,0.9255169996494917,0.9154679775238037
168_class-68,3,0.9035962820053101,1,0.9980781078338623,0.9708085060119629,0.8913558076891682,0.9788066744804382
168_class-68,4,0.5761064887046814,0,0.989253044128418,0.8927897214889526,0.23434043360091017,0.7198686003684998
168_class-68,5,0.5333198308944702,0,0.9865131974220276,0.9168566465377808,0.3139632376652693,0.7627887725830078
169_class-40,0,0.6532683968544006,1,0.9970207810401917,0.9774129390716553,1.0,0.9719520807266235
169_class-40,1,0.6413198709487915,0,0.9973381757736206,0.9640915393829346,0.9318462055823338,0.9523888826370239
169_class-40,2,0.6401901841163635,0,0.9967281818389893,0.9626238346099854,0.7426313920454546,0.9510123133659363
169_class-40,3,0.7397165894508362,0,0.9958047270774841,0.9472429752349854,0.6510749564206857,0.9606649875640869
169_class-40,4,0.5584107637405396,0,0.9919823408126831,0.7935011386871338,0.31722272884500485,0.7759421467781067
169_class-40,5,0.7159020304679871,0,0.9963656067848206,0.9246642589569092,0.32816067233563845,0.8975496888160706
170_class-76,0,0.4862079620361328,0,0.999001145362854,0.9749051332473755,1.0,0.9657589197158813
170_class-76,1,0.4880790710449219,0,0.9988433122634888,0.9411282539367676,0.9790747330960854,0.9044688940048218
170_class-76,2,0.4854007065296173,0,0.99894118309021,0.9431689977645874,0.9768488745980708,0.9327627420425415
170_class-76,3,0.5251065492630005,0,0.9969031810760498,0.9154988527297974,0.8411302145808344,0.7655923962593079
170_class-76,4,0.4894059896469116,0,0.998934268951416,0.9411375522613525,0.8536341186678236,0.9124117493629456
170_class-76,5,0.46694669127464294,1,0.9982771873474121,0.9797481298446655,0.9267179925862561,0.972882866859436
171_class-0,0,0.6466753482818604,0,0.9870467782020569,0.8636748790740967,1.0,0.57186359167099
171_class-0,1,0.4347682595252991,0,0.9825824499130249,0.9474436044692993,0.15216412817795072,0.8711767792701721
171_class-0,2,0.397530198097229,0,0.9828542470932007,0.9659085273742676,0.5293943244387971,0.94065922498703
171_class-0,3,0.8482905626296997,0,0.9869952201843262,0.9525723457336426,0.16237046994902818,0.8609465956687927
171_class-0,4,0.8000192046165466,1,0.989499032497406,0.9825869798660278,0.8880206586625529,0.9270695447921753
171_class-0,5,0.6414704322814941,0,0.9864583015441895,0.939857006072998,0.6598020097131998,0.8936415910720825
172_class-76,0,0.3363906443119049,0,0.9339128732681274,0.9861090183258057,1.0,0.9273515939712524
172_class-76,1,0.3686204254627228,0,0.9770911335945129,0.9774357080459595,0.14175345321078747,0.9355877637863159
172_class-76,2,0.4580727517604828,1,0.9982640743255615,0.9347072839736938,0.1682721088435374,0.8608304858207703
172_class-76,3,0.3694290816783905,0,0.9778658747673035,0.975149393081665,0.16600660967415945,0.9164940714836121
172_class-76,4,0.37012845277786255,0,0.9759817719459534,0.9753615856170654,0.9827270698504798,0.9298789501190186
172_class-76,5,0.3922291696071625,0,0.9812389016151428,0.9109992980957031,0.139005562492905,0.7397317290306091
173_class-24,0,0.4689312279224396,0,0.9961886405944824,0.9208768606185913,1.0,0.9350181221961975
173_class-24,1,0.48112356662750244,0,0.9985851049423218,0.9285199642181396,0.42445635045698077,0.9365548491477966
173_class-24,2,0.43136096000671387,0,0.9940662980079651,0.9563931226730347,0.20439950428120776,0.9179888367652893
173_class-24,3,0.4395730495452881,1,0.9939392805099487,0.9672355651855469,0.6414946762880355,0.9429438710212708
173_class-24,4,0.4328610301017761,0,0.9936506748199463,0.9610904455184937,0.5593738623953404,0.89506995677948
173_class-24,5,0.4614216387271881,0,0.9968622922897339,0.9448806047439575,0.5367444854016734,0.9397913217544556
174_class-72,0,0.7888706922531128,0,0.9084354639053345,0.7867055535316467,1.0,0.6748907566070557
174_class-72,1,0.6101579070091248,0,0.9142645597457886,0.9269089698791504,0.5036451757422719,0.9097504019737244
174_class-72,2,0.4490279257297516,1,0.9545424580574036,0.9089213609695435,0.45136637332098195,0.7536617517471313
174_class-72,3,0.6371141672134399,0,0.9128328561782837,0.9347414970397949,0.47366847354308533,0.845892608165741
174_class-72,4,0.6217778921127319,0,0.9092605113983154,0.944199800491333,0.9672620239477794,0.9364410042762756
174_class-72,5,0.38224682211875916,0,0.8890620470046997,0.9496594667434692,0.4726945917845877,0.8512260913848877
175_class-52,0,0.2362118363380432,0,0.9501433372497559,1.0147614479064941,1.0,0.9905482530593872
175_class-52,1,0.23616386950016022,1,0.9501201510429382,1.0152981281280518,0.9995880758807588,0.9902235269546509
175_class-52,2,0.23614491522312164,0,0.950210452079773,1.0138294696807861,0.9994870127524295,0.9904341697692871
175_class-52,3,0.23617269098758698,0,0.950078010559082,1.0147022008895874,0.9995448042658344,0.9907678365707397
175_class-52,4,0.2362479418516159,0,0.9501074552536011,1.0140414237976074,0.9996169579231893,0.990484893321991
175_class-52,5,0.23622792959213257,0,0.9499435424804688,1.0145628452301025,0.9997108635782078,0.9904254078865051
176_class-24,0,0.4147169589996338,0,0.9890583753585815,0.9461328983306885,1.0,0.8380155563354492
176_class-24,1,0.44346386194229126,1,0.9945837259292603,0.98445725440979,0.587548367663755,0.9764918684959412
176_class-24,2,0.44469186663627625,0,0.9941956996917725,0.9779956340789795,0.9737028301886792,0.9732732176780701
176_class-24,3,0.43524059653282166,0,0.9935460686683655,0.9656777381896973,0.8300723666577325,0.976017415523529
176_class-24,4,0.4226396977901459,0,0.9898245334625244,0.9422481060028076,0.6573770120667406,0.799651026725769
176_class-24,5,0.4358586370944977,0,0.9933354258537292,0.9464612007141113,0.6599330433396342,0.9132289886474609
177_class-16,0,0.45668894052505493,0,0.9882221221923828,0.9792413711547852,1.0,0.9503821730613708
177_class-16,1,0.964637041091919,1,0.9911970496177673,1.002817153930664,0.14370179572363126,0.9921677112579346
177_class-16,2,0.7912479639053345,0,0.9907070398330688,0.9403102397918701,0.6330640070698145,0.8441693782806396
177_class-16,3,0.5287472009658813,0,0.9922049641609192,0.8076310157775879,0.1103114968074223,0.3290072977542877
177_class-16,4,0.964331865310669,0,0.9912503957748413,1.001757025718689,0.13704384352848517,0.9934883117675781
177_class-16,5,0.4571302831172943,0,0.9881998896598816,0.9834644794464111,0.1349609464913223,0.9584192633628845
178_class-48,0,0.41841578483581543,1,0.989973783493042,1.0031317472457886,1.0,0.9920661449432373
178_class-48,1,0.41774123907089233,0,0.9905573129653931,0.9779222011566162,0.9817073170731707,0.9847504496574402
178_class-48,2,0.41808784008026123,0,0.9902476072311401,0.9956434965133667,0.9895211509555508,0.9900110960006714
178_class-48,3,0.35188230872154236,0,0.9838192462921143,0.9658286571502686,0.37504194349372527,0.8507668375968933
178_class-48,4,0.41259804368019104,0,0.9875585436820984,0.9366682767868042,0.33692523085151566,0.8183251023292542
178_class-48,5,0.324165940284729,0,0.9782131314277649,0.9901193380355835,0.13709502438133087,0.9359470009803772
179_class-4,0,0.9486703276634216,0,0.9300463199615479,1.00899338722229,1.0,0.9892628192901611
179_class-4,1,0.9481517672538757,0,0.9313206076622009,1.0111795663833618,0.9909497519043958,0.98456871509552
179_class-4,2,0.7001774907112122,1,0.9827157258987427,0.9930596351623535,0.6978748574084245,0.9555166959762573
179_class-4,3,0.9479437470436096,0,0.9312429428100586,1.0127416849136353,0.6972233377720474,0.982944905757904
179_class-4,4,0.9478276968002319,0,0.9311339855194092,1.0119991302490234,0.9982927448711798,0.9824309945106506
179_class-4,5,0.948661208152771,0,0.9302869439125061,1.009792685508728,0.9895934459662381,0.9898942708969116
180_class-0,0,0.607300877571106,0,0.9358258843421936,0.9610072374343872,1.0,0.9644455313682556
180_class-0,1,0.6302515864372253,0,0.9475502967834473,0.9462692737579346,0.9197929458991931,0.9239983558654785
180_class-0,2,0.6075620651245117,0,0.9351814389228821,0.9639239311218262,0.9185568097900623,0.9635544419288635
180_class-0,3,0.606494128704071,0,0.9433040022850037,0.9639246463775635,0.9868976581850935,0.9419429898262024
180_class-0,4,0.607890248298645,0,0.9349352121353149,0.9870237112045288,0.9890838920502564,0.9710280895233154
180_class-0,5,0.6055549383163452,1,0.9352293610572815,0.9877347946166992,0.9931246735278755,0.9710155725479126
181_class-16,0,0.46367090940475464,0,0.9911539554595947,0.956112265586853,1.0,0.8184575438499451
181_class-16,1,0.4308553636074066,0,0.9906041622161865,0.9231570959091187,0.36414438710681224,0.9072184562683105
181_class-16,2,0.5448331832885742,0,0.9943150877952576,0.9541066884994507,0.5862927408860306,0.8725322484970093
181_class-16,3,0.4159854054450989,0,0.9841980934143066,0.9596379995346069,0.49902112779657565,0.8448315262794495
181_class-16,4,0.5371838808059692,0,0.9898909330368042,0.9700462818145752,0.38263341067285384,0.8874346017837524
181_class-16,5,0.5447185635566711,1,0.9943588972091675,0.9642760753631592,0.7438352794231752,0.9197055101394653
182_class-68,0,0.4736028015613556,0,0.9879257678985596,0.9966412782669067,1.0,0.9924957156181335
182_class-68,1,0.46039488911628723,1,0.9954511523246765,0.9900945425033569,0.5993220338983051,0.9895475506782532
182_class-68,2,0.4348815679550171,0,0.9920504093170166,0.9762026071548462,0.5459514545117657,0.9251180291175842
182_class-68,3,0.4735804498195648,0,0.9877529144287109,0.996216893196106,0.32800914483440435,0.9924103617668152
182_class-68,4,0.46039116382598877,0,0.992699384689331,0.9583933353424072,0.5981266222773953,0.9847514033317566
182_class-68,5,0.4732618033885956,0,0.9865593314170837,0.9940423965454102,0.6021704903283851,0.9917889833450317
183_class-36,0,0.9074995517730713,0,0.9976050853729248,0.9748364686965942,1.0,0.9770361185073853
183_class-36,1,0.43977028131484985,0,0.9775264859199524,0.970643162727356,0.16556736289239038,0.9446336030960083
183_class-36,2,0.6355898976325989,0,0.9910910725593567,0.9340661764144897,0.36054961363287447,0.7280634045600891
183_class-36,3,0.8216419219970703,0,0.9984813928604126,0.9626039266586304,0.42083002907745176,0.9633115530014038
183_class-36,4,0.6867246627807617,0,0.9991028308868408,0.9336271286010742,0.597246366733885,0.9167206883430481
183_class-36,5,0.5981650948524475,1,0.9986381530761719,0.9908326864242554,0.5747022121384004,0.992417573928833
184_class-20,0,0.714168906211853,0,0.7819494009017944,0.9970808029174805,1.0,0.986288845539093
184_class-20,1,0.7141715288162231,0,0.7826909422874451,0.9983004331588745,0.998031005433428,0.9869426488876343
184_class-20,2,0.712211012840271,0,0.7829314470291138,0.9955841302871704,0.9932405467424923,0.9857248663902283
184_class-20,3,0.7147796154022217,1,0.7826969623565674,1.0054718255996704,0.9897758650712705,0.9916565418243408
184_class-20,4,0.7118757963180542,0,0.7835477590560913,0.9939072132110596,0.9875220601029058,0.9871551394462585
184_class-20,5,0.7144789695739746,0,0.7822667360305786,1.005937933921814,0.9882080752294947,0.9910748600959778
185_class-16,0,0.9663240909576416,0,0.9867987632751465,0.9773409366607666,1.0,0.9539340734481812
185_class-16,1,0.4557749032974243,0,0.9942070841789246,0.9161200523376465,0.14134805008178802,0.6526967883110046
185_class-16,2,0.44698143005371094,0,0.9838063716888428,0.9358837604522705,0.4407899621352736,0.5435922145843506
185_class-16,3,0.6140799522399902,0,0.9869630336761475,0.9406484365463257,0.2713021302130213,0.6124652624130249
185_class-16,4,0.5305535197257996,0,0.9952837228775024,0.8895291090011597,0.5165390876658238,0.9168058037757874
185_class-16,5,0.917370080947876,1,0.9890061020851135,0.9792441129684448,0.21827484442163342,0.9603932499885559
186_class-72,0,0.4483255445957184,1,0.9890627264976501,0.9933857917785645,1.0,0.9888274073600769
186_class-72,1,0.4672466814517975,0,0.9908832311630249,0.9776488542556763,0.3239196461874567,0.9805177450180054
186_class-72,2,0.16183431446552277,0,0.851762056350708,0.9778568744659424,0.0,0.9689882397651672
186_class-72,3,0.7584052085876465,0,0.9882931709289551,0.9847352504730225,0.0004028154681139756,0.920362114906311
186_class-72,4,0.4667361080646515,0,0.9911923408508301,0.9683938026428223,0.4288412017167382,0.9913329482078552
186_class-72,5,0.16204723715782166,0,0.8521388173103333,0.9746115207672119,0.0,0.9682256579399109
187_class-64,0,0.36156848073005676,0,0.991225004196167,0.9901738166809082,1.0,0.9729756712913513
187_class-64,1,0.40330904722213745,0,0.9949970245361328,0.9788459539413452,0.5703750487619118,0.9746591448783875
187_class-64,2,0.36188340187072754,0,0.9912850856781006,0.9808405637741089,0.5648811069481026,0.946366012096405
187_class-64,3,0.36185356974601746,0,0.9912935495376587,0.9895968437194824,0.9902184058241553,0.9726735353469849
187_class-64,4,0.40737131237983704,0,0.9960871934890747,0.9722648859024048,0.47078293852429687,0.9535066485404968
187_class-64,5,0.39313480257987976,1,0.9966326951980591,0.9791543483734131,0.7895283947915527,0.9779344201087952
188_class-24,0,0.46197304129600525,0,0.9831849932670593,0.7798839807510376,1.0,0.8086944818496704
188_class-24,1,0.4754043519496918,0,0.9858415126800537,0.7570101618766785,0.7249681719463791,0.8964873552322388
188_class-24,2,0.10304680466651917,0,0.4062083661556244,0.9620048999786377,0.09216390167359245,0.7768853902816772
188_class-24,3,0.46936166286468506,1,0.9908466339111328,0.8843527436256409,0.05233523753901188,0.9342651963233948
188_class-24,4,0.10298366844654083,0,0.45524320006370544,0.9673141241073608,0.0534800857422716,0.8087132573127747
188_class-24,5,0.47676482796669006,0,0.9792380332946777,0.8374915719032288,0.07062263160135682,0.8558682203292847
189_class-76,0,0.513847827911377,0,0.9975471496582031,0.9850350618362427,1.0,0.9736045598983765
189_class-76,1,0.53226238489151,0,0.996041476726532,0.9716296195983887,0.8794227750271706,0.9623127579689026
189_class-76,2,0.5603420734405518,1,0.9959694147109985,0.9953161478042603,0.725955787888185,0.9778252840042114
189_class-76,3,0.500264048576355,0,0.9978612661361694,0.9844120144844055,0.5741921204072599,0.9812374711036682
189_class-76,4,0.6741971969604492,0,0.9910455346107483,0.983238935470581,0.38505156153597553,0.9734238386154175
189_class-76,5,0.5606245994567871,0,0.9959483742713928,0.993878960609436,0.4336795591335043,0.9797402024269104
190_class-4,0,0.9520174860954285,0,0.9851445555686951,1.0051051378250122,1.0,0.9918494820594788
190_class-4,1,0.9518579840660095,1,0.9851438999176025,1.0055729150772095,0.9983655274888559,0.9919500350952148
190_class-4,2,0.9521092176437378,0,0.9851296544075012,1.0048527717590332,0.9988481403039423,0.9917624592781067
190_class-4,3,0.9525880813598633,0,0.985185980796814,1.0047340393066406,0.997958729216152,0.9916523694992065
190_class-4,4,0.9483412504196167,0,0.9854072332382202,1.004349946975708,0.9879325709193525,0.9892843961715698
190_class-4,5,0.9525405168533325,0,0.9851658344268799,1.0051774978637695,0.987602999034964,0.991581380367279
191_class-24,0,0.3648848533630371,0,0.9701663255691528,0.9351861476898193,1.0,0.8375475406646729
191_class-24,1,0.49923965334892273,1,0.996841311454773,0.9244546890258789,0.18953236296066894,0.8991890549659729
191_class-24,2,0.4058759808540344,0,0.9725172519683838,0.840172290802002,0.23533201105290816,0.6243411898612976
191_class-24,3,0.4621874988079071,0,0.9882775545120239,0.7760792970657349,0.31302020886548854,0.5854831337928772
191_class-24,4,0.38407954573631287,0,0.9685360193252563,0.8870421648025513,0.20644081974069428,0.6908868551254272
191_class-24,5,0.42906007170677185,0,0.9880639910697937,0.9012430906295776,0.4666058839392344,0.6376721262931824
192_class-4,0,0.8698866367340088,0,0.9827576875686646,0.9993786811828613,1.0,0.9914966225624084
192_class-4,1,0.8670053482055664,1,0.9836509227752686,0.999475359916687,0.981771326789707,0.9892085790634155
192_class-4,2,0.8698107004165649,0,0.9824572801589966,0.9976905584335327,0.9830752884031573,0.9916375875473022
192_class-4,3,0.8679460287094116,0,0.9829814434051514,0.9954336881637573,0.9884325103348883,0.9871963262557983
192_class-4,4,0.8629329800605774,0,0.9837446808815002,0.9856045246124268,0.9736521009685045,0.8445397615432739
192_class-4,5,0.867071270942688,0,0.9838820099830627,0.9973664283752441,0.9725482699292678,0.9881678819656372
193_class-24,0,0.44085508584976196,0,0.9973002076148987,0.8468826413154602,1.0,0.8630772233009338
193_class-24,1,0.33526870608329773,0,0.9694415330886841,0.9553090333938599,0.21152855113814906,0.7481140494346619
193_class-24,2,0.43637916445732117,0,0.995746910572052,0.9087264537811279,0.23694688603410713,0.7143056392669678
193_class-24,3,0.4534778892993927,1,0.9989485740661621,0.9736028909683228,0.5146688588604018,0.9774912595748901
193_class-24,4,0.3821064829826355,0,0.957360029220581,0.9173139333724976,0.14445143036780886,0.6412287950515747
193_class-24,5,0.41657474637031555,0,0.9925784468650818,0.8758682012557983,0.35933757892445023,0.7893785834312439
194_class-44,0,0.46703073382377625,0,0.9773848652839661,0.9471874237060547,1.0,0.9048221111297607
194_class-44,1,0.4554536044597626,1,0.9865193963050842,0.9897446632385254,0.8828777252993655,0.970419704914093
194_class-44,2,0.548621654510498,0,0.9762812852859497,0.8506392240524292,0.36622119998413766,0.7214035987854004
194_class-44,3,0.44226938486099243,0,0.9760611653327942,0.9397095441818237,0.22776092855676922,0.7796983122825623
194_class-44,4,0.67079758644104,0,0.9835238456726074,0.8442457914352417,0.19778761965018266,0.8177222609519958
194_class-44,5,0.6249668002128601,0,0.9851361513137817,0.9344784021377563,0.6573380633293917,0.9200077056884766
195_class-36,0,0.523588240146637,0,0.9958231449127197,0.9638203382492065,1.0,0.9401525259017944
195_class-36,1,0.7463703155517578,1,0.998836100101471,0.9663090705871582,0.2,0.9670739769935608
195_class-36,2,0.5414789915084839,0,0.979843020439148,0.9135558605194092,0.12789115646258503,0.7913346290588379
195_class-36,3,0.7549384832382202,0,0.9944790601730347,0.9456930160522461,0.13074009054790722,0.8732780814170837
195_class-36,4,0.5511978268623352,0,0.9700033068656921,0.8943891525268555,0.17025800149399528,0.7892249822616577
195_class-36,5,0.8236950039863586,0,0.9986739754676819,0.9521989226341248,0.18991876159406385,0.9882969856262207
196_class-64,0,0.26008108258247375,0,0.9550110101699829,0.954276442527771,1.0,0.8923238515853882
196_class-64,1,0.3851742744445801,1,0.9879509806632996,0.9720771312713623,0.4501150215716613,0.9250265955924988
196_class-64,2,0.2664733827114105,0,0.9517068862915039,1.0044490098953247,0.43736282960653966,0.9851884245872498
196_class-64,3,0.3911726176738739,0,0.9853438138961792,0.9284071922302246,0.4117656414008079,0.700516939163208
196_class-64,4,0.32241618633270264,0,0.9679631590843201,0.9390169382095337,0.45303513054992345,0.7025073766708374
196_class-64,5,0.47302886843681335,0,0.9951722621917725,0.7992305755615234,0.00023831480349390224,0.7499599456787109
197_class-36,0,0.5512678027153015,0,0.9973294138908386,0.9617984294891357,1.0,0.9811747074127197
197_class-36,1,0.4840454161167145,1,0.996427059173584,1.0107386112213135,0.8217384685644695,0.9985975623130798
197_class-36,2,0.48402491211891174,0,0.996482789516449,0.8621277213096619,0.9979689807976366,0.9896811246871948
197_class-36,3,0.5280718207359314,0,0.9972765445709229,0.9575594663619995,0.8523915109280963,0.9692304134368896
197_class-36,4,0.5373555421829224,0,0.9966968297958374,0.9352306127548218,0.7603105288694808,0.96514493227005
197_class-36,5,0.5555544495582581,0,0.9971762895584106,0.9704270362854004,0.8359059605794348,0.9825619459152222
198_class-48,0,0.7424019575119019,0,0.9483165740966797,0.998734712600708,1.0,0.9864382147789001
198_class-48,1,0.7374106645584106,0,0.9490007162094116,0.9999952912330627,0.988552937319135,0.961508572101593
198_class-48,2,0.7417446374893188,0,0.9483312368392944,1.001689076423645,0.9894980166091151,0.9873340725898743
198_class-48,3,0.7418209314346313,0,0.9483909606933594,1.0010249614715576,0.9992584141471763,0.9873365759849548
198_class-48,4,0.7417538166046143,1,0.9484233856201172,1.001524567604065,0.9990874611458066,0.9878929853439331
198_class-48,5,0.744192898273468,0,0.9480999708175659,0.9944974184036255,0.9943231007223854,0.9857409596443176
199_class-12,0,0.5639873743057251,0,0.9834140539169312,0.9699939489364624,1.0,0.9231365323066711
199_class-12,1,0.9024739265441895,0,0.8897460699081421,1.0146229267120361,0.5994825779011081,0.9670270085334778
199_class-12,2,0.5641956329345703,0,0.983586847782135,0.9737361669540405,0.5999236507080488,0.9355567097663879
199_class-12,3,0.9017515182495117,0,0.8892632126808167,1.0121546983718872,0.601378633007166,0.9777411818504333
199_class-12,4,0.5652709007263184,1,0.9835456013679504,0.9924275875091553,0.6031268754887638,0.9731611609458923
199_class-12,5,0.9039126634597778,0,0.8891302347183228,1.003751277923584,0.6032334241598547,0.9752045273780823
200_class-12,0,0.3250630497932434,0,0.9821077585220337,1.004166841506958,1.0,0.9880192279815674
200_class-12,1,0.33548060059547424,1,0.987709641456604,1.0169594287872314,0.9272972681135947,0.99626225233078
200_class-12,2,0.335501104593277,0,0.9877027869224548,1.0166115760803223,0.9997797841885048,0.9961936473846436
200_class-12,3,0.3256915509700775,0,0.9819124937057495,1.00351881980896,0.9256178732860826,0.9852476716041565
200_class-12,4,0.33559802174568176,0,0.9878498315811157,1.0150415897369385,0.9259295235011602,0.9961981177330017
200_class-12,5,0.3354787528514862,0,0.9877511858940125,1.016701579093933,0.9992350220800446,0.996307373046875
201_class-36,0,0.5074974894523621,0,0.9949369430541992,0.9477087259292603,1.0,0.7353407144546509
201_class-36,1,0.9297387599945068,1,0.9940289258956909,0.9825727939605713,0.11581525542337298,0.9898194670677185
201_class-36,2,0.771286129951477,0,0.9952854514122009,0.9726275205612183,0.6253492506985014,0.9883653521537781
201_class-36,3,0.130781352519989,0,0.87569260597229,0.9358489513397217,0.01384794680194694,0.6934452056884766
201_class-36,4,0.7069492936134338,0,0.9952794909477234,0.980189323425293,0.037265591355753046,0.9788147211074829
201_class-36,5,0.558626651763916,0,0.9932706356048584,0.8999223709106445,0.32700433518081545,0.6854188442230225
202_class-64,0,0.9685770869255066,0,0.996796727180481,1.0148475170135498,1.0,0.9973158836364746
202_class-64,1,0.96873539686203,0,0.9967929720878601,1.0149450302124023,0.9996643775494398,0.997334897518158
202_class-64,2,0.9687066078186035,1,0.9967918992042542,1.0151320695877075,0.9997934737711689,0.9973198771476746
202_class-64,3,0.968677818775177,0,0.9967859387397766,1.0150946378707886,0.9997418355492449,0.9972640872001648
202_class-64,4,0.9685482978820801,0,0.996795654296875,1.01497483253479,0.999715982442551,0.997309684753418
202_class-64,5,0.9687066078186035,0,0.9967803359031677,1.0151642560958862,0.9997159897756319,0.997328519821167
203_class-4,0,0.8589580655097961,0,0.9992202520370483,0.9588239192962646,1.0,0.973224401473999
203_class-4,1,0.8622102737426758,0,0.998998761177063,0.9355151653289795,0.9832742407892708,0.963249146938324
203_class-4,2,0.7376888990402222,0,0.9977751970291138,0.9304308891296387,0.61455919395466,0.9255616068840027
203_class-4,3,0.7533632516860962,0,0.9986164569854736,0.897321343421936,0.4726194628531566,0.9334932565689087
203_class-4,4,0.8604331612586975,1,0.9990812540054321,0.9807069301605225,0.6628179123108129,0.9798473119735718
203_class-4,5,0.6259927749633789,0,0.9960372447967529,0.9617162942886353,0.36627564253713746,0.9312769770622253
204_class-44,0,0.398549884557724,0,0.9844890236854553,0.9226080179214478,1.0,0.8281925916671753
204_class-44,1,0.3785032331943512,0,0.9795552492141724,0.9226588010787964,0.5944436727323239,0.7738682627677917
204_class-44,2,0.2261146903038025,0,0.9062485694885254,0.9839411973953247,0.43384443015125423,0.8824441432952881
204_class-44,3,0.288695752620697,0,0.9521879553794861,0.9502273797988892,0.7673350532934008,0.8652616143226624
204_class-44,4,0.41764435172080994,1,0.9914553165435791,0.9216861724853516,0.21596102097033582,0.8270736932754517
204_class-44,5,0.3378508687019348,0,0.971808910369873,0.9347126483917236,0.4927226330836661,0.8146583437919617
205_class-4,0,0.28520604968070984,0,0.9236395359039307,1.0147764682769775,1.0,0.9944830536842346
205_class-4,1,0.28515881299972534,0,0.9224613308906555,1.0157229900360107,0.9996669577036283,0.9945015907287598
205_class-4,2,0.28514930605888367,0,0.924115777015686,1.0154149532318115,0.9998469984699847,0.9945400953292847
205_class-4,3,0.28515881299972534,0,0.922319769859314,1.0153640508651733,0.9998649974349513,0.9943042397499084
205_class-4,4,0.2852000296115875,0,0.9229690432548523,1.015539526939392,0.9997659702782253,0.9943955540657043
205_class-4,5,0.28516626358032227,1,0.9245231747627258,1.0157535076141357,0.9997839667308765,0.9943103790283203
206_class-64,0,0.4683423638343811,0,0.988193154335022,0.9573900699615479,1.0,0.9700338244438171
206_class-64,1,0.4396606385707855,0,0.9928481578826904,0.9454808235168457,0.4662880493126017,0.928058385848999
206_class-64,2,0.4645167887210846,0,0.9906312227249146,0.9582791328430176,0.4152958428972201,0.9644068479537964
206_class-64,3,0.374830424785614,0,0.9789119958877563,0.952878475189209,0.24143228921706958,0.9780508875846863
206_class-64,4,0.44537386298179626,1,0.9864743947982788,0.9759839773178101,0.18432270705359033,0.9674878120422363
206_class-64,5,0.4369214177131653,0,0.9925088286399841,0.9413084983825684,0.8461589055511708,0.9125412702560425
207_class-52,0,0.2442130446434021,1,0.9788061380386353,1.0058164596557617,1.0,0.991316020488739
207_class-52,1,0.24485380947589874,0,0.9795199036598206,1.0029387474060059,0.9937909814994977,0.9806822538375854
207_class-52,2,0.2448979616165161,0,0.9793120622634888,1.0020503997802734,0.9989979083324717,0.9818565845489502
207_class-52,3,0.24424713850021362,0,0.9788324236869812,1.004577398300171,0.9945094067944114,0.991150975227356
207_class-52,4,0.24430958926677704,0,0.9787585735321045,1.0033595561981201,0.9995886596633338,0.9911248087882996
207_class-52,5,0.2442251443862915,0,0.9784584641456604,1.005239725112915,0.9995570741584409,0.9914937019348145
208_class-20,0,0.49078935384750366,0,0.9840463399887085,0.9955888986587524,1.0,0.9839516878128052
208_class-20,1,0.4900325536727905,0,0.9839260578155518,0.9816546440124512,0.9933835863240076,0.9756913185119629
208_class-20,2,0.3182477056980133,1,0.9911631345748901,1.0146541595458984,0.7191957221021276,0.9968145489692688
208_class-20,3,0.3182309567928314,0,0.9911553859710693,1.0145448446273804,0.9998138415935159,0.9967752695083618
208_class-20,4,0.4907834231853485,0,0.9835464954376221,1.0030839443206787,0.7189651790599482,0.9923530220985413
208_class-20,5,0.4910199046134949,0,0.983902096748352,1.0005168914794922,0.9943525031030203,0.9867147207260132
209_class-28,0,0.33763760328292847,0,0.9977868795394897,0.9219909906387329,1.0,0.9917933940887451
209_class-28,1,0.33749791979789734,0,0.9979291558265686,0.8302960395812988,0.9794985941893158,0.8946923017501831
209_class-28,2,0.338172972202301,0,0.9976505637168884,0.9234699010848999,0.9776582056380864,0.9876313805580139
209_class-28,3,0.3376283645629883,1,0.9976086616516113,0.9755684733390808,0.9861321524297867,0.9942600727081299
209_class-28,4,0.3370541036128998,0,0.9980306029319763,0.8314209580421448,0.9556689342403628,0.9126144647598267
209_class-28,5,0.33751726150512695,0,0.9977628588676453,0.8618308901786804,0.9503626473254759,0.9692281484603882
210_class-48,0,0.39629700779914856,0,0.9880390167236328,0.9988851547241211,1.0,0.9908667206764221
210_class-48,1,0.39773184061050415,0,0.9876994490623474,0.9964097738265991,0.98318462594372,0.9825160503387451
210_class-48,2,0.39628398418426514,0,0.9880074858665466,0.9984264373779297,0.9830795625134033,0.9907985925674438
210_class-48,3,0.39794987440109253,0,0.9880320429801941,1.0018389225006104,0.9804855035168982,0.9839119911193848
210_class-48,4,0.3969380259513855,0,0.9877768754959106,0.9939024448394775,0.9874921691041455,0.9930104613304138
210_class-48,5,0.3965970277786255,1,0.9881259799003601,0.9999182224273682,0.9955453215115778,0.9921723008155823
211_class-36,0,0.6357244253158569,0,0.9918255805969238,0.9155706167221069,1.0,0.7685014605522156
211_class-36,1,0.39990419149398804,0,0.8779621720314026,0.9120568037033081,0.05017978425888933,0.7870938777923584
211_class-36,2,0.5176562666893005,0,0.974697470664978,0.9320224523544312,0.3001943126191099,0.8191273808479309
211_class-36,3,0.4520833492279053,0,0.9681302309036255,0.7826601266860962,0.5728877206158468,0.747782289981842
211_class-36,4,0.4578980505466461,0,0.9385479688644409,0.8717488050460815,0.5041112342941612,0.9045548439025879
211_class-36,5,0.8450344204902649,1,0.9931713342666626,0.922856330871582,0.08857532199217548,0.9554815292358398
212_class-64,0,0.4271235466003418,1,0.9925732612609863,0.9261378645896912,1.0,0.9014352560043335
212_class-64,1,0.424982488155365,0,0.9789178371429443,0.8260791897773743,0.9321293641649473,0.7043325304985046
212_class-64,2,0.41376471519470215,0,0.9694513082504272,0.8431021571159363,0.8200978028789861,0.8686511516571045
212_class-64,3,0.44986099004745483,0,0.9867735505104065,0.7555854320526123,0.014214728550989954,0.7631632089614868
212_class-64,4,0.4389488101005554,0,0.9845210313796997,0.9411116242408752,0.0,0.9315232634544373
212_class-64,5,0.4280124008655548,0,0.9757508635520935,0.9062246680259705,0.8302371372314015,0.9205346703529358
213_class-52,0,0.6010533571243286,0,0.9888534545898438,0.9524441957473755,1.0,0.9082293510437012
213_class-52,1,0.6002393960952759,1,0.9900964498519897,0.9914507865905762,0.9806411679330658,0.9743170738220215
213_class-52,2,0.7482389211654663,0,0.9885662198066711,0.9543747901916504,0.6715177923021061,0.8071631193161011
213_class-52,3,0.9700532555580139,0,0.9844464659690857,1.0051661729812622,0.6880353854775438,0.9629892706871033
213_class-52,4,0.6001210808753967,0,0.9900580644607544,0.9897489547729492,0.4633311652574173,0.9719547033309937
213_class-52,5,0.9709794521331787,0,0.9846055507659912,1.0059486627578735,0.4624264757282523,0.9798021912574768
214_class-64,0,0.26040345430374146,0,0.9441148638725281,0.991674542427063,1.0,0.9717677235603333
214_class-64,1,0.26024508476257324,1,0.9441066980361938,0.9929977655410767,0.9989759470441736,0.9755959510803223
214_class-64,2,0.25990405678749084,0,0.9443120956420898,0.9779531955718994,0.9959879393043037,0.9535416960716248
214_class-64,3,0.2474118024110794,0,0.9409011006355286,0.9426262378692627,0.9475242842634871,0.9117709994316101
214_class-64,4,0.2604127824306488,0,0.9442014694213867,0.9932764768600464,0.9450309259173139,0.9717509150505066
214_class-64,5,0.26036620140075684,0,0.9456021189689636,0.9540270566940308,0.9963744393884834,0.9373818635940552
215_class-28,0,0.9784846305847168,0,0.957295835018158,1.0080788135528564,1.0,0.9925463199615479
215_class-28,1,0.9784774780273438,0,0.9573099613189697,1.0064455270767212,0.9984405564751104,0.9920563697814941
215_class-28,2,0.4584525227546692,0,0.9448949098587036,0.9709277153015137,0.4263864475562424,0.7256889939308167
215_class-28,3,0.9787083864212036,1,0.9573166966438293,1.010850429534912,0.42681151304737375,0.9930990934371948
215_class-28,4,0.9783638715744019,0,0.9573209881782532,1.007198452949524,0.9974878831319544,0.9924445748329163
215_class-28,5,0.9593567848205566,0,0.9579423069953918,0.9569758176803589,0.965940747883853,0.8651360273361206
216_class-40,0,0.3656077980995178,0,0.882152795791626,0.9971911907196045,1.0,0.9736502170562744
216_class-40,1,0.34545308351516724,0,0.9260869026184082,0.9744099378585815,0.7992792961437664,0.9380180239677429
216_class-40,2,0.4308205842971802,0,0.9947501420974731,0.9497686624526978,0.1336777617797352,0.9521410465240479
216_class-40,3,0.35042256116867065,0,0.9386890530586243,0.9840729236602783,0.17190304529480083,0.9383633136749268
216_class-40,4,0.5448466539382935,0,0.9558194279670715,0.9040257930755615,0.15648797969239958,0.6315038204193115
216_class-40,5,0.44885286688804626,1,0.9955350756645203,0.96498703956604,0.40921611385286355,0.9612260460853577
217_class-20,0,0.9647802114486694,0,0.9793056845664978,1.005465030670166,1.0,0.9877457022666931
217_class-20,1,0.9649537801742554,0,0.9794151186943054,1.0052645206451416,0.9995754569423962,0.9876440167427063
217_class-20,2,0.9645421504974365,0,0.9794080853462219,1.0056318044662476,0.9990842081751172,0.9877042770385742
217_class-20,3,0.9651929140090942,1,0.97969651222229,1.0052132606506348,0.9987939429132979,0.9877626895904541
217_class-20,4,0.9657663106918335,0,0.9790138602256775,1.0057164430618286,0.9981561567601998,0.9877195358276367
217_class-20,5,0.9657449722290039,0,0.9794603586196899,1.0056296586990356,0.9993175894125675,0.9876862168312073
218_class-0,0,0.7082012891769409,0,0.9898385405540466,0.977102518081665,1.0,0.9615131616592407
218_class-0,1,0.7273948192596436,0,0.9902918338775635,0.9445732831954956,0.9138636363636363,0.9030333161354065
218_class-0,2,0.709868311882019,0,0.9903165102005005,0.9770101308822632,0.920402822030041,0.9444159865379333
218_class-0,3,0.8645625114440918,0,0.9896475076675415,0.9936678409576416,0.5425410583941606,0.9911377429962158
218_class-0,4,0.8646529912948608,1,0.9895652532577515,0.9988925457000732,0.9955292160532335,0.9907715320587158
218_class-0,5,0.7150444984436035,0,0.9895104765892029,0.9758822917938232,0.5580351728320194,0.9598093628883362
219_class-24,0,0.4857373833656311,1,0.9987597465515137,0.9815305471420288,1.0,0.9942046403884888
219_class-24,1,0.44275763630867004,0,0.9862027764320374,0.9505473375320435,0.0751312993625466,0.9089457988739014
219_class-24,2,0.6699520945549011,0,0.9937552809715271,0.931760311126709,0.2581834503542689,0.9348175525665283
219_class-24,3,0.5244528651237488,0,0.9777863025665283,0.8745653629302979,0.36163601954636615,0.737421452999115
219_class-24,4,0.7472305297851562,0,0.9904460310935974,0.9090961217880249,0.2406577399294078,0.9252413511276245
219_class-24,5,0.46278005838394165,0,0.9966568946838379,0.9528650045394897,0.11934793497563863,0.9023982882499695
220_class-64,0,0.9603381156921387,0,0.9958391785621643,1.0167748928070068,1.0,0.9987439513206482
220_class-64,1,0.9602700471878052,0,0.9958536624908447,1.0171465873718262,0.9997665051660732,0.9987671971321106
220_class-64,2,0.9602554440498352,0,0.9958644509315491,1.017004132270813,0.9998540486893572,0.9986917972564697
220_class-64,3,0.960271954536438,1,0.995866060256958,1.0172450542449951,0.9999708097378714,0.9987035393714905
220_class-64,4,0.9602389335632324,0,0.9958483576774597,1.0172183513641357,0.999883242359672,0.9987267255783081
220_class-64,5,0.9602389335632324,0,0.9958434104919434,1.0167908668518066,0.9999416177715503,0.9987630248069763
221_class-16,0,0.3973503112792969,0,0.9981904029846191,0.962529182434082,1.0,0.9748186469078064
221_class-16,1,0.4003192186355591,0,0.9988095760345459,0.9789463877677917,0.5707518022657054,0.9760762453079224
221_class-16,2,0.4005180597305298,0,0.9988718628883362,0.9855217337608337,0.9799766150248466,0.9870936870574951
221_class-16,3,0.3963348865509033,0,0.9982421398162842,0.9806770086288452,0.6824461818571276,0.9474088549613953
221_class-16,4,0.39573875069618225,0,0.9980929493904114,0.976024866104126,0.9538214858364511,0.9518580436706543
221_class-16,5,0.4004088342189789,1,0.9988827109336853,0.9932312369346619,0.7046368833368621,0.988336443901062
222_class-40,0,0.5453232526779175,0,0.9805145859718323,0.8760936260223389,1.0,0.8297186493873596
222_class-40,1,0.555121660232544,0,0.9988176822662354,0.9807590246200562,0.7530234514670312,0.9852095246315002
222_class-40,2,0.6351029872894287,0,0.986058235168457,0.8351967334747314,0.0562619596902552,0.8363494873046875
222_class-40,3,0.5302815437316895,0,0.9935095310211182,0.8778860569000244,0.06829435514588253,0.8542376756668091
222_class-40,4,0.5546106100082397,1,0.9988152980804443,1.0061805248260498,0.7865447567445536,0.99031001329422
222_class-40,5,0.6086785197257996,0,0.9730554223060608,0.817898690700531,0.26961707470182045,0.4891851246356964
223_class-12,0,0.9682444334030151,0,0.9888128638267517,1.0108011960983276,1.0,0.9950805902481079
223_class-12,1,0.9679583311080933,0,0.9884381294250488,1.0114452838897705,0.9991338491742695,0.9949947595596313
223_class-12,2,0.9678171277046204,0,0.9887797236442566,1.01105797290802,0.9992200814581588,0.9948544502258301
223_class-12,3,0.9681469202041626,1,0.9887781143188477,1.011612892150879,0.9988738088362691,0.9951500296592712
223_class-12,4,0.9678959846496582,0,0.988714873790741,1.0109684467315674,0.9993646025878004,0.9950235486030579
223_class-12,5,0.968071699142456,0,0.9886828660964966,1.0113457441329956,0.9989894031703866,0.9951019883155823
224_class-76,0,0.429840624332428,0,0.9897146224975586,0.9186356067657471,1.0,0.8540723919868469
224_class-76,1,0.45092499256134033,1,0.9962975382804871,1.003230333328247,0.5232930365683727,0.9918553233146667
224_class-76,2,0.4240368902683258,0,0.9944986701011658,0.9390122890472412,0.47076192092312913,0.8814727067947388
224_class-76,3,0.6650377511978149,0,0.9954832792282104,0.9900380373001099,0.3437353064911282,0.9666036367416382
224_class-76,4,0.4507032632827759,0,0.996483325958252,0.9907492399215698,0.5652139833829753,0.9909067749977112
224_class-76,5,0.6654207110404968,0,0.9947973489761353,0.9887121915817261,0.5647739262964555,0.967832088470459
225_class-24,0,0.4802015721797943,0,0.9957124590873718,0.9140522480010986,1.0,0.9011327624320984
225_class-24,1,0.47550907731056213,0,0.9965341687202454,0.8449023962020874,0.2574221903309714,0.8649581670761108
225_class-24,2,0.5514163374900818,0,0.9899333119392395,0.7409003973007202,0.2807445008460237,0.6988917589187622
225_class-24,3,0.6040183305740356,0,0.9929410815238953,0.8542085886001587,0.28047255637476826,0.7795284390449524
225_class-24,4,0.6354635953903198,0,0.9942846298217773,0.8894174098968506,0.6095984221771763,0.7956058382987976
225_class-24,5,0.47836756706237793,1,0.9982739090919495,0.8975459337234497,0.10527678860472645,0.9629067778587341
226_class-28,0,0.9333141446113586,0,0.9920289516448975,0.9651901721954346,1.0,0.9561614394187927
226_class-28,1,0.7762387990951538,1,0.9920151233673096,0.9882313013076782,0.6722776985259153,0.913668155670166
226_class-28,2,0.7344555854797363,0,0.9953285455703735,0.9674333333969116,0.41045231292735385,0.9293665885925293
226_class-28,3,0.764941930770874,0,0.9928493499755859,0.9594640731811523,0.5041027607361963,0.8977739810943604
226_class-28,4,0.48491039872169495,0,0.9983798265457153,0.9336016178131104,0.3137825421133231,0.922714114189148
226_class-28,5,0.8535088300704956,0,0.9937864542007446,0.9512299299240112,0.05738769150869904,0.9327647686004639
227_class-48,0,0.8507907390594482,0,0.9954802989959717,0.9909411668777466,1.0,0.9534222483634949
227_class-48,1,0.9695389866828918,0,0.9959688186645508,1.0064849853515625,0.7970482226132113,0.9894772171974182
227_class-48,2,0.9695504903793335,1,0.9960374236106873,1.0071518421173096,0.9995947012521598,0.9899065494537354
227_class-48,3,0.7457829713821411,0,0.9947642087936401,0.9820897579193115,0.6378352490421456,0.9319189190864563
227_class-48,4,0.7687708139419556,0,0.9925205707550049,0.9729241132736206,0.9498411568165636,0.9231665134429932
227_class-48,5,0.9700465202331543,0,0.9960629940032959,1.0055568218231201,0.6706909654015457,0.9905861616134644
228_class-20,0,0.6792360544204712,0,0.9229090809822083,0.9578068852424622,1.0,0.9680291414260864
228_class-20,1,0.24368783831596375,0,0.9656498432159424,0.9661217927932739,0.11355408505616041,0.8010683059692383
228_class-20,2,0.24610847234725952,1,0.9626081585884094,0.9726543426513672,0.6619199838487163,0.8814302682876587
228_class-20,3,0.7660341262817383,0,0.9353359341621399,0.965445876121521,3.961305963349997e-05,0.9668372869491577
228_class-20,4,0.6801580190658569,0,0.9228828549385071,0.9980853796005249,0.752214357187859,0.9834432601928711
228_class-20,5,0.748749852180481,0,0.9422334432601929,0.957629919052124,0.5158850226928896,0.5355839729309082
229_class-56,0,0.45847266912460327,1,0.9899790287017822,0.9873672723770142,1.0,0.9836050868034363
229_class-56,1,0.4178270101547241,0,0.990670919418335,0.9617007970809937,0.12298532991250576,0.9396791458129883
229_class-56,2,0.34195560216903687,0,0.9800601005554199,0.9708770513534546,0.36390594869634263,0.8623402118682861
229_class-56,3,0.41772472858428955,0,0.9892734885215759,0.9761021137237549,0.32369044444095824,0.9475046992301941
229_class-56,4,0.45388489961624146,0,0.9910609722137451,0.9822098016738892,0.1153609263365361,0.9818665385246277
229_class-56,5,0.44023028016090393,0,0.9917793273925781,0.9736850261688232,0.4905463339562493,0.9748095273971558
230_class-64,0,0.633873462677002,0,0.9950380325317383,0.9388755559921265,1.0,0.6241090297698975
230_class-64,1,0.6176071166992188,0,0.9641010165214539,0.9783413410186768,0.2602619319680056,0.8670392632484436
230_class-64,2,0.7032456994056702,0,0.9965933561325073,0.9682899713516235,0.2744053833533659,0.9575480222702026
230_class-64,3,0.652495265007019,1,0.9965429902076721,0.9691448211669922,0.835511291550368,0.9661824107170105
230_class-64,4,0.6120150089263916,0,0.9924540519714355,0.9406648874282837,0.5975565446452902,0.8183342218399048
230_class-64,5,0.6565194129943848,0,0.9699913859367371,0.9615631103515625,0.4141946010086028,0.65566486120224
231_class-72,0,0.2915861904621124,0,0.9003235697746277,0.9963507652282715,1.0,0.984488308429718
231_class-72,1,0.3203720450401306,0,0.9773112535476685,1.0069471597671509,0.35546966846931577,0.9919235110282898
231_class-72,2,0.291404128074646,0,0.8938004970550537,0.9758940935134888,0.3571869397831134,0.9700411558151245
231_class-72,3,0.29184556007385254,0,0.8947021961212158,0.9989174604415894,0.9931513275166526,0.9807365536689758
231_class-72,4,0.33214449882507324,1,0.9926677942276001,1.0053093433380127,0.26897582339537773,0.9888945817947388
231_class-72,5,0.29162928462028503,0,0.8931760787963867,0.9947246313095093,0.26997074208706445,0.9795655608177185
232_class-32,0,0.4517616629600525,0,0.982929527759552,0.8769925832748413,1.0,0.7314843535423279
232_class-32,1,0.46335771679878235,0,0.9769850373268127,0.8905576467514038,0.5664629329341815,0.6230694651603699
232_class-32,2,0.5252702832221985,0,0.9919731616973877,0.8420383930206299,0.006110988768993614,0.6449478268623352
232_class-32,3,0.9252924919128418,1,0.999293863773346,0.9504304528236389,0.07814473921674787,0.9922760128974915
232_class-32,4,0.45740970969200134,0,0.9833129644393921,0.881118893623352,0.0016138431882368764,0.7277829647064209
232_class-32,5,0.4116206467151642,0,0.9673805236816406,0.9363644123077393,0.3931324748926949,0.7086189985275269
233_class-20,0,0.9068134427070618,0,0.9592882990837097,1.0118740797042847,1.0,0.9919180274009705
233_class-20,1,0.9069215655326843,0,0.9592978954315186,1.0118913650512695,0.9997478179245415,0.9918761849403381
233_class-20,2,0.9070155620574951,0,0.9592643976211548,1.012109398841858,0.9997058432144333,0.9919718503952026
233_class-20,3,0.9075528979301453,0,0.959236741065979,1.0135349035263062,0.9989085566361156,0.9919412136077881
233_class-20,4,0.9073359966278076,0,0.9592045545578003,1.013472318649292,0.9997061601427222,0.9919202923774719
233_class-20,5,0.9074238538742065,1,0.9592262506484985,1.013709545135498,0.9998670547734333,0.991869330406189
234_class-0,0,0.9447944164276123,0,0.9962091445922852,1.0008633136749268,1.0,0.9941970705986023
234_class-0,1,0.9453978538513184,0,0.9962689876556396,0.9975153207778931,0.9967757536675802,0.9941157698631287
234_class-0,2,0.9453710317611694,0,0.99626624584198,0.9974547624588013,0.998549011177988,0.9940707087516785
234_class-0,3,0.9451371431350708,0,0.9969903230667114,0.9686359167098999,0.9917377541713611,0.9824283719062805
234_class-0,4,0.9453067779541016,1,0.996241569519043,1.0048060417175293,0.9897768024407215,0.9950222969055176
234_class-0,5,0.9459232687950134,0,0.9961872100830078,0.9942063093185425,0.9916476033409587,0.9932060241699219
235_class-68,0,0.39125391840934753,0,0.9925308227539062,0.9828783273696899,1.0,0.9611679315567017
235_class-68,1,0.39090487360954285,0,0.9928661584854126,0.979584813117981,0.8390560711452241,0.963543713092804
235_class-68,2,0.4220680892467499,0,0.992975652217865,0.9691698551177979,0.5579490291262136,0.9506208896636963
235_class-68,3,0.39846837520599365,1,0.989964485168457,0.992912769317627,0.5985962770826976,0.9881986975669861
235_class-68,4,0.3997739851474762,0,0.9905190467834473,0.9785133600234985,0.976156258165665,0.9646826982498169
235_class-68,5,0.40098538994789124,0,0.9900765419006348,0.9194540977478027,0.11469650967304845,0.8434898257255554
236_class-28,0,0.7320325970649719,0,0.9826691150665283,1.016646146774292,1.0,0.9938202500343323
236_class-28,1,0.7320171594619751,1,0.9826923608779907,1.0175727605819702,0.9996854303228165,0.9938681721687317
236_class-28,2,0.7319685220718384,0,0.9827118515968323,1.0170921087265015,0.9997108646846724,0.9937509298324585
236_class-28,3,0.7319835424423218,0,0.9826844930648804,1.0159778594970703,0.9994130756536976,0.9933180212974548
236_class-28,4,0.7320272922515869,0,0.9826549291610718,1.0165272951126099,0.9998298104087954,0.9934470653533936
236_class-28,5,0.7319016456604004,0,0.9826822280883789,1.0170787572860718,0.9996427234679642,0.9938142895698547
237_class-0,0,0.8649568557739258,0,0.9765395522117615,1.0063822269439697,1.0,0.985986590385437
237_class-0,1,0.8674212098121643,1,0.9769544005393982,1.0078144073486328,0.9920678313972561,0.9856410622596741
237_class-0,2,0.8645523190498352,0,0.9753566980361938,1.0065118074417114,0.9870689655172413,0.9837218523025513
237_class-0,3,0.8674207925796509,0,0.9764308929443359,1.007805347442627,0.9860990010213996,0.986706018447876
237_class-0,4,0.8672179579734802,0,0.9764796495437622,1.007452130317688,0.9991414575021463,0.9869546294212341
237_class-0,5,0.867323637008667,0,0.9764456748962402,1.0082476139068604,0.9994105560982182,0.9870926737785339
238_class-44,0,0.6191877722740173,0,0.994121253490448,0.9239456653594971,1.0,0.8350543975830078
238_class-44,1,0.5427623987197876,0,0.9962462782859802,0.9590583443641663,0.3515336942025575,0.939505934715271
238_class-44,2,0.5373260974884033,0,0.9978867173194885,0.9765676259994507,0.6608059798505037,0.9377609491348267
238_class-44,3,0.5455261468887329,0,0.9972949028015137,0.9495230913162231,0.7347706554767761,0.8900405764579773
238_class-44,4,0.3997153639793396,0,0.9793463945388794,0.8960248231887817,0.35376957947404863,0.8245284557342529
238_class-44,5,0.4402625262737274,1,0.9980842471122742,1.0012485980987549,0.3157652443836481,0.9933223128318787
239_class-12,0,0.34876322746276855,0,0.8975462317466736,0.9837515354156494,1.0,0.8666759133338928
239_class-12,1,0.3404611349105835,0,0.8823416233062744,0.9892643690109253,0.9796152869476892,0.8018839955329895
239_class-12,2,0.3438257575035095,0,0.8893042802810669,0.9409053325653076,0.9754561073386239,0.7126541137695312
239_class-12,3,0.3480149507522583,0,0.8894569873809814,0.9927258491516113,0.9749881122206372,0.8155230283737183
239_class-12,4,0.3470157980918884,0,0.8939647674560547,0.9857351779937744,0.9864143026309015,0.7867473363876343
239_class-12,5,0.3602811098098755,1,0.9143709540367126,1.0034950971603394,0.9651441608552057,0.9295631051063538
240_class-56,0,0.3688226640224457,0,0.7842210531234741,0.971556544303894,1.0,0.897973895072937
240_class-56,1,0.4707778990268707,0,0.9780781865119934,0.8544235229492188,0.0536566788623968,0.7892248630523682
240_class-56,2,0.45462357997894287,0,0.9587095379829407,0.9048444032669067,0.07639387160764782,0.9264153242111206
240_class-56,3,0.7573357820510864,1,0.992474377155304,0.9456279277801514,0.09238442355649339,0.9649253487586975
240_class-56,4,0.43723344802856445,0,0.9345422983169556,0.9275025129318237,0.046917666528754655,0.898935854434967
240_class-56,5,0.46352729201316833,0,0.9842514395713806,0.7566678524017334,0.05342863402344178,0.7286526560783386
241_class-64,0,0.714934766292572,0,0.9923895001411438,0.7066211700439453,1.0,0.7787742018699646
241_class-64,1,0.8383750915527344,0,0.9982625842094421,0.9176800847053528,0.5657007472207035,0.9573740363121033
241_class-64,2,0.41040971875190735,0,0.9912234544754028,0.9422131776809692,0.004873690195759889,0.9441768527030945
241_class-64,3,0.42262110114097595,0,0.9917652606964111,0.9654819965362549,0.9428733150248423,0.9463589191436768
241_class-64,4,0.4571879506111145,1,0.9944461584091187,0.971271276473999,0.4292928216819722,0.9801560640335083
241_class-64,5,0.7088251709938049,0,0.9994920492172241,0.9254840612411499,0.14233848038143562,0.9760385155677795
242_class-0,0,0.8794074058532715,0,0.9901496767997742,1.0063610076904297,1.0,0.9918191432952881
242_class-0,1,0.8793156147003174,0,0.9901400804519653,0.9960165023803711,0.9968890570479674,0.9893787503242493
242_class-0,2,0.8791395425796509,1,0.9901592135429382,1.0076853036880493,0.9944983411028516,0.9924818873405457
242_class-0,3,0.8791846632957458,0,0.9901376962661743,0.9991997480392456,0.9943310657596371,0.9892966151237488
242_class-0,4,0.8788982629776001,0,0.9901801347732544,1.0066174268722534,0.9943714033687571,0.9928340315818787
242_class-0,5,0.8791069388389587,0,0.9901437163352966,1.0071732997894287,0.9984845295727215,0.992119550704956
243_class-48,0,0.44758856296539307,0,0.8321653604507446,1.0055487155914307,1.0,0.768791913986206
243_class-48,1,0.0999872013926506,0,0.9031732082366943,0.9793492555618286,0.32338560905443586,0.9707498550415039
243_class-48,2,0.06359389424324036,0,0.829848051071167,0.9746133089065552,0.7975122093751305,0.9283448457717896
243_class-48,3,0.13106690347194672,1,0.9510711431503296,0.9910585880279541,0.6219108918121029,0.9827067255973816
243_class-48,4,0.4514658451080322,0,0.8336126804351807,1.0057237148284912,0.25580158743882825,0.7679622769355774
243_class-48,5,0.06016599014401436,0,0.8282941579818726,0.9681310653686523,0.3508932133881231,0.9238778352737427
244_class-32,0,0.8546074032783508,0,0.995453953742981,0.9921222925186157,1.0,0.9676518440246582
244_class-32,1,0.5861518383026123,0,0.9947670102119446,0.9838331937789917,0.1848599992621832,0.979869544506073
244_class-32,2,0.8685277700424194,0,0.99462890625,0.996238112449646,0.21053596304714423,0.9740819334983826
244_class-32,3,0.8985668420791626,0,0.9944233894348145,0.9823068380355835,0.9339754429821336,0.9554955959320068
244_class-32,4,0.8606166839599609,1,0.9951127171516418,0.9991179704666138,0.9148928334683656,0.9774290323257446
244_class-32,5,0.8811407089233398,0,0.9949432015419006,0.9908252954483032,0.922481205847909,0.9627305269241333
245_class-60,0,0.15218394994735718,0,0.9684861898422241,0.9623437523841858,1.0,0.9368888139724731
245_class-60,1,0.10808821022510529,1,0.9936569333076477,0.9913662672042847,0.3075266018968309,0.9598544239997864
245_class-60,2,0.11012128740549088,0,0.9936772584915161,0.958389937877655,0.46089619271205473,0.9415499567985535
245_class-60,3,0.10741344094276428,0,0.9938905835151672,0.9860674142837524,0.4632017742001725,0.9447340965270996
245_class-60,4,0.1385028064250946,0,0.9944065809249878,0.9292125701904297,0.5535807534502052,0.7189496755599976
245_class-60,5,0.15232576429843903,0,0.9954589605331421,0.9581525325775146,0.7699456185034763,0.8776022791862488
246_class-4,0,0.13475222885608673,0,0.920764684677124,1.012814998626709,1.0,0.9846078157424927
246_class-4,1,0.13279210031032562,0,0.9192476868629456,1.0131641626358032,0.9953944781119256,0.9871421456336975
246_class-4,2,0.1327432245016098,0,0.9193984270095825,1.0131899118423462,0.9998862963401635,0.987276554107666
246_class-4,3,0.7876685857772827,1,0.9991769194602966,0.988379716873169,0.05632595049153145,0.9822002053260803
246_class-4,4,0.13276155292987823,0,0.9195927381515503,1.0149359703063965,0.05632835226895853,0.9870662689208984
246_class-4,5,0.13283078372478485,0,0.9191796779632568,1.0131385326385498,0.9998389129466613,0.987255334854126
247_class-8,0,0.935132622718811,0,0.99208664894104,0.9791266918182373,1.0,0.9786229133605957
247_class-8,1,0.9221963882446289,0,0.9927650094032288,0.9631823301315308,0.9596624629080118,0.9746159315109253
247_class-8,2,0.3261356055736542,0,0.9761903285980225,0.980384111404419,0.07648815351478364,0.9573690891265869
247_class-8,3,0.8814734220504761,0,0.9939892888069153,0.9451721906661987,0.07386529539629498,0.7043618559837341
247_class-8,4,0.9347447752952576,1,0.992215096950531,0.9826843738555908,0.8327998652291105,0.9859840869903564
247_class-8,5,0.8411433696746826,0,0.9929687976837158,0.9826760292053223,0.7728720645973776,0.9515772461891174
248_class-44,0,0.4270106256008148,0,0.9962599277496338,0.9178205728530884,1.0,0.8598852157592773
248_class-44,1,0.39259254932403564,1,0.9960968494415283,0.9650206565856934,0.30833247259152147,0.9392202496528625
248_class-44,2,0.44109731912612915,0,0.9967937469482422,0.9303587675094604,0.09976401660021157,0.9011144638061523
248_class-44,3,0.37648141384124756,0,0.9938101768493652,0.9360107183456421,0.08691860465116279,0.8245797753334045
248_class-44,4,0.36078956723213196,0,0.9864879250526428,0.9421381950378418,0.7271899827063857,0.6970574259757996
248_class-44,5,0.4272702634334564,0,0.9972455501556396,0.9220981597900391,0.41672928295405753,0.8099190592765808
249_class-8,0,0.8456988334655762,0,0.9714298248291016,0.9938052892684937,1.0,0.9833384156227112
249_class-8,1,0.8799266815185547,1,0.9752567410469055,0.9873946905136108,0.9173819742489271,0.9728259444236755
249_class-8,2,0.8441540002822876,0,0.970889687538147,0.9997422695159912,0.9172937229225707,0.9852689504623413
249_class-8,3,0.8392083644866943,0,0.9712997674942017,0.9984188079833984,0.9866728104065502,0.9848302602767944
249_class-8,4,0.845131516456604,0,0.9710723161697388,0.9948427677154541,0.9824474660074166,0.9841236472129822
249_class-8,5,0.8431135416030884,0,0.9710887670516968,0.9991030693054199,0.9906855308188971,0.9837155938148499
250_class-72,0,0.3460443317890167,0,0.9777179956436157,0.9864410161972046,1.0,0.9671410322189331
250_class-72,1,0.3459101617336273,0,0.9774296879768372,0.9934626817703247,0.9962803643724696,0.9748424887657166
250_class-72,2,0.3455803394317627,0,0.9777044653892517,0.9876364469528198,0.9952402595762947,0.9717098474502563
250_class-72,3,0.47599172592163086,1,0.9961065053939819,0.9973108768463135,0.08393635972725598,0.9909847378730774
250_class-72,4,0.3454573452472687,0,0.9777646660804749,0.9858760833740234,0.0838151353341926,0.9746658205986023
250_class-72,5,0.34511449933052063,0,0.9770180583000183,0.9824362993240356,0.995694593063511,0.962802529335022
251_class-8,0,0.5352837443351746,0,0.9907442331314087,0.8088659644126892,1.0,0.8729223012924194
251_class-8,1,0.38885319232940674,0,0.9580466747283936,0.923598051071167,0.20681587994465128,0.7151070237159729
251_class-8,2,0.47114309668540955,0,0.9838871359825134,0.9526563882827759,0.1189293067947838,0.9585984945297241
251_class-8,3,0.46039116382598877,1,0.9901042580604553,0.9436943531036377,0.2908017826313888,0.9479547739028931
251_class-8,4,0.39948347210884094,0,0.9738986492156982,0.9268237352371216,0.33238979468599034,0.8104313611984253
251_class-8,5,0.4721977710723877,0,0.9900754690170288,0.8341602087020874,0.18188322051620714,0.7555516958236694
252_class-56,0,0.48219558596611023,0,0.9975498914718628,0.9514209032058716,1.0,0.9719682931900024
252_class-56,1,0.5697526931762695,0,0.9966305494308472,0.9233759641647339,0.7866847826086957,0.8928306102752686
252_class-56,2,0.487623006105423,1,0.9972286224365234,0.9773553609848022,0.5339123645945155,0.9848347306251526
252_class-56,3,0.48891976475715637,0,0.985321044921875,0.8874080181121826,0.3492443981240229,0.6056272387504578
252_class-56,4,0.44201603531837463,0,0.9951983690261841,0.899380087852478,0.0023620953174934,0.8033773899078369
252_class-56,5,0.48562559485435486,0,0.9974478483200073,0.9676179885864258,0.0015157369156239783,0.9658172726631165
253_class-72,0,0.416285902261734,0,0.9827616214752197,0.9291321039199829,1.0,0.8832253217697144
253_class-72,1,0.4598712623119354,1,0.9965908527374268,0.9249072074890137,0.20763247124526296,0.9485044479370117
253_class-72,2,0.42594587802886963,0,0.9795147180557251,0.9616866111755371,0.06391058559530488,0.9236581325531006
253_class-72,3,0.42818382382392883,0,0.989635705947876,0.7535203695297241,0.04146184410974824,0.6461300253868103
253_class-72,4,0.4566662013530731,0,0.9830499887466431,0.9146629571914673,0.30755504238066494,0.8734197616577148
253_class-72,5,0.4639018476009369,0,0.9860835075378418,0.8922163248062134,0.6432974218791875,0.9312719702720642
254_class-64,0,0.4034096896648407,0,0.9894677996635437,0.9739253520965576,1.0,0.94563889503479
254_class-64,1,0.4349842369556427,0,0.9613533020019531,0.9334574937820435,0.15130630370840303,0.8916253447532654
254_class-64,2,0.40265873074531555,0,0.9878844022750854,0.9230045080184937,0.15036623998394563,0.8790019154548645
254_class-64,3,0.46864426136016846,1,0.9990350008010864,0.9441190958023071,0.27016410973553245,0.9485738277435303
254_class-64,4,0.39318138360977173,0,0.9891777634620667,0.9781326055526733,0.24323972475358005,0.9440823197364807
254_class-64,5,0.3864150643348694,0,0.9781110882759094,0.934289813041687,0.9326626868788833,0.898460328578949
255_class-20,0,0.9523400664329529,0,0.9818497896194458,1.0009407997131348,1.0,0.9826468825340271
255_class-20,1,0.9533049464225769,0,0.9823293685913086,1.001512885093689,0.9977385852397818,0.9825697541236877
255_class-20,2,0.9532140493392944,0,0.9822189807891846,1.0018309354782104,0.998624303179654,0.9833223819732666
255_class-20,3,0.9543518424034119,0,0.9822845458984375,1.0018926858901978,0.9983028767434357,0.9842699766159058
255_class-20,4,0.9532637596130371,0,0.9821823239326477,1.0017850399017334,0.9983746056028301,0.9829663038253784
255_class-20,5,0.9546912908554077,1,0.9822636842727661,1.0022473335266113,0.9977903060127565,0.984305739402771
256_class-32,0,0.4852137565612793,0,0.9898900985717773,0.8840193748474121,1.0,0.8895663022994995
256_class-32,1,0.47929927706718445,1,0.9957659244537354,0.8971275091171265,0.10055908707972736,0.9522390365600586
256_class-32,2,0.4646919369697571,0,0.9796350598335266,0.8228272199630737,0.0003941197335750601,0.5227607488632202
256_class-32,3,0.4771991968154907,0,0.9956716299057007,0.9157527685165405,0.0005661445555765239,0.8896369934082031
256_class-32,4,0.48042479157447815,0,0.9862082004547119,0.8714908361434937,0.06445531137689271,0.8410857319831848
256_class-32,5,0.48554733395576477,0,0.9954369068145752,0.9077552556991577,0.5026542800265428,0.9226795434951782
257_class-48,0,0.9137228727340698,0,0.9832056760787964,0.9707125425338745,1.0,0.9267719388008118
257_class-48,1,0.7528604865074158,1,0.9822923541069031,0.9973876476287842,0.7303122700031542,0.9766606092453003
257_class-48,2,0.3208911418914795,0,0.8507640361785889,0.955359935760498,0.287073261129185,0.6645843386650085
257_class-48,3,0.18555834889411926,0,0.8765835762023926,0.9647377729415894,0.356837578967048,0.9068870544433594
257_class-48,4,0.587989330291748,0,0.9766653776168823,0.9696911573410034,0.0,0.789171040058136
257_class-48,5,0.7072052955627441,0,0.9598771333694458,0.9717336893081665,0.6389107137245043,0.8111739158630371
258_class-68,0,0.44527512788772583,0,0.9851014614105225,0.8469370603561401,1.0,0.7113123536109924
258_class-68,1,0.43920597434043884,0,0.9832266569137573,0.8945987224578857,0.5755813953488372,0.8354746699333191
258_class-68,2,0.3846264183521271,0,0.9681339859962463,0.9492459297180176,0.0,0.7916594743728638
258_class-68,3,0.41903072595596313,0,0.9909186959266663,0.9477306604385376,0.6762513131586974,0.9527905583381653
258_class-68,4,0.4528648257255554,0,0.9860185384750366,0.9562426805496216,0.27207953942264507,0.9655096530914307
258_class-68,5,0.4682510793209076,1,0.9864023923873901,0.9777992367744446,0.583649519103503,0.9876701235771179
259_class-64,0,0.9431469440460205,0,0.9626554250717163,0.968522310256958,1.0,0.7753331661224365
259_class-64,1,0.1736387014389038,0,0.6911010146141052,1.0059740543365479,0.36126041034175155,0.8566552400588989
259_class-64,2,0.2400652915239334,0,0.6944003105163574,0.9716991186141968,0.9280217988553352,0.48628920316696167
259_class-64,3,0.16291125118732452,0,0.9594686627388,0.9749072790145874,0.3644301099575348,0.9438139796257019
259_class-64,4,0.15676569938659668,0,0.9800527095794678,0.961047887802124,0.3471962069772887,0.8642078042030334
259_class-64,5,0.9280862808227539,1,0.9677874445915222,0.9851065874099731,0.03784395557756243,0.9545781016349792
260_class-52,0,0.6905248165130615,0,0.996259331703186,0.9564576148986816,1.0,0.9433735013008118
260_class-52,1,0.6220231056213379,1,0.9974891543388367,1.010062575340271,0.7274095513748191,0.9904900193214417
260_class-52,2,0.6932103633880615,0,0.9961323738098145,0.9801317453384399,0.7335671489112963,0.9631478190422058
260_class-52,3,0.6923207640647888,0,0.9962480068206787,1.003412127494812,0.9873343839374307,0.9784547090530396
260_class-52,4,0.6050732135772705,0,0.9984830021858215,1.0033756494522095,0.2566818248496406,0.9923416376113892
260_class-52,5,0.6930269002914429,0,0.9960930943489075,0.9862627983093262,0.25861013093814705,0.9735303521156311
261_class-8,0,0.4919322431087494,0,0.9869345426559448,0.8629505634307861,1.0,0.9372115135192871
261_class-8,1,0.8971894979476929,0,0.9838583469390869,0.9746148586273193,0.06613080014614542,0.9501584768295288
261_class-8,2,0.877533495426178,0,0.9858901500701904,0.9292014837265015,0.8906913036472042,0.9653491377830505
261_class-8,3,0.49916550517082214,0,0.9834772944450378,0.831256628036499,0.013109208161539274,0.8769440650939941
261_class-8,4,0.49164772033691406,1,0.9839911460876465,0.9795631170272827,0.6529311809685642,0.9941515922546387
261_class-8,5,0.4891081154346466,0,0.9836641550064087,0.8977998495101929,0.6368575010447137,0.9252886176109314
262_class-44,0,0.46672677993774414,0,0.9951815009117126,0.9726784229278564,1.0,0.9273061752319336
262_class-44,1,0.42772170901298523,0,0.9944082498550415,0.9743279218673706,0.31985377373750445,0.9675648808479309
262_class-44,2,0.43107959628105164,0,0.9940632581710815,0.9923107624053955,0.3804796019442077,0.958353579044342
262_class-44,3,0.526651918888092,0,0.994867205619812,0.9613388776779175,0.5101732777878404,0.9614763855934143
262_class-44,4,0.47201889753341675,0,0.9967495203018188,0.9665316343307495,0.3308666571794507,0.9834849834442139
262_class-44,5,0.4493671953678131,1,0.9943376183509827,0.9904942512512207,0.3560875160875161,0.9788744449615479
263_class-44,0,0.9330610036849976,1,0.9988831877708435,0.9959589242935181,1.0,0.9964979887008667
263_class-44,1,0.5950121879577637,0,0.9992024302482605,0.9695988893508911,0.2529884141482253,0.943134069442749
263_class-44,2,0.5570629835128784,0,0.9985980987548828,0.9918578863143921,0.7441978733240869,0.9807999730110168
263_class-44,3,0.5247851014137268,0,0.9982190132141113,0.9783068895339966,0.7759588741432113,0.9501762390136719
263_class-44,4,0.6721607446670532,0,0.9987053871154785,0.9951754808425903,0.11857240013010438,0.9895309209823608
263_class-44,5,0.8809618353843689,0,0.9989561438560486,0.9240765571594238,0.36972202674173116,0.9548613429069519
264_class-68,0,0.5515497922897339,0,0.9880616664886475,0.97429358959198,1.0,0.9759015440940857
264_class-68,1,0.3366890847682953,1,0.9976514577865601,0.9815821647644043,0.11814742401543814,0.9909848570823669
264_class-68,2,0.576627790927887,0,0.9812487959861755,0.9830864667892456,0.1093362965020719,0.960242509841919
264_class-68,3,0.547418475151062,0,0.9853411316871643,0.992106556892395,0.8951233638364415,0.9607553482055664
264_class-68,4,0.5775746703147888,0,0.9817629456520081,0.9925862550735474,0.8921059315185519,0.9896433353424072
264_class-68,5,0.39371204376220703,0,0.9887593388557434,0.9434517621994019,0.32606035418254026,0.9416579008102417
265_class-24,0,0.47583332657814026,0,0.9938865900039673,0.9227187633514404,1.0,0.9434293508529663
265_class-24,1,0.6157101392745972,0,0.996433675289154,0.8861143589019775,0.012792236435818262,0.875580906867981
265_class-24,2,0.6722853183746338,0,0.9986765384674072,0.9023572206497192,0.15718320014420478,0.9176853895187378
265_class-24,3,0.6452450752258301,0,0.9952726364135742,0.7611660957336426,0.1947098246114359,0.7266497015953064
265_class-24,4,0.6667024493217468,0,0.9980227947235107,0.7844809889793396,0.22973565064991966,0.8987536430358887
265_class-24,5,0.6903718709945679,1,0.9987194538116455,0.933915376663208,0.5340208629682314,0.9470624923706055
266_class-20,0,0.6276242733001709,0,0.9833890199661255,0.968026876449585,1.0,0.9557738304138184
266_class-20,1,0.8934072256088257,0,0.9822914600372314,0.9638931751251221,0.4560931899641577,0.9598186016082764
266_class-20,2,0.5126484036445618,0,0.9858528971672058,0.9630128145217896,0.26053509170835226,0.942931592464447
266_class-20,3,0.8234900236129761,0,0.9831706285476685,0.9635236263275146,0.1611687275628241,0.9192449450492859
266_class-20,4,0.5804623961448669,1,0.9873557686805725,0.9692267179489136,0.2878542004743478,0.9503386616706848
266_class-20,5,0.5802832841873169,0,0.9874764680862427,0.9656872749328613,0.9702673481423235,0.9470646977424622
267_class-12,0,0.9625602960586548,0,0.9969803094863892,1.0131292343139648,1.0,0.9933668971061707
267_class-12,1,0.962734043598175,1,0.9970006942749023,1.014037013053894,0.9995768807649996,0.9941672682762146
267_class-12,2,0.9386947751045227,0,0.9925390481948853,0.941942572593689,0.9498753585118075,0.9204015731811523
267_class-12,3,0.3222046494483948,0,0.85210120677948,0.9837895631790161,0.21990099129740132,0.7605091333389282
267_class-12,4,0.7025357484817505,0,0.9934818744659424,0.9912699460983276,0.37685657416314255,0.9762393236160278
267_class-12,5,0.7004588842391968,0,0.9937386512756348,0.9951269626617432,0.9939811104301227,0.9808635711669922
268_class-56,0,0.44132840633392334,0,0.9929454922676086,0.9548530578613281,1.0,0.876795768737793
268_class-56,1,0.4316199719905853,0,0.9918867349624634,0.9794166088104248,0.7989471896756665,0.9494165182113647
268_class-56,2,0.4730624258518219,1,0.9913134574890137,1.0047295093536377,0.2320877613986973,0.9959295392036438
268_class-56,3,0.4624539613723755,0,0.9919074177742004,0.998700737953186,0.5429230646829502,0.9922332763671875
268_class-56,4,0.46237197518348694,0,0.9919407367706299,0.998955488204956,0.9953946323646181,0.9918630123138428
268_class-56,5,0.4559059143066406,0,0.9915671348571777,0.9996309280395508,0.3080646634395835,0.986513078212738
269_class-52,0,0.36705997586250305,1,0.987136960029602,0.989370584487915,1.0,0.9536128044128418
269_class-52,1,0.45499470829963684,0,0.9803078174591064,0.9456184506416321,0.030222754307984257,0.9757173657417297
269_class-52,2,0.34707656502723694,0,0.9800272583961487,0.95979905128479,0.2106940417417653,0.8540842533111572
269_class-52,3,0.36008140444755554,0,0.9799120426177979,0.986907958984375,0.8916548964218456,0.9014102816581726
269_class-52,4,0.3904739022254944,0,0.9700574278831482,0.9884507656097412,0.6102370537604064,0.960720419883728
269_class-52,5,0.3442091941833496,0,0.9808861613273621,0.9795454740524292,0.6535542625853782,0.8525270819664001
270_class-4,0,0.43084660172462463,0,0.9955482482910156,0.7837766408920288,1.0,0.9090299606323242
270_class-4,1,0.750085711479187,0,0.9826919436454773,0.9361096620559692,0.15071469710456045,0.8249421715736389
270_class-4,2,0.6472904682159424,0,0.9841036796569824,0.926842212677002,0.7458237024584997,0.8536943793296814
270_class-4,3,0.5479850172996521,0,0.9837133884429932,0.9169361591339111,0.6899789168533403,0.907076358795166
270_class-4,4,0.42411547899246216,1,0.99101722240448,0.9352656602859497,0.26616411641164117,0.9276667833328247
270_class-4,5,0.7062574625015259,0,0.9916163086891174,0.9143083095550537,0.08301751510806105,0.7530573606491089
271_class-72,0,0.9098809957504272,0,0.9764630198478699,0.9841536283493042,1.0,0.9797009229660034
271_class-72,1,0.5155971646308899,0,0.973639965057373,0.9693266153335571,0.33286355740552587,0.9410174489021301
271_class-72,2,0.8996046781539917,0,0.9762775897979736,0.990768313407898,0.3314037785588752,0.9732140302658081
271_class-72,3,0.9059479236602783,0,0.974711537361145,0.9842586517333984,0.9843665281041026,0.974713146686554
271_class-72,4,0.8602790832519531,1,0.9838432669639587,0.975894570350647,0.9037202425851613,0.9589388370513916
271_class-72,5,0.7171631455421448,0,0.9679436087608337,0.9652934074401855,0.6010215802722585,0.9518517851829529
272_class-16,0,0.9307008981704712,1,0.9862775802612305,1.0070149898529053,1.0,0.9897450804710388
272_class-16,1,0.9306244850158691,0,0.9864240884780884,1.0065662860870361,0.9993429300786973,0.9893731474876404
272_class-16,2,0.9303051233291626,0,0.9862135648727417,1.0066750049591064,0.9994257129471504,0.9893338084220886
272_class-16,3,0.9305758476257324,0,0.9862059354782104,1.0069652795791626,0.9992670948243294,0.989437997341156
272_class-16,4,0.9308814406394958,0,0.9862062931060791,1.0066797733306885,0.9991091112251985,0.9898874759674072
272_class-16,5,0.9306453466415405,0,0.9863412976264954,1.0062774419784546,0.9993054087518497,0.9894002676010132
273_class-40,0,0.7155857682228088,0,0.9938476085662842,0.7356743812561035,1.0,0.7355257272720337
273_class-40,1,0.5111548900604248,0,0.9857157468795776,0.8839558362960815,0.07322278042057528,0.8690563440322876
273_class-40,2,0.4796253740787506,0,0.980870246887207,0.793848991394043,0.0,0.8557220697402954
273_class-40,3,0.6523995399475098,0,0.9950829744338989,0.8337948322296143,0.15904159132007234,0.8122762441635132
273_class-40,4,0.39214158058166504,0,0.8820584416389465,0.8531537055969238,0.029400620048225974,0.6293455362319946
273_class-40,5,0.5524522662162781,1,0.9927495718002319,0.9464371204376221,0.158951553129843,0.9008581638336182
274_class-48,0,0.4441402554512024,0,0.9876184463500977,0.9791605472564697,1.0,0.947338342666626
274_class-48,1,0.46614208817481995,0,0.988231897354126,0.9610047340393066,0.7480077323654726,0.8868842720985413
274_class-48,2,0.4453869163990021,0,0.9910561442375183,0.9185125827789307,0.4446906499826208,0.7237473726272583
274_class-48,3,0.44002097845077515,1,0.9874204397201538,0.9837090969085693,0.5243222801640062,0.9679029583930969
274_class-48,4,0.4443058669567108,0,0.9880650043487549,0.9618043899536133,0.9524242843860655,0.87220299243927
274_class-48,5,0.4381842315196991,0,0.9874216318130493,0.9816194772720337,0.946949082865141,0.968342661857605
275_class-16,0,0.5476486682891846,0,0.9815384745597839,0.9888139963150024,1.0,0.9287573099136353
275_class-16,1,0.5429526567459106,0,0.9826847910881042,0.9789992570877075,0.9229707978845711,0.7531167268753052
275_class-16,2,0.8959784507751465,0,0.9930198192596436,0.9937746524810791,0.25952239984211567,0.9701856374740601
275_class-16,3,0.9222656488418579,0,0.9900612831115723,0.9959531426429749,0.8577824175382948,0.9868211150169373
275_class-16,4,0.9242426753044128,1,0.9904745221138,1.0093001127243042,0.9939378123933597,0.9932642579078674
275_class-16,5,0.8667980432510376,0,0.9911792278289795,0.9906103610992432,0.8989732894842384,0.9703200459480286
276_class-20,0,0.8460745811462402,0,0.9798300266265869,0.9836665391921997,1.0,0.9430126547813416
276_class-20,1,0.5769866704940796,0,0.9799137711524963,0.9708143472671509,0.44774613906192495,0.9555265307426453
276_class-20,2,0.8406918048858643,0,0.977471649646759,0.9828875064849854,0.4389791436482929,0.952323853969574
276_class-20,3,0.6446014642715454,0,0.9833166599273682,0.9751025438308716,0.3882140056698233,0.9632351994514465
276_class-20,4,0.6452438831329346,1,0.9818972945213318,0.980271577835083,0.9943024398963267,0.9659646153450012
276_class-20,5,0.8454342484474182,0,0.9784588813781738,0.9807565212249756,0.39324856991780033,0.9383110404014587
277_class-44,0,0.658828616142273,0,0.9989211559295654,0.9917693138122559,1.0,0.9941756725311279
277_class-44,1,0.6594856977462769,0,0.9987578392028809,0.9811614751815796,0.9942186702941677,0.9954429864883423
277_class-44,2,0.7272164821624756,1,0.9991611242294312,0.9944714307785034,0.6094293224794369,0.9947128295898438
277_class-44,3,0.6563049554824829,0,0.9987298846244812,0.9900516271591187,0.599404255319149,0.9927350282669067
277_class-44,4,0.6604746580123901,0,0.9987851977348328,0.9919098615646362,0.978972358826522,0.9939003586769104
277_class-44,5,0.8813591003417969,0,0.9988704919815063,0.9522511959075928,0.39800583925521954,0.9443696141242981
278_class-24,0,0.4275186061859131,0,0.9936586022377014,0.9668160676956177,1.0,0.9370795488357544
278_class-24,1,0.40395939350128174,0,0.9841262102127075,0.9627126455307007,0.509633555618307,0.9023470878601074
278_class-24,2,0.28464096784591675,0,0.9357094764709473,0.9334043264389038,0.38267844643296317,0.7260101437568665
278_class-24,3,0.4207972586154938,0,0.995119571685791,0.9685916900634766,0.3003423001431782,0.9413411617279053
278_class-24,4,0.45506179332733154,0,0.9928469061851501,0.941617488861084,0.2769609213395203,0.921994686126709
278_class-24,5,0.43909043073654175,1,0.9947742223739624,0.9780035018920898,0.3737168683928298,0.9689076542854309
279_class-60,0,0.216650128364563,0,0.9374299049377441,0.9073276519775391,1.0,0.6078260540962219
279_class-60,1,0.27423954010009766,0,0.9571734666824341,0.9813110828399658,0.47091091361695897,0.9291338324546814
279_class-60,2,0.2481648325920105,1,0.964381754398346,1.0110214948654175,0.6088215900527506,0.9979004859924316
279_class-60,3,0.28948140144348145,0,0.9613398313522339,0.9884493350982666,0.5541606963365342,0.9121912121772766
279_class-60,4,0.2819306254386902,0,0.9606003165245056,0.9821069240570068,0.9406564308441351,0.9485461711883545
279_class-60,5,0.2677593231201172,0,0.9605692625045776,1.0033633708953857,0.5154553049289892,0.9957572817802429
280_class-68,0,0.4306621849536896,0,0.9936863780021667,0.9962286949157715,1.0,0.9830611944198608
280_class-68,1,0.43047210574150085,0,0.9930838346481323,0.9962737560272217,0.9956397406495088,0.9837600588798523
280_class-68,2,0.39912569522857666,0,0.9784644842147827,0.9826087951660156,0.6768277476163984,0.9625892043113708
280_class-68,3,0.295482337474823,0,0.9486539959907532,0.9805186986923218,0.2857947232947233,0.9257277846336365
280_class-68,4,0.3073485791683197,0,0.9524845480918884,0.9834685325622559,0.9403336859491862,0.9224845170974731
280_class-68,5,0.44891250133514404,1,0.997024416923523,0.9937218427658081,0.24889409956552153,0.9824191331863403
281_class-76,0,0.4116497337818146,0,0.9971603155136108,1.001348853111267,1.0,0.9891320466995239
281_class-76,1,0.4109583795070648,0,0.9970687627792358,1.0005372762680054,0.9911719214753123,0.993190586566925
281_class-76,2,0.41162362694740295,0,0.9971698522567749,0.9999243021011353,0.9915050565139798,0.989098072052002
281_class-76,3,0.411614328622818,1,0.997139036655426,1.004932165145874,0.9983934394782276,0.9896630048751831
281_class-76,4,0.41167765855789185,0,0.9971463680267334,1.0005995035171509,0.9981292720949754,0.9886873960494995
281_class-76,5,0.41102173924446106,0,0.997033953666687,1.0002888441085815,0.9916172513157582,0.993061900138855
282_class-56,0,0.40594393014907837,0,0.9970117211341858,1.0053523778915405,1.0,0.9881296753883362
282_class-56,1,0.4061228334903717,0,0.9970206022262573,1.0039801597595215,0.996719400858999,0.9883925318717957
282_class-56,2,0.4060370922088623,0,0.9969815015792847,1.0047554969787598,0.9969763725109066,0.9891733527183533
282_class-56,3,0.4059625566005707,1,0.9970138072967529,1.0055397748947144,0.9986179195370031,0.988524317741394
282_class-56,4,0.1554451584815979,0,0.8204307556152344,0.9102784395217896,0.24321172199681323,0.3297984302043915
282_class-56,5,0.4057874083518982,0,0.9970110654830933,0.9889901876449585,0.24305939396592768,0.9815739393234253
283_class-24,0,0.4585215151309967,0,0.9938569068908691,0.7052947282791138,1.0,0.6826979517936707
283_class-24,1,0.5215910077095032,0,0.9834448099136353,0.8551287055015564,0.11006990926669641,0.860019862651825
283_class-24,2,0.3113698363304138,0,0.8332693576812744,0.9469008445739746,0.0,0.950063169002533
283_class-24,3,0.5083721280097961,1,0.986778736114502,0.9122600555419922,0.0,0.8016795516014099
283_class-24,4,0.4030861258506775,0,0.960041344165802,0.8483326435089111,0.3200722343700706,0.6760427951812744
283_class-24,5,0.5036821961402893,0,0.9814049005508423,0.8648366332054138,0.3358901478280056,0.7832850813865662
284_class-24,0,0.40477994084358215,0,0.9793223142623901,0.9397401809692383,1.0,0.9347875714302063
284_class-24,1,0.411530464887619,0,0.9753279685974121,0.9750258922576904,0.9567103285376852,0.9668377637863159
284_class-24,2,0.40529748797416687,1,0.9832198619842529,0.9726295471191406,0.9497542443819622,0.975932776927948
284_class-24,3,0.4038045108318329,0,0.9748072028160095,0.9729448556900024,0.9731924727632882,0.9713551998138428
284_class-24,4,0.402962863445282,0,0.9546923637390137,0.9956344366073608,0.9881580669080123,0.9883112907409668
284_class-24,5,0.4031170904636383,0,0.9738743901252747,0.9278562068939209,0.9797125950972105,0.9408513903617859
285_class-64,0,0.40383201837539673,0,0.956855297088623,0.9534929990768433,1.0,0.7793552279472351
285_class-64,1,0.4675503373146057,0,0.9954206943511963,0.9178818464279175,0.25413028878441907,0.581436276435852
285_class-64,2,0.18986129760742188,0,0.8245621919631958,0.9312838315963745,0.10631005356167726,0.3874758780002594
285_class-64,3,0.3951520323753357,0,0.9638934135437012,0.9177042245864868,0.3885617726987666,0.657364547252655
285_class-64,4,0.5515569448471069,1,0.9968649744987488,0.9377399682998657,0.2570543093270366,0.8821879029273987
285_class-64,5,0.5295019745826721,0,0.9962688684463501,0.9334985017776489,0.7869061770792057,0.8504454493522644
286_class-72,0,0.40085917711257935,0,0.9927676320075989,0.9337484240531921,1.0,0.9486568570137024
286_class-72,1,0.3897629380226135,0,0.9816551208496094,0.9468346834182739,0.604639711112327,0.9719201326370239
286_class-72,2,0.3995368182659149,0,0.9931352138519287,0.9750807881355286,0.6069512862616311,0.9803805351257324
286_class-72,3,0.39941713213920593,0,0.9894647598266602,0.9921114444732666,0.9796166189608813,0.9899521470069885
286_class-72,4,0.40826016664505005,0,0.9857433438301086,0.8629060983657837,0.02340702210663199,0.8024924397468567
286_class-72,5,0.3993840217590332,1,0.9929494261741638,0.997504472732544,0.023681682021138302,0.9887743592262268
287_class-12,0,0.6124932765960693,1,0.9932663440704346,0.9704006910324097,1.0,0.8359451293945312
287_class-12,1,0.37027597427368164,0,0.9452998042106628,1.0017058849334717,0.4633622173105015,0.9810517430305481
287_class-12,2,0.8686138391494751,0,0.9925702214241028,0.9439045190811157,0.2241490044958253,0.8360345959663391
287_class-12,3,0.7117970585823059,0,0.9893262386322021,0.9562186002731323,0.6531779097597731,0.8014625310897827
287_class-12,4,0.3695370554924011,0,0.9469351768493652,1.006589651107788,0.34134091411412326,0.9846749901771545
287_class-12,5,0.49741536378860474,0,0.9850360155105591,0.9718271493911743,0.6601678315282425,0.8426648378372192
288_class-0,0,0.6958975195884705,0,0.7275605201721191,0.9839470386505127,1.0,0.6465378403663635
288_class-0,1,0.36878934502601624,0,0.8669019341468811,0.9489567279815674,0.6512105507425743,0.5725196599960327
288_class-0,2,0.6876345872879028,0,0.7336170673370361,0.9919760227203369,0.6440912655153288,0.6369516849517822
288_class-0,3,0.30950918793678284,1,0.9300042390823364,0.9752997159957886,0.5401419090787385,0.9487300515174866
288_class-0,4,0.6811597347259521,0,0.7335574626922607,0.9874163866043091,0.5417125408072059,0.6325321197509766
288_class-0,5,0.6679255962371826,0,0.7304414510726929,0.9918918609619141,0.9955845828350658,0.6244698762893677
289_class-56,0,0.41789519786834717,0,0.9921637177467346,0.9948471784591675,1.0,0.9889722466468811
289_class-56,1,0.41814708709716797,1,0.9921307563781738,1.001934289932251,0.9915565932132919,0.9891230463981628
289_class-56,2,0.41804584860801697,0,0.9920933246612549,0.9918344020843506,0.9946729991656504,0.9893446564674377
289_class-56,3,0.36048176884651184,0,0.9752551913261414,0.9229856729507446,0.42590945340776637,0.7454391717910767
289_class-56,4,0.36639147996902466,0,0.9791715145111084,0.938165545463562,0.8630570788599675,0.7381024360656738
289_class-56,5,0.40263450145721436,0,0.9474493265151978,0.8960940837860107,0.43584817107154383,0.5577094554901123
290_class-0,0,0.5966589450836182,0,0.9828165769577026,0.9153590202331543,1.0,0.7522563934326172
290_class-0,1,0.63770592212677,0,0.9825645089149475,0.9201775789260864,0.7164582194643604,0.884177029132843
290_class-0,2,0.5384300947189331,0,0.9858299493789673,0.9245223999023438,0.6956536697247706,0.8393828272819519
290_class-0,3,0.5943712592124939,1,0.9827865958213806,0.9651471376419067,0.7606893571325677,0.9329913258552551
290_class-0,4,0.5391532778739929,0,0.9877125024795532,0.9465852975845337,0.7548291810797155,0.8529649972915649
290_class-0,5,0.598301351070404,0,0.9818689823150635,0.9516700506210327,0.7110377704437111,0.9437940120697021
291_class-52,0,0.28375890851020813,0,0.9829762578010559,0.9860131740570068,1.0,0.9585346579551697
291_class-52,1,0.43043574690818787,0,0.9936044216156006,0.8846733570098877,0.24471556775198397,0.6982067823410034
291_class-52,2,0.30756139755249023,0,0.9852460622787476,0.9613109827041626,0.28617617368659753,0.8616713881492615
291_class-52,3,0.29528120160102844,0,0.9849103689193726,0.9556022882461548,0.8985421257840311,0.8611568212509155
291_class-52,4,0.3151954412460327,0,0.9860286712646484,0.9820797443389893,0.8052622828165267,0.948522686958313
291_class-52,5,0.28749144077301025,1,0.9833004474639893,0.9894626140594482,0.7800971580605451,0.9808467626571655
292_class-32,0,0.4621599316596985,0,0.9930912852287292,0.8645851612091064,1.0,0.8849495649337769
292_class-32,1,0.4602595269680023,0,0.9861469864845276,0.9260824918746948,0.668408722292305,0.8844166994094849
292_class-32,2,0.43598783016204834,1,0.9866659641265869,0.9639416933059692,0.7058890501807418,0.8883242607116699
292_class-32,3,0.43977057933807373,0,0.9857307076454163,0.8962820172309875,0.8169161763849245,0.9550215601921082
292_class-32,4,0.2817477881908417,0,0.7759271860122681,0.9563530683517456,0.00017220951698674675,0.8849418759346008
292_class-32,5,0.4519411027431488,0,0.9731568098068237,0.7949409484863281,0.000345276544932707,0.53551185131073
293_class-4,0,0.5338746905326843,0,0.9049361944198608,1.0122599601745605,1.0,0.9870679378509521
293_class-4,1,0.533894419670105,0,0.9049700498580933,1.0107817649841309,0.9998814678029121,0.9866722226142883
293_class-4,2,0.5335512161254883,1,0.9048454165458679,1.0098509788513184,0.9984426489917709,0.9961855411529541
293_class-4,3,0.5338579416275024,0,0.9050418734550476,1.011298418045044,0.9985360900522647,0.9878761768341064
293_class-4,4,0.5339270830154419,0,0.9050076007843018,1.0121136903762817,0.9998066077756151,0.9856606721878052
293_class-4,5,0.5338579416275024,0,0.9050248265266418,1.0119524002075195,0.9998315595094015,0.9868096709251404
294_class-24,0,0.2856500744819641,0,0.7147172689437866,0.9659050703048706,1.0,0.5106697082519531
294_class-24,1,0.2641002833843231,0,0.7395910620689392,0.9495278596878052,0.8922296312136706,0.5340280532836914
294_class-24,2,0.4625609517097473,0,0.803069531917572,0.9434154033660889,0.7771193355793079,0.6537723541259766
294_class-24,3,0.30042800307273865,0,0.8873773813247681,0.9025142192840576,0.14829638485328897,0.4037310481071472
294_class-24,4,0.33399179577827454,0,0.7416701316833496,0.960476279258728,0.1258741258741259,0.5880322456359863
294_class-24,5,0.3026359975337982,1,0.995231568813324,1.0026791095733643,0.020599589684763185,0.996978759765625
295_class-8,0,0.060751523822546005,0,0.9899492263793945,0.9721558094024658,1.0,0.9534769058227539
295_class-8,1,0.1032131165266037,1,0.9909023642539978,0.9726890325546265,0.4434816302088837,0.9496766328811646
295_class-8,2,0.06084030121564865,0,0.9881749749183655,0.9639102220535278,0.4664789228196779,0.9415919184684753
295_class-8,3,0.0925629511475563,0,0.9911251068115234,0.9751250743865967,0.4829686746987952,0.9000660181045532
295_class-8,4,0.057104386389255524,0,0.9890391826629639,0.9750608205795288,0.6123297381175885,0.9357647895812988
295_class-8,5,0.1552627831697464,0,0.9870522022247314,0.9514302015304565,0.40859030837004406,0.6544387936592102
296_class-76,0,0.3655999004840851,0,0.9454559683799744,0.832571268081665,1.0,0.45726045966148376
296_class-76,1,0.824618399143219,1,0.9886583089828491,0.9709151983261108,0.13614224411088377,0.9276978969573975
296_class-76,2,0.36901456117630005,0,0.9414814710617065,0.8260148763656616,0.14610078816235608,0.47449517250061035
296_class-76,3,0.16783088445663452,0,0.8143104314804077,0.987777590751648,0.3676133356853061,0.6886094808578491
296_class-76,4,0.4780300259590149,0,0.9652758836746216,0.9448013305664062,0.41258324455478534,0.7254276275634766
296_class-76,5,0.21817415952682495,0,0.838361918926239,0.9883843660354614,0.4840499858277349,0.6759753227233887
297_class-32,0,0.47802409529685974,0,0.9979211091995239,0.9025593996047974,1.0,0.8880329132080078
297_class-32,1,0.950835108757019,1,0.9987293481826782,0.9851720333099365,0.006309148264984227,0.9972161650657654
297_class-32,2,0.48207786679267883,0,0.993685245513916,0.9187860488891602,0.03868974648163585,0.6857439875602722
297_class-32,3,0.7209792733192444,0,0.9995623826980591,0.9740945100784302,0.15647790122852528,0.9871275424957275
297_class-32,4,0.5206342339515686,0,0.9728668928146362,0.8758816719055176,0.22659654395191586,0.5701533555984497
297_class-32,5,0.9495946168899536,0,0.9988471269607544,0.9226526021957397,0.06552494415487714,0.9947449564933777
298_class-4,0,0.6415245532989502,0,0.9339646100997925,0.9893388748168945,1.0,0.9424875378608704
298_class-4,1,0.6245093941688538,0,0.9274659156799316,0.9667545557022095,0.9528395375428789,0.8089831471443176
298_class-4,2,0.31180691719055176,0,0.9888520240783691,1.0142807960510254,0.2917136196677878,0.9966891407966614
298_class-4,3,0.31181997060775757,1,0.9888570308685303,1.0147024393081665,0.9993250579569798,0.9966843128204346
298_class-4,4,0.6419391632080078,0,0.9331472516059875,0.9932817220687866,0.29839693249918836,0.945127010345459
298_class-4,5,0.6454402804374695,0,0.9367077350616455,0.9951707124710083,0.9896032975399721,0.9473761320114136
299_class-40,0,0.3804057836532593,1,0.9878929853439331,1.0010340213775635,1.0,0.9887709617614746
299_class-40,1,0.46228066086769104,0,0.9952525496482849,0.8971627950668335,0.15751378676470587,0.7401482462882996
299_class-40,2,0.3809592127799988,0,0.9880726337432861,0.9745210409164429,0.14898859664202624,0.9583015441894531
299_class-40,3,0.3022595942020416,0,0.9583606123924255,0.985008716583252,0.49654119310903183,0.864334762096405
299_class-40,4,0.3802362084388733,0,0.9880218505859375,0.9806550741195679,0.49501715405979413,0.9676662683486938
299_class-40,5,0.379925012588501,0,0.9883453845977783,0.9885667562484741,0.9849334798923549,0.9844003915786743
