obj_name,iter_0,iter_1,iter_2,iter_3,iter_4,iter_5
0_class-760,0.9803687334060669,0.980412483215332,0.9804059267044067,0.9804656505584717,0.98048335313797,0.9804856181144714
1_class-760,0.9707309007644653,0.9707671403884888,0.9703292846679688,0.970808744430542,0.970291018486023,0.9703096151351929
2_class-760,0.9781351089477539,0.6652793288230896,0.6651769280433655,0.9768610000610352,0.976632833480835,0.9781094193458557
3_class-760,0.9647308588027954,0.9642473459243774,0.9642150402069092,0.96363365650177,0.9639509916305542,0.9639302492141724
4_class-760,0.971376359462738,0.9698212146759033,0.9708788394927979,0.9697321653366089,0.9704505801200867,0.971250593662262
5_class-760,0.9479209184646606,0.9432240724563599,0.9284907579421997,0.961772084236145,0.9298498034477234,0.9299426078796387
6_class-760,0.9389632940292358,0.9394623041152954,0.9392569065093994,0.9450945854187012,0.9450099468231201,0.9393607378005981
7_class-760,0.8907676339149475,0.8797723650932312,0.879478931427002,0.8900439739227295,0.8793870210647583,0.8793232440948486
8_class-760,0.9340115785598755,0.7168049812316895,0.933807373046875,0.9339417219161987,0.9339749813079834,0.9338699579238892
9_class-760,0.9416310787200928,0.9410865306854248,0.9412294626235962,0.9675940275192261,0.967219352722168,0.9418869018554688
10_class-761,0.9755327105522156,0.8248196840286255,0.9755861759185791,0.8238279819488525,0.9757078886032104,0.9758657217025757
11_class-761,0.9747414588928223,0.9747544527053833,0.9742638468742371,0.9749792218208313,0.9747382402420044,0.9745140671730042
12_class-761,0.582953929901123,0.5816059112548828,0.5819108486175537,0.5825291275978088,0.581507682800293,0.5829987525939941
13_class-761,0.9742007255554199,0.9745012521743774,0.9749794006347656,0.9741867780685425,0.974262535572052,0.9743824005126953
14_class-761,0.8311987519264221,0.7582714557647705,0.6384234428405762,0.6444586515426636,0.5254982709884644,0.6411163210868835
15_class-761,0.952555239200592,0.9527420997619629,0.9519249200820923,0.9527972340583801,0.9528507590293884,0.95302814245224
16_class-761,0.9720010757446289,0.9723526239395142,0.6583554744720459,0.961177408695221,0.9723342657089233,0.9717780351638794
17_class-761,0.970577597618103,0.9705836772918701,0.9704210758209229,0.9705155491828918,0.9704232215881348,0.9703938961029053
18_class-761,0.7198684811592102,0.6826069355010986,0.682552695274353,0.6850171685218811,0.6850119829177856,0.6848182678222656
19_class-761,0.9584289789199829,0.9601864218711853,0.9607013463973999,0.9579626321792603,0.9581551551818848,0.9577594995498657
20_class-762,0.9446843862533569,0.9444852471351624,0.9445649981498718,0.9447342157363892,0.944040060043335,0.9444339275360107
21_class-762,0.7248733639717102,0.9398061037063599,0.9444863200187683,0.9389135837554932,0.7219822406768799,0.9454699754714966
22_class-762,0.9544287919998169,0.9569554328918457,0.9559085965156555,0.9569900631904602,0.9565415382385254,0.9584634304046631
23_class-762,0.7992194890975952,0.9378702640533447,0.9376168251037598,0.9376264810562134,0.9309161901473999,0.885458767414093
24_class-762,0.8681309819221497,0.8681067228317261,0.8682776689529419,0.8682799339294434,0.8678428530693054,0.8681299090385437
25_class-762,0.545677125453949,0.41965290904045105,0.5454103350639343,0.5456522107124329,0.5459797978401184,0.419346421957016
26_class-762,0.7258559465408325,0.8674365282058716,0.7245433330535889,0.8351910710334778,0.7382681369781494,0.724102258682251
27_class-762,0.058029185980558395,0.9396851658821106,0.9401736259460449,0.9389737844467163,0.24097195267677307,0.9388845562934875
28_class-762,0.9390285015106201,0.681252121925354,0.9388653039932251,0.8984924554824829,0.7338519096374512,0.8996798992156982
29_class-762,0.964896559715271,0.9647458791732788,0.9645319581031799,0.9649440050125122,0.9649622440338135,0.9647819995880127
30_class-763,0.7976393699645996,0.7836340665817261,0.8640726804733276,0.7976303696632385,0.7984708547592163,0.7918012142181396
31_class-763,0.9513951539993286,0.9454752206802368,0.5879901051521301,0.9514192342758179,0.950895369052887,0.9506961703300476
32_class-763,0.24508795142173767,0.24541333317756653,0.9595905542373657,0.9600592851638794,0.2267591804265976,0.9615428447723389
33_class-763,0.9589221477508545,0.9585150480270386,0.9586718082427979,0.9585773944854736,0.9587464332580566,0.9590412378311157
34_class-763,0.9758884310722351,0.9757535457611084,0.9759091138839722,0.9758081436157227,0.9759325981140137,0.9760723114013672
35_class-763,0.3028167486190796,0.9554934501647949,0.9557443857192993,0.9569985866546631,0.6174933910369873,0.9566233158111572
36_class-763,0.9566859006881714,0.8318541049957275,0.9568599462509155,0.9568959474563599,0.9567382335662842,0.9554755687713623
37_class-763,0.8665241003036499,0.9544543623924255,0.9527265429496765,0.9534472227096558,0.955255389213562,0.8582638502120972
38_class-763,0.932576060295105,0.9342001676559448,0.9345788955688477,0.16637428104877472,0.2585718333721161,0.1660650372505188
39_class-763,0.9545485377311707,0.954750657081604,0.9548604488372803,0.9549918174743652,0.9546716213226318,0.9549695253372192
40_class-764,0.848141074180603,0.8478552103042603,0.848558783531189,0.8482842445373535,0.848518967628479,0.8487269878387451
41_class-764,0.9475151300430298,0.9480080604553223,0.9481581449508667,0.9478648900985718,0.9495394229888916,0.9491539001464844
42_class-764,0.8740209937095642,0.9100345969200134,0.6773842573165894,0.8896769881248474,0.8739801049232483,0.8881420493125916
43_class-764,0.9809135794639587,0.9810974597930908,0.9809567332267761,0.9810905456542969,0.9811034202575684,0.9809458255767822
44_class-764,0.9617244005203247,0.33375224471092224,0.961756706237793,0.9643768072128296,0.9595425128936768,0.9643211364746094
45_class-764,0.8946946859359741,0.03547936677932739,0.035274211317300797,0.10138557851314545,0.022681131958961487,0.02539031207561493
46_class-764,0.9761993885040283,0.7101570963859558,0.9763222336769104,0.9763205051422119,0.9762507081031799,0.9760591983795166
47_class-764,0.9561735987663269,0.9587780237197876,0.9619181156158447,0.9603472352027893,0.9608960747718811,0.9567850828170776
48_class-764,0.9294766187667847,0.9355066418647766,0.9348754286766052,0.927660346031189,0.9346044063568115,0.9347234964370728
49_class-764,0.9657858610153198,0.9633896350860596,0.9658654928207397,0.9661139249801636,0.9636958241462708,0.963800311088562
50_class-765,0.9515652060508728,0.9545770883560181,0.9518311023712158,0.9541968703269958,0.9516841173171997,0.9518120884895325
51_class-765,0.4974322021007538,0.4967297911643982,0.41676682233810425,0.7831855416297913,0.4980735182762146,0.8020146489143372
52_class-765,0.9023916721343994,0.7686432600021362,0.9026511311531067,0.902441680431366,0.902298092842102,0.76971834897995
53_class-765,0.840261697769165,0.8400758504867554,0.8400894403457642,0.840203583240509,0.8397700190544128,0.8398202657699585
54_class-765,0.49812960624694824,0.4972319006919861,0.4994618892669678,0.9509811401367188,0.49927085638046265,0.9505160450935364
55_class-765,0.772020161151886,0.5662046670913696,0.649462103843689,0.6554327607154846,0.9032822847366333,0.712584376335144
56_class-765,0.9266431927680969,0.9243459701538086,0.9268689155578613,0.9267608523368835,0.9233236312866211,0.9268547296524048
57_class-765,0.7462841272354126,0.8241591453552246,0.6193441152572632,0.6214741468429565,0.6547845602035522,0.6195134520530701
58_class-765,0.9402869939804077,0.7584960460662842,0.9354808330535889,0.4310799539089203,0.8559629321098328,0.5151419639587402
59_class-765,0.8908278346061707,0.8912034034729004,0.8904260993003845,0.8905069828033447,0.891189455986023,0.8908904194831848
60_class-766,0.9875403642654419,0.9874870777130127,0.9875500202178955,0.9875050783157349,0.9875319004058838,0.9874769449234009
61_class-766,0.8525843620300293,0.9818339347839355,0.3974952697753906,0.9808297157287598,0.4970709979534149,0.8530696630477905
62_class-766,0.9865835905075073,0.9872127771377563,0.9871364831924438,0.9861240386962891,0.986611545085907,0.9865108132362366
63_class-766,0.3641575872898102,0.36415544152259827,0.3641597330570221,0.3641575872898102,0.36415544152259827,0.3641597330570221
64_class-766,0.6187750697135925,0.9588899612426758,0.9766573905944824,0.9738689064979553,0.9586384892463684,0.976925253868103
65_class-766,0.973561704158783,0.9772258996963501,0.9776685237884521,0.9768805503845215,0.9774642586708069,0.2445998191833496
66_class-766,0.8186083436012268,0.8186866044998169,0.8182634115219116,0.8185498118400574,0.9506993889808655,0.818430483341217
67_class-766,0.973570704460144,0.41875189542770386,0.977841854095459,0.4324062466621399,0.9741987586021423,0.47699353098869324
68_class-766,0.8178061842918396,0.8132884502410889,0.6560595631599426,0.28926220536231995,0.976667582988739,0.9765293002128601
69_class-766,0.9866923689842224,0.9867695569992065,0.9867494106292725,0.9867506623268127,0.9867888689041138,0.9868661165237427
70_class-767,0.9568361043930054,0.9572540521621704,0.9571512341499329,0.9564876556396484,0.9568583965301514,0.9567892551422119
71_class-767,0.8580302000045776,0.8627591133117676,0.8625734448432922,0.859575629234314,0.8541269302368164,0.8575818538665771
72_class-767,0.9620827436447144,0.9613160490989685,0.961175799369812,0.9586125016212463,0.9615921974182129,0.9602868556976318
73_class-767,0.9292792081832886,0.9292030334472656,0.9291620254516602,0.9293149709701538,0.9294184446334839,0.9292626976966858
74_class-767,0.8098745942115784,0.810080885887146,0.8079858422279358,0.809352457523346,0.8080650568008423,0.81056809425354
75_class-767,0.3380023241043091,0.04717008024454117,0.9020308256149292,0.035226594656705856,0.8855510354042053,0.3373885750770569
76_class-767,0.6461751461029053,0.7153288125991821,0.7061435580253601,0.7055683732032776,0.9148555994033813,0.7161608338356018
77_class-767,0.9732362031936646,0.9732351303100586,0.9733569622039795,0.9731112718582153,0.9731298685073853,0.9730498790740967
78_class-767,0.9268242120742798,0.9264868497848511,0.9237876534461975,0.9262795448303223,0.9255339503288269,0.9265176653862
79_class-767,0.9531102180480957,0.9536468982696533,0.9429351687431335,0.9385472536087036,0.9518911838531494,0.9522321224212646
80_class-768,0.38487663865089417,0.3876248300075531,0.38570281863212585,0.3844282329082489,0.3874441385269165,0.21921855211257935
81_class-768,0.9813317656517029,0.980657696723938,0.9816212058067322,0.9659069776535034,0.9811012744903564,0.9809058904647827
82_class-768,0.9782110452651978,0.9783753156661987,0.9783084392547607,0.9781606793403625,0.9783629179000854,0.9783797860145569
83_class-768,0.7936667799949646,0.9869402647018433,0.9869614839553833,0.9867010116577148,0.9610830545425415,0.9871010780334473
84_class-768,0.9422324895858765,0.9417136311531067,0.9421169757843018,0.7802202105522156,0.9417592287063599,0.9418343305587769
85_class-768,0.9793869853019714,0.9796290397644043,0.8123831152915955,0.9796284437179565,0.813041627407074,0.9794202446937561
86_class-768,0.3125297725200653,0.5284513235092163,0.980698823928833,0.9805171489715576,0.9804259538650513,0.9804054498672485
87_class-768,0.5802978277206421,0.6501469612121582,0.651700496673584,0.571722149848938,0.6583877801895142,0.5492077469825745
88_class-768,0.975109338760376,0.974843442440033,0.6679720878601074,0.9755443334579468,0.9755223393440247,0.6673389673233032
89_class-768,0.9914143085479736,0.9909659028053284,0.9915406703948975,0.9914498329162598,0.689049482345581,0.9915635585784912
90_class-769,0.36036741733551025,0.35708045959472656,0.37068477272987366,0.3703380823135376,0.36336493492126465,0.37237200140953064
91_class-769,0.9637875556945801,0.9639748334884644,0.9612356424331665,0.9637347459793091,0.9595605134963989,0.9636425971984863
92_class-769,0.6493496298789978,0.8096843957901001,0.6456886529922485,0.8094340562820435,0.8098347187042236,0.763778567314148
93_class-769,0.9316998720169067,0.9326409101486206,0.8137399554252625,0.9315676689147949,0.9321170449256897,0.9317203760147095
94_class-769,0.9507371187210083,0.9511827230453491,0.9503215551376343,0.9505833387374878,0.9506332874298096,0.9505606889724731
95_class-769,0.9720922708511353,0.7612509727478027,0.9753135442733765,0.9748866558074951,0.9751152992248535,0.7609142661094666
96_class-769,0.9635869264602661,0.7805238962173462,0.9639253616333008,0.7796269655227661,0.7795101404190063,0.9628049731254578
97_class-769,0.9517865777015686,0.9516478180885315,0.949116587638855,0.9518833756446838,0.9494652152061462,0.9518381357192993
98_class-769,0.9696484804153442,0.9696428775787354,0.9689730405807495,0.9692677855491638,0.9696357250213623,0.9694491028785706
99_class-769,0.9689027667045593,0.9689580798149109,0.9689393043518066,0.9687222242355347,0.9690518975257874,0.9686280488967896
100_class-770,0.7111482620239258,0.8961896896362305,0.692143440246582,0.8921185731887817,0.6063452959060669,0.6954023241996765
101_class-770,0.953351616859436,0.9535072445869446,0.9532462358474731,0.949909508228302,0.9535969495773315,0.9496034979820251
102_class-770,0.9806601405143738,0.980778694152832,0.9799792766571045,0.980867326259613,0.9801936149597168,0.980008602142334
103_class-770,0.9726188778877258,0.9725964665412903,0.9726626873016357,0.9726558923721313,0.972714900970459,0.9725448489189148
104_class-770,0.9611036777496338,0.9611855745315552,0.9609134197235107,0.9609169960021973,0.9610037803649902,0.9610451459884644
105_class-770,0.9379621744155884,0.9376256465911865,0.937659502029419,0.9377864599227905,0.937861442565918,0.9377591609954834
106_class-770,0.9592630863189697,0.9593329429626465,0.9593507647514343,0.959026575088501,0.9591136574745178,0.9590531587600708
107_class-770,0.9425160884857178,0.9475966691970825,0.9477298855781555,0.9482319355010986,0.9434995651245117,0.9359310865402222
108_class-770,0.9433538913726807,0.943774938583374,0.9439903497695923,0.9294514656066895,0.9293258190155029,0.9442442059516907
109_class-770,0.9500442743301392,0.9500463008880615,0.9499918222427368,0.9499526023864746,0.9516065120697021,0.94981449842453
110_class-771,0.9252661466598511,0.9076011180877686,0.7613188624382019,0.7757447361946106,0.5484509468078613,0.7667567133903503
111_class-771,0.03630466014146805,0.9628908634185791,0.9618210196495056,0.9630333185195923,0.963051438331604,0.9628968238830566
112_class-771,0.929657518863678,0.9305461049079895,0.9241124391555786,0.9298526048660278,0.6768516302108765,0.6762222051620483
113_class-771,0.9589095711708069,0.9590436220169067,0.9596759080886841,0.002951227128505707,0.9565646052360535,0.958753228187561
114_class-771,0.9003696441650391,0.9005171060562134,0.9004436731338501,0.9704450368881226,0.9002883434295654,0.9003069996833801
115_class-771,0.9255152344703674,0.5609663724899292,0.5634133219718933,0.5820844173431396,0.560827374458313,0.5605226159095764
116_class-771,0.8126564025878906,0.8156346082687378,0.8127065896987915,0.8128184676170349,0.8152510523796082,0.8623162508010864
117_class-771,0.9650781154632568,0.9652361273765564,0.8860299587249756,0.9649648666381836,0.9653844833374023,0.9649735689163208
118_class-771,0.801721453666687,0.8032059073448181,0.8000407218933105,0.7002984285354614,0.7196804881095886,0.7102664709091187
119_class-771,0.6288063526153564,0.9692937731742859,0.9684377312660217,0.9633548259735107,0.9688218832015991,0.9690410494804382
120_class-772,0.9894150495529175,0.9894147515296936,0.9894388914108276,0.9894705414772034,0.9894390106201172,0.9894149303436279
121_class-772,0.9807270765304565,0.9807353615760803,0.9808515310287476,0.9807265996932983,0.9807272553443909,0.9807185530662537
122_class-772,0.012715533375740051,0.012250285595655441,0.01277723629027605,0.013544619083404541,0.01329218689352274,0.014007369987666607
123_class-772,0.9873258471488953,0.9868781566619873,0.9874037504196167,0.987449049949646,0.9872634410858154,0.9874811172485352
124_class-772,0.7954753637313843,0.7953680753707886,0.7956447601318359,0.7953385710716248,0.7954686880111694,0.795278787612915
125_class-772,0.9919071197509766,0.9918607473373413,0.9912787675857544,0.9913157820701599,0.9912329316139221,0.9913344979286194
126_class-772,0.9913505911827087,0.9913588762283325,0.9913914799690247,0.9914323091506958,0.9914079904556274,0.9914324283599854
127_class-772,0.13072994351387024,0.13076457381248474,0.132231205701828,0.1309479922056198,0.13097354769706726,0.1307259351015091
128_class-772,0.980311930179596,0.9814534187316895,0.9810523390769958,0.9810355305671692,0.980857253074646,0.9811980724334717
129_class-772,0.012285253033041954,0.012402644380927086,0.012243442237377167,0.012383577413856983,0.01238186378031969,0.012299617752432823
130_class-773,0.016696233302354813,0.2310222089290619,0.7616382837295532,0.8921266794204712,0.902732789516449,0.8902463316917419
131_class-773,0.794761598110199,0.7914321422576904,0.7930657863616943,0.792332649230957,0.789887547492981,0.7903589606285095
132_class-773,0.7694491147994995,0.6486299633979797,0.6888062953948975,0.7714528441429138,0.7721719741821289,0.7725231647491455
133_class-773,0.9323492050170898,0.9326890707015991,0.7870906591415405,0.9320976734161377,0.7846841812133789,0.7628453373908997
134_class-773,0.9843242764472961,0.9847592115402222,0.9843993186950684,0.984331488609314,0.9843467473983765,0.9843450784683228
135_class-773,0.9404821395874023,0.9394392371177673,0.9406760931015015,0.939985990524292,0.9401928782463074,0.9170595407485962
136_class-773,0.9362004995346069,0.42566731572151184,0.1158156618475914,0.8082865476608276,0.1141163781285286,0.93874192237854
137_class-773,0.9803869724273682,0.9802389144897461,0.9798541069030762,0.9799681901931763,0.9799332022666931,0.9804431200027466
138_class-773,0.9736957550048828,0.9737146496772766,0.9738499522209167,0.9770498275756836,0.973713755607605,0.976737916469574
139_class-773,0.5296633243560791,0.7143877744674683,0.539072573184967,0.5998433828353882,0.5961311459541321,0.5310583114624023
140_class-774,0.9877949953079224,0.9877704977989197,0.9879109859466553,0.9879876375198364,0.9878677725791931,0.9880057573318481
141_class-774,0.7933070063591003,0.793277382850647,0.7924907207489014,0.7932339906692505,0.7932507991790771,0.793251633644104
142_class-774,0.9896917939186096,0.9897314310073853,0.9898383617401123,0.989775538444519,0.9897523522377014,0.9898055791854858
143_class-774,0.9812028408050537,0.9840606451034546,0.9812917709350586,0.9838308095932007,0.9809044599533081,0.9812212586402893
144_class-774,0.8208706974983215,0.8184369206428528,0.5847396850585938,0.640311598777771,0.818242073059082,0.8192561864852905
145_class-774,0.9565942287445068,0.9570420980453491,0.9569733142852783,0.9568917155265808,0.9566227197647095,0.9564526081085205
146_class-774,0.983593225479126,0.9642335176467896,0.983713686466217,0.9197794198989868,0.983301043510437,0.9164333343505859
147_class-774,0.9814611673355103,0.9813989400863647,0.9815253615379333,0.9814587831497192,0.9816861152648926,0.6616271138191223
148_class-774,0.975574254989624,0.9755344986915588,0.9702053070068359,0.974902868270874,0.9754372835159302,0.974881112575531
149_class-774,0.9010055661201477,0.9001671075820923,0.8989556431770325,0.8866114616394043,0.9098688364028931,0.9010685682296753
150_class-775,0.9830190539360046,0.9829619526863098,0.9830185174942017,0.9829267859458923,0.9830337166786194,0.9833790063858032
151_class-775,0.9800707101821899,0.9800839424133301,0.9796429872512817,0.9800224304199219,0.9799416661262512,0.9800249338150024
152_class-775,0.8731578588485718,0.8780429363250732,0.9428883194923401,0.9412969350814819,0.872333288192749,0.9425114393234253
153_class-775,0.9808938503265381,0.9809070825576782,0.9805063009262085,0.9808898568153381,0.9809070825576782,0.9792933464050293
154_class-775,0.9865611791610718,0.51023268699646,0.986501157283783,0.9846465587615967,0.9864299893379211,0.9860814809799194
155_class-775,0.9493576288223267,0.9490334987640381,0.9492279291152954,0.9494787454605103,0.7709860801696777,0.9492866396903992
156_class-775,0.6964079141616821,0.9693230986595154,0.6977813243865967,0.9687405824661255,0.6967074871063232,0.8750333786010742
157_class-775,0.9780873656272888,0.9778749942779541,0.9779419302940369,0.9779530763626099,0.9779415130615234,0.978179931640625
158_class-775,0.9749512076377869,0.9749493598937988,0.9747899174690247,0.9747433662414551,0.9748837351799011,0.9749959707260132
159_class-775,0.944656252861023,0.7393718957901001,0.6514538526535034,0.8221920728683472,0.645375669002533,0.6448073387145996
160_class-776,0.9721149802207947,0.9720075130462646,0.9718773365020752,0.9720834493637085,0.9722064733505249,0.9717637300491333
161_class-776,0.6077432632446289,0.6077443361282349,0.6077477335929871,0.9839758276939392,0.6077539920806885,0.9841419458389282
162_class-776,0.9845548868179321,0.9829080104827881,0.9833737015724182,0.9835613965988159,0.983275294303894,0.9835620522499084
163_class-776,0.9833884835243225,0.9833976626396179,0.9833237528800964,0.9834306240081787,0.9833259582519531,0.9834742546081543
164_class-776,0.8186200261116028,0.6335434913635254,0.8184950351715088,0.8187726140022278,0.6451900005340576,0.633582353591919
165_class-776,0.9698641300201416,0.9698413610458374,0.9672074317932129,0.9700983762741089,0.969656229019165,0.9695591330528259
166_class-776,0.9388808012008667,0.9391422271728516,0.9401477575302124,0.9393666982650757,0.987287163734436,0.07045700401067734
167_class-776,0.9849231243133545,0.9846572875976562,0.9845958352088928,0.9847800731658936,0.9846451282501221,0.9845479726791382
168_class-776,0.9752085208892822,0.9750909805297852,0.9752296805381775,0.9751646518707275,0.9753034710884094,0.9751567840576172
169_class-776,0.9893237948417664,0.9893321990966797,0.9895345568656921,0.9893395304679871,0.9892731308937073,0.989323616027832
170_class-777,0.646557092666626,0.8536015748977661,0.646658718585968,0.646703839302063,0.6467758417129517,0.8416950702667236
171_class-777,0.4724474549293518,0.472478985786438,0.47278884053230286,0.4750179648399353,0.4725542664527893,0.4724794030189514
172_class-777,0.4313158690929413,0.7506000399589539,0.4204004108905792,0.43157270550727844,0.43146079778671265,0.431388258934021
173_class-777,0.6820942163467407,0.774715781211853,0.6814258098602295,0.7548637390136719,0.564711332321167,0.7460575103759766
174_class-777,0.9730877876281738,0.9737241268157959,0.9730331897735596,0.9779661297798157,0.7657946348190308,0.9779648780822754
175_class-777,0.40920019149780273,0.413204550743103,0.4093253016471863,0.4136812686920166,0.41266852617263794,0.4131232500076294
176_class-777,0.43829309940338135,0.6375432014465332,0.6595865488052368,0.6592256426811218,0.6583236455917358,0.6386582255363464
177_class-777,0.576891303062439,0.1446526050567627,0.5569058656692505,0.558093786239624,0.6174585223197937,0.13875800371170044
178_class-777,0.4357903003692627,0.4399462342262268,0.5277435183525085,0.5217682123184204,0.5265395641326904,0.5220896005630493
179_class-777,0.6460092663764954,0.9402258396148682,0.6543798446655273,0.6464999318122864,0.940261721611023,0.5551378726959229
180_class-778,0.6603854894638062,0.6584318280220032,0.6576426029205322,0.6613082885742188,0.660763680934906,0.5943830013275146
181_class-778,0.9764575958251953,0.6366070508956909,0.6365424394607544,0.9747357964515686,0.9777522683143616,0.9813452959060669
182_class-778,0.18789231777191162,0.18827348947525024,0.18795588612556458,0.3776487112045288,0.2007177323102951,0.17274414002895355
183_class-778,0.14645379781723022,0.29118219017982483,0.1289675533771515,0.13313539326190948,0.13439826667308807,0.13349036872386932
184_class-778,0.7084657549858093,0.7208806276321411,0.7246136665344238,0.6025300025939941,0.9326333403587341,0.9343403577804565
185_class-778,0.8325568437576294,0.8324965238571167,0.8325480222702026,0.8843187093734741,0.8842226266860962,0.8325186967849731
186_class-778,0.982695460319519,0.9825505614280701,0.9826122522354126,0.981947660446167,0.9825179576873779,0.9824674129486084
187_class-778,0.9600447416305542,0.9596190452575684,0.9584975242614746,0.9600315690040588,0.9600597620010376,0.960188627243042
188_class-778,0.7173493504524231,0.8822728395462036,0.8762460947036743,0.5646817088127136,0.876524806022644,0.8758847713470459
189_class-778,0.9781327247619629,0.9769048094749451,0.8114019632339478,0.9784864783287048,0.9758423566818237,0.9767007827758789
190_class-779,0.9003109931945801,0.900836706161499,0.9013563394546509,0.900658905506134,0.9016218781471252,0.9003036022186279
191_class-779,0.978522777557373,0.9790228009223938,0.9787110090255737,0.9787521362304688,0.9789397716522217,0.9798943996429443
192_class-779,0.9846954345703125,0.9847193956375122,0.9846711754798889,0.9847439527511597,0.9848045110702515,0.9846832752227783
193_class-779,0.9782129526138306,0.9779717922210693,0.9780621528625488,0.9779715538024902,0.977820634841919,0.9780017733573914
194_class-779,0.7978583574295044,0.7974234819412231,0.7980835437774658,0.7975252866744995,0.7979543209075928,0.7980480194091797
195_class-779,0.9533387422561646,0.9544477462768555,0.9560755491256714,0.95597243309021,0.9516187310218811,0.7517114877700806
196_class-779,0.7117513418197632,0.410251259803772,0.7108586430549622,0.7113466858863831,0.7113996744155884,0.7108925580978394
197_class-779,0.9690847396850586,0.9691205620765686,0.9690482020378113,0.9689947366714478,0.9691370725631714,0.968943178653717
198_class-779,0.8992008566856384,0.965099036693573,0.9482126832008362,0.9273210167884827,0.954753577709198,0.9111384153366089
199_class-779,0.9575039148330688,0.5893114805221558,0.8899400234222412,0.6724828481674194,0.9547526836395264,0.9575001001358032
200_class-780,0.9838352203369141,0.9839099645614624,0.9263325929641724,0.9839603900909424,0.9834907054901123,0.9834318161010742
201_class-780,0.9830445647239685,0.9831064343452454,0.9830182790756226,0.983027994632721,0.9830620288848877,0.9830375909805298
202_class-780,0.8896950483322144,0.8896979093551636,0.8903101682662964,0.8894538283348083,0.8892366886138916,0.888938307762146
203_class-780,0.9822461009025574,0.9822044372558594,0.9822724461555481,0.982163667678833,0.9822190999984741,0.982216477394104
204_class-780,0.9693976640701294,0.9708613157272339,0.9708624482154846,0.9715355634689331,0.2455553412437439,0.9704807996749878
205_class-780,0.9803951978683472,0.9803198575973511,0.9809005260467529,0.9804333448410034,0.9803061485290527,0.9803454875946045
206_class-780,0.9723532199859619,0.9724553823471069,0.9725282192230225,0.9724189043045044,0.9723167419433594,0.9726739525794983
207_class-780,0.9532538056373596,0.953238844871521,0.9533129334449768,0.9532508850097656,0.953382134437561,0.9533388614654541
208_class-780,0.9787569046020508,0.9788162708282471,0.9788247346878052,0.978712797164917,0.978809118270874,0.9787352085113525
209_class-780,0.9811545610427856,0.9811197519302368,0.9811744689941406,0.981108546257019,0.9810531139373779,0.9810961484909058
210_class-781,0.9619815349578857,0.9613660573959351,0.9613392353057861,0.9610202312469482,0.9612619876861572,0.9620233774185181
211_class-781,0.9485824108123779,0.861757755279541,0.947941780090332,0.9488211870193481,0.9475120306015015,0.9488604664802551
212_class-781,0.9604942798614502,0.9605416655540466,0.9605579376220703,0.9606637954711914,0.960584819316864,0.9605321884155273
213_class-781,0.958045244216919,0.958122968673706,0.9581135511398315,0.9580636024475098,0.958045244216919,0.9582036733627319
214_class-781,0.9777015447616577,0.9778144359588623,0.30282649397850037,0.9777231216430664,0.39350003004074097,0.3044448792934418
215_class-781,0.9774830341339111,0.9774991273880005,0.9773436188697815,0.977497935295105,0.977482259273529,0.9775294065475464
216_class-781,0.9471832513809204,0.9470042586326599,0.947106122970581,0.9468948841094971,0.9471062421798706,0.9471750259399414
217_class-781,0.8351980447769165,0.8347623944282532,0.8352739810943604,0.8342843055725098,0.8358799815177917,0.835512638092041
218_class-781,0.9724593162536621,0.9724718332290649,0.9724147319793701,0.9724855422973633,0.9724035263061523,0.9723685383796692
219_class-781,0.9631960391998291,0.9632395505905151,0.9634761810302734,0.9637093544006348,0.9635711908340454,0.963652491569519
220_class-782,0.9880053400993347,0.987796425819397,0.9880152940750122,0.9879786968231201,0.9877514839172363,0.9878219366073608
221_class-782,0.9148907661437988,0.9092540740966797,0.9101161956787109,0.6479160785675049,0.6739070415496826,0.9613617658615112
222_class-782,0.9738417863845825,0.9736939072608948,0.9738614559173584,0.9738664031028748,0.9735225439071655,0.9733960032463074
223_class-782,0.7201101183891296,0.7200253009796143,0.9739746451377869,0.9740806818008423,0.973975419998169,0.9739009141921997
224_class-782,0.7090793251991272,0.7089567184448242,0.7087147235870361,0.7089440822601318,0.9807600975036621,0.9809744954109192
225_class-782,0.9862456321716309,0.9862260818481445,0.9861878752708435,0.9862448573112488,0.9862073063850403,0.9861975908279419
226_class-782,0.9845455288887024,0.9778275489807129,0.9777597188949585,0.9857032299041748,0.985515832901001,0.9809598326683044
227_class-782,0.9594888687133789,0.9595323801040649,0.9592834711074829,0.9590914845466614,0.9594557285308838,0.9594264626502991
228_class-782,0.44057750701904297,0.4416775405406952,0.4406149387359619,0.44054001569747925,0.7709327936172485,0.978826642036438
229_class-782,0.9887324571609497,0.9888503551483154,0.6367478370666504,0.6366978883743286,0.6369181871414185,0.988946259021759
230_class-783,0.33816394209861755,0.5516523122787476,0.33967143297195435,0.3381117582321167,0.3556838035583496,0.5506139397621155
231_class-783,0.595382809638977,0.9794138669967651,0.9785810708999634,0.9787591695785522,0.9791508913040161,0.5953868627548218
232_class-783,0.7682723999023438,0.6869111061096191,0.9646627902984619,0.7955840229988098,0.8115379810333252,0.8851827383041382
233_class-783,0.9522840976715088,0.9520937204360962,0.8023104667663574,0.7514822483062744,0.7908509969711304,0.95154869556427
234_class-783,0.8175784349441528,0.9813706874847412,0.9378032684326172,0.9803780317306519,0.9392999410629272,0.807895839214325
235_class-783,0.6858395934104919,0.8351771235466003,0.6861683130264282,0.8042227029800415,0.7472723722457886,0.8346703052520752
236_class-783,0.9710729122161865,0.9712691307067871,0.9723378419876099,0.9721724987030029,0.9722234010696411,0.9714373350143433
237_class-783,0.9850250482559204,0.9847239255905151,0.9845437407493591,0.9848076105117798,0.9313586950302124,0.9850191473960876
238_class-783,0.743801474571228,0.9745678305625916,0.7438806891441345,0.6568208932876587,0.7435245513916016,0.971220850944519
239_class-783,0.8641637563705444,0.8682035803794861,0.7366807460784912,0.9498482346534729,0.9496421813964844,0.8829870223999023
240_class-784,0.22085288166999817,0.22097912430763245,0.22083885967731476,0.2207406759262085,0.2207350730895996,0.22072385251522064
241_class-784,0.03044782765209675,0.9680209159851074,0.9677173495292664,0.9675759077072144,0.12531694769859314,0.12451958656311035
242_class-784,0.8996069431304932,0.9000990986824036,0.9010642766952515,0.8977872133255005,0.2304297536611557,0.8985265493392944
243_class-784,0.9016574621200562,0.9668680429458618,0.9659459590911865,0.9708212614059448,0.9673880338668823,0.9675658941268921
244_class-784,0.9508466720581055,0.9496036767959595,0.9510870575904846,0.5963013172149658,0.951690673828125,0.9515742063522339
245_class-784,0.9614346027374268,0.7732885479927063,0.8673123121261597,0.7732405662536621,0.954803466796875,0.9605008959770203
246_class-784,0.7486342191696167,0.7494027018547058,0.33312666416168213,0.7458779811859131,0.3302935063838959,0.7478712797164917
247_class-784,0.9736775159835815,0.973943829536438,0.9738502502441406,0.9737516045570374,0.973791241645813,0.973849356174469
248_class-784,0.961284875869751,0.9611510038375854,0.9609856605529785,0.9613837003707886,0.9610859155654907,0.9611444473266602
249_class-784,0.8702834844589233,0.944248378276825,0.9452627897262573,0.919150710105896,0.8703213930130005,0.8686851263046265
250_class-785,0.5937826633453369,0.593865156173706,0.7404324412345886,0.5936365127563477,0.5936755537986755,0.56715989112854
251_class-785,0.9737662672996521,0.9741135835647583,0.973811149597168,0.9739100933074951,0.9737356901168823,0.9740984439849854
252_class-785,0.6864118576049805,0.6786949634552002,0.6790387630462646,0.6790132522583008,0.6790127754211426,0.6789730787277222
253_class-785,0.9823232889175415,0.9822002649307251,0.9826093912124634,0.9820515513420105,0.9822371006011963,0.9823215007781982
254_class-785,0.9785947799682617,0.9783607721328735,0.9783681631088257,0.9782873392105103,0.9783759117126465,0.9782358407974243
255_class-785,0.9854272603988647,0.9856258630752563,0.985465943813324,0.9854576587677002,0.9854273796081543,0.9854978322982788
256_class-785,0.9555390477180481,0.9552930593490601,0.9555193185806274,0.9553459882736206,0.9553358554840088,0.9552807211875916
257_class-785,0.6953647136688232,0.902070164680481,0.9019861817359924,0.715043306350708,0.6862623691558838,0.6977455615997314
258_class-785,0.9835324883460999,0.983452320098877,0.9833120107650757,0.9834520816802979,0.9834864139556885,0.984014630317688
259_class-785,0.9893133640289307,0.9892634153366089,0.9892465472221375,0.9892966747283936,0.9894046187400818,0.9893630743026733
260_class-786,0.9787738919258118,0.978760838508606,0.9788556098937988,0.9788002967834473,0.9787185192108154,0.9788567423820496
261_class-786,0.9905599355697632,0.9904345870018005,0.9903775453567505,0.9905035495758057,0.9903662204742432,0.9905081987380981
262_class-786,0.9886212348937988,0.9885449409484863,0.8543990850448608,0.8542288541793823,0.854324221611023,0.9885903000831604
263_class-786,0.9852558374404907,0.9853032231330872,0.9852087497711182,0.9851583242416382,0.9852787852287292,0.9851622581481934
264_class-786,0.987701952457428,0.9883201122283936,0.9881802797317505,0.9882828593254089,0.9879207611083984,0.9882444143295288
265_class-786,0.9822133183479309,0.9821467995643616,0.9820911884307861,0.9820443391799927,0.9821280241012573,0.9821567535400391
266_class-786,0.9751831293106079,0.9752272963523865,0.9750751256942749,0.9753161668777466,0.9750763177871704,0.9753165245056152
267_class-786,0.9771955013275146,0.9703351259231567,0.9774265289306641,0.970280647277832,0.977665901184082,0.9727718234062195
268_class-786,0.9585514664649963,0.9562235474586487,0.9687491655349731,0.9688394069671631,0.6074973344802856,0.9570279121398926
269_class-786,0.9792865514755249,0.9792856574058533,0.9790648818016052,0.9791834354400635,0.9791932702064514,0.9791690707206726
270_class-787,0.9584900140762329,0.958240807056427,0.9598815441131592,0.9588847160339355,0.9023246765136719,0.9581310749053955
271_class-787,0.9503358602523804,0.7892731428146362,0.9165805578231812,0.7806445360183716,0.9514867067337036,0.3082726001739502
272_class-787,0.9152522683143616,0.8851489424705505,0.5835692882537842,0.6075062155723572,0.5932317972183228,0.8869882822036743
273_class-787,0.22291871905326843,0.22058503329753876,0.22526270151138306,0.22535265982151031,0.2205868363380432,0.9288212060928345
274_class-787,0.9463598728179932,0.9473134279251099,0.8831158876419067,0.9477646350860596,0.9476334452629089,0.9474694728851318
275_class-787,0.9586354494094849,0.9168907999992371,0.9726811647415161,0.9726811647415161,0.9173592329025269,0.9703983068466187
276_class-787,0.9592624306678772,0.957064151763916,0.7831006050109863,0.9597967863082886,0.9596081972122192,0.9589416980743408
277_class-787,0.9519615769386292,0.9293670654296875,0.951490044593811,0.9510700106620789,0.9514819979667664,0.9518262147903442
278_class-787,0.9628468751907349,0.29887819290161133,0.2984778583049774,0.9497696161270142,0.2986394464969635,0.2985199987888336
279_class-787,0.9252996444702148,0.9429366588592529,0.9266996383666992,0.9259097576141357,0.9264267683029175,0.9264039993286133
280_class-788,0.9472875595092773,0.9476904273033142,0.9476256370544434,0.9471577405929565,0.947841227054596,0.9472373723983765
281_class-788,0.9606801271438599,0.9606600999832153,0.9593085050582886,0.9607514142990112,0.9592293500900269,0.96067214012146
282_class-788,0.9309501647949219,0.9309152364730835,0.9313676357269287,0.930963933467865,0.9308804273605347,0.9309709072113037
283_class-788,0.9266819953918457,0.9248595237731934,0.9267234802246094,0.9246720671653748,0.9250327348709106,0.9268693923950195
284_class-788,0.9540205001831055,0.952564537525177,0.9527151584625244,0.9538196325302124,0.9527301788330078,0.9541568756103516
285_class-788,0.9672472476959229,0.9666975140571594,0.9674992561340332,0.967719554901123,0.9674845933914185,0.9668351411819458
286_class-788,0.960077166557312,0.9600354433059692,0.9594082832336426,0.9599207043647766,0.9614717364311218,0.9597391486167908
287_class-788,0.9634321928024292,0.9633296132087708,0.9632794857025146,0.9633671045303345,0.9591966271400452,0.9633211493492126
288_class-788,0.9538487195968628,0.9538204073905945,0.9492963552474976,0.9538986086845398,0.9538989067077637,0.9536853432655334
289_class-788,0.9382483959197998,0.9376242756843567,0.9357045888900757,0.9375896453857422,0.9365514516830444,0.9238452911376953
290_class-789,0.941810667514801,0.9418308734893799,0.9417469501495361,0.9417281150817871,0.9418120384216309,0.9416965246200562
291_class-789,0.9420843124389648,0.9422657489776611,0.9422661066055298,0.9441227316856384,0.9424076080322266,0.9441214203834534
292_class-789,0.9336112141609192,0.9405132532119751,0.706829845905304,0.9561249017715454,0.9481233358383179,0.9571360349655151
293_class-789,0.9641535878181458,0.9637767672538757,0.9634897708892822,0.964225172996521,0.963937520980835,0.952847957611084
294_class-789,0.5566186904907227,0.9556806087493896,0.683965265750885,0.1246575117111206,0.9552121162414551,0.03378660976886749
295_class-789,0.8772604465484619,0.9192417860031128,0.8744540214538574,0.8791073560714722,0.9401072263717651,0.9410430192947388
296_class-789,0.965218186378479,0.965985894203186,0.9667880535125732,0.966977596282959,0.9670648574829102,0.9668939113616943
297_class-789,0.9586409330368042,0.9587417840957642,0.9585028886795044,0.958683967590332,0.958582878112793,0.9585890173912048
298_class-789,0.9568746089935303,0.9555615186691284,0.9762189388275146,0.9543415307998657,0.9741114377975464,0.9577106237411499
299_class-789,0.9470261335372925,0.948168933391571,0.9493228197097778,0.9506643414497375,0.947763204574585,0.9480555057525635
300_class-790,0.6302277445793152,0.6881770491600037,0.6866532564163208,0.6071340441703796,0.6976289749145508,0.8711533546447754
301_class-790,0.9919321537017822,0.9918400049209595,0.991905689239502,0.9918537735939026,0.9919059872627258,0.991879940032959
302_class-790,0.9805677533149719,0.9667143821716309,0.9792163372039795,0.9793204665184021,0.9793893098831177,0.9805057644844055
303_class-790,0.556302547454834,0.5570237636566162,0.7210846543312073,0.5575545430183411,0.7085258960723877,0.7205867171287537
304_class-790,0.947295069694519,0.9622817039489746,0.9623038172721863,0.9616361856460571,0.9618260264396667,0.9766768217086792
305_class-790,0.9858424663543701,0.9856393933296204,0.9857290387153625,0.985755443572998,0.9858773946762085,0.9857017993927002
306_class-790,0.9673460721969604,0.9641969203948975,0.9676514267921448,0.7664333581924438,0.7639261484146118,0.9684453010559082
307_class-790,0.9745126962661743,0.9744736552238464,0.9746818542480469,0.785347044467926,0.9746575355529785,0.5982245206832886
308_class-790,0.9864407777786255,0.9864165186882019,0.9864284992218018,0.9869322776794434,0.986874520778656,0.9868676662445068
309_class-790,0.9046656489372253,0.9014954566955566,0.9011534452438354,0.9008909463882446,0.9005946516990662,0.9002240896224976
310_class-791,0.3552262783050537,0.44345125555992126,0.37735438346862793,0.37359145283699036,0.44433683156967163,0.3760107159614563
311_class-791,0.5088420510292053,0.6879960894584656,0.27151253819465637,0.913847029209137,0.5090251564979553,0.2712766230106354
312_class-791,0.5265291929244995,0.7864915132522583,0.8062573671340942,0.8057847023010254,0.8065943717956543,0.4090780019760132
313_class-791,0.7582025527954102,0.7653312087059021,0.7592179179191589,0.7445875406265259,0.0517989844083786,0.0683596283197403
314_class-791,0.8843042254447937,0.8842449188232422,0.712769627571106,0.939452052116394,0.8847000598907471,0.8846529126167297
315_class-791,0.9544080495834351,0.9535889625549316,0.9533424973487854,0.954432487487793,0.6896753907203674,0.9450947642326355
316_class-791,0.7696383595466614,0.7340065240859985,0.770352840423584,0.7696030139923096,0.7694648504257202,0.7704067230224609
317_class-791,0.794746994972229,0.7946367263793945,0.7943734526634216,0.7935824990272522,0.7946048378944397,0.7933803796768188
318_class-791,0.9269925355911255,0.9194450378417969,0.9368782639503479,0.927079439163208,0.9291394948959351,0.9316201210021973
319_class-791,0.6027348041534424,0.6860032677650452,0.6279101967811584,0.6495485305786133,0.827497124671936,0.6122075319290161
320_class-792,0.9584295749664307,0.9637937545776367,0.9583749771118164,0.9637229442596436,0.9638384580612183,0.9640120267868042
321_class-792,0.8412303924560547,0.84153151512146,0.9456414580345154,0.8317602276802063,0.8415478467941284,0.8318073153495789
322_class-792,0.7062874436378479,0.7066173553466797,0.70658940076828,0.7062650918960571,0.7066453099250793,0.706270694732666
323_class-792,0.9286791086196899,0.9446333050727844,0.9591472744941711,0.9315443634986877,0.9336535930633545,0.9591652154922485
324_class-792,0.9852646589279175,0.9848103523254395,0.9849047660827637,0.9850612878799438,0.9830918312072754,0.9851524829864502
325_class-792,0.9150654077529907,0.9153008460998535,0.9151514768600464,0.9153729677200317,0.9151228070259094,0.9657448530197144
326_class-792,0.9678720235824585,0.9679317474365234,0.9687000513076782,0.9678691625595093,0.9680128693580627,0.912375807762146
327_class-792,0.9565020203590393,0.9566069841384888,0.9566559791564941,0.9573096036911011,0.9575080871582031,0.9566889405250549
328_class-792,0.902534008026123,0.9172481298446655,0.9159507751464844,0.7819715142250061,0.7522226572036743,0.9593279361724854
329_class-792,0.7566086053848267,0.8274630904197693,0.9233639240264893,0.8281579613685608,0.9225627779960632,0.8282215595245361
330_class-793,0.7054157853126526,0.8952199220657349,0.5355205535888672,0.5025018453598022,0.5674384236335754,0.5363026857376099
331_class-793,0.9028095006942749,0.9344921112060547,0.7677493691444397,0.8685749769210815,0.684371829032898,0.6704561114311218
332_class-793,0.668524980545044,0.8618189096450806,0.6753829717636108,0.8589925765991211,0.8628860116004944,0.6511419415473938
333_class-793,0.9548689723014832,0.9585108757019043,0.3659944236278534,0.3987780511379242,0.9596244692802429,0.9588471055030823
334_class-793,0.9516650438308716,0.9515050649642944,0.947884202003479,0.950993537902832,0.9532796740531921,0.9512096643447876
335_class-793,0.9328621625900269,0.9343873858451843,0.918113112449646,0.7165325880050659,0.9439032077789307,0.8987021446228027
336_class-793,0.46182480454444885,0.5376244783401489,0.8649942874908447,0.6087374091148376,0.4706723392009735,0.5397946834564209
337_class-793,0.8815908432006836,0.659705400466919,0.8869379162788391,0.6108445525169373,0.859811544418335,0.6183446049690247
338_class-793,0.9568697214126587,0.9211417436599731,0.9287503957748413,0.678881824016571,0.9471499919891357,0.9169508814811707
339_class-793,0.12019843608140945,0.9089272022247314,0.9210431575775146,0.9052045345306396,0.9044816493988037,0.831426739692688
340_class-794,0.9814218282699585,0.860306978225708,0.981378436088562,0.981147289276123,0.9812363386154175,0.795059323310852
341_class-794,0.4173849821090698,0.41992294788360596,0.41969385743141174,0.41975635290145874,0.41979798674583435,0.4196244478225708
342_class-794,0.9915984869003296,0.9915863275527954,0.9916338920593262,0.9915515780448914,0.9915169477462769,0.9914935231208801
343_class-794,0.9843988418579102,0.7562882900238037,0.48437169194221497,0.9882054924964905,0.7503950595855713,0.7568446397781372
344_class-794,0.8404183387756348,0.8419642448425293,0.9613233804702759,0.843647301197052,0.8988364338874817,0.8538384437561035
345_class-794,0.6833024621009827,0.9916728734970093,0.9916195273399353,0.6835670471191406,0.9915119409561157,0.9914898872375488
346_class-794,0.9913314580917358,0.9733500480651855,0.9914380311965942,0.9912065267562866,0.9914007186889648,0.9913696050643921
347_class-794,0.9887548685073853,0.7321463823318481,0.9882522821426392,0.9885774850845337,0.9887621402740479,0.988318681716919
348_class-794,0.4960586726665497,0.4958910346031189,0.4961806535720825,0.49621134996414185,0.4958597421646118,0.49608156085014343
349_class-794,0.845108687877655,0.9868088960647583,0.95223069190979,0.9876602292060852,0.9867206811904907,0.9866324663162231
350_class-795,0.6259856224060059,0.9236714839935303,0.6264955401420593,0.9240317344665527,0.9245223999023438,0.9244932532310486
351_class-795,0.8920414447784424,0.9006932973861694,0.8990799188613892,0.8922738432884216,0.8891987800598145,0.8930870890617371
352_class-795,0.9608272314071655,0.9601995944976807,0.9630167484283447,0.9611413478851318,0.9609520435333252,0.9605292677879333
353_class-795,0.958615779876709,0.960536539554596,0.9584438800811768,0.9605467915534973,0.9602549076080322,0.958702027797699
354_class-795,0.47324031591415405,0.6233765482902527,0.6241274476051331,0.6237532496452332,0.9718161821365356,0.6208392381668091
355_class-795,0.91219162940979,0.9157998561859131,0.9140874147415161,0.9137341976165771,0.9140724539756775,0.9139310121536255
356_class-795,0.5233720541000366,0.9208357334136963,0.7514700889587402,0.8888276815414429,0.7517569065093994,0.5704587697982788
357_class-795,0.906707227230072,0.905203104019165,0.5977950096130371,0.9072756767272949,0.9061715602874756,0.9069226384162903
358_class-795,0.9643428921699524,0.9653877019882202,0.9644104242324829,0.9654390811920166,0.965302050113678,0.9654322862625122
359_class-795,0.9055100679397583,0.9067133665084839,0.9060593843460083,0.9044688940048218,0.9189506769180298,0.9046039581298828
360_class-796,0.8841689825057983,0.8899583220481873,0.8741852045059204,0.8939682245254517,0.8930948376655579,0.939203143119812
361_class-796,0.9603677988052368,0.9599262475967407,0.960215151309967,0.9599435329437256,0.9580807685852051,0.9584616422653198
362_class-796,0.9621943831443787,0.8935786485671997,0.9621217846870422,0.9625532627105713,0.9630215167999268,0.9627909064292908
363_class-796,0.9217077493667603,0.8711293339729309,0.8713954091072083,0.8713260889053345,0.8709936141967773,0.8748269081115723
364_class-796,0.9215682148933411,0.9201272130012512,0.921172022819519,0.9211196303367615,0.9218999147415161,0.9219008684158325
365_class-796,0.9509376287460327,0.9506824016571045,0.9507499933242798,0.9509708881378174,0.9479737281799316,0.9508885145187378
366_class-796,0.9726777076721191,0.9725165367126465,0.9725793600082397,0.9728659391403198,0.9728730916976929,0.9723600149154663
367_class-796,0.9664102792739868,0.9661216139793396,0.7717947959899902,0.9664548635482788,0.9659717082977295,0.9665555357933044
368_class-796,0.9874458312988281,0.9877982139587402,0.9874622821807861,0.9873402118682861,0.9873827695846558,0.987453281879425
369_class-796,0.9652960300445557,0.96547532081604,0.965355396270752,0.9656343460083008,0.9653190970420837,0.9654247760772705
370_class-797,0.9888148307800293,0.988822340965271,0.9889283180236816,0.9888148307800293,0.9890418648719788,0.9888601303100586
371_class-797,0.5059120059013367,0.9913276433944702,0.7665245532989502,0.5037906169891357,0.6262531280517578,0.9912482500076294
372_class-797,0.9886251091957092,0.988563060760498,0.9876291751861572,0.9885149002075195,0.988532543182373,0.9890729188919067
373_class-797,0.9935184717178345,0.4836030900478363,0.9935423135757446,0.9930419921875,0.9932681322097778,0.9932543039321899
374_class-797,0.9815157055854797,0.7393407225608826,0.9462947845458984,0.9869821667671204,0.6726367473602295,0.7009221315383911
375_class-797,0.9924508929252625,0.9923585653305054,0.9922205209732056,0.9923354387283325,0.9924125671386719,0.9922969341278076
376_class-797,0.9862172603607178,0.7213888168334961,0.7208895683288574,0.7216289043426514,0.984215259552002,0.9842774868011475
377_class-797,0.4998045563697815,0.502446711063385,0.4995509684085846,0.9868972897529602,0.9866511821746826,0.4997023344039917
378_class-797,0.9915773868560791,0.5143740773200989,0.5075598955154419,0.5189904570579529,0.5139412879943848,0.5132825970649719
379_class-797,0.993140459060669,0.9929565787315369,0.9931298494338989,0.9931080937385559,0.9931731224060059,0.9930973649024963
380_class-798,0.9913297295570374,0.9912475347518921,0.600963830947876,0.6148107051849365,0.9913229942321777,0.34736692905426025
381_class-798,0.4235193133354187,0.4234667718410492,0.38095176219940186,0.4234190583229065,0.003677534405142069,0.0037734294310212135
382_class-798,0.9886234998703003,0.5848386287689209,0.9892633557319641,0.9892416000366211,0.5283200740814209,0.9869685173034668
383_class-798,0.9672484397888184,0.9755694270133972,0.9759318828582764,0.9675184488296509,0.9673827886581421,0.967516303062439
384_class-798,0.9885958433151245,0.9903771877288818,0.2677340805530548,0.9893232583999634,0.9893208742141724,0.989254355430603
385_class-798,0.8881460428237915,0.6941550970077515,0.857526421546936,0.991581380367279,0.693143367767334,0.6939623951911926
386_class-798,0.3793877959251404,0.3932116627693176,0.3759304881095886,0.3901197910308838,0.3806144595146179,0.3844849467277527
387_class-798,0.04243145510554314,0.03966405987739563,0.04240410029888153,0.042447760701179504,0.010419085621833801,0.04244987294077873
388_class-798,0.7822723388671875,0.7823401093482971,0.7828682661056519,0.7822437286376953,0.782285213470459,0.7828580141067505
389_class-798,0.9859619140625,0.9859704971313477,0.9859685897827148,0.9859793186187744,0.9860049486160278,0.9860047101974487
390_class-799,0.9305195808410645,0.9305559396743774,0.9303673505783081,0.9305781722068787,0.9304676055908203,0.930188000202179
391_class-799,0.9904137253761292,0.9904510974884033,0.9904661774635315,0.9904959201812744,0.9904584884643555,0.9903839230537415
392_class-799,0.9919115900993347,0.991891622543335,0.9918628931045532,0.9918534755706787,0.9918727278709412,0.9918632507324219
393_class-799,0.9728233814239502,0.9727524518966675,0.9728032350540161,0.9727731943130493,0.9728817939758301,0.9507054090499878
394_class-799,0.9177558422088623,0.7065442800521851,0.07508721947669983,0.9189203977584839,0.9187142848968506,0.9187886714935303
395_class-799,0.9524844288825989,0.9527767896652222,0.9533301591873169,0.9521012306213379,0.9525998830795288,0.9532332420349121
396_class-799,0.8577674627304077,0.9520798921585083,0.9715164303779602,0.9505283236503601,0.9886354207992554,0.9524496793746948
397_class-799,0.9393849968910217,0.9393980503082275,0.411705881357193,0.9393193125724792,0.9395045042037964,0.9394097328186035
398_class-799,0.43798673152923584,0.9901752471923828,0.990692138671875,0.9903736114501953,0.9903742074966431,0.9903348684310913
399_class-799,0.9808477163314819,0.9807836413383484,0.9806872606277466,0.9843571782112122,0.9844762086868286,0.9842716455459595
400_class-800,0.9875955581665039,0.9789447784423828,0.978726327419281,0.9801427125930786,0.9873474836349487,0.9874638319015503
401_class-800,0.9894773960113525,0.9894251823425293,0.9885931015014648,0.9885630011558533,0.9887574911117554,0.9895741939544678
402_class-800,0.9791938662528992,0.979028582572937,0.9792671203613281,0.9791483879089355,0.9795330762863159,0.9792258739471436
403_class-800,0.9878267049789429,0.9884841442108154,0.9882679581642151,0.9881556630134583,0.9879050254821777,0.9872826933860779
404_class-800,0.9757066965103149,0.9756804704666138,0.9750356674194336,0.9755480289459229,0.9756510257720947,0.9761991500854492
405_class-800,0.9785708785057068,0.9785417318344116,0.9671193361282349,0.978570818901062,0.9784687757492065,0.9786073565483093
406_class-800,0.9905701875686646,0.9905927777290344,0.9905628561973572,0.9906079769134521,0.9905853867530823,0.9906078577041626
407_class-800,0.9796913862228394,0.9797142148017883,0.9797298908233643,0.9797604084014893,0.9798303842544556,0.9798610210418701
408_class-800,0.978243350982666,0.9819540977478027,0.9785089492797852,0.9821797609329224,0.9819541573524475,0.978029727935791
409_class-800,0.9777605533599854,0.9777387380599976,0.9781129360198975,0.9776139259338379,0.9776504635810852,0.9778339266777039
410_class-801,0.9519911408424377,0.7025081515312195,0.7025009393692017,0.950798511505127,0.7020774483680725,0.955134391784668
411_class-801,0.9811890125274658,0.980686604976654,0.9810770750045776,0.9812198877334595,0.978519082069397,0.9782785773277283
412_class-801,0.7664309740066528,0.6102113723754883,0.6074100732803345,0.7665611505508423,0.7523480653762817,0.7366092205047607
413_class-801,0.8974220752716064,0.9674188494682312,0.967327356338501,0.9279077053070068,0.9672729969024658,0.9672315120697021
414_class-801,0.5488592982292175,0.5464468002319336,0.894138514995575,0.9467217326164246,0.9471685290336609,0.9591288566589355
415_class-801,0.8017791509628296,0.7301152944564819,0.7308170795440674,0.8018297553062439,0.6567038297653198,0.8017580509185791
416_class-801,0.9400475025177002,0.923052191734314,0.9383282661437988,0.939932107925415,0.939785361289978,0.9394346475601196
417_class-801,0.9560508728027344,0.9551612138748169,0.9558929204940796,0.6711364984512329,0.6711373329162598,0.9565014839172363
418_class-801,0.746651291847229,0.949054479598999,0.9810283184051514,0.7479939460754395,0.9484211206436157,0.5840601325035095
419_class-801,0.8882910013198853,0.8875148296356201,0.8866240978240967,0.8876557350158691,0.4319590926170349,0.805120587348938
420_class-802,0.7150157690048218,0.7154903411865234,0.7153290510177612,0.7154103517532349,0.7155194282531738,0.7152382731437683
421_class-802,0.9826463460922241,0.9826467037200928,0.9826368093490601,0.9826986193656921,0.9827183485031128,0.9827704429626465
422_class-802,0.9728591442108154,0.9726123809814453,0.6867237687110901,0.6866539120674133,0.9725117683410645,0.9725930690765381
423_class-802,0.9843864440917969,0.9842650890350342,0.9842307567596436,0.9842196702957153,0.9842880964279175,0.9844088554382324
424_class-802,0.9870760440826416,0.9887140393257141,0.9872382283210754,0.987281322479248,0.9887688755989075,0.9872602820396423
425_class-802,0.9345983266830444,0.9330080151557922,0.9347909688949585,0.5827956795692444,0.9348199367523193,0.5827556252479553
426_class-802,0.9595096707344055,0.9592128992080688,0.9593912363052368,0.9594277143478394,0.9593082666397095,0.9592040181159973
427_class-802,0.9840587377548218,0.8065403699874878,0.9833720922470093,0.9839818477630615,0.80657958984375,0.9833728671073914
428_class-802,0.8006561398506165,0.6768834590911865,0.6734561920166016,0.7646116018295288,0.8010668754577637,0.9728193283081055
429_class-802,0.6538252830505371,0.6561608910560608,0.6553307175636292,0.6557641625404358,0.6561771631240845,0.6538727283477783
430_class-803,0.38081157207489014,0.38044118881225586,0.5644764304161072,0.5088005065917969,0.5344246029853821,0.6299054622650146
431_class-803,0.8533768653869629,0.9680631160736084,0.9678095579147339,0.9679701328277588,0.967987060546875,0.9678128957748413
432_class-803,0.8409037590026855,0.9288685917854309,0.9289964437484741,0.8273317813873291,0.9300170540809631,0.9293110370635986
433_class-803,0.8325873017311096,0.8683393597602844,0.7377432584762573,0.5114133358001709,0.9062454700469971,0.9177440404891968
434_class-803,0.6385442018508911,0.6112169623374939,0.6389154195785522,0.6385411620140076,0.5499051809310913,0.6112002730369568
435_class-803,0.608214259147644,0.6092110872268677,0.611270546913147,0.6645278930664062,0.6085983514785767,0.669705867767334
436_class-803,0.9625847339630127,0.9647846221923828,0.964268684387207,0.9638497829437256,0.9641361236572266,0.9625988602638245
437_class-803,0.7803632020950317,0.6684935688972473,0.7803985476493835,0.7158656120300293,0.7079305648803711,0.6724039316177368
438_class-803,0.910049319267273,0.9387079477310181,0.9670875072479248,0.966422438621521,0.9668473601341248,0.9676535129547119
439_class-803,0.9355794191360474,0.9379585981369019,0.9368195533752441,0.77972012758255,0.9360517263412476,0.9361574649810791
440_class-804,0.9724366664886475,0.972650408744812,0.9725691676139832,0.9726588726043701,0.9726036787033081,0.9725546836853027
441_class-804,0.8817039728164673,0.8821125030517578,0.8740118741989136,0.8745722770690918,0.8830101490020752,0.8828383088111877
442_class-804,0.5102670192718506,0.5824750661849976,0.3194323778152466,0.3193652033805847,0.3181816041469574,0.31879690289497375
443_class-804,0.40931665897369385,0.41342025995254517,0.9728229641914368,0.9187368154525757,0.4112301468849182,0.4158075153827667
444_class-804,0.9737014174461365,0.9739381074905396,0.9736727476119995,0.9709497094154358,0.973788857460022,0.9737688899040222
445_class-804,0.8936346769332886,0.8917225003242493,0.8950017690658569,0.8946781754493713,0.8928164839744568,0.8940308690071106
446_class-804,0.9829609394073486,0.9830065965652466,0.9829835891723633,0.9829607009887695,0.9827643036842346,0.9829832911491394
447_class-804,0.9546892642974854,0.9550164341926575,0.6602786779403687,0.6603403091430664,0.6602452993392944,0.9548207521438599
448_class-804,0.9695963263511658,0.9694517850875854,0.9699709415435791,0.9695427417755127,0.9695147275924683,0.9695133566856384
449_class-804,0.9732629060745239,0.9741973876953125,0.9743980169296265,0.9740734100341797,0.9731755256652832,0.9739514589309692
450_class-805,0.6579194068908691,0.8372054696083069,0.8350851535797119,0.8356552124023438,0.8326205611228943,0.91886305809021
451_class-805,0.9837125539779663,0.9837594032287598,0.9836586713790894,0.9837121367454529,0.9836507439613342,0.9836578369140625
452_class-805,0.7825691103935242,0.9647631645202637,0.9648651480674744,0.7815316319465637,0.5928976535797119,0.7824289798736572
453_class-805,0.8182735443115234,0.8430719375610352,0.7014654874801636,0.8169848918914795,0.8168025016784668,0.8167778253555298
454_class-805,0.9637801647186279,0.9635255336761475,0.9629412889480591,0.9639171361923218,0.9636791348457336,0.7031198740005493
455_class-805,0.7492545247077942,0.7492973804473877,0.9689350128173828,0.9659197330474854,0.7491602301597595,0.9662026166915894
456_class-805,0.9707018733024597,0.9711953401565552,0.9707354307174683,0.9706457257270813,0.9702674150466919,0.9707014560699463
457_class-805,0.6198177337646484,0.9477874040603638,0.6198986768722534,0.9716807007789612,0.9721638560295105,0.6198536157608032
458_class-805,0.24466276168823242,0.9575999975204468,0.9563450813293457,0.2645736634731293,0.9168461561203003,0.8544663190841675
459_class-805,0.9824552536010742,0.9794042706489563,0.982426106929779,0.9826107025146484,0.9793599247932434,0.9823542833328247
460_class-806,0.9860532283782959,0.9860997200012207,0.9858603477478027,0.9860996007919312,0.9862781763076782,0.9860459566116333
461_class-806,0.990715742111206,0.990715742111206,0.990670919418335,0.9907233715057373,0.9907383322715759,0.9907233715057373
462_class-806,0.9824750423431396,0.9824985265731812,0.9825393557548523,0.9823713302612305,0.9826117753982544,0.9825237989425659
463_class-806,0.9860165119171143,0.9860327243804932,0.9858617782592773,0.9860166311264038,0.985946536064148,0.9860248565673828
464_class-806,0.9904329776763916,0.9904255867004395,0.9903189539909363,0.9904783964157104,0.9904558658599854,0.9903188943862915
465_class-806,0.9247651100158691,0.9249137043952942,0.9247257709503174,0.9248476028442383,0.9248272776603699,0.9247955679893494
466_class-806,0.5910915732383728,0.985262393951416,0.9853295683860779,0.9852921962738037,0.985322117805481,0.9853371381759644
467_class-806,0.765076756477356,0.7647888660430908,0.7646797895431519,0.7647888660430908,0.7647243142127991,0.7612987160682678
468_class-806,0.9831452369689941,0.9835168719291687,0.9834988117218018,0.9831458330154419,0.9834712147712708,0.9834156036376953
469_class-806,0.9850467443466187,0.985027551651001,0.985131025314331,0.9849990606307983,0.9850841164588928,0.9851118326187134
470_class-807,0.9297397136688232,0.9294425249099731,0.9296563267707825,0.852584183216095,0.9302456378936768,0.9293733835220337
471_class-807,0.9566678404808044,0.9564526677131653,0.9563835859298706,0.956539511680603,0.9560767412185669,0.9566118717193604
472_class-807,0.9477041959762573,0.9473455548286438,0.9483679533004761,0.9480808973312378,0.9476997256278992,0.9464643001556396
473_class-807,0.8494774103164673,0.8919881582260132,0.8488009572029114,0.8466070890426636,0.8477926254272461,0.8498853445053101
474_class-807,0.578967809677124,0.9459635019302368,0.9455505609512329,0.9446941614151001,0.581205427646637,0.9453086853027344
475_class-807,0.9310835003852844,0.933853805065155,0.9336450099945068,0.9355898499488831,0.9328657388687134,0.9334318041801453
476_class-807,0.8783376216888428,0.8785113096237183,0.8781192302703857,0.8781431317329407,0.8784539699554443,0.8784289956092834
477_class-807,0.9779729843139648,0.977811336517334,0.9781136512756348,0.9780148267745972,0.9779937863349915,0.9779393672943115
478_class-807,0.8859561085700989,0.9344201683998108,0.930310845375061,0.8867621421813965,0.9512779116630554,0.8861174583435059
479_class-807,0.9436655640602112,0.9425390362739563,0.9120155572891235,0.9131728410720825,0.9432121515274048,0.9129034280776978
480_class-808,0.9693582653999329,0.9693876504898071,0.9692556858062744,0.9693800210952759,0.9677855372428894,0.9693508148193359
481_class-808,0.9360049366950989,0.9358341693878174,0.9361453056335449,0.940994143486023,0.9362190365791321,0.9362090826034546
482_class-808,0.9713195562362671,0.9712939858436584,0.9712874293327332,0.9713292121887207,0.9712508916854858,0.97124183177948
483_class-808,0.9727104902267456,0.9332443475723267,0.9332075119018555,0.6402348875999451,0.6387705206871033,0.9337673187255859
484_class-808,0.9710968136787415,0.9715641736984253,0.9711754322052002,0.9673210382461548,0.9711606502532959,0.9712453484535217
485_class-808,0.9529339075088501,0.9534504413604736,0.9529209136962891,0.9528610706329346,0.9529776573181152,0.953153133392334
486_class-808,0.9490703344345093,0.944054365158081,0.944110631942749,0.9492189884185791,0.9400451183319092,0.949692964553833
487_class-808,0.9369375705718994,0.9404822587966919,0.6271001100540161,0.9377957582473755,0.9371717572212219,0.9377431869506836
488_class-808,0.9670945405960083,0.9677635431289673,0.9673213958740234,0.9674583673477173,0.9664009809494019,0.9668976068496704
489_class-808,0.9612164497375488,0.16992038488388062,0.9615910053253174,0.16957223415374756,0.1708400547504425,0.9614248871803284
490_class-809,0.9585394263267517,0.9468733668327332,0.9581242799758911,0.9463613033294678,0.947842001914978,0.9492592811584473
491_class-809,0.9432324171066284,0.9425418972969055,0.9389241337776184,0.935544490814209,0.9436969757080078,0.9435359239578247
492_class-809,0.9189608097076416,0.9143834114074707,0.9216616153717041,0.962507963180542,0.9598997831344604,0.9531952142715454
493_class-809,0.9548736810684204,0.9543963074684143,0.9521569609642029,0.550625741481781,0.9548277854919434,0.9528037309646606
494_class-809,0.7459396719932556,0.7461856007575989,0.746065080165863,0.7458571195602417,0.746157169342041,0.7460155487060547
495_class-809,0.9684058427810669,0.5826995968818665,0.9680795073509216,0.9681148529052734,0.9661295413970947,0.9671803712844849
496_class-809,0.4123367667198181,0.2875365614891052,0.28729426860809326,0.28457632660865784,0.28535664081573486,0.29780468344688416
497_class-809,0.8999276161193848,0.8993449211120605,0.9001578092575073,0.8999848961830139,0.5756471157073975,0.8999080657958984
498_class-809,0.9180178642272949,0.9205399751663208,0.918266236782074,0.9167516827583313,0.9173671007156372,0.9184510111808777
499_class-809,0.9644101858139038,0.858468770980835,0.962344765663147,0.8578690886497498,0.9614647626876831,0.8585503101348877
500_class-810,0.49942493438720703,0.4993150234222412,0.49873194098472595,0.8033140301704407,0.6552749872207642,0.6550312042236328
501_class-810,0.991707444190979,0.9917058348655701,0.9916770458221436,0.9916770458221436,0.991695761680603,0.9916369915008545
502_class-810,0.71771240234375,0.8811041116714478,0.7626135349273682,0.6136467456817627,0.6067787408828735,0.6063886880874634
503_class-810,0.9856724739074707,0.9859436750411987,0.9858649969100952,0.985785722732544,0.9858307838439941,0.9858529567718506
504_class-810,0.6638009548187256,0.9023109674453735,0.8803390264511108,0.8872573375701904,0.9509227275848389,0.8686944246292114
505_class-810,0.9611617922782898,0.9611247777938843,0.9616809487342834,0.9611034393310547,0.5771331787109375,0.9611748456954956
506_class-810,0.980838418006897,0.9808641672134399,0.9808380007743835,0.9808642864227295,0.9808467626571655,0.9809568524360657
507_class-810,0.9909486770629883,0.9910149574279785,0.9909490346908569,0.9910068511962891,0.9910393953323364,0.990965723991394
508_class-810,0.6774667501449585,0.9588202834129333,0.7796186804771423,0.9589825868606567,0.9586184024810791,0.7099863290786743
509_class-810,0.4697316884994507,0.46975037455558777,0.7639049291610718,0.4699931740760803,0.4697416126728058,0.9541624784469604
510_class-811,0.7996512651443481,0.9383910894393921,0.9344350099563599,0.2861631214618683,0.9413679838180542,0.25998905301094055
511_class-811,0.9281687140464783,0.9320944547653198,0.8900834321975708,0.9036744832992554,0.9003499746322632,0.9203027486801147
512_class-811,0.8895940780639648,0.9051216840744019,0.8915607929229736,0.9090227484703064,0.9032536149024963,0.9103184938430786
513_class-811,0.8752480149269104,0.8758314847946167,0.9330754280090332,0.9343827962875366,0.9379876852035522,0.9323006272315979
514_class-811,0.9695186614990234,0.9646269083023071,0.8333455324172974,0.9705329537391663,0.9697996377944946,0.9705678224563599
515_class-811,0.9256428480148315,0.9141534566879272,0.7906315922737122,0.7785567045211792,0.9265683889389038,0.9259780645370483
516_class-811,0.9283953905105591,0.9251232147216797,0.9274111986160278,0.032225966453552246,0.9277892112731934,0.10544341802597046
517_class-811,0.018449710682034492,0.9267802238464355,0.9291768074035645,0.018449710682034492,0.9270601272583008,0.9283422231674194
518_class-811,0.010955039411783218,0.8570356369018555,0.010955039411783218,0.8602588176727295,0.010955039411783218,0.010955039411783218
519_class-811,0.8943628072738647,0.9138976335525513,0.8968032598495483,0.7406033277511597,0.9072533845901489,0.8923990726470947
520_class-812,0.9805516004562378,0.9804961085319519,0.980600118637085,0.9806972742080688,0.9805799722671509,0.9808983206748962
521_class-812,0.8040740489959717,0.7912002205848694,0.6339470148086548,0.6333313584327698,0.6340526342391968,0.6325262784957886
522_class-812,0.7194154262542725,0.8894558548927307,0.7206830382347107,0.8423053026199341,0.8603167533874512,0.8899287581443787
523_class-812,0.9351881742477417,0.9375994801521301,0.700900137424469,0.503954291343689,0.9441177845001221,0.9435086846351624
524_class-812,0.9710197448730469,0.9702755808830261,0.9702941179275513,0.9702473878860474,0.970319390296936,0.9707052111625671
525_class-812,0.9833580255508423,0.9831715822219849,0.983386754989624,0.9832220077514648,0.9831889867782593,0.9832167029380798
526_class-812,0.9442157745361328,0.48132291436195374,0.9478635787963867,0.9561526775360107,0.9463245868682861,0.5188561677932739
527_class-812,0.2057124525308609,0.028445174917578697,0.028447257354855537,0.028655335307121277,0.028372349217534065,0.028416045010089874
528_class-812,0.623299777507782,0.13693980872631073,0.6239664554595947,0.8673417568206787,0.8951186537742615,0.8795003294944763
529_class-812,0.9209686517715454,0.924206018447876,0.919678807258606,0.880311131477356,0.9207347631454468,0.921903669834137
530_class-813,0.9853930473327637,0.9854263067245483,0.9854514598846436,0.9854345917701721,0.985318660736084,0.9853519201278687
531_class-813,0.6715726852416992,0.9684284925460815,0.9704656600952148,0.671576976776123,0.6715453863143921,0.6715862154960632
532_class-813,0.9772828817367554,0.9772481918334961,0.9772740006446838,0.9771612882614136,0.9771175384521484,0.9771350026130676
533_class-813,0.9678446650505066,0.9679735898971558,0.9684102535247803,0.9680116176605225,0.9678561091423035,0.9676309823989868
534_class-813,0.985422670841217,0.9853426218032837,0.9854321479797363,0.9853116273880005,0.9853634238243103,0.9853821992874146
535_class-813,0.9859349727630615,0.9859588146209717,0.9859894514083862,0.9859815835952759,0.9859586954116821,0.9859822988510132
536_class-813,0.980687141418457,0.9806987643241882,0.9807603359222412,0.9807626008987427,0.9805959463119507,0.9805853366851807
537_class-813,0.977725625038147,0.9777686595916748,0.9778012037277222,0.9778339862823486,0.9778231382369995,0.9776822924613953
538_class-813,0.9809001684188843,0.9809242486953735,0.9809156060218811,0.9808671474456787,0.9809168577194214,0.9809324741363525
539_class-813,0.7918210029602051,0.7913415431976318,0.791617751121521,0.7914870977401733,0.791476309299469,0.7914873361587524
540_class-814,0.978723406791687,0.978746235370636,0.9781664609909058,0.9788457155227661,0.9789023995399475,0.9788250923156738
541_class-814,0.6330642700195312,0.6322554349899292,0.634058952331543,0.965019702911377,0.9670491814613342,0.632378101348877
542_class-814,0.9749611616134644,0.29003533720970154,0.9760870337486267,0.9710184335708618,0.975114643573761,0.9748961925506592
543_class-814,0.9902698397636414,0.9902217388153076,0.9900541305541992,0.9900697469711304,0.9903420805931091,0.9901815056800842
544_class-814,0.9919356107711792,0.9921340942382812,0.9921339750289917,0.9922133684158325,0.9919991493225098,0.9920942783355713
545_class-814,0.9912219047546387,0.9911582469940186,0.9911423921585083,0.9912300109863281,0.9911820292472839,0.9911900162696838
546_class-814,0.7101335525512695,0.9720717668533325,0.9722522497177124,0.9722074270248413,0.06577204912900925,0.9721627235412598
547_class-814,0.978807806968689,0.9788515567779541,0.9788953065872192,0.9789172410964966,0.9789026379585266,0.9789245128631592
548_class-814,0.9652351140975952,0.9655744433403015,0.9648203253746033,0.9649902582168579,0.9658012390136719,0.9650566577911377
549_class-814,0.9636276960372925,0.963560938835144,0.9638316035270691,0.8435682058334351,0.9631167650222778,0.9635717868804932
550_class-815,0.8527678847312927,0.9411085844039917,0.941680908203125,0.9412374496459961,0.8525205254554749,0.9413124322891235
551_class-815,0.9738490581512451,0.9411904811859131,0.9737040996551514,0.941143274307251,0.9738192558288574,0.9738339185714722
552_class-815,0.9716281890869141,0.9714287519454956,0.9714478850364685,0.9690031409263611,0.9714187383651733,0.9714730381965637
553_class-815,0.8448543548583984,0.8462604880332947,0.8449625968933105,0.8444837927818298,0.8449868559837341,0.84496009349823
554_class-815,0.751484751701355,0.751358151435852,0.7519974708557129,0.859245777130127,0.8594614267349243,0.8588821887969971
555_class-815,0.9643169641494751,0.9641457796096802,0.9641525745391846,0.9648230075836182,0.9641499519348145,0.9644685983657837
556_class-815,0.9552479982376099,0.955616295337677,0.9549528360366821,0.9553234577178955,0.9558407068252563,0.9551301002502441
557_class-815,0.9533343315124512,0.953554630279541,0.9532203674316406,0.9531229734420776,0.953144371509552,0.9495238661766052
558_class-815,0.9606640338897705,0.9633564352989197,0.9606820940971375,0.961248517036438,0.9612617492675781,0.9609105587005615
559_class-815,0.700065016746521,0.8982996940612793,0.7043260931968689,0.7048008441925049,0.8955085277557373,0.9511467814445496
560_class-816,0.9460629820823669,0.9403530359268188,0.7802916765213013,0.5078145861625671,0.9414591789245605,0.7797607779502869
561_class-816,0.9764502048492432,0.9764978289604187,0.8326478004455566,0.8319387435913086,0.9763402938842773,0.975807785987854
562_class-816,0.5445377826690674,0.3510410785675049,0.41836097836494446,0.4686517119407654,0.3455117642879486,0.34667399525642395
563_class-816,0.9734649658203125,0.9733178615570068,0.9744112491607666,0.9731841087341309,0.9734082221984863,0.9733849763870239
564_class-816,0.9220165610313416,0.9221521615982056,0.9224945902824402,0.9224650859832764,0.922049343585968,0.9220044612884521
565_class-816,0.946937084197998,0.9473145008087158,0.9481953978538513,0.9481905698776245,0.946649968624115,0.9475297927856445
566_class-816,0.9544885158538818,0.9545998573303223,0.9545644521713257,0.9546950459480286,0.9545889496803284,0.9545356035232544
567_class-816,0.9635846614837646,0.9638057947158813,0.9636656045913696,0.9663878679275513,0.966303825378418,0.9634965658187866
568_class-816,0.35589516162872314,0.35590389370918274,0.3559076189994812,0.3559384346008301,0.3558979630470276,0.3559207022190094
569_class-816,0.7305640578269958,0.8708796501159668,0.9746806621551514,0.8563631176948547,0.9764967560768127,0.9708966016769409
570_class-817,0.9065201282501221,0.9066162705421448,0.9085475206375122,0.9092738628387451,0.9064974784851074,0.9073706269264221
571_class-817,0.9306156635284424,0.9312478303909302,0.9269896149635315,0.9277293682098389,0.9291368722915649,0.9168299436569214
572_class-817,0.631096601486206,0.9225510954856873,0.711412787437439,0.9594788551330566,0.9233505725860596,0.9594981670379639
573_class-817,0.858578085899353,0.8584585189819336,0.8588641285896301,0.9035671949386597,0.859304666519165,0.9055931568145752
574_class-817,0.03817104548215866,0.5492883920669556,0.9493826627731323,0.36118578910827637,0.947909951210022,0.9472231268882751
575_class-817,0.8880892992019653,0.691794753074646,0.9304882287979126,0.9258052110671997,0.9328791499137878,0.9246686697006226
576_class-817,0.9244539737701416,0.9251048564910889,0.9261554479598999,0.9263430237770081,0.9262680411338806,0.9247241020202637
577_class-817,0.026561172679066658,0.9601628184318542,0.9505350589752197,0.0908225029706955,0.07489871978759766,0.026581840589642525
578_class-817,0.9022453427314758,0.9015524983406067,0.9020059704780579,0.9016536474227905,0.9028369188308716,0.9014272689819336
579_class-817,0.9034024477005005,0.9568043947219849,0.954647421836853,0.9024735689163208,0.9026418924331665,0.9550709128379822
580_class-818,0.48925235867500305,0.8505312204360962,0.8514564037322998,0.8522046804428101,0.4904261827468872,0.5076547265052795
581_class-818,0.8146888017654419,0.8975356817245483,0.9425852298736572,0.9421118497848511,0.9427860975265503,0.9424225091934204
582_class-818,0.9663815498352051,0.9710656404495239,0.9713015556335449,0.9660897254943848,0.9663469195365906,0.8120098114013672
583_class-818,0.9771361351013184,0.9772340059280396,0.9775314331054688,0.9772664308547974,0.9773832559585571,0.9773304462432861
584_class-818,0.9933894276618958,0.9934514760971069,0.9935212731361389,0.9935299754142761,0.9933807849884033,0.9934516549110413
585_class-818,0.970583975315094,0.9685829877853394,0.9692682027816772,0.968329668045044,0.9241994619369507,0.9683653116226196
586_class-818,0.9892269968986511,0.9891449213027954,0.9891225099563599,0.9891374111175537,0.9892270565032959,0.9859409332275391
587_class-818,0.9479433298110962,0.9480495452880859,0.9478654861450195,0.9478161334991455,0.9475893974304199,0.9479787349700928
588_class-818,0.9922502040863037,0.12598580121994019,0.5356696248054504,0.51344233751297,0.5118864178657532,0.992037296295166
589_class-818,0.9395607113838196,0.9394134879112244,0.9402226209640503,0.9395670890808105,0.9398040175437927,0.9395749568939209
590_class-819,0.9204098582267761,0.9215492010116577,0.9204899072647095,0.9217990636825562,0.9219570159912109,0.9219911098480225
591_class-819,0.7799340486526489,0.9480891227722168,0.9486469626426697,0.8063766956329346,0.9486246109008789,0.7792174816131592
592_class-819,0.9550089240074158,0.955238938331604,0.9552822709083557,0.9551665186882019,0.9540129899978638,0.9549145698547363
593_class-819,0.686778724193573,0.9385643005371094,0.8994225263595581,0.8983187079429626,0.9334331750869751,0.9345297813415527
594_class-819,0.8635401725769043,0.8638381958007812,0.8634129762649536,0.8638948202133179,0.8635537624359131,0.6994085311889648
595_class-819,0.9405531883239746,0.8909982442855835,0.8515172004699707,0.9403074383735657,0.8512541055679321,0.9419122338294983
596_class-819,0.9538508057594299,0.9541293978691101,0.9536423683166504,0.9541651606559753,0.9544028639793396,0.9542293548583984
597_class-819,0.9392803907394409,0.8496166467666626,0.9385523796081543,0.9397258758544922,0.9394611120223999,0.9392764568328857
598_class-819,0.9783865213394165,0.771397054195404,0.9710172414779663,0.9706721305847168,0.9788026809692383,0.6111276745796204
599_class-819,0.9086922407150269,0.8749802112579346,0.6157768964767456,0.8502349257469177,0.8517165184020996,0.5936858057975769
600_class-820,0.9196322560310364,0.9189314246177673,0.9147306680679321,0.9189314246177673,0.9188547730445862,0.9194388389587402
601_class-820,0.9524446129798889,0.9519268274307251,0.9522358179092407,0.9521803855895996,0.9522688388824463,0.9521489143371582
602_class-820,0.9533737897872925,0.9530131816864014,0.9531553983688354,0.9535185694694519,0.9531067609786987,0.9530321359634399
603_class-820,0.9623268842697144,0.47456246614456177,0.9604920148849487,0.9620048999786377,0.03062598407268524,0.47390466928482056
604_class-820,0.9468332529067993,0.9440385103225708,0.9389669299125671,0.9441075325012207,0.9437880516052246,0.9480597972869873
605_class-820,0.9499852657318115,0.9548665285110474,0.9506263732910156,0.9528356790542603,0.9504522681236267,0.9526379108428955
606_class-820,0.956032395362854,0.9703460931777954,0.9559812545776367,0.9558988809585571,0.9699175953865051,0.9557430744171143
607_class-820,0.9005628824234009,0.04654999077320099,0.888141393661499,0.8913955688476562,0.044148921966552734,0.2543124258518219
608_class-820,0.9566502571105957,0.954043984413147,0.9537932872772217,0.9548808932304382,0.955032467842102,0.9550800919532776
609_class-820,0.9483197331428528,0.9441012144088745,0.9490537047386169,0.9481511116027832,0.9441885948181152,0.9484593272209167
610_class-821,0.9813303351402283,0.9812633991241455,0.9814343452453613,0.9812185764312744,0.9813347458839417,0.9812641739845276
611_class-821,0.9925405979156494,0.9927119612693787,0.9927568435668945,0.992756724357605,0.9937255382537842,0.9925257563591003
612_class-821,0.8152767419815063,0.8195043802261353,0.8191403150558472,0.8773502707481384,0.8160567283630371,0.7993698716163635
613_class-821,0.7761614322662354,0.7757551670074463,0.7762469053268433,0.7760714292526245,0.776216983795166,0.7760047912597656
614_class-821,0.582625150680542,0.6166394352912903,0.5873401165008545,0.6056948900222778,0.5820473432540894,0.5874180793762207
615_class-821,0.9863521456718445,0.9864727854728699,0.9887924194335938,0.9866616725921631,0.9887225031852722,0.9867562055587769
616_class-821,0.9815519452095032,0.11425621807575226,0.11865104734897614,0.08610641956329346,0.10062610357999802,0.1231544092297554
617_class-821,0.9797954559326172,0.9799836874008179,0.9801262021064758,0.9797635078430176,0.9799498319625854,0.9808878898620605
618_class-821,0.7408114671707153,0.741915225982666,0.7420101165771484,0.7419998645782471,0.7419087886810303,0.7408788800239563
619_class-821,0.7129349112510681,0.7112488746643066,0.7106665372848511,0.7131844758987427,0.7131898403167725,0.7136838436126709
620_class-822,0.9394205212593079,0.9358441233634949,0.9371216297149658,0.9372469186782837,0.8291577100753784,0.9357253313064575
621_class-822,0.9793471097946167,0.9793576002120972,0.9797170162200928,0.9791887998580933,0.9797285795211792,0.9794820547103882
622_class-822,0.9764621257781982,0.9760906100273132,0.9760995507240295,0.9765728116035461,0.9764503836631775,0.9761286377906799
623_class-822,0.9864537715911865,0.9861637949943542,0.9862881898880005,0.9863475561141968,0.9860551357269287,0.9861027002334595
624_class-822,0.9511438608169556,0.9270917773246765,0.9515177011489868,0.9496004581451416,0.9515872001647949,0.9487961530685425
625_class-822,0.9839314818382263,0.983813464641571,0.9840352535247803,0.9816371202468872,0.9831819534301758,0.6910694241523743
626_class-822,0.9591200351715088,0.9547780752182007,0.9589712619781494,0.9591346979141235,0.9544894695281982,0.9559098482131958
627_class-822,0.973069429397583,0.9759812355041504,0.975750207901001,0.9728683233261108,0.9756306409835815,0.9757508039474487
628_class-822,0.9757547378540039,0.9792428612709045,0.9753316640853882,0.9744465351104736,0.9750601053237915,0.9749531745910645
629_class-822,0.975590705871582,0.9755796194076538,0.9763379693031311,0.9756561517715454,0.9758073091506958,0.9756052494049072
630_class-823,0.6404038071632385,0.6268610954284668,0.6380583047866821,0.6399758458137512,0.9580774307250977,0.7917687892913818
631_class-823,0.955277681350708,0.8085594177246094,0.9555021524429321,0.7896443605422974,0.8080651760101318,0.8077150583267212
632_class-823,0.9513823986053467,0.8832252025604248,0.8402832746505737,0.8581385612487793,0.8601312041282654,0.8607165217399597
633_class-823,0.9633197784423828,0.964087724685669,0.9647596478462219,0.9623496532440186,0.966215968132019,0.963137149810791
634_class-823,0.8004252910614014,0.9015552997589111,0.9051048755645752,0.9007326364517212,0.9628510475158691,0.9014232158660889
635_class-823,0.43848294019699097,0.5329254269599915,0.4610169529914856,0.6838594079017639,0.4383486807346344,0.7034701108932495
636_class-823,0.9101541042327881,0.9124696254730225,0.9110034704208374,0.9148350954055786,0.9123988151550293,0.9094512462615967
637_class-823,0.9667215943336487,0.9665813446044922,0.9674724340438843,0.04083339869976044,0.9666793346405029,0.966787576675415
638_class-823,0.9804502725601196,0.9746071696281433,0.9799015522003174,0.9798493981361389,0.9733074903488159,0.9813106060028076
639_class-823,0.7341873049736023,0.734283447265625,0.7352181673049927,0.4239993691444397,0.7321006059646606,0.7341105937957764
640_class-824,0.9815439581871033,0.9811404943466187,0.9807316660881042,0.9823406934738159,0.9816163778305054,0.9635134935379028
641_class-824,0.9722381830215454,0.9711071252822876,0.972348153591156,0.9708369970321655,0.9706261157989502,0.9723042249679565
642_class-824,0.9919905662536621,0.9919906258583069,0.9920060038566589,0.9920365810394287,0.9920443296432495,0.9920212626457214
643_class-824,0.4507712721824646,0.4573056101799011,0.19080664217472076,0.19074328243732452,0.4595624804496765,0.19074328243732452
644_class-824,0.9767507314682007,0.9767172932624817,0.9767168760299683,0.9767597913742065,0.9767427444458008,0.9766753315925598
645_class-824,0.22992439568042755,0.23035842180252075,0.22918476164340973,0.14056885242462158,0.27421140670776367,0.22917994856834412
646_class-824,0.8741509914398193,0.874143660068512,0.8742120265960693,0.8732287883758545,0.8740789890289307,0.8742596507072449
647_class-824,0.5105451941490173,0.9867673516273499,0.9868471622467041,0.509384274482727,0.9868155717849731,0.5086199641227722
648_class-824,0.9857450127601624,0.9857214093208313,0.9858081340789795,0.9857214093208313,0.9856820702552795,0.9857134819030762
649_class-824,0.9879647493362427,0.9877578020095825,0.9873166084289551,0.987784743309021,0.9878207445144653,0.9877939224243164
650_class-825,0.8807945251464844,0.8806061744689941,0.8809323310852051,0.8808879852294922,0.8811192512512207,0.8809783458709717
651_class-825,0.965262234210968,0.9637893438339233,0.9652037620544434,0.9652401208877563,0.9653934240341187,0.9641712307929993
652_class-825,0.9747558832168579,0.9748504161834717,0.9748358726501465,0.9748213291168213,0.9748431444168091,0.9749157428741455
653_class-825,0.9736069440841675,0.9734187126159668,0.9734786748886108,0.973366379737854,0.9737900495529175,0.9736363887786865
654_class-825,0.9766473770141602,0.9767200946807861,0.9766982793807983,0.976385235786438,0.9764143824577332,0.9764944314956665
655_class-825,0.9664226770401001,0.9663926362991333,0.9664587378501892,0.9663928747177124,0.966392993927002,0.9664884805679321
656_class-825,0.9741417169570923,0.9739735722541809,0.9741621613502502,0.9741783738136292,0.97414231300354,0.9742515087127686
657_class-825,0.8530704975128174,0.8530793190002441,0.9069026708602905,0.9111349582672119,0.8530489802360535,0.853075385093689
658_class-825,0.9723644256591797,0.972407877445221,0.9726183414459229,0.9724149703979492,0.9726107716560364,0.9725602269172668
659_class-825,0.9573339819908142,0.9572948217391968,0.9573811292648315,0.9573094248771667,0.9574952125549316,0.9574535489082336
660_class-826,0.9800276756286621,0.9798303246498108,0.9796915054321289,0.9799033403396606,0.9798375368118286,0.9798814058303833
661_class-826,0.25331518054008484,0.503755509853363,0.4998437464237213,0.25402793288230896,0.25417810678482056,0.25401031970977783
662_class-826,0.9826918840408325,0.9825977087020874,0.9826217889785767,0.9825671315193176,0.9826059937477112,0.9825439453125
663_class-826,0.38361456990242004,0.3831080198287964,0.38361766934394836,0.38335663080215454,0.38385581970214844,0.3838515281677246
664_class-826,0.9790005683898926,0.9779328107833862,0.9778027534484863,0.9789153337478638,0.9669808149337769,0.9784978032112122
665_class-826,0.2887611389160156,0.7778404355049133,0.5338441133499146,0.29464399814605713,0.28659769892692566,0.6351791024208069
666_class-826,0.5799295902252197,0.5810214281082153,0.5086113810539246,0.5792775750160217,0.5811830759048462,0.5797353982925415
667_class-826,0.9821134805679321,0.9818826913833618,0.9818826913833618,0.9762595891952515,0.9758439064025879,0.9754690527915955
668_class-826,0.9850823879241943,0.983017086982727,0.7030003070831299,0.9828286170959473,0.9850644469261169,0.9837088584899902
669_class-826,0.9714454412460327,0.971398651599884,0.9713963270187378,0.971396803855896,0.9714375734329224,0.9712871313095093
670_class-827,0.9872565269470215,0.5224363803863525,0.9872670769691467,0.8413283824920654,0.6450715661048889,0.9871811866760254
671_class-827,0.980887770652771,0.460848867893219,0.98090660572052,0.6674669981002808,0.9808883666992188,0.6623283624649048
672_class-827,0.9848960638046265,0.9852585196495056,0.9853509664535522,0.5613074898719788,0.9852046370506287,0.8272203207015991
673_class-827,0.7807129621505737,0.7806814908981323,0.9892392158508301,0.9891763925552368,0.780487596988678,0.6878328323364258
674_class-827,0.5912595391273499,0.747105062007904,0.5912341475486755,0.5911127328872681,0.5912985801696777,0.5912985801696777
675_class-827,0.9862058162689209,0.9862722158432007,0.9861074686050415,0.9861618280410767,0.9862058162689209,0.986305296421051
676_class-827,0.9207627177238464,0.9208474159240723,0.9745787382125854,0.9755744934082031,0.9750969409942627,0.9208656549453735
677_class-827,0.968716025352478,0.9652760028839111,0.9662851095199585,0.9666410684585571,0.9647954702377319,0.8535600900650024
678_class-827,0.9202854633331299,0.9203211665153503,0.9202194213867188,0.920243501663208,0.9203064441680908,0.9202366471290588
679_class-827,0.9822486639022827,0.9822258949279785,0.9824011325836182,0.9823187589645386,0.9819241762161255,0.9823248386383057
680_class-828,0.9622876644134521,0.961734414100647,0.9617313146591187,0.9623559713363647,0.9626758694648743,0.962975263595581
681_class-828,0.9478782415390015,0.9480173587799072,0.9489067792892456,0.948707103729248,0.9485200643539429,0.9480205774307251
682_class-828,0.9559515118598938,0.9598835706710815,0.9527060985565186,0.9605700969696045,0.9528820514678955,0.960019052028656
683_class-828,0.9387177228927612,0.9390345811843872,0.9326883554458618,0.9392378330230713,0.9426208138465881,0.9331403970718384
684_class-828,0.9182982444763184,0.45692765712738037,0.9183789491653442,0.918384313583374,0.9183816313743591,0.6069363951683044
685_class-828,0.9411798715591431,0.9412727355957031,0.9412873983383179,0.9400687217712402,0.9397369623184204,0.9420047998428345
686_class-828,0.9046589136123657,0.9053118824958801,0.9058297276496887,0.9054406881332397,0.9055340886116028,0.9054273366928101
687_class-828,0.08338826894760132,0.028767069801688194,0.934322714805603,0.810356616973877,0.028714759275317192,0.9378443956375122
688_class-828,0.957108199596405,0.9564841985702515,0.9571178555488586,0.9584324359893799,0.9566705226898193,0.9556171894073486
689_class-828,0.9511106610298157,0.9523946046829224,0.9513970613479614,0.9520560503005981,0.872879147529602,0.9570420980453491
690_class-829,0.8728606104850769,0.8731298446655273,0.8861629962921143,0.8721956014633179,0.8725834488868713,0.8856666684150696
691_class-829,0.08854488283395767,0.08895022422075272,0.08853462338447571,0.6910935044288635,0.087224081158638,0.0885089635848999
692_class-829,0.4157210886478424,0.12099728733301163,0.11980395764112473,0.8041691184043884,0.2993693947792053,0.6412992477416992
693_class-829,0.9379580616950989,0.9373536109924316,0.9378738403320312,0.937147855758667,0.9377950429916382,0.9386341571807861
694_class-829,0.9589065313339233,0.9528191089630127,0.9540843963623047,0.9541767239570618,0.9585254788398743,0.9528409838676453
695_class-829,0.9554677605628967,0.9552609324455261,0.9559428691864014,0.9553693532943726,0.9556173086166382,0.955944836139679
696_class-829,0.9457739591598511,0.9460447430610657,0.9390871524810791,0.9458372592926025,0.9208962917327881,0.9375079870223999
697_class-829,0.9287228584289551,0.9539709091186523,0.9550685882568359,0.9529739618301392,0.9304172992706299,0.4594578742980957
698_class-829,0.9622455835342407,0.953275203704834,0.9619281888008118,0.9528882503509521,0.9622151851654053,0.9619990587234497
699_class-829,0.02282271534204483,0.01793321967124939,0.006061257794499397,0.006008165422827005,0.006027188152074814,0.006057605147361755
700_class-830,0.9590973258018494,0.9586074352264404,0.9604978561401367,0.9600731730461121,0.21697530150413513,0.773143470287323
701_class-830,0.9805302023887634,0.9801095724105835,0.9035811424255371,0.9102743864059448,0.9120098352432251,0.8904634714126587
702_class-830,0.9597886800765991,0.9597718715667725,0.9595792293548584,0.9597432613372803,0.9598583579063416,0.9597044587135315
703_class-830,0.9507068395614624,0.9496845602989197,0.9505194425582886,0.9492007493972778,0.9507293701171875,0.9456161260604858
704_class-830,0.9675947427749634,0.017817100510001183,0.9684135913848877,0.9679841995239258,0.014063753187656403,0.018019497394561768
705_class-830,0.967097282409668,0.9676265120506287,0.967092752456665,0.5603184103965759,0.9677230715751648,0.967318058013916
706_class-830,0.9767785668373108,0.9768452644348145,0.9767419695854187,0.9768116474151611,0.9768116474151611,0.9765552282333374
707_class-830,0.9583748579025269,0.9585368633270264,0.9586242437362671,0.9581669569015503,0.9584076404571533,0.9588528871536255
708_class-830,0.9623772501945496,0.9621057510375977,0.9620362520217896,0.9621063470840454,0.9620986580848694,0.9619665145874023
709_class-830,0.9741427898406982,0.9740585088729858,0.9741498231887817,0.9742720723152161,0.9742186069488525,0.9741812944412231
710_class-831,0.9288049936294556,0.9288144707679749,0.685783863067627,0.9289391040802002,0.6857593059539795,0.929455041885376
711_class-831,0.9784965515136719,0.9441394805908203,0.7105826735496521,0.9781674146652222,0.715474009513855,0.6432357430458069
712_class-831,0.5540648698806763,0.44573163986206055,0.452011376619339,0.424727201461792,0.5991330146789551,0.4521045386791229
713_class-831,0.629974365234375,0.7914344668388367,0.7885777950286865,0.6370550394058228,0.7988890409469604,0.7887212038040161
714_class-831,0.7862980961799622,0.49117153882980347,0.9609735012054443,0.7591354846954346,0.7711313962936401,0.7768914699554443
715_class-831,0.7849408984184265,0.5610303282737732,0.782159686088562,0.8125619888305664,0.6915989518165588,0.6972295045852661
716_class-831,0.7257198691368103,0.6483580470085144,0.8357925415039062,0.6760497689247131,0.912527322769165,0.8023487329483032
717_class-831,0.8855763673782349,0.8860831260681152,0.9105547666549683,0.948286771774292,0.9037535190582275,0.9095141887664795
718_class-831,0.8843609094619751,0.8809038400650024,0.8833237290382385,0.7736937999725342,0.8150529861450195,0.883072018623352
719_class-831,0.8767741918563843,0.8906229734420776,0.5290992259979248,0.5297145247459412,0.6814512610435486,0.5296075344085693
720_class-832,0.9706218838691711,0.9705056548118591,0.9700648784637451,0.9694269895553589,0.9701571464538574,0.969762921333313
721_class-832,0.9612768888473511,0.9600719213485718,0.9608535170555115,0.9607641696929932,0.9605101346969604,0.9602559208869934
722_class-832,0.4999341070652008,0.6858328580856323,0.3982776701450348,0.6871423125267029,0.6863600611686707,0.8498421907424927
723_class-832,0.8626309633255005,0.28059959411621094,0.33035001158714294,0.589745283126831,0.3276973366737366,0.7153134346008301
724_class-832,0.9826465845108032,0.9826170206069946,0.9826183319091797,0.9826858043670654,0.9828509092330933,0.9827349185943604
725_class-832,0.9753690958023071,0.9757025241851807,0.9756986498832703,0.9755391478538513,0.9748480916023254,0.9754053950309753
726_class-832,0.871141254901886,0.8698580861091614,0.871438205242157,0.9596877098083496,0.8698893189430237,0.8674399852752686
727_class-832,0.847913920879364,0.9714633226394653,0.9709973931312561,0.9725942611694336,0.9720221161842346,0.6875185966491699
728_class-832,0.9757579565048218,0.9760655760765076,0.9761274456977844,0.9761334657669067,0.976102352142334,0.9756125211715698
729_class-832,0.9806637763977051,0.9802379608154297,0.9800401329994202,0.9799847602844238,0.9799953699111938,0.9804141521453857
730_class-833,0.9530932903289795,0.953137218952179,0.9549429416656494,0.9530296325683594,0.9528741836547852,0.9531848430633545
731_class-833,0.8883202075958252,0.8880389928817749,0.887826681137085,0.8889788389205933,0.8901689052581787,0.8868626356124878
732_class-833,0.9722107648849487,0.9717264771461487,0.9715125560760498,0.9717216491699219,0.9718905687332153,0.9720649719238281
733_class-833,0.9356873035430908,0.9364275336265564,0.935950517654419,0.9345901608467102,0.9357991218566895,0.9362767934799194
734_class-833,0.7600534558296204,0.7582578659057617,0.7640821933746338,0.7609524726867676,0.7603518962860107,0.7626782655715942
735_class-833,0.9555925130844116,0.9415959119796753,0.9412848353385925,0.9492306709289551,0.954858660697937,0.9489693641662598
736_class-833,0.951978325843811,0.9506959915161133,0.9517592191696167,0.9507952332496643,0.9509651064872742,0.9518635272979736
737_class-833,0.9573268890380859,0.9574159383773804,0.9517068862915039,0.9527390599250793,0.9574830532073975,0.9565314054489136
738_class-833,0.9563435316085815,0.9567158222198486,0.9558807611465454,0.9553892612457275,0.9558349251747131,0.9550768136978149
739_class-833,0.9181569814682007,0.9163113236427307,0.9216958284378052,0.9314490556716919,0.9309229850769043,0.9100974798202515
740_class-834,0.9724603295326233,0.9724220633506775,0.9723818898200989,0.972559928894043,0.9722990989685059,0.9724718332290649
741_class-834,0.9602009057998657,0.14457662403583527,0.14470535516738892,0.941620945930481,0.9463167190551758,0.95600426197052
742_class-834,0.9892332553863525,0.9893115758895874,0.9892483949661255,0.9889450073242188,0.9892936944961548,0.9892178177833557
743_class-834,0.9509177803993225,0.6490206718444824,0.9719544649124146,0.9786733388900757,0.5868379473686218,0.9606663584709167
744_class-834,0.6951198577880859,0.9842644929885864,0.9770609140396118,0.9840395450592041,0.6951267719268799,0.9842275381088257
745_class-834,0.9825575351715088,0.5892688632011414,0.6032325029373169,0.9822566509246826,0.9831081628799438,0.9822244644165039
746_class-834,0.9908725023269653,0.9909024238586426,0.9909768104553223,0.990872859954834,0.9909018278121948,0.9909313917160034
747_class-834,0.6091748476028442,0.9821760654449463,0.5792456269264221,0.5063972473144531,0.7454439997673035,0.9822437763214111
748_class-834,0.9785462021827698,0.979352593421936,0.9792336225509644,0.6521126627922058,0.9797882437705994,0.9792699217796326
749_class-834,0.7063312530517578,0.7063772678375244,0.7064821124076843,0.7064309120178223,0.7064355611801147,0.7272181510925293
750_class-835,0.9877258539199829,0.9875859618186951,0.9875937700271606,0.9877104759216309,0.9876565933227539,0.9876242280006409
751_class-835,0.9799261689186096,0.9826493859291077,0.9825599193572998,0.9796606302261353,0.9826498031616211,0.9825007915496826
752_class-835,0.9868718385696411,0.986864447593689,0.9868420362472534,0.9868495464324951,0.9868941307067871,0.9871105551719666
753_class-835,0.7008983492851257,0.703253984451294,0.7030044794082642,0.7032155990600586,0.7011287808418274,0.7030438184738159
754_class-835,0.9726059436798096,0.9725056886672974,0.9725123643875122,0.9728983640670776,0.9728072881698608,0.9726964235305786
755_class-835,0.9879246950149536,0.9878437519073486,0.9878360629081726,0.9860498309135437,0.9878509044647217,0.987880527973175
756_class-835,0.9890251159667969,0.9897297024726868,0.9896550178527832,0.9886462688446045,0.988898754119873,0.9887502193450928
757_class-835,0.9805680513381958,0.9851326942443848,0.9851843118667603,0.9800018072128296,0.9852437376976013,0.9850883483886719
758_class-835,0.9868437647819519,0.986735463142395,0.9868869781494141,0.9868966341018677,0.9868432283401489,0.9868217706680298
759_class-835,0.9869771599769592,0.9883459806442261,0.9885525703430176,0.9885521531105042,0.9884884357452393,0.9885308146476746
760_class-836,0.9751715660095215,0.9751348495483398,0.9751518964767456,0.9751600027084351,0.9752370119094849,0.9751627445220947
761_class-836,0.9586926102638245,0.9585703611373901,0.9585340023040771,0.9586173295974731,0.9587595462799072,0.958694577217102
762_class-836,0.9737863540649414,0.9738242626190186,0.9738640785217285,0.9738863110542297,0.9682797193527222,0.9738024473190308
763_class-836,0.9694231748580933,0.9694145917892456,0.9693430066108704,0.9692966341972351,0.9693223237991333,0.9692951440811157
764_class-836,0.9724742770195007,0.9724946022033691,0.9725602865219116,0.9726126194000244,0.9725621938705444,0.972543478012085
765_class-836,0.9600001573562622,0.9603023529052734,0.960456132888794,0.9608972072601318,0.961449146270752,0.9603767991065979
766_class-836,0.9608338475227356,0.9610495567321777,0.9609559774398804,0.9609522819519043,0.9611955881118774,0.9610834121704102
767_class-836,0.971538782119751,0.9715594053268433,0.9716858863830566,0.9716625213623047,0.9715207815170288,0.9715758562088013
768_class-836,0.9746209383010864,0.9743645191192627,0.9745480418205261,0.9745627641677856,0.9745404124259949,0.9744889736175537
769_class-836,0.9690232872962952,0.9692360162734985,0.9692357778549194,0.9693132042884827,0.9689211845397949,0.9689136147499084
770_class-837,0.918007493019104,0.9189277291297913,0.9170416593551636,0.7241997718811035,0.9200009107589722,0.7255294919013977
771_class-837,0.8829978704452515,0.8829916715621948,0.8829362988471985,0.8836561441421509,0.8841521739959717,0.6324201822280884
772_class-837,0.7326412200927734,0.7276612520217896,0.6724451184272766,0.9666322469711304,0.8192788362503052,0.6741387248039246
773_class-837,0.9187777042388916,0.920468270778656,0.9174747467041016,0.9233713746070862,0.9188166856765747,0.9190546274185181
774_class-837,0.9184060096740723,0.9183794260025024,0.9192085266113281,0.6416459679603577,0.9198204278945923,0.9075231552124023
775_class-837,0.8916167616844177,0.889195442199707,0.8911221027374268,0.8978993892669678,0.8900153636932373,0.8915985822677612
776_class-837,0.9155808091163635,0.9149154424667358,0.5561537742614746,0.8939492702484131,0.9143613576889038,0.9160737991333008
777_class-837,0.9204479455947876,0.9225586652755737,0.9208269119262695,0.9205996990203857,0.9224423766136169,0.9203758239746094
778_class-837,0.9267091155052185,0.9255607724189758,0.924328088760376,0.9247435331344604,0.9296780228614807,0.9236615896224976
779_class-837,0.843916654586792,0.8534871339797974,0.8603851795196533,0.8460434079170227,0.8757398724555969,0.8522390127182007
780_class-838,0.9804710745811462,0.9812624454498291,0.9799910187721252,0.9811080098152161,0.9807511568069458,0.9813767671585083
781_class-838,0.9909237623214722,0.9906688928604126,0.99050372838974,0.9905787706375122,0.9906612634658813,0.9907212257385254
782_class-838,0.9919003248214722,0.991876482963562,0.9918103218078613,0.991958498954773,0.9918841123580933,0.9918258190155029
783_class-838,0.981252908706665,0.9813118577003479,0.9813488721847534,0.9841305017471313,0.9815765023231506,0.9819151759147644
784_class-838,0.9857140183448792,0.9889307022094727,0.985855221748352,0.9858032464981079,0.9889084100723267,0.9888861179351807
785_class-838,0.9846823215484619,0.984657883644104,0.9846661686897278,0.9847457408905029,0.9847701787948608,0.9846510887145996
786_class-838,0.9918617010116577,0.9919112920761108,0.9918948411941528,0.9919440746307373,0.9919196367263794,0.9918950200080872
787_class-838,0.9903709888458252,0.990395188331604,0.9903957843780518,0.9903301000595093,0.9903139472007751,0.9903628826141357
788_class-838,0.9452164173126221,0.9453776478767395,0.9459192752838135,0.9459011554718018,0.9452311992645264,0.9459047317504883
789_class-838,0.9922164678573608,0.986437201499939,0.9862351417541504,0.9859888553619385,0.9923678636550903,0.9922012090682983
790_class-839,0.9896191954612732,0.8576250672340393,0.9896056652069092,0.9894235134124756,0.2359004020690918,0.9894891977310181
791_class-839,0.983098030090332,0.9831339716911316,0.9830144047737122,0.9828675389289856,0.9831722974777222,0.9831498861312866
792_class-839,0.5406787991523743,0.5408480167388916,0.5408049821853638,0.5407692193984985,0.5408122539520264,0.5407223701477051
793_class-839,0.7648326754570007,0.7647807598114014,0.7648425102233887,0.7648687362670898,0.7648874521255493,0.7648743391036987
794_class-839,0.9387835264205933,0.9390164613723755,0.9538751244544983,0.9397551417350769,0.9319047331809998,0.9393540620803833
795_class-839,0.9834426641464233,0.9852938652038574,0.9837288856506348,0.9853378534317017,0.9834647178649902,0.9851982593536377
796_class-839,0.9777148962020874,0.9777958393096924,0.9777201414108276,0.9777376055717468,0.9777489900588989,0.9777581691741943
797_class-839,0.9360269904136658,0.9729146957397461,0.9359756708145142,0.9738154411315918,0.9749023914337158,0.9729083776473999
798_class-839,0.9196037650108337,0.8869432210922241,0.8413517475128174,0.9838739633560181,0.8860710859298706,0.9826633930206299
799_class-839,0.9712961912155151,0.9711211919784546,0.9698126316070557,0.9701104164123535,0.9718032479286194,0.9697960615158081
800_class-840,0.9568685293197632,0.7092945575714111,0.7090508341789246,0.708817720413208,0.708781361579895,0.7083514928817749
801_class-840,0.9777138829231262,0.9775739908218384,0.9777398109436035,0.9777059555053711,0.9777150750160217,0.9777255654335022
802_class-840,0.9716109037399292,0.9708501100540161,0.97092604637146,0.9711602926254272,0.97133868932724,0.9711727499961853
803_class-840,0.6213669776916504,0.6924792528152466,0.6204516887664795,0.6203796863555908,0.6216389536857605,0.6186603903770447
804_class-840,0.9655188918113708,0.965307891368866,0.8430477380752563,0.9645533561706543,0.8434988260269165,0.9649250507354736
805_class-840,0.5483238101005554,0.5252344012260437,0.9749280214309692,0.9588894844055176,0.7713636159896851,0.5458241701126099
806_class-840,0.711257815361023,0.8903101086616516,0.8870246410369873,0.8877691626548767,0.8846051692962646,0.8853350877761841
807_class-840,0.8844075798988342,0.8837358355522156,0.8845350742340088,0.8833386301994324,0.8834366798400879,0.8864148855209351
808_class-840,0.9460179209709167,0.9462811946868896,0.9460148811340332,0.9462735652923584,0.945918619632721,0.9463006258010864
809_class-840,0.7687589526176453,0.7667338848114014,0.772371768951416,0.7675309181213379,0.5043267607688904,0.9573879241943359
810_class-841,0.9395618438720703,0.9513568878173828,0.9518119096755981,0.9403769969940186,0.6153217554092407,0.9499779343605042
811_class-841,0.9301162958145142,0.9300218820571899,0.929566502571106,0.9301740527153015,0.9302053451538086,0.9306745529174805
812_class-841,0.9305440187454224,0.9306972622871399,0.9306082725524902,0.9305821657180786,0.9305586814880371,0.9306532144546509
813_class-841,0.9680460691452026,0.9680988788604736,0.9681073427200317,0.9680644273757935,0.9681084752082825,0.9680877923965454
814_class-841,0.9348596930503845,0.9354279041290283,0.9348599910736084,0.9349485039710999,0.9352104663848877,0.9349391460418701
815_class-841,0.9141801595687866,0.9143325090408325,0.9142197370529175,0.9141348600387573,0.9143249988555908,0.9139202833175659
816_class-841,0.9751633405685425,0.9751125574111938,0.975134015083313,0.9750703573226929,0.9750387668609619,0.9750169515609741
817_class-841,0.9329185485839844,0.9279160499572754,0.9329593181610107,0.9340294003486633,0.9272485971450806,0.9277176260948181
818_class-841,0.9458783864974976,0.9460445642471313,0.9458072185516357,0.9460502862930298,0.9458006620407104,0.9460022449493408
819_class-841,0.9739886522293091,0.9735257625579834,0.9737633466720581,0.9736950397491455,0.9736962914466858,0.9738180041313171
820_class-842,0.9840777516365051,0.984086275100708,0.9841204881668091,0.9840515851974487,0.9840428233146667,0.9839988350868225
821_class-842,0.9882140159606934,0.988213062286377,0.9882245063781738,0.9882039427757263,0.9882035255432129,0.9882239103317261
822_class-842,0.9758754968643188,0.9756719470024109,0.9758141040802002,0.9758359789848328,0.975774884223938,0.9757950305938721
823_class-842,0.9797362685203552,0.7401150465011597,0.7401161193847656,0.9799811840057373,0.7400677800178528,0.7401059865951538
824_class-842,0.9700741767883301,0.9653209447860718,0.9654380083084106,0.9653638005256653,0.9654093980789185,0.965319037437439
825_class-842,0.9263116121292114,0.9279797077178955,0.6811642646789551,0.925624668598175,0.9269489049911499,0.6808686256408691
826_class-842,0.9733874797821045,0.9732540845870972,0.9734192490577698,0.9733473658561707,0.9733827114105225,0.9732537865638733
827_class-842,0.9439197778701782,0.9432510733604431,0.9438839554786682,0.9437994956970215,0.9388207197189331,0.7597140073776245
828_class-842,0.9863682985305786,0.9863038659095764,0.986512303352356,0.9864130020141602,0.9859403371810913,0.9862582087516785
829_class-842,0.48752903938293457,0.2730907201766968,0.41597050428390503,0.2917787730693817,0.264922171831131,0.03823409602046013
830_class-843,0.9662771224975586,0.9675170183181763,0.7562679052352905,0.7571454644203186,0.9672877788543701,0.966128945350647
831_class-843,0.9531153440475464,0.3055708706378937,0.9525840878486633,0.9527002573013306,0.9514140486717224,0.9531205296516418
832_class-843,0.6099645495414734,0.6100157499313354,0.6098769307136536,0.710668683052063,0.6098174452781677,0.9299042224884033
833_class-843,0.6467132568359375,0.6346752643585205,0.6019924283027649,0.9634971618652344,0.4908163845539093,0.5034509301185608
834_class-843,0.7903870344161987,0.790948748588562,0.7912478446960449,0.7899254560470581,0.7907842397689819,0.8101962208747864
835_class-843,0.652855634689331,0.9604933857917786,0.655205249786377,0.9555929899215698,0.652768075466156,0.7853167057037354
836_class-843,0.9214557409286499,0.8927006125450134,0.9161713123321533,0.773863673210144,0.922012984752655,0.923935055732727
837_class-843,0.7104703187942505,0.956963062286377,0.9570358991622925,0.7107019424438477,0.3443799316883087,0.95688796043396
838_class-843,0.9211838841438293,0.9601513743400574,0.960286021232605,0.9601670503616333,0.9605893492698669,0.9155685305595398
839_class-843,0.9414438009262085,0.9400907754898071,0.9416025876998901,0.9399608373641968,0.941373348236084,0.9417138695716858
840_class-844,0.9606815576553345,0.9604915380477905,0.960567831993103,0.9606773853302002,0.960591197013855,0.9605512619018555
841_class-844,0.9595366716384888,0.9596279263496399,0.9595474004745483,0.9596197605133057,0.9595751762390137,0.959566593170166
842_class-844,0.9456005096435547,0.9461319446563721,0.9456477165222168,0.22863633930683136,0.9467610120773315,0.03827134892344475
843_class-844,0.9494467973709106,0.9505622386932373,0.03440587967634201,0.9500889778137207,0.9506722688674927,0.9503390789031982
844_class-844,0.06701771169900894,0.9040288925170898,0.9022829532623291,0.687852144241333,0.6882411241531372,0.06582681834697723
845_class-844,0.9529725313186646,0.5338376760482788,0.9553555250167847,0.9530867338180542,0.5331848859786987,0.9556361436843872
846_class-844,0.9576634764671326,0.957756519317627,0.9580510854721069,0.9575493335723877,0.05863366276025772,0.9582598805427551
847_class-844,0.9527536630630493,0.9571363925933838,0.9559653997421265,0.9570096135139465,0.9552311897277832,0.9573137760162354
848_class-844,0.9423863887786865,0.9429037570953369,0.9459713101387024,0.9442065954208374,0.9463992118835449,0.9430636167526245
849_class-844,0.8318197727203369,0.8317338824272156,0.8318544626235962,0.8313519954681396,0.830128014087677,0.8307722210884094
850_class-845,0.8275249004364014,0.8272107839584351,0.8272767066955566,0.827078104019165,0.828690767288208,0.8276339769363403
851_class-845,0.9413520693778992,0.9416155815124512,0.3980044722557068,0.9414538145065308,0.39953792095184326,0.9412701725959778
852_class-845,0.31199881434440613,0.8349782228469849,0.9260663986206055,0.3121849298477173,0.2748408019542694,0.3116563558578491
853_class-845,0.9201903939247131,0.9193886518478394,0.9218428134918213,0.9206897020339966,0.9226410388946533,0.919748842716217
854_class-845,0.7333717346191406,0.7328630685806274,0.7321619987487793,0.734323263168335,0.7350367307662964,0.7380407452583313
855_class-845,0.9332342743873596,0.8117690682411194,0.9385936856269836,0.9389959573745728,0.9338351488113403,0.29446274042129517
856_class-845,0.958322286605835,0.9683955907821655,0.9472625851631165,0.9466406106948853,0.9467864036560059,0.9498940706253052
857_class-845,0.12533792853355408,0.1256001740694046,0.8511245250701904,0.7559653520584106,0.1251177340745926,0.12771064043045044
858_class-845,0.4536508321762085,0.589620053768158,0.46165865659713745,0.9097947478294373,0.4683285355567932,0.9096189737319946
859_class-845,0.9639208316802979,0.9738538265228271,0.9635643362998962,0.9646678566932678,0.9644463062286377,0.964346706867218
860_class-846,0.927100658416748,0.9269845485687256,0.9271725416183472,0.927034318447113,0.9271503686904907,0.9270854592323303
861_class-846,0.5844114422798157,0.573407769203186,0.8993779420852661,0.5713119506835938,0.8979276418685913,0.5734755992889404
862_class-846,0.6735423803329468,0.9056781530380249,0.6734069585800171,0.6735702157020569,0.6734342575073242,0.674096405506134
863_class-846,0.7981550097465515,0.7979415059089661,0.7981387376785278,0.26443880796432495,0.7979656457901001,0.7981476187705994
864_class-846,0.9645691514015198,0.9642702341079712,0.9643701910972595,0.964374303817749,0.9644619226455688,0.9645226001739502
865_class-846,0.9448210597038269,0.7325634956359863,0.9460734128952026,0.9452270269393921,0.8556615114212036,0.9307253360748291
866_class-846,0.8956526517868042,0.8941510915756226,0.8977600336074829,0.8958850502967834,0.8967640399932861,0.8956255912780762
867_class-846,0.9417321681976318,0.9441760778427124,0.944369912147522,0.9462563991546631,0.9454336166381836,0.9420688152313232
868_class-846,0.8743518590927124,0.875163733959198,0.8745657205581665,0.7713271379470825,0.8745852112770081,0.8745197057723999
869_class-846,0.909650444984436,0.9096196293830872,0.9095327854156494,0.9095512628555298,0.9092857837677002,0.9088543653488159
870_class-847,0.9459104537963867,0.9460588097572327,0.9457026124000549,0.9442694187164307,0.9453080296516418,0.9398659467697144
871_class-847,0.8482393026351929,0.42666035890579224,0.9695504307746887,0.4266461730003357,0.4258894920349121,0.3689839243888855
872_class-847,0.965481162071228,0.9652576446533203,0.9656171798706055,0.9652868509292603,0.9651972055435181,0.9650614261627197
873_class-847,0.9558433294296265,0.95574951171875,0.9556777477264404,0.9555957317352295,0.9560568332672119,0.9551013708114624
874_class-847,0.9479092359542847,0.9478534460067749,0.948251485824585,0.9482632875442505,0.9482790231704712,0.692597508430481
875_class-847,0.854185938835144,0.6669170260429382,0.7125022411346436,0.8337661027908325,0.6655793190002441,0.8471029996871948
876_class-847,0.38239502906799316,0.36780619621276855,0.3548821806907654,0.38193023204803467,0.38295233249664307,0.8867760896682739
877_class-847,0.4461324214935303,0.9684051275253296,0.9687444567680359,0.9683459997177124,0.9701708555221558,0.9674258828163147
878_class-847,0.9515857696533203,0.6679682731628418,0.668305516242981,0.6675773859024048,0.7363654375076294,0.9517062902450562
879_class-847,0.860598623752594,0.9185998439788818,0.9446690082550049,0.9260998964309692,0.914858341217041,0.9159111380577087
880_class-848,0.5936207175254822,0.6402325630187988,0.8195517063140869,0.5783507227897644,0.5841630697250366,0.5828254818916321
881_class-848,0.8903372287750244,0.8907052278518677,0.8919143676757812,0.01860107108950615,0.8926184177398682,0.8898530006408691
882_class-848,0.7578330636024475,0.8455806970596313,0.6989076137542725,0.7532397508621216,0.7190224528312683,0.7040520906448364
883_class-848,0.8372560739517212,0.9595130681991577,0.6348973512649536,0.9594488143920898,0.7886892557144165,0.959538459777832
884_class-848,0.7724730372428894,0.6102157831192017,0.7782647609710693,0.7875320911407471,0.7726454734802246,0.7698580622673035
885_class-848,0.8173766136169434,0.8164572715759277,0.7832967042922974,0.8162240982055664,0.7591234445571899,0.7671035528182983
886_class-848,0.9504075646400452,0.9504102468490601,0.9504879713058472,0.9503360390663147,0.9505068063735962,0.9504809379577637
887_class-848,0.020283710211515427,0.38688260316848755,0.05500253289937973,0.02153552696108818,0.013788583688437939,0.867267370223999
888_class-848,0.8429775238037109,0.009525362402200699,0.009467341005802155,0.20144116878509521,0.00948668085038662,0.00989090371876955
889_class-848,0.8144835233688354,0.6137100458145142,0.05900143086910248,0.014325456693768501,0.050189003348350525,0.014995995908975601
890_class-849,0.9671432971954346,0.9670646786689758,0.9670813679695129,0.9670608043670654,0.967086911201477,0.9670097827911377
891_class-849,0.8728141784667969,0.8798086643218994,0.8782663345336914,0.877897322177887,0.8768104314804077,0.8765661716461182
892_class-849,0.9517649412155151,0.9544540643692017,0.9531179666519165,0.9538841843605042,0.9548207521438599,0.9531750679016113
893_class-849,0.6129106283187866,0.9006564617156982,0.5951622724533081,0.8219989538192749,0.8212254047393799,0.8217306137084961
894_class-849,0.9805257320404053,0.9807307720184326,0.980628490447998,0.9804954528808594,0.9831452965736389,0.9804441928863525
895_class-849,0.8598523139953613,0.8612521886825562,0.8640981316566467,0.8818194270133972,0.8625743389129639,0.8739880323410034
896_class-849,0.8723726272583008,0.8722890019416809,0.7822677493095398,0.8721274733543396,0.7833255529403687,0.8380521535873413
897_class-849,0.9606223106384277,0.9604711532592773,0.9606258869171143,0.9601246118545532,0.9609419107437134,0.9611315727233887
898_class-849,0.8826936483383179,0.8828511238098145,0.8827983140945435,0.8823148012161255,0.8824213147163391,0.8824096918106079
899_class-849,0.9598057270050049,0.9593026638031006,0.9595001935958862,0.9593385457992554,0.9591494798660278,0.9590744376182556
900_class-850,0.978760838508606,0.9776254892349243,0.9786548018455505,0.9776380062103271,0.978600263595581,0.9773825407028198
901_class-850,0.9385585784912109,0.769691526889801,0.771026611328125,0.7022035121917725,0.7709449529647827,0.9376324415206909
902_class-850,0.8793151378631592,0.8832621574401855,0.8823281526565552,0.8783243894577026,0.8794216513633728,0.883169412612915
903_class-850,0.9518779516220093,0.9517913460731506,0.8251163959503174,0.9516540765762329,0.9520188570022583,0.9521048069000244
904_class-850,0.9647589921951294,0.9648091793060303,0.9648257493972778,0.9647399187088013,0.9648363590240479,0.9647806882858276
905_class-850,0.8888379335403442,0.8883969783782959,0.8886144757270813,0.8888830542564392,0.8888404965400696,0.8885986804962158
906_class-850,0.9790308475494385,0.26334482431411743,0.9781143665313721,0.9783912897109985,0.9787142276763916,0.2651318907737732
907_class-850,0.9619766473770142,0.9620397090911865,0.9620789885520935,0.9618598222732544,0.9620939493179321,0.961940348148346
908_class-850,0.9696813225746155,0.9696102142333984,0.9696290493011475,0.9695501327514648,0.9696455001831055,0.9695496559143066
909_class-850,0.9608821868896484,0.9606768488883972,0.9615426063537598,0.9608300924301147,0.8616765737533569,0.30971062183380127
910_class-851,0.9655739068984985,0.7907122373580933,0.9660162329673767,0.9658755660057068,0.7799727916717529,0.7867697477340698
911_class-851,0.8984375,0.8210694789886475,0.7825754880905151,0.8800923824310303,0.8163427710533142,0.8219135999679565
912_class-851,0.9763256311416626,0.9115230441093445,0.9746848344802856,0.9761748313903809,0.9764165878295898,0.9765856266021729
913_class-851,0.9048436284065247,0.6308355331420898,0.9349887371063232,0.7959000468254089,0.8917922377586365,0.8981101512908936
914_class-851,0.9195594787597656,0.9790736436843872,0.9613845348358154,0.9812532663345337,0.97902512550354,0.6893382668495178
915_class-851,0.7571988105773926,0.7561546564102173,0.8675986528396606,0.9790807962417603,0.7572038769721985,0.9796549677848816
916_class-851,0.8076589703559875,0.8887500166893005,0.8843059539794922,0.8947649002075195,0.8965859413146973,0.8859888315200806
917_class-851,0.958121657371521,0.9567062854766846,0.9577352404594421,0.9581073522567749,0.9576300978660583,0.9577349424362183
918_class-851,0.9540913105010986,0.9575603008270264,0.9576460123062134,0.9580597877502441,0.9578577280044556,0.9588041305541992
919_class-851,0.9368370771408081,0.9355595111846924,0.8835037350654602,0.9353936910629272,0.9367485046386719,0.9355855584144592
920_class-852,0.8617231845855713,0.8535478115081787,0.8610174655914307,0.8612059354782104,0.861609697341919,0.8616390824317932
921_class-852,0.8344159126281738,0.8171814680099487,0.8171271085739136,0.8171093463897705,0.8243793249130249,0.8170132637023926
922_class-852,0.9465680122375488,0.9456362724304199,0.8016467094421387,0.9449206590652466,0.8545053005218506,0.8794616460800171
923_class-852,0.9200257658958435,0.9206127524375916,0.771043598651886,0.919764518737793,0.9240084886550903,0.8061869144439697
924_class-852,0.9316413402557373,0.9333871603012085,0.9323765635490417,0.9317758083343506,0.9314277172088623,0.9319508075714111
925_class-852,0.9464934468269348,0.9475276470184326,0.9432514905929565,0.956674337387085,0.9478068351745605,0.9463863372802734
926_class-852,0.9765588045120239,0.774402379989624,0.7776660919189453,0.7776193022727966,0.7784807682037354,0.9771984815597534
927_class-852,0.6576340794563293,0.9366711378097534,0.9337383508682251,0.935920238494873,0.935499906539917,0.9358779191970825
928_class-852,0.9398764371871948,0.9402734041213989,0.9398650527000427,0.939243733882904,0.9394402503967285,0.9394657015800476
929_class-852,0.9735375046730042,0.9620763063430786,0.9737663269042969,0.9695295095443726,0.962837815284729,0.9373866319656372
930_class-853,0.6678301692008972,0.8299494981765747,0.9544838666915894,0.9510116577148438,0.9546289443969727,0.7029184699058533
931_class-853,0.9069058895111084,0.7879376411437988,0.8826477527618408,0.903146505355835,0.8400717973709106,0.7535091638565063
932_class-853,0.01828504353761673,0.018905848264694214,0.019122624769806862,0.01922379620373249,0.8873364925384521,0.01868719421327114
933_class-853,0.6174665093421936,0.3080795407295227,0.35234397649765015,0.715866208076477,0.6579656004905701,0.6230207085609436
934_class-853,0.9693835973739624,0.967244029045105,0.6362026929855347,0.9732383489608765,0.9731623530387878,0.9736955165863037
935_class-853,0.5510549545288086,0.6778072118759155,0.6993686556816101,0.6916007995605469,0.07085936516523361,0.6681948900222778
936_class-853,0.9650962352752686,0.9619662761688232,0.9654644727706909,0.8501882553100586,0.9625617861747742,0.8509926795959473
937_class-853,0.9566119909286499,0.6371389031410217,0.9570114612579346,0.956534743309021,0.9563330411911011,0.9563615322113037
938_class-853,0.7751445770263672,0.8109617233276367,0.5297955274581909,0.5664546489715576,0.77313631772995,0.7641390562057495
939_class-853,0.9384455680847168,0.038853928446769714,0.9401679635047913,0.9400860071182251,0.036671001464128494,0.9402084350585938
940_class-854,0.9778778553009033,0.9778900146484375,0.977708637714386,0.977939784526825,0.9780927300453186,0.9779762625694275
941_class-854,0.966098964214325,0.9657918214797974,0.9659926891326904,0.9658631086349487,0.9653022885322571,0.965867280960083
942_class-854,0.9520983695983887,0.9588565826416016,0.6564587354660034,0.6564847230911255,0.9585387110710144,0.9590994715690613
943_class-854,0.7792234420776367,0.77921462059021,0.7793771028518677,0.77923583984375,0.7394368648529053,0.7800682783126831
944_class-854,0.95958411693573,0.9606353640556335,0.9611725807189941,0.04655882716178894,0.9596501588821411,0.9591820240020752
945_class-854,0.9611742496490479,0.9645959138870239,0.961101233959198,0.9647587537765503,0.9610530138015747,0.960953950881958
946_class-854,0.8699545860290527,0.7052879333496094,0.7423810958862305,0.630425214767456,0.8694261312484741,0.7752456665039062
947_class-854,0.9611872434616089,0.9583398699760437,0.9622750282287598,0.9616786241531372,0.9588075876235962,0.9302091002464294
948_class-854,0.9740116596221924,0.9730308055877686,0.9734799861907959,0.973628580570221,0.9739488959312439,0.9737069606781006
949_class-854,0.972038745880127,0.9719091057777405,0.6816734671592712,0.9719599485397339,0.681704580783844,0.9712115526199341
950_class-855,0.968910813331604,0.9740198850631714,0.6435680389404297,0.962489128112793,0.9731674790382385,0.7723835706710815
951_class-855,0.31365835666656494,0.9364714622497559,0.9295231699943542,0.9641158580780029,0.9367602467536926,0.9374352693557739
952_class-855,0.9638056755065918,0.9636625051498413,0.9637904763221741,0.9636492729187012,0.9378858208656311,0.9379602670669556
953_class-855,0.5191173553466797,0.9606916904449463,0.9601572751998901,0.576219379901886,0.5681082606315613,0.577148973941803
954_class-855,0.6982159614562988,0.9475204944610596,0.6984758973121643,0.6982709169387817,0.7033195495605469,0.9470914602279663
955_class-855,0.9703086018562317,0.9701482057571411,0.9701898097991943,0.9702417850494385,0.9702116847038269,0.9701552391052246
956_class-855,0.9356773495674133,0.9500733613967896,0.9378284215927124,0.9358270764350891,0.9488435387611389,0.9495694637298584
957_class-855,0.9466835260391235,0.9469889402389526,0.9473732709884644,0.9471297264099121,0.9491540789604187,0.9468876719474792
958_class-855,0.2227088212966919,0.9560155868530273,0.9561175107955933,0.9564931988716125,0.04659149423241615,0.9558988809585571
959_class-855,0.9472284317016602,0.9472786784172058,0.9466140866279602,0.9475328326225281,0.9475446343421936,0.9477018713951111
960_class-856,0.9651926755905151,0.9456502199172974,0.9649139642715454,0.9648799896240234,0.964885950088501,0.9512231349945068
961_class-856,0.9577162265777588,0.9569242000579834,0.9569797515869141,0.666465163230896,0.9571758508682251,0.9580709338188171
962_class-856,0.9597411751747131,0.9599398374557495,0.9610527753829956,0.9611965417861938,0.9610634446144104,0.961162805557251
963_class-856,0.9799497723579407,0.9800775647163391,0.9798897504806519,0.979595422744751,0.9799006581306458,0.9800525307655334
964_class-856,0.9877181053161621,0.9862956404685974,0.9862202405929565,0.9876669645309448,0.986449658870697,0.9863522052764893
965_class-856,0.9634691476821899,0.9627634882926941,0.9635820388793945,0.9632515907287598,0.9632458686828613,0.9637094736099243
966_class-856,0.9666833877563477,0.9656679034233093,0.9666264057159424,0.966873288154602,0.9666629433631897,0.9603208303451538
967_class-856,0.9723023176193237,0.973494827747345,0.9732164144515991,0.9721733331680298,0.9729610681533813,0.9731796383857727
968_class-856,0.9624871015548706,0.9629669189453125,0.9628620147705078,0.9654030799865723,0.9631063938140869,0.9629883170127869
969_class-856,0.9610641002655029,0.9607524871826172,0.9607247710227966,0.9610625505447388,0.9610642194747925,0.9611986875534058
970_class-857,0.9626429677009583,0.962504506111145,0.9626312255859375,0.9626744985580444,0.9624714851379395,0.9625317454338074
971_class-857,0.9783498048782349,0.9783506989479065,0.9783764481544495,0.9783393144607544,0.9783964157104492,0.9783868789672852
972_class-857,0.9721280336380005,0.9720934629440308,0.9720715284347534,0.9720370173454285,0.9720826148986816,0.972055196762085
973_class-857,0.9813144207000732,0.9812955856323242,0.9813212156295776,0.9814417362213135,0.9812522530555725,0.9812811613082886
974_class-857,0.9788036346435547,0.9788550138473511,0.9787645936012268,0.978762686252594,0.9787933826446533,0.9788153171539307
975_class-857,0.9809350967407227,0.9809333086013794,0.9809492826461792,0.9809578657150269,0.9808480143547058,0.9809409379959106
976_class-857,0.9735659956932068,0.9735473990440369,0.9737032651901245,0.9736686944961548,0.9735325574874878,0.9736052751541138
977_class-857,0.9738186597824097,0.974067211151123,0.9740267992019653,0.9738845229148865,0.9737769365310669,0.9739266633987427
978_class-857,0.9724604487419128,0.9723957777023315,0.972223162651062,0.972373366355896,0.972413182258606,0.9722936749458313
979_class-857,0.9626682996749878,0.9626098275184631,0.9624475836753845,0.9612987637519836,0.9625364542007446,0.9615992307662964
980_class-858,0.8334053754806519,0.9003183841705322,0.8302962779998779,0.8341484665870667,0.8321793675422668,0.8327794075012207
981_class-858,0.8842777013778687,0.9716363549232483,0.9078382253646851,0.7523418664932251,0.9706276655197144,0.6663485169410706
982_class-858,0.9794819355010986,0.9766994714736938,0.041907407343387604,0.4907228350639343,0.04190083593130112,0.0419599674642086
983_class-858,0.9766597747802734,0.9754021763801575,0.9765033721923828,0.9755223989486694,0.9753894805908203,0.9739446640014648
984_class-858,0.8413693904876709,0.9750120639801025,0.8412340879440308,0.9750936627388,0.9481053352355957,0.8333057165145874
985_class-858,0.6541745662689209,0.9612771272659302,0.9610038995742798,0.9602394104003906,0.9594082832336426,0.6635045409202576
986_class-858,0.9706027507781982,0.9696759581565857,0.9471073150634766,0.9713912010192871,0.9696651697158813,0.969762921333313
987_class-858,0.7359076738357544,0.7328000068664551,0.735120415687561,0.7341049909591675,0.7318227887153625,0.7376123666763306
988_class-858,0.5352625250816345,0.9356257319450378,0.49741196632385254,0.9336474537849426,0.9149624705314636,0.8593592643737793
989_class-858,0.9570506811141968,0.9684857726097107,0.8336827158927917,0.9686509370803833,0.9683670997619629,0.9687061309814453
990_class-859,0.06760728359222412,0.028816478326916695,0.03578353300690651,0.07817392796278,0.06931731104850769,0.014853323809802532
991_class-859,0.5142660737037659,0.2995443046092987,0.5041776299476624,0.29902270436286926,0.5140981078147888,0.27472203969955444
992_class-859,0.2831580638885498,0.5714264512062073,0.28267091512680054,0.2901802659034729,0.2830647826194763,0.3254626393318176
993_class-859,0.8106057643890381,0.9616190195083618,0.8098289966583252,0.7038149237632751,0.7036799192428589,0.7038590908050537
994_class-859,0.974423885345459,0.974423885345459,0.9743330478668213,0.974423885345459,0.9741218090057373,0.974394679069519
995_class-859,0.8055405020713806,0.09163700044155121,0.7675626277923584,0.8847382664680481,0.8968617916107178,0.09167240560054779
996_class-859,0.9868118166923523,0.9867505431175232,0.9866910576820374,0.9867637157440186,0.9867151975631714,0.9867391586303711
997_class-859,0.9883571267127991,0.686686635017395,0.9884945154190063,0.9883710145950317,0.9883710145950317,0.9884806275367737
998_class-859,0.49261537194252014,0.49259889125823975,0.49260392785072327,0.492601215839386,0.4925925135612488,0.4925925135612488
999_class-859,0.984068751335144,0.9839153289794922,0.984053373336792,0.9842855334281921,0.9840384125709534,0.9842872619628906
1000_class-860,0.779952883720398,0.7803652286529541,0.7803702354431152,0.7802073955535889,0.7806987762451172,0.7799715995788574
1001_class-860,0.963615894317627,0.7878011465072632,0.788096010684967,0.7883653044700623,0.7872622013092041,0.7879871726036072
1002_class-860,0.937627911567688,0.9373762607574463,0.9374205470085144,0.9373507499694824,0.9374353289604187,0.9375420212745667
1003_class-860,0.9695703983306885,0.9697494506835938,0.9698318243026733,0.9699764251708984,0.9697836637496948,0.9697020053863525
1004_class-860,0.7257968187332153,0.875847578048706,0.9426318407058716,0.9466757774353027,0.9488605260848999,0.9485893845558167
1005_class-860,0.8512914180755615,0.8188685178756714,0.8516188859939575,0.8402863144874573,0.8543059229850769,0.833946943283081
1006_class-860,0.9204502105712891,0.9072718620300293,0.9045513868331909,0.907267689704895,0.9116790294647217,0.6509931683540344
1007_class-860,0.9613878726959229,0.9615918397903442,0.9616689682006836,0.9615651965141296,0.9615424871444702,0.9616304039955139
1008_class-860,0.8983932733535767,0.46656179428100586,0.8985726833343506,0.46399232745170593,0.899110734462738,0.8366061449050903
1009_class-860,0.9835279583930969,0.9826390743255615,0.9824276566505432,0.5513275861740112,0.9835548400878906,0.5497785210609436
1010_class-861,0.449944406747818,0.8756202459335327,0.053258463740348816,0.8805173635482788,0.31800004839897156,0.8799330592155457
1011_class-861,0.9211230278015137,0.9222687482833862,0.6928431391716003,0.9326028823852539,0.9337321519851685,0.9199022054672241
1012_class-861,0.8696606159210205,0.869857907295227,0.8688783645629883,0.9502624273300171,0.9505931735038757,0.950873076915741
1013_class-861,0.7017055749893188,0.969668447971344,0.9694865942001343,0.969433069229126,0.7016378045082092,0.7017850279808044
1014_class-861,0.959000825881958,0.7304500341415405,0.7302544713020325,0.9605453014373779,0.9618290662765503,0.9593937397003174
1015_class-861,0.4236464202404022,0.6958990693092346,0.6958503723144531,0.695915699005127,0.6961661577224731,0.6957261562347412
1016_class-861,0.8611549139022827,0.8611278533935547,0.8613523244857788,0.8622145652770996,0.8605711460113525,0.8603516817092896
1017_class-861,0.7265060544013977,0.9607733488082886,0.7840461134910583,0.9684559106826782,0.7338323593139648,0.9128718376159668
1018_class-861,0.8446521759033203,0.8444370031356812,0.8455952405929565,0.8443652987480164,0.8447398543357849,0.8453609943389893
1019_class-861,0.7508856654167175,0.7498366236686707,0.7506728172302246,0.7505529522895813,0.7507733702659607,0.6508177518844604
1020_class-862,0.03274273872375488,0.8107614517211914,0.032592348754405975,0.8116159439086914,0.039900004863739014,0.5889139175415039
1021_class-862,0.9704780578613281,0.918126106262207,0.9176883697509766,0.9399659037590027,0.9170265793800354,0.9174772500991821
1022_class-862,0.9885411262512207,0.9885601997375488,0.9885753393173218,0.9886211156845093,0.9884527921676636,0.9885584115982056
1023_class-862,0.9747222661972046,0.9751113057136536,0.974847137928009,0.9745801687240601,0.9718664884567261,0.9747482538223267
1024_class-862,0.36791494488716125,0.9720048904418945,0.9719524383544922,0.9719159603118896,0.9692839980125427,0.97191321849823
1025_class-862,0.9738988280296326,0.9751482605934143,0.974035382270813,0.9732553958892822,0.9748650789260864,0.9724594950675964
1026_class-862,0.977686882019043,0.9775130748748779,0.9776837825775146,0.9778757095336914,0.9775130748748779,0.9777549505233765
1027_class-862,0.8608472347259521,0.8610526323318481,0.8610007762908936,0.8609939813613892,0.8611095547676086,0.8608970642089844
1028_class-862,0.9155809283256531,0.9164009690284729,0.9154866933822632,0.915814995765686,0.9158166646957397,0.9166539907455444
1029_class-862,0.9667620658874512,0.9669110774993896,0.6893396377563477,0.6893181800842285,0.9664798378944397,0.9669168591499329
1030_class-863,0.9311147928237915,0.9324231147766113,0.9279181957244873,0.9315448999404907,0.9338992834091187,0.9327434301376343
1031_class-863,0.9825582504272461,0.9824872612953186,0.9824689030647278,0.9824974536895752,0.9825100898742676,0.9825000762939453
1032_class-863,0.9558664560317993,0.955375075340271,0.9553941488265991,0.955612301826477,0.9559588432312012,0.9553064107894897
1033_class-863,0.9578737020492554,0.9579735398292542,0.9576839208602905,0.9578948616981506,0.9574882984161377,0.9579715132713318
1034_class-863,0.9556283354759216,0.9456541538238525,0.9535107612609863,0.9547442197799683,0.9520043134689331,0.9562650918960571
1035_class-863,0.9802706241607666,0.9802076816558838,0.9807146787643433,0.9806689023971558,0.9805878400802612,0.9802194833755493
1036_class-863,0.9455413818359375,0.9459347724914551,0.945747971534729,0.9453029632568359,0.9466254711151123,0.9454718828201294
1037_class-863,0.9792874455451965,0.6248866319656372,0.9767889976501465,0.9775180816650391,0.9787144660949707,0.9788880348205566
1038_class-863,0.9660775661468506,0.9734659790992737,0.9663500785827637,0.969962477684021,0.9657943248748779,0.9666078686714172
1039_class-863,0.9857044219970703,0.9858989119529724,0.985821008682251,0.9859473705291748,0.9858115315437317,0.985782265663147
1040_class-864,0.8156634569168091,0.8156265020370483,0.6490561366081238,0.7944883108139038,0.8150684833526611,0.7805983424186707
1041_class-864,0.9704710841178894,0.9734828472137451,0.9708082675933838,0.9702289700508118,0.9735747575759888,0.973538339138031
1042_class-864,0.9848333597183228,0.9849493503570557,0.9843485355377197,0.7574660778045654,0.9849129915237427,0.9849094152450562
1043_class-864,0.02003098838031292,0.9587033987045288,0.019263889640569687,0.02003895863890648,0.019510947167873383,0.25139009952545166
1044_class-864,0.9688016176223755,0.9692068696022034,0.9688107371330261,0.9697052240371704,0.969376266002655,0.9689223766326904
1045_class-864,0.8004888296127319,0.8003591895103455,0.8004920482635498,0.8004024028778076,0.9718176126480103,0.8004375696182251
1046_class-864,0.9732558131217957,0.5678949952125549,0.9746729731559753,0.9745486378669739,0.97472083568573,0.9745526313781738
1047_class-864,0.9471361041069031,0.946672260761261,0.9472872614860535,0.8013935685157776,0.8012344837188721,0.9470198750495911
1048_class-864,0.9334956407546997,0.9340407252311707,0.5649726986885071,0.9339663982391357,0.9338927268981934,0.9592017531394958
1049_class-864,0.9766948223114014,0.9766766428947449,0.9771208167076111,0.9770776033401489,0.9760187864303589,0.9768533706665039
1050_class-865,0.8814568519592285,0.8019044399261475,0.8885048627853394,0.8934496641159058,0.8907251358032227,0.8859609365463257
1051_class-865,0.970297634601593,0.9696091413497925,0.9231089949607849,0.9701634645462036,0.8879716396331787,0.9371329545974731
1052_class-865,0.8855443000793457,0.8852621912956238,0.8875970840454102,0.8868021965026855,0.8865083456039429,0.9060975313186646
1053_class-865,0.8465808033943176,0.9709597826004028,0.9745811223983765,0.9499559998512268,0.8771865367889404,0.8417223691940308
1054_class-865,0.9613348245620728,0.9633370637893677,0.9620351791381836,0.9628961682319641,0.9627823829650879,0.9610731601715088
1055_class-865,0.907357394695282,0.9071950316429138,0.9068191051483154,0.9015999436378479,0.9089924097061157,0.9012424945831299
1056_class-865,0.9046428799629211,0.8809131383895874,0.9069847464561462,0.907328724861145,0.9013361930847168,0.8813098669052124
1057_class-865,0.9679015874862671,0.967089056968689,0.9681837558746338,0.9683924913406372,0.9678996205329895,0.9684019088745117
1058_class-865,0.8125855326652527,0.9244232177734375,0.375011682510376,0.8227130770683289,0.9168077111244202,0.8815256357192993
1059_class-865,0.902752161026001,0.9026671648025513,0.9025987982749939,0.9022439122200012,0.9026100039482117,0.9021663665771484
1060_class-866,0.9337934255599976,0.6379367113113403,0.6374261379241943,0.9776025414466858,0.6374655365943909,0.9758118987083435
1061_class-866,0.7263801097869873,0.989359974861145,0.9893509149551392,0.726112425327301,0.9893602132797241,0.989386796951294
1062_class-866,0.9737909436225891,0.9731879234313965,0.9735364317893982,0.9734948873519897,0.9731222987174988,0.9732638597488403
1063_class-866,0.6791058778762817,0.9873764514923096,0.9872730374336243,0.6816314458847046,0.9870734810829163,0.9873616695404053
1064_class-866,0.9567444324493408,0.5576022863388062,0.9592981338500977,0.9589834213256836,0.7129768133163452,0.9592854380607605
1065_class-866,0.6643637418746948,0.9663301706314087,0.9118180274963379,0.6645175218582153,0.664570689201355,0.9655439257621765
1066_class-866,0.9856356978416443,0.7831063270568848,0.843155026435852,0.607988715171814,0.9856730699539185,0.6079624891281128
1067_class-866,0.9897572994232178,0.9896660447120667,0.9898903369903564,0.990587592124939,0.989707350730896,0.9896661043167114
1068_class-866,0.9909780025482178,0.9896742701530457,0.9896159768104553,0.9895008206367493,0.9895589351654053,0.9897154569625854
1069_class-866,0.9847427010536194,0.6400108933448792,0.639076828956604,0.9844058752059937,0.64139723777771,0.6847996711730957
1070_class-867,0.9528781175613403,0.9533155560493469,0.9531261920928955,0.9529811143875122,0.9532010555267334,0.9532607793807983
1071_class-867,0.9794918894767761,0.9794631004333496,0.9793498516082764,0.9793872833251953,0.758080244064331,0.979390025138855
1072_class-867,0.9690800905227661,0.9691153764724731,0.9686670899391174,0.9690865874290466,0.9696598052978516,0.9690530300140381
1073_class-867,0.1593497097492218,0.6411188840866089,0.9626786708831787,0.9623079895973206,0.21181133389472961,0.6406102180480957
1074_class-867,0.6527164578437805,0.7034803032875061,0.46877437829971313,0.633664608001709,0.48504507541656494,0.4925558865070343
1075_class-867,0.935214638710022,0.9353490471839905,0.9290589094161987,0.9351954460144043,0.9348981380462646,0.935155987739563
1076_class-867,0.6768430471420288,0.9542727470397949,0.6758807897567749,0.9543678164482117,0.8342990875244141,0.9542287588119507
1077_class-867,0.44251424074172974,0.5739986300468445,0.6477202773094177,0.9432445764541626,0.9567902088165283,0.6765893697738647
1078_class-867,0.9810600280761719,0.9809677600860596,0.980742335319519,0.9811073541641235,0.9810687303543091,0.9811065196990967
1079_class-867,0.8081024885177612,0.7612495422363281,0.8393139243125916,0.6333702802658081,0.5387780070304871,0.7606782913208008
1080_class-868,0.8304831981658936,0.8902153372764587,0.9153550863265991,0.8911947011947632,0.9147000312805176,0.9111016988754272
1081_class-868,0.8857866525650024,0.8812186121940613,0.8862554430961609,0.8864473104476929,0.8806262612342834,0.8813711404800415
1082_class-868,0.9451528191566467,0.9463436603546143,0.9449959993362427,0.9444833993911743,0.9447849988937378,0.9459410905838013
1083_class-868,0.6651906967163086,0.8572185039520264,0.8568502068519592,0.6511790156364441,0.6637071371078491,0.6655567288398743
1084_class-868,0.9543685913085938,0.9543553590774536,0.9542808532714844,0.954278290271759,0.9530185461044312,0.9543976783752441
1085_class-868,0.747384786605835,0.9501668214797974,0.747901439666748,0.9367040991783142,0.9382253885269165,0.7480025291442871
1086_class-868,0.9641338586807251,0.962614893913269,0.9629073143005371,0.9627478122711182,0.9616830348968506,0.9630356431007385
1087_class-868,0.9623561501502991,0.9623015522956848,0.961998701095581,0.9623359441757202,0.9622761607170105,0.9624606966972351
1088_class-868,0.9123704433441162,0.9121770858764648,0.914042055606842,0.911907970905304,0.911913275718689,0.9114102125167847
1089_class-868,0.9510745406150818,0.951280951499939,0.949966549873352,0.9505974054336548,0.9496719241142273,0.950593113899231
1090_class-869,0.8668198585510254,0.8673951029777527,0.8735972046852112,0.8729721307754517,0.8724173307418823,0.8663127422332764
1091_class-869,0.9737979173660278,0.9737200140953064,0.974172830581665,0.9777814149856567,0.9775539636611938,0.9739930033683777
1092_class-869,0.9419683218002319,0.937688410282135,0.938981294631958,0.937608540058136,0.937544584274292,0.9381371736526489
1093_class-869,0.8877009153366089,0.8878655433654785,0.8879324793815613,0.8867154121398926,0.8864696025848389,0.8878074884414673
1094_class-869,0.9263767004013062,0.9231507182121277,0.9275095462799072,0.9286227226257324,0.9289129972457886,0.9280872344970703
1095_class-869,0.8915748596191406,0.8916912078857422,0.8914604187011719,0.8911163210868835,0.8913091421127319,0.891328752040863
1096_class-869,0.9686182737350464,0.9687576293945312,0.9687800407409668,0.968582272529602,0.9682638049125671,0.968950629234314
1097_class-869,0.9558137655258179,0.9556138515472412,0.9555344581604004,0.9555245637893677,0.9556179642677307,0.9557040333747864
1098_class-869,0.9520676732063293,0.9678247570991516,0.951515793800354,0.9673027992248535,0.9677525758743286,0.9527190923690796
1099_class-869,0.9519525170326233,0.9515314102172852,0.9515241384506226,0.9509633779525757,0.9503876566886902,0.9516745209693909
1100_class-870,0.9834151268005371,0.98360276222229,0.9834448099136353,0.9834674596786499,0.9834824800491333,0.9834673404693604
1101_class-870,0.981042742729187,0.9810428619384766,0.9809754490852356,0.9809828400611877,0.9810130596160889,0.9810352325439453
1102_class-870,0.9749454259872437,0.9749010801315308,0.9749009609222412,0.9750187397003174,0.9749971032142639,0.9750779867172241
1103_class-870,0.9848510026931763,0.9849278926849365,0.9840997457504272,0.9838516712188721,0.9847822189331055,0.9841213226318359
1104_class-870,0.9856326580047607,0.9856030344963074,0.9857113361358643,0.9857798218727112,0.9857407808303833,0.9859474897384644
1105_class-870,0.987227201461792,0.9877969026565552,0.9874340295791626,0.9877451062202454,0.9876770377159119,0.9887050986289978
1106_class-870,0.9869790077209473,0.6128920316696167,0.6133683919906616,0.6134124994277954,0.7850995659828186,0.6134082078933716
1107_class-870,0.966489851474762,0.9660773277282715,0.9665634036064148,0.9665259122848511,0.9665073156356812,0.9664909839630127
1108_class-870,0.9858657121658325,0.985699474811554,0.9860570430755615,0.9858659505844116,0.43941402435302734,0.436257541179657
1109_class-870,0.9904131889343262,0.9903836250305176,0.9894181489944458,0.990341305732727,0.9903917908668518,0.9890785813331604
1110_class-871,0.9897503852844238,0.9895987510681152,0.9897501468658447,0.9896241426467896,0.99082350730896,0.9908312559127808
1111_class-871,0.2543948292732239,0.9725433588027954,0.9726815223693848,0.9725997447967529,0.9726008772850037,0.25404974818229675
1112_class-871,0.9706828594207764,0.970524251461029,0.9705272912979126,0.9708102345466614,0.8326788544654846,0.9705470204353333
1113_class-871,0.985848069190979,0.9790122509002686,0.9866024255752563,0.9866490960121155,0.8574329614639282,0.9859022498130798
1114_class-871,0.8017305135726929,0.9888486862182617,0.40067973732948303,0.39147496223449707,0.38945212960243225,0.9888150691986084
1115_class-871,0.9887710213661194,0.9886399507522583,0.9887428879737854,0.9887332916259766,0.9888543486595154,0.9886580109596252
1116_class-871,0.3094576299190521,0.3923912048339844,0.31104663014411926,0.44215622544288635,0.29965710639953613,0.29010429978370667
1117_class-871,0.990600049495697,0.9890810251235962,0.9898647665977478,0.9905338287353516,0.9905318021774292,0.9904762506484985
1118_class-871,0.9730126857757568,0.9725884199142456,0.9730422496795654,0.9729207754135132,0.9730727076530457,0.9730232954025269
1119_class-871,0.9764800071716309,0.9760892987251282,0.9757763147354126,0.40659281611442566,0.9761690497398376,0.9759265184402466
1120_class-872,0.9579742550849915,0.9593352675437927,0.9581601619720459,0.9578427672386169,0.9578924775123596,0.9582799673080444
1121_class-872,0.9585497975349426,0.958126425743103,0.9587160348892212,0.958250880241394,0.953605055809021,0.9583309888839722
1122_class-872,0.9444584250450134,0.9446531534194946,0.9450480937957764,0.9447301626205444,0.9447978734970093,0.9449915885925293
1123_class-872,0.9791998267173767,0.980841875076294,0.9791600704193115,0.9786179065704346,0.9791131615638733,0.9808663129806519
1124_class-872,0.958464503288269,0.9578778743743896,0.9578171968460083,0.9589225053787231,0.9583413600921631,0.9588272571563721
1125_class-872,0.9375427961349487,0.9375970363616943,0.9382649064064026,0.9375885725021362,0.9381392598152161,0.9377549886703491
1126_class-872,0.9637389183044434,0.9634414911270142,0.963607907295227,0.9635297656059265,0.9639908075332642,0.963797926902771
1127_class-872,0.9813146591186523,0.9813051223754883,0.9813040494918823,0.9812535047531128,0.9813871383666992,0.9813536405563354
1128_class-872,0.9746673107147217,0.9747958183288574,0.9748550057411194,0.9748047590255737,0.9747755527496338,0.9748638868331909
1129_class-872,0.9513391256332397,0.8778971433639526,0.9510308504104614,0.951308012008667,0.9510706663131714,0.9548937082290649
1130_class-873,0.8655697107315063,0.8597185611724854,0.8644064664840698,0.8751160502433777,0.8577927350997925,0.8578468561172485
1131_class-873,0.9664770364761353,0.9659432172775269,0.9707520008087158,0.9678207039833069,0.9713239669799805,0.971529483795166
1132_class-873,0.9762755632400513,0.9763104915618896,0.9762908220291138,0.9762578010559082,0.9761029481887817,0.9763118028640747
1133_class-873,0.967342734336853,0.96782386302948,0.967552900314331,0.967312216758728,0.9678401947021484,0.9674173593521118
1134_class-873,0.933353066444397,0.9336572885513306,0.9601362347602844,0.9336517453193665,0.9333723187446594,0.9336521625518799
1135_class-873,0.9396108388900757,0.9387077689170837,0.9397668838500977,0.3463410437107086,0.9395552277565002,0.9393490552902222
1136_class-873,0.9758867025375366,0.9756290912628174,0.97564297914505,0.975663423538208,0.9757746458053589,0.9728301763534546
1137_class-873,0.9852622747421265,0.9853315353393555,0.984947681427002,0.9852260947227478,0.985129714012146,0.9851083755493164
1138_class-873,0.9807596206665039,0.9805214405059814,0.9801234602928162,0.9801359176635742,0.9803527593612671,0.9827648997306824
1139_class-873,0.9661085605621338,0.9600229263305664,0.9624430537223816,0.9660477638244629,0.9658752679824829,0.9659174084663391
1140_class-874,0.7168503999710083,0.9029558897018433,0.927899956703186,0.7133356928825378,0.7164914608001709,0.7143106460571289
1141_class-874,0.8875782489776611,0.8851581811904907,0.7438546419143677,0.7467629909515381,0.24116161465644836,0.8869589567184448
1142_class-874,0.7752430438995361,0.7596980333328247,0.7667021751403809,0.94221031665802,0.7767868638038635,0.9406623840332031
1143_class-874,0.9428260326385498,0.7778480648994446,0.9486032724380493,0.8432632684707642,0.7719517350196838,0.7747499942779541
1144_class-874,0.7421658039093018,0.742316722869873,0.7423633337020874,0.7427349090576172,0.7411097288131714,0.7410392761230469
1145_class-874,0.9342470169067383,0.9315134286880493,0.9318662881851196,0.9322503805160522,0.9318879246711731,0.931648313999176
1146_class-874,0.9559478759765625,0.9565645456314087,0.9562505483627319,0.9563624858856201,0.9567202925682068,0.6730946898460388
1147_class-874,0.9134252667427063,0.9099932909011841,0.8282056450843811,0.9088788628578186,0.9090402722358704,0.9120837450027466
1148_class-874,0.8119717836380005,0.8183650970458984,0.8152927160263062,0.8120076656341553,0.8132576942443848,0.8130141496658325
1149_class-874,0.7959662675857544,0.7957813143730164,0.7966275811195374,0.6595731973648071,0.8605445027351379,0.7957675457000732
1150_class-875,0.9697669744491577,0.9697108268737793,0.9698039293289185,0.9698051810264587,0.970013439655304,0.9702105522155762
1151_class-875,0.6527820825576782,0.6815199851989746,0.7440139651298523,0.9501057863235474,0.6737068891525269,0.5294933915138245
1152_class-875,0.824173092842102,0.5762731432914734,0.5753731727600098,0.5754657983779907,0.5754706859588623,0.5755118131637573
1153_class-875,0.9444214105606079,0.9440913200378418,0.9302915930747986,0.9443490505218506,0.9444855451583862,0.9450876712799072
1154_class-875,0.9563068151473999,0.9561974406242371,0.9568518400192261,0.9560455083847046,0.9562850594520569,0.956372857093811
1155_class-875,0.8451569080352783,0.9472807049751282,0.9466128945350647,0.8444837331771851,0.9448440074920654,0.9479455351829529
1156_class-875,0.8865195512771606,0.8831495046615601,0.8766753673553467,0.9028968214988708,0.8838648796081543,0.8773325085639954
1157_class-875,0.8932806253433228,0.8934986591339111,0.8936121463775635,0.892777681350708,0.8923999071121216,0.8927186727523804
1158_class-875,0.9603618383407593,0.022581327706575394,0.398456335067749,0.9574369192123413,0.016180280596017838,0.3829648494720459
1159_class-875,0.7977440357208252,0.7981545925140381,0.797877311706543,0.5129380822181702,0.5094401240348816,0.5273801684379578
1160_class-876,0.5101593732833862,0.6512812972068787,0.6565223932266235,0.45029890537261963,0.4309025704860687,0.6619772911071777
1161_class-876,0.8840570449829102,0.8771501779556274,0.8844344615936279,0.8843344449996948,0.9650580883026123,0.8796592950820923
1162_class-876,0.970396876335144,0.9691429138183594,0.9702031016349792,0.9706102609634399,0.9707262516021729,0.97059166431427
1163_class-876,0.042125921696424484,0.042865775525569916,0.05069969967007637,0.042375367134809494,0.8775414824485779,0.8756471872329712
1164_class-876,0.945860743522644,0.9467117190361023,0.9457782506942749,0.9459985494613647,0.9441962242126465,0.9443444013595581
1165_class-876,0.6890840530395508,0.9696445465087891,0.6891000270843506,0.9694087505340576,0.9699618816375732,0.9696902632713318
1166_class-876,0.9414184093475342,0.9391717910766602,0.9401969909667969,0.939035177230835,0.030103489756584167,0.9397242069244385
1167_class-876,0.963159441947937,0.030934741720557213,0.9705237150192261,0.03166209161281586,0.031237468123435974,0.9647347927093506
1168_class-876,0.6791183948516846,0.9509556293487549,0.9504570960998535,0.9507762789726257,0.6791485548019409,0.9507217407226562
1169_class-876,0.7171284556388855,0.8299447298049927,0.9518976211547852,0.8491976261138916,0.7597570419311523,0.8989571332931519
1170_class-877,0.9093723297119141,0.9090193510055542,0.9096825122833252,0.9092627167701721,0.9084912538528442,0.9116432666778564
1171_class-877,0.3662501573562622,0.8909135460853577,0.3676658570766449,0.3663693964481354,0.3663848340511322,0.36618122458457947
1172_class-877,0.8535985350608826,0.7752930521965027,0.8558547496795654,0.8556030988693237,0.7724792957305908,0.8582837581634521
1173_class-877,0.9465505480766296,0.9474272131919861,0.9463887214660645,0.9467913508415222,0.9467272758483887,0.9467809796333313
1174_class-877,0.9165393710136414,0.9161500334739685,0.9165501594543457,0.804679274559021,0.8077807426452637,0.8038368821144104
1175_class-877,0.973162829875946,0.9729068279266357,0.9731366634368896,0.9731870889663696,0.9730557203292847,0.9730910062789917
1176_class-877,0.9397729635238647,0.9392784237861633,0.9403694868087769,0.3915148973464966,0.9390249252319336,0.39142078161239624
1177_class-877,0.9610171914100647,0.9604967832565308,0.9604018926620483,0.9611012935638428,0.9640536308288574,0.9605989456176758
1178_class-877,0.9726407527923584,0.9724407196044922,0.9724778532981873,0.9727771282196045,0.9726189374923706,0.9723141193389893
1179_class-877,0.8298649787902832,0.7858646512031555,0.8260091543197632,0.7073402404785156,0.8771796226501465,0.8175680637359619
1180_class-878,0.9737423658370972,0.9731254577636719,0.9737567901611328,0.9731826782226562,0.9731232523918152,0.9731671810150146
1181_class-878,0.979344367980957,0.9827375411987305,0.9473611116409302,0.9827578067779541,0.9795718193054199,0.9476408958435059
1182_class-878,0.9580026268959045,0.9578925371170044,0.9577174186706543,0.958048939704895,0.9579713344573975,0.9576210975646973
1183_class-878,0.025709765031933784,0.02610691450536251,0.9297757148742676,0.9288772940635681,0.928817868232727,0.47462770342826843
1184_class-878,0.04071977734565735,0.9720947742462158,0.9722670316696167,0.9705199003219604,0.9716020822525024,0.976334810256958
1185_class-878,0.9224638342857361,0.9222081899642944,0.9221934676170349,0.931714653968811,0.9221915006637573,0.9222779870033264
1186_class-878,0.9651303291320801,0.9800305366516113,0.97995924949646,0.966289222240448,0.980027437210083,0.9802579879760742
1187_class-878,0.9521123170852661,0.9465577602386475,0.9455084204673767,0.942253053188324,0.9452247619628906,0.9600851535797119
1188_class-878,0.6573289632797241,0.8969188928604126,0.8388291597366333,0.9621875286102295,0.9105696082115173,0.9539116621017456
1189_class-878,0.9312610626220703,0.9610598087310791,0.9602811336517334,0.7346117496490479,0.6934157609939575,0.8595569729804993
1190_class-879,0.4824293255805969,0.6752254366874695,0.6752578616142273,0.6752263307571411,0.6750806570053101,0.6752451658248901
1191_class-879,0.7518810629844666,0.9535249471664429,0.9532755613327026,0.9497826099395752,0.9504384994506836,0.9496947526931763
1192_class-879,0.7705935835838318,0.7473224401473999,0.765822172164917,0.7614147067070007,0.7451471090316772,0.7612646222114563
1193_class-879,0.4906672239303589,0.4906562566757202,0.6934434175491333,0.4904513955116272,0.5876632928848267,0.4906940460205078
1194_class-879,0.9911960363388062,0.9912216067314148,0.9926120042800903,0.9912813901901245,0.992783784866333,0.9910942316055298
1195_class-879,0.5688352584838867,0.5702797770500183,0.5690329074859619,0.5654430389404297,0.5690973401069641,0.5692031383514404
1196_class-879,0.8407838940620422,0.9059207439422607,0.908456027507782,0.9085676670074463,0.9082749485969543,0.9079331159591675
1197_class-879,0.9881756901741028,0.9883164763450623,0.9885039329528809,0.9885350465774536,0.9881917834281921,0.985686182975769
1198_class-879,0.5765581727027893,0.7602365612983704,0.5762017965316772,0.5765626430511475,0.7602365612983704,0.5762982964515686
1199_class-879,0.9740667343139648,0.9736408591270447,0.9738191962242126,0.9738306999206543,0.9739290475845337,0.9738785028457642
1200_class-880,0.9553037285804749,0.955411434173584,0.9554483890533447,0.955460786819458,0.9554337859153748,0.9554331302642822
1201_class-880,0.982927680015564,0.9839410781860352,0.9830242395401001,0.9835108518600464,0.9745427370071411,0.9835774898529053
1202_class-880,0.9404325485229492,0.9405028223991394,0.9403975009918213,0.9404677152633667,0.9404537677764893,0.9404677152633667
1203_class-880,0.9328644275665283,0.9330883026123047,0.932525634765625,0.9328714609146118,0.9325671195983887,0.933014988899231
1204_class-880,0.981724739074707,0.9817394018173218,0.9817469716072083,0.9817320704460144,0.9817394018173218,0.9817613959312439
1205_class-880,0.2530477046966553,0.058430157601833344,0.06244668364524841,0.05947297811508179,0.11258319765329361,0.10822736471891403
1206_class-880,0.989578127861023,0.9896030426025391,0.9896401762962341,0.9895905256271362,0.9896523952484131,0.9896398186683655
1207_class-880,0.9793474674224854,0.9792641401290894,0.9793803691864014,0.9793800115585327,0.979305624961853,0.9794064164161682
1208_class-880,0.9384714961051941,0.9385323524475098,0.9385297894477844,0.938453197479248,0.938502848148346,0.9384942054748535
1209_class-880,0.965945839881897,0.9658163189888,0.9660035371780396,0.9661186933517456,0.9554492831230164,0.9624459743499756
1210_class-881,0.9460849761962891,0.9469150304794312,0.9289443492889404,0.9461976289749146,0.9460272192955017,0.9470347166061401
1211_class-881,0.3515470623970032,0.3516954183578491,0.2869367003440857,0.28662362694740295,0.33926913142204285,0.2867112159729004
1212_class-881,0.9682704210281372,0.9683144688606262,0.9649807214736938,0.9682585597038269,0.9650073051452637,0.9685600996017456
1213_class-881,0.4409363567829132,0.4363396167755127,0.4363897740840912,0.9381147027015686,0.44134965538978577,0.44176194071769714
1214_class-881,0.9462572336196899,0.946036696434021,0.1008596122264862,0.9499161243438721,0.10071433335542679,0.10158844292163849
1215_class-881,0.8653218150138855,0.8618179559707642,0.7359443306922913,0.8605088591575623,0.7569509744644165,0.8676291704177856
1216_class-881,0.5554856061935425,0.5619637966156006,0.946831226348877,0.5610408782958984,0.9488891363143921,0.5608927011489868
1217_class-881,0.9742379188537598,0.9737012386322021,0.97089684009552,0.9707297086715698,0.9742927551269531,0.9745562076568604
1218_class-881,0.9704835414886475,0.97077476978302,0.9707045555114746,0.9704962968826294,0.9703861474990845,0.9705346822738647
1219_class-881,0.926587700843811,0.9393320083618164,0.7931368350982666,0.9366814494132996,0.9244887828826904,0.9466098546981812
1220_class-882,0.9653847217559814,0.9658059477806091,0.9657987952232361,0.9654536247253418,0.9656704664230347,0.6577417850494385
1221_class-882,0.9605126976966858,0.9602921009063721,0.957473874092102,0.679879903793335,0.9601552486419678,0.9573774337768555
1222_class-882,0.6184713840484619,0.6186395883560181,0.6185817718505859,0.9708346724510193,0.6187407970428467,0.6187005639076233
1223_class-882,0.9697254300117493,0.9697346687316895,0.9697489142417908,0.9698241949081421,0.9697797298431396,0.9697123765945435
1224_class-882,0.967559814453125,0.9675779342651367,0.967631459236145,0.9675661325454712,0.9676282405853271,0.9674609899520874
1225_class-882,0.988251805305481,0.9883314371109009,0.988311767578125,0.9882621765136719,0.9883214235305786,0.9883613586425781
1226_class-882,0.8273836374282837,0.8273980021476746,0.8273028135299683,0.9783036708831787,0.82746422290802,0.8273410201072693
1227_class-882,0.941017746925354,0.9417675137519836,0.9409003257751465,0.9416411519050598,0.9415143728256226,0.9414702653884888
1228_class-882,0.9769948720932007,0.9771320819854736,0.9771841764450073,0.9772130250930786,0.97712242603302,0.9770299196243286
1229_class-882,0.9740608930587769,0.9741947650909424,0.9740981459617615,0.9743289947509766,0.9742466807365417,0.9741499423980713
1230_class-883,0.981071949005127,0.9809867143630981,0.9812293648719788,0.9809713959693909,0.9810581207275391,0.9815014600753784
1231_class-883,0.9881232380867004,0.9880453944206238,0.9881076812744141,0.98819899559021,0.9882303476333618,0.9880921840667725
1232_class-883,0.9856994152069092,0.985710859298706,0.985710859298706,0.9856901168823242,0.9857109785079956,0.9856998920440674
1233_class-883,0.9797077178955078,0.9798136353492737,0.9796011447906494,0.6885170340538025,0.9796727895736694,0.9796851873397827
1234_class-883,0.7446046471595764,0.9808279871940613,0.7313746213912964,0.9808075428009033,0.980894923210144,0.9807842969894409
1235_class-883,0.9847950339317322,0.9847317337989807,0.9846585988998413,0.9847359657287598,0.854435920715332,0.9847466945648193
1236_class-883,0.8597350716590881,0.6598998308181763,0.9511436223983765,0.6327678561210632,0.46726754307746887,0.6326321959495544
1237_class-883,0.9879496097564697,0.9880063533782959,0.9448611736297607,0.9528040885925293,0.9880250096321106,0.9877275824546814
1238_class-883,0.9698855876922607,0.9698666334152222,0.9696998596191406,0.9699281454086304,0.9697349667549133,0.9697450399398804
1239_class-883,0.93479323387146,0.9814594388008118,0.9317875504493713,0.9316447973251343,0.9669682383537292,0.9670941829681396
1240_class-884,0.9358503222465515,0.9358331561088562,0.9360218644142151,0.9363071918487549,0.9363895654678345,0.9362457990646362
1241_class-884,0.9510482549667358,0.9510900378227234,0.9315986633300781,0.9507946968078613,0.9507925510406494,0.9509953260421753
1242_class-884,0.9381073117256165,0.9384486675262451,0.9382414817810059,0.8381717205047607,0.9378519058227539,0.9369386434555054
1243_class-884,0.9498388171195984,0.9497731924057007,0.9503836631774902,0.9497888088226318,0.9504738450050354,0.9497160911560059
1244_class-884,0.5738856196403503,0.9218863844871521,0.9218707084655762,0.5731993913650513,0.5734513401985168,0.9223450422286987
1245_class-884,0.9490337371826172,0.948773980140686,0.9491559267044067,0.9488223195075989,0.9506622552871704,0.950150728225708
1246_class-884,0.9637080430984497,0.9664208889007568,0.9637199640274048,0.963857889175415,0.9638994932174683,0.9637593030929565
1247_class-884,0.8663420677185059,0.8668768405914307,0.8667466640472412,0.8684420585632324,0.871867299079895,0.8655835390090942
1248_class-884,0.8597570657730103,0.9477161169052124,0.9468199014663696,0.9479952454566956,0.9469391703605652,0.8570556044578552
1249_class-884,0.9466654658317566,0.9463066458702087,0.9466516375541687,0.9458933472633362,0.9465062022209167,0.9466456174850464
1250_class-885,0.9516503810882568,0.9535707235336304,0.9550851583480835,0.9526391625404358,0.9525279998779297,0.9533588886260986
1251_class-885,0.9775741100311279,0.9779373407363892,0.977566123008728,0.9778095483779907,0.9777533411979675,0.9778645038604736
1252_class-885,0.033616598695516586,0.955413818359375,0.9547434449195862,0.9547164440155029,0.9548873901367188,0.9550313949584961
1253_class-885,0.9369409084320068,0.7113031148910522,0.7109450697898865,0.9370458126068115,0.9435722827911377,0.9370840787887573
1254_class-885,0.7933231592178345,0.9488978981971741,0.9485987424850464,0.9488208293914795,0.9486595392227173,0.6754404902458191
1255_class-885,0.9507191181182861,0.9512807726860046,0.9515258073806763,0.9504750967025757,0.9236091375350952,0.9333305358886719
1256_class-885,0.8538516163825989,0.8522588014602661,0.6310396194458008,0.7258729338645935,0.6760443449020386,0.8547518253326416
1257_class-885,0.714962899684906,0.960706889629364,0.9595402479171753,0.9607676267623901,0.03569209575653076,0.9594646692276001
1258_class-885,0.9383577704429626,0.8140095472335815,0.9430156946182251,0.9326444864273071,0.9410779476165771,0.03061520680785179
1259_class-885,0.9470703601837158,0.9453263282775879,0.9470996856689453,0.9458861351013184,0.9469286203384399,0.8884698152542114
1260_class-886,0.8781242370605469,0.8789740800857544,0.9541094303131104,0.9538595676422119,0.9537864327430725,0.9541699290275574
1261_class-886,0.5522499084472656,0.9666953682899475,0.9636346101760864,0.5717079639434814,0.9635993838310242,0.5732387900352478
1262_class-886,0.04308720678091049,0.04332345724105835,0.9394487142562866,0.04316364973783493,0.04310222342610359,0.9424216151237488
1263_class-886,0.9569662809371948,0.9580771923065186,0.9568904638290405,0.9573614597320557,0.9571558237075806,0.8322198987007141
1264_class-886,0.9698600769042969,0.96856689453125,0.9683438539505005,0.9703991413116455,0.9686717987060547,0.9703480005264282
1265_class-886,0.936110258102417,0.9381135702133179,0.9422219395637512,0.9423812031745911,0.9357845783233643,0.9378403425216675
1266_class-886,0.949263334274292,0.9492202401161194,0.9497393369674683,0.9496315717697144,0.949590802192688,0.9492183327674866
1267_class-886,0.964368999004364,0.7506335377693176,0.741369366645813,0.9642777442932129,0.964195966720581,0.9648141264915466
1268_class-886,0.9532182216644287,0.952873706817627,0.9529201984405518,0.9530112743377686,0.9529715776443481,0.9527646899223328
1269_class-886,0.9365670084953308,0.9385473728179932,0.9385952353477478,0.9386072158813477,0.9386109113693237,0.9372909665107727
1270_class-887,0.9858307838439941,0.9856808185577393,0.9857330322265625,0.9857995510101318,0.9857543706893921,0.985755443572998
1271_class-887,0.970222532749176,0.9701367616653442,0.9701113700866699,0.9698961973190308,0.9700906872749329,0.96988844871521
1272_class-887,0.5969028472900391,0.5875383615493774,0.5863690376281738,0.5836247205734253,0.5860711932182312,0.5876062512397766
1273_class-887,0.9810699224472046,0.9816479086875916,0.9814169406890869,0.8447748422622681,0.9816238284111023,0.6468677520751953
1274_class-887,0.9752825498580933,0.9751225113868713,0.975100040435791,0.9751013517379761,0.9752046465873718,0.9752460718154907
1275_class-887,0.9785857200622559,0.9782931208610535,0.9790767431259155,0.9791544675827026,0.7755937576293945,0.7758872509002686
1276_class-887,0.9848780632019043,0.9847298860549927,0.9852557182312012,0.985015332698822,0.9846431016921997,0.9849919080734253
1277_class-887,0.602141797542572,0.603908121585846,0.830897331237793,0.8061890602111816,0.7954481840133667,0.5753837823867798
1278_class-887,0.9871937036514282,0.9872267246246338,0.9871281385421753,0.9871398210525513,0.9872047901153564,0.9872145652770996
1279_class-887,0.9813547134399414,0.9814891815185547,0.9812129139900208,0.9819191694259644,0.981798529624939,0.9814519882202148
1280_class-888,0.6228344440460205,0.6228237748146057,0.9533107876777649,0.6228760480880737,0.6226815581321716,0.953291654586792
1281_class-888,0.7309525012969971,0.9554134607315063,0.9606468677520752,0.9591224789619446,0.960652232170105,0.9602692127227783
1282_class-888,0.8014371395111084,0.8014755249023438,0.8019571304321289,0.05908958613872528,0.960772693157196,0.8020161986351013
1283_class-888,0.9434221982955933,0.9434356689453125,0.6981064081192017,0.9433061480522156,0.948095440864563,0.9483000040054321
1284_class-888,0.959607720375061,0.9631314873695374,0.963187038898468,0.9606268405914307,0.9635432958602905,0.9606740474700928
1285_class-888,0.9457525014877319,0.9372867345809937,0.9470146894454956,0.9355361461639404,0.9298325777053833,0.9328377842903137
1286_class-888,0.9677354097366333,0.9657979011535645,0.0929877758026123,0.9656382203102112,0.9656800031661987,0.9699177742004395
1287_class-888,0.9629197120666504,0.9629813432693481,0.9629055261611938,0.6386178731918335,0.9635863304138184,0.9629184603691101
1288_class-888,0.6156057715415955,0.8823591470718384,0.9506415128707886,0.9731272459030151,0.937470555305481,0.9730600118637085
1289_class-888,0.9781752824783325,0.9780706167221069,0.9782513380050659,0.9785444736480713,0.978236734867096,0.9786487221717834
1290_class-889,0.9709501266479492,0.970964789390564,0.9710845947265625,0.9711141586303711,0.9710471034049988,0.9709945321083069
1291_class-889,0.8389979600906372,0.8392096757888794,0.8391885757446289,0.8389993906021118,0.8413021564483643,0.8389272093772888
1292_class-889,0.8234944343566895,0.8237339854240417,0.9693238735198975,0.8236017227172852,0.8234992027282715,0.8235815763473511
1293_class-889,0.9442780017852783,0.9443314075469971,0.9442526698112488,0.6442903280258179,0.6446044445037842,0.6446020007133484
1294_class-889,0.9793167114257812,0.9793641567230225,0.9792840480804443,0.9793668985366821,0.979341983795166,0.9793316125869751
1295_class-889,0.9795079231262207,0.9794704914093018,0.9794797897338867,0.9794715642929077,0.9794432520866394,0.9794809222221375
1296_class-889,0.9911078214645386,0.9912605285644531,0.9911799430847168,0.9912043809890747,0.9911561012268066,0.9910754561424255
1297_class-889,0.8634017705917358,0.8634982109069824,0.8634087443351746,0.8633694648742676,0.8631694316864014,0.8632071018218994
1298_class-889,0.9869877099990845,0.9869060516357422,0.9868446588516235,0.9868847131729126,0.9869356155395508,0.9868561029434204
1299_class-889,0.8596351146697998,0.8637813925743103,0.8641173839569092,0.5126999616622925,0.8151969909667969,0.8639246821403503
1300_class-890,0.7671140432357788,0.8903819918632507,0.7721696496009827,0.7671388387680054,0.7671953439712524,0.767255961894989
1301_class-890,0.9577925205230713,0.8997496366500854,0.8945420980453491,0.9594378471374512,0.8933475017547607,0.895041286945343
1302_class-890,0.9411976337432861,0.9419245719909668,0.9404414892196655,0.941628098487854,0.9413328170776367,0.9441553354263306
1303_class-890,0.9407869577407837,0.9404640197753906,0.9393656849861145,0.9411395788192749,0.9406557083129883,0.8762487173080444
1304_class-890,0.9046136140823364,0.8999876976013184,0.8829807639122009,0.9298668503761292,0.8985722661018372,0.9301853179931641
1305_class-890,0.9518518447875977,0.7752087116241455,0.8144920468330383,0.8432846069335938,0.9527972936630249,0.8154687285423279
1306_class-890,0.9078751802444458,0.9331278800964355,0.9069857597351074,0.9265401363372803,0.9071685075759888,0.9062671661376953
1307_class-890,0.857430100440979,0.8489484786987305,0.858595073223114,0.8509234189987183,0.8605209589004517,0.8536638617515564
1308_class-890,0.2915215492248535,0.2849057912826538,0.2667678892612457,0.7322174310684204,0.29843419790267944,0.4580463171005249
1309_class-890,0.9231792688369751,0.9256508350372314,0.9252285957336426,0.9251580834388733,0.9493290781974792,0.9118518829345703
1310_class-891,0.831818699836731,0.5573531985282898,0.8344318866729736,0.818870484828949,0.818809986114502,0.8415117263793945
1311_class-891,0.8341202735900879,0.8340630531311035,0.8340630531311035,0.8340989351272583,0.8341628909111023,0.834136426448822
1312_class-891,0.9360255599021912,0.9357465505599976,0.9370418787002563,0.9358588457107544,0.9359167814254761,0.9372503161430359
1313_class-891,0.8274585008621216,0.8291998505592346,0.8270931839942932,0.6616321206092834,0.8274954557418823,0.6671463251113892
1314_class-891,0.5895807147026062,0.5891644954681396,0.4513292610645294,0.45337650179862976,0.5900382399559021,0.5898106098175049
1315_class-891,0.8026083111763,0.764732837677002,0.7660218477249146,0.7661479115486145,0.6994394063949585,0.7640161514282227
1316_class-891,0.3180341422557831,0.12477925419807434,0.3185626268386841,0.6191210150718689,0.6178520917892456,0.6176357269287109
1317_class-891,0.9360376000404358,0.9340748190879822,0.9353034496307373,0.9360482692718506,0.9364938735961914,0.9360746741294861
1318_class-891,0.9434045553207397,0.9554123878479004,0.9571926593780518,0.9513928890228271,0.9538897275924683,0.9508680105209351
1319_class-891,0.9645005464553833,0.9482438564300537,0.9464197158813477,0.945838212966919,0.944729208946228,0.9438421726226807
1320_class-892,0.8461668491363525,0.846187949180603,0.8461880683898926,0.8461445569992065,0.846124529838562,0.8461494445800781
1321_class-892,0.9781838655471802,0.9777801632881165,0.977508544921875,0.9784175157546997,0.7269086837768555,0.9787898659706116
1322_class-892,0.9217523336410522,0.9221476316452026,0.9222781658172607,0.922406792640686,0.9224503636360168,0.9220528602600098
1323_class-892,0.9610491991043091,0.9606732130050659,0.9600811004638672,0.9603445529937744,0.9608461856842041,0.9606083631515503
1324_class-892,0.9825835227966309,0.982606053352356,0.9797428250312805,0.979514479637146,0.9795955419540405,0.9798460006713867
1325_class-892,0.8273496627807617,0.8282822370529175,0.6809037327766418,0.8294479250907898,0.7032997608184814,0.6676269769668579
1326_class-892,0.968604326248169,0.9508602619171143,0.8187248110771179,0.9484323859214783,0.9543211460113525,0.7011492848396301
1327_class-892,0.5520274639129639,0.9588742256164551,0.9589090347290039,0.5526833534240723,0.9584364891052246,0.9585591554641724
1328_class-892,0.6288832426071167,0.5101805925369263,0.9723092317581177,0.6288025379180908,0.5088693499565125,0.6283237934112549
1329_class-892,0.9603061676025391,0.8228869438171387,0.8230078220367432,0.95926833152771,0.8239583969116211,0.8240918517112732
1330_class-893,0.9776031970977783,0.9774248600006104,0.9779813289642334,0.9771556854248047,0.9775848388671875,0.9774152040481567
1331_class-893,0.970486581325531,0.970830500125885,0.9702977538108826,0.9708281755447388,0.9705287218093872,0.9705236554145813
1332_class-893,0.9605961441993713,0.9600507020950317,0.9603129029273987,0.9601365327835083,0.5931738018989563,0.9600268006324768
1333_class-893,0.9645189046859741,0.9690545797348022,0.9569917321205139,0.923604428768158,0.9638610482215881,0.9508804082870483
1334_class-893,0.9590977430343628,0.9593108892440796,0.9594430923461914,0.9592409133911133,0.9587329626083374,0.9593852162361145
1335_class-893,0.9589580297470093,0.8033747673034668,0.8355519771575928,0.8039146065711975,0.9667223691940308,0.9142025709152222
1336_class-893,0.950772762298584,0.07028614729642868,0.9529484510421753,0.9514232873916626,0.8534067869186401,0.9480689764022827
1337_class-893,0.9773544073104858,0.9773544073104858,0.9773870706558228,0.9773668050765991,0.9773671627044678,0.9772886633872986
1338_class-893,0.9643770456314087,0.9623254537582397,0.9636904001235962,0.96183180809021,0.9617718458175659,0.9618375301361084
1339_class-893,0.9706822633743286,0.9706848859786987,0.9713259935379028,0.9711663722991943,0.9710519909858704,0.9708176851272583
1340_class-894,0.9041577577590942,0.9046536684036255,0.9036667943000793,0.9042859077453613,0.9043751955032349,0.903313159942627
1341_class-894,0.9685920476913452,0.9725723266601562,0.9712843894958496,0.9696179628372192,0.9706274271011353,0.9701493978500366
1342_class-894,0.9602162837982178,0.9599432945251465,0.960158109664917,0.9591548442840576,0.9600647687911987,0.6382717490196228
1343_class-894,0.9489025473594666,0.948978066444397,0.9490664005279541,0.9491461515426636,0.949005663394928,0.9490563869476318
1344_class-894,0.9598445892333984,0.9596638679504395,0.9588830471038818,0.958911657333374,0.9594542980194092,0.959792971611023
1345_class-894,0.9582699537277222,0.9584558606147766,0.9568381309509277,0.9569237232208252,0.9570094347000122,0.9568235874176025
1346_class-894,0.927341639995575,0.9289563894271851,0.9292151927947998,0.9288936853408813,0.9273208379745483,0.9289658069610596
1347_class-894,0.9166435599327087,0.9139986038208008,0.9172552227973938,0.9167037606239319,0.9148571491241455,0.9171285033226013
1348_class-894,0.9622397422790527,0.961922287940979,0.9646602869033813,0.964929461479187,0.9648182988166809,0.9648522138595581
1349_class-894,0.9468984007835388,0.9480757713317871,0.9471212029457092,0.9480493664741516,0.9480165839195251,0.9480516910552979
1350_class-895,0.8507447838783264,0.8512158393859863,0.8513653874397278,0.9582287669181824,0.8511504530906677,0.851125180721283
1351_class-895,0.7014200091362,0.681654691696167,0.6729683876037598,0.6814707517623901,0.6812890768051147,0.6773321628570557
1352_class-895,0.7299950122833252,0.7297180891036987,0.7293252944946289,0.019478710368275642,0.7306298613548279,0.7325605750083923
1353_class-895,0.9853643774986267,0.9853434562683105,0.9849625825881958,0.9854029417037964,0.985227108001709,0.9852758049964905
1354_class-895,0.8966957330703735,0.8907831907272339,0.890786349773407,0.9744999408721924,0.8299071788787842,0.6078084707260132
1355_class-895,0.5937804579734802,0.5937414169311523,0.4727930426597595,0.5938641428947449,0.5918882489204407,0.5845881104469299
1356_class-895,0.9459449052810669,0.8437181711196899,0.9464508295059204,0.841738224029541,0.9460070133209229,0.946038007736206
1357_class-895,0.9714624285697937,0.971655011177063,0.8252919912338257,0.6483218669891357,0.9714171886444092,0.7714415788650513
1358_class-895,0.9726150035858154,0.9725450277328491,0.9728845953941345,0.972457766532898,0.9725524187088013,0.9725147485733032
1359_class-895,0.9223283529281616,0.8393844366073608,0.8934178352355957,0.8328198194503784,0.8407280445098877,0.8444552421569824
1360_class-896,0.8679916262626648,0.8678036332130432,0.8678008317947388,0.8673276901245117,0.8683968186378479,0.8682023286819458
1361_class-896,0.6819734573364258,0.6818634867668152,0.9645615816116333,0.9647620916366577,0.6819172501564026,0.6819184422492981
1362_class-896,0.9760898351669312,0.9755713939666748,0.9757490754127502,0.9772126078605652,0.9756523370742798,0.9776113033294678
1363_class-896,0.9793060421943665,0.9793631434440613,0.9795495271682739,0.9791749715805054,0.9792579412460327,0.9793633222579956
1364_class-896,0.9697554111480713,0.9704331159591675,0.9704420566558838,0.97010737657547,0.9694377779960632,0.9700658321380615
1365_class-896,0.9781261682510376,0.9782190322875977,0.9782421588897705,0.9781683087348938,0.9781662225723267,0.9781680107116699
1366_class-896,0.9800124168395996,0.979962944984436,0.9799738526344299,0.9799831509590149,0.9799833297729492,0.9800119996070862
1367_class-896,0.8617719411849976,0.7053378820419312,0.8617029786109924,0.5425238609313965,0.7727822065353394,0.7258682250976562
1368_class-896,0.9243875741958618,0.6716620326042175,0.6716582775115967,0.8562303781509399,0.6714515686035156,0.6714900135993958
1369_class-896,0.7402852177619934,0.9543278217315674,0.9551442861557007,0.740300178527832,0.9567276239395142,0.9568409323692322
1370_class-897,0.9667398929595947,0.9669902324676514,0.9670745134353638,0.9669018983840942,0.9670946598052979,0.967296838760376
1371_class-897,0.9639214873313904,0.9641295075416565,0.9639779329299927,0.9636494517326355,0.9639223217964172,0.9640018939971924
1372_class-897,0.9912416934967041,0.9899817109107971,0.991287112236023,0.9912870526313782,0.9900089502334595,0.991269052028656
1373_class-897,0.9592962265014648,0.6001853942871094,0.6002049446105957,0.6001797914505005,0.959338903427124,0.6001616716384888
1374_class-897,0.9362202882766724,0.9357892274856567,0.9355800747871399,0.9366546869277954,0.9360847473144531,0.9358309507369995
1375_class-897,0.9807760715484619,0.9809141159057617,0.9808142781257629,0.9810554385185242,0.9808347225189209,0.9815059900283813
1376_class-897,0.968970537185669,0.9690086245536804,0.9691144227981567,0.9691450595855713,0.9690157771110535,0.9690086841583252
1377_class-897,0.9821830987930298,0.9823639392852783,0.9822542667388916,0.982972264289856,0.9818766713142395,0.9824042320251465
1378_class-897,0.9469295740127563,0.943947434425354,0.9436414241790771,0.9435756206512451,0.9436599016189575,0.9467746019363403
1379_class-897,0.9819496870040894,0.9819827079772949,0.9820151329040527,0.9820560216903687,0.9820148348808289,0.9819989204406738
1380_class-898,0.9908683896064758,0.9908531308174133,0.9908609390258789,0.9908684492111206,0.9908684492111206,0.9908456802368164
1381_class-898,0.6708292365074158,0.6707572340965271,0.670851469039917,0.6708246469497681,0.6714086532592773,0.6708526611328125
1382_class-898,0.9667622447013855,0.9668241143226624,0.966823935508728,0.9668323993682861,0.9666845798492432,0.9668469429016113
1383_class-898,0.9811267852783203,0.981046736240387,0.9810473918914795,0.9811577796936035,0.9810949563980103,0.9811190366744995
1384_class-898,0.9922025799751282,0.9924131631851196,0.9923819899559021,0.9923038482666016,0.992194652557373,0.9921792149543762
1385_class-898,0.9879717826843262,0.987807035446167,0.9878444671630859,0.9878444075584412,0.9877995252609253,0.9878894686698914
1386_class-898,0.9872781038284302,0.9873331785202026,0.987370491027832,0.9873518943786621,0.9872870445251465,0.9872593879699707
1387_class-898,0.9929890036582947,0.9930546879768372,0.9929807186126709,0.9930053949356079,0.9930053949356079,0.9931843280792236
1388_class-898,0.9913772344589233,0.9913946390151978,0.9914122223854065,0.991359531879425,0.9913681745529175,0.9913327693939209
1389_class-898,0.9909051656723022,0.9909530282020569,0.9907224178314209,0.9908815622329712,0.990960955619812,0.9909451007843018
1390_class-899,0.9725499153137207,0.9728060960769653,0.9724661111831665,0.972684383392334,0.9731134176254272,0.9726039171218872
1391_class-899,0.9618852138519287,0.9626051187515259,0.9618816375732422,0.962070107460022,0.962103545665741,0.9617477059364319
1392_class-899,0.9397755861282349,0.9307354688644409,0.9483680725097656,0.9303737878799438,0.952186107635498,0.9512245655059814
1393_class-899,0.9784122109413147,0.9784736633300781,0.9784944653511047,0.9785985946655273,0.9784648418426514,0.9786074161529541
1394_class-899,0.9030705690383911,0.9031682014465332,0.9031880497932434,0.9032765626907349,0.925296425819397,0.9029581546783447
1395_class-899,0.953408420085907,0.9536300897598267,0.9556958675384521,0.9561770558357239,0.9544879198074341,0.9546526670455933
1396_class-899,0.9649702310562134,0.9650835990905762,0.9651027917861938,0.9270486831665039,0.9650473594665527,0.9650936126708984
1397_class-899,0.9559307098388672,0.9446635842323303,0.9448818564414978,0.9563565850257874,0.9448078870773315,0.9558488726615906
1398_class-899,0.9612205624580383,0.9631062150001526,0.35208451747894287,0.963598370552063,0.9667799472808838,0.9639159440994263
1399_class-899,0.953088641166687,0.9528850317001343,0.9528147578239441,0.9527831077575684,0.9528530836105347,0.9525746703147888
1400_class-900,0.9931420087814331,0.9932044148445129,0.99314284324646,0.9931920766830444,0.9932044148445129,0.9931913614273071
1401_class-900,0.985093891620636,0.9887824058532715,0.9874790906906128,0.987781822681427,0.25067654252052307,0.9498209953308105
1402_class-900,0.9797827005386353,0.9798829555511475,0.9799104332923889,0.9798291921615601,0.9799288511276245,0.9798022508621216
1403_class-900,0.8289752006530762,0.9882323145866394,0.9880613088607788,0.9876281023025513,0.8310151100158691,0.370456337928772
1404_class-900,0.1610899418592453,0.16128186881542206,0.22070088982582092,0.2202294021844864,0.1611197590827942,0.16095949709415436
1405_class-900,0.9873917102813721,0.9884586334228516,0.9882839322090149,0.9884591102600098,0.9422287344932556,0.9883830547332764
1406_class-900,0.982331395149231,0.5546332597732544,0.9873716831207275,0.780372142791748,0.807409405708313,0.46979397535324097
1407_class-900,0.9852879643440247,0.986465573310852,0.4079614579677582,0.9857408404350281,0.9854635000228882,0.986602246761322
1408_class-900,0.9836442470550537,0.5558812022209167,0.9835153818130493,0.45603424310684204,0.9831697940826416,0.6509606838226318
1409_class-900,0.9856659770011902,0.9854468703269958,0.5517450571060181,0.4488183259963989,0.5741415619850159,0.44023334980010986
1410_class-901,0.9328601360321045,0.9327329397201538,0.9323369264602661,0.9326952695846558,0.9322939515113831,0.9322298169136047
1411_class-901,0.9492710828781128,0.9499169588088989,0.9492746591567993,0.9504942893981934,0.9492870569229126,0.9496363401412964
1412_class-901,0.9243987202644348,0.9241112470626831,0.9242790341377258,0.9243737459182739,0.9242938756942749,0.9241317510604858
1413_class-901,0.9622395038604736,0.9630410075187683,0.9623725414276123,0.9605947732925415,0.9627512097358704,0.9630582332611084
1414_class-901,0.9060381650924683,0.9068596959114075,0.9058497548103333,0.9058015942573547,0.907098650932312,0.9057884812355042
1415_class-901,0.9778809547424316,0.9781426191329956,0.9779626131057739,0.9781574010848999,0.9660904407501221,0.9776896238327026
1416_class-901,0.8994632959365845,0.9036610126495361,0.9062318801879883,0.9192928075790405,0.9037443399429321,0.9063279628753662
1417_class-901,0.9647728204727173,0.9553093910217285,0.9571167826652527,0.9633926153182983,0.9621745347976685,0.8996721506118774
1418_class-901,0.9322686195373535,0.9326136112213135,0.9322226047515869,0.9308316707611084,0.933768093585968,0.9323090314865112
1419_class-901,0.9358161091804504,0.9305102825164795,0.9319295883178711,0.9344446063041687,0.9325936436653137,0.9327657222747803
1420_class-902,0.8374526500701904,0.9551116824150085,0.9554106593132019,0.8369261026382446,0.8366600275039673,0.8421011567115784
1421_class-902,0.6600613594055176,0.6592150330543518,0.9775090217590332,0.9774141311645508,0.6592226624488831,0.9776676893234253
1422_class-902,0.9683717489242554,0.9691813588142395,0.9686757326126099,0.9689912796020508,0.9686224460601807,0.969036340713501
1423_class-902,0.48348379135131836,0.9808169603347778,0.9805931448936462,0.9808403253555298,0.9807924032211304,0.9806569218635559
1424_class-902,0.979820966720581,0.9798110127449036,0.979459822177887,0.979873538017273,0.9798652529716492,0.9798922538757324
1425_class-902,0.9839562177658081,0.9836852550506592,0.75963294506073,0.9838355779647827,0.9835721254348755,0.9838451147079468
1426_class-902,0.2734544575214386,0.2731165289878845,0.2718353271484375,0.27234771847724915,0.2766953408718109,0.07728239893913269
1427_class-902,0.5435598492622375,0.7747422456741333,0.6204471588134766,0.850972592830658,0.7605711221694946,0.5435963869094849
1428_class-902,0.9589265584945679,0.6166117191314697,0.9580419063568115,0.9588109850883484,0.9589132070541382,0.9589241147041321
1429_class-902,0.7530155181884766,0.7529509663581848,0.7521626949310303,0.7529363632202148,0.7529911994934082,0.7521162033081055
1430_class-903,0.9871940612792969,0.9860826730728149,0.9858644604682922,0.9859439134597778,0.9871551990509033,0.9860762357711792
1431_class-903,0.9739509224891663,0.9609041810035706,0.9693031311035156,0.9694949388504028,0.9651955366134644,0.9648321270942688
1432_class-903,0.9808424711227417,0.9804905652999878,0.9804025888442993,0.9804686903953552,0.9804245233535767,0.5506836175918579
1433_class-903,0.9600577354431152,0.9596794843673706,0.9597987532615662,0.9603300094604492,0.9604598879814148,0.9598798751831055
1434_class-903,0.8382991552352905,0.837754487991333,0.838259220123291,0.8385922908782959,0.8381835222244263,0.8383379578590393
1435_class-903,0.9861017465591431,0.9862196445465088,0.9861828088760376,0.984907865524292,0.9862196445465088,0.9751839637756348
1436_class-903,0.9828550815582275,0.9831551313400269,0.9825328588485718,0.98305743932724,0.9835380911827087,0.9833577871322632
1437_class-903,0.9730753898620605,0.9699297547340393,0.9702517986297607,0.9731045961380005,0.9730167388916016,0.9730972647666931
1438_class-903,0.97806715965271,0.5918765664100647,0.9771596789360046,0.9821900129318237,0.9765012264251709,0.9770853519439697
1439_class-903,0.9800121188163757,0.9799364805221558,0.9797540903091431,0.9797995090484619,0.9795641899108887,0.9799512624740601
1440_class-904,0.9851349592208862,0.9851666688919067,0.9848273992538452,0.9850006699562073,0.985095739364624,0.9850636720657349
1441_class-904,0.9849039316177368,0.9847919344902039,0.9846965074539185,0.9847685098648071,0.9846804141998291,0.9848628044128418
1442_class-904,0.9683045148849487,0.9586595296859741,0.9587061405181885,0.9687080383300781,0.9589239954948425,0.9585815668106079
1443_class-904,0.9739170074462891,0.9739657640457153,0.9738501310348511,0.9739850163459778,0.9739649891853333,0.973878026008606
1444_class-904,0.9491058588027954,0.9491273164749146,0.9481375813484192,0.9489433169364929,0.9490633606910706,0.948186993598938
1445_class-904,0.9789562225341797,0.9790790677070618,0.5310454368591309,0.979067325592041,0.5939477682113647,0.5586731433868408
1446_class-904,0.9886756539344788,0.988593578338623,0.985666811466217,0.9857721924781799,0.9886165857315063,0.9888371229171753
1447_class-904,0.9837824106216431,0.9838153123855591,0.9838312864303589,0.9837669134140015,0.9838733673095703,0.983830451965332
1448_class-904,0.9681829810142517,0.9684863090515137,0.9679157733917236,0.968146800994873,0.9743849039077759,0.9748644828796387
1449_class-904,0.9840928316116333,0.9842675924301147,0.981991171836853,0.982085645198822,0.9840142130851746,0.9842592477798462
1450_class-905,0.9933054447174072,0.9922840595245361,0.9932822585105896,0.9933130741119385,0.9934352040290833,0.9922763109207153
1451_class-905,0.6136743426322937,0.3203161060810089,0.5051530003547668,0.320345938205719,0.32020244002342224,0.3203999698162079
1452_class-905,0.9644495248794556,0.9635922908782959,0.9633153676986694,0.9630905389785767,0.9633065462112427,0.9647055864334106
1453_class-905,0.7711777091026306,0.9187986254692078,0.375940203666687,0.7799264192581177,0.7700110077857971,0.8541357517242432
1454_class-905,0.9810490608215332,0.9845230579376221,0.984729528427124,0.9846267104148865,0.9812371730804443,0.9811340570449829
1455_class-905,0.9268912076950073,0.9278466701507568,0.9269199371337891,0.9278519153594971,0.9272234439849854,0.9270384311676025
1456_class-905,0.720230221748352,0.7201567888259888,0.7198476195335388,0.7232993841171265,0.7085940837860107,0.72040855884552
1457_class-905,0.9860453009605408,0.9859129786491394,0.9868691563606262,0.9864792823791504,0.986596941947937,0.9866925477981567
1458_class-905,0.9817451238632202,0.9817570447921753,0.9815790057182312,0.9815082550048828,0.9812480211257935,0.6017990112304688
1459_class-905,0.6482056975364685,0.9904503226280212,0.650829553604126,0.6510692238807678,0.6487641334533691,0.9904568195343018
1460_class-906,0.990401566028595,0.990537166595459,0.9904795289039612,0.9901527166366577,0.9903355836868286,0.9903448820114136
1461_class-906,0.9775059223175049,0.6092561483383179,0.9767869710922241,0.7878296971321106,0.6019715666770935,0.4941538870334625
1462_class-906,0.9853725433349609,0.9854621887207031,0.9855592250823975,0.9855442047119141,0.8626456260681152,0.9858131408691406
1463_class-906,0.985066831111908,0.9847933650016785,0.9853547811508179,0.9850811958312988,0.9853332042694092,0.9851409196853638
1464_class-906,0.6344614624977112,0.6361907720565796,0.6371762752532959,0.6347137689590454,0.6347537040710449,0.6238949298858643
1465_class-906,0.9779263138771057,0.9782926440238953,0.9781525135040283,0.977785050868988,0.9779661297798157,0.9786372184753418
1466_class-906,0.7511254549026489,0.9874507784843445,0.7511224746704102,0.7515068054199219,0.7512766122817993,0.750562310218811
1467_class-906,0.35923534631729126,0.9806046485900879,0.9809411764144897,0.980807900428772,0.9808743000030518,0.9807487726211548
1468_class-906,0.6544158458709717,0.6523175239562988,0.6525383591651917,0.8822456002235413,0.802783727645874,0.8026978969573975
1469_class-906,0.981757402420044,0.9745781421661377,0.8033421039581299,0.8860192894935608,0.8020469546318054,0.970263659954071
1470_class-907,0.6819666028022766,0.6817169189453125,0.964640200138092,0.9647168517112732,0.9645923376083374,0.9645766615867615
1471_class-907,0.36359280347824097,0.4990823566913605,0.3642936646938324,0.4656602442264557,0.3641437888145447,0.4597426950931549
1472_class-907,0.9820252060890198,0.982016921043396,0.9818779230117798,0.9819884300231934,0.9819802641868591,0.9818781018257141
1473_class-907,0.7606254816055298,0.7611417770385742,0.7607481479644775,0.9814251661300659,0.981703519821167,0.7606266736984253
1474_class-907,0.9636995792388916,0.9645282030105591,0.9645805358886719,0.9647216796875,0.9645360708236694,0.9744436740875244
1475_class-907,0.80933678150177,0.44488823413848877,0.8154668807983398,0.8149746656417847,0.8126295208930969,0.9617737531661987
1476_class-907,0.9898733496665955,0.9898385405540466,0.9898731708526611,0.9898211359977722,0.9897775650024414,0.9898473024368286
1477_class-907,0.5676761865615845,0.9880478382110596,0.9879138469696045,0.9882672429084778,0.9878722429275513,0.9879858493804932
1478_class-907,0.982315719127655,0.9822481274604797,0.9824999570846558,0.9821945428848267,0.9820446968078613,0.982263445854187
1479_class-907,0.9597368836402893,0.9604463577270508,0.9597154855728149,0.9594390392303467,0.9601384401321411,0.9611804485321045
1480_class-908,0.9877727031707764,0.9877728223800659,0.9877020120620728,0.9877990484237671,0.987755298614502,0.9877550601959229
1481_class-908,0.9895331859588623,0.9896268844604492,0.9895906448364258,0.989626407623291,0.9894639253616333,0.9895549416542053
1482_class-908,0.9874517917633057,0.987414538860321,0.9875339269638062,0.9874293804168701,0.9874517917633057,0.9874593019485474
1483_class-908,0.8735565543174744,0.8734334707260132,0.8744664192199707,0.8747954368591309,0.8767969608306885,0.8732191324234009
1484_class-908,0.983469545841217,0.9835168123245239,0.9833875894546509,0.9834891557693481,0.9835604429244995,0.9834799766540527
1485_class-908,0.9787551164627075,0.9787558913230896,0.8320059776306152,0.9789217710494995,0.9788488149642944,0.9786862134933472
1486_class-908,0.9869678616523743,0.9868187308311462,0.9866584539413452,0.9868137836456299,0.6038430333137512,0.9867956638336182
1487_class-908,0.5744156241416931,0.4232306480407715,0.9887778162956238,0.5374558568000793,0.4178391993045807,0.5396126508712769
1488_class-908,0.8210938572883606,0.8212310075759888,0.8206312656402588,0.8206437230110168,0.8213847279548645,0.8208967447280884
1489_class-908,0.9761817455291748,0.9751227498054504,0.9750202894210815,0.9758461713790894,0.9761565923690796,0.9761054515838623
1490_class-909,0.9329512119293213,0.9336434602737427,0.9337397217750549,0.9333020448684692,0.508891224861145,0.9322195649147034
1491_class-909,0.9048881530761719,0.7976773381233215,0.9179941415786743,0.9203372597694397,0.9394797086715698,0.9370383024215698
1492_class-909,0.9359870553016663,0.8534541130065918,0.934711217880249,0.9402115345001221,0.9400131702423096,0.9405245780944824
1493_class-909,0.9405689239501953,0.9403243660926819,0.9404831528663635,0.9354968070983887,0.9360297918319702,0.9404683709144592
1494_class-909,0.9117885828018188,0.9338136911392212,0.9183550477027893,0.8999061584472656,0.918952226638794,0.9316245913505554
1495_class-909,0.9686073660850525,0.9686058759689331,0.9685052633285522,0.968397319316864,0.9684094190597534,0.9686040282249451
1496_class-909,0.9647160768508911,0.9638799428939819,0.9646776914596558,0.9643547534942627,0.9635180234909058,0.9641568064689636
1497_class-909,0.9291207790374756,0.929015040397644,0.9287179112434387,0.9291666746139526,0.929268479347229,0.9291203022003174
1498_class-909,0.9312509298324585,0.9311812520027161,0.9310907125473022,0.9310908317565918,0.9310276508331299,0.9315378069877625
1499_class-909,0.9807602167129517,0.9807113409042358,0.9806376695632935,0.9807300567626953,0.9806532859802246,0.9807366728782654
1500_class-910,0.8396763801574707,0.8396458029747009,0.8395752906799316,0.8396060466766357,0.8396136164665222,0.8395830392837524
1501_class-910,0.9831398725509644,0.9831111431121826,0.983178973197937,0.9826864004135132,0.9844896793365479,0.9830141067504883
1502_class-910,0.30855676531791687,0.3086279332637787,0.30859243869781494,0.30860280990600586,0.30858126282691956,0.3085552752017975
1503_class-910,0.2621365785598755,0.26203498244285583,0.26210135221481323,0.13408733904361725,0.13401590287685394,0.26216402649879456
1504_class-910,0.8471940755844116,0.46436694264411926,0.465806245803833,0.48928993940353394,0.8475762605667114,0.46169668436050415
1505_class-910,0.9559662938117981,0.9558573961257935,0.9558019638061523,0.955847978591919,0.9560104608535767,0.9555768966674805
1506_class-910,0.7543401718139648,0.4921845495700836,0.6645059585571289,0.6656573414802551,0.664524495601654,0.4921673536300659
1507_class-910,0.9904913902282715,0.9904801845550537,0.9905482530593872,0.9905341863632202,0.9904415011405945,0.9904928803443909
1508_class-910,0.9844139814376831,0.9845501184463501,0.9844591617584229,0.9844368696212769,0.9844670295715332,0.9845048189163208
1509_class-910,0.9769169688224792,0.9813981056213379,0.9771063923835754,0.9774860143661499,0.9814667701721191,0.9772281646728516
1510_class-911,0.9213406443595886,0.9216439127922058,0.9202133417129517,0.9195878505706787,0.9214457273483276,0.919959306716919
1511_class-911,0.9754952192306519,0.9742352962493896,0.9742515087127686,0.9755092859268188,0.9749683141708374,0.9750455021858215
1512_class-911,0.9552202224731445,0.9532856941223145,0.9527207612991333,0.6364548802375793,0.9511984586715698,0.9532574415206909
1513_class-911,0.6877846717834473,0.6881861686706543,0.9537471532821655,0.6885170936584473,0.6866928935050964,0.6884525418281555
1514_class-911,0.7406957149505615,0.7904680967330933,0.9753016829490662,0.9756357073783875,0.9759789109230042,0.9757612943649292
1515_class-911,0.968402087688446,0.9714764356613159,0.972075343132019,0.968230664730072,0.9717164039611816,0.9720597267150879
1516_class-911,0.962558925151825,0.6679692268371582,0.9440677165985107,0.9437521696090698,0.9434711933135986,0.9435569643974304
1517_class-911,0.9629377722740173,0.4145882725715637,0.41456887125968933,0.4148979187011719,0.8238580226898193,0.41587185859680176
1518_class-911,0.973200798034668,0.7095932960510254,0.9730854034423828,0.9732210040092468,0.973059892654419,0.9732166528701782
1519_class-911,0.8990337252616882,0.898978590965271,0.8989789485931396,0.8993870615959167,0.8727052807807922,0.8989925384521484
1520_class-912,0.9685973525047302,0.9684597253799438,0.9685792922973633,0.9676352143287659,0.9687660932540894,0.9675577878952026
1521_class-912,0.7489559650421143,0.9628006219863892,0.9630047082901001,0.7432218194007874,0.9626458883285522,0.7429782152175903
1522_class-912,0.9497681856155396,0.9497362375259399,0.9496340751647949,0.9500203132629395,0.9499657154083252,0.9498578310012817
1523_class-912,0.9618818759918213,0.9591172933578491,0.9096029996871948,0.9098551273345947,0.955254852771759,0.9513240456581116
1524_class-912,0.7254228591918945,0.9794749021530151,0.9783474206924438,0.9785888195037842,0.9784547090530396,0.979496419429779
1525_class-912,0.5985769033432007,0.9536375403404236,0.9539985656738281,0.7902072668075562,0.9537099599838257,0.9530408978462219
1526_class-912,0.981856644153595,0.9831446409225464,0.983195960521698,0.9832808971405029,0.9818311929702759,0.9819186329841614
1527_class-912,0.9653576612472534,0.9673944115638733,0.9750651717185974,0.9653285145759583,0.9752993583679199,0.9665805101394653
1528_class-912,0.9687772989273071,0.9660069942474365,0.9624478816986084,0.9717794060707092,0.8122315406799316,0.970461905002594
1529_class-912,0.8976199626922607,0.8977429270744324,0.8958216309547424,0.8962492942810059,0.9780585765838623,0.894324779510498
1530_class-913,0.9756883978843689,0.5897528529167175,0.589914858341217,0.9760674834251404,0.9756408929824829,0.5899789333343506
1531_class-913,0.9878164529800415,0.6814798712730408,0.9310904741287231,0.9879561066627502,0.9874298572540283,0.6980013251304626
1532_class-913,0.9730253219604492,0.9728188514709473,0.972841739654541,0.9727489948272705,0.9728633165359497,0.9728349447250366
1533_class-913,0.9127835035324097,0.9117056131362915,0.9120568633079529,0.9118036031723022,0.9115400314331055,0.6779764890670776
1534_class-913,0.605719804763794,0.9782031774520874,0.5182998180389404,0.5178221464157104,0.5201354026794434,0.5187979340553284
1535_class-913,0.48451465368270874,0.48548731207847595,0.4844991862773895,0.5603892803192139,0.4841645359992981,0.48009636998176575
1536_class-913,0.8397647738456726,0.8314685821533203,0.831418514251709,0.8334561586380005,0.6040005683898926,0.8339880704879761
1537_class-913,0.9673500061035156,0.9820937514305115,0.9846674799919128,0.96858149766922,0.966728687286377,0.9674293398857117
1538_class-913,0.6631706953048706,0.6629801988601685,0.6632066965103149,0.6600975394248962,0.663129448890686,0.6629596948623657
1539_class-913,0.6713223457336426,0.4934300482273102,0.6714487075805664,0.9768877029418945,0.9767130613327026,0.6716084480285645
1540_class-914,0.9744341373443604,0.9217538833618164,0.9213800430297852,0.9215856194496155,0.9745526313781738,0.9215007424354553
1541_class-914,0.9844604730606079,0.9848670959472656,0.9845890402793884,0.9847634434700012,0.9852064847946167,0.9846506118774414
1542_class-914,0.6832711696624756,0.6759726405143738,0.6751750707626343,0.6759471893310547,0.6765502691268921,0.6754563450813293
1543_class-914,0.9766402244567871,0.9765211343765259,0.9766944646835327,0.9768022298812866,0.9764261245727539,0.9766639471054077
1544_class-914,0.9890929460525513,0.9892778992652893,0.9890779256820679,0.9893320798873901,0.9893555641174316,0.9893178939819336
1545_class-914,0.4213543236255646,0.4213712513446808,0.4213997423648834,0.5815595388412476,0.4213789999485016,0.42139583826065063
1546_class-914,0.9827766418457031,0.9822831153869629,0.7542845010757446,0.9824056625366211,0.9827832579612732,0.9827123880386353
1547_class-914,0.9666119813919067,0.9666429758071899,0.966748058795929,0.9666290283203125,0.9667000770568848,0.9665169715881348
1548_class-914,0.9829738140106201,0.9829752445220947,0.9830077886581421,0.9831017851829529,0.9828657507896423,0.9828832149505615
1549_class-914,0.7063025832176208,0.7080861926078796,0.7064163684844971,0.7074105739593506,0.9843664169311523,0.7080894708633423
1550_class-915,0.9683915376663208,0.9691002368927002,0.96799236536026,0.9710391163825989,0.9721559286117554,0.9689410924911499
1551_class-915,0.9497034549713135,0.9496257901191711,0.949454665184021,0.9494670629501343,0.9455798864364624,0.9438692331314087
1552_class-915,0.7806433439254761,0.7766255736351013,0.7800824046134949,0.7812204360961914,0.7801827192306519,0.7808444499969482
1553_class-915,0.9785586595535278,0.9807707071304321,0.978722095489502,0.9785681366920471,0.9786591529846191,0.9787046313285828
1554_class-915,0.914493978023529,0.9172655344009399,0.9149006605148315,0.9155702590942383,0.9139242172241211,0.9172468781471252
1555_class-915,0.3820704221725464,0.38186007738113403,0.8750605583190918,0.8130882978439331,0.38195592164993286,0.8774673342704773
1556_class-915,0.9812594652175903,0.9817296266555786,0.8838656544685364,0.9815409183502197,0.9821245670318604,0.9817297458648682
1557_class-915,0.7626806497573853,0.7623471021652222,0.7630302906036377,0.7613527774810791,0.7635511159896851,0.7630425095558167
1558_class-915,0.8964031934738159,0.8968045711517334,0.9132370948791504,0.9134206771850586,0.8959423899650574,0.9127331972122192
1559_class-915,0.9794435501098633,0.9790447354316711,0.978924036026001,0.9787483215332031,0.9788079261779785,0.978837788105011
1560_class-916,0.978722095489502,0.07508676499128342,0.9788856506347656,0.9790610074996948,0.9777801036834717,0.2219066172838211
1561_class-916,0.9888674020767212,0.9887887835502625,0.9887895584106445,0.9887754917144775,0.9888285994529724,0.9888414740562439
1562_class-916,0.7062581777572632,0.5399187803268433,0.012316692620515823,0.010345368646085262,0.6659665703773499,0.6271024942398071
1563_class-916,0.51828932762146,0.8077151775360107,0.5182605385780334,0.7789179682731628,0.8048114776611328,0.6191985607147217
1564_class-916,0.6944389939308167,0.6946812868118286,0.9113194942474365,0.7049996852874756,0.8945867419242859,0.6946974992752075
1565_class-916,0.9893341064453125,0.9894676208496094,0.9894087314605713,0.989692211151123,0.9881981611251831,0.9897074103355408
1566_class-916,0.6176905632019043,0.7978057861328125,0.9453290104866028,0.7786765098571777,0.7987210750579834,0.7985729575157166
1567_class-916,0.7393561601638794,0.7022577524185181,0.7029711008071899,0.7219147086143494,0.7921088933944702,0.7392903566360474
1568_class-916,0.46585947275161743,0.5520133376121521,0.6728739738464355,0.4576513171195984,0.5077009797096252,0.550309419631958
1569_class-916,0.5451526641845703,0.7435622811317444,0.7428780794143677,0.7428756952285767,0.7425112724304199,0.5458366870880127
1570_class-917,0.7833528518676758,0.7834452986717224,0.7835208773612976,0.7833755016326904,0.7840629816055298,0.7833418846130371
1571_class-917,0.9613242149353027,0.9613703489303589,0.9611748456954956,0.9614035487174988,0.9614603519439697,0.961432695388794
1572_class-917,0.8221336603164673,0.971953272819519,0.7348434925079346,0.9719207286834717,0.972183346748352,0.8212501406669617
1573_class-917,0.9808880090713501,0.9813941717147827,0.980854868888855,0.9814897775650024,0.9792112112045288,0.7699093818664551
1574_class-917,0.9464694857597351,0.9453916549682617,0.956404983997345,0.9456750750541687,0.9563810229301453,0.94524085521698
1575_class-917,0.9369649887084961,0.9361224174499512,0.9368406534194946,0.9364855289459229,0.9357994198799133,0.936382532119751
1576_class-917,0.8887346982955933,0.8880934715270996,0.8884779214859009,0.8884161114692688,0.888855516910553,0.8891693353652954
1577_class-917,0.5722678303718567,0.8044325113296509,0.9353538155555725,0.8736240863800049,0.9381895065307617,0.8034145832061768
1578_class-917,0.22643546760082245,0.22645621001720428,0.22649237513542175,0.22647631168365479,0.2265278398990631,0.2550535798072815
1579_class-917,0.9762427806854248,0.9789498448371887,0.9777970314025879,0.9790862798690796,0.9786676168441772,0.9405344724655151
1580_class-918,0.9694010615348816,0.9692700505256653,0.9696671962738037,0.9691276550292969,0.9696139097213745,0.9696066379547119
1581_class-918,0.9635257124900818,0.5876821279525757,0.03540531545877457,0.9611976742744446,0.9696735143661499,0.9695163369178772
1582_class-918,0.9382071495056152,0.9378936290740967,0.9381231069564819,0.9380966424942017,0.9378753304481506,0.9381595849990845
1583_class-918,0.9304368495941162,0.9323782920837402,0.9319884181022644,0.932659387588501,0.9314432144165039,0.9324586391448975
1584_class-918,0.6338433027267456,0.9643217921257019,0.9638459086418152,0.9650130271911621,0.9655948877334595,0.9631006121635437
1585_class-918,0.7562261819839478,0.7652103304862976,0.7224530577659607,0.9636571407318115,0.765139102935791,0.9637477397918701
1586_class-918,0.9345645904541016,0.9355882406234741,0.9355413317680359,0.9344081878662109,0.9345303773880005,0.9365234971046448
1587_class-918,0.941804051399231,0.8692343235015869,0.941670298576355,0.7529147863388062,0.9408624172210693,0.7712517976760864
1588_class-918,0.9548893570899963,0.9565553665161133,0.955666720867157,0.9554654359817505,0.9557486772537231,0.956416666507721
1589_class-918,0.9623178839683533,0.9589517116546631,0.9596394300460815,0.9595112800598145,0.9589940309524536,0.9589489102363586
1590_class-919,0.6311434507369995,0.8241891860961914,0.9271154403686523,0.6905578374862671,0.7313971519470215,0.7317596077919006
1591_class-919,0.7219630479812622,0.721984326839447,0.721978485584259,0.7219713926315308,0.7219216823577881,0.7219365835189819
1592_class-919,0.5032377243041992,0.7048549652099609,0.9619320034980774,0.5024625062942505,0.6944236755371094,0.7245626449584961
1593_class-919,0.981641411781311,0.9816188812255859,0.9816429615020752,0.9772602319717407,0.981751024723053,0.9815464019775391
1594_class-919,0.9809904098510742,0.9803699851036072,0.7955460548400879,0.9826067686080933,0.9825760126113892,0.9827327132225037
1595_class-919,0.957245945930481,0.700268030166626,0.9571887254714966,0.9574271440505981,0.7000105381011963,0.9602113962173462
1596_class-919,0.7598247528076172,0.9631814956665039,0.9630856513977051,0.9631050825119019,0.9635421633720398,0.9632093906402588
1597_class-919,0.9026452898979187,0.8912258148193359,0.90284264087677,0.9011131525039673,0.8990470170974731,0.9014148712158203
1598_class-919,0.9710806608200073,0.9711323976516724,0.9710850715637207,0.9710302352905273,0.9686799049377441,0.9710339307785034
1599_class-919,0.794545590877533,0.9608500003814697,0.7952227592468262,0.7953739166259766,0.7940095663070679,0.960861086845398
1600_class-920,0.9836871027946472,0.9832252264022827,0.9833498001098633,0.9833791255950928,0.983892560005188,0.9831224679946899
1601_class-920,0.98990797996521,0.9897817373275757,0.9896999597549438,0.9899154305458069,0.9898412227630615,0.9899080991744995
1602_class-920,0.9224554300308228,0.9217677116394043,0.9213079214096069,0.9241961240768433,0.926289439201355,0.9218640327453613
1603_class-920,0.677358090877533,0.6726433038711548,0.6766754984855652,0.6756534576416016,0.6753863096237183,0.6767571568489075
1604_class-920,0.9827038049697876,0.9829241037368774,0.9827491641044617,0.9828696250915527,0.9826503992080688,0.6628044843673706
1605_class-920,0.9512826204299927,0.9488608837127686,0.942713737487793,0.9492640495300293,0.9311702251434326,0.9500428438186646
1606_class-920,0.9749663472175598,0.9756206274032593,0.9755008220672607,0.9753663539886475,0.9756168723106384,0.9748992919921875
1607_class-920,0.9639376401901245,0.9823549389839172,0.9642215967178345,0.9633190631866455,0.9621712565422058,0.9814908504486084
1608_class-920,0.9839497804641724,0.9841901063919067,0.8917257785797119,0.9843496084213257,0.9839408993721008,0.9841717481613159
1609_class-920,0.9796324372291565,0.9780402183532715,0.9845540523529053,0.9846316576004028,0.9770694375038147,0.7877099514007568
1610_class-921,0.7690820097923279,0.9817100763320923,0.7690101265907288,0.9815924167633057,0.9810015559196472,0.9813106060028076
1611_class-921,0.5193879008293152,0.5185806751251221,0.5185790657997131,0.5196311473846436,0.5167177319526672,0.5192180275917053
1612_class-921,0.958195686340332,0.44234347343444824,0.9589803218841553,0.9591389298439026,0.442477822303772,0.4423685371875763
1613_class-921,0.5291352272033691,0.9475815296173096,0.832738995552063,0.8319070339202881,0.8316381573677063,0.5292950868606567
1614_class-921,0.5974195003509521,0.5964109897613525,0.9550687074661255,0.5955653190612793,0.9499924182891846,0.5575835108757019
1615_class-921,0.9422060251235962,0.9423002004623413,0.942473292350769,0.9423154592514038,0.6195887923240662,0.942774772644043
1616_class-921,0.8598837852478027,0.7419458627700806,0.6259198784828186,0.8426039218902588,0.7396172285079956,0.4245665967464447
1617_class-921,0.7807035446166992,0.5051138997077942,0.7804442644119263,0.7810819149017334,0.7805358171463013,0.7813842296600342
1618_class-921,0.649905800819397,0.4872262477874756,0.4871136546134949,0.6175433397293091,0.9752436876296997,0.9743238091468811
1619_class-921,0.786415696144104,0.9500564336776733,0.9533429741859436,0.7787169218063354,0.6216511726379395,0.7791138887405396
1620_class-922,0.9719316959381104,0.9716848731040955,0.9716848134994507,0.9718302488327026,0.9717938899993896,0.9788258075714111
1621_class-922,0.7915667295455933,0.933356761932373,0.7686453461647034,0.7916948795318604,0.948936939239502,0.7780548334121704
1622_class-922,0.7851662635803223,0.7847838997840881,0.7868765592575073,0.7850418090820312,0.7850459814071655,0.7858127355575562
1623_class-922,0.982893705368042,0.9921540021896362,0.9921073913574219,0.9921075105667114,0.9920456409454346,0.9913806915283203
1624_class-922,0.9729756116867065,0.9741617441177368,0.9742858409881592,0.9746634364128113,0.9746185541152954,0.9744731187820435
1625_class-922,0.9775140881538391,0.9797826409339905,0.9799121618270874,0.9768972992897034,0.976938009262085,0.9798240661621094
1626_class-922,0.9507970809936523,0.9438807368278503,0.890511155128479,0.9569134712219238,0.9559355974197388,0.9635022878646851
1627_class-922,0.9706979990005493,0.9702019691467285,0.9699143767356873,0.9707965850830078,0.9702138900756836,0.9701720476150513
1628_class-922,0.7851241827011108,0.9697246551513672,0.7869057655334473,0.9674581289291382,0.785865306854248,0.9666213989257812
1629_class-922,0.9664707183837891,0.9405077695846558,0.9237856268882751,0.9416882395744324,0.7860437631607056,0.8078330755233765
1630_class-923,0.9889048337936401,0.9888696670532227,0.9889912605285645,0.9889215230941772,0.9888521432876587,0.9889475107192993
1631_class-923,0.39668288826942444,0.39698362350463867,0.7065988183021545,0.9804405570030212,0.39694029092788696,0.980070948600769
1632_class-923,0.9880568385124207,0.988189697265625,0.9880421161651611,0.9882045388221741,0.9881380796432495,0.9881232976913452
1633_class-923,0.9836493730545044,0.983612060546875,0.983656644821167,0.9836939573287964,0.9836789965629578,0.9836640357971191
1634_class-923,0.9889768362045288,0.9886918067932129,0.9889522194862366,0.9889849424362183,0.989351749420166,0.9891315698623657
1635_class-923,0.9864180088043213,0.9877601265907288,0.9877450466156006,0.9864336252212524,0.9877217411994934,0.986053466796875
1636_class-923,0.9875915050506592,0.9883811473846436,0.989897608757019,0.953083872795105,0.9882848262786865,0.9887804388999939
1637_class-923,0.9911922216415405,0.9912014007568359,0.9911141991615295,0.991212010383606,0.99122154712677,0.9912220239639282
1638_class-923,0.9907176494598389,0.9907788038253784,0.9907938838005066,0.990801215171814,0.9907403588294983,0.9907405376434326
1639_class-923,0.06768736988306046,0.9844788312911987,0.9846212863922119,0.9842413663864136,0.0676964521408081,0.9858586192131042
1640_class-924,0.8516894578933716,0.8517128229141235,0.9933371543884277,0.9935280084609985,0.8520231246948242,0.8517180681228638
1641_class-924,0.9862107038497925,0.9860761761665344,0.9860354661941528,0.9861598014831543,0.986179769039154,0.9862321615219116
1642_class-924,0.6540499925613403,0.6531441807746887,0.5559707880020142,0.5560804605484009,0.5554566383361816,0.9796551465988159
1643_class-924,0.9790999293327332,0.9794995784759521,0.9791826605796814,0.9797739386558533,0.9795150756835938,0.9796409606933594
1644_class-924,0.990249514579773,0.9901784062385559,0.9903613924980164,0.990249514579773,0.9898227453231812,0.9902085065841675
1645_class-924,0.6217881441116333,0.6217749714851379,0.6218468546867371,0.6217749714851379,0.6218181252479553,0.9005987644195557
1646_class-924,0.9864311218261719,0.986322820186615,0.986579179763794,0.9870760440826416,0.9841928482055664,0.9871650338172913
1647_class-924,0.9867846965789795,0.9868382215499878,0.8053151965141296,0.9869357347488403,0.7915552854537964,0.9868847131729126
1648_class-924,0.9885561466217041,0.6318599581718445,0.6314448118209839,0.6345240473747253,0.9912266135215759,0.6347518563270569
1649_class-924,0.9760619401931763,0.976087212562561,0.9755059480667114,0.9757274389266968,0.9755517840385437,0.9755721092224121
1650_class-925,0.9900773763656616,0.9900490045547485,0.9900493025779724,0.9900772571563721,0.9899657964706421,0.9900674223899841
1651_class-925,0.9735922813415527,0.9736505746841431,0.9739128947257996,0.9739010334014893,0.9739145040512085,0.9732953310012817
1652_class-925,0.9809421896934509,0.9809750318527222,0.9809423685073853,0.9809327721595764,0.9810347557067871,0.9810036420822144
1653_class-925,0.9759684801101685,0.9765563011169434,0.9758001565933228,0.9785047769546509,0.9757683277130127,0.9758310317993164
1654_class-925,0.9847037196159363,0.9848010540008545,0.9846887588500977,0.984621524810791,0.9846588373184204,0.9847335815429688
1655_class-925,0.9756832122802734,0.9757375121116638,0.9757260084152222,0.9758049249649048,0.9757599830627441,0.975759744644165
1656_class-925,0.9877108335494995,0.9879036545753479,0.9878420829772949,0.9877400994300842,0.9877536296844482,0.9878300428390503
1657_class-925,0.9879803657531738,0.9880255460739136,0.9881234765052795,0.9881683588027954,0.9881134033203125,0.988003134727478
1658_class-925,0.9775282144546509,0.9774268865585327,0.6283378005027771,0.8202317953109741,0.9773762822151184,0.9773752689361572
1659_class-925,0.9682754278182983,0.968173623085022,0.9682318568229675,0.9683119058609009,0.9682464599609375,0.9683409929275513
1660_class-926,0.935247004032135,0.9247390031814575,0.9251681566238403,0.9361574649810791,0.9260401725769043,0.9361501932144165
1661_class-926,0.9272263050079346,0.9281342029571533,0.9287427067756653,0.9282428026199341,0.9285509586334229,0.9285274744033813
1662_class-926,0.9356250166893005,0.9359411001205444,0.9358992576599121,0.9359787106513977,0.936083972454071,0.9360798001289368
1663_class-926,0.9474273920059204,0.9433904886245728,0.946989893913269,0.9465184211730957,0.9467716217041016,0.9502612352371216
1664_class-926,0.9295876622200012,0.9337877035140991,0.9333724975585938,0.9289450645446777,0.9279757738113403,0.9330368041992188
1665_class-926,0.4799787104129791,0.9458125233650208,0.945319652557373,0.4790123701095581,0.4803394079208374,0.9453444480895996
1666_class-926,0.9146933555603027,0.9149215221405029,0.9147241115570068,0.914826512336731,0.9144119024276733,0.914992094039917
1667_class-926,0.7159812450408936,0.7132601737976074,0.7142072916030884,0.7137391567230225,0.9451355338096619,0.9435392618179321
1668_class-926,0.8983641862869263,0.776774525642395,0.9332541227340698,0.9340788125991821,0.23308217525482178,0.7963963747024536
1669_class-926,0.6369104385375977,0.9148605465888977,0.6383954286575317,0.9206201434135437,0.8222483396530151,0.9159699082374573
1670_class-927,0.5739320516586304,0.6442704796791077,0.6440517902374268,0.9481675624847412,0.9481357336044312,0.6437481641769409
1671_class-927,0.9924413561820984,0.9924490451812744,0.9924490451812744,0.9924648404121399,0.99245685338974,0.9924569129943848
1672_class-927,0.9849957227706909,0.9850091934204102,0.5843924283981323,0.9850515127182007,0.5349562168121338,0.9850397109985352
1673_class-927,0.2444683462381363,0.3379347324371338,0.33782294392585754,0.30991077423095703,0.3110660910606384,0.2620115876197815
1674_class-927,0.23378266394138336,0.23783187568187714,0.34132593870162964,0.23917539417743683,0.3365931510925293,0.23993568122386932
1675_class-927,0.6272151470184326,0.6231437921524048,0.5253945589065552,0.6574975848197937,0.610945999622345,0.5285794138908386
1676_class-927,0.9540276527404785,0.39848947525024414,0.8027619123458862,0.7207860946655273,0.45024335384368896,0.9587414264678955
1677_class-927,0.9881138801574707,0.9882261753082275,0.9882361888885498,0.9882450103759766,0.9879716634750366,0.9880278706550598
1678_class-927,0.6339540481567383,0.8683894872665405,0.9822061061859131,0.9822814464569092,0.8650351762771606,0.8663020133972168
1679_class-927,0.9902268648147583,0.9903156161308289,0.9903406500816345,0.9903526306152344,0.9897875189781189,0.9902774095535278
1680_class-928,0.987101674079895,0.9873580932617188,0.9871386885643005,0.9872196912765503,0.9875198602676392,0.9874902963638306
1681_class-928,0.9424870014190674,0.9442816376686096,0.9394950866699219,0.9431402683258057,0.9421324729919434,0.9542370438575745
1682_class-928,0.9655301570892334,0.5983797311782837,0.5998680591583252,0.5985066294670105,0.5992524027824402,0.5995762944221497
1683_class-928,0.9756793975830078,0.9759020209312439,0.9794487953186035,0.9742892980575562,0.9796849489212036,0.9742817878723145
1684_class-928,0.9722170829772949,0.9720122814178467,0.97210294008255,0.9717072248458862,0.9720308780670166,0.9720008969306946
1685_class-928,0.9859097003936768,0.9861167669296265,0.9859910011291504,0.9863535165786743,0.98587965965271,0.9556612372398376
1686_class-928,0.9916167259216309,0.991789698600769,0.9917294979095459,0.992165207862854,0.9918496608734131,0.991879940032959
1687_class-928,0.9229969382286072,0.9552233219146729,0.9224858283996582,0.9236123561859131,0.9281527996063232,0.9236780405044556
1688_class-928,0.9850432276725769,0.9853631258010864,0.9853473901748657,0.98537677526474,0.9850527048110962,0.9849420785903931
1689_class-928,0.9919736981391907,0.9921159148216248,0.9930236339569092,0.9919737577438354,0.9921009540557861,0.9920934438705444
1690_class-929,0.9859733581542969,0.8663176894187927,0.9840736389160156,0.986119270324707,0.9853873252868652,0.986404538154602
1691_class-929,0.9807053804397583,0.844139814376831,0.8440656661987305,0.8441630601882935,0.8441303968429565,0.8440724611282349
1692_class-929,0.9722130298614502,0.7528685331344604,0.9729915261268616,0.9753971099853516,0.7525389194488525,0.9720238447189331
1693_class-929,0.9829888343811035,0.9814742803573608,0.9828459024429321,0.9814761281013489,0.8503174781799316,0.9821966886520386
1694_class-929,0.9808270931243896,0.9808530211448669,0.9807486534118652,0.9805685877799988,0.9809061884880066,0.9808636903762817
1695_class-929,0.9754469990730286,0.9773845076560974,0.9777609705924988,0.9778116941452026,0.9778660535812378,0.9781805872917175
1696_class-929,0.7824705839157104,0.7738667726516724,0.7736166715621948,0.982657790184021,0.7753392457962036,0.7764634490013123
1697_class-929,0.9743982553482056,0.9753636121749878,0.975886881351471,0.9748601913452148,0.9754879474639893,0.9759392142295837
1698_class-929,0.9668996334075928,0.9665284156799316,0.9672975540161133,0.9670474529266357,0.9667067527770996,0.9671438932418823
1699_class-929,0.8774758577346802,0.9389531016349792,0.9389289617538452,0.879304051399231,0.9388612508773804,0.8778926134109497
1700_class-930,0.5787663459777832,0.7760573625564575,0.7250066995620728,0.6926398277282715,0.7736159563064575,0.7143725156784058
1701_class-930,0.9544224143028259,0.9545577764511108,0.5024417042732239,0.9539451599121094,0.9544579982757568,0.6693256497383118
1702_class-930,0.44106125831604004,0.9803223609924316,0.9811713099479675,0.9814038276672363,0.9805494546890259,0.9805161952972412
1703_class-930,0.9691641330718994,0.9694535136222839,0.40907901525497437,0.96900475025177,0.9692074060440063,0.9691135883331299
1704_class-930,0.9784418940544128,0.978209376335144,0.6796350479125977,0.9783128499984741,0.9046740531921387,0.9783546328544617
1705_class-930,0.8444346189498901,0.6519484519958496,0.844415009021759,0.987730860710144,0.6519362330436707,0.9871010780334473
1706_class-930,0.8062741160392761,0.6596570611000061,0.8069851994514465,0.97393798828125,0.8754626512527466,0.875499963760376
1707_class-930,0.6539573669433594,0.6897534132003784,0.6547722816467285,0.6562299132347107,0.4837719798088074,0.6547120809555054
1708_class-930,0.9701586365699768,0.9697555303573608,0.786805272102356,0.969895601272583,0.9697484374046326,0.9711625576019287
1709_class-930,0.9631235599517822,0.6707248091697693,0.6073516011238098,0.8842105865478516,0.9580727815628052,0.8326599597930908
1710_class-931,0.9818732738494873,0.9820238351821899,0.9820083379745483,0.9817795753479004,0.9819928407669067,0.9818773865699768
1711_class-931,0.09796549379825592,0.9588374495506287,0.9591625928878784,0.09809001535177231,0.9591553211212158,0.9592632055282593
1712_class-931,0.3278443217277527,0.3513626456260681,0.3425327241420746,0.3334289789199829,0.3731878697872162,0.37332549691200256
1713_class-931,0.9613603353500366,0.9615681767463684,0.9618275165557861,0.9614381194114685,0.9610646963119507,0.9614508748054504
1714_class-931,0.9845510721206665,0.9844794273376465,0.984592854976654,0.9845203757286072,0.9843989014625549,0.9845000505447388
1715_class-931,0.97039794921875,0.9702050685882568,0.9703867435455322,0.9704352617263794,0.9703691005706787,0.9702440500259399
1716_class-931,0.9285778403282166,0.928514838218689,0.9285250306129456,0.9286018013954163,0.9286234378814697,0.9283779859542847
1717_class-931,0.9560097455978394,0.8841140270233154,0.8834446668624878,0.8852239847183228,0.8323384523391724,0.8855128884315491
1718_class-931,0.9771856665611267,0.9771735668182373,0.9771959185600281,0.9772541522979736,0.977320671081543,0.9772640466690063
1719_class-931,0.9658501744270325,0.6876786947250366,0.6877853870391846,0.793579638004303,0.4928242564201355,0.6876951456069946
1720_class-932,0.9770561456680298,0.9286367893218994,0.975874662399292,0.9760214686393738,0.9763782024383545,0.9767541885375977
1721_class-932,0.9901163578033447,0.9899232387542725,0.9901295900344849,0.9901576638221741,0.9902176856994629,0.9901310205459595
1722_class-932,0.9921512603759766,0.9921194314956665,0.9919940233230591,0.9919943809509277,0.9919472336769104,0.9920412302017212
1723_class-932,0.9869123101234436,0.986901044845581,0.9869228601455688,0.9868683815002441,0.9869112968444824,0.9869695901870728
1724_class-932,0.9873183965682983,0.9871764183044434,0.9871395230293274,0.9870094060897827,0.9874322414398193,0.9874496459960938
1725_class-932,0.9925495386123657,0.9925409555435181,0.9925577044487,0.9926259517669678,0.9925500154495239,0.9924354553222656
1726_class-932,0.3479875922203064,0.3551481366157532,0.6941672563552856,0.6954450607299805,0.6940573453903198,0.694106936454773
1727_class-932,0.9876954555511475,0.9873687028884888,0.9878369569778442,0.987291693687439,0.9876188039779663,0.98749840259552
1728_class-932,0.9800539016723633,0.9805426597595215,0.9806006550788879,0.9805215001106262,0.980675220489502,0.9806790947914124
1729_class-932,0.9701642394065857,0.9700263738632202,0.9702115058898926,0.9702421426773071,0.9705066680908203,0.9703435897827148
1730_class-933,0.9881182909011841,0.9880146980285645,0.9873381853103638,0.9880590438842773,0.9874848127365112,0.9873526692390442
1731_class-933,0.8585275411605835,0.9725881814956665,0.8960486650466919,0.6271418333053589,0.9153134226799011,0.9752188920974731
1732_class-933,0.963093638420105,0.9631708860397339,0.9628061056137085,0.9632304906845093,0.9633975028991699,0.9632786512374878
1733_class-933,0.9859920740127563,0.9851733446121216,0.9860126972198486,0.9862855672836304,0.9861521124839783,0.9867345094680786
1734_class-933,0.9369257092475891,0.9353945851325989,0.9346392154693604,0.9375094175338745,0.9326953887939453,0.9366217851638794
1735_class-933,0.5000975131988525,0.9862338304519653,0.9863309264183044,0.9833148717880249,0.9862932562828064,0.9834262132644653
1736_class-933,0.11532486975193024,0.10478197038173676,0.27589279413223267,0.10443949699401855,0.4073191285133362,0.11553741246461868
1737_class-933,0.8118657469749451,0.5318483710289001,0.7121480703353882,0.9767025709152222,0.9449069499969482,0.8737525939941406
1738_class-933,0.6345216035842896,0.634138822555542,0.7723808288574219,0.6387473344802856,0.7701725959777832,0.8418010473251343
1739_class-933,0.9703649282455444,0.6990034580230713,0.9703361392021179,0.6844035387039185,0.969633162021637,0.9697446227073669
1740_class-934,0.9651286602020264,0.9651962518692017,0.9659318923950195,0.9651719927787781,0.9651917219161987,0.9659059643745422
1741_class-934,0.9568952322006226,0.9550590515136719,0.9574003219604492,0.954482913017273,0.9570648670196533,0.9576898217201233
1742_class-934,0.9801744222640991,0.9800906181335449,0.8637371063232422,0.9806241989135742,0.9803792238235474,0.9806725978851318
1743_class-934,0.9711332321166992,0.97343510389328,0.9710181951522827,0.9725064039230347,0.9729927778244019,0.9709615707397461
1744_class-934,0.9726988077163696,0.9726555347442627,0.9726699590682983,0.9727036952972412,0.9726678729057312,0.9727153182029724
1745_class-934,0.9657840132713318,0.9657669067382812,0.9658443927764893,0.965071439743042,0.9658935070037842,0.9651502370834351
1746_class-934,0.9803893566131592,0.980284571647644,0.9799760580062866,0.9803435802459717,0.9803155660629272,0.9803151488304138
1747_class-934,0.6750471591949463,0.6153690218925476,0.7789132595062256,0.5815356373786926,0.6187440156936646,0.5712904334068298
1748_class-934,0.4879493713378906,0.9700952768325806,0.8584998250007629,0.9713257551193237,0.971056342124939,0.47971445322036743
1749_class-934,0.9811553955078125,0.9788094758987427,0.9784837961196899,0.9808031320571899,0.9810526371002197,0.9789257049560547
1750_class-935,0.030829600989818573,0.028555501252412796,0.9801895618438721,0.9801537990570068,0.02878679521381855,0.03120354190468788
1751_class-935,0.8388729095458984,0.8339283466339111,0.9181983470916748,0.7175512313842773,0.7925598621368408,0.7926211953163147
1752_class-935,0.9807512760162354,0.978326141834259,0.028748320415616035,0.02862260863184929,0.15773941576480865,0.9810187816619873
1753_class-935,0.3571363091468811,0.355158269405365,0.6889136433601379,0.6588074564933777,0.35660725831985474,0.35648202896118164
1754_class-935,0.9725013375282288,0.9533006548881531,0.9725660085678101,0.9725081920623779,0.06766754388809204,0.9715221524238586
1755_class-935,0.9731972217559814,0.9761430025100708,0.9758805632591248,0.9763684272766113,0.9759645462036133,0.975893497467041
1756_class-935,0.556290328502655,0.786272406578064,0.554745614528656,0.5528897643089294,0.4969490170478821,0.5131122469902039
1757_class-935,0.7619730830192566,0.4658350348472595,0.5908275842666626,0.6645761728286743,0.3263336420059204,0.5902500152587891
1758_class-935,0.6866369843482971,0.7210148572921753,0.3433533012866974,0.7222847938537598,0.7122911810874939,0.3751051723957062
1759_class-935,0.502482533454895,0.5068883299827576,0.5902114510536194,0.5068445205688477,0.589873194694519,0.6773993372917175
1760_class-936,0.906118631362915,0.9060220122337341,0.911558985710144,0.9123179316520691,0.9119464159011841,0.9048865437507629
1761_class-936,0.969862699508667,0.9696521759033203,0.9695940017700195,0.9680479764938354,0.9679114818572998,0.9694714546203613
1762_class-936,0.9591108560562134,0.9597445130348206,0.9592080116271973,0.9595638513565063,0.9592226147651672,0.9589728116989136
1763_class-936,0.8653087615966797,0.6665136814117432,0.8587340116500854,0.9808402061462402,0.6575918197631836,0.9598480463027954
1764_class-936,0.9762336611747742,0.9612135887145996,0.9764949083328247,0.9770604372024536,0.9762236475944519,0.9771628379821777
1765_class-936,0.9658201932907104,0.9669909477233887,0.9672825336456299,0.9666450023651123,0.06018880382180214,0.9653302431106567
1766_class-936,0.9680132865905762,0.9591348171234131,0.9681699275970459,0.969727635383606,0.9596226215362549,0.958904504776001
1767_class-936,0.9559993743896484,0.9576042890548706,0.9576038122177124,0.9578495025634766,0.7089661955833435,0.9576772451400757
1768_class-936,0.916739821434021,0.9153084754943848,0.9171531200408936,0.913296639919281,0.9091973304748535,0.9341439604759216
1769_class-936,0.9621694087982178,0.9608932733535767,0.9621191024780273,0.9607810974121094,0.9606153964996338,0.9610780477523804
1770_class-937,0.981120228767395,0.8572994470596313,0.8578139543533325,0.8576468229293823,0.8574070930480957,0.9779026508331299
1771_class-937,0.9589228630065918,0.981140673160553,0.9811239242553711,0.9812024831771851,0.9584611654281616,0.9813591837882996
1772_class-937,0.8147763609886169,0.9594396352767944,0.9506021738052368,0.9796842336654663,0.9804160594940186,0.8167668581008911
1773_class-937,0.8720479607582092,0.8726628422737122,0.8723877668380737,0.8729357123374939,0.8720660209655762,0.8718123435974121
1774_class-937,0.9790065288543701,0.974886417388916,0.9741299748420715,0.9792110919952393,0.9790211319923401,0.9747772216796875
1775_class-937,0.9494104385375977,0.9686852693557739,0.9593911170959473,0.9547738432884216,0.9644381999969482,0.9562788009643555
1776_class-937,0.98124098777771,0.9815471172332764,0.9812624454498291,0.981516420841217,0.9815573692321777,0.9812881946563721
1777_class-937,0.9069195985794067,0.9068862199783325,0.9069564342498779,0.9076255559921265,0.9090979099273682,0.9512647390365601
1778_class-937,0.9598126411437988,0.9592095613479614,0.9588584899902344,0.9586367011070251,0.9594019651412964,0.959000825881958
1779_class-937,0.3551030158996582,0.3537582755088806,0.5144110918045044,0.514392614364624,0.353835791349411,0.2734006345272064
1780_class-938,0.7869036793708801,0.9692063331604004,0.8843348026275635,0.8001840114593506,0.9692603349685669,0.5389366745948792
1781_class-938,0.9225115180015564,0.9532812833786011,0.9195287823677063,0.9474098682403564,0.9486056566238403,0.9228434562683105
1782_class-938,0.9659305810928345,0.9308391213417053,0.5814197063446045,0.5812966823577881,0.9626957774162292,0.6012460589408875
1783_class-938,0.7354722023010254,0.9281196594238281,0.8974515199661255,0.6307888031005859,0.9210515022277832,0.7648768424987793
1784_class-938,0.5440524816513062,0.9429669380187988,0.3835155665874481,0.5529721975326538,0.9400768280029297,0.9403230547904968
1785_class-938,0.9212736487388611,0.8841418623924255,0.923751175403595,0.8865337371826172,0.9201018810272217,0.9233345985412598
1786_class-938,0.709956169128418,0.7099015116691589,0.7104306221008301,0.7106242179870605,0.7104010581970215,0.7099897861480713
1787_class-938,0.9527236223220825,0.949300229549408,0.6803239583969116,0.6780352592468262,0.9397304058074951,0.9404230117797852
1788_class-938,0.9558608531951904,0.9567281603813171,0.956047773361206,0.9561767578125,0.955652117729187,0.9567866325378418
1789_class-938,0.7803971171379089,0.7810853719711304,0.780487596988678,0.7808877825737,0.7802507281303406,0.7806665301322937
1790_class-939,0.9897839426994324,0.9898428916931152,0.9897925853729248,0.9898008108139038,0.9898346066474915,0.9898271560668945
1791_class-939,0.9697705507278442,0.9779679775238037,0.9779176115989685,0.9694042205810547,0.9727012515068054,0.9783405661582947
1792_class-939,0.9880115985870361,0.9879597425460815,0.9879680871963501,0.9880190491676331,0.9878216981887817,0.9880537986755371
1793_class-939,0.9818462133407593,0.9818028211593628,0.9818623661994934,0.9817327260971069,0.9819419384002686,0.9816237092018127
1794_class-939,0.8767988681793213,0.6923789978027344,0.6925989389419556,0.96625816822052,0.9702602624893188,0.9657394289970398
1795_class-939,0.97942715883255,0.9800013899803162,0.9803638458251953,0.9800593852996826,0.9796427488327026,0.9804645776748657
1796_class-939,0.9799989461898804,0.9812842607498169,0.9817230105400085,0.8123617768287659,0.9815874099731445,0.9816911220550537
1797_class-939,0.9627300500869751,0.9710538387298584,0.9909801483154297,0.9704573154449463,0.9708213806152344,0.9710073471069336
1798_class-939,0.9904425144195557,0.9902822971343994,0.9904427528381348,0.9903972148895264,0.9892765283584595,0.9903856515884399
1799_class-939,0.9726460576057434,0.9726243019104004,0.9725662469863892,0.9726969003677368,0.9724865555763245,0.9725227355957031
1800_class-940,0.9598619937896729,0.960343599319458,0.9607505798339844,0.9585987329483032,0.9607778191566467,0.9604880809783936
1801_class-940,0.9576971530914307,0.9575034379959106,0.9573899507522583,0.9575684666633606,0.9573148488998413,0.9572607278823853
1802_class-940,0.9700123071670532,0.9700530767440796,0.9701411724090576,0.9700283408164978,0.969823956489563,0.9700289964675903
1803_class-940,0.3612405061721802,0.7977926731109619,0.3661060333251953,0.8025932908058167,0.8022617697715759,0.7829451560974121
1804_class-940,0.9588114023208618,0.9587973356246948,0.9544570446014404,0.9553612470626831,0.9588072299957275,0.9550889134407043
1805_class-940,0.9531499147415161,0.9520614147186279,0.9527852535247803,0.7692344784736633,0.7696160674095154,0.9488065838813782
1806_class-940,0.9764487743377686,0.9765364527702332,0.9766666889190674,0.9765133857727051,0.9765702486038208,0.9765268564224243
1807_class-940,0.8359725475311279,0.6857179999351501,0.8364837169647217,0.837200403213501,0.8548974990844727,0.835146963596344
1808_class-940,0.9833083152770996,0.5288901925086975,0.5284616351127625,0.5282838940620422,0.9840444326400757,0.9835091829299927
1809_class-940,0.9366464018821716,0.9381371736526489,0.9380893111228943,0.9377524852752686,0.9380900859832764,0.9383664131164551
1810_class-941,0.9686182141304016,0.9709341526031494,0.9691412448883057,0.9683386087417603,0.9704461097717285,0.9705955982208252
1811_class-941,0.5309521555900574,0.3838978111743927,0.5826129913330078,0.5849120616912842,0.5847413539886475,0.5813530683517456
1812_class-941,0.5458186864852905,0.607862114906311,0.7078551650047302,0.8502870202064514,0.5509804487228394,0.7479772567749023
1813_class-941,0.72286057472229,0.7426915168762207,0.5103447437286377,0.5102035999298096,0.8333930969238281,0.6195177435874939
1814_class-941,0.13131380081176758,0.13344892859458923,0.9510853290557861,0.13258177042007446,0.9607684016227722,0.7838262319564819
1815_class-941,0.6376535892486572,0.7036026120185852,0.8802860975265503,0.5061549544334412,0.677810549736023,0.7023792266845703
1816_class-941,0.9804461598396301,0.9819599390029907,0.9804326295852661,0.9817714691162109,0.9817174673080444,0.981485903263092
1817_class-941,0.8551150560379028,0.8551245927810669,0.8551008701324463,0.8551586866378784,0.8551435470581055,0.8551008701324463
1818_class-941,0.8291635513305664,0.8290207386016846,0.828843891620636,0.8288086652755737,0.8288424015045166,0.8287239074707031
1819_class-941,0.8687982559204102,0.8691673278808594,0.8691388368606567,0.8690236806869507,0.985335648059845,0.9852961301803589
1820_class-942,0.946099579334259,0.9464236497879028,0.9469407796859741,0.9465728998184204,0.9468080997467041,0.9462847113609314
1821_class-942,0.9798480272293091,0.9790581464767456,0.9798442721366882,0.9793897867202759,0.9796919822692871,0.968254804611206
1822_class-942,0.9805622696876526,0.9806149005889893,0.8423306941986084,0.9808419346809387,0.9804887175559998,0.9804757833480835
1823_class-942,0.9828873872756958,0.9829485416412354,0.9828423261642456,0.9829034805297852,0.9828314781188965,0.9828312397003174
1824_class-942,0.9786761999130249,0.9788275957107544,0.9788247346878052,0.9788904190063477,0.978913426399231,0.9787298440933228
1825_class-942,0.9820919036865234,0.6615188121795654,0.9817321300506592,0.7130232453346252,0.7128722071647644,0.9818598628044128
1826_class-942,0.9451696872711182,0.9442300200462341,0.9450713396072388,0.9453954100608826,0.9435950517654419,0.9458078145980835
1827_class-942,0.9799578189849854,0.9795598983764648,0.9796837568283081,0.9797419905662537,0.9796739816665649,0.9799740314483643
1828_class-942,0.9907562732696533,0.9888566732406616,0.9907546043395996,0.9903675317764282,0.9907852411270142,0.9908544421195984
1829_class-942,0.9782582521438599,0.9778044819831848,0.9779744148254395,0.9782068729400635,0.9779362678527832,0.9780385494232178
1830_class-943,0.9746357202529907,0.9338294863700867,0.9767135381698608,0.9298649430274963,0.9033949971199036,0.9344075918197632
1831_class-943,0.32739779353141785,0.2029142528772354,0.20161205530166626,0.2021636813879013,0.9840608239173889,0.2027065008878708
1832_class-943,0.9807446002960205,0.9818909168243408,0.9825513958930969,0.9827582836151123,0.8522948026657104,0.912334680557251
1833_class-943,0.4861101806163788,0.48845094442367554,0.48147812485694885,0.47946810722351074,0.48037922382354736,0.48822617530822754
1834_class-943,0.9680024981498718,0.9854903221130371,0.9855421781539917,0.9675505757331848,0.9855268001556396,0.9855968952178955
1835_class-943,0.21884363889694214,0.3296841084957123,0.3306129276752472,0.3306642174720764,0.332902729511261,0.33101242780685425
1836_class-943,0.43924999237060547,0.0261900182813406,0.04582035169005394,0.4298925995826721,0.40564027428627014,0.04215247184038162
1837_class-943,0.8343100547790527,0.9787843227386475,0.9208880066871643,0.9203132390975952,0.920864462852478,0.9190531969070435
1838_class-943,0.6029855608940125,0.603142261505127,0.6029711365699768,0.6028487086296082,0.6029171347618103,0.6030629873275757
1839_class-943,0.8964235782623291,0.8964219093322754,0.896613359451294,0.8965135812759399,0.8095688223838806,0.7399284243583679
1840_class-944,0.6981530785560608,0.9723150730133057,0.9558324813842773,0.9120997190475464,0.9726813435554504,0.5817405581474304
1841_class-944,0.9838123917579651,0.9838421940803528,0.9838567972183228,0.9837517142295837,0.9839621782302856,0.9838275909423828
1842_class-944,0.7047724723815918,0.7047326564788818,0.7048430442810059,0.7047692537307739,0.7048615217208862,0.7048429846763611
1843_class-944,0.33360040187835693,0.1266491562128067,0.1289549171924591,0.3335835039615631,0.13168498873710632,0.12863868474960327
1844_class-944,0.9758090972900391,0.49631619453430176,0.4339275658130646,0.9757572412490845,0.9806151986122131,0.9806152582168579
1845_class-944,0.9793773889541626,0.9796520471572876,0.985461950302124,0.9795446395874023,0.9794361591339111,0.9795640707015991
1846_class-944,0.9797534942626953,0.9792158007621765,0.9791817665100098,0.9792560338973999,0.9798452854156494,0.9802531599998474
1847_class-944,0.9727389812469482,0.9700567722320557,0.9727843403816223,0.9700043201446533,0.9699651598930359,0.9699416160583496
1848_class-944,0.9797448515892029,0.9798473119735718,0.9798128604888916,0.9797677993774414,0.9798136949539185,0.9797204732894897
1849_class-944,0.600959300994873,0.5992774367332458,0.8130040168762207,0.797725260257721,0.5762170553207397,0.611924409866333
1850_class-945,0.7977041006088257,0.891862690448761,0.8346502780914307,0.957445502281189,0.7475115060806274,0.8768965601921082
1851_class-945,0.9493976831436157,0.9532637596130371,0.9465197324752808,0.9478757381439209,0.9579523205757141,0.9479976892471313
1852_class-945,0.9880884289741516,0.6974776983261108,0.9881505370140076,0.9880876541137695,0.988222062587738,0.7098318934440613
1853_class-945,0.9873300790786743,0.9871171712875366,0.9870618581771851,0.9870160818099976,0.9871854186058044,0.9870498180389404
1854_class-945,0.7323198318481445,0.7324711084365845,0.38506433367729187,0.38558968901634216,0.572781503200531,0.3850363790988922
1855_class-945,0.9622968435287476,0.7500553727149963,0.6892825365066528,0.6854476928710938,0.6384313702583313,0.9623315334320068
1856_class-945,0.9880900979042053,0.9877347350120544,0.71766197681427,0.9875935316085815,0.9882986545562744,0.7177945375442505
1857_class-945,0.9803845882415771,0.9821406602859497,0.9804264307022095,0.9804367423057556,0.982420027256012,0.6598612666130066
1858_class-945,0.4773259460926056,0.47684136033058167,0.47516101598739624,0.376787006855011,0.3766770660877228,0.47737863659858704
1859_class-945,0.9783583879470825,0.9774937629699707,0.8468612432479858,0.25137972831726074,0.6915490031242371,0.6196509599685669
1860_class-946,0.7342795133590698,0.7542749643325806,0.6520624756813049,0.7559983730316162,0.7551677227020264,0.8408265113830566
1861_class-946,0.9817830324172974,0.9806556701660156,0.98149573802948,0.9768930673599243,0.9833260774612427,0.7346967458724976
1862_class-946,0.9606872797012329,0.966163158416748,0.9602295160293579,0.9599865674972534,0.9653439521789551,0.9591051340103149
1863_class-946,0.7063795328140259,0.5327292084693909,0.500887393951416,0.5074582695960999,0.7829858064651489,0.2714441418647766
1864_class-946,0.838026762008667,0.8035783171653748,0.675153374671936,0.8777356147766113,0.6898947358131409,0.09743070602416992
1865_class-946,0.8923996686935425,0.7535330057144165,0.7537936568260193,0.7533844709396362,0.7537416219711304,0.7398784160614014
1866_class-946,0.5389294624328613,0.5448850989341736,0.5390916466712952,0.5372258424758911,0.5382421016693115,0.5404750108718872
1867_class-946,0.714829683303833,0.813342809677124,0.5748085975646973,0.4376346468925476,0.8245101571083069,0.8253228664398193
1868_class-946,0.8528459072113037,0.8429907560348511,0.8417293429374695,0.8378716707229614,0.8538699150085449,0.8376597166061401
1869_class-946,0.9801061153411865,0.9814010858535767,0.9821335077285767,0.9805729985237122,0.9838201999664307,0.9806839227676392
1870_class-947,0.7889270782470703,0.9702906608581543,0.9672689437866211,0.004027206916362047,0.9687813520431519,0.9694406986236572
1871_class-947,0.020488422363996506,0.028041556477546692,0.9392858743667603,0.020884906873106956,0.02841883897781372,0.6936587691307068
1872_class-947,0.7632098197937012,0.713419497013092,0.65073561668396,0.614835798740387,0.7134943008422852,0.6878364086151123
1873_class-947,0.7565531730651855,0.756206750869751,0.7591370344161987,0.7564182281494141,0.7566347122192383,0.7582089900970459
1874_class-947,0.9684264659881592,0.8739725947380066,0.9681895971298218,0.8761038184165955,0.8740103244781494,0.8766871690750122
1875_class-947,0.5102229714393616,0.5473343729972839,0.5455759167671204,0.5947215557098389,0.5626739859580994,0.6286668181419373
1876_class-947,0.6744704246520996,0.6209840774536133,0.703853964805603,0.6802165508270264,0.5013996362686157,0.858055830001831
1877_class-947,0.860663652420044,0.861294686794281,0.8389629125595093,0.6369805932044983,0.6395789384841919,0.7950141429901123
1878_class-947,0.8607667684555054,0.862875759601593,0.8615821599960327,0.8627311587333679,0.8466730117797852,0.8004504442214966
1879_class-947,0.9844520688056946,0.9867802858352661,0.8947421908378601,0.986297070980072,0.9864311218261719,0.986341655254364
1880_class-948,0.7538226842880249,0.7526952028274536,0.7537872791290283,0.7538095712661743,0.9509804248809814,0.7539365291595459
1881_class-948,0.9301987886428833,0.9301987886428833,0.9298093318939209,0.9299139380455017,0.9307340979576111,0.9296440482139587
1882_class-948,0.9774641990661621,0.977420449256897,0.977637529373169,0.9775147438049316,0.9775165319442749,0.977654218673706
1883_class-948,0.9618733525276184,0.9619392156600952,0.9618358612060547,0.6084989905357361,0.961618185043335,0.9617127776145935
1884_class-948,0.8131891489028931,0.955718994140625,0.9558731317520142,0.9551727771759033,0.813620924949646,0.8131265640258789
1885_class-948,0.978102445602417,0.9781017303466797,0.9800654649734497,0.9781866669654846,0.9800443053245544,0.9782595634460449
1886_class-948,0.9545086622238159,0.9590911269187927,0.9545220732688904,0.954357385635376,0.9591683149337769,0.9587142467498779
1887_class-948,0.9735275506973267,0.9740591049194336,0.9732373952865601,0.9719706773757935,0.9722029566764832,0.9269473552703857
1888_class-948,0.980640172958374,0.9835293292999268,0.7052818536758423,0.983381986618042,0.9833812713623047,0.9834318161010742
1889_class-948,0.9548094272613525,0.9546600580215454,0.6624200940132141,0.808763861656189,0.6640760898590088,0.8109533786773682
1890_class-949,0.9658421277999878,0.9657289981842041,0.9658854007720947,0.965749979019165,0.9658021926879883,0.9657878875732422
1891_class-949,0.9587137699127197,0.9588638544082642,0.9588219523429871,0.9588531851768494,0.9588143229484558,0.9587488174438477
1892_class-949,0.9587842226028442,0.9589946269989014,0.9589803218841553,0.9588018655776978,0.9587084054946899,0.9588378071784973
1893_class-949,0.7620134353637695,0.9678281545639038,0.7714086771011353,0.7595553398132324,0.7735934257507324,0.7728800773620605
1894_class-949,0.9479752779006958,0.9482276439666748,0.9644239544868469,0.9654732346534729,0.9477525949478149,0.9565255641937256
1895_class-949,0.9435869455337524,0.9432882070541382,0.9428179264068604,0.9417270421981812,0.9430779814720154,0.9426318407058716
1896_class-949,0.9718183279037476,0.9717655181884766,0.9718623161315918,0.9717389345169067,0.9717888832092285,0.9718030691146851
1897_class-949,0.9792040586471558,0.9796730279922485,0.9796451330184937,0.9798487424850464,0.9795218706130981,0.979637861251831
1898_class-949,0.951160192489624,0.9511684775352478,0.9512079954147339,0.9511978626251221,0.9512431025505066,0.9511934518814087
1899_class-949,0.974912166595459,0.9748871922492981,0.9748638272285461,0.9748638272285461,0.9748799800872803,0.9748310446739197
1900_class-950,0.9128527045249939,0.9027996063232422,0.9087758660316467,0.9075714349746704,0.972859799861908,0.9052231907844543
1901_class-950,0.3264579772949219,0.3281565308570862,0.32618746161460876,0.870102047920227,0.32939064502716064,0.5138862133026123
1902_class-950,0.9850559234619141,0.9851006269454956,0.9851303100585938,0.9851523637771606,0.9852269887924194,0.9850928783416748
1903_class-950,0.9875210523605347,0.9879652261734009,0.9875704050064087,0.9875868558883667,0.9875292778015137,0.9879239797592163
1904_class-950,0.22561219334602356,0.053470853716135025,0.05458832159638405,0.22692833840847015,0.2323072850704193,0.4993778467178345
1905_class-950,0.9482483863830566,0.8297901153564453,0.9480218887329102,0.9479090571403503,0.9508357048034668,0.9486809372901917
1906_class-950,0.9911656379699707,0.9896575808525085,0.9910526871681213,0.9882568717002869,0.9874281287193298,0.9898266792297363
1907_class-950,0.8274292945861816,0.8295740485191345,0.8297422528266907,0.9698489904403687,0.8292251825332642,0.9699092507362366
1908_class-950,0.9871238470077515,0.9870723485946655,0.9862850308418274,0.9869693517684937,0.9869399070739746,0.987580418586731
1909_class-950,0.9717917442321777,0.9722995162010193,0.9722996950149536,0.8880707025527954,0.9720978140830994,0.9718413949012756
1910_class-951,0.8641296029090881,0.8958346843719482,0.8650861382484436,0.9164512753486633,0.9302387833595276,0.9140806198120117
1911_class-951,0.6433152556419373,0.6432665586471558,0.6517874002456665,0.7931727170944214,0.6503692269325256,0.7793512344360352
1912_class-951,0.9503354430198669,0.9499444961547852,0.9492514133453369,0.9501647353172302,0.6324508786201477,0.6316206455230713
1913_class-951,0.6173042058944702,0.9741612672805786,0.9740230441093445,0.9749674797058105,0.9748729467391968,0.9746195077896118
1914_class-951,0.7902442216873169,0.8054099678993225,0.8051269054412842,0.8142990469932556,0.7423577308654785,0.5907894372940063
1915_class-951,0.5839387774467468,0.4753376245498657,0.5828638672828674,0.5774141550064087,0.5779324769973755,0.5858157873153687
1916_class-951,0.31357327103614807,0.3778013586997986,0.2922373116016388,0.18652783334255219,0.31343722343444824,0.18812978267669678
1917_class-951,0.6490187644958496,0.3760727047920227,0.5799826979637146,0.6562013030052185,0.6027215123176575,0.6489493250846863
1918_class-951,0.9018828868865967,0.4532288908958435,0.7015749216079712,0.9027860164642334,0.8953104019165039,0.8987346887588501
1919_class-951,0.9634037017822266,0.9640847444534302,0.9630497694015503,0.9640902876853943,0.9639984369277954,0.9630731344223022
1920_class-952,0.9673932790756226,0.967400074005127,0.9676676392555237,0.9668573141098022,0.9673864245414734,0.9675960540771484
1921_class-952,0.9749758243560791,0.9748899340629578,0.9748156070709229,0.9747769236564636,0.9749387502670288,0.9749854207038879
1922_class-952,0.9635924696922302,0.9643957614898682,0.9638512134552002,0.9643158912658691,0.964256763458252,0.9644566774368286
1923_class-952,0.9748331308364868,0.9748812913894653,0.9748306274414062,0.9748576879501343,0.9747987985610962,0.974785566329956
1924_class-952,0.9795392751693726,0.9795396327972412,0.9795672297477722,0.979550838470459,0.9796392917633057,0.9795889854431152
1925_class-952,0.9649520516395569,0.9647383093833923,0.9618433713912964,0.9648815393447876,0.9651026725769043,0.9647549390792847
1926_class-952,0.9737082123756409,0.9737199544906616,0.9736759662628174,0.9736970663070679,0.9737604260444641,0.9737998843193054
1927_class-952,0.9437838792800903,0.9436005353927612,0.9436919689178467,0.9435189366340637,0.9435594081878662,0.9436860084533691
1928_class-952,0.984569251537323,0.9845877885818481,0.9845021963119507,0.9845893383026123,0.984503448009491,0.9845129251480103
1929_class-952,0.9661291837692261,0.9665663242340088,0.9656566381454468,0.9661769866943359,0.9661513566970825,0.4464474320411682
1930_class-953,0.8091835975646973,0.786095380783081,0.818866491317749,0.8253428936004639,0.7981704473495483,0.8315240740776062
1931_class-953,0.7316477298736572,0.931542158126831,0.9362159967422485,0.9382631778717041,0.9359357357025146,0.9241291880607605
1932_class-953,0.8524186611175537,0.7417373657226562,0.8528473973274231,0.8482782244682312,0.7420806288719177,0.8498945236206055
1933_class-953,0.9146705865859985,0.9047741889953613,0.9045320153236389,0.9286665916442871,0.9052128791809082,0.9052198529243469
1934_class-953,0.8708819150924683,0.8786595463752747,0.8813358545303345,0.8753121495246887,0.8761721849441528,0.8751036524772644
1935_class-953,0.9418691396713257,0.9343030452728271,0.10922184586524963,0.3084040880203247,0.7366723418235779,0.15982401371002197
1936_class-953,0.5438188314437866,0.5462908148765564,0.5492518544197083,0.8149853944778442,0.8075860738754272,0.788620114326477
1937_class-953,0.678629457950592,0.6818659901618958,0.6785559058189392,0.6910951137542725,0.677393913269043,0.8419753313064575
1938_class-953,0.9641066789627075,0.9643762707710266,0.9642388820648193,0.9642102718353271,0.9642879962921143,0.9640300869941711
1939_class-953,0.8404366970062256,0.8791677951812744,0.8355436325073242,0.89389967918396,0.8428676724433899,0.8354020118713379
1940_class-954,0.6723088622093201,0.6943316459655762,0.6413171291351318,0.9186508655548096,0.7043266296386719,0.6867120265960693
1941_class-954,0.9522367715835571,0.9477413892745972,0.9478774070739746,0.9488373398780823,0.949049711227417,0.94945228099823
1942_class-954,0.9761194586753845,0.9710714817047119,0.972277045249939,0.9711077213287354,0.5458740592002869,0.545318067073822
1943_class-954,0.9813065528869629,0.9812393188476562,0.9811549782752991,0.9813901782035828,0.981176495552063,0.9813464283943176
1944_class-954,0.9830634593963623,0.9596724510192871,0.9404356479644775,0.9841974973678589,0.9830718040466309,0.932345986366272
1945_class-954,0.9796267747879028,0.9795122146606445,0.7951942086219788,0.7940608859062195,0.9785982966423035,0.9795001149177551
1946_class-954,0.9718825221061707,0.9717547297477722,0.971892237663269,0.9726693630218506,0.9715869426727295,0.9718059301376343
1947_class-954,0.9810114502906799,0.9809597134590149,0.9810507297515869,0.9810721278190613,0.9809185266494751,0.9809508323669434
1948_class-954,0.8480692505836487,0.8477843999862671,0.8481308221817017,0.8479845523834229,0.8481467962265015,0.8475560545921326
1949_class-954,0.9695594310760498,0.9697130918502808,0.969910740852356,0.9697389006614685,0.9693163633346558,0.9693485498428345
1950_class-955,0.9798251390457153,0.9808932542800903,0.9792416095733643,0.978972315788269,0.980351448059082,0.9797489047050476
1951_class-955,0.9677851796150208,0.9713262915611267,0.971946656703949,0.9716604948043823,0.9710103273391724,0.9715824127197266
1952_class-955,0.8163807392120361,0.8163102865219116,0.8642883896827698,0.8167012333869934,0.8644903898239136,0.8164207935333252
1953_class-955,0.9800208806991577,0.9796838164329529,0.9796032309532166,0.9797455072402954,0.9796895384788513,0.9797513484954834
1954_class-955,0.680945873260498,0.49574822187423706,0.6809431314468384,0.6797419786453247,0.6807604432106018,0.6810331344604492
1955_class-955,0.8859038352966309,0.5790313482284546,0.895871639251709,0.9601260423660278,0.9080419540405273,0.8845982551574707
1956_class-955,0.5161552429199219,0.6061519384384155,0.5164560079574585,0.6061128973960876,0.515578031539917,0.6061474084854126
1957_class-955,0.9835132360458374,0.9835731983184814,0.9835764169692993,0.983604907989502,0.9834545850753784,0.9837473630905151
1958_class-955,0.957091748714447,0.9569979906082153,0.957099199295044,0.9572016000747681,0.9569242000579834,0.9004369974136353
1959_class-955,0.9826197028160095,0.9824789762496948,0.9827172160148621,0.38900861144065857,0.21989193558692932,0.9824519157409668
1960_class-956,0.9715514779090881,0.9715745449066162,0.7582045793533325,0.9450311660766602,0.9713635444641113,0.9720926284790039
1961_class-956,0.971542239189148,0.9727745056152344,0.9645919799804688,0.3403373658657074,0.9729049205780029,0.40075650811195374
1962_class-956,0.7960646748542786,0.7956756353378296,0.7971867918968201,0.7956535816192627,0.7958211302757263,0.7959349155426025
1963_class-956,0.9760953187942505,0.9757746458053589,0.9761491417884827,0.9760849475860596,0.9760653972625732,0.9761741161346436
1964_class-956,0.5410317778587341,0.9755377769470215,0.9657047986984253,0.5408406853675842,0.5411750078201294,0.5406218767166138
1965_class-956,0.9296200275421143,0.925655722618103,0.6143614053726196,0.7323169112205505,0.9288529753684998,0.9325098991394043
1966_class-956,0.564184308052063,0.555860161781311,0.9234480857849121,0.954275369644165,0.8987271189689636,0.5623770952224731
1967_class-956,0.975995659828186,0.9783039093017578,0.9783863425254822,0.9782911539077759,0.9782650470733643,0.9779472351074219
1968_class-956,0.4740654528141022,0.9202387928962708,0.9204959273338318,0.9205363988876343,0.7815619707107544,0.9199151992797852
1969_class-956,0.9708590507507324,0.9707037210464478,0.9706963300704956,0.807247519493103,0.9707952737808228,0.9707031846046448
1970_class-957,0.9859827756881714,0.986096978187561,0.9861660599708557,0.9861577153205872,0.9861541986465454,0.9860042929649353
1971_class-957,0.9885135889053345,0.9884141683578491,0.9882292747497559,0.9885212182998657,0.9884754419326782,0.9884676933288574
1972_class-957,0.6807922124862671,0.9852607250213623,0.801873505115509,0.9855121970176697,0.7691918611526489,0.9855495691299438
1973_class-957,0.9918652772903442,0.9920798540115356,0.9921762943267822,0.9922580122947693,0.9921818375587463,0.9920834302902222
1974_class-957,0.49458563327789307,0.9851364493370056,0.49844467639923096,0.49840980768203735,0.49815821647644043,0.4977359473705292
1975_class-957,0.9796047806739807,0.9794821739196777,0.9795658588409424,0.9794968366622925,0.9795052409172058,0.9794211387634277
1976_class-957,0.5610930323600769,0.365364670753479,0.5613833069801331,0.3653104305267334,0.36537402868270874,0.5616611242294312
1977_class-957,0.9857665300369263,0.9857412576675415,0.9858921766281128,0.9858670234680176,0.9857334494590759,0.9858169555664062
1978_class-957,0.2875329852104187,0.28753671050071716,0.28753483295440674,0.2875404357910156,0.2875311076641083,0.2875441610813141
1979_class-957,0.9822266101837158,0.4634058177471161,0.9837243556976318,0.9824234247207642,0.9824251532554626,0.9823890924453735
1980_class-958,0.8624237775802612,0.862127423286438,0.8622826337814331,0.862189531326294,0.8620097637176514,0.8622398376464844
1981_class-958,0.9525322914123535,0.9524699449539185,0.9528830051422119,0.9523311853408813,0.9523452520370483,0.9171886444091797
1982_class-958,0.9881862998008728,0.9881697297096252,0.9881776571273804,0.9882077574729919,0.9882141351699829,0.9881043434143066
1983_class-958,0.9598616361618042,0.9587523341178894,0.9582970142364502,0.9632220268249512,0.9599324464797974,0.9620389342308044
1984_class-958,0.8659141063690186,0.9844828844070435,0.9833753108978271,0.9853162169456482,0.9855818152427673,0.8656742572784424
1985_class-958,0.8339407444000244,0.8332449197769165,0.8337854146957397,0.8336663246154785,0.8332036733627319,0.8336828947067261
1986_class-958,0.8801968693733215,0.8803704977035522,0.8804357647895813,0.8803741931915283,0.8802263140678406,0.8800851702690125
1987_class-958,0.9638224840164185,0.6650158166885376,0.9661043882369995,0.9648745656013489,0.9624647498130798,0.9659973978996277
1988_class-958,0.9391472339630127,0.9392971396446228,0.9390919208526611,0.9392338991165161,0.9393370151519775,0.9392102956771851
1989_class-958,0.9174261093139648,0.9836347103118896,0.9837446212768555,0.9840972423553467,0.9840177297592163,0.984163761138916
1990_class-959,0.9330033659934998,0.9332385659217834,0.9329341650009155,0.9323300123214722,0.9333651065826416,0.9334204196929932
1991_class-959,0.9643827676773071,0.9643580913543701,0.9684795141220093,0.9648560881614685,0.9647241830825806,0.965965211391449
1992_class-959,0.9757833480834961,0.9755926132202148,0.9757039546966553,0.974382221698761,0.9748355150222778,0.9742666482925415
1993_class-959,0.5600665211677551,0.5513088703155518,0.9499293565750122,0.9497493505477905,0.9524636268615723,0.9501824378967285
1994_class-959,0.9133603572845459,0.9132546186447144,0.9138367176055908,0.9145318865776062,0.9105057716369629,0.9153342247009277
1995_class-959,0.8663063049316406,0.8647282123565674,0.8657450675964355,0.8819000124931335,0.8660010099411011,0.8637086153030396
1996_class-959,0.9807013273239136,0.9811629056930542,0.9813063144683838,0.9807746410369873,0.9808611869812012,0.9807084798812866
1997_class-959,0.9345802068710327,0.9348949193954468,0.9344000220298767,0.9348490238189697,0.9353723526000977,0.9351629018783569
1998_class-959,0.9727193713188171,0.97368323802948,0.9730220437049866,0.9725372791290283,0.9726495146751404,0.9725122451782227
1999_class-959,0.9740852117538452,0.9748332500457764,0.9750005602836609,0.9748020768165588,0.9748939275741577,0.9751537442207336
2000_class-960,0.9749512672424316,0.9748134613037109,0.9748733043670654,0.9750971794128418,0.9748543500900269,0.9749213457107544
2001_class-960,0.8643003702163696,0.1108817309141159,0.10129020363092422,0.9244587421417236,0.1004052460193634,0.9236977100372314
2002_class-960,0.5473901033401489,0.41362547874450684,0.37019217014312744,0.3952888250350952,0.5410622954368591,0.3844514489173889
2003_class-960,0.730912446975708,0.7219855785369873,0.7218979597091675,0.722055196762085,0.9434213638305664,0.722205400466919
2004_class-960,0.7728872299194336,0.9676933288574219,0.7738075256347656,0.9683342576026917,0.7761536836624146,0.967748761177063
2005_class-960,0.9529069662094116,0.9529162049293518,0.953249454498291,0.9525839686393738,0.9537440538406372,0.9528743028640747
2006_class-960,0.9659626483917236,0.9658839702606201,0.9657539129257202,0.965976357460022,0.965968132019043,0.9657241106033325
2007_class-960,0.9501280188560486,0.950158953666687,0.9501460194587708,0.9503190517425537,0.9502382874488831,0.9500771760940552
2008_class-960,0.9587136507034302,0.9555329084396362,0.5823847651481628,0.9348981380462646,0.9485104084014893,0.9035259485244751
2009_class-960,0.7222075462341309,0.71686851978302,0.703884482383728,0.6076133251190186,0.7332841157913208,0.7047622203826904
2010_class-961,0.9681307077407837,0.9682896137237549,0.968202531337738,0.9682402610778809,0.9682193994522095,0.9682823419570923
2011_class-961,0.9456421136856079,0.9465796947479248,0.9462472796440125,0.9453029632568359,0.9458657503128052,0.9464905261993408
2012_class-961,0.9813357591629028,0.981369137763977,0.9833382368087769,0.9833633899688721,0.981160044670105,0.9833117723464966
2013_class-961,0.9770551323890686,0.9772008061408997,0.9770770072937012,0.9770770072937012,0.9770770072937012,0.9771060943603516
2014_class-961,0.9617229700088501,0.9614989757537842,0.9622018933296204,0.961527943611145,0.9577322006225586,0.9578347206115723
2015_class-961,0.9494487643241882,0.9496341943740845,0.9496859908103943,0.9492535591125488,0.9496370553970337,0.949367344379425
2016_class-961,0.7053661346435547,0.7053941488265991,0.7058255672454834,0.705411434173584,0.7054500579833984,0.7022377252578735
2017_class-961,0.8656563758850098,0.8652507066726685,0.8654844760894775,0.8660247325897217,0.9617570638656616,0.8654892444610596
2018_class-961,0.983034610748291,0.9849151372909546,0.9852080345153809,0.9853981733322144,0.9846231937408447,0.9848840236663818
2019_class-961,0.8969084620475769,0.9071961641311646,0.8075357675552368,0.8994662761688232,0.5094812512397766,0.9007606506347656
2020_class-962,0.974507212638855,0.9744910001754761,0.9745374321937561,0.9744175672531128,0.9745123386383057,0.9744337797164917
2021_class-962,0.9839773774147034,0.9827913045883179,0.9840070009231567,0.9839769601821899,0.9839446544647217,0.9840148091316223
2022_class-962,0.9671487808227539,0.9672486186027527,0.9673929810523987,0.9675430059432983,0.9672656655311584,0.9673287868499756
2023_class-962,0.9796546697616577,0.9795058965682983,0.9795348644256592,0.9795066714286804,0.9794539213180542,0.979562520980835
2024_class-962,0.9779436588287354,0.9781343936920166,0.978096604347229,0.9780662059783936,0.977978527545929,0.9779819250106812
2025_class-962,0.9586948156356812,0.9587990045547485,0.9588907361030579,0.9585921764373779,0.9585169553756714,0.9585165977478027
2026_class-962,0.9797455072402954,0.978472113609314,0.9779515266418457,0.9783263206481934,0.9797465801239014,0.9783651828765869
2027_class-962,0.9821094274520874,0.9821659326553345,0.9822373986244202,0.9823529720306396,0.9822152853012085,0.9820923209190369
2028_class-962,0.9858952760696411,0.930268406867981,0.9838302135467529,0.9838554859161377,0.9842182397842407,0.9841412901878357
2029_class-962,0.9880238771438599,0.9879756569862366,0.9879953861236572,0.9880433082580566,0.9879947304725647,0.9877446293830872
2030_class-963,0.8136706352233887,0.8186293840408325,0.34629949927330017,0.8438856601715088,0.5133520364761353,0.83243727684021
2031_class-963,0.5782261490821838,0.6094914674758911,0.9702742695808411,0.9782266020774841,0.6619054675102234,0.9573272466659546
2032_class-963,0.48566874861717224,0.48658815026283264,0.4642801582813263,0.3988504707813263,0.5254712700843811,0.4969344139099121
2033_class-963,0.2657511830329895,0.26484596729278564,0.2656064033508301,0.26558300852775574,0.39540380239486694,0.2760678827762604
2034_class-963,0.8406311273574829,0.8035706877708435,0.8269704580307007,0.8233369588851929,0.8034203052520752,0.8267319202423096
2035_class-963,0.9556244611740112,0.955324649810791,0.9555644392967224,0.9553865194320679,0.9524416923522949,0.9555999040603638
2036_class-963,0.39889466762542725,0.3986853361129761,0.39605721831321716,0.3998826742172241,0.3988059163093567,0.3988351821899414
2037_class-963,0.5613665580749512,0.290637731552124,0.29065242409706116,0.5653986930847168,0.38757964968681335,0.4634591341018677
2038_class-963,0.29862380027770996,0.29700350761413574,0.3042035698890686,0.3047444820404053,0.3020559847354889,0.3622765839099884
2039_class-963,0.30660369992256165,0.8784812688827515,0.8897281885147095,0.8367092609405518,0.8588122129440308,0.8689804077148438
2040_class-964,0.9793739318847656,0.9792892932891846,0.9793277382850647,0.9794348478317261,0.9792125225067139,0.9795420169830322
2041_class-964,0.9873768091201782,0.9874396324157715,0.987431526184082,0.9870206713676453,0.9870489239692688,0.9871384501457214
2042_class-964,0.9821018576622009,0.9821351766586304,0.982067883014679,0.9821115136146545,0.9820577502250671,0.9822002649307251
2043_class-964,0.5707556009292603,0.5726275444030762,0.39070436358451843,0.3920518159866333,0.5745691061019897,0.5749599933624268
2044_class-964,0.9732087254524231,0.9776533246040344,0.9751659631729126,0.9753537178039551,0.975449800491333,0.1265714317560196
2045_class-964,0.026341978460550308,0.022020233795046806,0.06220689415931702,0.00477412948384881,0.025030750781297684,0.017832819372415543
2046_class-964,0.960731029510498,0.960252046585083,0.9598784446716309,0.9604616165161133,0.959726095199585,0.9602183699607849
2047_class-964,0.9849187135696411,0.9844868183135986,0.9661890864372253,0.9847228527069092,0.984861433506012,0.9365333318710327
2048_class-964,0.9805281162261963,0.9802110195159912,0.9801698923110962,0.9790830612182617,0.9803411960601807,0.9805711507797241
2049_class-964,0.9882615804672241,0.9883906841278076,0.9889457821846008,0.9883755445480347,0.988337516784668,0.988466739654541
2050_class-965,0.9510236978530884,0.956716775894165,0.9512232542037964,0.958969235420227,0.9578328132629395,0.9510722160339355
2051_class-965,0.928284764289856,0.9244580268859863,0.924496054649353,0.9222297668457031,0.9249207377433777,0.9221726655960083
2052_class-965,0.5444016456604004,0.8425947427749634,0.842921793460846,0.5443142652511597,0.5455077290534973,0.846970796585083
2053_class-965,0.9395500421524048,0.9400290250778198,0.652431845664978,0.9400366544723511,0.9483307600021362,0.9460357427597046
2054_class-965,0.9708967208862305,0.9711014628410339,0.9731788039207458,0.9710129499435425,0.9710718393325806,0.9708901643753052
2055_class-965,0.9815342426300049,0.9813694953918457,0.9813698530197144,0.9816521406173706,0.9817237257957458,0.9816367626190186
2056_class-965,0.696472704410553,0.6943222284317017,0.7011938095092773,0.691840410232544,0.6935948133468628,0.6906522512435913
2057_class-965,0.6672040820121765,0.9802741408348083,0.6672320365905762,0.9801713228225708,0.6671575903892517,0.9803131222724915
2058_class-965,0.9357963800430298,0.935619592666626,0.93574059009552,0.9356892704963684,0.935450553894043,0.9357814788818359
2059_class-965,0.9799784421920776,0.9748585820198059,0.9803032875061035,0.9800972938537598,0.9642858505249023,0.6068042516708374
2060_class-966,0.9458928108215332,0.7674874067306519,0.7797145843505859,0.7559499740600586,0.7532516717910767,0.7869070768356323
2061_class-966,0.9754766225814819,0.975579023361206,0.975496232509613,0.5739947557449341,0.9755380153656006,0.9754953980445862
2062_class-966,0.9713575839996338,0.9730439186096191,0.9720425605773926,0.9715571403503418,0.9715291261672974,0.9713438749313354
2063_class-966,0.9772089719772339,0.9772579669952393,0.9771769642829895,0.9771914482116699,0.977173924446106,0.9781357049942017
2064_class-966,0.7438607215881348,0.9697058200836182,0.970023512840271,0.7441343665122986,0.7437441349029541,0.7442426681518555
2065_class-966,0.952526330947876,0.9524295330047607,0.9525351524353027,0.9524519443511963,0.952587902545929,0.6738629341125488
2066_class-966,0.9300330877304077,0.9288872480392456,0.929398775100708,0.9292502403259277,0.9295392036437988,0.8950121998786926
2067_class-966,0.96912682056427,0.9701989889144897,0.9703209400177002,0.9702479839324951,0.9701327085494995,0.9702239036560059
2068_class-966,0.7433346509933472,0.9499548673629761,0.9501821398735046,0.9499690532684326,0.9499038457870483,0.9499827027320862
2069_class-966,0.747028648853302,0.9625512361526489,0.9659121632575989,0.9648800492286682,0.9627678394317627,0.9614264965057373
2070_class-967,0.9642665386199951,0.9642531871795654,0.9648336172103882,0.9641783237457275,0.9642931222915649,0.9643286466598511
2071_class-967,0.9182858467102051,0.9180437326431274,0.9010708332061768,0.9240025281906128,0.900179386138916,0.9183157682418823
2072_class-967,0.963325560092926,0.9633231163024902,0.963341236114502,0.96347975730896,0.963482141494751,0.9632083177566528
2073_class-967,0.9699348211288452,0.9696058630943298,0.9698519706726074,0.970016360282898,0.96998131275177,0.9699817895889282
2074_class-967,0.9390002489089966,0.938874363899231,0.938742995262146,0.9388465285301208,0.9388332962989807,0.9386206865310669
2075_class-967,0.9339704513549805,0.9308551549911499,0.9323441982269287,0.9333348274230957,0.04640054702758789,0.9338023066520691
2076_class-967,0.935161828994751,0.9348701238632202,0.9345340132713318,0.9349526166915894,0.934843897819519,0.9349092841148376
2077_class-967,0.9380449652671814,0.9378499984741211,0.8106642961502075,0.9540812969207764,0.061902545392513275,0.8084975481033325
2078_class-967,0.6212588548660278,0.940833568572998,0.941129207611084,0.9410604238510132,0.9411565065383911,0.9408664703369141
2079_class-967,0.9641168117523193,0.9478719234466553,0.9635268449783325,0.963748574256897,0.9639433026313782,0.9485267400741577
2080_class-968,0.7561575174331665,0.5124519467353821,0.762738823890686,0.5570264458656311,0.49605944752693176,0.7216678857803345
2081_class-968,0.8347547650337219,0.7044775485992432,0.6060265898704529,0.7652077078819275,0.7566368579864502,0.7525230646133423
2082_class-968,0.7916485071182251,0.7494841814041138,0.7929724454879761,0.7488071918487549,0.7495472431182861,0.7480765581130981
2083_class-968,0.690995454788208,0.690916121006012,0.5643349885940552,0.7777509689331055,0.7775601148605347,0.6906108856201172
2084_class-968,0.7041260004043579,0.7813453078269958,0.589712381362915,0.7728947401046753,0.6417060494422913,0.6122162938117981
2085_class-968,0.8636133670806885,0.6583951711654663,0.8664440512657166,0.6588349938392639,0.860400915145874,0.6588866710662842
2086_class-968,0.7518075704574585,0.6440948247909546,0.5748111009597778,0.5753974914550781,0.7496668696403503,0.5748895406723022
2087_class-968,0.7557207345962524,0.7291487455368042,0.7300207018852234,0.7286838889122009,0.9313304424285889,0.933205783367157
2088_class-968,0.6383514404296875,0.8474293351173401,0.6429757475852966,0.845677375793457,0.6477642059326172,0.638310968875885
2089_class-968,0.6279935240745544,0.6762163043022156,0.6290086507797241,0.7332285046577454,0.6983992457389832,0.6289757490158081
2090_class-969,0.8424249887466431,0.8363708257675171,0.8461267948150635,0.841637372970581,0.8416439890861511,0.8454713821411133
2091_class-969,0.9881107211112976,0.9880110025405884,0.9881719350814819,0.5940141677856445,0.5949654579162598,0.5929411053657532
2092_class-969,0.9847185611724854,0.9848071336746216,0.9847646951675415,0.9846688508987427,0.9846358299255371,0.9846991300582886
2093_class-969,0.8426872491836548,0.8767861127853394,0.8747034072875977,0.8754197955131531,0.8750392198562622,0.8137494325637817
2094_class-969,0.9887390732765198,0.9888824224472046,0.9889091849327087,0.9766613245010376,0.9888995289802551,0.9889264106750488
2095_class-969,0.6389116048812866,0.6393160820007324,0.6387238502502441,0.6393102407455444,0.6390362977981567,0.6395334005355835
2096_class-969,0.9871291518211365,0.9870689511299133,0.9870823621749878,0.9870023727416992,0.9870370030403137,0.9871339797973633
2097_class-969,0.558350682258606,0.9662491679191589,0.570127546787262,0.5599396228790283,0.7351816296577454,0.5671340823173523
2098_class-969,0.9765540957450867,0.9768192768096924,0.9767060875892639,0.9769161939620972,0.9768363237380981,0.9771630764007568
2099_class-969,0.9807257056236267,0.9806784391403198,0.9172917604446411,0.9808477163314819,0.9807479381561279,0.9203516244888306
2100_class-970,0.9811141490936279,0.9812465310096741,0.9795448780059814,0.9810612201690674,0.9123475551605225,0.9121711254119873
2101_class-970,0.9864345788955688,0.9863195419311523,0.9864015579223633,0.9863113164901733,0.9864014387130737,0.9863851070404053
2102_class-970,0.9760143756866455,0.9762690663337708,0.9761189222335815,0.9763625860214233,0.9761802554130554,0.9761565923690796
2103_class-970,0.9907537698745728,0.9903604388237,0.9920240640640259,0.9904230833053589,0.9903337955474854,0.9917819499969482
2104_class-970,0.7200886011123657,0.5156968832015991,0.5149051547050476,0.514992356300354,0.43530741333961487,0.5150654911994934
2105_class-970,0.9835811257362366,0.9830824136734009,0.7722361087799072,0.9841575622558594,0.7753469944000244,0.983810305595398
2106_class-970,0.7332170605659485,0.7333749532699585,0.9845088720321655,0.6176573038101196,0.7330029010772705,0.7333143949508667
2107_class-970,0.8314399719238281,0.8550049066543579,0.6572436690330505,0.8295146226882935,0.839371919631958,0.8291052579879761
2108_class-970,0.643896222114563,0.8361389636993408,0.8361066579818726,0.9451195001602173,0.8362348079681396,0.8360740542411804
2109_class-970,0.9749042391777039,0.9745005369186401,0.9745326042175293,0.9750813245773315,0.9750553369522095,0.9079926013946533
2110_class-971,0.6928094625473022,0.753433108329773,0.722294270992279,0.9753490686416626,0.7242479920387268,0.7219841480255127
2111_class-971,0.9890819787979126,0.9889484643936157,0.9869144558906555,0.9889130592346191,0.9889312386512756,0.9889580011367798
2112_class-971,0.973381757736206,0.9733988046646118,0.9743562936782837,0.9745648503303528,0.9745931029319763,0.973656415939331
2113_class-971,0.9780650734901428,0.9774764776229858,0.9777407646179199,0.9775371551513672,0.9774597883224487,0.9774000644683838
2114_class-971,0.973658561706543,0.9646326303482056,0.973379909992218,0.965188205242157,0.9736270904541016,0.9646482467651367
2115_class-971,0.9676918387413025,0.9714404344558716,0.9678804874420166,0.9715607166290283,0.9717139005661011,0.9677532911300659
2116_class-971,0.9550153017044067,0.9544668197631836,0.9549344778060913,0.9535408616065979,0.9542598724365234,0.9537606239318848
2117_class-971,0.9776828289031982,0.9776390790939331,0.9757305383682251,0.9770199060440063,0.977220356464386,0.9776828289031982
2118_class-971,0.9533765316009521,0.9578748345375061,0.9580901861190796,0.9579664468765259,0.9586519598960876,0.9580589532852173
2119_class-971,0.9838466644287109,0.9839351177215576,0.9837194681167603,0.9595260620117188,0.9837104678153992,0.9839251637458801
2120_class-972,0.7221855521202087,0.9133926630020142,0.7233080863952637,0.7233765125274658,0.9138345718383789,0.9216468334197998
2121_class-972,0.7449580430984497,0.9049856662750244,0.9555784463882446,0.2800303101539612,0.7088785767555237,0.7450246810913086
2122_class-972,0.9108157157897949,0.625643253326416,0.5949431657791138,0.3500632047653198,0.34080764651298523,0.34422141313552856
2123_class-972,0.6239718794822693,0.6320216655731201,0.7141222357749939,0.712502121925354,0.7106492519378662,0.6209348440170288
2124_class-972,0.82993483543396,0.675239086151123,0.6837519407272339,0.7483176589012146,0.8294497728347778,0.830552339553833
2125_class-972,0.7677085399627686,0.8691287636756897,0.6991598010063171,0.9256198406219482,0.7740667462348938,0.6440200805664062
2126_class-972,0.9490262866020203,0.7775453329086304,0.8871549367904663,0.8157525062561035,0.6674579381942749,0.709973156452179
2127_class-972,0.6372432112693787,0.6138068437576294,0.7243309617042542,0.7731184363365173,0.8114259839057922,0.7489999532699585
2128_class-972,0.9448568820953369,0.9443509578704834,0.9370006918907166,0.9456913471221924,0.9448877573013306,0.7075660228729248
2129_class-972,0.6847161054611206,0.7110406160354614,0.7153502702713013,0.7075601816177368,0.7316992282867432,0.7211823463439941
2130_class-973,0.9130155444145203,0.9796351194381714,0.9784303903579712,0.9535350799560547,0.9156146049499512,0.980980396270752
2131_class-973,0.9775962829589844,0.9776784777641296,0.9792665839195251,0.9771848917007446,0.9771035313606262,0.9774661660194397
2132_class-973,0.8670583963394165,0.8203707337379456,0.9745743274688721,0.8708896636962891,0.9746872186660767,0.8157100081443787
2133_class-973,0.8956958055496216,0.9726577401161194,0.9726126194000244,0.7720257043838501,0.7570223808288574,0.8714480996131897
2134_class-973,0.9693065881729126,0.9698148965835571,0.825097382068634,0.9700687527656555,0.9690086245536804,0.9694300293922424
2135_class-973,0.9776339530944824,0.977709949016571,0.6239034533500671,0.9777352809906006,0.7411377429962158,0.9776864051818848
2136_class-973,0.9787982106208801,0.9307337999343872,0.9788291454315186,0.9788458347320557,0.9787650108337402,0.978779673576355
2137_class-973,0.8808128833770752,0.9570727348327637,0.8785496950149536,0.9095878601074219,0.8137876987457275,0.6711795330047607
2138_class-973,0.9641588926315308,0.8686622381210327,0.9637751579284668,0.873895525932312,0.8803553581237793,0.9631475806236267
2139_class-973,0.9589353799819946,0.8653637170791626,0.9576463103294373,0.7329931259155273,0.9576840400695801,0.9573653340339661
2140_class-974,0.9481377005577087,0.946886420249939,0.9537714123725891,0.946934700012207,0.9541654586791992,0.9541844129562378
2141_class-974,0.9346791505813599,0.9434945583343506,0.9413183927536011,0.9433985948562622,0.9417374134063721,0.9422433376312256
2142_class-974,0.6843534708023071,0.6449228525161743,0.691985011100769,0.6795859932899475,0.6915276050567627,0.7203788757324219
2143_class-974,0.9557971954345703,0.9585915803909302,0.9594401121139526,0.9538687467575073,0.9529610872268677,0.9556899666786194
2144_class-974,0.9118620157241821,0.5011380910873413,0.5041829347610474,0.5000290274620056,0.9083702564239502,0.49057793617248535
2145_class-974,0.9784900546073914,0.9805923104286194,0.9786745309829712,0.9785408973693848,0.9788272380828857,0.9786562919616699
2146_class-974,0.9445757269859314,0.943912923336029,0.9446369409561157,0.9445385932922363,0.9456158876419067,0.9437566995620728
2147_class-974,0.9420318603515625,0.9415141344070435,0.9405845999717712,0.9429609179496765,0.9402730464935303,0.9405255913734436
2148_class-974,0.9646705389022827,0.965117871761322,0.9657274484634399,0.9646609425544739,0.9651630520820618,0.9654504060745239
2149_class-974,0.9674482941627502,0.9655524492263794,0.966666579246521,0.9672443866729736,0.9671368598937988,0.9657212495803833
2150_class-975,0.9653134346008301,0.9661846160888672,0.7891499996185303,0.9655619263648987,0.965469241142273,0.9658682346343994
2151_class-975,0.9190020561218262,0.9187412261962891,0.9834557771682739,0.9828288555145264,0.9189236760139465,0.9191759824752808
2152_class-975,0.9408993124961853,0.9407711029052734,0.9410072565078735,0.9408974647521973,0.9411841034889221,0.941192626953125
2153_class-975,0.9790405035018921,0.9787058234214783,0.9779194593429565,0.9782435894012451,0.9791848659515381,0.9787884950637817
2154_class-975,0.987449049949646,0.9874122142791748,0.9875152707099915,0.9874711036682129,0.9874638319015503,0.9875521063804626
2155_class-975,0.9749892950057983,0.9823412299156189,0.9825521111488342,0.9760818481445312,0.9747552871704102,0.9743982553482056
2156_class-975,0.9218432903289795,0.9220882654190063,0.9219064712524414,0.9221099615097046,0.9221090078353882,0.922214150428772
2157_class-975,0.8628387451171875,0.988915741443634,0.9872320890426636,0.9889249801635742,0.9899296760559082,0.987298846244812
2158_class-975,0.8595114946365356,0.859760046005249,0.8589701652526855,0.8607251644134521,0.8604551553726196,0.8600691556930542
2159_class-975,0.9864697456359863,0.9864697456359863,0.9864023923873901,0.9865149259567261,0.9864549040794373,0.9864249229431152
2160_class-976,0.9799058437347412,0.9798226356506348,0.9797822833061218,0.9799211025238037,0.9798654317855835,0.9798779487609863
2161_class-976,0.9824368953704834,0.9835447669029236,0.9821666479110718,0.9829044342041016,0.7017748355865479,0.9827184081077576
2162_class-976,0.980929434299469,0.9811356067657471,0.9809930920600891,0.9810284376144409,0.9809635877609253,0.9810913801193237
2163_class-976,0.9644989371299744,0.9635762572288513,0.9632827639579773,0.9643733501434326,0.9636264443397522,0.9635568857192993
2164_class-976,0.9616469144821167,0.9618796706199646,0.9616632461547852,0.9622567892074585,0.9620611667633057,0.9617533683776855
2165_class-976,0.9683524370193481,0.9676918983459473,0.9683871269226074,0.9682685732841492,0.9683588743209839,0.9352762699127197
2166_class-976,0.9850087761878967,0.9849685430526733,0.9849697351455688,0.9852010607719421,0.9850968718528748,0.9850707054138184
2167_class-976,0.979987621307373,0.979875385761261,0.6405910849571228,0.980078399181366,0.6470695734024048,0.648113489151001
2168_class-976,0.9628254175186157,0.961851954460144,0.8100206851959229,0.9628241062164307,0.9628915786743164,0.9628017544746399
2169_class-976,0.5397129654884338,0.5378591418266296,0.9698341488838196,0.9700984954833984,0.5495972037315369,0.9699323177337646
2170_class-977,0.6657824516296387,0.6778327226638794,0.9157685041427612,0.04426320269703865,0.9175400733947754,0.9162256717681885
2171_class-977,0.9508939981460571,0.9090958833694458,0.9513916969299316,0.9082134366035461,0.9089317321777344,0.9509581327438354
2172_class-977,0.8703106045722961,0.9753247499465942,0.9417992830276489,0.9750708937644958,0.9750208854675293,0.9749993085861206
2173_class-977,0.9790888428688049,0.9790063500404358,0.979050874710083,0.9789829254150391,0.9790191054344177,0.9771813154220581
2174_class-977,0.9446672201156616,0.9386464357376099,0.9388426542282104,0.9446885585784912,0.9388090372085571,0.9440428018569946
2175_class-977,0.9025965929031372,0.9030184745788574,0.9037520885467529,0.9033188819885254,0.9037503004074097,0.9032594561576843
2176_class-977,0.9133062362670898,0.9125945568084717,0.9668169021606445,0.9132652878761292,0.9136984944343567,0.9641395211219788
2177_class-977,0.9500054121017456,0.9538784027099609,0.9537885189056396,0.953799843788147,0.9482666254043579,0.9534533023834229
2178_class-977,0.8964083790779114,0.8946008086204529,0.8869909048080444,0.890680730342865,0.8957945108413696,0.8899784684181213
2179_class-977,0.8982253074645996,0.8166022300720215,0.8158611059188843,0.8944628238677979,0.8211854100227356,0.8173701763153076
2180_class-978,0.731049656867981,0.7146832346916199,0.6677629947662354,0.6684644222259521,0.7127572298049927,0.7144396305084229
2181_class-978,0.8538723587989807,0.853180468082428,0.8538799285888672,0.8524981141090393,0.852717399597168,0.852709174156189
2182_class-978,0.5860685110092163,0.5852624773979187,0.5846391916275024,0.5850889682769775,0.5851926803588867,0.7293468713760376
2183_class-978,0.9052962064743042,0.9040324687957764,0.903203010559082,0.9042433500289917,0.9042267799377441,0.9054882526397705
2184_class-978,0.7794666290283203,0.8357536792755127,0.7644679546356201,0.8545680046081543,0.8434396982192993,0.8493131399154663
2185_class-978,0.879302978515625,0.8826918005943298,0.8809860944747925,0.8817514777183533,0.8817395567893982,0.8808419704437256
2186_class-978,0.9522241353988647,0.9480414390563965,0.9527668356895447,0.7910504341125488,0.9489835500717163,0.951433539390564
2187_class-978,0.8581054210662842,0.8328728675842285,0.8539462089538574,0.8311034440994263,0.7145318984985352,0.8499426245689392
2188_class-978,0.8563953638076782,0.8498053550720215,0.8479177355766296,0.8489719033241272,0.8504246473312378,0.8499125242233276
2189_class-978,0.9407802224159241,0.9404443502426147,0.9403246641159058,0.9407018423080444,0.9408406019210815,0.9404487609863281
2190_class-979,0.4665946960449219,0.467742383480072,0.46734559535980225,0.4669893980026245,0.4627245366573334,0.4712376594543457
2191_class-979,0.9722926616668701,0.971839189529419,0.9721735715866089,0.9719051122665405,0.9720370769500732,0.9712318181991577
2192_class-979,0.9830186367034912,0.8154366612434387,0.9831640720367432,0.8152459859848022,0.8155129551887512,0.983156681060791
2193_class-979,0.9633573293685913,0.94783616065979,0.9463616609573364,0.9571858048439026,0.9618475437164307,0.9453379511833191
2194_class-979,0.9663921594619751,0.9665664434432983,0.9663581848144531,0.9664345979690552,0.9665154218673706,0.9666174650192261
2195_class-979,0.9637956023216248,0.9639465808868408,0.9639053344726562,0.9636483788490295,0.963775634765625,0.9638407826423645
2196_class-979,0.9726430177688599,0.9712332487106323,0.9668995141983032,0.9719483852386475,0.9672581553459167,0.9722987413406372
2197_class-979,0.9707819223403931,0.9708040952682495,0.9721646308898926,0.9721725583076477,0.8159448504447937,0.9481139183044434
2198_class-979,0.6541616916656494,0.6407761573791504,0.7985173463821411,0.6562755703926086,0.6574670672416687,0.6428712010383606
2199_class-979,0.9084604978561401,0.912223219871521,0.911317765712738,0.909297525882721,0.9129724502563477,0.9097131490707397
2200_class-980,0.28538477420806885,0.05724513530731201,0.29228469729423523,0.2811245322227478,0.3923894166946411,0.5081828236579895
2201_class-980,0.6689225435256958,0.669242262840271,0.6847761273384094,0.4123976230621338,0.39724230766296387,0.619600772857666
2202_class-980,0.34420812129974365,0.39731457829475403,0.4258616268634796,0.007813340984284878,0.432906836271286,0.5218939781188965
2203_class-980,0.5422232747077942,0.539172887802124,0.2738223969936371,0.5375142693519592,0.5453362464904785,0.2749701142311096
2204_class-980,0.281705379486084,0.39262422919273376,0.28186261653900146,0.3638564348220825,0.2811172604560852,0.4019748568534851
2205_class-980,0.19228291511535645,0.02551928162574768,0.1839638352394104,0.31356868147850037,0.32394444942474365,0.5141948461532593
2206_class-980,0.8949225544929504,0.3503817617893219,0.7694777250289917,0.9749889373779297,0.3762442469596863,0.7856385707855225
2207_class-980,0.06580467522144318,0.20385615527629852,0.21096882224082947,0.20994208753108978,0.20865260064601898,0.20920789241790771
2208_class-980,0.42681795358657837,0.40430784225463867,0.4139212369918823,0.41577720642089844,0.4133771061897278,0.4137311577796936
2209_class-980,0.8671284317970276,0.869011640548706,0.8650096654891968,0.8680878281593323,0.6542010307312012,0.8689736723899841
2210_class-981,0.8991880416870117,0.8714413046836853,0.8738440871238708,0.9004557132720947,0.8993415832519531,0.8920342326164246
2211_class-981,0.8866961002349854,0.8862819671630859,0.8867945671081543,0.8870785236358643,0.8868008255958557,0.8868574500083923
2212_class-981,0.9238803386688232,0.5523061752319336,0.9197911024093628,0.5527124404907227,0.9178783893585205,0.9225313663482666
2213_class-981,0.9462233781814575,0.9460583925247192,0.9466726183891296,0.9464325904846191,0.9463205337524414,0.9465057849884033
2214_class-981,0.9587306380271912,0.9589074850082397,0.9588609933853149,0.9587328433990479,0.9587565660476685,0.9589948654174805
2215_class-981,0.6932608485221863,0.7685023546218872,0.96388840675354,0.7681639194488525,0.6330615282058716,0.5819230079650879
2216_class-981,0.9277259111404419,0.5735407471656799,0.8595622181892395,0.6115988492965698,0.5736699104309082,0.5732988119125366
2217_class-981,0.9263683557510376,0.6822404861450195,0.6821813583374023,0.9213783740997314,0.9211934804916382,0.921505331993103
2218_class-981,0.6607363820075989,0.9322167038917542,0.7813714146614075,0.9320482015609741,0.2596570551395416,0.09218360483646393
2219_class-981,0.9636588096618652,0.6261090636253357,0.9652559757232666,0.9652234315872192,0.9651271104812622,0.9652572274208069
2220_class-982,0.7684800624847412,0.7685816884040833,0.7687301635742188,0.7683616876602173,0.7677260637283325,0.768220067024231
2221_class-982,0.987934947013855,0.988050103187561,0.9882023334503174,0.9880689978599548,0.9880526065826416,0.9881329536437988
2222_class-982,0.8155468106269836,0.9009308815002441,0.8990153670310974,0.8990294933319092,0.8987542986869812,0.8986549377441406
2223_class-982,0.9610356688499451,0.9738624691963196,0.966683566570282,0.9367848634719849,0.9695736169815063,0.9606084823608398
2224_class-982,0.8163191080093384,0.8162481784820557,0.8163196444511414,0.816232442855835,0.8163608312606812,0.8162413835525513
2225_class-982,0.9767852425575256,0.9759600162506104,0.9766160249710083,0.9765331745147705,0.976241946220398,0.9772093892097473
2226_class-982,0.4372847080230713,0.9835973978042603,0.6207451224327087,0.983121931552887,0.983275294303894,0.4284631609916687
2227_class-982,0.855475902557373,0.9849463701248169,0.9848593473434448,0.6681650876998901,0.6598002314567566,0.2703235149383545
2228_class-982,0.9840185642242432,0.9839779734611511,0.9838722944259644,0.984116792678833,0.9840459823608398,0.9839911460876465
2229_class-982,0.8324032425880432,0.981709361076355,0.9816484451293945,0.8313547372817993,0.9805564880371094,0.9816927909851074
2230_class-983,0.9275023937225342,0.5907943248748779,0.6166065335273743,0.6322051286697388,0.9286133050918579,0.9272966384887695
2231_class-983,0.9084618091583252,0.9100842475891113,0.9110495448112488,0.9111419916152954,0.9078493118286133,0.9106812477111816
2232_class-983,0.9778196811676025,0.9776359796524048,0.977760910987854,0.9778528213500977,0.9778982996940613,0.9778180122375488
2233_class-983,0.9491450786590576,0.94983971118927,0.9506261944770813,0.9488297700881958,0.9499712586402893,0.9497982859611511
2234_class-983,0.9339220523834229,0.6290363073348999,0.31535089015960693,0.9314395189285278,0.932354211807251,0.9324373006820679
2235_class-983,0.8970298171043396,0.8976318836212158,0.9247421026229858,0.9253034591674805,0.9228519201278687,0.8974863290786743
2236_class-983,0.9096131920814514,0.9089353084564209,0.909420371055603,0.9092241525650024,0.9088430404663086,0.9076282978057861
2237_class-983,0.8509818315505981,0.8503503799438477,0.8529642224311829,0.8509955406188965,0.8514813184738159,0.8627798557281494
2238_class-983,0.9372974634170532,0.937445342540741,0.9376087188720703,0.9324711561203003,0.9372226595878601,0.9368418455123901
2239_class-983,0.9865339994430542,0.9857895374298096,0.9863839149475098,0.986640453338623,0.9858661890029907,0.9849236011505127
2240_class-984,0.9859064817428589,0.9859141111373901,0.9859139919281006,0.9860336780548096,0.9859364032745361,0.985913872718811
2241_class-984,0.9853742122650146,0.9852027893066406,0.9850313067436218,0.9851356744766235,0.9851058721542358,0.9853220582008362
2242_class-984,0.9918845891952515,0.9918993711471558,0.9919215440750122,0.9918476343154907,0.9919363856315613,0.9917663335800171
2243_class-984,0.5078412890434265,0.5080305337905884,0.5089651942253113,0.9872884750366211,0.508354663848877,0.9874765276908875
2244_class-984,0.9767547845840454,0.9767166376113892,0.976764440536499,0.9767195582389832,0.9768105745315552,0.9768013954162598
2245_class-984,0.9881649017333984,0.9881501793861389,0.9882091283798218,0.9882459044456482,0.9881280660629272,0.988835334777832
2246_class-984,0.9905002117156982,0.9905380010604858,0.9907042980194092,0.9905078411102295,0.9906891584396362,0.9907041788101196
2247_class-984,0.37947261333465576,0.37937575578689575,0.3793008327484131,0.3793565332889557,0.3805084228515625,0.3793714940547943
2248_class-984,0.37945887446403503,0.9911835193634033,0.9911936521530151,0.9912130832672119,0.9911841750144958,0.3793873190879822
2249_class-984,0.8297305107116699,0.8297232389450073,0.8297520875930786,0.8297377824783325,0.8296798467636108,0.8297839164733887
2250_class-985,0.9445650577545166,0.9449111223220825,0.9443546533584595,0.9444751739501953,0.9442722797393799,0.9442236423492432
2251_class-985,0.9156099557876587,0.647421658039093,0.6474066972732544,0.6471651792526245,0.6475486159324646,0.6474096775054932
2252_class-985,0.9654083251953125,0.9653762578964233,0.9655148983001709,0.9654009342193604,0.9652888774871826,0.965374767780304
2253_class-985,0.9575237035751343,0.9579789638519287,0.9551968574523926,0.9572046399116516,0.9554844498634338,0.956859827041626
2254_class-985,0.9647684097290039,0.9647560715675354,0.9650325179100037,0.9650866985321045,0.9650518894195557,0.9647222757339478
2255_class-985,0.9176165461540222,0.962020754814148,0.9596642255783081,0.9617542028427124,0.7437434196472168,0.9573918581008911
2256_class-985,0.9425085783004761,0.942401647567749,0.9362956285476685,0.9426088333129883,0.9390097856521606,0.5869053602218628
2257_class-985,0.8887233138084412,0.8887614607810974,0.5932201147079468,0.8885473012924194,0.8891623020172119,0.8881366848945618
2258_class-985,0.9623016119003296,0.8305068016052246,0.9672706127166748,0.9060556888580322,0.8745582699775696,0.781599760055542
2259_class-985,0.9125354290008545,0.6938071250915527,0.8700511455535889,0.6497940421104431,0.9125266075134277,0.9128773808479309
2260_class-986,0.9771246910095215,0.9771416187286377,0.9769159555435181,0.9770165681838989,0.9771963357925415,0.97532057762146
2261_class-986,0.9569982290267944,0.9569528698921204,0.9570764303207397,0.9569792151451111,0.9569430351257324,0.956868052482605
2262_class-986,0.8008385300636292,0.9659059047698975,0.9451087713241577,0.9636930227279663,0.9577597379684448,0.037029094994068146
2263_class-986,0.9410294890403748,0.9420483112335205,0.8691652417182922,0.940831184387207,0.9390436410903931,0.9460321664810181
2264_class-986,0.9792276620864868,0.9790149927139282,0.9791975021362305,0.9791462421417236,0.9791467189788818,0.9790756702423096
2265_class-986,0.9499005079269409,0.9452605247497559,0.9498084187507629,0.9498790502548218,0.9475380182266235,0.9460866451263428
2266_class-986,0.9494765996932983,0.015339155681431293,0.9484807252883911,0.015218143351376057,0.2399010956287384,0.015397200360894203
2267_class-986,0.9413611888885498,0.9736183285713196,0.9413830637931824,0.9415376782417297,0.9415653347969055,0.9762699604034424
2268_class-986,0.039267074316740036,0.9680230617523193,0.04223421588540077,0.9688805341720581,0.9686528444290161,0.9691678285598755
2269_class-986,0.9776244163513184,0.9796772003173828,0.977851390838623,0.9779924154281616,0.9790334701538086,0.9794336557388306
2270_class-987,0.983617901802063,0.9848142862319946,0.9849754571914673,0.9850131869316101,0.9847897887229919,0.9837924838066101
2271_class-987,0.9768102169036865,0.9765658974647522,0.9767419099807739,0.9767236709594727,0.9767420291900635,0.9767589569091797
2272_class-987,0.9849474430084229,0.8995629549026489,0.9840468764305115,0.854692816734314,0.9062598943710327,0.9845744371414185
2273_class-987,0.990756630897522,0.9907797574996948,0.9908105731010437,0.9908181428909302,0.9907952547073364,0.9907872676849365
2274_class-987,0.42042455077171326,0.25829580426216125,0.25989213585853577,0.23905427753925323,0.42929255962371826,0.4292217493057251
2275_class-987,0.9870684146881104,0.9870758056640625,0.9874510765075684,0.9875099658966064,0.9871493577957153,0.9850401878356934
2276_class-987,0.9882380366325378,0.9883020520210266,0.9883023500442505,0.9883990287780762,0.9883343577384949,0.9883505702018738
2277_class-987,0.9767080545425415,0.9770505428314209,0.9772073030471802,0.9773215055465698,0.9769949913024902,0.9768183827400208
2278_class-987,0.9861176013946533,0.9864751100540161,0.9860953092575073,0.9860730767250061,0.9861325025558472,0.8202416896820068
2279_class-987,0.9873147010803223,0.6387902498245239,0.9541620016098022,0.9398104548454285,0.9865842461585999,0.9890326857566833
2280_class-988,0.9509872198104858,0.950283408164978,0.9510459899902344,0.9502946138381958,0.9509150385856628,0.95011305809021
2281_class-988,0.9849636554718018,0.9849847555160522,0.9846105575561523,0.9848346710205078,0.9849731922149658,0.984866738319397
2282_class-988,0.9720377922058105,0.9759217500686646,0.9724043607711792,0.9725167751312256,0.9720523357391357,0.9725766777992249
2283_class-988,0.9713649153709412,0.9719063639640808,0.9716845154762268,0.9717365503311157,0.9682817459106445,0.9296027421951294
2284_class-988,0.9602084159851074,0.9601291418075562,0.9601364731788635,0.9600651264190674,0.959970235824585,0.9602309465408325
2285_class-988,0.9389342069625854,0.9406636953353882,0.9407846927642822,0.6904863119125366,0.9395627975463867,0.9461841583251953
2286_class-988,0.966062605381012,0.9659261107444763,0.965829074382782,0.9661317467689514,0.9660314321517944,0.9661080241203308
2287_class-988,0.9800915122032166,0.9800601005554199,0.9800256490707397,0.9801265597343445,0.9799901247024536,0.9800827503204346
2288_class-988,0.9700336456298828,0.8695510625839233,0.9680069088935852,0.9683219790458679,0.9683210849761963,0.9680498838424683
2289_class-988,0.9775300621986389,0.9741746187210083,0.9759033918380737,0.9759347438812256,0.544524073600769,0.977187991142273
2290_class-989,0.7492547035217285,0.8282445669174194,0.7355384230613708,0.8254891633987427,0.8019227981567383,0.7672415971755981
2291_class-989,0.9072695374488831,0.7036843299865723,0.7776056528091431,0.7793229818344116,0.7791301608085632,0.7796295285224915
2292_class-989,0.5865218043327332,0.33173972368240356,0.8554086685180664,0.27275794744491577,0.36851561069488525,0.2680283486843109
2293_class-989,0.5120511651039124,0.754923939704895,0.4655727446079254,0.4688330888748169,0.4956361651420593,0.7722110748291016
2294_class-989,0.8757804036140442,0.8777201771736145,0.8740923404693604,0.8806921243667603,0.8737958669662476,0.2382570207118988
2295_class-989,0.9235728979110718,0.9244821667671204,0.9249329566955566,0.9237380027770996,0.9131959676742554,0.9243260025978088
2296_class-989,0.35110318660736084,0.9352145195007324,0.9365261197090149,0.922661542892456,0.9353018999099731,0.34770286083221436
2297_class-989,0.33664047718048096,0.3355517089366913,0.773623526096344,0.6184603571891785,0.3360973000526428,0.850358247756958
2298_class-989,0.5991453528404236,0.7832189202308655,0.6975520849227905,0.7736356854438782,0.629980742931366,0.6912118792533875
2299_class-989,0.9381794929504395,0.9395684003829956,0.9353444576263428,0.9393677711486816,0.9333435297012329,0.8330234289169312
2300_class-990,0.9724228382110596,0.9724581241607666,0.9724380373954773,0.9724148511886597,0.9724404811859131,0.9723358154296875
2301_class-990,0.9838338494300842,0.9837418794631958,0.9837340712547302,0.983568549156189,0.9838321208953857,0.9835084676742554
2302_class-990,0.9396530389785767,0.9393846988677979,0.939429521560669,0.9357471466064453,0.9389769434928894,0.9397991299629211
2303_class-990,0.9717220067977905,0.9714702367782593,0.9716148972511292,0.9716699719429016,0.9716848731040955,0.9716012477874756
2304_class-990,0.9819851517677307,0.9819938540458679,0.9820374250411987,0.9820113182067871,0.9819942712783813,0.981986403465271
2305_class-990,0.9818750023841858,0.9818918704986572,0.981874942779541,0.9819397330284119,0.9819074273109436,0.9818999171257019
2306_class-990,0.9751173853874207,0.97515869140625,0.9749500751495361,0.9749118089675903,0.9753333330154419,0.9753797054290771
2307_class-990,0.952381432056427,0.9524202346801758,0.9523754119873047,0.9523451328277588,0.9523612260818481,0.9525481462478638
2308_class-990,0.9642314910888672,0.9639051556587219,0.964026689529419,0.9647905826568604,0.9637337923049927,0.9641016125679016
2309_class-990,0.9781107902526855,0.9781936407089233,0.9781726598739624,0.9781415462493896,0.9782347679138184,0.9780900478363037
2310_class-991,0.09000041335821152,0.09416915476322174,0.08862253278493881,0.0901583582162857,0.09617386013269424,0.09415159374475479
2311_class-991,0.939872145652771,0.9393894672393799,0.9402821063995361,0.9397400617599487,0.9348834753036499,0.9382951259613037
2312_class-991,0.9140878915786743,0.9125521183013916,0.9146385192871094,0.9142378568649292,0.9130664467811584,0.9147598147392273
2313_class-991,0.9710032939910889,0.9711053371429443,0.9709808826446533,0.9711984395980835,0.9710735082626343,0.9710041880607605
2314_class-991,0.9701881408691406,0.97003173828125,0.9702488780021667,0.9701745510101318,0.9701745510101318,0.9702744483947754
2315_class-991,0.9803688526153564,0.9802809953689575,0.9800529479980469,0.9801287651062012,0.9802380204200745,0.9801927804946899
2316_class-991,0.942785382270813,0.9428181648254395,0.9428879618644714,0.9428635835647583,0.942721962928772,0.942780613899231
2317_class-991,0.9368433952331543,0.9368449449539185,0.9370041489601135,0.9369646310806274,0.93698650598526,0.9369094371795654
2318_class-991,0.9537321329116821,0.9794752597808838,0.9532574415206909,0.9853594303131104,0.9801965951919556,0.9853349924087524
2319_class-991,0.9690594673156738,0.9690507650375366,0.9690948724746704,0.9682823419570923,0.9689688086509705,0.969096302986145
2320_class-992,0.7559112310409546,0.7529383897781372,0.8054873943328857,0.35747313499450684,0.8124643564224243,0.8289601802825928
2321_class-992,0.8775730729103088,0.8899046182632446,0.8762071132659912,0.8777340650558472,0.8821936845779419,0.872104287147522
2322_class-992,0.5351988077163696,0.5336911678314209,0.5080614686012268,0.8024497032165527,0.5080249905586243,0.5080943703651428
2323_class-992,0.9120697379112244,0.9122689962387085,0.9103326797485352,0.910801887512207,0.912459135055542,0.9141576290130615
2324_class-992,0.6811259984970093,0.6810925006866455,0.6810541152954102,0.6810269951820374,0.6811105012893677,0.6809343099594116
2325_class-992,0.9209147691726685,0.9200167655944824,0.920960009098053,0.9202466011047363,0.9206151962280273,0.920102596282959
2326_class-992,0.7783103585243225,0.7705312967300415,0.7782405614852905,0.7615029811859131,0.7796194553375244,0.7755049467086792
2327_class-992,0.3680534064769745,0.34834742546081543,0.3479919135570526,0.3679365813732147,0.3681275248527527,0.36812564730644226
2328_class-992,0.9351722002029419,0.9359372854232788,0.935038685798645,0.9352096319198608,0.9350184202194214,0.9456888437271118
2329_class-992,0.8812929391860962,0.8819078803062439,0.8747174143791199,0.8819265961647034,0.8870068788528442,0.8846596479415894
2330_class-993,0.9486510157585144,0.9485066533088684,0.9483028650283813,0.9485066533088684,0.9487699270248413,0.9484217166900635
2331_class-993,0.8462172746658325,0.8464735746383667,0.8465265035629272,0.8464770317077637,0.8468766808509827,0.8461947441101074
2332_class-993,0.9203762412071228,0.920143723487854,0.9203596115112305,0.9201691150665283,0.9204435348510742,0.9202607870101929
2333_class-993,0.9410250186920166,0.9406582117080688,0.9407040476799011,0.9406123161315918,0.9407224059104919,0.9408324956893921
2334_class-993,0.9352003335952759,0.9351860880851746,0.9342824816703796,0.934409499168396,0.9348781704902649,0.9351233243942261
2335_class-993,0.9561021327972412,0.9561545252799988,0.9561470150947571,0.9560946226119995,0.9562219381332397,0.9561395645141602
2336_class-993,0.9113507270812988,0.9111538529396057,0.9109094142913818,0.9106893539428711,0.9106649160385132,0.9110122919082642
2337_class-993,0.9251036047935486,0.925040602684021,0.9249058365821838,0.9252938032150269,0.9263504147529602,0.9263886213302612
2338_class-993,0.8930526971817017,0.892872154712677,0.8929154872894287,0.8932914137840271,0.8930458426475525,0.8930310010910034
2339_class-993,0.9137231111526489,0.9136179685592651,0.9145358800888062,0.9144976139068604,0.9146124124526978,0.9133789539337158
2340_class-994,0.9599045515060425,0.959874153137207,0.959906816482544,0.959833562374115,0.9597994089126587,0.9598731994628906
2341_class-994,0.963534951210022,0.9635017514228821,0.9635601043701172,0.9636716842651367,0.9635577201843262,0.02285267785191536
2342_class-994,0.9798687696456909,0.9799521565437317,0.9798495769500732,0.9799046516418457,0.979972779750824,0.9798686504364014
2343_class-994,0.9786007404327393,0.9785901308059692,0.9786323308944702,0.9786281585693359,0.9786532521247864,0.9785140752792358
2344_class-994,0.9755109548568726,0.9754595756530762,0.975479006767273,0.9753595590591431,0.975460410118103,0.9755209684371948
2345_class-994,0.9472143650054932,0.9471613168716431,0.9471285939216614,0.9472911953926086,0.9470802545547485,0.9473518133163452
2346_class-994,0.9675441980361938,0.9674824476242065,0.9674986600875854,0.9678810834884644,0.9675306081771851,0.9675283432006836
2347_class-994,0.9797717332839966,0.9798486828804016,0.9798078536987305,0.9798719882965088,0.9797977209091187,0.9798945784568787
2348_class-994,0.9813960790634155,0.981347918510437,0.9814786911010742,0.9814434051513672,0.9814085960388184,0.9813231825828552
2349_class-994,0.9821352958679199,0.9822430610656738,0.9821616411209106,0.9821275472640991,0.9820789098739624,0.9820563793182373
2350_class-995,0.9554988741874695,0.9554579854011536,0.9554210901260376,0.9551347494125366,0.9554940462112427,0.9550913572311401
2351_class-995,0.6186701059341431,0.9486713409423828,0.9583197236061096,0.948280930519104,0.9528934359550476,0.9554940462112427
2352_class-995,0.453784704208374,0.45394188165664673,0.45372122526168823,0.4537277817726135,0.4537877142429352,0.45379990339279175
2353_class-995,0.33038440346717834,0.3298868238925934,0.3384546637535095,0.4433126747608185,0.44291794300079346,0.3358721435070038
2354_class-995,0.42934638261795044,0.42926639318466187,0.42931121587753296,0.42935407161712646,0.3915627896785736,0.4293714761734009
2355_class-995,0.5160611867904663,0.5160374641418457,0.5209401845932007,0.5184327960014343,0.5162803530693054,0.5163100957870483
2356_class-995,0.9561173915863037,0.9557832479476929,0.9560905694961548,0.9557192325592041,0.9558320641517639,0.9559921026229858
2357_class-995,0.8181009292602539,0.8254256248474121,0.8256508708000183,0.8257250785827637,0.8182952404022217,0.8253600597381592
2358_class-995,0.9489462375640869,0.679960310459137,0.9489037990570068,0.8293765783309937,0.9487572908401489,0.9496012926101685
2359_class-995,0.8694977760314941,0.7279456853866577,0.7260619401931763,0.7270925045013428,0.2923574149608612,0.29523321986198425
2360_class-996,0.7274402379989624,0.6943619251251221,0.837992787361145,0.8860912322998047,0.8852163553237915,0.7498847246170044
2361_class-996,0.6381919384002686,0.6819383502006531,0.6821140050888062,0.6375506520271301,0.5192382335662842,0.948939323425293
2362_class-996,0.7483150959014893,0.7941328287124634,0.7669583559036255,0.7552967071533203,0.7631947994232178,0.7482689619064331
2363_class-996,0.24374261498451233,0.9069271087646484,0.9035422801971436,0.9035925269126892,0.24739482998847961,0.23634541034698486
2364_class-996,0.939761757850647,0.5203410387039185,0.9315378665924072,0.9382887482643127,0.9385074377059937,0.8705388307571411
2365_class-996,0.4992583990097046,0.17313680052757263,0.5962809324264526,0.49866390228271484,0.49751076102256775,0.4973311126232147
2366_class-996,0.9130678772926331,0.7629395723342896,0.8776901960372925,0.8394361734390259,0.8305347561836243,0.9158229827880859
2367_class-996,0.3625602722167969,0.42498883605003357,0.9481717348098755,0.9476336240768433,0.49984872341156006,0.2497832477092743
2368_class-996,0.7114884853363037,0.8353887796401978,0.3616022765636444,0.7360583543777466,0.7213253974914551,0.7117252349853516
2369_class-996,0.6218371987342834,0.6130035519599915,0.6693623661994934,0.6779869198799133,0.9223717451095581,0.6235800385475159
2370_class-997,0.9504424333572388,0.9506601095199585,0.9557292461395264,0.9565820693969727,0.9539591670036316,0.9519486427307129
2371_class-997,0.9911360740661621,0.8323000073432922,0.9914442300796509,0.9910368919372559,0.9910259246826172,0.9911357164382935
2372_class-997,0.9675568342208862,0.9663424491882324,0.9669232368469238,0.9673284888267517,0.9684103727340698,0.9678998589515686
2373_class-997,0.974540114402771,0.9746749401092529,0.9668703079223633,0.9747780561447144,0.9745718240737915,0.9745956063270569
2374_class-997,0.9487557411193848,0.9420784711837769,0.9911981821060181,0.9426729679107666,0.5608344674110413,0.9457217454910278
2375_class-997,0.42206522822380066,0.4170731008052826,0.4119151830673218,0.04803808778524399,0.4101865887641907,0.4200831353664398
2376_class-997,0.4546184539794922,0.4550665020942688,0.4547869563102722,0.45469504594802856,0.4549176096916199,0.45481976866722107
2377_class-997,0.9796822667121887,0.9616438150405884,0.9816509485244751,0.9802947640419006,0.49522316455841064,0.7411414384841919
2378_class-997,0.37545180320739746,0.36316925287246704,0.32000112533569336,0.3493371605873108,0.35612690448760986,0.32050302624702454
2379_class-997,0.9472113847732544,0.9450037479400635,0.3529362082481384,0.9413732290267944,0.9375059604644775,0.3532164692878723
2380_class-998,0.9788750410079956,0.9791126251220703,0.9758028984069824,0.9787992238998413,0.978722095489502,0.9787772297859192
2381_class-998,0.9667840600013733,0.9667295217514038,0.9667118787765503,0.9666930437088013,0.967056155204773,0.966808557510376
2382_class-998,0.970525324344635,0.9705120325088501,0.9718815088272095,0.9707695245742798,0.9716873168945312,0.9718434810638428
2383_class-998,0.9688551425933838,0.9624289274215698,0.9651886224746704,0.9614650011062622,0.9618244171142578,0.9693024754524231
2384_class-998,0.9363448619842529,0.934011697769165,0.9299790859222412,0.9352962374687195,0.9332892298698425,0.93560391664505
2385_class-998,0.9351353645324707,0.9353461265563965,0.9355061054229736,0.9355416297912598,0.9366358518600464,0.9354135990142822
2386_class-998,0.9840123653411865,0.9839537143707275,0.9840351343154907,0.9840235114097595,0.9838613271713257,0.9838957190513611
2387_class-998,0.9433628916740417,0.9451993703842163,0.9522838592529297,0.9443669319152832,0.9435133934020996,0.9514971971511841
2388_class-998,0.991269052028656,0.9913754463195801,0.9912701845169067,0.9915828108787537,0.9914095401763916,0.9910694360733032
2389_class-998,0.9745291471481323,0.975153923034668,0.9748286604881287,0.9773471355438232,0.9749791622161865,0.9740184545516968
2390_class-999,0.9658997058868408,0.9655408263206482,0.9658585786819458,0.9660319089889526,0.9657317399978638,0.5962110757827759
2391_class-999,0.9743073582649231,0.974120020866394,0.9740084409713745,0.9742339849472046,0.9732882976531982,0.9738945960998535
2392_class-999,0.9878456592559814,0.9879283308982849,0.9877282381057739,0.98771071434021,0.987743616104126,0.9880121946334839
2393_class-999,0.9386876821517944,0.6991289854049683,0.9387197494506836,0.6990208029747009,0.6985964775085449,0.861986517906189
2394_class-999,0.025779444724321365,0.025057639926671982,0.02610793150961399,0.026032906025648117,0.02473137155175209,0.9064050912857056
2395_class-999,0.8104157447814941,0.6597084403038025,0.5096564292907715,0.8852707147598267,0.506882905960083,0.6596769690513611
2396_class-999,0.45493289828300476,0.6041132211685181,0.6045965552330017,0.60479736328125,0.6035203337669373,0.47316592931747437
2397_class-999,0.4617241322994232,0.5440798997879028,0.5440796613693237,0.5437596440315247,0.45850056409835815,0.35143545269966125
2398_class-999,0.9660302400588989,0.9668142795562744,0.9669334888458252,0.9668585658073425,0.9660914540290833,0.9660310745239258
2399_class-999,0.9530532360076904,0.9529358148574829,0.9534851312637329,0.952349066734314,0.9527410864830017,0.9522527456283569
