obj_name,original_iter,original_miou,baseline_miou_original,oracle_miou_original,guarded_iter,guarded_miou,baseline_miou_guarded,oracle_miou_guarded,guarded_delta_vs_original,original_delta_vs_baseline,guarded_delta_vs_baseline,original_non_degraded,guarded_non_degraded,ndr_transition,benchmark,fallback_applied_x,fallback_applied_y,ndr_delta
0_class-760,0,0.9813274145,0.9813274145,0.9814784527,0,0.9813274145,0.9813274145,0.9814784527,0.0000000000,0.0000000000,0.0000000000,1,1,0.0000000000,FSS-1000,,,
1_class-760,2,0.9738668203,0.9744238853,0.9757140875,0,0.9744238853,0.9744238853,0.9757140875,0.0005570650,-0.0005570650,0.0000000000,0,1,1.0000000000,FSS-1000,,,
2_class-760,4,0.9772538543,0.9058039188,0.9772538543,0,0.9058039188,0.9058039188,0.9772538543,-0.0714499354,0.0714499354,0.0000000000,1,1,0.0000000000,FSS-1000,,,
3_class-760,1,0.9643460512,0.9654957056,0.9654957056,0,0.9654957056,0.9654957056,0.9654957056,0.0011496544,-0.0011496544,0.0000000000,0,1,1.0000000000,FSS-1000,,,
4_class-760,4,0.9258130789,0.9717376828,0.9717376828,0,0.9717376828,0.9717376828,0.9717376828,0.0459246039,-0.0459246039,0.0000000000,0,1,1.0000000000,FSS-1000,,,
5_class-760,4,0.8971329927,0.9088302255,0.9186780453,0,0.9088302255,0.9088302255,0.9186780453,0.0116972327,-0.0116972327,0.0000000000,0,1,1.0000000000,FSS-1000,,,
6_class-760,5,0.9335729480,0.9401433468,0.9415881634,0,0.9401433468,0.9401433468,0.9415881634,0.0065703988,-0.0065703988,0.0000000000,0,1,1.0000000000,FSS-1000,,,
7_class-760,2,0.8776462078,0.8779630661,0.8788494468,2,0.8776462078,0.8779630661,0.8788494468,0.0000000000,-0.0003168583,-0.0003168583,0,0,0.0000000000,FSS-1000,,,
8_class-760,3,0.9629740715,0.9645647407,0.9645647407,0,0.9645647407,0.9645647407,0.9645647407,0.0015906692,-0.0015906692,0.0000000000,0,1,1.0000000000,FSS-1000,,,
9_class-760,5,0.9465957880,0.9441146255,0.9465957880,0,0.9441146255,0.9441146255,0.9465957880,-0.0024811625,0.0024811625,0.0000000000,1,1,0.0000000000,FSS-1000,,,
10_class-761,1,0.9743086100,0.9742160439,0.9747468829,1,0.9743086100,0.9742160439,0.9747468829,0.0000000000,0.0000925660,0.0000925660,1,1,0.0000000000,FSS-1000,,,
11_class-761,3,0.9760534763,0.9760540724,0.9763821363,0,0.9760540724,0.9760540724,0.9763821363,0.0000005960,-0.0000005960,0.0000000000,0,1,1.0000000000,FSS-1000,,,
12_class-761,3,0.9374163747,0.9341206551,0.9374163747,0,0.9341206551,0.9341206551,0.9374163747,-0.0032957196,0.0032957196,0.0000000000,1,1,0.0000000000,FSS-1000,,,
13_class-761,5,0.9712018967,0.9714252353,0.9719095230,5,0.9712018967,0.9714252353,0.9719095230,0.0000000000,-0.0002233386,-0.0002233386,0,0,0.0000000000,FSS-1000,,,
14_class-761,2,0.9197050333,0.9223639965,0.9244493246,2,0.9197050333,0.9223639965,0.9244493246,0.0000000000,-0.0026589632,-0.0026589632,0,0,0.0000000000,FSS-1000,,,
15_class-761,2,0.9574148655,0.9552655220,0.9574148655,2,0.9574148655,0.9552655220,0.9574148655,0.0000000000,0.0021493435,0.0021493435,1,1,0.0000000000,FSS-1000,,,
16_class-761,1,0.9734572172,0.8107621074,0.9734572172,0,0.8107621074,0.8107621074,0.9734572172,-0.1626951098,0.1626951098,0.0000000000,1,1,0.0000000000,FSS-1000,,,
17_class-761,0,0.9710486531,0.9710486531,0.9710661173,0,0.9710486531,0.9710486531,0.9710661173,0.0000000000,0.0000000000,0.0000000000,1,1,0.0000000000,FSS-1000,,,
18_class-761,3,0.9597378969,0.9566269517,0.9612786770,3,0.9597378969,0.9566269517,0.9612786770,0.0000000000,0.0031109452,0.0031109452,1,1,0.0000000000,FSS-1000,,,
19_class-761,3,0.9561273456,0.9555139542,0.9593555927,0,0.9555139542,0.9555139542,0.9593555927,-0.0006133914,0.0006133914,0.0000000000,1,1,0.0000000000,FSS-1000,,,
20_class-762,0,0.9427965283,0.9427965283,0.9505213499,0,0.9427965283,0.9427965283,0.9505213499,0.0000000000,0.0000000000,0.0000000000,1,1,0.0000000000,FSS-1000,,,
21_class-762,0,0.9475061893,0.9475061893,0.9475061893,0,0.9475061893,0.9475061893,0.9475061893,0.0000000000,0.0000000000,0.0000000000,1,1,0.0000000000,FSS-1000,,,
22_class-762,1,0.9571546912,0.9475554824,0.9571546912,1,0.9571546912,0.9475554824,0.9571546912,0.0000000000,0.0095992088,0.0095992088,1,1,0.0000000000,FSS-1000,,,
23_class-762,5,0.9336713552,0.9289288521,0.9336713552,0,0.9289288521,0.9289288521,0.9336713552,-0.0047425032,0.0047425032,0.0000000000,1,1,0.0000000000,FSS-1000,,,
24_class-762,0,0.8680666089,0.8680666089,0.9472885132,0,0.8680666089,0.8680666089,0.9472885132,0.0000000000,0.0000000000,0.0000000000,1,1,0.0000000000,FSS-1000,,,
25_class-762,3,0.9260272980,0.9131250381,0.9295969009,0,0.9131250381,0.9131250381,0.9295969009,-0.0129022598,0.0129022598,0.0000000000,1,1,0.0000000000,FSS-1000,,,
26_class-762,3,0.7277299166,0.7272858620,0.7284688950,3,0.7277299166,0.7272858620,0.7284688950,0.0000000000,0.0004440546,0.0004440546,1,1,0.0000000000,FSS-1000,,,
27_class-762,3,0.9418810010,0.9380093813,0.9418810010,0,0.9380093813,0.9380093813,0.9418810010,-0.0038716197,0.0038716197,0.0000000000,1,1,0.0000000000,FSS-1000,,,
28_class-762,2,0.9329269528,0.8937852383,0.9329269528,0,0.8937852383,0.8937852383,0.9329269528,-0.0391417146,0.0391417146,0.0000000000,1,1,0.0000000000,FSS-1000,,,
29_class-762,2,0.9646850824,0.9645769000,0.9647115469,2,0.9646850824,0.9645769000,0.9647115469,0.0000000000,0.0001081824,0.0001081824,1,1,0.0000000000,FSS-1000,,,
30_class-763,4,0.8090631962,0.7935562134,0.8130215406,4,0.8090631962,0.7935562134,0.8130215406,0.0000000000,0.0155069828,0.0155069828,1,1,0.0000000000,FSS-1000,,,
31_class-763,2,0.9528978467,0.9539375901,0.9540545344,2,0.9528978467,0.9539375901,0.9540545344,0.0000000000,-0.0010397434,-0.0010397434,0,0,0.0000000000,FSS-1000,,,
32_class-763,2,0.9548053741,0.9546692371,0.9549171329,0,0.9546692371,0.9546692371,0.9549171329,-0.0001361370,0.0001361370,0.0000000000,1,1,0.0000000000,FSS-1000,,,
33_class-763,4,0.9598968029,0.9594113827,0.9598968029,0,0.9594113827,0.9594113827,0.9598968029,-0.0004854202,0.0004854202,0.0000000000,1,1,0.0000000000,FSS-1000,,,
34_class-763,2,0.9769902229,0.9769296646,0.9772174954,2,0.9769902229,0.9769296646,0.9772174954,0.0000000000,0.0000605583,0.0000605583,1,1,0.0000000000,FSS-1000,,,
35_class-763,2,0.8840268850,0.1242204905,0.9451429248,2,0.8840268850,0.1242204905,0.9451429248,0.0000000000,0.7598063946,0.7598063946,1,1,0.0000000000,FSS-1000,,,
36_class-763,1,0.9595147967,0.9588723183,0.9595147967,0,0.9588723183,0.9588723183,0.9595147967,-0.0006424785,0.0006424785,0.0000000000,1,1,0.0000000000,FSS-1000,,,
37_class-763,5,0.9302513599,0.9284969568,0.9366338253,0,0.9284969568,0.9284969568,0.9366338253,-0.0017544031,0.0017544031,0.0000000000,1,1,0.0000000000,FSS-1000,,,
38_class-763,2,0.9318205714,0.2403570861,0.9318205714,2,0.9318205714,0.2403570861,0.9318205714,0.0000000000,0.6914634854,0.6914634854,1,1,0.0000000000,FSS-1000,,,
39_class-763,3,0.9563407302,0.6209042072,0.9563407302,3,0.9563407302,0.6209042072,0.9563407302,0.0000000000,0.3354365230,0.3354365230,1,1,0.0000000000,FSS-1000,,,
40_class-764,2,0.9467599392,0.9468620420,0.9469438791,0,0.9468620420,0.9468620420,0.9469438791,0.0001021028,-0.0001021028,0.0000000000,0,1,1.0000000000,FSS-1000,,,
41_class-764,1,0.9401107430,0.9393417835,0.9401502609,1,0.9401107430,0.9393417835,0.9401502609,0.0000000000,0.0007689595,0.0007689595,1,1,0.0000000000,FSS-1000,,,
42_class-764,5,0.9237430096,0.9252240658,0.9259245396,0,0.9252240658,0.9252240658,0.9259245396,0.0014810562,-0.0014810562,0.0000000000,0,1,1.0000000000,FSS-1000,,,
43_class-764,5,0.9800943732,0.9799901247,0.9800943732,5,0.9800943732,0.9799901247,0.9800943732,0.0000000000,0.0001042485,0.0001042485,1,1,0.0000000000,FSS-1000,,,
44_class-764,0,0.9617199898,0.9617199898,0.9618936777,0,0.9617199898,0.9617199898,0.9618936777,0.0000000000,0.0000000000,0.0000000000,1,1,0.0000000000,FSS-1000,,,
45_class-764,1,0.8885607719,0.8843283653,0.8885607719,1,0.8885607719,0.8843283653,0.8885607719,0.0000000000,0.0042324066,0.0042324066,1,1,0.0000000000,FSS-1000,,,
46_class-764,2,0.9741259813,0.9739103913,0.9750037193,2,0.9741259813,0.9739103913,0.9750037193,0.0000000000,0.0002155900,0.0002155900,1,1,0.0000000000,FSS-1000,,,
47_class-764,2,0.9638526440,0.9634805918,0.9673990011,2,0.9638526440,0.9634805918,0.9673990011,0.0000000000,0.0003720522,0.0003720522,1,1,0.0000000000,FSS-1000,,,
48_class-764,0,0.9246959686,0.9246959686,0.9260923862,0,0.9246959686,0.9246959686,0.9260923862,0.0000000000,0.0000000000,0.0000000000,1,1,0.0000000000,FSS-1000,,,
49_class-764,0,0.9643192887,0.9643192887,0.9647750854,0,0.9643192887,0.9643192887,0.9647750854,0.0000000000,0.0000000000,0.0000000000,1,1,0.0000000000,FSS-1000,,,
50_class-765,5,0.9507881403,0.9510853291,0.9512680173,0,0.9510853291,0.9510853291,0.9512680173,0.0002971888,-0.0002971888,0.0000000000,0,1,1.0000000000,FSS-1000,,,
51_class-765,0,0.9181020260,0.9181020260,0.9181020260,0,0.9181020260,0.9181020260,0.9181020260,0.0000000000,0.0000000000,0.0000000000,1,1,0.0000000000,FSS-1000,,,
52_class-765,4,0.9022411704,0.9025169611,0.9031916857,0,0.9025169611,0.9025169611,0.9031916857,0.0002757907,-0.0002757907,0.0000000000,0,1,1.0000000000,FSS-1000,,,
53_class-765,4,0.9302923679,0.9548121095,0.9548121095,0,0.9548121095,0.9548121095,0.9548121095,0.0245197415,-0.0245197415,0.0000000000,0,1,1.0000000000,FSS-1000,,,
54_class-765,4,0.8209433556,0.8185479641,0.8210136890,0,0.8185479641,0.8185479641,0.8210136890,-0.0023953915,0.0023953915,0.0000000000,1,1,0.0000000000,FSS-1000,,,
55_class-765,3,0.8516353369,0.8670338988,0.9017467499,0,0.8670338988,0.8670338988,0.9017467499,0.0153985620,-0.0153985620,0.0000000000,0,1,1.0000000000,FSS-1000,,,
56_class-765,4,0.9266332388,0.9259343743,0.9268897176,0,0.9259343743,0.9259343743,0.9268897176,-0.0006988645,0.0006988645,0.0000000000,1,1,0.0000000000,FSS-1000,,,
57_class-765,5,0.6735667586,0.8072940111,0.8166167736,0,0.8072940111,0.8072940111,0.8166167736,0.1337272525,-0.1337272525,0.0000000000,0,1,1.0000000000,FSS-1000,,,
58_class-765,0,0.9365708828,0.9365708828,0.9365708828,0,0.9365708828,0.9365708828,0.9365708828,0.0000000000,0.0000000000,0.0000000000,1,1,0.0000000000,FSS-1000,,,
59_class-765,1,0.8958636522,0.8958426714,0.9003570080,0,0.8958426714,0.8958426714,0.9003570080,-0.0000209808,0.0000209808,0.0000000000,1,1,0.0000000000,FSS-1000,,,
60_class-766,4,0.9865470529,0.9848670959,0.9865470529,4,0.9865470529,0.9848670959,0.9865470529,0.0000000000,0.0016799569,0.0016799569,1,1,0.0000000000,FSS-1000,,,
61_class-766,3,0.9795909524,0.9798955917,0.9798955917,3,0.9795909524,0.9798955917,0.9798955917,0.0000000000,-0.0003046393,-0.0003046393,0,0,0.0000000000,FSS-1000,,,
62_class-766,1,0.9850428104,0.6964179873,0.9851671457,1,0.9850428104,0.6964179873,0.9851671457,0.0000000000,0.2886248231,0.2886248231,1,1,0.0000000000,FSS-1000,,,
63_class-766,1,0.3644130826,0.3559255600,0.3644130826,1,0.3644130826,0.3559255600,0.3644130826,0.0000000000,0.0084875226,0.0084875226,1,1,0.0000000000,FSS-1000,,,
64_class-766,1,0.9736077785,0.9741764665,0.9741764665,0,0.9741764665,0.9741764665,0.9741764665,0.0005686879,-0.0005686879,0.0000000000,0,1,1.0000000000,FSS-1000,,,
65_class-766,0,0.9770046473,0.9770046473,0.9775887728,0,0.9770046473,0.9770046473,0.9775887728,0.0000000000,0.0000000000,0.0000000000,1,1,0.0000000000,FSS-1000,,,
66_class-766,4,0.9495037198,0.9546358585,0.9599706531,0,0.9546358585,0.9546358585,0.9599706531,0.0051321387,-0.0051321387,0.0000000000,0,1,1.0000000000,FSS-1000,,,
67_class-766,0,0.9718462229,0.9718462229,0.9737972021,0,0.9718462229,0.9718462229,0.9737972021,0.0000000000,0.0000000000,0.0000000000,1,1,0.0000000000,FSS-1000,,,
68_class-766,1,0.9771124125,0.9750454426,0.9775997400,0,0.9750454426,0.9750454426,0.9775997400,-0.0020669699,0.0020669699,0.0000000000,1,1,0.0000000000,FSS-1000,,,
69_class-766,3,0.9821774364,0.7633414268,0.9821774364,3,0.9821774364,0.7633414268,0.9821774364,0.0000000000,0.2188360095,0.2188360095,1,1,0.0000000000,FSS-1000,,,
70_class-767,5,0.9578568935,0.9580454230,0.9581556916,5,0.9578568935,0.9580454230,0.9581556916,0.0000000000,-0.0001885295,-0.0001885295,0,0,0.0000000000,FSS-1000,,,
71_class-767,0,0.8329907060,0.8329907060,0.8344029784,0,0.8329907060,0.8329907060,0.8344029784,0.0000000000,0.0000000000,0.0000000000,1,1,0.0000000000,FSS-1000,,,
72_class-767,2,0.9459567666,0.9437426329,0.9459567666,2,0.9459567666,0.9437426329,0.9459567666,0.0000000000,0.0022141337,0.0022141337,1,1,0.0000000000,FSS-1000,,,
73_class-767,5,0.9281439185,0.9277899265,0.9281469584,0,0.9277899265,0.9277899265,0.9281469584,-0.0003539920,0.0003539920,0.0000000000,1,1,0.0000000000,FSS-1000,,,
74_class-767,4,0.7964695096,0.8222774863,0.8222774863,0,0.8222774863,0.8222774863,0.8222774863,0.0258079767,-0.0258079767,0.0000000000,0,1,1.0000000000,FSS-1000,,,
75_class-767,0,0.8712491989,0.8712491989,0.8736740351,0,0.8712491989,0.8712491989,0.8736740351,0.0000000000,0.0000000000,0.0000000000,1,1,0.0000000000,FSS-1000,,,
76_class-767,5,0.9617578983,0.9609228373,0.9619622827,0,0.9609228373,0.9609228373,0.9619622827,-0.0008350611,0.0008350611,0.0000000000,1,1,0.0000000000,FSS-1000,,,
77_class-767,4,0.9713150263,0.9710392356,0.9714790583,0,0.9710392356,0.9710392356,0.9714790583,-0.0002757907,0.0002757907,0.0000000000,1,1,0.0000000000,FSS-1000,,,
78_class-767,0,0.9258414507,0.9258414507,0.9258414507,0,0.9258414507,0.9258414507,0.9258414507,0.0000000000,0.0000000000,0.0000000000,1,1,0.0000000000,FSS-1000,,,
79_class-767,5,0.9532474279,0.7766864896,0.9532474279,5,0.9532474279,0.7766864896,0.9532474279,0.0000000000,0.1765609384,0.1765609384,1,1,0.0000000000,FSS-1000,,,
80_class-768,5,0.9834365845,0.9833784103,0.9834365845,5,0.9834365845,0.9833784103,0.9834365845,0.0000000000,0.0000581741,0.0000581741,1,1,0.0000000000,FSS-1000,,,
81_class-768,1,0.9680060744,0.9792696238,0.9792696238,1,0.9680060744,0.9792696238,0.9792696238,0.0000000000,-0.0112635493,-0.0112635493,0,0,0.0000000000,FSS-1000,,,
82_class-768,5,0.9792051315,0.9790140390,0.9792051315,5,0.9792051315,0.9790140390,0.9792051315,0.0000000000,0.0001910925,0.0001910925,1,1,0.0000000000,FSS-1000,,,
83_class-768,5,0.8807000518,0.8450882435,0.8807000518,0,0.8450882435,0.8450882435,0.8807000518,-0.0356118083,0.0356118083,0.0000000000,1,1,0.0000000000,FSS-1000,,,
84_class-768,3,0.9416458607,0.9140332937,0.9416458607,3,0.9416458607,0.9140332937,0.9416458607,0.0000000000,0.0276125669,0.0276125669,1,1,0.0000000000,FSS-1000,,,
85_class-768,3,0.9751608968,0.9836890697,0.9836890697,0,0.9836890697,0.9836890697,0.9836890697,0.0085281730,-0.0085281730,0.0000000000,0,1,1.0000000000,FSS-1000,,,
86_class-768,2,0.9794503450,0.3101869822,0.9794890881,2,0.9794503450,0.3101869822,0.9794890881,0.0000000000,0.6692633629,0.6692633629,1,1,0.0000000000,FSS-1000,,,
87_class-768,5,0.5874856710,0.5856610537,0.5882135034,0,0.5856610537,0.5856610537,0.5882135034,-0.0018246174,0.0018246174,0.0000000000,1,1,0.0000000000,FSS-1000,,,
88_class-768,3,0.9701772928,0.8584680557,0.9721662998,3,0.9701772928,0.8584680557,0.9721662998,0.0000000000,0.1117092371,0.1117092371,1,1,0.0000000000,FSS-1000,,,
89_class-768,1,0.9893031120,0.9889641404,0.9893583059,1,0.9893031120,0.9889641404,0.9893583059,0.0000000000,0.0003389716,0.0003389716,1,1,0.0000000000,FSS-1000,,,
90_class-769,5,0.9220572114,0.9152576923,0.9238057137,5,0.9220572114,0.9152576923,0.9238057137,0.0000000000,0.0067995191,0.0067995191,1,1,0.0000000000,FSS-1000,,,
91_class-769,5,0.9619590044,0.9586775303,0.9619590044,5,0.9619590044,0.9586775303,0.9619590044,0.0000000000,0.0032814741,0.0032814741,1,1,0.0000000000,FSS-1000,,,
92_class-769,5,0.8103693724,0.8127951622,0.8127951622,5,0.8103693724,0.8127951622,0.8127951622,0.0000000000,-0.0024257898,-0.0024257898,0,0,0.0000000000,FSS-1000,,,
93_class-769,1,0.9234075546,0.9281626940,0.9395897388,0,0.9281626940,0.9281626940,0.9395897388,0.0047551394,-0.0047551394,0.0000000000,0,1,1.0000000000,FSS-1000,,,
94_class-769,1,0.9499086738,0.9501596093,0.9503659606,1,0.9499086738,0.9501596093,0.9503659606,0.0000000000,-0.0002509356,-0.0002509356,0,0,0.0000000000,FSS-1000,,,
95_class-769,1,0.9712605476,0.9671068192,0.9712605476,1,0.9712605476,0.9671068192,0.9712605476,0.0000000000,0.0041537285,0.0041537285,1,1,0.0000000000,FSS-1000,,,
96_class-769,0,0.9607130885,0.9607130885,0.9607130885,0,0.9607130885,0.9607130885,0.9607130885,0.0000000000,0.0000000000,0.0000000000,1,1,0.0000000000,FSS-1000,,,
97_class-769,2,0.9460068345,0.9473122358,0.9474264383,2,0.9460068345,0.9473122358,0.9474264383,0.0000000000,-0.0013054013,-0.0013054013,0,0,0.0000000000,FSS-1000,,,
98_class-769,2,0.9681934714,0.9686883688,0.9687683582,0,0.9686883688,0.9686883688,0.9687683582,0.0004948974,-0.0004948974,0.0000000000,0,1,1.0000000000,FSS-1000,,,
99_class-769,0,0.9675646424,0.9675646424,0.9676880240,0,0.9675646424,0.9675646424,0.9676880240,0.0000000000,0.0000000000,0.0000000000,1,1,0.0000000000,FSS-1000,,,
100_class-770,2,0.9035429955,0.9004454613,0.9035429955,0,0.9004454613,0.9004454613,0.9035429955,-0.0030975342,0.0030975342,0.0000000000,1,1,0.0000000000,FSS-1000,,,
101_class-770,4,0.9515716434,0.9518688321,0.9519065619,0,0.9518688321,0.9518688321,0.9519065619,0.0002971888,-0.0002971888,0.0000000000,0,1,1.0000000000,FSS-1000,,,
102_class-770,5,0.9796738029,0.9797025919,0.9799461365,0,0.9797025919,0.9797025919,0.9799461365,0.0000287890,-0.0000287890,0.0000000000,0,1,1.0000000000,FSS-1000,,,
103_class-770,2,0.9698477983,0.9687851071,0.9698477983,0,0.9687851071,0.9687851071,0.9698477983,-0.0010626912,0.0010626912,0.0000000000,1,1,0.0000000000,FSS-1000,,,
104_class-770,1,0.9599245787,0.9600678682,0.9602025747,1,0.9599245787,0.9600678682,0.9602025747,0.0000000000,-0.0001432896,-0.0001432896,0,0,0.0000000000,FSS-1000,,,
105_class-770,2,0.9371004105,0.9367592931,0.9371004105,2,0.9371004105,0.9367592931,0.9371004105,0.0000000000,0.0003411174,0.0003411174,1,1,0.0000000000,FSS-1000,,,
106_class-770,4,0.9596353173,0.9596455693,0.9596891403,4,0.9596353173,0.9596455693,0.9596891403,0.0000000000,-0.0000102520,-0.0000102520,0,0,0.0000000000,FSS-1000,,,
107_class-770,0,0.9446715117,0.9446715117,0.9446715117,0,0.9446715117,0.9446715117,0.9446715117,0.0000000000,0.0000000000,0.0000000000,1,1,0.0000000000,FSS-1000,,,
108_class-770,4,0.9401011467,0.9415163398,0.9420617819,0,0.9415163398,0.9415163398,0.9420617819,0.0014151931,-0.0014151931,0.0000000000,0,1,1.0000000000,FSS-1000,,,
109_class-770,3,0.9502979517,0.9505075216,0.9510554075,3,0.9502979517,0.9505075216,0.9510554075,0.0000000000,-0.0002095699,-0.0002095699,0,0,0.0000000000,FSS-1000,,,
110_class-771,4,0.0189640876,0.1411677599,0.3935091197,0,0.1411677599,0.1411677599,0.3935091197,0.1222036723,-0.1222036723,0.0000000000,0,1,1.0000000000,FSS-1000,,,
111_class-771,0,0.9605594873,0.9605594873,0.9609649181,0,0.9605594873,0.9605594873,0.9609649181,0.0000000000,0.0000000000,0.0000000000,1,1,0.0000000000,FSS-1000,,,
112_class-771,1,0.8332882524,0.8332127333,0.8398056030,0,0.8332127333,0.8332127333,0.8398056030,-0.0000755191,0.0000755191,0.0000000000,1,1,0.0000000000,FSS-1000,,,
113_class-771,4,0.9568423033,0.9565947056,0.9569179416,0,0.9565947056,0.9565947056,0.9569179416,-0.0002475977,0.0002475977,0.0000000000,1,1,0.0000000000,FSS-1000,,,
114_class-771,0,0.9025498629,0.9025498629,0.9045075178,0,0.9025498629,0.9025498629,0.9045075178,0.0000000000,0.0000000000,0.0000000000,1,1,0.0000000000,FSS-1000,,,
115_class-771,2,0.9247359037,0.9243537188,0.9247889519,2,0.9247359037,0.9243537188,0.9247889519,0.0000000000,0.0003821850,0.0003821850,1,1,0.0000000000,FSS-1000,,,
116_class-771,5,0.8130455017,0.8161639571,0.8161639571,0,0.8161639571,0.8161639571,0.8161639571,0.0031184554,-0.0031184554,0.0000000000,0,1,1.0000000000,FSS-1000,,,
117_class-771,1,0.9626625776,0.9623035192,0.9628267288,0,0.9623035192,0.9623035192,0.9628267288,-0.0003590584,0.0003590584,0.0000000000,1,1,0.0000000000,FSS-1000,,,
118_class-771,2,0.8677276373,0.1904050708,0.9258157015,2,0.8677276373,0.1904050708,0.9258157015,0.0000000000,0.6773225665,0.6773225665,1,1,0.0000000000,FSS-1000,,,
119_class-771,3,0.9483649731,0.9616060257,0.9647560120,0,0.9616060257,0.9616060257,0.9647560120,0.0132410526,-0.0132410526,0.0000000000,0,1,1.0000000000,FSS-1000,,,
120_class-772,1,0.9743105173,0.9767286181,0.9779326916,0,0.9767286181,0.9767286181,0.9779326916,0.0024181008,-0.0024181008,0.0000000000,0,1,1.0000000000,FSS-1000,,,
121_class-772,4,0.9789452553,0.9785697460,0.9789452553,0,0.9785697460,0.9785697460,0.9789452553,-0.0003755093,0.0003755093,0.0000000000,1,1,0.0000000000,FSS-1000,,,
122_class-772,3,0.3102057278,0.2551583052,0.3102057278,0,0.2551583052,0.2551583052,0.3102057278,-0.0550474226,0.0550474226,0.0000000000,1,1,0.0000000000,FSS-1000,,,
123_class-772,4,0.9860972166,0.9860895872,0.9860972166,4,0.9860972166,0.9860895872,0.9860972166,0.0000000000,0.0000076294,0.0000076294,1,1,0.0000000000,FSS-1000,,,
124_class-772,1,0.7943866849,0.7944462299,0.7946349382,1,0.7943866849,0.7944462299,0.7946349382,0.0000000000,-0.0000595450,-0.0000595450,0,0,0.0000000000,FSS-1000,,,
125_class-772,5,0.9887667894,0.9690393209,0.9896225333,0,0.9690393209,0.9690393209,0.9896225333,-0.0197274685,0.0197274685,0.0000000000,1,1,0.0000000000,FSS-1000,,,
126_class-772,1,0.9916611314,0.9916019440,0.9916611314,0,0.9916019440,0.9916019440,0.9916611314,-0.0000591874,0.0000591874,0.0000000000,1,1,0.0000000000,FSS-1000,,,
127_class-772,1,0.1313704699,0.1309748441,0.1314100474,0,0.1309748441,0.1309748441,0.1314100474,-0.0003956258,0.0003956258,0.0000000000,1,1,0.0000000000,FSS-1000,,,
128_class-772,4,0.9813162088,0.9474769235,0.9813162088,0,0.9474769235,0.9474769235,0.9813162088,-0.0338392854,0.0338392854,0.0000000000,1,1,0.0000000000,FSS-1000,,,
129_class-772,4,0.9442875981,0.9435564280,0.9445344210,4,0.9442875981,0.9435564280,0.9445344210,0.0000000000,0.0007311702,0.0007311702,1,1,0.0000000000,FSS-1000,,,
130_class-773,3,0.8974652886,0.7662648559,0.8974652886,3,0.8974652886,0.7662648559,0.8974652886,0.0000000000,0.1312004328,0.1312004328,1,1,0.0000000000,FSS-1000,,,
131_class-773,0,0.8758580685,0.8758580685,0.8992921114,0,0.8758580685,0.8758580685,0.8992921114,0.0000000000,0.0000000000,0.0000000000,1,1,0.0000000000,FSS-1000,,,
132_class-773,4,0.7775293589,0.7781062126,0.7819621563,0,0.7781062126,0.7781062126,0.7819621563,0.0005768538,-0.0005768538,0.0000000000,0,1,1.0000000000,FSS-1000,,,
133_class-773,5,0.7742276192,0.7858681083,0.7858681083,0,0.7858681083,0.7858681083,0.7858681083,0.0116404891,-0.0116404891,0.0000000000,0,1,1.0000000000,FSS-1000,,,
134_class-773,0,0.9840348363,0.9840348363,0.9848263264,0,0.9840348363,0.9840348363,0.9848263264,0.0000000000,0.0000000000,0.0000000000,1,1,0.0000000000,FSS-1000,,,
135_class-773,1,0.7678703070,0.7732811570,0.7732811570,1,0.7678703070,0.7732811570,0.7732811570,0.0000000000,-0.0054108500,-0.0054108500,0,0,0.0000000000,FSS-1000,,,
136_class-773,2,0.9399497509,0.6124889851,0.9399497509,2,0.9399497509,0.6124889851,0.9399497509,0.0000000000,0.3274607658,0.3274607658,1,1,0.0000000000,FSS-1000,,,
137_class-773,2,0.8242063522,0.9812415838,0.9812415838,0,0.9812415838,0.9812415838,0.9812415838,0.1570352316,-0.1570352316,0.0000000000,0,1,1.0000000000,FSS-1000,,,
138_class-773,5,0.9752864838,0.9741684198,0.9752864838,0,0.9741684198,0.9741684198,0.9752864838,-0.0011180639,0.0011180639,0.0000000000,1,1,0.0000000000,FSS-1000,,,
139_class-773,2,0.6758406162,0.7759016156,0.7765151262,2,0.6758406162,0.7759016156,0.7765151262,0.0000000000,-0.1000609994,-0.1000609994,0,0,0.0000000000,FSS-1000,,,
140_class-774,5,0.9708844423,0.8785192966,0.9708844423,5,0.9708844423,0.8785192966,0.9708844423,0.0000000000,0.0923651457,0.0923651457,1,1,0.0000000000,FSS-1000,,,
141_class-774,1,0.7977043390,0.7971775532,0.8008243442,0,0.7971775532,0.7971775532,0.8008243442,-0.0005267859,0.0005267859,0.0000000000,1,1,0.0000000000,FSS-1000,,,
142_class-774,3,0.9882442951,0.9895325303,0.9895325303,0,0.9895325303,0.9895325303,0.9895325303,0.0012882352,-0.0012882352,0.0000000000,0,1,1.0000000000,FSS-1000,,,
143_class-774,4,0.9516545534,0.9816474915,0.9816474915,0,0.9816474915,0.9816474915,0.9816474915,0.0299929380,-0.0299929380,0.0000000000,0,1,1.0000000000,FSS-1000,,,
144_class-774,0,0.9028596878,0.9028596878,0.9175989628,0,0.9028596878,0.9028596878,0.9175989628,0.0000000000,0.0000000000,0.0000000000,1,1,0.0000000000,FSS-1000,,,
145_class-774,2,0.8342604637,0.8329039216,0.8342604637,2,0.8342604637,0.8329039216,0.8342604637,0.0000000000,0.0013565421,0.0013565421,1,1,0.0000000000,FSS-1000,,,
146_class-774,4,0.9845369458,0.9846065044,0.9846065044,0,0.9846065044,0.9846065044,0.9846065044,0.0000695586,-0.0000695586,0.0000000000,0,1,1.0000000000,FSS-1000,,,
147_class-774,5,0.6728305221,0.9800055027,0.9801625013,0,0.9800055027,0.9800055027,0.9801625013,0.3071749806,-0.3071749806,0.0000000000,0,1,1.0000000000,FSS-1000,,,
148_class-774,5,0.9709182978,0.9714074135,0.9739533663,5,0.9709182978,0.9714074135,0.9739533663,0.0000000000,-0.0004891157,-0.0004891157,0,0,0.0000000000,FSS-1000,,,
149_class-774,1,0.9099277854,0.9130711555,0.9130711555,1,0.9099277854,0.9130711555,0.9130711555,0.0000000000,-0.0031433702,-0.0031433702,0,0,0.0000000000,FSS-1000,,,
150_class-775,5,0.9804786444,0.9804971218,0.9805870652,5,0.9804786444,0.9804971218,0.9805870652,0.0000000000,-0.0000184774,-0.0000184774,0,0,0.0000000000,FSS-1000,,,
151_class-775,5,0.9779909849,0.9780638218,0.9785183668,0,0.9780638218,0.9780638218,0.9785183668,0.0000728369,-0.0000728369,0.0000000000,0,1,1.0000000000,FSS-1000,,,
152_class-775,1,0.9274402857,0.9279299974,0.9285113811,1,0.9274402857,0.9279299974,0.9285113811,0.0000000000,-0.0004897118,-0.0004897118,0,0,0.0000000000,FSS-1000,,,
153_class-775,2,0.9785727262,0.9783310890,0.9785727262,0,0.9783310890,0.9783310890,0.9785727262,-0.0002416372,0.0002416372,0.0000000000,1,1,0.0000000000,FSS-1000,,,
154_class-775,3,0.9856220484,0.9858914614,0.9858914614,0,0.9858914614,0.9858914614,0.9858914614,0.0002694130,-0.0002694130,0.0000000000,0,1,1.0000000000,FSS-1000,,,
155_class-775,0,0.8236389160,0.8236389160,0.8251565099,0,0.8236389160,0.8236389160,0.8251565099,0.0000000000,0.0000000000,0.0000000000,1,1,0.0000000000,FSS-1000,,,
156_class-775,4,0.9693212509,0.9697930813,0.9699870348,4,0.9693212509,0.9697930813,0.9699870348,0.0000000000,-0.0004718304,-0.0004718304,0,0,0.0000000000,FSS-1000,,,
157_class-775,3,0.9711545706,0.9715020657,0.9728296995,3,0.9711545706,0.9715020657,0.9728296995,0.0000000000,-0.0003474951,-0.0003474951,0,0,0.0000000000,FSS-1000,,,
158_class-775,3,0.9708662033,0.9711179733,0.9717011452,3,0.9708662033,0.9711179733,0.9717011452,0.0000000000,-0.0002517700,-0.0002517700,0,0,0.0000000000,FSS-1000,,,
159_class-775,2,0.9458144903,0.9449924231,0.9458144903,0,0.9449924231,0.9449924231,0.9458144903,-0.0008220673,0.0008220673,0.0000000000,1,1,0.0000000000,FSS-1000,,,
160_class-776,5,0.9427598715,0.9579700828,0.9587646723,0,0.9579700828,0.9579700828,0.9587646723,0.0152102113,-0.0152102113,0.0000000000,0,1,1.0000000000,FSS-1000,,,
161_class-776,0,0.9839702845,0.9839702845,0.9839702845,0,0.9839702845,0.9839702845,0.9839702845,0.0000000000,0.0000000000,0.0000000000,1,1,0.0000000000,FSS-1000,,,
162_class-776,3,0.9850553870,0.9853464961,0.9853954911,0,0.9853464961,0.9853464961,0.9853954911,0.0002911091,-0.0002911091,0.0000000000,0,1,1.0000000000,FSS-1000,,,
163_class-776,1,0.9789694548,0.9474515915,0.9806919694,1,0.9789694548,0.9474515915,0.9806919694,0.0000000000,0.0315178633,0.0315178633,1,1,0.0000000000,FSS-1000,,,
164_class-776,4,0.9788286090,0.9780628085,0.9788286090,0,0.9780628085,0.9780628085,0.9788286090,-0.0007658005,0.0007658005,0.0000000000,1,1,0.0000000000,FSS-1000,,,
165_class-776,4,0.9156405926,0.9152222276,0.9156806469,0,0.9152222276,0.9152222276,0.9156806469,-0.0004183650,0.0004183650,0.0000000000,1,1,0.0000000000,FSS-1000,,,
166_class-776,5,0.9802809954,0.9769416451,0.9827855825,5,0.9802809954,0.9769416451,0.9827855825,0.0000000000,0.0033393502,0.0033393502,1,1,0.0000000000,FSS-1000,,,
167_class-776,3,0.9866027832,0.9873124957,0.9873124957,3,0.9866027832,0.9873124957,0.9873124957,0.0000000000,-0.0007097125,-0.0007097125,0,0,0.0000000000,FSS-1000,,,
168_class-776,3,0.9725250006,0.9298933744,0.9725815058,3,0.9725250006,0.9298933744,0.9725815058,0.0000000000,0.0426316261,0.0426316261,1,1,0.0000000000,FSS-1000,,,
169_class-776,2,0.9897217751,0.9894748330,0.9897217751,2,0.9897217751,0.9894748330,0.9897217751,0.0000000000,0.0002469420,0.0002469420,1,1,0.0000000000,FSS-1000,,,
170_class-777,5,0.8455259800,0.8385812044,0.9469823241,0,0.8385812044,0.8385812044,0.9469823241,-0.0069447756,0.0069447756,0.0000000000,1,1,0.0000000000,FSS-1000,,,
171_class-777,0,0.9823657274,0.9823657274,0.9825345278,0,0.9823657274,0.9823657274,0.9825345278,0.0000000000,0.0000000000,0.0000000000,1,1,0.0000000000,FSS-1000,,,
172_class-777,1,0.7341209650,0.4977586269,0.7341209650,1,0.7341209650,0.4977586269,0.7341209650,0.0000000000,0.2363623381,0.2363623381,1,1,0.0000000000,FSS-1000,,,
173_class-777,1,0.7507393360,0.7578517199,0.7578517199,1,0.7507393360,0.7578517199,0.7578517199,0.0000000000,-0.0071123838,-0.0071123838,0,0,0.0000000000,FSS-1000,,,
174_class-777,0,0.7668508291,0.7668508291,0.7683259249,0,0.7668508291,0.7668508291,0.7683259249,0.0000000000,0.0000000000,0.0000000000,1,1,0.0000000000,FSS-1000,,,
175_class-777,0,0.4130694866,0.4130694866,0.4130694866,0,0.4130694866,0.4130694866,0.4130694866,0.0000000000,0.0000000000,0.0000000000,1,1,0.0000000000,FSS-1000,,,
176_class-777,4,0.8350230455,0.7636899352,0.8620710373,4,0.8350230455,0.7636899352,0.8620710373,0.0000000000,0.0713331103,0.0713331103,1,1,0.0000000000,FSS-1000,,,
177_class-777,0,0.8937393427,0.8937393427,0.8937393427,0,0.8937393427,0.8937393427,0.8937393427,0.0000000000,0.0000000000,0.0000000000,1,1,0.0000000000,FSS-1000,,,
178_class-777,2,0.5564474463,0.4616008401,0.5645905733,2,0.5564474463,0.4616008401,0.5645905733,0.0000000000,0.0948466063,0.0948466063,1,1,0.0000000000,FSS-1000,,,
179_class-777,2,0.9391946793,0.9388419986,0.9393813610,0,0.9388419986,0.9388419986,0.9393813610,-0.0003526807,0.0003526807,0.0000000000,1,1,0.0000000000,FSS-1000,,,
180_class-778,1,0.7125089169,0.7150114775,0.7150937915,1,0.7125089169,0.7150114775,0.7150937915,0.0000000000,-0.0025025606,-0.0025025606,0,0,0.0000000000,FSS-1000,,,
181_class-778,2,0.6417560577,0.9776175022,0.9776806831,0,0.9776175022,0.9776175022,0.9776806831,0.3358614445,-0.3358614445,0.0000000000,0,1,1.0000000000,FSS-1000,,,
182_class-778,5,0.3102756739,0.3791683912,0.5762563944,0,0.3791683912,0.3791683912,0.5762563944,0.0688927174,-0.0688927174,0.0000000000,0,1,1.0000000000,FSS-1000,,,
183_class-778,1,0.4967700839,0.2982628345,0.4967700839,0,0.2982628345,0.2982628345,0.4967700839,-0.1985072494,0.1985072494,0.0000000000,1,1,0.0000000000,FSS-1000,,,
184_class-778,1,0.9442279339,0.9332461357,0.9458839893,1,0.9442279339,0.9332461357,0.9458839893,0.0000000000,0.0109817982,0.0109817982,1,1,0.0000000000,FSS-1000,,,
185_class-778,5,0.8950138688,0.8855955005,0.9043070674,5,0.8950138688,0.8855955005,0.9043070674,0.0000000000,0.0094183683,0.0094183683,1,1,0.0000000000,FSS-1000,,,
186_class-778,4,0.1431586444,0.3580906391,0.5679414272,0,0.3580906391,0.3580906391,0.5679414272,0.2149319947,-0.2149319947,0.0000000000,0,1,1.0000000000,FSS-1000,,,
187_class-778,0,0.9613303542,0.9613303542,0.9613303542,0,0.9613303542,0.9613303542,0.9613303542,0.0000000000,0.0000000000,0.0000000000,1,1,0.0000000000,FSS-1000,,,
188_class-778,0,0.6459029913,0.6459029913,0.6703577042,0,0.6459029913,0.6459029913,0.6703577042,0.0000000000,0.0000000000,0.0000000000,1,1,0.0000000000,FSS-1000,,,
189_class-778,5,0.8280886412,0.8810700178,0.9766639471,0,0.8810700178,0.8810700178,0.9766639471,0.0529813766,-0.0529813766,0.0000000000,0,1,1.0000000000,FSS-1000,,,
190_class-779,5,0.9033792019,0.9021656513,0.9033792019,5,0.9033792019,0.9021656513,0.9033792019,0.0000000000,0.0012135506,0.0012135506,1,1,0.0000000000,FSS-1000,,,
191_class-779,2,0.9765354395,0.9776977301,0.9778420925,2,0.9765354395,0.9776977301,0.9778420925,0.0000000000,-0.0011622906,-0.0011622906,0,0,0.0000000000,FSS-1000,,,
192_class-779,3,0.9852123260,0.9851146936,0.9861361980,0,0.9851146936,0.9851146936,0.9861361980,-0.0000976324,0.0000976324,0.0000000000,1,1,0.0000000000,FSS-1000,,,
193_class-779,0,0.9798791409,0.9798791409,0.9798791409,0,0.9798791409,0.9798791409,0.9798791409,0.0000000000,0.0000000000,0.0000000000,1,1,0.0000000000,FSS-1000,,,
194_class-779,5,0.8015358448,0.8011751771,0.8017414808,0,0.8011751771,0.8011751771,0.8017414808,-0.0003606677,0.0003606677,0.0000000000,1,1,0.0000000000,FSS-1000,,,
195_class-779,5,0.9465724826,0.9463446140,0.9556525946,5,0.9465724826,0.9463446140,0.9556525946,0.0000000000,0.0002278686,0.0002278686,1,1,0.0000000000,FSS-1000,,,
196_class-779,4,0.9584512711,0.9590153694,0.9595685005,4,0.9584512711,0.9590153694,0.9595685005,0.0000000000,-0.0005640984,-0.0005640984,0,0,0.0000000000,FSS-1000,,,
197_class-779,0,0.9687063694,0.9687063694,0.9693890214,0,0.9687063694,0.9687063694,0.9693890214,0.0000000000,0.0000000000,0.0000000000,1,1,0.0000000000,FSS-1000,,,
198_class-779,5,0.9316226840,0.9413766861,0.9413766861,5,0.9316226840,0.9413766861,0.9413766861,0.0000000000,-0.0097540021,-0.0097540021,0,0,0.0000000000,FSS-1000,,,
199_class-779,3,0.8086202145,0.5177866220,0.8086202145,3,0.8086202145,0.5177866220,0.8086202145,0.0000000000,0.2908335924,0.2908335924,1,1,0.0000000000,FSS-1000,,,
200_class-780,1,0.9709842205,0.9784010053,0.9821102619,1,0.9709842205,0.9784010053,0.9821102619,0.0000000000,-0.0074167848,-0.0074167848,0,0,0.0000000000,FSS-1000,,,
201_class-780,3,0.9829015732,0.9830681086,0.9830681086,3,0.9829015732,0.9830681086,0.9830681086,0.0000000000,-0.0001665354,-0.0001665354,0,0,0.0000000000,FSS-1000,,,
202_class-780,0,0.9066732526,0.9066732526,0.9067528248,0,0.9066732526,0.9066732526,0.9067528248,0.0000000000,0.0000000000,0.0000000000,1,1,0.0000000000,FSS-1000,,,
203_class-780,1,0.9821820259,0.9818898439,0.9821820259,0,0.9818898439,0.9818898439,0.9821820259,-0.0002921820,0.0002921820,0.0000000000,1,1,0.0000000000,FSS-1000,,,
204_class-780,2,0.9738791585,0.9742659330,0.9742670059,2,0.9738791585,0.9742659330,0.9742670059,0.0000000000,-0.0003867745,-0.0003867745,0,0,0.0000000000,FSS-1000,,,
205_class-780,1,0.9800556898,0.9805696011,0.9806470871,0,0.9805696011,0.9805696011,0.9806470871,0.0005139112,-0.0005139112,0.0000000000,0,1,1.0000000000,FSS-1000,,,
206_class-780,5,0.9696005583,0.9694041014,0.9698048830,0,0.9694041014,0.9694041014,0.9698048830,-0.0001964569,0.0001964569,0.0000000000,1,1,0.0000000000,FSS-1000,,,
207_class-780,0,0.9529471993,0.9529471993,0.9529471993,0,0.9529471993,0.9529471993,0.9529471993,0.0000000000,0.0000000000,0.0000000000,1,1,0.0000000000,FSS-1000,,,
208_class-780,3,0.9776422977,0.9774912596,0.9785435200,3,0.9776422977,0.9774912596,0.9785435200,0.0000000000,0.0001510382,0.0001510382,1,1,0.0000000000,FSS-1000,,,
209_class-780,4,0.9808039665,0.9806754589,0.9815354347,4,0.9808039665,0.9806754589,0.9815354347,0.0000000000,0.0001285076,0.0001285076,1,1,0.0000000000,FSS-1000,,,
210_class-781,0,0.9613878727,0.9613878727,0.9613878727,0,0.9613878727,0.9613878727,0.9613878727,0.0000000000,0.0000000000,0.0000000000,1,1,0.0000000000,FSS-1000,,,
211_class-781,3,0.9495359063,0.9507704377,0.9525294900,3,0.9495359063,0.9507704377,0.9525294900,0.0000000000,-0.0012345314,-0.0012345314,0,0,0.0000000000,FSS-1000,,,
212_class-781,4,0.9612023234,0.9607329369,0.9612023234,0,0.9607329369,0.9607329369,0.9612023234,-0.0004693866,0.0004693866,0.0000000000,1,1,0.0000000000,FSS-1000,,,
213_class-781,5,0.9522006512,0.9466120005,0.9522006512,5,0.9522006512,0.9466120005,0.9522006512,0.0000000000,0.0055886507,0.0055886507,1,1,0.0000000000,FSS-1000,,,
214_class-781,4,0.9779738784,0.9771264791,0.9779738784,0,0.9771264791,0.9771264791,0.9779738784,-0.0008473992,0.0008473992,0.0000000000,1,1,0.0000000000,FSS-1000,,,
215_class-781,2,0.9757302999,0.9756840467,0.9757302999,2,0.9757302999,0.9756840467,0.9757302999,0.0000000000,0.0000462532,0.0000462532,1,1,0.0000000000,FSS-1000,,,
216_class-781,1,0.9416590929,0.9410841465,0.9424250722,1,0.9416590929,0.9410841465,0.9424250722,0.0000000000,0.0005749464,0.0005749464,1,1,0.0000000000,FSS-1000,,,
217_class-781,5,0.9460708499,0.9458174706,0.9461455345,0,0.9458174706,0.9458174706,0.9461455345,-0.0002533793,0.0002533793,0.0000000000,1,1,0.0000000000,FSS-1000,,,
218_class-781,4,0.9720895886,0.9712421894,0.9720895886,0,0.9712421894,0.9712421894,0.9720895886,-0.0008473992,0.0008473992,0.0000000000,1,1,0.0000000000,FSS-1000,,,
219_class-781,4,0.9667651653,0.9667102098,0.9668793678,0,0.9667102098,0.9667102098,0.9668793678,-0.0000549555,0.0000549555,0.0000000000,1,1,0.0000000000,FSS-1000,,,
220_class-782,2,0.9871542454,0.9869501591,0.9871542454,0,0.9869501591,0.9869501591,0.9871542454,-0.0002040863,0.0002040863,0.0000000000,1,1,0.0000000000,FSS-1000,,,
221_class-782,2,0.9619907141,0.9618420601,0.9619907141,2,0.9619907141,0.9618420601,0.9619907141,0.0000000000,0.0001486540,0.0001486540,1,1,0.0000000000,FSS-1000,,,
222_class-782,4,0.9732244015,0.9731417894,0.9742298722,0,0.9731417894,0.9731417894,0.9742298722,-0.0000826120,0.0000826120,0.0000000000,1,1,0.0000000000,FSS-1000,,,
223_class-782,2,0.9667228460,0.9662750363,0.9667228460,0,0.9662750363,0.9662750363,0.9667228460,-0.0004478097,0.0004478097,0.0000000000,1,1,0.0000000000,FSS-1000,,,
224_class-782,2,0.2428684980,0.2652098536,0.2652098536,0,0.2652098536,0.2652098536,0.2652098536,0.0223413557,-0.0223413557,0.0000000000,0,1,1.0000000000,FSS-1000,,,
225_class-782,0,0.9861385226,0.9861385226,0.9861385226,0,0.9861385226,0.9861385226,0.9861385226,0.0000000000,0.0000000000,0.0000000000,1,1,0.0000000000,FSS-1000,,,
226_class-782,0,0.9813231826,0.9813231826,0.9837082624,0,0.9813231826,0.9813231826,0.9837082624,0.0000000000,0.0000000000,0.0000000000,1,1,0.0000000000,FSS-1000,,,
227_class-782,3,0.9594135284,0.9593937397,0.9595454335,3,0.9594135284,0.9593937397,0.9595454335,0.0000000000,0.0000197887,0.0000197887,1,1,0.0000000000,FSS-1000,,,
228_class-782,1,0.9666393995,0.8875010014,0.9739637375,0,0.8875010014,0.8875010014,0.9739637375,-0.0791383982,0.0791383982,0.0000000000,1,1,0.0000000000,FSS-1000,,,
229_class-782,3,0.9884159565,0.9883569479,0.9894185662,3,0.9884159565,0.9883569479,0.9894185662,0.0000000000,0.0000590086,0.0000590086,1,1,0.0000000000,FSS-1000,,,
230_class-783,0,0.6185992956,0.6185992956,0.7313821316,0,0.6185992956,0.6185992956,0.7313821316,0.0000000000,0.0000000000,0.0000000000,1,1,0.0000000000,FSS-1000,,,
231_class-783,5,0.7951672673,0.9748178720,0.9748178720,5,0.7951672673,0.9748178720,0.9748178720,0.0000000000,-0.1796506047,-0.1796506047,0,0,0.0000000000,FSS-1000,,,
232_class-783,5,0.8969439268,0.8634949923,0.8969439268,5,0.8969439268,0.8634949923,0.8969439268,0.0000000000,0.0334489346,0.0334489346,1,1,0.0000000000,FSS-1000,,,
233_class-783,5,0.9055369496,0.7532278299,0.9055369496,5,0.9055369496,0.7532278299,0.9055369496,0.0000000000,0.1523091197,0.1523091197,1,1,0.0000000000,FSS-1000,,,
234_class-783,4,0.9402120709,0.8033837080,0.9625246525,4,0.9402120709,0.8033837080,0.9625246525,0.0000000000,0.1368283629,0.1368283629,1,1,0.0000000000,FSS-1000,,,
235_class-783,0,0.8587287664,0.8587287664,0.8587287664,0,0.8587287664,0.8587287664,0.8587287664,0.0000000000,0.0000000000,0.0000000000,1,1,0.0000000000,FSS-1000,,,
236_class-783,2,0.9747277498,0.8883855343,0.9747277498,0,0.8883855343,0.8883855343,0.9747277498,-0.0863422155,0.0863422155,0.0000000000,1,1,0.0000000000,FSS-1000,,,
237_class-783,3,0.7455334663,0.7532888651,0.8069446087,0,0.7532888651,0.7532888651,0.8069446087,0.0077553988,-0.0077553988,0.0000000000,0,1,1.0000000000,FSS-1000,,,
238_class-783,5,0.9791555405,0.9804477692,0.9804477692,0,0.9804477692,0.9804477692,0.9804477692,0.0012922287,-0.0012922287,0.0000000000,0,1,1.0000000000,FSS-1000,,,
239_class-783,1,0.8806052208,0.8845131993,0.8955817223,1,0.8806052208,0.8845131993,0.8955817223,0.0000000000,-0.0039079785,-0.0039079785,0,0,0.0000000000,FSS-1000,,,
240_class-784,1,0.9749187231,0.9747283459,0.9749187231,1,0.9749187231,0.9747283459,0.9749187231,0.0000000000,0.0001903772,0.0001903772,1,1,0.0000000000,FSS-1000,,,
241_class-784,4,0.9665467739,0.8978238106,0.9665467739,0,0.8978238106,0.8978238106,0.9665467739,-0.0687229633,0.0687229633,0.0000000000,1,1,0.0000000000,FSS-1000,,,
242_class-784,1,0.8898178339,0.8881580830,0.8898178339,0,0.8881580830,0.8881580830,0.8898178339,-0.0016597509,0.0016597509,0.0000000000,1,1,0.0000000000,FSS-1000,,,
243_class-784,4,0.9636802673,0.9633916616,0.9655160904,0,0.9633916616,0.9633916616,0.9655160904,-0.0002886057,0.0002886057,0.0000000000,1,1,0.0000000000,FSS-1000,,,
244_class-784,4,0.9527231455,0.9526749849,0.9532163739,0,0.9526749849,0.9526749849,0.9532163739,-0.0000481606,0.0000481606,0.0000000000,1,1,0.0000000000,FSS-1000,,,
245_class-784,2,0.9611760378,0.9612612128,0.9614963531,2,0.9611760378,0.9612612128,0.9614963531,0.0000000000,-0.0000851750,-0.0000851750,0,0,0.0000000000,FSS-1000,,,
246_class-784,3,0.9236351252,0.8625993729,0.9453741312,3,0.9236351252,0.8625993729,0.9453741312,0.0000000000,0.0610357523,0.0610357523,1,1,0.0000000000,FSS-1000,,,
247_class-784,5,0.9703567028,0.9701251984,0.9703567028,5,0.9703567028,0.9701251984,0.9703567028,0.0000000000,0.0002315044,0.0002315044,1,1,0.0000000000,FSS-1000,,,
248_class-784,2,0.9488673210,0.9392056465,0.9493921995,0,0.9392056465,0.9392056465,0.9493921995,-0.0096616745,0.0096616745,0.0000000000,1,1,0.0000000000,FSS-1000,,,
249_class-784,0,0.9470757246,0.9470757246,0.9471088648,0,0.9470757246,0.9470757246,0.9471088648,0.0000000000,0.0000000000,0.0000000000,1,1,0.0000000000,FSS-1000,,,
250_class-785,2,0.6183923483,0.8436017036,0.8436017036,0,0.8436017036,0.8436017036,0.8436017036,0.2252093554,-0.2252093554,0.0000000000,0,1,1.0000000000,FSS-1000,,,
251_class-785,4,0.9816870093,0.9809771776,0.9816870093,0,0.9809771776,0.9809771776,0.9816870093,-0.0007098317,0.0007098317,0.0000000000,1,1,0.0000000000,FSS-1000,,,
252_class-785,4,0.7205961943,0.9845799804,0.9852840900,0,0.9845799804,0.9845799804,0.9852840900,0.2639837861,-0.2639837861,0.0000000000,0,1,1.0000000000,FSS-1000,,,
253_class-785,4,0.9838763475,0.9837601185,0.9841795564,0,0.9837601185,0.9837601185,0.9841795564,-0.0001162291,0.0001162291,0.0000000000,1,1,0.0000000000,FSS-1000,,,
254_class-785,2,0.8341281414,0.8503328562,0.8503328562,0,0.8503328562,0.8503328562,0.8503328562,0.0162047148,-0.0162047148,0.0000000000,0,1,1.0000000000,FSS-1000,,,
255_class-785,4,0.7983717918,0.7962449789,0.9849230051,4,0.7983717918,0.7962449789,0.9849230051,0.0000000000,0.0021268129,0.0021268129,1,1,0.0000000000,FSS-1000,,,
256_class-785,4,0.9604445696,0.9587168694,0.9604445696,0,0.9587168694,0.9587168694,0.9604445696,-0.0017277002,0.0017277002,0.0000000000,1,1,0.0000000000,FSS-1000,,,
257_class-785,1,0.9506525397,0.9028954506,0.9579073191,0,0.9028954506,0.9028954506,0.9579073191,-0.0477570891,0.0477570891,0.0000000000,1,1,0.0000000000,FSS-1000,,,
258_class-785,0,0.9762269258,0.9762269258,0.9771984220,0,0.9762269258,0.9762269258,0.9771984220,0.0000000000,0.0000000000,0.0000000000,1,1,0.0000000000,FSS-1000,,,
259_class-785,0,0.9374016523,0.9374016523,0.9509119987,0,0.9374016523,0.9374016523,0.9509119987,0.0000000000,0.0000000000,0.0000000000,1,1,0.0000000000,FSS-1000,,,
260_class-786,5,0.9785911441,0.9786250591,0.9786917567,5,0.9785911441,0.9786250591,0.9786917567,0.0000000000,-0.0000339150,-0.0000339150,0,0,0.0000000000,FSS-1000,,,
261_class-786,1,0.9906853437,0.9906512499,0.9907879233,1,0.9906853437,0.9906512499,0.9907879233,0.0000000000,0.0000340939,0.0000340939,1,1,0.0000000000,FSS-1000,,,
262_class-786,1,0.9902671576,0.9906932116,0.9906932116,1,0.9902671576,0.9906932116,0.9906932116,0.0000000000,-0.0004260540,-0.0004260540,0,0,0.0000000000,FSS-1000,,,
263_class-786,3,0.9853745699,0.9851831198,0.9853745699,3,0.9853745699,0.9851831198,0.9853745699,0.0000000000,0.0001914501,0.0001914501,1,1,0.0000000000,FSS-1000,,,
264_class-786,4,0.9871574640,0.9870805740,0.9871686697,4,0.9871574640,0.9870805740,0.9871686697,0.0000000000,0.0000768900,0.0000768900,1,1,0.0000000000,FSS-1000,,,
265_class-786,3,0.9556043148,0.9274998903,0.9776483774,0,0.9274998903,0.9274998903,0.9776483774,-0.0281044245,0.0281044245,0.0000000000,1,1,0.0000000000,FSS-1000,,,
266_class-786,3,0.9051739573,0.8526080847,0.9758833647,3,0.9051739573,0.8526080847,0.9758833647,0.0000000000,0.0525658727,0.0525658727,1,1,0.0000000000,FSS-1000,,,
267_class-786,4,0.9770907760,0.9771804810,0.9774433970,4,0.9770907760,0.9771804810,0.9774433970,0.0000000000,-0.0000897050,-0.0000897050,0,0,0.0000000000,FSS-1000,,,
268_class-786,2,0.9715785384,0.9718149900,0.9722052217,0,0.9718149900,0.9718149900,0.9722052217,0.0002364516,-0.0002364516,0.0000000000,0,1,1.0000000000,FSS-1000,,,
269_class-786,2,0.9819809198,0.9818965197,0.9819809198,0,0.9818965197,0.9818965197,0.9819809198,-0.0000844002,0.0000844002,0.0000000000,1,1,0.0000000000,FSS-1000,,,
270_class-787,2,0.8794133663,0.8868277073,0.9541691542,0,0.8868277073,0.8868277073,0.9541691542,0.0074143410,-0.0074143410,0.0000000000,0,1,1.0000000000,FSS-1000,,,
271_class-787,5,0.9364830256,0.9366508126,0.9367188215,5,0.9364830256,0.9366508126,0.9367188215,0.0000000000,-0.0001677871,-0.0001677871,0,0,0.0000000000,FSS-1000,,,
272_class-787,5,0.8868727684,0.8764868379,0.9111585021,5,0.8868727684,0.8764868379,0.9111585021,0.0000000000,0.0103859305,0.0103859305,1,1,0.0000000000,FSS-1000,,,
273_class-787,1,0.9237592220,0.9207845926,0.9237592220,1,0.9237592220,0.9207845926,0.9237592220,0.0000000000,0.0029746294,0.0029746294,1,1,0.0000000000,FSS-1000,,,
274_class-787,0,0.9525104761,0.9525104761,0.9525104761,0,0.9525104761,0.9525104761,0.9525104761,0.0000000000,0.0000000000,0.0000000000,1,1,0.0000000000,FSS-1000,,,
275_class-787,1,0.9702072144,0.9704229832,0.9709325433,0,0.9704229832,0.9704229832,0.9709325433,0.0002157688,-0.0002157688,0.0000000000,0,1,1.0000000000,FSS-1000,,,
276_class-787,2,0.9577039480,0.9570990205,0.9579987526,2,0.9577039480,0.9570990205,0.9579987526,0.0000000000,0.0006049275,0.0006049275,1,1,0.0000000000,FSS-1000,,,
277_class-787,3,0.9512718916,0.9514220357,0.9515928626,3,0.9512718916,0.9514220357,0.9515928626,0.0000000000,-0.0001501441,-0.0001501441,0,0,0.0000000000,FSS-1000,,,
278_class-787,0,0.9566203356,0.9566203356,0.9566203356,0,0.9566203356,0.9566203356,0.9566203356,0.0000000000,0.0000000000,0.0000000000,1,1,0.0000000000,FSS-1000,,,
279_class-787,1,0.9257738590,0.9290798903,0.9290798903,1,0.9257738590,0.9290798903,0.9290798903,0.0000000000,-0.0033060312,-0.0033060312,0,0,0.0000000000,FSS-1000,,,
280_class-788,4,0.9461771250,0.9457116127,0.9461771250,0,0.9457116127,0.9457116127,0.9461771250,-0.0004655123,0.0004655123,0.0000000000,1,1,0.0000000000,FSS-1000,,,
281_class-788,0,0.9583641291,0.9583641291,0.9583849907,0,0.9583641291,0.9583641291,0.9583849907,0.0000000000,0.0000000000,0.0000000000,1,1,0.0000000000,FSS-1000,,,
282_class-788,2,0.9282411337,0.9283174276,0.9283313751,0,0.9283174276,0.9283174276,0.9283313751,0.0000762939,-0.0000762939,0.0000000000,0,1,1.0000000000,FSS-1000,,,
283_class-788,2,0.9238761663,0.9179968834,0.9238761663,0,0.9179968834,0.9179968834,0.9238761663,-0.0058792830,0.0058792830,0.0000000000,1,1,0.0000000000,FSS-1000,,,
284_class-788,3,0.9492211342,0.9488068223,0.9499218464,3,0.9492211342,0.9488068223,0.9499218464,0.0000000000,0.0004143119,0.0004143119,1,1,0.0000000000,FSS-1000,,,
285_class-788,1,0.9634974003,0.9637156725,0.9643100500,1,0.9634974003,0.9637156725,0.9643100500,0.0000000000,-0.0002182722,-0.0002182722,0,0,0.0000000000,FSS-1000,,,
286_class-788,4,0.9624674320,0.9624460936,0.9625181556,0,0.9624460936,0.9624460936,0.9625181556,-0.0000213385,0.0000213385,0.0000000000,1,1,0.0000000000,FSS-1000,,,
287_class-788,1,0.9619429111,0.9621189237,0.9621189237,1,0.9619429111,0.9621189237,0.9621189237,0.0000000000,-0.0001760125,-0.0001760125,0,0,0.0000000000,FSS-1000,,,
288_class-788,5,0.9500185251,0.9489594102,0.9505717754,5,0.9500185251,0.9489594102,0.9505717754,0.0000000000,0.0010591149,0.0010591149,1,1,0.0000000000,FSS-1000,,,
289_class-788,2,0.9038409591,0.9005532265,0.9038409591,0,0.9005532265,0.9005532265,0.9038409591,-0.0032877326,0.0032877326,0.0000000000,1,1,0.0000000000,FSS-1000,,,
290_class-789,5,0.9423580170,0.9582619667,0.9585367441,0,0.9582619667,0.9582619667,0.9585367441,0.0159039497,-0.0159039497,0.0000000000,0,1,1.0000000000,FSS-1000,,,
291_class-789,4,0.9453295469,0.9454419613,0.9454419613,4,0.9453295469,0.9454419613,0.9454419613,0.0000000000,-0.0001124144,-0.0001124144,0,0,0.0000000000,FSS-1000,,,
292_class-789,5,0.9619992375,0.9618968368,0.9624949694,0,0.9618968368,0.9618968368,0.9624949694,-0.0001024008,0.0001024008,0.0000000000,1,1,0.0000000000,FSS-1000,,,
293_class-789,0,0.9642750025,0.9642750025,0.9643706083,0,0.9642750025,0.9642750025,0.9643706083,0.0000000000,0.0000000000,0.0000000000,1,1,0.0000000000,FSS-1000,,,
294_class-789,1,0.9564171433,0.9562675357,0.9564171433,1,0.9564171433,0.9562675357,0.9564171433,0.0000000000,0.0001496077,0.0001496077,1,1,0.0000000000,FSS-1000,,,
295_class-789,3,0.8968626261,0.9247492552,0.9373847246,3,0.8968626261,0.9247492552,0.9373847246,0.0000000000,-0.0278866291,-0.0278866291,0,0,0.0000000000,FSS-1000,,,
296_class-789,4,0.9650501609,0.9646707773,0.9650501609,0,0.9646707773,0.9646707773,0.9650501609,-0.0003793836,0.0003793836,0.0000000000,1,1,0.0000000000,FSS-1000,,,
297_class-789,3,0.9589500427,0.9590204954,0.9590641260,3,0.9589500427,0.9590204954,0.9590641260,0.0000000000,-0.0000704527,-0.0000704527,0,0,0.0000000000,FSS-1000,,,
298_class-789,5,0.9570319653,0.9580739737,0.9755083323,0,0.9580739737,0.9580739737,0.9755083323,0.0010420084,-0.0010420084,0.0000000000,0,1,1.0000000000,FSS-1000,,,
299_class-789,0,0.9565188885,0.9565188885,0.9570482969,0,0.9565188885,0.9565188885,0.9570482969,0.0000000000,0.0000000000,0.0000000000,1,1,0.0000000000,FSS-1000,,,
300_class-790,3,0.9852793217,0.9857215285,0.9857215285,0,0.9857215285,0.9857215285,0.9857215285,0.0004422069,-0.0004422069,0.0000000000,0,1,1.0000000000,FSS-1000,,,
301_class-790,0,0.9915058017,0.9915058017,0.9919755459,0,0.9915058017,0.9915058017,0.9919755459,0.0000000000,0.0000000000,0.0000000000,1,1,0.0000000000,FSS-1000,,,
302_class-790,3,0.9568578005,0.9567470551,0.9568578005,3,0.9568578005,0.9567470551,0.9568578005,0.0000000000,0.0001107454,0.0001107454,1,1,0.0000000000,FSS-1000,,,
303_class-790,4,0.9877465963,0.9893183112,0.9893183112,4,0.9877465963,0.9893183112,0.9893183112,0.0000000000,-0.0015717149,-0.0015717149,0,0,0.0000000000,FSS-1000,,,
304_class-790,4,0.9867756367,0.9862608910,0.9867756367,4,0.9867756367,0.9862608910,0.9867756367,0.0000000000,0.0005147457,0.0005147457,1,1,0.0000000000,FSS-1000,,,
305_class-790,0,0.9854409695,0.9854409695,0.9856091738,0,0.9854409695,0.9854409695,0.9856091738,0.0000000000,0.0000000000,0.0000000000,1,1,0.0000000000,FSS-1000,,,
306_class-790,4,0.8964165449,0.9011560678,0.9302563667,0,0.9011560678,0.9011560678,0.9302563667,0.0047395229,-0.0047395229,0.0000000000,0,1,1.0000000000,FSS-1000,,,
307_class-790,5,0.9753147960,0.9751034975,0.9753147960,0,0.9751034975,0.9751034975,0.9753147960,-0.0002112985,0.0002112985,0.0000000000,1,1,0.0000000000,FSS-1000,,,
308_class-790,0,0.9864422083,0.9864422083,0.9864422083,0,0.9864422083,0.9864422083,0.9864422083,0.0000000000,0.0000000000,0.0000000000,1,1,0.0000000000,FSS-1000,,,
309_class-790,2,0.9862021804,0.9861901999,0.9862036705,2,0.9862021804,0.9861901999,0.9862036705,0.0000000000,0.0000119805,0.0000119805,1,1,0.0000000000,FSS-1000,,,
310_class-791,1,0.7093659639,0.5784191489,0.7093659639,1,0.7093659639,0.5784191489,0.7093659639,0.0000000000,0.1309468150,0.1309468150,1,1,0.0000000000,FSS-1000,,,
311_class-791,4,0.7913341522,0.7908763885,0.7913341522,0,0.7908763885,0.7908763885,0.7913341522,-0.0004577637,0.0004577637,0.0000000000,1,1,0.0000000000,FSS-1000,,,
312_class-791,2,0.6235313416,0.6400789022,0.6400789022,0,0.6400789022,0.6400789022,0.6400789022,0.0165475607,-0.0165475607,0.0000000000,0,1,1.0000000000,FSS-1000,,,
313_class-791,0,0.6313934922,0.6313934922,0.7420833111,0,0.6313934922,0.6313934922,0.7420833111,0.0000000000,0.0000000000,0.0000000000,1,1,0.0000000000,FSS-1000,,,
314_class-791,2,0.8847705126,0.8847856522,0.8847856522,0,0.8847856522,0.8847856522,0.8847856522,0.0000151396,-0.0000151396,0.0000000000,0,1,1.0000000000,FSS-1000,,,
315_class-791,4,0.9420936108,0.4193945527,0.9420936108,4,0.9420936108,0.4193945527,0.9420936108,0.0000000000,0.5226990581,0.5226990581,1,1,0.0000000000,FSS-1000,,,
316_class-791,1,0.7770026326,0.6988204718,0.7770026326,1,0.7770026326,0.6988204718,0.7770026326,0.0000000000,0.0781821609,0.0781821609,1,1,0.0000000000,FSS-1000,,,
317_class-791,2,0.8479224443,0.8484908938,0.8486298323,2,0.8479224443,0.8484908938,0.8486298323,0.0000000000,-0.0005684495,-0.0005684495,0,0,0.0000000000,FSS-1000,,,
318_class-791,0,0.9223031998,0.9223031998,0.9243807793,0,0.9223031998,0.9223031998,0.9243807793,0.0000000000,0.0000000000,0.0000000000,1,1,0.0000000000,FSS-1000,,,
319_class-791,0,0.6364113092,0.6364113092,0.6691601872,0,0.6364113092,0.6364113092,0.6691601872,0.0000000000,0.0000000000,0.0000000000,1,1,0.0000000000,FSS-1000,,,
320_class-792,3,0.9622589946,0.9605304599,0.9622589946,0,0.9605304599,0.9605304599,0.9622589946,-0.0017285347,0.0017285347,0.0000000000,1,1,0.0000000000,FSS-1000,,,
321_class-792,4,0.9703991413,0.9703931212,0.9704587460,4,0.9703991413,0.9703931212,0.9704587460,0.0000000000,0.0000060201,0.0000060201,1,1,0.0000000000,FSS-1000,,,
322_class-792,0,0.8971503973,0.8971503973,0.8971503973,0,0.8971503973,0.8971503973,0.8971503973,0.0000000000,0.0000000000,0.0000000000,1,1,0.0000000000,FSS-1000,,,
323_class-792,0,0.9352746010,0.9352746010,0.9370454550,0,0.9352746010,0.9352746010,0.9370454550,0.0000000000,0.0000000000,0.0000000000,1,1,0.0000000000,FSS-1000,,,
324_class-792,3,0.9815314412,0.9820204973,0.9820204973,3,0.9815314412,0.9820204973,0.9820204973,0.0000000000,-0.0004890561,-0.0004890561,0,0,0.0000000000,FSS-1000,,,
325_class-792,4,0.9673886299,0.9683429599,0.9683429599,4,0.9673886299,0.9683429599,0.9683429599,0.0000000000,-0.0009543300,-0.0009543300,0,0,0.0000000000,FSS-1000,,,
326_class-792,5,0.9184764624,0.9190007448,0.9197434187,0,0.9190007448,0.9190007448,0.9197434187,0.0005242825,-0.0005242825,0.0000000000,0,1,1.0000000000,FSS-1000,,,
327_class-792,4,0.9552435875,0.9542360306,0.9556745291,0,0.9542360306,0.9542360306,0.9556745291,-0.0010075569,0.0010075569,0.0000000000,1,1,0.0000000000,FSS-1000,,,
328_class-792,4,0.9481374621,0.9450302124,0.9490600824,0,0.9450302124,0.9450302124,0.9490600824,-0.0031072497,0.0031072497,0.0000000000,1,1,0.0000000000,FSS-1000,,,
329_class-792,1,0.9184466600,0.9138147235,0.9184466600,1,0.9184466600,0.9138147235,0.9184466600,0.0000000000,0.0046319366,0.0046319366,1,1,0.0000000000,FSS-1000,,,
330_class-793,1,0.8882994652,0.8908336163,0.8909044266,0,0.8908336163,0.8908336163,0.8909044266,0.0025341511,-0.0025341511,0.0000000000,0,1,1.0000000000,FSS-1000,,,
331_class-793,0,0.9174467325,0.9174467325,0.9221446514,0,0.9174467325,0.9174467325,0.9221446514,0.0000000000,0.0000000000,0.0000000000,1,1,0.0000000000,FSS-1000,,,
332_class-793,0,0.8590518236,0.8590518236,0.8598704338,0,0.8590518236,0.8590518236,0.8598704338,0.0000000000,0.0000000000,0.0000000000,1,1,0.0000000000,FSS-1000,,,
333_class-793,3,0.9570788145,0.9571712017,0.9574556351,0,0.9571712017,0.9571712017,0.9574556351,0.0000923872,-0.0000923872,0.0000000000,0,1,1.0000000000,FSS-1000,,,
334_class-793,4,0.9458347559,0.9427931309,0.9529457092,4,0.9458347559,0.9427931309,0.9529457092,0.0000000000,0.0030416250,0.0030416250,1,1,0.0000000000,FSS-1000,,,
335_class-793,0,0.9310998917,0.9310998917,0.9316048622,0,0.9310998917,0.9310998917,0.9316048622,0.0000000000,0.0000000000,0.0000000000,1,1,0.0000000000,FSS-1000,,,
336_class-793,5,0.8654063940,0.8661834002,0.8661834002,0,0.8661834002,0.8661834002,0.8661834002,0.0007770061,-0.0007770061,0.0000000000,0,1,1.0000000000,FSS-1000,,,
337_class-793,0,0.8767802119,0.8767802119,0.8888224363,0,0.8767802119,0.8767802119,0.8888224363,0.0000000000,0.0000000000,0.0000000000,1,1,0.0000000000,FSS-1000,,,
338_class-793,0,0.9247373343,0.9247373343,0.9310228229,0,0.9247373343,0.9247373343,0.9310228229,0.0000000000,0.0000000000,0.0000000000,1,1,0.0000000000,FSS-1000,,,
339_class-793,3,0.9031503201,0.8778679371,0.9031503201,3,0.9031503201,0.8778679371,0.9031503201,0.0000000000,0.0252823830,0.0252823830,1,1,0.0000000000,FSS-1000,,,
340_class-794,1,0.6262789965,0.7665721178,0.7665721178,1,0.6262789965,0.7665721178,0.7665721178,0.0000000000,-0.1402931213,-0.1402931213,0,0,0.0000000000,FSS-1000,,,
341_class-794,3,0.6751884222,0.6381123066,0.6938365698,3,0.6751884222,0.6381123066,0.6938365698,0.0000000000,0.0370761156,0.0370761156,1,1,0.0000000000,FSS-1000,,,
342_class-794,3,0.5238031745,0.5201528668,0.5525878072,0,0.5201528668,0.5201528668,0.5525878072,-0.0036503077,0.0036503077,0.0000000000,1,1,0.0000000000,FSS-1000,,,
343_class-794,0,0.5620025396,0.5620025396,0.5636273623,0,0.5620025396,0.5620025396,0.5636273623,0.0000000000,0.0000000000,0.0000000000,1,1,0.0000000000,FSS-1000,,,
344_class-794,2,0.6403634548,0.6387752891,0.6585443616,0,0.6387752891,0.6387752891,0.6585443616,-0.0015881658,0.0015881658,0.0000000000,1,1,0.0000000000,FSS-1000,,,
345_class-794,3,0.9895381927,0.9875981808,0.9895912409,3,0.9895381927,0.9875981808,0.9895912409,0.0000000000,0.0019400120,0.0019400120,1,1,0.0000000000,FSS-1000,,,
346_class-794,1,0.9906555414,0.9824215174,0.9908983707,1,0.9906555414,0.9824215174,0.9908983707,0.0000000000,0.0082340240,0.0082340240,1,1,0.0000000000,FSS-1000,,,
347_class-794,0,0.9880987406,0.9880987406,0.9880987406,0,0.9880987406,0.9880987406,0.9880987406,0.0000000000,0.0000000000,0.0000000000,1,1,0.0000000000,FSS-1000,,,
348_class-794,3,0.8124111891,0.9365819693,0.9365819693,3,0.8124111891,0.9365819693,0.9365819693,0.0000000000,-0.1241707802,-0.1241707802,0,0,0.0000000000,FSS-1000,,,
349_class-794,2,0.9850060940,0.9846173525,0.9850060940,0,0.9846173525,0.9846173525,0.9850060940,-0.0003887415,0.0003887415,0.0000000000,1,1,0.0000000000,FSS-1000,,,
350_class-795,2,0.8884404898,0.7977762222,0.8901976943,2,0.8884404898,0.7977762222,0.8901976943,0.0000000000,0.0906642675,0.0906642675,1,1,0.0000000000,FSS-1000,,,
351_class-795,3,0.9045073986,0.9064087868,0.9073212147,3,0.9045073986,0.9064087868,0.9073212147,0.0000000000,-0.0019013882,-0.0019013882,0,0,0.0000000000,FSS-1000,,,
352_class-795,4,0.9610605240,0.9613363743,0.9617377520,0,0.9613363743,0.9613363743,0.9617377520,0.0002758503,-0.0002758503,0.0000000000,0,1,1.0000000000,FSS-1000,,,
353_class-795,5,0.9604423046,0.9001275301,0.9607641101,0,0.9001275301,0.9001275301,0.9607641101,-0.0603147745,0.0603147745,0.0000000000,1,1,0.0000000000,FSS-1000,,,
354_class-795,1,0.9647109509,0.9651337266,0.9652177095,1,0.9647109509,0.9651337266,0.9652177095,0.0000000000,-0.0004227757,-0.0004227757,0,0,0.0000000000,FSS-1000,,,
355_class-795,0,0.9130935669,0.9130935669,0.9137161970,0,0.9130935669,0.9130935669,0.9137161970,0.0000000000,0.0000000000,0.0000000000,1,1,0.0000000000,FSS-1000,,,
356_class-795,1,0.9445652962,0.7423078418,0.9449040294,0,0.7423078418,0.7423078418,0.9449040294,-0.2022574544,0.2022574544,0.0000000000,1,1,0.0000000000,FSS-1000,,,
357_class-795,2,0.9022326469,0.9033890963,0.9054048657,2,0.9022326469,0.9033890963,0.9054048657,0.0000000000,-0.0011564493,-0.0011564493,0,0,0.0000000000,FSS-1000,,,
358_class-795,2,0.9651925564,0.9664041996,0.9664041996,2,0.9651925564,0.9664041996,0.9664041996,0.0000000000,-0.0012116432,-0.0012116432,0,0,0.0000000000,FSS-1000,,,
359_class-795,3,0.9101401567,0.9093469977,0.9166698456,0,0.9093469977,0.9093469977,0.9166698456,-0.0007931590,0.0007931590,0.0000000000,1,1,0.0000000000,FSS-1000,,,
360_class-796,2,0.8743789196,0.8740935326,0.8761204481,2,0.8743789196,0.8740935326,0.8761204481,0.0000000000,0.0002853870,0.0002853870,1,1,0.0000000000,FSS-1000,,,
361_class-796,5,0.9601573944,0.9598565102,0.9601573944,5,0.9601573944,0.9598565102,0.9601573944,0.0000000000,0.0003008842,0.0003008842,1,1,0.0000000000,FSS-1000,,,
362_class-796,2,0.9606834650,0.9597570300,0.9606834650,2,0.9606834650,0.9597570300,0.9606834650,0.0000000000,0.0009264350,0.0009264350,1,1,0.0000000000,FSS-1000,,,
363_class-796,5,0.9088129997,0.9045877457,0.9107978344,5,0.9088129997,0.9045877457,0.9107978344,0.0000000000,0.0042252541,0.0042252541,1,1,0.0000000000,FSS-1000,,,
364_class-796,4,0.9196615219,0.9190726280,0.9201027751,0,0.9190726280,0.9190726280,0.9201027751,-0.0005888939,0.0005888939,0.0000000000,1,1,0.0000000000,FSS-1000,,,
365_class-796,3,0.9474267960,0.9468572736,0.9474267960,0,0.9468572736,0.9468572736,0.9474267960,-0.0005695224,0.0005695224,0.0000000000,1,1,0.0000000000,FSS-1000,,,
366_class-796,5,0.9690232277,0.9676339626,0.9705917239,5,0.9690232277,0.9676339626,0.9705917239,0.0000000000,0.0013892651,0.0013892651,1,1,0.0000000000,FSS-1000,,,
367_class-796,4,0.9647334814,0.9648898244,0.9648898244,4,0.9647334814,0.9648898244,0.9648898244,0.0000000000,-0.0001563430,-0.0001563430,0,0,0.0000000000,FSS-1000,,,
368_class-796,4,0.9883283377,0.9886428714,0.9886583686,4,0.9883283377,0.9886428714,0.9886583686,0.0000000000,-0.0003145337,-0.0003145337,0,0,0.0000000000,FSS-1000,,,
369_class-796,5,0.9658188224,0.9652309418,0.9658188224,5,0.9658188224,0.9652309418,0.9658188224,0.0000000000,0.0005878806,0.0005878806,1,1,0.0000000000,FSS-1000,,,
370_class-797,2,0.9903452396,0.9902771711,0.9903908968,0,0.9902771711,0.9902771711,0.9903908968,-0.0000680685,0.0000680685,0.0000000000,1,1,0.0000000000,FSS-1000,,,
371_class-797,3,0.9895542860,0.9905164242,0.9906013012,0,0.9905164242,0.9905164242,0.9906013012,0.0009621382,-0.0009621382,0.0000000000,0,1,1.0000000000,FSS-1000,,,
372_class-797,5,0.9865757227,0.9630019069,0.9865757227,0,0.9630019069,0.9630019069,0.9865757227,-0.0235738158,0.0235738158,0.0000000000,1,1,0.0000000000,FSS-1000,,,
373_class-797,3,0.9208891988,0.8683484197,0.9208891988,3,0.9208891988,0.8683484197,0.9208891988,0.0000000000,0.0525407791,0.0525407791,1,1,0.0000000000,FSS-1000,,,
374_class-797,2,0.9279733300,0.9261094332,0.9365842938,0,0.9261094332,0.9261094332,0.9365842938,-0.0018638968,0.0018638968,0.0000000000,1,1,0.0000000000,FSS-1000,,,
375_class-797,2,0.9744449258,0.9681553841,0.9744449258,0,0.9681553841,0.9681553841,0.9744449258,-0.0062895417,0.0062895417,0.0000000000,1,1,0.0000000000,FSS-1000,,,
376_class-797,1,0.9861054420,0.9861110449,0.9863200188,1,0.9861054420,0.9861110449,0.9863200188,0.0000000000,-0.0000056028,-0.0000056028,0,0,0.0000000000,FSS-1000,,,
377_class-797,4,0.9870226383,0.7949825525,0.9870226383,4,0.9870226383,0.7949825525,0.9870226383,0.0000000000,0.1920400858,0.1920400858,1,1,0.0000000000,FSS-1000,,,
378_class-797,2,0.9914543629,0.9918884635,0.9922429919,2,0.9914543629,0.9918884635,0.9922429919,0.0000000000,-0.0004341006,-0.0004341006,0,0,0.0000000000,FSS-1000,,,
379_class-797,1,0.9929144382,0.9927976727,0.9929144382,0,0.9927976727,0.9927976727,0.9929144382,-0.0001167655,0.0001167655,0.0000000000,1,1,0.0000000000,FSS-1000,,,
380_class-798,0,0.7651592493,0.7651592493,0.7652112842,0,0.7651592493,0.7651592493,0.7652112842,0.0000000000,0.0000000000,0.0000000000,1,1,0.0000000000,FSS-1000,,,
381_class-798,0,0.0919994712,0.0919994712,0.0919994712,0,0.0919994712,0.0919994712,0.0919994712,0.0000000000,0.0000000000,0.0000000000,1,1,0.0000000000,FSS-1000,,,
382_class-798,2,0.8251953125,0.9887745380,0.9887745380,2,0.8251953125,0.9887745380,0.9887745380,0.0000000000,-0.1635792255,-0.1635792255,0,0,0.0000000000,FSS-1000,,,
383_class-798,0,0.2106306702,0.2106306702,0.2233563662,0,0.2106306702,0.2106306702,0.2233563662,0.0000000000,0.0000000000,0.0000000000,1,1,0.0000000000,FSS-1000,,,
384_class-798,1,0.9872727394,0.5241307020,0.9872727394,1,0.9872727394,0.5241307020,0.9872727394,0.0000000000,0.4631420374,0.4631420374,1,1,0.0000000000,FSS-1000,,,
385_class-798,2,0.8561322689,0.8019766808,0.9893910885,0,0.8019766808,0.8019766808,0.9893910885,-0.0541555882,0.0541555882,0.0000000000,1,1,0.0000000000,FSS-1000,,,
386_class-798,4,0.4808096290,0.5139520168,0.5288987160,4,0.4808096290,0.5139520168,0.5288987160,0.0000000000,-0.0331423879,-0.0331423879,0,0,0.0000000000,FSS-1000,,,
387_class-798,1,0.9105771184,0.1236949638,0.9111179113,1,0.9105771184,0.1236949638,0.9111179113,0.0000000000,0.7868821546,0.7868821546,1,1,0.0000000000,FSS-1000,,,
388_class-798,0,0.9695262313,0.9695262313,0.9696652889,0,0.9695262313,0.9695262313,0.9696652889,0.0000000000,0.0000000000,0.0000000000,1,1,0.0000000000,FSS-1000,,,
389_class-798,4,0.9859068394,0.9857743979,0.9859068394,4,0.9859068394,0.9857743979,0.9859068394,0.0000000000,0.0001324415,0.0001324415,1,1,0.0000000000,FSS-1000,,,
390_class-799,3,0.9262460470,0.9251392484,0.9267840385,3,0.9262460470,0.9251392484,0.9267840385,0.0000000000,0.0011067986,0.0011067986,1,1,0.0000000000,FSS-1000,,,
391_class-799,3,0.9898283482,0.8696637154,0.9898283482,0,0.8696637154,0.8696637154,0.9898283482,-0.1201646328,0.1201646328,0.0000000000,1,1,0.0000000000,FSS-1000,,,
392_class-799,5,0.9916707873,0.9916300774,0.9916707873,5,0.9916707873,0.9916300774,0.9916707873,0.0000000000,0.0000407100,0.0000407100,1,1,0.0000000000,FSS-1000,,,
393_class-799,2,0.9758151770,0.9794161916,0.9837857485,2,0.9758151770,0.9794161916,0.9837857485,0.0000000000,-0.0036010146,-0.0036010146,0,0,0.0000000000,FSS-1000,,,
394_class-799,2,0.9219228625,0.0805928856,0.9219228625,2,0.9219228625,0.0805928856,0.9219228625,0.0000000000,0.8413299769,0.8413299769,1,1,0.0000000000,FSS-1000,,,
395_class-799,2,0.9503031969,0.9447380304,0.9531289339,0,0.9447380304,0.9447380304,0.9531289339,-0.0055651665,0.0055651665,0.0000000000,1,1,0.0000000000,FSS-1000,,,
396_class-799,3,0.9880024195,0.9876413345,0.9880024195,0,0.9876413345,0.9876413345,0.9880024195,-0.0003610849,0.0003610849,0.0000000000,1,1,0.0000000000,FSS-1000,,,
397_class-799,3,0.9657258391,0.9671950340,0.9673914313,0,0.9671950340,0.9671950340,0.9673914313,0.0014691949,-0.0014691949,0.0000000000,0,1,1.0000000000,FSS-1000,,,
398_class-799,5,0.9895390272,0.9894798994,0.9895988703,5,0.9895390272,0.9894798994,0.9895988703,0.0000000000,0.0000591278,0.0000591278,1,1,0.0000000000,FSS-1000,,,
399_class-799,0,0.5681234598,0.5681234598,0.5777767301,0,0.5681234598,0.5681234598,0.5777767301,0.0000000000,0.0000000000,0.0000000000,1,1,0.0000000000,FSS-1000,,,
400_class-800,1,0.8403737545,0.9296002984,0.9786297679,0,0.9296002984,0.9296002984,0.9786297679,0.0892265439,-0.0892265439,0.0000000000,0,1,1.0000000000,FSS-1000,,,
401_class-800,2,0.8691213131,0.8778547645,0.8853497505,0,0.8778547645,0.8778547645,0.8853497505,0.0087334514,-0.0087334514,0.0000000000,0,1,1.0000000000,FSS-1000,,,
402_class-800,5,0.9796921015,0.9801900387,0.9801900387,0,0.9801900387,0.9801900387,0.9801900387,0.0004979372,-0.0004979372,0.0000000000,0,1,1.0000000000,FSS-1000,,,
403_class-800,2,0.9833909869,0.9364507198,0.9833909869,0,0.9364507198,0.9364507198,0.9833909869,-0.0469402671,0.0469402671,0.0000000000,1,1,0.0000000000,FSS-1000,,,
404_class-800,1,0.9775235653,0.9777942896,0.9777942896,1,0.9775235653,0.9777942896,0.9777942896,0.0000000000,-0.0002707243,-0.0002707243,0,0,0.0000000000,FSS-1000,,,
405_class-800,0,0.9763910770,0.9763910770,0.9763910770,0,0.9763910770,0.9763910770,0.9763910770,0.0000000000,0.0000000000,0.0000000000,1,1,0.0000000000,FSS-1000,,,
406_class-800,1,0.9903085232,0.9902715683,0.9905735254,1,0.9903085232,0.9902715683,0.9905735254,0.0000000000,0.0000369549,0.0000369549,1,1,0.0000000000,FSS-1000,,,
407_class-800,5,0.9756431580,0.9752206802,0.9756431580,0,0.9752206802,0.9752206802,0.9756431580,-0.0004224777,0.0004224777,0.0000000000,1,1,0.0000000000,FSS-1000,,,
408_class-800,5,0.9692354202,0.9731468558,0.9737881422,0,0.9731468558,0.9731468558,0.9737881422,0.0039114356,-0.0039114356,0.0000000000,0,1,1.0000000000,FSS-1000,,,
409_class-800,3,0.9752096534,0.9752826691,0.9755823016,3,0.9752096534,0.9752826691,0.9755823016,0.0000000000,-0.0000730157,-0.0000730157,0,0,0.0000000000,FSS-1000,,,
410_class-801,2,0.8599216938,0.9227544069,0.9541868567,0,0.9227544069,0.9227544069,0.9541868567,0.0628327131,-0.0628327131,0.0000000000,0,1,1.0000000000,FSS-1000,,,
411_class-801,4,0.9787254930,0.9786376357,0.9803688526,0,0.9786376357,0.9786376357,0.9803688526,-0.0000878572,0.0000878572,0.0000000000,1,1,0.0000000000,FSS-1000,,,
412_class-801,2,0.8400902748,0.7109557390,0.8400902748,0,0.7109557390,0.7109557390,0.8400902748,-0.1291345358,0.1291345358,0.0000000000,1,1,0.0000000000,FSS-1000,,,
413_class-801,4,0.9162493944,0.9125533104,0.9285677671,0,0.9125533104,0.9125533104,0.9285677671,-0.0036960840,0.0036960840,0.0000000000,1,1,0.0000000000,FSS-1000,,,
414_class-801,4,0.6865885258,0.8289464116,0.9538135529,0,0.8289464116,0.8289464116,0.9538135529,0.1423578858,-0.1423578858,0.0000000000,0,1,1.0000000000,FSS-1000,,,
415_class-801,5,0.9818310738,0.9809256792,0.9818310738,0,0.9809256792,0.9809256792,0.9818310738,-0.0009053946,0.0009053946,0.0000000000,1,1,0.0000000000,FSS-1000,,,
416_class-801,1,0.9390927553,0.9355198145,0.9390927553,1,0.9390927553,0.9355198145,0.9390927553,0.0000000000,0.0035729408,0.0035729408,1,1,0.0000000000,FSS-1000,,,
417_class-801,4,0.9521390200,0.9518007636,0.9521390200,0,0.9518007636,0.9518007636,0.9521390200,-0.0003382564,0.0003382564,0.0000000000,1,1,0.0000000000,FSS-1000,,,
418_class-801,3,0.9750598669,0.9765824676,0.9783367515,0,0.9765824676,0.9765824676,0.9783367515,0.0015226007,-0.0015226007,0.0000000000,0,1,1.0000000000,FSS-1000,,,
419_class-801,0,0.8808938861,0.8808938861,0.8848645687,0,0.8808938861,0.8808938861,0.8848645687,0.0000000000,0.0000000000,0.0000000000,1,1,0.0000000000,FSS-1000,,,
420_class-802,3,0.7154728770,0.7156410217,0.9236140847,0,0.7156410217,0.7156410217,0.9236140847,0.0001681447,-0.0001681447,0.0000000000,0,1,1.0000000000,FSS-1000,,,
421_class-802,2,0.9833183289,0.9834208488,0.9835463762,0,0.9834208488,0.9834208488,0.9835463762,0.0001025200,-0.0001025200,0.0000000000,0,1,1.0000000000,FSS-1000,,,
422_class-802,4,0.7082157135,0.9726837873,0.9728751183,0,0.9726837873,0.9726837873,0.9728751183,0.2644680738,-0.2644680738,0.0000000000,0,1,1.0000000000,FSS-1000,,,
423_class-802,0,0.9840924740,0.9840924740,0.9845644832,0,0.9840924740,0.9840924740,0.9845644832,0.0000000000,0.0000000000,0.0000000000,1,1,0.0000000000,FSS-1000,,,
424_class-802,0,0.9874595404,0.9874595404,0.9876606464,0,0.9874595404,0.9874595404,0.9876606464,0.0000000000,0.0000000000,0.0000000000,1,1,0.0000000000,FSS-1000,,,
425_class-802,5,0.9327312112,0.9331964850,0.9331964850,0,0.9331964850,0.9331964850,0.9331964850,0.0004652739,-0.0004652739,0.0000000000,0,1,1.0000000000,FSS-1000,,,
426_class-802,2,0.9608731270,0.9605556726,0.9617953897,2,0.9608731270,0.9605556726,0.9617953897,0.0000000000,0.0003174543,0.0003174543,1,1,0.0000000000,FSS-1000,,,
427_class-802,5,0.9838193059,0.9835753441,0.9838193059,0,0.9835753441,0.9835753441,0.9838193059,-0.0002439618,0.0002439618,0.0000000000,1,1,0.0000000000,FSS-1000,,,
428_class-802,4,0.9040627480,0.8017802238,0.9105470777,0,0.8017802238,0.8017802238,0.9105470777,-0.1022825241,0.1022825241,0.0000000000,1,1,0.0000000000,FSS-1000,,,
429_class-802,1,0.6546882987,0.9005761147,0.9005761147,1,0.6546882987,0.9005761147,0.9005761147,0.0000000000,-0.2458878160,-0.2458878160,0,0,0.0000000000,FSS-1000,,,
430_class-803,3,0.6504958868,0.6504135132,0.6534389257,0,0.6504135132,0.6504135132,0.6534389257,-0.0000823736,0.0000823736,0.0000000000,1,1,0.0000000000,FSS-1000,,,
431_class-803,3,0.9285272360,0.8805913925,0.9285272360,0,0.8805913925,0.8805913925,0.9285272360,-0.0479358435,0.0479358435,0.0000000000,1,1,0.0000000000,FSS-1000,,,
432_class-803,4,0.9165922403,0.8081709146,0.9165922403,4,0.9165922403,0.8081709146,0.9165922403,0.0000000000,0.1084213257,0.1084213257,1,1,0.0000000000,FSS-1000,,,
433_class-803,2,0.9166290164,0.9164859056,0.9167391062,2,0.9166290164,0.9164859056,0.9167391062,0.0000000000,0.0001431108,0.0001431108,1,1,0.0000000000,FSS-1000,,,
434_class-803,3,0.9609478712,0.9609487057,0.9609981775,3,0.9609478712,0.9609487057,0.9609981775,0.0000000000,-0.0000008345,-0.0000008345,0,0,0.0000000000,FSS-1000,,,
435_class-803,5,0.9169695377,0.9171234965,0.9171234965,0,0.9171234965,0.9171234965,0.9171234965,0.0001539588,-0.0001539588,0.0000000000,0,1,1.0000000000,FSS-1000,,,
436_class-803,2,0.9581507444,0.3684956431,0.9581507444,2,0.9581507444,0.3684956431,0.9581507444,0.0000000000,0.5896551013,0.5896551013,1,1,0.0000000000,FSS-1000,,,
437_class-803,1,0.2749821246,0.2639291286,0.5520515442,1,0.2749821246,0.2639291286,0.5520515442,0.0000000000,0.0110529959,0.0110529959,1,1,0.0000000000,FSS-1000,,,
438_class-803,1,0.9609757662,0.9605666399,0.9609757662,1,0.9609757662,0.9605666399,0.9609757662,0.0000000000,0.0004091263,0.0004091263,1,1,0.0000000000,FSS-1000,,,
439_class-803,2,0.9350779057,0.9340331554,0.9352727532,0,0.9340331554,0.9340331554,0.9352727532,-0.0010447502,0.0010447502,0.0000000000,1,1,0.0000000000,FSS-1000,,,
440_class-804,1,0.9720398188,0.9695466757,0.9720398188,0,0.9695466757,0.9695466757,0.9720398188,-0.0024931431,0.0024931431,0.0000000000,1,1,0.0000000000,FSS-1000,,,
441_class-804,1,0.8833849430,0.8808199167,0.8921645284,0,0.8808199167,0.8808199167,0.8921645284,-0.0025650263,0.0025650263,0.0000000000,1,1,0.0000000000,FSS-1000,,,
442_class-804,5,0.6265774965,0.6565412879,0.7908654213,0,0.6565412879,0.6565412879,0.7908654213,0.0299637914,-0.0299637914,0.0000000000,0,1,1.0000000000,FSS-1000,,,
443_class-804,2,0.9178246260,0.9197340608,0.9221388102,2,0.9178246260,0.9197340608,0.9221388102,0.0000000000,-0.0019094348,-0.0019094348,0,0,0.0000000000,FSS-1000,,,
444_class-804,2,0.9727712870,0.9726544619,0.9728296995,2,0.9727712870,0.9726544619,0.9728296995,0.0000000000,0.0001168251,0.0001168251,1,1,0.0000000000,FSS-1000,,,
445_class-804,4,0.7116631269,0.7113685012,0.7116631269,0,0.7113685012,0.7113685012,0.7116631269,-0.0002946258,0.0002946258,0.0000000000,1,1,0.0000000000,FSS-1000,,,
446_class-804,2,0.9823650122,0.9822838306,0.9825773239,0,0.9822838306,0.9822838306,0.9825773239,-0.0000811815,0.0000811815,0.0000000000,1,1,0.0000000000,FSS-1000,,,
447_class-804,4,0.9539628029,0.9513309598,0.9541093111,0,0.9513309598,0.9513309598,0.9541093111,-0.0026318431,0.0026318431,0.0000000000,1,1,0.0000000000,FSS-1000,,,
448_class-804,2,0.9726313949,0.9725767374,0.9726313949,0,0.9725767374,0.9725767374,0.9726313949,-0.0000546575,0.0000546575,0.0000000000,1,1,0.0000000000,FSS-1000,,,
449_class-804,5,0.9745869637,0.9734880924,0.9745869637,0,0.9734880924,0.9734880924,0.9745869637,-0.0010988712,0.0010988712,0.0000000000,1,1,0.0000000000,FSS-1000,,,
450_class-805,2,0.9240705967,0.9235724807,0.9240705967,0,0.9235724807,0.9235724807,0.9240705967,-0.0004981160,0.0004981160,0.0000000000,1,1,0.0000000000,FSS-1000,,,
451_class-805,0,0.9828263521,0.9828263521,0.9832475185,0,0.9828263521,0.9828263521,0.9832475185,0.0000000000,0.0000000000,0.0000000000,1,1,0.0000000000,FSS-1000,,,
452_class-805,2,0.7872204781,0.7017837763,0.7881915569,2,0.7872204781,0.7017837763,0.7881915569,0.0000000000,0.0854367018,0.0854367018,1,1,0.0000000000,FSS-1000,,,
453_class-805,2,0.9396426082,0.9207966328,0.9493035078,2,0.9396426082,0.9207966328,0.9493035078,0.0000000000,0.0188459754,0.0188459754,1,1,0.0000000000,FSS-1000,,,
454_class-805,1,0.9651203752,0.9649567604,0.9651203752,1,0.9651203752,0.9649567604,0.9651203752,0.0000000000,0.0001636147,0.0001636147,1,1,0.0000000000,FSS-1000,,,
455_class-805,3,0.9676164985,0.9676346183,0.9676387310,3,0.9676164985,0.9676346183,0.9676387310,0.0000000000,-0.0000181198,-0.0000181198,0,0,0.0000000000,FSS-1000,,,
456_class-805,2,0.9722923040,0.9723045230,0.9723598957,0,0.9723045230,0.9723045230,0.9723598957,0.0000122190,-0.0000122190,0.0000000000,0,1,1.0000000000,FSS-1000,,,
457_class-805,3,0.9724714756,0.9697979689,0.9724714756,3,0.9724714756,0.9697979689,0.9724714756,0.0000000000,0.0026735067,0.0026735067,1,1,0.0000000000,FSS-1000,,,
458_class-805,0,0.9562464356,0.9562464356,0.9570320845,0,0.9562464356,0.9562464356,0.9570320845,0.0000000000,0.0000000000,0.0000000000,1,1,0.0000000000,FSS-1000,,,
459_class-805,2,0.9797705412,0.9796985388,0.9809995294,0,0.9796985388,0.9796985388,0.9809995294,-0.0000720024,0.0000720024,0.0000000000,1,1,0.0000000000,FSS-1000,,,
460_class-806,1,0.9858816266,0.9857654572,0.9858816266,0,0.9857654572,0.9857654572,0.9858816266,-0.0001161695,0.0001161695,0.0000000000,1,1,0.0000000000,FSS-1000,,,
461_class-806,3,0.9901983738,0.8416349888,0.9902582169,0,0.8416349888,0.8416349888,0.9902582169,-0.1485633850,0.1485633850,0.0000000000,1,1,0.0000000000,FSS-1000,,,
462_class-806,0,0.9624442458,0.9624442458,0.9632738829,0,0.9624442458,0.9624442458,0.9632738829,0.0000000000,0.0000000000,0.0000000000,1,1,0.0000000000,FSS-1000,,,
463_class-806,2,0.9828161001,0.9802205563,0.9828161001,0,0.9802205563,0.9802205563,0.9828161001,-0.0025955439,0.0025955439,0.0000000000,1,1,0.0000000000,FSS-1000,,,
464_class-806,4,0.9901888371,0.9901888371,0.9901888371,0,0.9901888371,0.9901888371,0.9901888371,0.0000000000,0.0000000000,0.0000000000,1,1,0.0000000000,FSS-1000,,,
465_class-806,3,0.9240815639,0.9239392281,0.9535101652,0,0.9239392281,0.9239392281,0.9535101652,-0.0001423359,0.0001423359,0.0000000000,1,1,0.0000000000,FSS-1000,,,
466_class-806,5,0.9837812185,0.9836321473,0.9837812781,0,0.9836321473,0.9836321473,0.9837812781,-0.0001490712,0.0001490712,0.0000000000,1,1,0.0000000000,FSS-1000,,,
467_class-806,4,0.7830904126,0.7861109376,0.9647873640,0,0.7861109376,0.7861109376,0.9647873640,0.0030205250,-0.0030205250,0.0000000000,0,1,1.0000000000,FSS-1000,,,
468_class-806,2,0.9827606678,0.9824490547,0.9827606678,0,0.9824490547,0.9824490547,0.9827606678,-0.0003116131,0.0003116131,0.0000000000,1,1,0.0000000000,FSS-1000,,,
469_class-806,0,0.9844301343,0.9844301343,0.9844301343,0,0.9844301343,0.9844301343,0.9844301343,0.0000000000,0.0000000000,0.0000000000,1,1,0.0000000000,FSS-1000,,,
470_class-807,5,0.9196896553,0.9130026698,0.9196896553,5,0.9196896553,0.9130026698,0.9196896553,0.0000000000,0.0066869855,0.0066869855,1,1,0.0000000000,FSS-1000,,,
471_class-807,1,0.7901577353,0.0501012914,0.9584673643,1,0.7901577353,0.0501012914,0.9584673643,0.0000000000,0.7400564440,0.7400564440,1,1,0.0000000000,FSS-1000,,,
472_class-807,5,0.9228658676,0.9279351234,0.9286225438,5,0.9228658676,0.9279351234,0.9286225438,0.0000000000,-0.0050692558,-0.0050692558,0,0,0.0000000000,FSS-1000,,,
473_class-807,5,0.8759362102,0.8586754799,0.8759362102,5,0.8759362102,0.8586754799,0.8759362102,0.0000000000,0.0172607303,0.0172607303,1,1,0.0000000000,FSS-1000,,,
474_class-807,1,0.9450449944,0.9459763765,0.9462113976,0,0.9459763765,0.9459763765,0.9462113976,0.0009313822,-0.0009313822,0.0000000000,0,1,1.0000000000,FSS-1000,,,
475_class-807,1,0.3210760653,0.3119665682,0.3383189142,1,0.3210760653,0.3119665682,0.3383189142,0.0000000000,0.0091094971,0.0091094971,1,1,0.0000000000,FSS-1000,,,
476_class-807,0,0.9406847954,0.9406847954,0.9406847954,0,0.9406847954,0.9406847954,0.9406847954,0.0000000000,0.0000000000,0.0000000000,1,1,0.0000000000,FSS-1000,,,
477_class-807,0,0.9777814150,0.9777814150,0.9779610634,0,0.9777814150,0.9777814150,0.9779610634,0.0000000000,0.0000000000,0.0000000000,1,1,0.0000000000,FSS-1000,,,
478_class-807,4,0.9310860634,0.4915122390,0.9312837124,4,0.9310860634,0.4915122390,0.9312837124,0.0000000000,0.4395738244,0.4395738244,1,1,0.0000000000,FSS-1000,,,
479_class-807,5,0.9392687082,0.9147775173,0.9404479861,5,0.9392687082,0.9147775173,0.9404479861,0.0000000000,0.0244911909,0.0244911909,1,1,0.0000000000,FSS-1000,,,
480_class-808,2,0.9675126076,0.9674975872,0.9688948393,2,0.9675126076,0.9674975872,0.9688948393,0.0000000000,0.0000150204,0.0000150204,1,1,0.0000000000,FSS-1000,,,
481_class-808,5,0.9377378225,0.9398531318,0.9398531318,0,0.9398531318,0.9398531318,0.9398531318,0.0021153092,-0.0021153092,0.0000000000,0,1,1.0000000000,FSS-1000,,,
482_class-808,1,0.9712727666,0.9716024995,0.9716024995,1,0.9712727666,0.9716024995,0.9716024995,0.0000000000,-0.0003297329,-0.0003297329,0,0,0.0000000000,FSS-1000,,,
483_class-808,5,0.9708043933,0.9673758745,0.9708043933,0,0.9673758745,0.9673758745,0.9708043933,-0.0034285188,0.0034285188,0.0000000000,1,1,0.0000000000,FSS-1000,,,
484_class-808,5,0.9710892439,0.9708282948,0.9713255167,5,0.9710892439,0.9708282948,0.9713255167,0.0000000000,0.0002609491,0.0002609491,1,1,0.0000000000,FSS-1000,,,
485_class-808,1,0.9514141083,0.9521375299,0.9521375299,1,0.9514141083,0.9521375299,0.9521375299,0.0000000000,-0.0007234216,-0.0007234216,0,0,0.0000000000,FSS-1000,,,
486_class-808,4,0.9432611465,0.9391551018,0.9432750940,0,0.9391551018,0.9391551018,0.9432750940,-0.0041060448,0.0041060448,0.0000000000,1,1,0.0000000000,FSS-1000,,,
487_class-808,0,0.9393273592,0.9393273592,0.9394886494,0,0.9393273592,0.9393273592,0.9394886494,0.0000000000,0.0000000000,0.0000000000,1,1,0.0000000000,FSS-1000,,,
488_class-808,5,0.9678117037,0.9687103629,0.9687103629,0,0.9687103629,0.9687103629,0.9687103629,0.0008986592,-0.0008986592,0.0000000000,0,1,1.0000000000,FSS-1000,,,
489_class-808,0,0.9596501589,0.9596501589,0.9609247446,0,0.9596501589,0.9596501589,0.9609247446,0.0000000000,0.0000000000,0.0000000000,1,1,0.0000000000,FSS-1000,,,
490_class-809,1,0.9578981400,0.9586945772,0.9588228464,1,0.9578981400,0.9586945772,0.9588228464,0.0000000000,-0.0007964373,-0.0007964373,0,0,0.0000000000,FSS-1000,,,
491_class-809,3,0.9458921552,0.9428075552,0.9458921552,3,0.9458921552,0.9428075552,0.9458921552,0.0000000000,0.0030846000,0.0030846000,1,1,0.0000000000,FSS-1000,,,
492_class-809,0,0.9507867694,0.9507867694,0.9655429125,0,0.9507867694,0.9507867694,0.9655429125,0.0000000000,0.0000000000,0.0000000000,1,1,0.0000000000,FSS-1000,,,
493_class-809,0,0.9520444870,0.9520444870,0.9526239634,0,0.9520444870,0.9520444870,0.9526239634,0.0000000000,0.0000000000,0.0000000000,1,1,0.0000000000,FSS-1000,,,
494_class-809,3,0.7586386204,0.7776062489,0.9281526804,3,0.7586386204,0.7776062489,0.9281526804,0.0000000000,-0.0189676285,-0.0189676285,0,0,0.0000000000,FSS-1000,,,
495_class-809,1,0.9575307369,0.9530842304,0.9575307369,0,0.9530842304,0.9530842304,0.9575307369,-0.0044465065,0.0044465065,0.0000000000,1,1,0.0000000000,FSS-1000,,,
496_class-809,2,0.9603416920,0.9599453211,0.9615038633,2,0.9603416920,0.9599453211,0.9615038633,0.0000000000,0.0003963709,0.0003963709,1,1,0.0000000000,FSS-1000,,,
497_class-809,2,0.9125105739,0.9124233127,0.9253768325,2,0.9125105739,0.9124233127,0.9253768325,0.0000000000,0.0000872612,0.0000872612,1,1,0.0000000000,FSS-1000,,,
498_class-809,0,0.9122828245,0.9122828245,0.9122828245,0,0.9122828245,0.9122828245,0.9122828245,0.0000000000,0.0000000000,0.0000000000,1,1,0.0000000000,FSS-1000,,,
499_class-809,1,0.9664762616,0.9677505493,0.9696152806,0,0.9677505493,0.9677505493,0.9696152806,0.0012742877,-0.0012742877,0.0000000000,0,1,1.0000000000,FSS-1000,,,
500_class-810,3,0.6698100567,0.6857435703,0.6963691711,3,0.6698100567,0.6857435703,0.6963691711,0.0000000000,-0.0159335136,-0.0159335136,0,0,0.0000000000,FSS-1000,,,
501_class-810,4,0.9921278358,0.8322010040,0.9921278358,4,0.9921278358,0.8322010040,0.9921278358,0.0000000000,0.1599268317,0.1599268317,1,1,0.0000000000,FSS-1000,,,
502_class-810,5,0.9088499546,0.9337729216,0.9337729216,0,0.9337729216,0.9337729216,0.9337729216,0.0249229670,-0.0249229670,0.0000000000,0,1,1.0000000000,FSS-1000,,,
503_class-810,0,0.9839998484,0.9839998484,0.9841119051,0,0.9839998484,0.9839998484,0.9841119051,0.0000000000,0.0000000000,0.0000000000,1,1,0.0000000000,FSS-1000,,,
504_class-810,4,0.9459087849,0.2380736172,0.9459087849,4,0.9459087849,0.2380736172,0.9459087849,0.0000000000,0.7078351676,0.7078351676,1,1,0.0000000000,FSS-1000,,,
505_class-810,5,0.6580913067,0.9511457086,0.9619365931,5,0.6580913067,0.9511457086,0.9619365931,0.0000000000,-0.2930544019,-0.2930544019,0,0,0.0000000000,FSS-1000,,,
506_class-810,1,0.9809331894,0.9810115099,0.9810694456,1,0.9809331894,0.9810115099,0.9810694456,0.0000000000,-0.0000783205,-0.0000783205,0,0,0.0000000000,FSS-1000,,,
507_class-810,3,0.9912148714,0.9909456968,0.9912400246,3,0.9912148714,0.9909456968,0.9912400246,0.0000000000,0.0002691746,0.0002691746,1,1,0.0000000000,FSS-1000,,,
508_class-810,0,0.9399204254,0.9399204254,0.9566511512,0,0.9399204254,0.9399204254,0.9566511512,0.0000000000,0.0000000000,0.0000000000,1,1,0.0000000000,FSS-1000,,,
509_class-810,5,0.7884674072,0.7882473469,0.9550524950,0,0.7882473469,0.7882473469,0.9550524950,-0.0002200603,0.0002200603,0.0000000000,1,1,0.0000000000,FSS-1000,,,
510_class-811,1,0.7901975513,0.9409354329,0.9409354329,0,0.9409354329,0.9409354329,0.9409354329,0.1507378817,-0.1507378817,0.0000000000,0,1,1.0000000000,FSS-1000,,,
511_class-811,3,0.9212607145,0.9216033220,0.9221222401,3,0.9212607145,0.9216033220,0.9221222401,0.0000000000,-0.0003426075,-0.0003426075,0,0,0.0000000000,FSS-1000,,,
512_class-811,2,0.9028202295,0.8853578568,0.9028202295,2,0.9028202295,0.8853578568,0.9028202295,0.0000000000,0.0174623728,0.0174623728,1,1,0.0000000000,FSS-1000,,,
513_class-811,3,0.9294248819,0.9294588566,0.9294588566,0,0.9294588566,0.9294588566,0.9294588566,0.0000339746,-0.0000339746,0.0000000000,0,1,1.0000000000,FSS-1000,,,
514_class-811,4,0.9643027782,0.9621600509,0.9643027782,4,0.9643027782,0.9621600509,0.9643027782,0.0000000000,0.0021427274,0.0021427274,1,1,0.0000000000,FSS-1000,,,
515_class-811,0,0.9213641286,0.9213641286,0.9275530577,0,0.9213641286,0.9213641286,0.9275530577,0.0000000000,0.0000000000,0.0000000000,1,1,0.0000000000,FSS-1000,,,
516_class-811,1,0.9221329689,0.9231722355,0.9235080481,0,0.9231722355,0.9231722355,0.9235080481,0.0010392666,-0.0010392666,0.0000000000,0,1,1.0000000000,FSS-1000,,,
517_class-811,3,0.9305694103,0.9327315092,0.9327315092,0,0.9327315092,0.9327315092,0.9327315092,0.0021620989,-0.0021620989,0.0000000000,0,1,1.0000000000,FSS-1000,,,
518_class-811,0,0.8638560772,0.8638560772,0.8665355444,0,0.8638560772,0.8638560772,0.8665355444,0.0000000000,0.0000000000,0.0000000000,1,1,0.0000000000,FSS-1000,,,
519_class-811,0,0.8967581987,0.8967581987,0.9160350561,0,0.8967581987,0.8967581987,0.9160350561,0.0000000000,0.0000000000,0.0000000000,1,1,0.0000000000,FSS-1000,,,
520_class-812,0,0.9665603638,0.9665603638,0.9665603638,0,0.9665603638,0.9665603638,0.9665603638,0.0000000000,0.0000000000,0.0000000000,1,1,0.0000000000,FSS-1000,,,
521_class-812,0,0.0686128363,0.0686128363,0.0757511556,0,0.0686128363,0.0686128363,0.0757511556,0.0000000000,0.0000000000,0.0000000000,1,1,0.0000000000,FSS-1000,,,
522_class-812,0,0.8767914176,0.8767914176,0.8767914176,0,0.8767914176,0.8767914176,0.8767914176,0.0000000000,0.0000000000,0.0000000000,1,1,0.0000000000,FSS-1000,,,
523_class-812,1,0.0533571020,0.1077114344,0.1408471465,0,0.1077114344,0.1077114344,0.1408471465,0.0543543324,-0.0543543324,0.0000000000,0,1,1.0000000000,FSS-1000,,,
524_class-812,3,0.9625625610,0.9622893929,0.9634281397,0,0.9622893929,0.9622893929,0.9634281397,-0.0002731681,0.0002731681,0.0000000000,1,1,0.0000000000,FSS-1000,,,
525_class-812,0,0.9837077856,0.9837077856,0.9837077856,0,0.9837077856,0.9837077856,0.9837077856,0.0000000000,0.0000000000,0.0000000000,1,1,0.0000000000,FSS-1000,,,
526_class-812,2,0.8957980871,0.0560109839,0.9595423341,2,0.8957980871,0.0560109839,0.9595423341,0.0000000000,0.8397871032,0.8397871032,1,1,0.0000000000,FSS-1000,,,
527_class-812,1,0.0348097533,0.2406334579,0.2406334579,0,0.2406334579,0.2406334579,0.2406334579,0.2058237046,-0.2058237046,0.0000000000,0,1,1.0000000000,FSS-1000,,,
528_class-812,1,0.1476372629,0.1483351886,0.1496654749,0,0.1483351886,0.1483351886,0.1496654749,0.0006979257,-0.0006979257,0.0000000000,0,1,1.0000000000,FSS-1000,,,
529_class-812,2,0.0561861396,0.0570702329,0.0570702329,0,0.0570702329,0.0570702329,0.0570702329,0.0008840933,-0.0008840933,0.0000000000,0,1,1.0000000000,FSS-1000,,,
530_class-813,5,0.9851090908,0.9856086373,0.9857654572,0,0.9856086373,0.9856086373,0.9857654572,0.0004995465,-0.0004995465,0.0000000000,0,1,1.0000000000,FSS-1000,,,
531_class-813,0,0.9674602747,0.9674602747,0.9675971270,0,0.9674602747,0.9674602747,0.9675971270,0.0000000000,0.0000000000,0.0000000000,1,1,0.0000000000,FSS-1000,,,
532_class-813,0,0.9774725437,0.9774725437,0.9774725437,0,0.9774725437,0.9774725437,0.9774725437,0.0000000000,0.0000000000,0.0000000000,1,1,0.0000000000,FSS-1000,,,
533_class-813,0,0.9692564011,0.9692564011,0.9708833694,0,0.9692564011,0.9692564011,0.9708833694,0.0000000000,0.0000000000,0.0000000000,1,1,0.0000000000,FSS-1000,,,
534_class-813,5,0.9842309952,0.9515453577,0.9851368666,0,0.9515453577,0.9515453577,0.9851368666,-0.0326856375,0.0326856375,0.0000000000,1,1,0.0000000000,FSS-1000,,,
535_class-813,3,0.9864261746,0.9866663814,0.9866663814,0,0.9866663814,0.9866663814,0.9866663814,0.0002402067,-0.0002402067,0.0000000000,0,1,1.0000000000,FSS-1000,,,
536_class-813,5,0.9815089703,0.9815052748,0.9815089703,5,0.9815089703,0.9815052748,0.9815089703,0.0000000000,0.0000036955,0.0000036955,1,1,0.0000000000,FSS-1000,,,
537_class-813,4,0.9777563810,0.9774423242,0.9781655073,0,0.9774423242,0.9774423242,0.9781655073,-0.0003140569,0.0003140569,0.0000000000,1,1,0.0000000000,FSS-1000,,,
538_class-813,1,0.9815213680,0.9812000990,0.9815213680,0,0.9812000990,0.9812000990,0.9815213680,-0.0003212690,0.0003212690,0.0000000000,1,1,0.0000000000,FSS-1000,,,
539_class-813,5,0.9815214872,0.9825426936,0.9827316999,0,0.9825426936,0.9825426936,0.9827316999,0.0010212064,-0.0010212064,0.0000000000,0,1,1.0000000000,FSS-1000,,,
540_class-814,0,0.9781365395,0.9781365395,0.9781365395,0,0.9781365395,0.9781365395,0.9781365395,0.0000000000,0.0000000000,0.0000000000,1,1,0.0000000000,FSS-1000,,,
541_class-814,3,0.9665592909,0.9664654136,0.9665592909,0,0.9664654136,0.9664654136,0.9665592909,-0.0000938773,0.0000938773,0.0000000000,1,1,0.0000000000,FSS-1000,,,
542_class-814,0,0.9715710878,0.9715710878,0.9722986221,0,0.9715710878,0.9715710878,0.9722986221,0.0000000000,0.0000000000,0.0000000000,1,1,0.0000000000,FSS-1000,,,
543_class-814,4,0.9903411865,0.9900006652,0.9905566573,4,0.9903411865,0.9900006652,0.9905566573,0.0000000000,0.0003405213,0.0003405213,1,1,0.0000000000,FSS-1000,,,
544_class-814,5,0.9924277067,0.9920388460,0.9928395748,0,0.9920388460,0.9920388460,0.9928395748,-0.0003888607,0.0003888607,0.0000000000,1,1,0.0000000000,FSS-1000,,,
545_class-814,0,0.9919670820,0.9919670820,0.9921114445,0,0.9919670820,0.9919670820,0.9921114445,0.0000000000,0.0000000000,0.0000000000,1,1,0.0000000000,FSS-1000,,,
546_class-814,2,0.9717373848,0.9718389511,0.9718389511,2,0.9717373848,0.9718389511,0.9718389511,0.0000000000,-0.0001015663,-0.0001015663,0,0,0.0000000000,FSS-1000,,,
547_class-814,0,0.9795147181,0.9795147181,0.9796096087,0,0.9795147181,0.9795147181,0.9796096087,0.0000000000,0.0000000000,0.0000000000,1,1,0.0000000000,FSS-1000,,,
548_class-814,3,0.9649677277,0.9650501609,0.9653866291,3,0.9649677277,0.9650501609,0.9653866291,0.0000000000,-0.0000824332,-0.0000824332,0,0,0.0000000000,FSS-1000,,,
549_class-814,3,0.9615490437,0.9617334008,0.9623208046,0,0.9617334008,0.9617334008,0.9623208046,0.0001843572,-0.0001843572,0.0000000000,0,1,1.0000000000,FSS-1000,,,
550_class-815,5,0.9418318272,0.9420707226,0.9421917200,5,0.9418318272,0.9420707226,0.9421917200,0.0000000000,-0.0002388954,-0.0002388954,0,0,0.0000000000,FSS-1000,,,
551_class-815,0,0.9418076873,0.9418076873,0.9447990656,0,0.9418076873,0.9418076873,0.9447990656,0.0000000000,0.0000000000,0.0000000000,1,1,0.0000000000,FSS-1000,,,
552_class-815,1,0.9710960388,0.9669054747,0.9720212221,0,0.9669054747,0.9669054747,0.9720212221,-0.0041905642,0.0041905642,0.0000000000,1,1,0.0000000000,FSS-1000,,,
553_class-815,2,0.8464205265,0.8464049697,0.8464205265,2,0.8464205265,0.8464049697,0.8464205265,0.0000000000,0.0000155568,0.0000155568,1,1,0.0000000000,FSS-1000,,,
554_class-815,5,0.9818176031,0.9816349149,0.9818176031,0,0.9816349149,0.9816349149,0.9818176031,-0.0001826882,0.0001826882,0.0000000000,1,1,0.0000000000,FSS-1000,,,
555_class-815,3,0.9379194975,0.9158648849,0.9641240835,3,0.9379194975,0.9158648849,0.9641240835,0.0000000000,0.0220546126,0.0220546126,1,1,0.0000000000,FSS-1000,,,
556_class-815,5,0.9587792754,0.9570401907,0.9587792754,5,0.9587792754,0.9570401907,0.9587792754,0.0000000000,0.0017390847,0.0017390847,1,1,0.0000000000,FSS-1000,,,
557_class-815,0,0.9527305365,0.9527305365,0.9527396560,0,0.9527305365,0.9527305365,0.9527396560,0.0000000000,0.0000000000,0.0000000000,1,1,0.0000000000,FSS-1000,,,
558_class-815,0,0.9643574953,0.9643574953,0.9645824432,0,0.9643574953,0.9643574953,0.9645824432,0.0000000000,0.0000000000,0.0000000000,1,1,0.0000000000,FSS-1000,,,
559_class-815,1,0.9000732899,0.6974351406,0.9000732899,0,0.6974351406,0.6974351406,0.9000732899,-0.2026381493,0.2026381493,0.0000000000,1,1,0.0000000000,FSS-1000,,,
560_class-816,1,0.9381159544,0.9373536110,0.9383958578,1,0.9381159544,0.9373536110,0.9383958578,0.0000000000,0.0007623434,0.0007623434,1,1,0.0000000000,FSS-1000,,,
561_class-816,4,0.9771538973,0.9785290956,0.9785290956,0,0.9785290956,0.9785290956,0.9785290956,0.0013751984,-0.0013751984,0.0000000000,0,1,1.0000000000,FSS-1000,,,
562_class-816,1,0.9386602640,0.9418815374,0.9428139925,0,0.9418815374,0.9418815374,0.9428139925,0.0032212734,-0.0032212734,0.0000000000,0,1,1.0000000000,FSS-1000,,,
563_class-816,3,0.9744060040,0.7878568172,0.9744060040,3,0.9744060040,0.7878568172,0.9744060040,0.0000000000,0.1865491867,0.1865491867,1,1,0.0000000000,FSS-1000,,,
564_class-816,0,0.9240427017,0.9240427017,0.9246456623,0,0.9240427017,0.9240427017,0.9246456623,0.0000000000,0.0000000000,0.0000000000,1,1,0.0000000000,FSS-1000,,,
565_class-816,2,0.9377845526,0.9373552799,0.9377845526,2,0.9377845526,0.9373552799,0.9377845526,0.0000000000,0.0004292727,0.0004292727,1,1,0.0000000000,FSS-1000,,,
566_class-816,2,0.9532647133,0.9534812570,0.9540291429,2,0.9532647133,0.9534812570,0.9540291429,0.0000000000,-0.0002165437,-0.0002165437,0,0,0.0000000000,FSS-1000,,,
567_class-816,5,0.9638037682,0.9637185335,0.9638403654,5,0.9638037682,0.9637185335,0.9638403654,0.0000000000,0.0000852346,0.0000852346,1,1,0.0000000000,FSS-1000,,,
568_class-816,1,0.9459136724,0.8430261612,0.9485749006,0,0.8430261612,0.8430261612,0.9485749006,-0.1028875113,0.1028875113,0.0000000000,1,1,0.0000000000,FSS-1000,,,
569_class-816,3,0.9738581181,0.9742541313,0.9755684137,0,0.9742541313,0.9742541313,0.9755684137,0.0003960133,-0.0003960133,0.0000000000,0,1,1.0000000000,FSS-1000,,,
570_class-817,5,0.9138383865,0.9157211781,0.9157211781,0,0.9157211781,0.9157211781,0.9157211781,0.0018827915,-0.0018827915,0.0000000000,0,1,1.0000000000,FSS-1000,,,
571_class-817,2,0.9288095236,0.9293408990,0.9301856756,0,0.9293408990,0.9293408990,0.9301856756,0.0005313754,-0.0005313754,0.0000000000,0,1,1.0000000000,FSS-1000,,,
572_class-817,0,0.9568525553,0.9568525553,0.9583619833,0,0.9568525553,0.9568525553,0.9583619833,0.0000000000,0.0000000000,0.0000000000,1,1,0.0000000000,FSS-1000,,,
573_class-817,4,0.9175714850,0.9269224405,0.9269224405,0,0.9269224405,0.9269224405,0.9269224405,0.0093509555,-0.0093509555,0.0000000000,0,1,1.0000000000,FSS-1000,,,
574_class-817,4,0.9537346363,0.9548672438,0.9548672438,0,0.9548672438,0.9548672438,0.9548672438,0.0011326075,-0.0011326075,0.0000000000,0,1,1.0000000000,FSS-1000,,,
575_class-817,4,0.9170756936,0.9156352878,0.9196037650,0,0.9156352878,0.9156352878,0.9196037650,-0.0014404058,0.0014404058,0.0000000000,1,1,0.0000000000,FSS-1000,,,
576_class-817,5,0.9217609763,0.9222404361,0.9225975871,5,0.9217609763,0.9222404361,0.9225975871,0.0000000000,-0.0004794598,-0.0004794598,0,0,0.0000000000,FSS-1000,,,
577_class-817,0,0.9525483847,0.9525483847,0.9571453333,0,0.9525483847,0.9525483847,0.9571453333,0.0000000000,0.0000000000,0.0000000000,1,1,0.0000000000,FSS-1000,,,
578_class-817,3,0.9001167417,0.8162387609,0.9006868601,3,0.9001167417,0.8162387609,0.9006868601,0.0000000000,0.0838779807,0.0838779807,1,1,0.0000000000,FSS-1000,,,
579_class-817,1,0.9011211395,0.9011142254,0.9176462293,1,0.9011211395,0.9011142254,0.9176462293,0.0000000000,0.0000069141,0.0000069141,1,1,0.0000000000,FSS-1000,,,
580_class-818,5,0.9576950073,0.9566403627,0.9576950073,5,0.9576950073,0.9566403627,0.9576950073,0.0000000000,0.0010546446,0.0010546446,1,1,0.0000000000,FSS-1000,,,
581_class-818,0,0.9451048374,0.9451048374,0.9451048374,0,0.9451048374,0.9451048374,0.9451048374,0.0000000000,0.0000000000,0.0000000000,1,1,0.0000000000,FSS-1000,,,
582_class-818,1,0.9659689665,0.9679043889,0.9679043889,1,0.9659689665,0.9679043889,0.9679043889,0.0000000000,-0.0019354224,-0.0019354224,0,0,0.0000000000,FSS-1000,,,
583_class-818,4,0.9746925831,0.9749286175,0.9749286175,0,0.9749286175,0.9749286175,0.9749286175,0.0002360344,-0.0002360344,0.0000000000,0,1,1.0000000000,FSS-1000,,,
584_class-818,3,0.5841006637,0.5840621591,0.7770515680,3,0.5841006637,0.5840621591,0.7770515680,0.0000000000,0.0000385046,0.0000385046,1,1,0.0000000000,FSS-1000,,,
585_class-818,4,0.6852105856,0.8490367532,0.9640865326,4,0.6852105856,0.8490367532,0.9640865326,0.0000000000,-0.1638261676,-0.1638261676,0,0,0.0000000000,FSS-1000,,,
586_class-818,2,0.9864037633,0.9855904579,0.9864258766,2,0.9864037633,0.9855904579,0.9864258766,0.0000000000,0.0008133054,0.0008133054,1,1,0.0000000000,FSS-1000,,,
587_class-818,0,0.5619060993,0.5619060993,0.9421918392,0,0.5619060993,0.5619060993,0.9421918392,0.0000000000,0.0000000000,0.0000000000,1,1,0.0000000000,FSS-1000,,,
588_class-818,3,0.9769097567,0.8874318600,0.9769097567,3,0.9769097567,0.8874318600,0.9769097567,0.0000000000,0.0894778967,0.0894778967,1,1,0.0000000000,FSS-1000,,,
589_class-818,5,0.9388331175,0.9400464892,0.9400464892,0,0.9400464892,0.9400464892,0.9400464892,0.0012133718,-0.0012133718,0.0000000000,0,1,1.0000000000,FSS-1000,,,
590_class-819,4,0.9522575140,0.9252461791,0.9522575140,4,0.9522575140,0.9252461791,0.9522575140,0.0000000000,0.0270113349,0.0270113349,1,1,0.0000000000,FSS-1000,,,
591_class-819,1,0.9456208944,0.9459599257,0.9462679625,0,0.9459599257,0.9459599257,0.9462679625,0.0003390312,-0.0003390312,0.0000000000,0,1,1.0000000000,FSS-1000,,,
592_class-819,3,0.8719316125,0.8754951954,0.9217580557,0,0.8754951954,0.8754951954,0.9217580557,0.0035635829,-0.0035635829,0.0000000000,0,1,1.0000000000,FSS-1000,,,
593_class-819,1,0.9114027023,0.9017938375,0.9164720774,0,0.9017938375,0.9017938375,0.9164720774,-0.0096088648,0.0096088648,0.0000000000,1,1,0.0000000000,FSS-1000,,,
594_class-819,1,0.9719504118,0.9713260531,0.9719504118,0,0.9713260531,0.9713260531,0.9719504118,-0.0006243587,0.0006243587,0.0000000000,1,1,0.0000000000,FSS-1000,,,
595_class-819,0,0.9296052456,0.9296052456,0.9426305294,0,0.9296052456,0.9296052456,0.9426305294,0.0000000000,0.0000000000,0.0000000000,1,1,0.0000000000,FSS-1000,,,
596_class-819,0,0.9539516568,0.9539516568,0.9539516568,0,0.9539516568,0.9539516568,0.9539516568,0.0000000000,0.0000000000,0.0000000000,1,1,0.0000000000,FSS-1000,,,
597_class-819,4,0.9377304316,0.9385288954,0.9394994974,0,0.9385288954,0.9385288954,0.9394994974,0.0007984638,-0.0007984638,0.0000000000,0,1,1.0000000000,FSS-1000,,,
598_class-819,5,0.8156567812,0.8150588274,0.8156567812,0,0.8150588274,0.8150588274,0.8156567812,-0.0005979538,0.0005979538,0.0000000000,1,1,0.0000000000,FSS-1000,,,
599_class-819,4,0.8807153702,0.8795854449,0.8812603354,0,0.8795854449,0.8795854449,0.8812603354,-0.0011299253,0.0011299253,0.0000000000,1,1,0.0000000000,FSS-1000,,,
600_class-820,5,0.9086869955,0.9071246386,0.9100007415,5,0.9086869955,0.9071246386,0.9100007415,0.0000000000,0.0015623569,0.0015623569,1,1,0.0000000000,FSS-1000,,,
601_class-820,4,0.9476732016,0.1669276953,0.9491564035,4,0.9476732016,0.1669276953,0.9491564035,0.0000000000,0.7807455063,0.7807455063,1,1,0.0000000000,FSS-1000,,,
602_class-820,4,0.0594716221,0.1668944806,0.8407822847,0,0.1668944806,0.1668944806,0.8407822847,0.1074228585,-0.1074228585,0.0000000000,0,1,1.0000000000,FSS-1000,,,
603_class-820,3,0.9646977186,0.9653034806,0.9653034806,0,0.9653034806,0.9653034806,0.9653034806,0.0006057620,-0.0006057620,0.0000000000,0,1,1.0000000000,FSS-1000,,,
604_class-820,3,0.9237816930,0.9262652993,0.9403418303,3,0.9237816930,0.9262652993,0.9403418303,0.0000000000,-0.0024836063,-0.0024836063,0,0,0.0000000000,FSS-1000,,,
605_class-820,2,0.9621151686,0.9596804380,0.9621151686,0,0.9596804380,0.9596804380,0.9621151686,-0.0024347305,0.0024347305,0.0000000000,1,1,0.0000000000,FSS-1000,,,
606_class-820,4,0.9528433681,0.9530613422,0.9544638395,0,0.9530613422,0.9530613422,0.9544638395,0.0002179742,-0.0002179742,0.0000000000,0,1,1.0000000000,FSS-1000,,,
607_class-820,2,0.9200952053,0.9188600183,0.9200952053,0,0.9188600183,0.9188600183,0.9200952053,-0.0012351871,0.0012351871,0.0000000000,1,1,0.0000000000,FSS-1000,,,
608_class-820,2,0.9444390535,0.9472301006,0.9475470781,2,0.9444390535,0.9472301006,0.9475470781,0.0000000000,-0.0027910471,-0.0027910471,0,0,0.0000000000,FSS-1000,,,
609_class-820,3,0.9409525394,0.9424502850,0.9425162673,3,0.9409525394,0.9424502850,0.9425162673,0.0000000000,-0.0014977455,-0.0014977455,0,0,0.0000000000,FSS-1000,,,
610_class-821,3,0.6819962859,0.6814280748,0.6819962859,0,0.6814280748,0.6814280748,0.6819962859,-0.0005682111,0.0005682111,0.0000000000,1,1,0.0000000000,FSS-1000,,,
611_class-821,1,0.7275623679,0.7268848419,0.7278623581,0,0.7268848419,0.7268848419,0.7278623581,-0.0006775260,0.0006775260,0.0000000000,1,1,0.0000000000,FSS-1000,,,
612_class-821,4,0.9831210375,0.8801414371,0.9831210375,0,0.8801414371,0.8801414371,0.9831210375,-0.1029796004,0.1029796004,0.0000000000,1,1,0.0000000000,FSS-1000,,,
613_class-821,1,0.7968450785,0.7964736223,0.7968743443,1,0.7968450785,0.7964736223,0.7968743443,0.0000000000,0.0003714561,0.0003714561,1,1,0.0000000000,FSS-1000,,,
614_class-821,5,0.5836697817,0.5846374035,0.6909857988,5,0.5836697817,0.5846374035,0.6909857988,0.0000000000,-0.0009676218,-0.0009676218,0,0,0.0000000000,FSS-1000,,,
615_class-821,5,0.7631262541,0.7574621439,0.7631262541,5,0.7631262541,0.7574621439,0.7631262541,0.0000000000,0.0056641102,0.0056641102,1,1,0.0000000000,FSS-1000,,,
616_class-821,0,0.0500958599,0.0500958599,0.0977884457,0,0.0500958599,0.0500958599,0.0977884457,0.0000000000,0.0000000000,0.0000000000,1,1,0.0000000000,FSS-1000,,,
617_class-821,2,0.7440343499,0.7470405102,0.7470405102,0,0.7470405102,0.7470405102,0.7470405102,0.0030061603,-0.0030061603,0.0000000000,0,1,1.0000000000,FSS-1000,,,
618_class-821,2,0.8083611131,0.8080701828,0.8805865049,2,0.8083611131,0.8080701828,0.8805865049,0.0000000000,0.0002909303,0.0002909303,1,1,0.0000000000,FSS-1000,,,
619_class-821,4,0.7215678692,0.7180237770,0.7215678692,0,0.7180237770,0.7180237770,0.7215678692,-0.0035440922,0.0035440922,0.0000000000,1,1,0.0000000000,FSS-1000,,,
620_class-822,0,0.9392967224,0.9392967224,0.9403967857,0,0.9392967224,0.9392967224,0.9403967857,0.0000000000,0.0000000000,0.0000000000,1,1,0.0000000000,FSS-1000,,,
621_class-822,3,0.9805439711,0.9802186489,0.9806247950,3,0.9805439711,0.9802186489,0.9806247950,0.0000000000,0.0003253222,0.0003253222,1,1,0.0000000000,FSS-1000,,,
622_class-822,0,0.9768945575,0.9768945575,0.9768945575,0,0.9768945575,0.9768945575,0.9768945575,0.0000000000,0.0000000000,0.0000000000,1,1,0.0000000000,FSS-1000,,,
623_class-822,5,0.9851677418,0.9676933289,0.9851677418,0,0.9676933289,0.9676933289,0.9851677418,-0.0174744129,0.0174744129,0.0000000000,1,1,0.0000000000,FSS-1000,,,
624_class-822,5,0.9489059448,0.9492597580,0.9492931366,0,0.9492597580,0.9492597580,0.9492931366,0.0003538132,-0.0003538132,0.0000000000,0,1,1.0000000000,FSS-1000,,,
625_class-822,1,0.9811706543,0.9816869497,0.9816869497,0,0.9816869497,0.9816869497,0.9816869497,0.0005162954,-0.0005162954,0.0000000000,0,1,1.0000000000,FSS-1000,,,
626_class-822,2,0.9542263746,0.9541111588,0.9549025297,2,0.9542263746,0.9541111588,0.9549025297,0.0000000000,0.0001152158,0.0001152158,1,1,0.0000000000,FSS-1000,,,
627_class-822,5,0.9725660086,0.9723024368,0.9731334448,5,0.9725660086,0.9723024368,0.9731334448,0.0000000000,0.0002635717,0.0002635717,1,1,0.0000000000,FSS-1000,,,
628_class-822,0,0.9753406048,0.9753406048,0.9756453037,0,0.9753406048,0.9753406048,0.9756453037,0.0000000000,0.0000000000,0.0000000000,1,1,0.0000000000,FSS-1000,,,
629_class-822,5,0.9721733332,0.9699739814,0.9721733332,0,0.9699739814,0.9699739814,0.9721733332,-0.0021993518,0.0021993518,0.0000000000,1,1,0.0000000000,FSS-1000,,,
630_class-823,5,0.9504827857,0.9487354755,0.9506394863,5,0.9504827857,0.9487354755,0.9506394863,0.0000000000,0.0017473102,0.0017473102,1,1,0.0000000000,FSS-1000,,,
631_class-823,2,0.9273420572,0.8409725428,0.9277149439,2,0.9273420572,0.8409725428,0.9277149439,0.0000000000,0.0863695145,0.0863695145,1,1,0.0000000000,FSS-1000,,,
632_class-823,1,0.9525390267,0.9508726597,0.9532564878,0,0.9508726597,0.9508726597,0.9532564878,-0.0016663671,0.0016663671,0.0000000000,1,1,0.0000000000,FSS-1000,,,
633_class-823,5,0.9640491009,0.7527667880,0.9640491009,5,0.9640491009,0.7527667880,0.9640491009,0.0000000000,0.2112823129,0.2112823129,1,1,0.0000000000,FSS-1000,,,
634_class-823,3,0.9611730576,0.9564979076,0.9618730545,0,0.9564979076,0.9564979076,0.9618730545,-0.0046751499,0.0046751499,0.0000000000,1,1,0.0000000000,FSS-1000,,,
635_class-823,2,0.9580074549,0.7812758684,0.9580074549,0,0.7812758684,0.7812758684,0.9580074549,-0.1767315865,0.1767315865,0.0000000000,1,1,0.0000000000,FSS-1000,,,
636_class-823,5,0.9114322662,0.9283187389,0.9283187389,5,0.9114322662,0.9283187389,0.9283187389,0.0000000000,-0.0168864727,-0.0168864727,0,0,0.0000000000,FSS-1000,,,
637_class-823,3,0.9636725187,0.9588687420,0.9636725187,0,0.9588687420,0.9588687420,0.9636725187,-0.0048037767,0.0048037767,0.0000000000,1,1,0.0000000000,FSS-1000,,,
638_class-823,4,0.7837772369,0.7929517031,0.9146339893,0,0.7929517031,0.7929517031,0.9146339893,0.0091744661,-0.0091744661,0.0000000000,0,1,1.0000000000,FSS-1000,,,
639_class-823,3,0.9313471317,0.3126768172,0.9313471317,3,0.9313471317,0.3126768172,0.9313471317,0.0000000000,0.6186703146,0.6186703146,1,1,0.0000000000,FSS-1000,,,
640_class-824,0,0.9403887987,0.9403887987,0.9403887987,0,0.9403887987,0.9403887987,0.9403887987,0.0000000000,0.0000000000,0.0000000000,1,1,0.0000000000,FSS-1000,,,
641_class-824,3,0.9696965218,0.9710158110,0.9714469910,3,0.9696965218,0.9710158110,0.9714469910,0.0000000000,-0.0013192892,-0.0013192892,0,0,0.0000000000,FSS-1000,,,
642_class-824,1,0.9280351400,0.9232844114,0.9280351400,0,0.9232844114,0.9232844114,0.9280351400,-0.0047507286,0.0047507286,0.0000000000,1,1,0.0000000000,FSS-1000,,,
643_class-824,0,0.9701703787,0.9701703787,0.9706697464,0,0.9701703787,0.9701703787,0.9706697464,0.0000000000,0.0000000000,0.0000000000,1,1,0.0000000000,FSS-1000,,,
644_class-824,5,0.9743990302,0.9737831354,0.9743990302,5,0.9743990302,0.9737831354,0.9743990302,0.0000000000,0.0006158948,0.0006158948,1,1,0.0000000000,FSS-1000,,,
645_class-824,3,0.9886984825,0.9884436727,0.9886984825,3,0.9886984825,0.9884436727,0.9886984825,0.0000000000,0.0002548099,0.0002548099,1,1,0.0000000000,FSS-1000,,,
646_class-824,3,0.8694626093,0.8693886995,0.8694626093,3,0.8694626093,0.8693886995,0.8694626093,0.0000000000,0.0000739098,0.0000739098,1,1,0.0000000000,FSS-1000,,,
647_class-824,1,0.9851001501,0.9849716425,0.9851001501,1,0.9851001501,0.9849716425,0.9851001501,0.0000000000,0.0001285076,0.0001285076,1,1,0.0000000000,FSS-1000,,,
648_class-824,2,0.9847598672,0.9845079184,0.9847598672,2,0.9847598672,0.9845079184,0.9847598672,0.0000000000,0.0002519488,0.0002519488,1,1,0.0000000000,FSS-1000,,,
649_class-824,5,0.9862360954,0.9859031439,0.9862990379,0,0.9859031439,0.9859031439,0.9862990379,-0.0003329515,0.0003329515,0.0000000000,1,1,0.0000000000,FSS-1000,,,
650_class-825,4,0.8787017465,0.8789844513,0.8795235157,0,0.8789844513,0.8789844513,0.8795235157,0.0002827048,-0.0002827048,0.0000000000,0,1,1.0000000000,FSS-1000,,,
651_class-825,5,0.9625660181,0.9619916081,0.9628542662,5,0.9625660181,0.9619916081,0.9628542662,0.0000000000,0.0005744100,0.0005744100,1,1,0.0000000000,FSS-1000,,,
652_class-825,1,0.9758751392,0.9758896828,0.9758896828,0,0.9758896828,0.9758896828,0.9758896828,0.0000145435,-0.0000145435,0.0000000000,0,1,1.0000000000,FSS-1000,,,
653_class-825,3,0.9747759104,0.9745651484,0.9748067856,3,0.9747759104,0.9745651484,0.9748067856,0.0000000000,0.0002107620,0.0002107620,1,1,0.0000000000,FSS-1000,,,
654_class-825,4,0.9781770706,0.9783958197,0.9783958197,0,0.9783958197,0.9783958197,0.9783958197,0.0002187490,-0.0002187490,0.0000000000,0,1,1.0000000000,FSS-1000,,,
655_class-825,1,0.9648507833,0.9648801088,0.9649016857,1,0.9648507833,0.9648801088,0.9649016857,0.0000000000,-0.0000293255,-0.0000293255,0,0,0.0000000000,FSS-1000,,,
656_class-825,4,0.9737546444,0.9733954668,0.9737546444,0,0.9733954668,0.9733954668,0.9737546444,-0.0003591776,0.0003591776,0.0000000000,1,1,0.0000000000,FSS-1000,,,
657_class-825,1,0.8524157405,0.8522452116,0.8525447845,1,0.8524157405,0.8522452116,0.8525447845,0.0000000000,0.0001705289,0.0001705289,1,1,0.0000000000,FSS-1000,,,
658_class-825,1,0.9700738788,0.9702186584,0.9720878601,0,0.9702186584,0.9702186584,0.9720878601,0.0001447797,-0.0001447797,0.0000000000,0,1,1.0000000000,FSS-1000,,,
659_class-825,0,0.9552066326,0.9552066326,0.9553780556,0,0.9552066326,0.9552066326,0.9553780556,0.0000000000,0.0000000000,0.0000000000,1,1,0.0000000000,FSS-1000,,,
660_class-826,0,0.9775403142,0.9775403142,0.9777073860,0,0.9775403142,0.9775403142,0.9777073860,0.0000000000,0.0000000000,0.0000000000,1,1,0.0000000000,FSS-1000,,,
661_class-826,1,0.9569077492,0.9567140341,0.9569077492,1,0.9569077492,0.9567140341,0.9569077492,0.0000000000,0.0001937151,0.0001937151,1,1,0.0000000000,FSS-1000,,,
662_class-826,2,0.9840403199,0.9842247963,0.9857391119,2,0.9840403199,0.9842247963,0.9857391119,0.0000000000,-0.0001844764,-0.0001844764,0,0,0.0000000000,FSS-1000,,,
663_class-826,1,0.9706679583,0.9707964063,0.9730646610,1,0.9706679583,0.9707964063,0.9730646610,0.0000000000,-0.0001284480,-0.0001284480,0,0,0.0000000000,FSS-1000,,,
664_class-826,1,0.9782572389,0.9755496383,0.9782572389,1,0.9782572389,0.9755496383,0.9782572389,0.0000000000,0.0027076006,0.0027076006,1,1,0.0000000000,FSS-1000,,,
665_class-826,2,0.7745298147,0.3533376455,0.7745298147,2,0.7745298147,0.3533376455,0.7745298147,0.0000000000,0.4211921692,0.4211921692,1,1,0.0000000000,FSS-1000,,,
666_class-826,1,0.5819984674,0.5142520070,0.8616982102,1,0.5819984674,0.5142520070,0.8616982102,0.0000000000,0.0677464604,0.0677464604,1,1,0.0000000000,FSS-1000,,,
667_class-826,3,0.8676768541,0.8679960370,0.8690040112,3,0.8676768541,0.8679960370,0.8690040112,0.0000000000,-0.0003191829,-0.0003191829,0,0,0.0000000000,FSS-1000,,,
668_class-826,2,0.9829750657,0.9822224379,0.9829750657,0,0.9822224379,0.9822224379,0.9829750657,-0.0007526278,0.0007526278,0.0000000000,1,1,0.0000000000,FSS-1000,,,
669_class-826,1,0.9716575742,0.9722343683,0.9723234177,1,0.9716575742,0.9722343683,0.9723234177,0.0000000000,-0.0005767941,-0.0005767941,0,0,0.0000000000,FSS-1000,,,
670_class-827,3,0.9878801107,0.9867759943,0.9880620241,0,0.9867759943,0.9867759943,0.9880620241,-0.0011041164,0.0011041164,0.0000000000,1,1,0.0000000000,FSS-1000,,,
671_class-827,4,0.8198971152,0.8160669804,0.8198971152,0,0.8160669804,0.8160669804,0.8198971152,-0.0038301349,0.0038301349,0.0000000000,1,1,0.0000000000,FSS-1000,,,
672_class-827,4,0.9857752323,0.9857155085,0.9857752323,4,0.9857752323,0.9857155085,0.9857752323,0.0000000000,0.0000597239,0.0000597239,1,1,0.0000000000,FSS-1000,,,
673_class-827,1,0.9900659919,0.9706745148,0.9900993109,0,0.9706745148,0.9706745148,0.9900993109,-0.0193914771,0.0193914771,0.0000000000,1,1,0.0000000000,FSS-1000,,,
674_class-827,3,0.9839015007,0.9840182662,0.9840182662,3,0.9839015007,0.9840182662,0.9840182662,0.0000000000,-0.0001167655,-0.0001167655,0,0,0.0000000000,FSS-1000,,,
675_class-827,4,0.9853222966,0.9853997827,0.9854216576,0,0.9853997827,0.9853997827,0.9854216576,0.0000774860,-0.0000774860,0.0000000000,0,1,1.0000000000,FSS-1000,,,
676_class-827,1,0.9751904011,0.9775086045,0.9775086045,1,0.9751904011,0.9775086045,0.9775086045,0.0000000000,-0.0023182034,-0.0023182034,0,0,0.0000000000,FSS-1000,,,
677_class-827,5,0.9681834579,0.9657890201,0.9681834579,0,0.9657890201,0.9657890201,0.9681834579,-0.0023944378,0.0023944378,0.0000000000,1,1,0.0000000000,FSS-1000,,,
678_class-827,4,0.9901121259,0.9900988936,0.9901121259,0,0.9900988936,0.9900988936,0.9901121259,-0.0000132322,0.0000132322,0.0000000000,1,1,0.0000000000,FSS-1000,,,
679_class-827,4,0.9695022106,0.9606293440,0.9695022106,4,0.9695022106,0.9606293440,0.9695022106,0.0000000000,0.0088728666,0.0088728666,1,1,0.0000000000,FSS-1000,,,
680_class-828,3,0.9625819921,0.9624172449,0.9633128643,3,0.9625819921,0.9624172449,0.9633128643,0.0000000000,0.0001647472,0.0001647472,1,1,0.0000000000,FSS-1000,,,
681_class-828,1,0.9481662512,0.9482933283,0.9482933283,0,0.9482933283,0.9482933283,0.9482933283,0.0001270771,-0.0001270771,0.0000000000,0,1,1.0000000000,FSS-1000,,,
682_class-828,0,0.9596772194,0.9596772194,0.9681205750,0,0.9596772194,0.9596772194,0.9681205750,0.0000000000,0.0000000000,0.0000000000,1,1,0.0000000000,FSS-1000,,,
683_class-828,4,0.9358539581,0.9365704060,0.9383792877,4,0.9358539581,0.9365704060,0.9383792877,0.0000000000,-0.0007164478,-0.0007164478,0,0,0.0000000000,FSS-1000,,,
684_class-828,4,0.9208909273,0.9044140577,0.9212083817,4,0.9208909273,0.9044140577,0.9212083817,0.0000000000,0.0164768696,0.0164768696,1,1,0.0000000000,FSS-1000,,,
685_class-828,2,0.6321896911,0.6611201763,0.9401941895,2,0.6321896911,0.6611201763,0.9401941895,0.0000000000,-0.0289304852,-0.0289304852,0,0,0.0000000000,FSS-1000,,,
686_class-828,0,0.7645009756,0.7645009756,0.7794872522,0,0.7645009756,0.7645009756,0.7794872522,0.0000000000,0.0000000000,0.0000000000,1,1,0.0000000000,FSS-1000,,,
687_class-828,4,0.1214925498,0.1257995367,0.7768073082,0,0.1257995367,0.1257995367,0.7768073082,0.0043069869,-0.0043069869,0.0000000000,0,1,1.0000000000,FSS-1000,,,
688_class-828,5,0.9574501514,0.9575865269,0.9575865269,0,0.9575865269,0.9575865269,0.9575865269,0.0001363754,-0.0001363754,0.0000000000,0,1,1.0000000000,FSS-1000,,,
689_class-828,4,0.9466456175,0.9493244886,0.9498881102,0,0.9493244886,0.9493244886,0.9498881102,0.0026788712,-0.0026788712,0.0000000000,0,1,1.0000000000,FSS-1000,,,
690_class-829,2,0.8743393421,0.8752726316,0.8752726316,2,0.8743393421,0.8752726316,0.8752726316,0.0000000000,-0.0009332895,-0.0009332895,0,0,0.0000000000,FSS-1000,,,
691_class-829,5,0.9323862195,0.9292773604,0.9323862195,0,0.9292773604,0.9292773604,0.9323862195,-0.0031088591,0.0031088591,0.0000000000,1,1,0.0000000000,FSS-1000,,,
692_class-829,3,0.8076636791,0.8197630644,0.8259307146,0,0.8197630644,0.8197630644,0.8259307146,0.0120993853,-0.0120993853,0.0000000000,0,1,1.0000000000,FSS-1000,,,
693_class-829,3,0.9330902100,0.9246224165,0.9335367680,0,0.9246224165,0.9246224165,0.9335367680,-0.0084677935,0.0084677935,0.0000000000,1,1,0.0000000000,FSS-1000,,,
694_class-829,0,0.9525218010,0.9525218010,0.9525218010,0,0.9525218010,0.9525218010,0.9525218010,0.0000000000,0.0000000000,0.0000000000,1,1,0.0000000000,FSS-1000,,,
695_class-829,0,0.9546195865,0.9546195865,0.9549438953,0,0.9546195865,0.9546195865,0.9549438953,0.0000000000,0.0000000000,0.0000000000,1,1,0.0000000000,FSS-1000,,,
696_class-829,2,0.8935813904,0.8997161984,0.9015269279,0,0.8997161984,0.8997161984,0.9015269279,0.0061348081,-0.0061348081,0.0000000000,0,1,1.0000000000,FSS-1000,,,
697_class-829,3,0.9468538761,0.9412537813,0.9468538761,0,0.9412537813,0.9412537813,0.9468538761,-0.0056000948,0.0056000948,0.0000000000,1,1,0.0000000000,FSS-1000,,,
698_class-829,1,0.7341598272,0.6661247015,0.7341598272,1,0.7341598272,0.6661247015,0.7341598272,0.0000000000,0.0680351257,0.0680351257,1,1,0.0000000000,FSS-1000,,,
699_class-829,5,0.9234510064,0.0220200624,0.9265314937,5,0.9234510064,0.0220200624,0.9265314937,0.0000000000,0.9014309440,0.9014309440,1,1,0.0000000000,FSS-1000,,,
700_class-830,2,0.9579291344,0.9580758810,0.9581797123,2,0.9579291344,0.9580758810,0.9581797123,0.0000000000,-0.0001467466,-0.0001467466,0,0,0.0000000000,FSS-1000,,,
701_class-830,0,0.9818173647,0.9818173647,0.9818173647,0,0.9818173647,0.9818173647,0.9818173647,0.0000000000,0.0000000000,0.0000000000,1,1,0.0000000000,FSS-1000,,,
702_class-830,3,0.9599956870,0.9600092173,0.9600092173,3,0.9599956870,0.9600092173,0.9600092173,0.0000000000,-0.0000135303,-0.0000135303,0,0,0.0000000000,FSS-1000,,,
703_class-830,0,0.9450231194,0.9450231194,0.9450231194,0,0.9450231194,0.9450231194,0.9450231194,0.0000000000,0.0000000000,0.0000000000,1,1,0.0000000000,FSS-1000,,,
704_class-830,2,0.9668107033,0.9666314125,0.9668402076,0,0.9666314125,0.9666314125,0.9668402076,-0.0001792908,0.0001792908,0.0000000000,1,1,0.0000000000,FSS-1000,,,
705_class-830,2,0.9651395082,0.7623127699,0.9679106474,2,0.9651395082,0.7623127699,0.9679106474,0.0000000000,0.2028267384,0.2028267384,1,1,0.0000000000,FSS-1000,,,
706_class-830,2,0.9769126177,0.9767273664,0.9771148562,2,0.9769126177,0.9767273664,0.9771148562,0.0000000000,0.0001852512,0.0001852512,1,1,0.0000000000,FSS-1000,,,
707_class-830,0,0.9583855867,0.9583855867,0.9584804773,0,0.9583855867,0.9583855867,0.9584804773,0.0000000000,0.0000000000,0.0000000000,1,1,0.0000000000,FSS-1000,,,
708_class-830,3,0.9542286396,0.9550212622,0.9555075169,3,0.9542286396,0.9550212622,0.9555075169,0.0000000000,-0.0007926226,-0.0007926226,0,0,0.0000000000,FSS-1000,,,
709_class-830,5,0.9729664326,0.9727724791,0.9729664326,0,0.9727724791,0.9727724791,0.9729664326,-0.0001939535,0.0001939535,0.0000000000,1,1,0.0000000000,FSS-1000,,,
710_class-831,0,0.9256846905,0.9256846905,0.9292551279,0,0.9256846905,0.9256846905,0.9292551279,0.0000000000,0.0000000000,0.0000000000,1,1,0.0000000000,FSS-1000,,,
711_class-831,4,0.9778432846,0.9779548645,0.9783375859,4,0.9778432846,0.9779548645,0.9783375859,0.0000000000,-0.0001115799,-0.0001115799,0,0,0.0000000000,FSS-1000,,,
712_class-831,3,0.9505761266,0.7673588991,0.9505761266,0,0.7673588991,0.7673588991,0.9505761266,-0.1832172275,0.1832172275,0.0000000000,1,1,0.0000000000,FSS-1000,,,
713_class-831,3,0.7815092802,0.7685132027,0.8071806431,3,0.7815092802,0.7685132027,0.8071806431,0.0000000000,0.0129960775,0.0129960775,1,1,0.0000000000,FSS-1000,,,
714_class-831,1,0.7732947469,0.7671642303,0.7737572193,1,0.7732947469,0.7671642303,0.7737572193,0.0000000000,0.0061305165,0.0061305165,1,1,0.0000000000,FSS-1000,,,
715_class-831,5,0.8903667927,0.9018283486,0.9018283486,0,0.9018283486,0.9018283486,0.9018283486,0.0114615560,-0.0114615560,0.0000000000,0,1,1.0000000000,FSS-1000,,,
716_class-831,0,0.8837502003,0.8837502003,0.8903944492,0,0.8837502003,0.8837502003,0.8903944492,0.0000000000,0.0000000000,0.0000000000,1,1,0.0000000000,FSS-1000,,,
717_class-831,4,0.8901653290,0.8927592039,0.8927592039,4,0.8901653290,0.8927592039,0.8927592039,0.0000000000,-0.0025938749,-0.0025938749,0,0,0.0000000000,FSS-1000,,,
718_class-831,1,0.9726065397,0.9713339806,0.9726065397,1,0.9726065397,0.9713339806,0.9726065397,0.0000000000,0.0012725592,0.0012725592,1,1,0.0000000000,FSS-1000,,,
719_class-831,2,0.5439530015,0.5923552513,0.5923552513,2,0.5439530015,0.5923552513,0.5923552513,0.0000000000,-0.0484022498,-0.0484022498,0,0,0.0000000000,FSS-1000,,,
720_class-832,0,0.9791257977,0.9791257977,0.9791257977,0,0.9791257977,0.9791257977,0.9791257977,0.0000000000,0.0000000000,0.0000000000,1,1,0.0000000000,FSS-1000,,,
721_class-832,4,0.9616079926,0.9595723748,0.9616079926,4,0.9616079926,0.9595723748,0.9616079926,0.0000000000,0.0020356178,0.0020356178,1,1,0.0000000000,FSS-1000,,,
722_class-832,2,0.7247928381,0.5607922077,0.7412383556,2,0.7247928381,0.5607922077,0.7412383556,0.0000000000,0.1640006304,0.1640006304,1,1,0.0000000000,FSS-1000,,,
723_class-832,4,0.6588130593,0.2881392837,0.6588130593,4,0.6588130593,0.2881392837,0.6588130593,0.0000000000,0.3706737757,0.3706737757,1,1,0.0000000000,FSS-1000,,,
724_class-832,0,0.9798443913,0.9798443913,0.9819633961,0,0.9798443913,0.9798443913,0.9819633961,0.0000000000,0.0000000000,0.0000000000,1,1,0.0000000000,FSS-1000,,,
725_class-832,0,0.8509963751,0.8509963751,0.9695196152,0,0.8509963751,0.8509963751,0.9695196152,0.0000000000,0.0000000000,0.0000000000,1,1,0.0000000000,FSS-1000,,,
726_class-832,4,0.9008264542,0.8841749430,0.9656249285,4,0.9008264542,0.8841749430,0.9656249285,0.0000000000,0.0166515112,0.0166515112,1,1,0.0000000000,FSS-1000,,,
727_class-832,2,0.0163291395,0.9690159559,0.9702948928,0,0.9690159559,0.9690159559,0.9702948928,0.9526868165,-0.9526868165,0.0000000000,0,1,1.0000000000,FSS-1000,,,
728_class-832,5,0.9750356674,0.9742383361,0.9751402140,0,0.9742383361,0.9742383361,0.9751402140,-0.0007973313,0.0007973313,0.0000000000,1,1,0.0000000000,FSS-1000,,,
729_class-832,1,0.9791843891,0.9796704054,0.9796704054,0,0.9796704054,0.9796704054,0.9796704054,0.0004860163,-0.0004860163,0.0000000000,0,1,1.0000000000,FSS-1000,,,
730_class-833,1,0.9483343959,0.9485553503,0.9508908987,0,0.9485553503,0.9485553503,0.9508908987,0.0002209544,-0.0002209544,0.0000000000,0,1,1.0000000000,FSS-1000,,,
731_class-833,2,0.8997792006,0.9007277489,0.9014435410,2,0.8997792006,0.9007277489,0.9014435410,0.0000000000,-0.0009485483,-0.0009485483,0,0,0.0000000000,FSS-1000,,,
732_class-833,3,0.9713528752,0.9713615179,0.9713615179,0,0.9713615179,0.9713615179,0.9713615179,0.0000086427,-0.0000086427,0.0000000000,0,1,1.0000000000,FSS-1000,,,
733_class-833,0,0.9384200573,0.9384200573,0.9384200573,0,0.9384200573,0.9384200573,0.9384200573,0.0000000000,0.0000000000,0.0000000000,1,1,0.0000000000,FSS-1000,,,
734_class-833,1,0.8039664030,0.8599362969,0.8681909442,0,0.8599362969,0.8599362969,0.8681909442,0.0559698939,-0.0559698939,0.0000000000,0,1,1.0000000000,FSS-1000,,,
735_class-833,1,0.9522489309,0.9519351721,0.9525783658,1,0.9522489309,0.9519351721,0.9525783658,0.0000000000,0.0003137589,0.0003137589,1,1,0.0000000000,FSS-1000,,,
736_class-833,1,0.9470987320,0.9466520548,0.9473992586,0,0.9466520548,0.9466520548,0.9473992586,-0.0004466772,0.0004466772,0.0000000000,1,1,0.0000000000,FSS-1000,,,
737_class-833,4,0.9576008916,0.9579907656,0.9596345425,0,0.9579907656,0.9579907656,0.9596345425,0.0003898740,-0.0003898740,0.0000000000,0,1,1.0000000000,FSS-1000,,,
738_class-833,0,0.9563328028,0.9563328028,0.9564363956,0,0.9563328028,0.9563328028,0.9564363956,0.0000000000,0.0000000000,0.0000000000,1,1,0.0000000000,FSS-1000,,,
739_class-833,2,0.9379599094,0.9383810163,0.9383810163,2,0.9379599094,0.9383810163,0.9383810163,0.0000000000,-0.0004211068,-0.0004211068,0,0,0.0000000000,FSS-1000,,,
740_class-834,0,0.9717700481,0.9717700481,0.9727010727,0,0.9717700481,0.9717700481,0.9727010727,0.0000000000,0.0000000000,0.0000000000,1,1,0.0000000000,FSS-1000,,,
741_class-834,2,0.9501405954,0.7278857231,0.9524681568,0,0.7278857231,0.7278857231,0.9524681568,-0.2222548723,0.2222548723,0.0000000000,1,1,0.0000000000,FSS-1000,,,
742_class-834,1,0.9889022112,0.9889650345,0.9890897274,1,0.9889022112,0.9889650345,0.9890897274,0.0000000000,-0.0000628233,-0.0000628233,0,0,0.0000000000,FSS-1000,,,
743_class-834,4,0.9555530548,0.6346750259,0.9555530548,4,0.9555530548,0.6346750259,0.9555530548,0.0000000000,0.3208780289,0.3208780289,1,1,0.0000000000,FSS-1000,,,
744_class-834,4,0.9740709066,0.9737023115,0.9740709066,4,0.9740709066,0.9737023115,0.9740709066,0.0000000000,0.0003685951,0.0003685951,1,1,0.0000000000,FSS-1000,,,
745_class-834,5,0.9799723029,0.9801425934,0.9802049398,0,0.9801425934,0.9801425934,0.9802049398,0.0001702905,-0.0001702905,0.0000000000,0,1,1.0000000000,FSS-1000,,,
746_class-834,0,0.9914429784,0.9914429784,0.9915301800,0,0.9914429784,0.9914429784,0.9915301800,0.0000000000,0.0000000000,0.0000000000,1,1,0.0000000000,FSS-1000,,,
747_class-834,4,0.9819111824,0.8092885017,0.9819111824,0,0.8092885017,0.8092885017,0.9819111824,-0.1726226807,0.1726226807,0.0000000000,1,1,0.0000000000,FSS-1000,,,
748_class-834,1,0.7614802122,0.0889554098,0.9596129656,1,0.7614802122,0.0889554098,0.9596129656,0.0000000000,0.6725248024,0.6725248024,1,1,0.0000000000,FSS-1000,,,
749_class-834,0,0.9771536589,0.9771536589,0.9771536589,0,0.9771536589,0.9771536589,0.9771536589,0.0000000000,0.0000000000,0.0000000000,1,1,0.0000000000,FSS-1000,,,
750_class-835,3,0.9869071841,0.9853473306,0.9869071841,0,0.9853473306,0.9853473306,0.9869071841,-0.0015598536,0.0015598536,0.0000000000,1,1,0.0000000000,FSS-1000,,,
751_class-835,3,0.9805966616,0.9812239408,0.9813929796,3,0.9805966616,0.9812239408,0.9813929796,0.0000000000,-0.0006272793,-0.0006272793,0,0,0.0000000000,FSS-1000,,,
752_class-835,1,0.9839156270,0.9839453101,0.9839453101,1,0.9839156270,0.9839453101,0.9839453101,0.0000000000,-0.0000296831,-0.0000296831,0,0,0.0000000000,FSS-1000,,,
753_class-835,0,0.9509189129,0.9509189129,0.9509738684,0,0.9509189129,0.9509189129,0.9509738684,0.0000000000,0.0000000000,0.0000000000,1,1,0.0000000000,FSS-1000,,,
754_class-835,5,0.9689465761,0.9603601694,0.9689465761,5,0.9689465761,0.9603601694,0.9689465761,0.0000000000,0.0085864067,0.0085864067,1,1,0.0000000000,FSS-1000,,,
755_class-835,1,0.9861087203,0.9822591543,0.9861680269,0,0.9822591543,0.9822591543,0.9861680269,-0.0038495660,0.0038495660,0.0000000000,1,1,0.0000000000,FSS-1000,,,
756_class-835,2,0.9536207914,0.9456713200,0.9537562132,2,0.9536207914,0.9456713200,0.9537562132,0.0000000000,0.0079494715,0.0079494715,1,1,0.0000000000,FSS-1000,,,
757_class-835,5,0.9164028168,0.8969737887,0.9229371548,5,0.9164028168,0.8969737887,0.9229371548,0.0000000000,0.0194290280,0.0194290280,1,1,0.0000000000,FSS-1000,,,
758_class-835,5,0.9833962917,0.9831259251,0.9840346575,5,0.9833962917,0.9831259251,0.9840346575,0.0000000000,0.0002703667,0.0002703667,1,1,0.0000000000,FSS-1000,,,
759_class-835,0,0.9876896143,0.9876896143,0.9876896143,0,0.9876896143,0.9876896143,0.9876896143,0.0000000000,0.0000000000,0.0000000000,1,1,0.0000000000,FSS-1000,,,
760_class-836,4,0.9751420617,0.9755256176,0.9755256176,4,0.9751420617,0.9755256176,0.9755256176,0.0000000000,-0.0003835559,-0.0003835559,0,0,0.0000000000,FSS-1000,,,
761_class-836,4,0.9575265050,0.9576066732,0.9576066732,4,0.9575265050,0.9576066732,0.9576066732,0.0000000000,-0.0000801682,-0.0000801682,0,0,0.0000000000,FSS-1000,,,
762_class-836,4,0.9729515314,0.4044917822,0.9730455279,4,0.9729515314,0.4044917822,0.9730455279,0.0000000000,0.5684597492,0.5684597492,1,1,0.0000000000,FSS-1000,,,
763_class-836,0,0.9676848650,0.9676848650,0.9676848650,0,0.9676848650,0.9676848650,0.9676848650,0.0000000000,0.0000000000,0.0000000000,1,1,0.0000000000,FSS-1000,,,
764_class-836,4,0.9719637036,0.9718404412,0.9719637036,0,0.9718404412,0.9718404412,0.9719637036,-0.0001232624,0.0001232624,0.0000000000,1,1,0.0000000000,FSS-1000,,,
765_class-836,3,0.9658903480,0.9652652740,0.9658903480,0,0.9652652740,0.9652652740,0.9658903480,-0.0006250739,0.0006250739,0.0000000000,1,1,0.0000000000,FSS-1000,,,
766_class-836,2,0.9604384899,0.9605120420,0.9605120420,0,0.9605120420,0.9605120420,0.9605120420,0.0000735521,-0.0000735521,0.0000000000,0,1,1.0000000000,FSS-1000,,,
767_class-836,3,0.9702523947,0.9640204906,0.9705611467,0,0.9640204906,0.9640204906,0.9705611467,-0.0062319040,0.0062319040,0.0000000000,1,1,0.0000000000,FSS-1000,,,
768_class-836,1,0.9739564657,0.9738952518,0.9741400480,0,0.9738952518,0.9738952518,0.9741400480,-0.0000612140,0.0000612140,0.0000000000,1,1,0.0000000000,FSS-1000,,,
769_class-836,0,0.9682242274,0.9682242274,0.9684911966,0,0.9682242274,0.9682242274,0.9684911966,0.0000000000,0.0000000000,0.0000000000,1,1,0.0000000000,FSS-1000,,,
770_class-837,1,0.7438267469,0.7891070843,0.9182136059,0,0.7891070843,0.7891070843,0.9182136059,0.0452803373,-0.0452803373,0.0000000000,0,1,1.0000000000,FSS-1000,,,
771_class-837,5,0.6433193088,0.8860167265,0.8903490901,0,0.8860167265,0.8860167265,0.8903490901,0.2426974177,-0.2426974177,0.0000000000,0,1,1.0000000000,FSS-1000,,,
772_class-837,5,0.9691594839,0.9694687724,0.9695436954,5,0.9691594839,0.9694687724,0.9695436954,0.0000000000,-0.0003092885,-0.0003092885,0,0,0.0000000000,FSS-1000,,,
773_class-837,5,0.9219309092,0.9238556623,0.9238556623,5,0.9219309092,0.9238556623,0.9238556623,0.0000000000,-0.0019247532,-0.0019247532,0,0,0.0000000000,FSS-1000,,,
774_class-837,2,0.9168668389,0.9174489975,0.9181135893,0,0.9174489975,0.9174489975,0.9181135893,0.0005821586,-0.0005821586,0.0000000000,0,1,1.0000000000,FSS-1000,,,
775_class-837,5,0.8953602910,0.8942955732,0.8981654048,5,0.8953602910,0.8942955732,0.8981654048,0.0000000000,0.0010647178,0.0010647178,1,1,0.0000000000,FSS-1000,,,
776_class-837,2,0.9160846472,0.9162309170,0.9162309170,2,0.9160846472,0.9162309170,0.9162309170,0.0000000000,-0.0001462698,-0.0001462698,0,0,0.0000000000,FSS-1000,,,
777_class-837,4,0.9197986126,0.9202477336,0.9202477336,0,0.9202477336,0.9202477336,0.9202477336,0.0004491210,-0.0004491210,0.0000000000,0,1,1.0000000000,FSS-1000,,,
778_class-837,4,0.9266746044,0.9262307286,0.9266746044,4,0.9266746044,0.9262307286,0.9266746044,0.0000000000,0.0004438758,0.0004438758,1,1,0.0000000000,FSS-1000,,,
779_class-837,4,0.8645783663,0.8655247092,0.8656504750,4,0.8645783663,0.8655247092,0.8656504750,0.0000000000,-0.0009463429,-0.0009463429,0,0,0.0000000000,FSS-1000,,,
780_class-838,1,0.8034687638,0.8036829233,0.9055151939,0,0.8036829233,0.8036829233,0.9055151939,0.0002141595,-0.0002141595,0.0000000000,0,1,1.0000000000,FSS-1000,,,
781_class-838,3,0.9576077461,0.9544009566,0.9904751778,0,0.9544009566,0.9544009566,0.9904751778,-0.0032067895,0.0032067895,0.0000000000,1,1,0.0000000000,FSS-1000,,,
782_class-838,3,0.9903050065,0.9903460741,0.9905278683,3,0.9903050065,0.9903460741,0.9905278683,0.0000000000,-0.0000410676,-0.0000410676,0,0,0.0000000000,FSS-1000,,,
783_class-838,4,0.9800443053,0.9821178913,0.9821178913,4,0.9800443053,0.9821178913,0.9821178913,0.0000000000,-0.0020735860,-0.0020735860,0,0,0.0000000000,FSS-1000,,,
784_class-838,0,0.9877902865,0.9877902865,0.9881180525,0,0.9877902865,0.9877902865,0.9881180525,0.0000000000,0.0000000000,0.0000000000,1,1,0.0000000000,FSS-1000,,,
785_class-838,3,0.9811005592,0.9826906919,0.9829227924,3,0.9811005592,0.9826906919,0.9829227924,0.0000000000,-0.0015901327,-0.0015901327,0,0,0.0000000000,FSS-1000,,,
786_class-838,4,0.9909141064,0.9910049438,0.9910455942,0,0.9910049438,0.9910049438,0.9910455942,0.0000908375,-0.0000908375,0.0000000000,0,1,1.0000000000,FSS-1000,,,
787_class-838,0,0.9867358208,0.9867358208,0.9869328141,0,0.9867358208,0.9867358208,0.9869328141,0.0000000000,0.0000000000,0.0000000000,1,1,0.0000000000,FSS-1000,,,
788_class-838,0,0.9461039305,0.9461039305,0.9461361170,0,0.9461039305,0.9461039305,0.9461361170,0.0000000000,0.0000000000,0.0000000000,1,1,0.0000000000,FSS-1000,,,
789_class-838,0,0.9881123304,0.9881123304,0.9892234206,0,0.9881123304,0.9881123304,0.9892234206,0.0000000000,0.0000000000,0.0000000000,1,1,0.0000000000,FSS-1000,,,
790_class-839,1,0.9889006019,0.9882783890,0.9889006019,0,0.9882783890,0.9882783890,0.9889006019,-0.0006222129,0.0006222129,0.0000000000,1,1,0.0000000000,FSS-1000,,,
791_class-839,1,0.9819765687,0.9818028212,0.9819765687,0,0.9818028212,0.9818028212,0.9819765687,-0.0001737475,0.0001737475,0.0000000000,1,1,0.0000000000,FSS-1000,,,
792_class-839,3,0.9504278898,0.9513994455,0.9513994455,3,0.9504278898,0.9513994455,0.9513994455,0.0000000000,-0.0009715557,-0.0009715557,0,0,0.0000000000,FSS-1000,,,
793_class-839,2,0.9702871442,0.9700253606,0.9702871442,0,0.9700253606,0.9700253606,0.9702871442,-0.0002617836,0.0002617836,0.0000000000,1,1,0.0000000000,FSS-1000,,,
794_class-839,1,0.9115046263,0.9342101812,0.9465115070,1,0.9115046263,0.9342101812,0.9465115070,0.0000000000,-0.0227055550,-0.0227055550,0,0,0.0000000000,FSS-1000,,,
795_class-839,0,0.9638968110,0.9638968110,0.9826211333,0,0.9638968110,0.9638968110,0.9826211333,0.0000000000,0.0000000000,0.0000000000,1,1,0.0000000000,FSS-1000,,,
796_class-839,1,0.9749561548,0.9622905254,0.9774284363,1,0.9749561548,0.9622905254,0.9774284363,0.0000000000,0.0126656294,0.0126656294,1,1,0.0000000000,FSS-1000,,,
797_class-839,4,0.9731325507,0.9741730690,0.9741815925,4,0.9731325507,0.9741730690,0.9741815925,0.0000000000,-0.0010405183,-0.0010405183,0,0,0.0000000000,FSS-1000,,,
798_class-839,0,0.9826666117,0.9826666117,0.9829551578,0,0.9826666117,0.9826666117,0.9829551578,0.0000000000,0.0000000000,0.0000000000,1,1,0.0000000000,FSS-1000,,,
799_class-839,2,0.9673688412,0.9686564207,0.9721775055,2,0.9673688412,0.9686564207,0.9721775055,0.0000000000,-0.0012875795,-0.0012875795,0,0,0.0000000000,FSS-1000,,,
800_class-840,0,0.9541505575,0.9541505575,0.9541505575,0,0.9541505575,0.9541505575,0.9541505575,0.0000000000,0.0000000000,0.0000000000,1,1,0.0000000000,FSS-1000,,,
801_class-840,0,0.9781749249,0.9781749249,0.9781827927,0,0.9781749249,0.9781749249,0.9781827927,0.0000000000,0.0000000000,0.0000000000,1,1,0.0000000000,FSS-1000,,,
802_class-840,4,0.9715188146,0.9726542234,0.9729686975,0,0.9726542234,0.9726542234,0.9729686975,0.0011354089,-0.0011354089,0.0000000000,0,1,1.0000000000,FSS-1000,,,
803_class-840,2,0.9030804634,0.9159119129,0.9169343710,0,0.9159119129,0.9159119129,0.9169343710,0.0128314495,-0.0128314495,0.0000000000,0,1,1.0000000000,FSS-1000,,,
804_class-840,3,0.9638044238,0.8765922785,0.9638044238,3,0.9638044238,0.8765922785,0.9638044238,0.0000000000,0.0872121453,0.0872121453,1,1,0.0000000000,FSS-1000,,,
805_class-840,5,0.9722169638,0.8855091333,0.9722169638,0,0.8855091333,0.8855091333,0.9722169638,-0.0867078304,0.0867078304,0.0000000000,1,1,0.0000000000,FSS-1000,,,
806_class-840,2,0.9691516161,0.9692801237,0.9692801237,0,0.9692801237,0.9692801237,0.9692801237,0.0001285076,-0.0001285076,0.0000000000,0,1,1.0000000000,FSS-1000,,,
807_class-840,2,0.8760913610,0.8760068417,0.8768257499,2,0.8760913610,0.8760068417,0.8768257499,0.0000000000,0.0000845194,0.0000845194,1,1,0.0000000000,FSS-1000,,,
808_class-840,1,0.6297892332,0.3436769247,0.7102515697,1,0.6297892332,0.3436769247,0.7102515697,0.0000000000,0.2861123085,0.2861123085,1,1,0.0000000000,FSS-1000,,,
809_class-840,5,0.9522706866,0.9473873973,0.9522706866,5,0.9522706866,0.9473873973,0.9522706866,0.0000000000,0.0048832893,0.0048832893,1,1,0.0000000000,FSS-1000,,,
810_class-841,3,0.7252501249,0.9500076771,0.9500076771,0,0.9500076771,0.9500076771,0.9500076771,0.2247575521,-0.2247575521,0.0000000000,0,1,1.0000000000,FSS-1000,,,
811_class-841,2,0.9175807834,0.9138163328,0.9175807834,0,0.9138163328,0.9138163328,0.9175807834,-0.0037644506,0.0037644506,0.0000000000,1,1,0.0000000000,FSS-1000,,,
812_class-841,5,0.9309649467,0.9316661358,0.9317387342,0,0.9316661358,0.9316661358,0.9317387342,0.0007011890,-0.0007011890,0.0000000000,0,1,1.0000000000,FSS-1000,,,
813_class-841,2,0.9675718546,0.9672304392,0.9675718546,0,0.9672304392,0.9672304392,0.9675718546,-0.0003414154,0.0003414154,0.0000000000,1,1,0.0000000000,FSS-1000,,,
814_class-841,5,0.9325023293,0.9326187372,0.9329507351,0,0.9326187372,0.9326187372,0.9329507351,0.0001164079,-0.0001164079,0.0000000000,0,1,1.0000000000,FSS-1000,,,
815_class-841,4,0.9081328511,0.9064798355,0.9082124233,0,0.9064798355,0.9064798355,0.9082124233,-0.0016530156,0.0016530156,0.0000000000,1,1,0.0000000000,FSS-1000,,,
816_class-841,3,0.9748537540,0.9737281799,0.9748537540,3,0.9748537540,0.9737281799,0.9748537540,0.0000000000,0.0011255741,0.0011255741,1,1,0.0000000000,FSS-1000,,,
817_class-841,0,0.9300110340,0.9300110340,0.9302306175,0,0.9300110340,0.9300110340,0.9302306175,0.0000000000,0.0000000000,0.0000000000,1,1,0.0000000000,FSS-1000,,,
818_class-841,2,0.9453397393,0.9458636642,0.9458636642,0,0.9458636642,0.9458636642,0.9458636642,0.0005239248,-0.0005239248,0.0000000000,0,1,1.0000000000,FSS-1000,,,
819_class-841,3,0.9739977121,0.9741263986,0.9742970467,3,0.9739977121,0.9741263986,0.9742970467,0.0000000000,-0.0001286864,-0.0001286864,0,0,0.0000000000,FSS-1000,,,
820_class-842,4,0.9842109680,0.9843249321,0.9843505025,4,0.9842109680,0.9843249321,0.9843505025,0.0000000000,-0.0001139641,-0.0001139641,0,0,0.0000000000,FSS-1000,,,
821_class-842,1,0.9864122868,0.9852237701,0.9881519079,0,0.9852237701,0.9852237701,0.9881519079,-0.0011885166,0.0011885166,0.0000000000,1,1,0.0000000000,FSS-1000,,,
822_class-842,3,0.9754055142,0.9755077958,0.9755706787,0,0.9755077958,0.9755077958,0.9755706787,0.0001022816,-0.0001022816,0.0000000000,0,1,1.0000000000,FSS-1000,,,
823_class-842,3,0.7429136038,0.7413176894,0.9192378521,0,0.7413176894,0.7413176894,0.9192378521,-0.0015959144,0.0015959144,0.0000000000,1,1,0.0000000000,FSS-1000,,,
824_class-842,1,0.9655901194,0.9639758468,0.9655901194,1,0.9655901194,0.9639758468,0.9655901194,0.0000000000,0.0016142726,0.0016142726,1,1,0.0000000000,FSS-1000,,,
825_class-842,0,0.9248902202,0.9248902202,0.9252091646,0,0.9248902202,0.9248902202,0.9252091646,0.0000000000,0.0000000000,0.0000000000,1,1,0.0000000000,FSS-1000,,,
826_class-842,3,0.9734424353,0.9731900096,0.9736690521,3,0.9734424353,0.9731900096,0.9736690521,0.0000000000,0.0002524257,0.0002524257,1,1,0.0000000000,FSS-1000,,,
827_class-842,4,0.9465324879,0.9455034733,0.9465324879,4,0.9465324879,0.9455034733,0.9465324879,0.0000000000,0.0010290146,0.0010290146,1,1,0.0000000000,FSS-1000,,,
828_class-842,0,0.9861681461,0.9861681461,0.9861681461,0,0.9861681461,0.9861681461,0.9861681461,0.0000000000,0.0000000000,0.0000000000,1,1,0.0000000000,FSS-1000,,,
829_class-842,5,0.8697203994,0.8636579514,0.8697203994,5,0.8697203994,0.8636579514,0.8697203994,0.0000000000,0.0060624480,0.0060624480,1,1,0.0000000000,FSS-1000,,,
830_class-843,2,0.9628585577,0.9667214155,0.9667214155,0,0.9667214155,0.9667214155,0.9667214155,0.0038628578,-0.0038628578,0.0000000000,0,1,1.0000000000,FSS-1000,,,
831_class-843,4,0.9369044304,0.9444781542,0.9445441961,4,0.9369044304,0.9444781542,0.9445441961,0.0000000000,-0.0075737238,-0.0075737238,0,0,0.0000000000,FSS-1000,,,
832_class-843,1,0.9263536930,0.8318144679,0.9263536930,0,0.8318144679,0.8318144679,0.9263536930,-0.0945392251,0.0945392251,0.0000000000,1,1,0.0000000000,FSS-1000,,,
833_class-843,0,0.9629663229,0.9629663229,0.9629663229,0,0.9629663229,0.9629663229,0.9629663229,0.0000000000,0.0000000000,0.0000000000,1,1,0.0000000000,FSS-1000,,,
834_class-843,0,0.8738769293,0.8738769293,0.8741245866,0,0.8738769293,0.8738769293,0.8741245866,0.0000000000,0.0000000000,0.0000000000,1,1,0.0000000000,FSS-1000,,,
835_class-843,3,0.5585297346,0.5348275900,0.6017104387,0,0.5348275900,0.5348275900,0.6017104387,-0.0237021446,0.0237021446,0.0000000000,1,1,0.0000000000,FSS-1000,,,
836_class-843,0,0.9237038493,0.9237038493,0.9249632359,0,0.9237038493,0.9237038493,0.9249632359,0.0000000000,0.0000000000,0.0000000000,1,1,0.0000000000,FSS-1000,,,
837_class-843,3,0.9508357048,0.9502676129,0.9508483410,0,0.9502676129,0.9502676129,0.9508483410,-0.0005680919,0.0005680919,0.0000000000,1,1,0.0000000000,FSS-1000,,,
838_class-843,0,0.9508996606,0.9508996606,0.9512739182,0,0.9508996606,0.9508996606,0.9512739182,0.0000000000,0.0000000000,0.0000000000,1,1,0.0000000000,FSS-1000,,,
839_class-843,1,0.9367928505,0.9372142553,0.9372142553,1,0.9367928505,0.9372142553,0.9372142553,0.0000000000,-0.0004214048,-0.0004214048,0,0,0.0000000000,FSS-1000,,,
840_class-844,0,0.9606087208,0.9606087208,0.9610803127,0,0.9606087208,0.9606087208,0.9610803127,0.0000000000,0.0000000000,0.0000000000,1,1,0.0000000000,FSS-1000,,,
841_class-844,0,0.9601587653,0.9601587653,0.9601587653,0,0.9601587653,0.9601587653,0.9601587653,0.0000000000,0.0000000000,0.0000000000,1,1,0.0000000000,FSS-1000,,,
842_class-844,4,0.9459017515,0.9455039501,0.9459017515,4,0.9459017515,0.9455039501,0.9459017515,0.0000000000,0.0003978014,0.0003978014,1,1,0.0000000000,FSS-1000,,,
843_class-844,5,0.9520115852,0.0230719727,0.9520115852,5,0.9520115852,0.0230719727,0.9520115852,0.0000000000,0.9289396126,0.9289396126,1,1,0.0000000000,FSS-1000,,,
844_class-844,3,0.9023559093,0.0246668868,0.9023559093,3,0.9023559093,0.0246668868,0.9023559093,0.0000000000,0.8776890226,0.8776890226,1,1,0.0000000000,FSS-1000,,,
845_class-844,3,0.8910865188,0.9380111694,0.9485430717,0,0.9380111694,0.9380111694,0.9485430717,0.0469246507,-0.0469246507,0.0000000000,0,1,1.0000000000,FSS-1000,,,
846_class-844,4,0.9026250839,0.8983608484,0.9026250839,0,0.8983608484,0.8983608484,0.9026250839,-0.0042642355,0.0042642355,0.0000000000,1,1,0.0000000000,FSS-1000,,,
847_class-844,1,0.9579212666,0.6243840456,0.9579212666,1,0.9579212666,0.6243840456,0.9579212666,0.0000000000,0.3335372210,0.3335372210,1,1,0.0000000000,FSS-1000,,,
848_class-844,5,0.9476037025,0.9484488964,0.9488245249,0,0.9484488964,0.9484488964,0.9488245249,0.0008451939,-0.0008451939,0.0000000000,0,1,1.0000000000,FSS-1000,,,
849_class-844,4,0.9735490084,0.9246196747,0.9735490084,4,0.9735490084,0.9246196747,0.9735490084,0.0000000000,0.0489293337,0.0489293337,1,1,0.0000000000,FSS-1000,,,
850_class-845,4,0.7973787785,0.8286356926,0.8504542112,4,0.7973787785,0.8286356926,0.8504542112,0.0000000000,-0.0312569141,-0.0312569141,0,0,0.0000000000,FSS-1000,,,
851_class-845,4,0.9454324245,0.9405280352,0.9454324245,4,0.9454324245,0.9405280352,0.9454324245,0.0000000000,0.0049043894,0.0049043894,1,1,0.0000000000,FSS-1000,,,
852_class-845,5,0.9088422060,0.3855728209,0.9088422060,5,0.9088422060,0.3855728209,0.9088422060,0.0000000000,0.5232693851,0.5232693851,1,1,0.0000000000,FSS-1000,,,
853_class-845,1,0.9358077049,0.9378201365,0.9378201365,1,0.9358077049,0.9378201365,0.9378201365,0.0000000000,-0.0020124316,-0.0020124316,0,0,0.0000000000,FSS-1000,,,
854_class-845,2,0.7307796478,0.7308219671,0.7309854627,2,0.7307796478,0.7308219671,0.7309854627,0.0000000000,-0.0000423193,-0.0000423193,0,0,0.0000000000,FSS-1000,,,
855_class-845,5,0.9065677524,0.9082431197,0.9092533588,0,0.9082431197,0.9082431197,0.9092533588,0.0016753674,-0.0016753674,0.0000000000,0,1,1.0000000000,FSS-1000,,,
856_class-845,2,0.9652472138,0.9573661089,0.9652472138,2,0.9652472138,0.9573661089,0.9652472138,0.0000000000,0.0078811049,0.0078811049,1,1,0.0000000000,FSS-1000,,,
857_class-845,4,0.8382693529,0.8361542225,0.8390434384,4,0.8382693529,0.8361542225,0.8390434384,0.0000000000,0.0021151304,0.0021151304,1,1,0.0000000000,FSS-1000,,,
858_class-845,4,0.9035402536,0.7987989783,0.9035402536,0,0.7987989783,0.7987989783,0.9035402536,-0.1047412753,0.1047412753,0.0000000000,1,1,0.0000000000,FSS-1000,,,
859_class-845,3,0.9621789455,0.9677627087,0.9677627087,0,0.9677627087,0.9677627087,0.9677627087,0.0055837631,-0.0055837631,0.0000000000,0,1,1.0000000000,FSS-1000,,,
860_class-846,5,0.9236320853,0.6899982691,0.9240967631,5,0.9236320853,0.6899982691,0.9240967631,0.0000000000,0.2336338162,0.2336338162,1,1,0.0000000000,FSS-1000,,,
861_class-846,5,0.8961352706,0.8945677280,0.8961352706,5,0.8961352706,0.8945677280,0.8961352706,0.0000000000,0.0015675426,0.0015675426,1,1,0.0000000000,FSS-1000,,,
862_class-846,5,0.8928600550,0.8979399204,0.9027698040,5,0.8928600550,0.8979399204,0.9027698040,0.0000000000,-0.0050798655,-0.0050798655,0,0,0.0000000000,FSS-1000,,,
863_class-846,5,0.7956489325,0.7954550385,0.7958006263,0,0.7954550385,0.7954550385,0.7958006263,-0.0001938939,0.0001938939,0.0000000000,1,1,0.0000000000,FSS-1000,,,
864_class-846,3,0.9178218246,0.9269818068,0.9637619853,3,0.9178218246,0.9269818068,0.9637619853,0.0000000000,-0.0091599822,-0.0091599822,0,0,0.0000000000,FSS-1000,,,
865_class-846,1,0.9424605370,0.9449523687,0.9468313456,0,0.9449523687,0.9449523687,0.9468313456,0.0024918318,-0.0024918318,0.0000000000,0,1,1.0000000000,FSS-1000,,,
866_class-846,1,0.9282992482,0.9300235510,0.9300235510,0,0.9300235510,0.9300235510,0.9300235510,0.0017243028,-0.0017243028,0.0000000000,0,1,1.0000000000,FSS-1000,,,
867_class-846,1,0.8361840248,0.8576458693,0.8609694242,1,0.8361840248,0.8576458693,0.8609694242,0.0000000000,-0.0214618444,-0.0214618444,0,0,0.0000000000,FSS-1000,,,
868_class-846,5,0.8706846833,0.8705469370,0.8714629412,0,0.8705469370,0.8705469370,0.8714629412,-0.0001377463,0.0001377463,0.0000000000,1,1,0.0000000000,FSS-1000,,,
869_class-846,2,0.9036930799,0.9040406942,0.9040406942,2,0.9036930799,0.9040406942,0.9040406942,0.0000000000,-0.0003476143,-0.0003476143,0,0,0.0000000000,FSS-1000,,,
870_class-847,5,0.9382748604,0.9307675362,0.9382748604,5,0.9382748604,0.9307675362,0.9382748604,0.0000000000,0.0075073242,0.0075073242,1,1,0.0000000000,FSS-1000,,,
871_class-847,3,0.9547367096,0.8416892886,0.9547367096,3,0.9547367096,0.8416892886,0.9547367096,0.0000000000,0.1130474210,0.1130474210,1,1,0.0000000000,FSS-1000,,,
872_class-847,5,0.9382624030,0.8311415911,0.9382624030,5,0.9382624030,0.8311415911,0.9382624030,0.0000000000,0.1071208119,0.1071208119,1,1,0.0000000000,FSS-1000,,,
873_class-847,2,0.9553455710,0.9554134607,0.9554134607,2,0.9553455710,0.9554134607,0.9554134607,0.0000000000,-0.0000678897,-0.0000678897,0,0,0.0000000000,FSS-1000,,,
874_class-847,1,0.9469198585,0.4155905545,0.9469198585,1,0.9469198585,0.4155905545,0.9469198585,0.0000000000,0.5313293040,0.5313293040,1,1,0.0000000000,FSS-1000,,,
875_class-847,5,0.9400022030,0.9411779642,0.9411779642,5,0.9400022030,0.9411779642,0.9411779642,0.0000000000,-0.0011757612,-0.0011757612,0,0,0.0000000000,FSS-1000,,,
876_class-847,2,0.9090764523,0.3597425818,0.9090764523,2,0.9090764523,0.3597425818,0.9090764523,0.0000000000,0.5493338704,0.5493338704,1,1,0.0000000000,FSS-1000,,,
877_class-847,0,0.9580889344,0.9580889344,0.9620003700,0,0.9580889344,0.9580889344,0.9620003700,0.0000000000,0.0000000000,0.0000000000,1,1,0.0000000000,FSS-1000,,,
878_class-847,5,0.9456753731,0.9470473528,0.9470473528,0,0.9470473528,0.9470473528,0.9470473528,0.0013719797,-0.0013719797,0.0000000000,0,1,1.0000000000,FSS-1000,,,
879_class-847,0,0.9300072789,0.9300072789,0.9300072789,0,0.9300072789,0.9300072789,0.9300072789,0.0000000000,0.0000000000,0.0000000000,1,1,0.0000000000,FSS-1000,,,
880_class-848,4,0.9281041622,0.8699346781,0.9281041622,4,0.9281041622,0.8699346781,0.9281041622,0.0000000000,0.0581694841,0.0581694841,1,1,0.0000000000,FSS-1000,,,
881_class-848,0,0.8836064339,0.8836064339,0.8836064339,0,0.8836064339,0.8836064339,0.8836064339,0.0000000000,0.0000000000,0.0000000000,1,1,0.0000000000,FSS-1000,,,
882_class-848,1,0.6902619600,0.7436349392,0.9067856669,1,0.6902619600,0.7436349392,0.9067856669,0.0000000000,-0.0533729792,-0.0533729792,0,0,0.0000000000,FSS-1000,,,
883_class-848,3,0.8270582557,0.8233518004,0.8482906818,0,0.8233518004,0.8233518004,0.8482906818,-0.0037064552,0.0037064552,0.0000000000,1,1,0.0000000000,FSS-1000,,,
884_class-848,4,0.8997459412,0.4288977385,0.8997459412,4,0.8997459412,0.4288977385,0.8997459412,0.0000000000,0.4708482027,0.4708482027,1,1,0.0000000000,FSS-1000,,,
885_class-848,3,0.8129003048,0.1612199992,0.8142749071,3,0.8129003048,0.1612199992,0.8142749071,0.0000000000,0.6516803056,0.6516803056,1,1,0.0000000000,FSS-1000,,,
886_class-848,1,0.9473800063,0.0166541319,0.9474898577,1,0.9473800063,0.0166541319,0.9474898577,0.0000000000,0.9307258744,0.9307258744,1,1,0.0000000000,FSS-1000,,,
887_class-848,2,0.8561859727,0.0166687090,0.8561859727,2,0.8561859727,0.0166687090,0.8561859727,0.0000000000,0.8395172637,0.8395172637,1,1,0.0000000000,FSS-1000,,,
888_class-848,5,0.8340284228,0.0188503452,0.8340284228,5,0.8340284228,0.0188503452,0.8340284228,0.0000000000,0.8151780777,0.8151780777,1,1,0.0000000000,FSS-1000,,,
889_class-848,3,0.0213346072,0.0672861934,0.0672861934,0,0.0672861934,0.0672861934,0.0672861934,0.0459515862,-0.0459515862,0.0000000000,0,1,1.0000000000,FSS-1000,,,
890_class-849,3,0.9633694887,0.9584535956,0.9633694887,0,0.9584535956,0.9584535956,0.9633694887,-0.0049158931,0.0049158931,0.0000000000,1,1,0.0000000000,FSS-1000,,,
891_class-849,3,0.8935856223,0.8938992620,0.8938992620,0,0.8938992620,0.8938992620,0.8938992620,0.0003136396,-0.0003136396,0.0000000000,0,1,1.0000000000,FSS-1000,,,
892_class-849,0,0.4141783416,0.4141783416,0.4188613892,0,0.4141783416,0.4141783416,0.4188613892,0.0000000000,0.0000000000,0.0000000000,1,1,0.0000000000,FSS-1000,,,
893_class-849,2,0.8922771215,0.9525003433,0.9525003433,2,0.8922771215,0.9525003433,0.9525003433,0.0000000000,-0.0602232218,-0.0602232218,0,0,0.0000000000,FSS-1000,,,
894_class-849,3,0.9810434580,0.9810209274,0.9811059237,0,0.9810209274,0.9810209274,0.9811059237,-0.0000225306,0.0000225306,0.0000000000,1,1,0.0000000000,FSS-1000,,,
895_class-849,4,0.9209973812,0.8587939739,0.9209973812,4,0.9209973812,0.8587939739,0.9209973812,0.0000000000,0.0622034073,0.0622034073,1,1,0.0000000000,FSS-1000,,,
896_class-849,1,0.8412103653,0.8426278830,0.8427094221,1,0.8412103653,0.8426278830,0.8427094221,0.0000000000,-0.0014175177,-0.0014175177,0,0,0.0000000000,FSS-1000,,,
897_class-849,0,0.9602996111,0.9602996111,0.9612580538,0,0.9602996111,0.9602996111,0.9612580538,0.0000000000,0.0000000000,0.0000000000,1,1,0.0000000000,FSS-1000,,,
898_class-849,3,0.8775817752,0.8744411469,0.8783671260,3,0.8775817752,0.8744411469,0.8783671260,0.0000000000,0.0031406283,0.0031406283,1,1,0.0000000000,FSS-1000,,,
899_class-849,0,0.9601296782,0.9601296782,0.9601675272,0,0.9601296782,0.9601296782,0.9601675272,0.0000000000,0.0000000000,0.0000000000,1,1,0.0000000000,FSS-1000,,,
900_class-850,0,0.9788432121,0.9788432121,0.9788432121,0,0.9788432121,0.9788432121,0.9788432121,0.0000000000,0.0000000000,0.0000000000,1,1,0.0000000000,FSS-1000,,,
901_class-850,0,0.9387172461,0.9387172461,0.9394070506,0,0.9387172461,0.9387172461,0.9394070506,0.0000000000,0.0000000000,0.0000000000,1,1,0.0000000000,FSS-1000,,,
902_class-850,5,0.9836608171,0.9835215807,0.9837269187,0,0.9835215807,0.9835215807,0.9837269187,-0.0001392365,0.0001392365,0.0000000000,1,1,0.0000000000,FSS-1000,,,
903_class-850,0,0.9369568825,0.9369568825,0.9435302019,0,0.9369568825,0.9369568825,0.9435302019,0.0000000000,0.0000000000,0.0000000000,1,1,0.0000000000,FSS-1000,,,
904_class-850,1,0.9644234180,0.9643678665,0.9644234180,0,0.9643678665,0.9643678665,0.9644234180,-0.0000555515,0.0000555515,0.0000000000,1,1,0.0000000000,FSS-1000,,,
905_class-850,3,0.8921883702,0.8923400640,0.8923548460,0,0.8923400640,0.8923400640,0.8923548460,0.0001516938,-0.0001516938,0.0000000000,0,1,1.0000000000,FSS-1000,,,
906_class-850,5,0.9791480303,0.9792035818,0.9792977571,5,0.9791480303,0.9792035818,0.9792977571,0.0000000000,-0.0000555515,-0.0000555515,0,0,0.0000000000,FSS-1000,,,
907_class-850,0,0.9624907970,0.9624907970,0.9626829624,0,0.9624907970,0.9624907970,0.9626829624,0.0000000000,0.0000000000,0.0000000000,1,1,0.0000000000,FSS-1000,,,
908_class-850,1,0.9681466222,0.9683405757,0.9686160088,1,0.9681466222,0.9683405757,0.9686160088,0.0000000000,-0.0001939535,-0.0001939535,0,0,0.0000000000,FSS-1000,,,
909_class-850,2,0.9608364105,0.9615862370,0.9615862370,0,0.9615862370,0.9615862370,0.9615862370,0.0007498264,-0.0007498264,0.0000000000,0,1,1.0000000000,FSS-1000,,,
910_class-851,1,0.9687746763,0.9669837356,0.9687746763,0,0.9669837356,0.9669837356,0.9687746763,-0.0017909408,0.0017909408,0.0000000000,1,1,0.0000000000,FSS-1000,,,
911_class-851,3,0.8278018832,0.7858422995,0.8407779336,0,0.7858422995,0.7858422995,0.8407779336,-0.0419595838,0.0419595838,0.0000000000,1,1,0.0000000000,FSS-1000,,,
912_class-851,2,0.9753009081,0.9754403830,0.9757365584,2,0.9753009081,0.9754403830,0.9757365584,0.0000000000,-0.0001394749,-0.0001394749,0,0,0.0000000000,FSS-1000,,,
913_class-851,2,0.9257934093,0.9141185284,0.9433124661,2,0.9257934093,0.9141185284,0.9433124661,0.0000000000,0.0116748810,0.0116748810,1,1,0.0000000000,FSS-1000,,,
914_class-851,1,0.9814870954,0.9776623249,0.9815427065,0,0.9776623249,0.9776623249,0.9815427065,-0.0038247705,0.0038247705,0.0000000000,1,1,0.0000000000,FSS-1000,,,
915_class-851,2,0.9755011201,0.9755645394,0.9773047566,2,0.9755011201,0.9755645394,0.9773047566,0.0000000000,-0.0000634193,-0.0000634193,0,0,0.0000000000,FSS-1000,,,
916_class-851,0,0.8910067081,0.8910067081,0.8910067081,0,0.8910067081,0.8910067081,0.8910067081,0.0000000000,0.0000000000,0.0000000000,1,1,0.0000000000,FSS-1000,,,
917_class-851,4,0.9611359835,0.7293705344,0.9611359835,4,0.9611359835,0.7293705344,0.9611359835,0.0000000000,0.2317654490,0.2317654490,1,1,0.0000000000,FSS-1000,,,
918_class-851,2,0.9576194882,0.9577302337,0.9579265118,2,0.9576194882,0.9577302337,0.9579265118,0.0000000000,-0.0001107454,-0.0001107454,0,0,0.0000000000,FSS-1000,,,
919_class-851,3,0.9026315212,0.8949410915,0.9026315212,3,0.9026315212,0.8949410915,0.9026315212,0.0000000000,0.0076904297,0.0076904297,1,1,0.0000000000,FSS-1000,,,
920_class-852,1,0.8697059155,0.8737043738,0.9246305227,0,0.8737043738,0.8737043738,0.9246305227,0.0039984584,-0.0039984584,0.0000000000,0,1,1.0000000000,FSS-1000,,,
921_class-852,1,0.8438692689,0.1880806684,0.8438692689,1,0.8438692689,0.1880806684,0.8438692689,0.0000000000,0.6557886004,0.6557886004,1,1,0.0000000000,FSS-1000,,,
922_class-852,4,0.9447011948,0.9445441961,0.9448302984,0,0.9445441961,0.9445441961,0.9448302984,-0.0001569986,0.0001569986,0.0000000000,1,1,0.0000000000,FSS-1000,,,
923_class-852,2,0.9227307439,0.9222403765,0.9349083900,0,0.9222403765,0.9222403765,0.9349083900,-0.0004903674,0.0004903674,0.0000000000,1,1,0.0000000000,FSS-1000,,,
924_class-852,5,0.9521251917,0.9477053881,0.9571558237,5,0.9521251917,0.9477053881,0.9571558237,0.0000000000,0.0044198036,0.0044198036,1,1,0.0000000000,FSS-1000,,,
925_class-852,0,0.9485266209,0.9485266209,0.9533284307,0,0.9485266209,0.9485266209,0.9533284307,0.0000000000,0.0000000000,0.0000000000,1,1,0.0000000000,FSS-1000,,,
926_class-852,0,0.8336781263,0.8336781263,0.8627995253,0,0.8336781263,0.8336781263,0.8627995253,0.0000000000,0.0000000000,0.0000000000,1,1,0.0000000000,FSS-1000,,,
927_class-852,4,0.9301341772,0.9042303562,0.9316086173,4,0.9301341772,0.9042303562,0.9316086173,0.0000000000,0.0259038210,0.0259038210,1,1,0.0000000000,FSS-1000,,,
928_class-852,0,0.9398602247,0.9398602247,0.9398602247,0,0.9398602247,0.9398602247,0.9398602247,0.0000000000,0.0000000000,0.0000000000,1,1,0.0000000000,FSS-1000,,,
929_class-852,5,0.9693700671,0.9615629911,0.9693700671,0,0.9615629911,0.9615629911,0.9693700671,-0.0078070760,0.0078070760,0.0000000000,1,1,0.0000000000,FSS-1000,,,
930_class-853,5,0.9507377148,0.9509383440,0.9509383440,5,0.9507377148,0.9509383440,0.9509383440,0.0000000000,-0.0002006292,-0.0002006292,0,0,0.0000000000,FSS-1000,,,
931_class-853,4,0.7112168074,0.7924631834,0.9074640274,4,0.7112168074,0.7924631834,0.9074640274,0.0000000000,-0.0812463760,-0.0812463760,0,0,0.0000000000,FSS-1000,,,
932_class-853,4,0.8165456653,0.8590258956,0.9506423473,0,0.8590258956,0.8590258956,0.9506423473,0.0424802303,-0.0424802303,0.0000000000,0,1,1.0000000000,FSS-1000,,,
933_class-853,4,0.8517293334,0.8324968815,0.8517293334,4,0.8517293334,0.8324968815,0.8517293334,0.0000000000,0.0192324519,0.0192324519,1,1,0.0000000000,FSS-1000,,,
934_class-853,1,0.9672057629,0.9715563655,0.9715563655,1,0.9672057629,0.9715563655,0.9715563655,0.0000000000,-0.0043506026,-0.0043506026,0,0,0.0000000000,FSS-1000,,,
935_class-853,3,0.8391246796,0.8397110701,0.8397110701,0,0.8397110701,0.8397110701,0.8397110701,0.0005863905,-0.0005863905,0.0000000000,0,1,1.0000000000,FSS-1000,,,
936_class-853,0,0.9630156755,0.9630156755,0.9635115862,0,0.9630156755,0.9630156755,0.9635115862,0.0000000000,0.0000000000,0.0000000000,1,1,0.0000000000,FSS-1000,,,
937_class-853,2,0.6390432715,0.9612536430,0.9612536430,0,0.9612536430,0.9612536430,0.9612536430,0.3222103715,-0.3222103715,0.0000000000,0,1,1.0000000000,FSS-1000,,,
938_class-853,1,0.9823540449,0.9786193371,0.9827698469,1,0.9823540449,0.9786193371,0.9827698469,0.0000000000,0.0037347078,0.0037347078,1,1,0.0000000000,FSS-1000,,,
939_class-853,5,0.9370448589,0.9388818741,0.9388818741,5,0.9370448589,0.9388818741,0.9388818741,0.0000000000,-0.0018370152,-0.0018370152,0,0,0.0000000000,FSS-1000,,,
940_class-854,1,0.9730821252,0.9718465805,0.9738544226,0,0.9718465805,0.9718465805,0.9738544226,-0.0012355447,0.0012355447,0.0000000000,1,1,0.0000000000,FSS-1000,,,
941_class-854,5,0.9640533328,0.9639719725,0.9640533328,5,0.9640533328,0.9639719725,0.9640533328,0.0000000000,0.0000813603,0.0000813603,1,1,0.0000000000,FSS-1000,,,
942_class-854,4,0.9544550776,0.5523017645,0.9551157951,4,0.9544550776,0.5523017645,0.9551157951,0.0000000000,0.4021533132,0.4021533132,1,1,0.0000000000,FSS-1000,,,
943_class-854,1,0.7986493707,0.8171625137,0.8784258962,1,0.7986493707,0.8171625137,0.8784258962,0.0000000000,-0.0185131431,-0.0185131431,0,0,0.0000000000,FSS-1000,,,
944_class-854,5,0.9599366188,0.9609408379,0.9613339305,5,0.9599366188,0.9609408379,0.9613339305,0.0000000000,-0.0010042191,-0.0010042191,0,0,0.0000000000,FSS-1000,,,
945_class-854,0,0.9603286982,0.9603286982,0.9627587795,0,0.9603286982,0.9603286982,0.9627587795,0.0000000000,0.0000000000,0.0000000000,1,1,0.0000000000,FSS-1000,,,
946_class-854,0,0.9852096438,0.9852096438,0.9852096438,0,0.9852096438,0.9852096438,0.9852096438,0.0000000000,0.0000000000,0.0000000000,1,1,0.0000000000,FSS-1000,,,
947_class-854,1,0.9424028993,0.9154806137,0.9424028993,0,0.9154806137,0.9154806137,0.9424028993,-0.0269222856,0.0269222856,0.0000000000,1,1,0.0000000000,FSS-1000,,,
948_class-854,1,0.9736004472,0.0125804003,0.9736004472,1,0.9736004472,0.0125804003,0.9736004472,0.0000000000,0.9610200468,0.9610200468,1,1,0.0000000000,FSS-1000,,,
949_class-854,5,0.9704498649,0.4056029916,0.9704498649,5,0.9704498649,0.4056029916,0.9704498649,0.0000000000,0.5648468733,0.5648468733,1,1,0.0000000000,FSS-1000,,,
950_class-855,5,0.9510134459,0.9521906376,0.9721903205,0,0.9521906376,0.9521906376,0.9721903205,0.0011771917,-0.0011771917,0.0000000000,0,1,1.0000000000,FSS-1000,,,
951_class-855,1,0.9565477371,0.9556497335,0.9604570866,0,0.9556497335,0.9556497335,0.9604570866,-0.0008980036,0.0008980036,0.0000000000,1,1,0.0000000000,FSS-1000,,,
952_class-855,3,0.9650441408,0.9649329185,0.9656308889,0,0.9649329185,0.9649329185,0.9656308889,-0.0001112223,0.0001112223,0.0000000000,1,1,0.0000000000,FSS-1000,,,
953_class-855,4,0.9593660831,0.9593539238,0.9595094919,4,0.9593660831,0.9593539238,0.9595094919,0.0000000000,0.0000121593,0.0000121593,1,1,0.0000000000,FSS-1000,,,
954_class-855,4,0.9480253458,0.9492728710,0.9501317739,0,0.9492728710,0.9492728710,0.9501317739,0.0012475252,-0.0012475252,0.0000000000,0,1,1.0000000000,FSS-1000,,,
955_class-855,4,0.9691718817,0.9695951939,0.9695951939,4,0.9691718817,0.9695951939,0.9695951939,0.0000000000,-0.0004233122,-0.0004233122,0,0,0.0000000000,FSS-1000,,,
956_class-855,2,0.9442013502,0.9441199303,0.9475406408,2,0.9442013502,0.9441199303,0.9475406408,0.0000000000,0.0000814199,0.0000814199,1,1,0.0000000000,FSS-1000,,,
957_class-855,1,0.9432592392,0.9432237148,0.9435624480,0,0.9432237148,0.9432237148,0.9435624480,-0.0000355244,0.0000355244,0.0000000000,1,1,0.0000000000,FSS-1000,,,
958_class-855,3,0.9798599482,0.9790819883,0.9803280830,0,0.9790819883,0.9790819883,0.9803280830,-0.0007779598,0.0007779598,0.0000000000,1,1,0.0000000000,FSS-1000,,,
959_class-855,3,0.9456462264,0.9464197755,0.9471818209,0,0.9464197755,0.9464197755,0.9471818209,0.0007735491,-0.0007735491,0.0000000000,0,1,1.0000000000,FSS-1000,,,
960_class-856,1,0.9644627571,0.9642674923,0.9644627571,0,0.9642674923,0.9642674923,0.9644627571,-0.0001952648,0.0001952648,0.0000000000,1,1,0.0000000000,FSS-1000,,,
961_class-856,1,0.9580712914,0.9584734440,0.9584734440,0,0.9584734440,0.9584734440,0.9584734440,0.0004021525,-0.0004021525,0.0000000000,0,1,1.0000000000,FSS-1000,,,
962_class-856,1,0.9604020715,0.9601991773,0.9604020715,0,0.9601991773,0.9601991773,0.9604020715,-0.0002028942,0.0002028942,0.0000000000,1,1,0.0000000000,FSS-1000,,,
963_class-856,0,0.9786022902,0.9786022902,0.9788709879,0,0.9786022902,0.9786022902,0.9788709879,0.0000000000,0.0000000000,0.0000000000,1,1,0.0000000000,FSS-1000,,,
964_class-856,1,0.9873860478,0.9875360727,0.9875360727,1,0.9873860478,0.9875360727,0.9875360727,0.0000000000,-0.0001500249,-0.0001500249,0,0,0.0000000000,FSS-1000,,,
965_class-856,0,0.9613794088,0.9613794088,0.9626616240,0,0.9613794088,0.9613794088,0.9626616240,0.0000000000,0.0000000000,0.0000000000,1,1,0.0000000000,FSS-1000,,,
966_class-856,3,0.9574416876,0.9564174414,0.9580696821,3,0.9574416876,0.9564174414,0.9580696821,0.0000000000,0.0010242462,0.0010242462,1,1,0.0000000000,FSS-1000,,,
967_class-856,4,0.9759078026,0.9758457541,0.9759078026,4,0.9759078026,0.9758457541,0.9759078026,0.0000000000,0.0000620484,0.0000620484,1,1,0.0000000000,FSS-1000,,,
968_class-856,3,0.9649578333,0.9630730152,0.9655412436,0,0.9630730152,0.9630730152,0.9655412436,-0.0018848181,0.0018848181,0.0000000000,1,1,0.0000000000,FSS-1000,,,
969_class-856,4,0.6266109347,0.6272881031,0.9564988613,4,0.6266109347,0.6272881031,0.9564988613,0.0000000000,-0.0006771684,-0.0006771684,0,0,0.0000000000,FSS-1000,,,
970_class-857,5,0.9611412883,0.9612280130,0.9614889622,5,0.9611412883,0.9612280130,0.9614889622,0.0000000000,-0.0000867248,-0.0000867248,0,0,0.0000000000,FSS-1000,,,
971_class-857,0,0.9776321650,0.9776321650,0.9776639938,0,0.9776321650,0.9776321650,0.9776639938,0.0000000000,0.0000000000,0.0000000000,1,1,0.0000000000,FSS-1000,,,
972_class-857,1,0.9714152813,0.9714907408,0.9715000391,0,0.9714907408,0.9714907408,0.9715000391,0.0000754595,-0.0000754595,0.0000000000,0,1,1.0000000000,FSS-1000,,,
973_class-857,3,0.9804672003,0.9809907675,0.9810339808,0,0.9809907675,0.9809907675,0.9810339808,0.0005235672,-0.0005235672,0.0000000000,0,1,1.0000000000,FSS-1000,,,
974_class-857,0,0.9786352515,0.9786352515,0.9790918827,0,0.9786352515,0.9786352515,0.9790918827,0.0000000000,0.0000000000,0.0000000000,1,1,0.0000000000,FSS-1000,,,
975_class-857,0,0.9805443287,0.9805443287,0.9808118343,0,0.9805443287,0.9805443287,0.9808118343,0.0000000000,0.0000000000,0.0000000000,1,1,0.0000000000,FSS-1000,,,
976_class-857,3,0.9735304117,0.9734351635,0.9736418724,3,0.9735304117,0.9734351635,0.9736418724,0.0000000000,0.0000952482,0.0000952482,1,1,0.0000000000,FSS-1000,,,
977_class-857,1,0.9732490182,0.9738927484,0.9741216302,1,0.9732490182,0.9738927484,0.9741216302,0.0000000000,-0.0006437302,-0.0006437302,0,0,0.0000000000,FSS-1000,,,
978_class-857,1,0.9734195471,0.9726734161,0.9734195471,0,0.9726734161,0.9726734161,0.9734195471,-0.0007461309,0.0007461309,0.0000000000,1,1,0.0000000000,FSS-1000,,,
979_class-857,5,0.9646037817,0.9624568224,0.9646037817,5,0.9646037817,0.9624568224,0.9646037817,0.0000000000,0.0021469593,0.0021469593,1,1,0.0000000000,FSS-1000,,,
980_class-858,3,0.8546668291,0.8576564789,0.9002113342,3,0.8546668291,0.8576564789,0.9002113342,0.0000000000,-0.0029896498,-0.0029896498,0,0,0.0000000000,FSS-1000,,,
981_class-858,5,0.0614881516,0.8756014109,0.9583549500,0,0.8756014109,0.8756014109,0.9583549500,0.8141132593,-0.8141132593,0.0000000000,0,1,1.0000000000,FSS-1000,,,
982_class-858,5,0.9797904491,0.9797399044,0.9799098969,5,0.9797904491,0.9797399044,0.9799098969,0.0000000000,0.0000505447,0.0000505447,1,1,0.0000000000,FSS-1000,,,
983_class-858,3,0.9712031484,0.8204533458,0.9718970060,0,0.8204533458,0.8204533458,0.9718970060,-0.1507498026,0.1507498026,0.0000000000,1,1,0.0000000000,FSS-1000,,,
984_class-858,3,0.9791734219,0.9762861729,0.9791734219,3,0.9791734219,0.9762861729,0.9791734219,0.0000000000,0.0028872490,0.0028872490,1,1,0.0000000000,FSS-1000,,,
985_class-858,2,0.9631366730,0.9633860588,0.9633901119,2,0.9631366730,0.9633860588,0.9633901119,0.0000000000,-0.0002493858,-0.0002493858,0,0,0.0000000000,FSS-1000,,,
986_class-858,2,0.9718194008,0.9698842764,0.9718992114,2,0.9718194008,0.9698842764,0.9718992114,0.0000000000,0.0019351244,0.0019351244,1,1,0.0000000000,FSS-1000,,,
987_class-858,3,0.7430472970,0.7452365160,0.9462933540,3,0.7430472970,0.7452365160,0.9462933540,0.0000000000,-0.0021892190,-0.0021892190,0,0,0.0000000000,FSS-1000,,,
988_class-858,4,0.9381743670,0.9354757071,0.9381743670,0,0.9354757071,0.9354757071,0.9381743670,-0.0026986599,0.0026986599,0.0000000000,1,1,0.0000000000,FSS-1000,,,
989_class-858,1,0.9697775841,0.9688775539,0.9697775841,0,0.9688775539,0.9688775539,0.9697775841,-0.0009000301,0.0009000301,0.0000000000,1,1,0.0000000000,FSS-1000,,,
990_class-859,3,0.0784542933,0.0783896372,0.0784922317,0,0.0783896372,0.0783896372,0.0784922317,-0.0000646561,0.0000646561,0.0000000000,1,1,0.0000000000,FSS-1000,,,
991_class-859,1,0.6594578028,0.2094221413,0.6594657302,0,0.2094221413,0.2094221413,0.6594657302,-0.4500356615,0.4500356615,0.0000000000,1,1,0.0000000000,FSS-1000,,,
992_class-859,4,0.9765142202,0.9762164354,0.9765142202,4,0.9765142202,0.9762164354,0.9765142202,0.0000000000,0.0002977848,0.0002977848,1,1,0.0000000000,FSS-1000,,,
993_class-859,3,0.9606862068,0.9609644413,0.9609782696,3,0.9606862068,0.9609644413,0.9609782696,0.0000000000,-0.0002782345,-0.0002782345,0,0,0.0000000000,FSS-1000,,,
994_class-859,0,0.9740197659,0.9740197659,0.9740197659,0,0.9740197659,0.9740197659,0.9740197659,0.0000000000,0.0000000000,0.0000000000,1,1,0.0000000000,FSS-1000,,,
995_class-859,0,0.9908404946,0.9908404946,0.9909530282,0,0.9908404946,0.9908404946,0.9909530282,0.0000000000,0.0000000000,0.0000000000,1,1,0.0000000000,FSS-1000,,,
996_class-859,0,0.9872703552,0.9872703552,0.9873650670,0,0.9872703552,0.9872703552,0.9873650670,0.0000000000,0.0000000000,0.0000000000,1,1,0.0000000000,FSS-1000,,,
997_class-859,1,0.9881668091,0.9880295992,0.9881668091,0,0.9880295992,0.9880295992,0.9881668091,-0.0001372099,0.0001372099,0.0000000000,1,1,0.0000000000,FSS-1000,,,
998_class-859,0,0.6835061312,0.6835061312,0.9843906760,0,0.6835061312,0.6835061312,0.9843906760,0.0000000000,0.0000000000,0.0000000000,1,1,0.0000000000,FSS-1000,,,
999_class-859,5,0.9834636450,0.9832922220,0.9834636450,5,0.9834636450,0.9832922220,0.9834636450,0.0000000000,0.0001714230,0.0001714230,1,1,0.0000000000,FSS-1000,,,
1000_class-860,5,0.9578793049,0.8869331479,0.9578793049,5,0.9578793049,0.8869331479,0.9578793049,0.0000000000,0.0709461570,0.0709461570,1,1,0.0000000000,FSS-1000,,,
1001_class-860,2,0.9646422863,0.9649174213,0.9649199247,0,0.9649174213,0.9649174213,0.9649199247,0.0002751350,-0.0002751350,0.0000000000,0,1,1.0000000000,FSS-1000,,,
1002_class-860,5,0.9389917254,0.9386650920,0.9391092062,5,0.9389917254,0.9386650920,0.9391092062,0.0000000000,0.0003266335,0.0003266335,1,1,0.0000000000,FSS-1000,,,
1003_class-860,0,0.9674488902,0.9674488902,0.9684018493,0,0.9674488902,0.9674488902,0.9684018493,0.0000000000,0.0000000000,0.0000000000,1,1,0.0000000000,FSS-1000,,,
1004_class-860,4,0.9495788813,0.9491273761,0.9497737885,4,0.9495788813,0.9491273761,0.9497737885,0.0000000000,0.0004515052,0.0004515052,1,1,0.0000000000,FSS-1000,,,
1005_class-860,0,0.9064416885,0.9064416885,0.9112752080,0,0.9064416885,0.9064416885,0.9112752080,0.0000000000,0.0000000000,0.0000000000,1,1,0.0000000000,FSS-1000,,,
1006_class-860,3,0.9063447714,0.9077203274,0.9081238508,3,0.9063447714,0.9077203274,0.9081238508,0.0000000000,-0.0013755560,-0.0013755560,0,0,0.0000000000,FSS-1000,,,
1007_class-860,4,0.8700133562,0.8632760048,0.8757508397,4,0.8700133562,0.8632760048,0.8757508397,0.0000000000,0.0067373514,0.0067373514,1,1,0.0000000000,FSS-1000,,,
1008_class-860,1,0.9095785618,0.9069268703,0.9095785618,1,0.9095785618,0.9069268703,0.9095785618,0.0000000000,0.0026516914,0.0026516914,1,1,0.0000000000,FSS-1000,,,
1009_class-860,2,0.9834898710,0.9834904671,0.9836422801,0,0.9834904671,0.9834904671,0.9836422801,0.0000005960,-0.0000005960,0.0000000000,0,1,1.0000000000,FSS-1000,,,
1010_class-861,5,0.7876125574,0.8267374635,0.8661451936,0,0.8267374635,0.8267374635,0.8661451936,0.0391249061,-0.0391249061,0.0000000000,0,1,1.0000000000,FSS-1000,,,
1011_class-861,0,0.6958314180,0.6958314180,0.9265019894,0,0.6958314180,0.6958314180,0.9265019894,0.0000000000,0.0000000000,0.0000000000,1,1,0.0000000000,FSS-1000,,,
1012_class-861,5,0.8685883880,0.0422959924,0.8697870374,5,0.8685883880,0.0422959924,0.8697870374,0.0000000000,0.8262923956,0.8262923956,1,1,0.0000000000,FSS-1000,,,
1013_class-861,4,0.9633717537,0.9623795152,0.9633717537,0,0.9623795152,0.9623795152,0.9633717537,-0.0009922385,0.0009922385,0.0000000000,1,1,0.0000000000,FSS-1000,,,
1014_class-861,1,0.7319623828,0.0265676789,0.7467073798,1,0.7319623828,0.0265676789,0.7467073798,0.0000000000,0.7053947039,0.7053947039,1,1,0.0000000000,FSS-1000,,,
1015_class-861,3,0.6960797906,0.6961292028,0.6994762421,0,0.6961292028,0.6961292028,0.6994762421,0.0000494123,-0.0000494123,0.0000000000,0,1,1.0000000000,FSS-1000,,,
1016_class-861,4,0.8663837910,0.8654174805,0.8663837910,0,0.8654174805,0.8654174805,0.8663837910,-0.0009663105,0.0009663105,0.0000000000,1,1,0.0000000000,FSS-1000,,,
1017_class-861,1,0.7648450136,0.7680156231,0.9643059969,1,0.7648450136,0.7680156231,0.9643059969,0.0000000000,-0.0031706095,-0.0031706095,0,0,0.0000000000,FSS-1000,,,
1018_class-861,5,0.6795112491,0.6801612377,0.6817519069,0,0.6801612377,0.6801612377,0.6817519069,0.0006499887,-0.0006499887,0.0000000000,0,1,1.0000000000,FSS-1000,,,
1019_class-861,1,0.0715051964,0.0670691654,0.0905840024,1,0.0715051964,0.0670691654,0.0905840024,0.0000000000,0.0044360310,0.0044360310,1,1,0.0000000000,FSS-1000,,,
1020_class-862,3,0.9547182322,0.9540638924,0.9562817812,3,0.9547182322,0.9540638924,0.9562817812,0.0000000000,0.0006543398,0.0006543398,1,1,0.0000000000,FSS-1000,,,
1021_class-862,5,0.9182034731,0.9178127050,0.9182662368,0,0.9178127050,0.9178127050,0.9182662368,-0.0003907681,0.0003907681,0.0000000000,1,1,0.0000000000,FSS-1000,,,
1022_class-862,0,0.9883621335,0.9883621335,0.9883621335,0,0.9883621335,0.9883621335,0.9883621335,0.0000000000,0.0000000000,0.0000000000,1,1,0.0000000000,FSS-1000,,,
1023_class-862,4,0.9704065323,0.9653258324,0.9704065323,4,0.9704065323,0.9653258324,0.9704065323,0.0000000000,0.0050806999,0.0050806999,1,1,0.0000000000,FSS-1000,,,
1024_class-862,5,0.9684207439,0.9684808254,0.9688069224,5,0.9684207439,0.9684808254,0.9688069224,0.0000000000,-0.0000600815,-0.0000600815,0,0,0.0000000000,FSS-1000,,,
1025_class-862,4,0.9755638838,0.9743894339,0.9755638838,0,0.9743894339,0.9743894339,0.9755638838,-0.0011744499,0.0011744499,0.0000000000,1,1,0.0000000000,FSS-1000,,,
1026_class-862,0,0.9769292474,0.9769292474,0.9773584604,0,0.9769292474,0.9769292474,0.9773584604,0.0000000000,0.0000000000,0.0000000000,1,1,0.0000000000,FSS-1000,,,
1027_class-862,5,0.8616769314,0.8619501591,0.8620339632,0,0.8619501591,0.8619501591,0.8620339632,0.0002732277,-0.0002732277,0.0000000000,0,1,1.0000000000,FSS-1000,,,
1028_class-862,2,0.9206680655,0.9222930670,0.9222930670,0,0.9222930670,0.9222930670,0.9222930670,0.0016250014,-0.0016250014,0.0000000000,0,1,1.0000000000,FSS-1000,,,
1029_class-862,1,0.9670404196,0.9668967724,0.9670404196,1,0.9670404196,0.9668967724,0.9670404196,0.0000000000,0.0001436472,0.0001436472,1,1,0.0000000000,FSS-1000,,,
1030_class-863,1,0.9317078590,0.9358955622,0.9358955622,0,0.9358955622,0.9358955622,0.9358955622,0.0041877031,-0.0041877031,0.0000000000,0,1,1.0000000000,FSS-1000,,,
1031_class-863,5,0.9832324386,0.9833087921,0.9833087921,5,0.9832324386,0.9833087921,0.9833087921,0.0000000000,-0.0000763535,-0.0000763535,0,0,0.0000000000,FSS-1000,,,
1032_class-863,2,0.9548097253,0.9123442173,0.9549289942,0,0.9123442173,0.9123442173,0.9549289942,-0.0424655080,0.0424655080,0.0000000000,1,1,0.0000000000,FSS-1000,,,
1033_class-863,1,0.7589734793,0.7810115814,0.9592720270,1,0.7589734793,0.7810115814,0.9592720270,0.0000000000,-0.0220381021,-0.0220381021,0,0,0.0000000000,FSS-1000,,,
1034_class-863,5,0.7841558456,0.8290139437,0.9011875391,0,0.8290139437,0.8290139437,0.9011875391,0.0448580980,-0.0448580980,0.0000000000,0,1,1.0000000000,FSS-1000,,,
1035_class-863,2,0.8484207988,0.8294205666,0.8518148661,2,0.8484207988,0.8294205666,0.8518148661,0.0000000000,0.0190002322,0.0190002322,1,1,0.0000000000,FSS-1000,,,
1036_class-863,5,0.9472522736,0.9449974298,0.9472522736,0,0.9449974298,0.9449974298,0.9472522736,-0.0022548437,0.0022548437,0.0000000000,1,1,0.0000000000,FSS-1000,,,
1037_class-863,0,0.9786704183,0.9786704183,0.9809727669,0,0.9786704183,0.9786704183,0.9809727669,0.0000000000,0.0000000000,0.0000000000,1,1,0.0000000000,FSS-1000,,,
1038_class-863,0,0.9652575254,0.9652575254,0.9721678495,0,0.9652575254,0.9652575254,0.9721678495,0.0000000000,0.0000000000,0.0000000000,1,1,0.0000000000,FSS-1000,,,
1039_class-863,2,0.9393755198,0.9516909122,0.9516909122,0,0.9516909122,0.9516909122,0.9516909122,0.0123153925,-0.0123153925,0.0000000000,0,1,1.0000000000,FSS-1000,,,
1040_class-864,2,0.5341488123,0.5399603844,0.5424757600,0,0.5399603844,0.5399603844,0.5424757600,0.0058115721,-0.0058115721,0.0000000000,0,1,1.0000000000,FSS-1000,,,
1041_class-864,4,0.9706671238,0.9705179930,0.9709180593,0,0.9705179930,0.9705179930,0.9709180593,-0.0001491308,0.0001491308,0.0000000000,1,1,0.0000000000,FSS-1000,,,
1042_class-864,0,0.9851789474,0.9851789474,0.9852434397,0,0.9851789474,0.9851789474,0.9852434397,0.0000000000,0.0000000000,0.0000000000,1,1,0.0000000000,FSS-1000,,,
1043_class-864,0,0.9540594816,0.9540594816,0.9543249607,0,0.9540594816,0.9540594816,0.9543249607,0.0000000000,0.0000000000,0.0000000000,1,1,0.0000000000,FSS-1000,,,
1044_class-864,2,0.8676879406,0.8681519628,0.9700437784,0,0.8681519628,0.8681519628,0.9700437784,0.0004640222,-0.0004640222,0.0000000000,0,1,1.0000000000,FSS-1000,,,
1045_class-864,0,0.9745141268,0.9745141268,0.9747143984,0,0.9745141268,0.9745141268,0.9747143984,0.0000000000,0.0000000000,0.0000000000,1,1,0.0000000000,FSS-1000,,,
1046_class-864,2,0.9741756916,0.9746203423,0.9746801853,0,0.9746203423,0.9746203423,0.9746801853,0.0004446507,-0.0004446507,0.0000000000,0,1,1.0000000000,FSS-1000,,,
1047_class-864,3,0.9451851845,0.9233520031,0.9453482628,3,0.9451851845,0.9233520031,0.9453482628,0.0000000000,0.0218331814,0.0218331814,1,1,0.0000000000,FSS-1000,,,
1048_class-864,3,0.9593807459,0.9335702658,0.9596821666,3,0.9593807459,0.9335702658,0.9596821666,0.0000000000,0.0258104801,0.0258104801,1,1,0.0000000000,FSS-1000,,,
1049_class-864,0,0.9761863351,0.9761863351,0.9763876796,0,0.9761863351,0.9761863351,0.9763876796,0.0000000000,0.0000000000,0.0000000000,1,1,0.0000000000,FSS-1000,,,
1050_class-865,5,0.9069035649,0.9031634331,0.9069035649,5,0.9069035649,0.9031634331,0.9069035649,0.0000000000,0.0037401319,0.0037401319,1,1,0.0000000000,FSS-1000,,,
1051_class-865,3,0.8696774840,0.8697181344,0.8697181344,3,0.8696774840,0.8697181344,0.8697181344,0.0000000000,-0.0000406504,-0.0000406504,0,0,0.0000000000,FSS-1000,,,
1052_class-865,4,0.9319891930,0.9343084097,0.9343084097,0,0.9343084097,0.9343084097,0.9343084097,0.0023192167,-0.0023192167,0.0000000000,0,1,1.0000000000,FSS-1000,,,
1053_class-865,5,0.8360859156,0.8284779787,0.8392306566,5,0.8360859156,0.8284779787,0.8392306566,0.0000000000,0.0076079369,0.0076079369,1,1,0.0000000000,FSS-1000,,,
1054_class-865,3,0.9648171663,0.8260641098,0.9648171663,3,0.9648171663,0.8260641098,0.9648171663,0.0000000000,0.1387530565,0.1387530565,1,1,0.0000000000,FSS-1000,,,
1055_class-865,3,0.8818763494,0.8875460625,0.8880871534,3,0.8818763494,0.8875460625,0.8880871534,0.0000000000,-0.0056697130,-0.0056697130,0,0,0.0000000000,FSS-1000,,,
1056_class-865,5,0.9099618196,0.9217380881,0.9219036102,5,0.9099618196,0.9217380881,0.9219036102,0.0000000000,-0.0117762685,-0.0117762685,0,0,0.0000000000,FSS-1000,,,
1057_class-865,0,0.9551221132,0.9551221132,0.9551221132,0,0.9551221132,0.9551221132,0.9551221132,0.0000000000,0.0000000000,0.0000000000,1,1,0.0000000000,FSS-1000,,,
1058_class-865,2,0.9216251373,0.5473170877,0.9220230579,2,0.9216251373,0.5473170877,0.9220230579,0.0000000000,0.3743080497,0.3743080497,1,1,0.0000000000,FSS-1000,,,
1059_class-865,3,0.9444175959,0.9412152767,0.9444175959,3,0.9444175959,0.9412152767,0.9444175959,0.0000000000,0.0032023191,0.0032023191,1,1,0.0000000000,FSS-1000,,,
1060_class-866,5,0.9745947123,0.7107225060,0.9767292142,5,0.9745947123,0.7107225060,0.9767292142,0.0000000000,0.2638722062,0.2638722062,1,1,0.0000000000,FSS-1000,,,
1061_class-866,4,0.9889836311,0.9850392342,0.9889836311,4,0.9889836311,0.9850392342,0.9889836311,0.0000000000,0.0039443970,0.0039443970,1,1,0.0000000000,FSS-1000,,,
1062_class-866,1,0.9740695953,0.9740565419,0.9741478562,0,0.9740565419,0.9740565419,0.9741478562,-0.0000130534,0.0000130534,0.0000000000,1,1,0.0000000000,FSS-1000,,,
1063_class-866,5,0.9776225686,0.9108044505,0.9776225686,5,0.9776225686,0.9108044505,0.9776225686,0.0000000000,0.0668181181,0.0668181181,1,1,0.0000000000,FSS-1000,,,
1064_class-866,4,0.9579826593,0.9580186605,0.9585155249,4,0.9579826593,0.9580186605,0.9585155249,0.0000000000,-0.0000360012,-0.0000360012,0,0,0.0000000000,FSS-1000,,,
1065_class-866,0,0.9349670410,0.9349670410,0.9351564646,0,0.9349670410,0.9349670410,0.9351564646,0.0000000000,0.0000000000,0.0000000000,1,1,0.0000000000,FSS-1000,,,
1066_class-866,0,0.9856703281,0.9856703281,0.9857285619,0,0.9856703281,0.9856703281,0.9857285619,0.0000000000,0.0000000000,0.0000000000,1,1,0.0000000000,FSS-1000,,,
1067_class-866,5,0.9901514053,0.9898638725,0.9902008772,0,0.9898638725,0.9898638725,0.9902008772,-0.0002875328,0.0002875328,0.0000000000,1,1,0.0000000000,FSS-1000,,,
1068_class-866,3,0.9900958538,0.9892750978,0.9902924299,3,0.9900958538,0.9892750978,0.9902924299,0.0000000000,0.0008207560,0.0008207560,1,1,0.0000000000,FSS-1000,,,
1069_class-866,3,0.6110498905,0.6425629854,0.6447886229,3,0.6110498905,0.6425629854,0.6447886229,0.0000000000,-0.0315130949,-0.0315130949,0,0,0.0000000000,FSS-1000,,,
1070_class-867,4,0.9530864954,0.9531656504,0.9531873465,0,0.9531656504,0.9531656504,0.9531873465,0.0000791550,-0.0000791550,0.0000000000,0,1,1.0000000000,FSS-1000,,,
1071_class-867,4,0.9803298712,0.9798841476,0.9804153442,0,0.9798841476,0.9798841476,0.9804153442,-0.0004457235,0.0004457235,0.0000000000,1,1,0.0000000000,FSS-1000,,,
1072_class-867,0,0.9683599472,0.9683599472,0.9684865475,0,0.9683599472,0.9683599472,0.9684865475,0.0000000000,0.0000000000,0.0000000000,1,1,0.0000000000,FSS-1000,,,
1073_class-867,5,0.9618381262,0.9257519245,0.9618381262,5,0.9618381262,0.9257519245,0.9618381262,0.0000000000,0.0360862017,0.0360862017,1,1,0.0000000000,FSS-1000,,,
1074_class-867,0,0.8144856691,0.8144856691,0.8144856691,0,0.8144856691,0.8144856691,0.8144856691,0.0000000000,0.0000000000,0.0000000000,1,1,0.0000000000,FSS-1000,,,
1075_class-867,1,0.9125076532,0.9143849611,0.9153702259,1,0.9125076532,0.9143849611,0.9153702259,0.0000000000,-0.0018773079,-0.0018773079,0,0,0.0000000000,FSS-1000,,,
1076_class-867,0,0.9537709355,0.9537709355,0.9538268447,0,0.9537709355,0.9537709355,0.9538268447,0.0000000000,0.0000000000,0.0000000000,1,1,0.0000000000,FSS-1000,,,
1077_class-867,1,0.6881307960,0.6740326881,0.7603447437,1,0.6881307960,0.6740326881,0.7603447437,0.0000000000,0.0140981078,0.0140981078,1,1,0.0000000000,FSS-1000,,,
1078_class-867,4,0.9811290503,0.9808609486,0.9811290503,4,0.9811290503,0.9808609486,0.9811290503,0.0000000000,0.0002681017,0.0002681017,1,1,0.0000000000,FSS-1000,,,
1079_class-867,5,0.9655818343,0.9618142843,0.9664490223,0,0.9618142843,0.9618142843,0.9664490223,-0.0037675500,0.0037675500,0.0000000000,1,1,0.0000000000,FSS-1000,,,
1080_class-868,4,0.9153064489,0.9121991396,0.9153064489,4,0.9153064489,0.9121991396,0.9153064489,0.0000000000,0.0031073093,0.0031073093,1,1,0.0000000000,FSS-1000,,,
1081_class-868,5,0.9125545025,0.8860704303,0.9137929678,0,0.8860704303,0.8860704303,0.9137929678,-0.0264840722,0.0264840722,0.0000000000,1,1,0.0000000000,FSS-1000,,,
1082_class-868,5,0.9585738182,0.9508518577,0.9585738182,0,0.9508518577,0.9508518577,0.9585738182,-0.0077219605,0.0077219605,0.0000000000,1,1,0.0000000000,FSS-1000,,,
1083_class-868,2,0.8592678905,0.8570077419,0.8592678905,2,0.8592678905,0.8570077419,0.8592678905,0.0000000000,0.0022601485,0.0022601485,1,1,0.0000000000,FSS-1000,,,
1084_class-868,2,0.9531220198,0.9530225992,0.9531220198,0,0.9530225992,0.9530225992,0.9531220198,-0.0000994205,0.0000994205,0.0000000000,1,1,0.0000000000,FSS-1000,,,
1085_class-868,0,0.9640096426,0.9640096426,0.9666076899,0,0.9640096426,0.9640096426,0.9666076899,0.0000000000,0.0000000000,0.0000000000,1,1,0.0000000000,FSS-1000,,,
1086_class-868,2,0.9621913433,0.9616686106,0.9621913433,2,0.9621913433,0.9616686106,0.9621913433,0.0000000000,0.0005227327,0.0005227327,1,1,0.0000000000,FSS-1000,,,
1087_class-868,4,0.9608340263,0.9619442821,0.9619442821,0,0.9619442821,0.9619442821,0.9619442821,0.0011102557,-0.0011102557,0.0000000000,0,1,1.0000000000,FSS-1000,,,
1088_class-868,1,0.9195541143,0.9141589403,0.9295597076,0,0.9141589403,0.9141589403,0.9295597076,-0.0053951740,0.0053951740,0.0000000000,1,1,0.0000000000,FSS-1000,,,
1089_class-868,1,0.9501565695,0.9489434958,0.9501565695,0,0.9489434958,0.9489434958,0.9501565695,-0.0012130737,0.0012130737,0.0000000000,1,1,0.0000000000,FSS-1000,,,
1090_class-869,0,0.8749130964,0.8749130964,0.9283435941,0,0.8749130964,0.8749130964,0.9283435941,0.0000000000,0.0000000000,0.0000000000,1,1,0.0000000000,FSS-1000,,,
1091_class-869,0,0.9723988771,0.9723988771,0.9726440907,0,0.9723988771,0.9723988771,0.9726440907,0.0000000000,0.0000000000,0.0000000000,1,1,0.0000000000,FSS-1000,,,
1092_class-869,4,0.9407203197,0.9406096935,0.9415963292,0,0.9406096935,0.9406096935,0.9415963292,-0.0001106262,0.0001106262,0.0000000000,1,1,0.0000000000,FSS-1000,,,
1093_class-869,0,0.8842854500,0.8842854500,0.9246032238,0,0.8842854500,0.8842854500,0.9246032238,0.0000000000,0.0000000000,0.0000000000,1,1,0.0000000000,FSS-1000,,,
1094_class-869,0,0.9333012104,0.9333012104,0.9333012104,0,0.9333012104,0.9333012104,0.9333012104,0.0000000000,0.0000000000,0.0000000000,1,1,0.0000000000,FSS-1000,,,
1095_class-869,5,0.8960583210,0.9118403792,0.9118403792,5,0.8960583210,0.9118403792,0.9118403792,0.0000000000,-0.0157820582,-0.0157820582,0,0,0.0000000000,FSS-1000,,,
1096_class-869,0,0.9700928926,0.9700928926,0.9700928926,0,0.9700928926,0.9700928926,0.9700928926,0.0000000000,0.0000000000,0.0000000000,1,1,0.0000000000,FSS-1000,,,
1097_class-869,1,0.9471313357,0.9471286535,0.9476356506,0,0.9471286535,0.9471286535,0.9476356506,-0.0000026822,0.0000026822,0.0000000000,1,1,0.0000000000,FSS-1000,,,
1098_class-869,3,0.9667776823,0.9490821362,0.9669423103,0,0.9490821362,0.9490821362,0.9669423103,-0.0176955462,0.0176955462,0.0000000000,1,1,0.0000000000,FSS-1000,,,
1099_class-869,1,0.9529986382,0.9538903236,0.9544891119,0,0.9538903236,0.9538903236,0.9544891119,0.0008916855,-0.0008916855,0.0000000000,0,1,1.0000000000,FSS-1000,,,
1100_class-870,1,0.9790782332,0.7923181057,0.9790782332,1,0.9790782332,0.7923181057,0.9790782332,0.0000000000,0.1867601275,0.1867601275,1,1,0.0000000000,FSS-1000,,,
1101_class-870,5,0.7788982987,0.7811481953,0.7836275697,5,0.7788982987,0.7811481953,0.7836275697,0.0000000000,-0.0022498965,-0.0022498965,0,0,0.0000000000,FSS-1000,,,
1102_class-870,4,0.7834764719,0.8219950199,0.8580253124,4,0.7834764719,0.8219950199,0.8580253124,0.0000000000,-0.0385185480,-0.0385185480,0,0,0.0000000000,FSS-1000,,,
1103_class-870,3,0.9818114042,0.9817612171,0.9818154573,3,0.9818114042,0.9817612171,0.9818154573,0.0000000000,0.0000501871,0.0000501871,1,1,0.0000000000,FSS-1000,,,
1104_class-870,2,0.9851386547,0.8211337924,0.9851386547,2,0.9851386547,0.8211337924,0.9851386547,0.0000000000,0.1640048623,0.1640048623,1,1,0.0000000000,FSS-1000,,,
1105_class-870,1,0.9878003597,0.9064249396,0.9878003597,0,0.9064249396,0.9064249396,0.9878003597,-0.0813754201,0.0813754201,0.0000000000,1,1,0.0000000000,FSS-1000,,,
1106_class-870,4,0.6917026043,0.6957645416,0.7393440008,0,0.6957645416,0.6957645416,0.7393440008,0.0040619373,-0.0040619373,0.0000000000,0,1,1.0000000000,FSS-1000,,,
1107_class-870,0,0.7572442293,0.7572442293,0.7579165697,0,0.7572442293,0.7572442293,0.7579165697,0.0000000000,0.0000000000,0.0000000000,1,1,0.0000000000,FSS-1000,,,
1108_class-870,3,0.4126517475,0.4677538872,0.4677538872,0,0.4677538872,0.4677538872,0.4677538872,0.0551021397,-0.0551021397,0.0000000000,0,1,1.0000000000,FSS-1000,,,
1109_class-870,1,0.9868044853,0.9885498285,0.9892051816,1,0.9868044853,0.9885498285,0.9892051816,0.0000000000,-0.0017453432,-0.0017453432,0,0,0.0000000000,FSS-1000,,,
1110_class-871,1,0.6941218376,0.7186056376,0.9902114868,1,0.6941218376,0.7186056376,0.9902114868,0.0000000000,-0.0244837999,-0.0244837999,0,0,0.0000000000,FSS-1000,,,
1111_class-871,0,0.7883866429,0.7883866429,0.9787575006,0,0.7883866429,0.7883866429,0.9787575006,0.0000000000,0.0000000000,0.0000000000,1,1,0.0000000000,FSS-1000,,,
1112_class-871,1,0.9696558714,0.9699508548,0.9700784683,1,0.9696558714,0.9699508548,0.9700784683,0.0000000000,-0.0002949834,-0.0002949834,0,0,0.0000000000,FSS-1000,,,
1113_class-871,5,0.9863198996,0.9859926105,0.9863198996,5,0.9863198996,0.9859926105,0.9863198996,0.0000000000,0.0003272891,0.0003272891,1,1,0.0000000000,FSS-1000,,,
1114_class-871,4,0.9897313118,0.8784116507,0.9897313118,0,0.8784116507,0.8784116507,0.9897313118,-0.1113196611,0.1113196611,0.0000000000,1,1,0.0000000000,FSS-1000,,,
1115_class-871,1,0.9888014197,0.9885668159,0.9890476465,0,0.9885668159,0.9885668159,0.9890476465,-0.0002346039,0.0002346039,0.0000000000,1,1,0.0000000000,FSS-1000,,,
1116_class-871,5,0.9747200608,0.9787993431,0.9787993431,5,0.9747200608,0.9787993431,0.9787993431,0.0000000000,-0.0040792823,-0.0040792823,0,0,0.0000000000,FSS-1000,,,
1117_class-871,2,0.9833881855,0.9838496447,0.9872792363,0,0.9838496447,0.9838496447,0.9872792363,0.0004614592,-0.0004614592,0.0000000000,0,1,1.0000000000,FSS-1000,,,
1118_class-871,3,0.9733673930,0.9732774496,0.9733673930,0,0.9732774496,0.9732774496,0.9733673930,-0.0000899434,0.0000899434,0.0000000000,1,1,0.0000000000,FSS-1000,,,
1119_class-871,4,0.9306722879,0.8913333416,0.9306722879,0,0.8913333416,0.8913333416,0.9306722879,-0.0393389463,0.0393389463,0.0000000000,1,1,0.0000000000,FSS-1000,,,
1120_class-872,4,0.9572677612,0.9572076201,0.9572677612,4,0.9572677612,0.9572076201,0.9572677612,0.0000000000,0.0000601411,0.0000601411,1,1,0.0000000000,FSS-1000,,,
1121_class-872,1,0.9549278021,0.9507821798,0.9549278021,1,0.9549278021,0.9507821798,0.9549278021,0.0000000000,0.0041456223,0.0041456223,1,1,0.0000000000,FSS-1000,,,
1122_class-872,1,0.9413294792,0.9405523539,0.9418199062,1,0.9413294792,0.9405523539,0.9418199062,0.0000000000,0.0007771254,0.0007771254,1,1,0.0000000000,FSS-1000,,,
1123_class-872,2,0.9792728424,0.9791403413,0.9792728424,2,0.9792728424,0.9791403413,0.9792728424,0.0000000000,0.0001325011,0.0001325011,1,1,0.0000000000,FSS-1000,,,
1124_class-872,1,0.9520519376,0.9520069361,0.9520519376,1,0.9520519376,0.9520069361,0.9520519376,0.0000000000,0.0000450015,0.0000450015,1,1,0.0000000000,FSS-1000,,,
1125_class-872,0,0.9291715622,0.9291715622,0.9350112677,0,0.9291715622,0.9291715622,0.9350112677,0.0000000000,0.0000000000,0.0000000000,1,1,0.0000000000,FSS-1000,,,
1126_class-872,4,0.9596204162,0.9587441683,0.9609974623,0,0.9587441683,0.9587441683,0.9609974623,-0.0008762479,0.0008762479,0.0000000000,1,1,0.0000000000,FSS-1000,,,
1127_class-872,3,0.9805846810,0.9820752144,0.9820752144,0,0.9820752144,0.9820752144,0.9820752144,0.0014905334,-0.0014905334,0.0000000000,0,1,1.0000000000,FSS-1000,,,
1128_class-872,2,0.9716180563,0.9710046053,0.9717643261,2,0.9716180563,0.9710046053,0.9717643261,0.0000000000,0.0006134510,0.0006134510,1,1,0.0000000000,FSS-1000,,,
1129_class-872,0,0.9568340778,0.9568340778,0.9648292065,0,0.9568340778,0.9568340778,0.9648292065,0.0000000000,0.0000000000,0.0000000000,1,1,0.0000000000,FSS-1000,,,
1130_class-873,2,0.7111502290,0.7168575525,0.8716976643,0,0.7168575525,0.7168575525,0.8716976643,0.0057073236,-0.0057073236,0.0000000000,0,1,1.0000000000,FSS-1000,,,
1131_class-873,1,0.9656217098,0.9687200785,0.9700397253,0,0.9687200785,0.9687200785,0.9700397253,0.0030983686,-0.0030983686,0.0000000000,0,1,1.0000000000,FSS-1000,,,
1132_class-873,0,0.9758638144,0.9758638144,0.9758638144,0,0.9758638144,0.9758638144,0.9758638144,0.0000000000,0.0000000000,0.0000000000,1,1,0.0000000000,FSS-1000,,,
1133_class-873,3,0.9631850719,0.9626547694,0.9643409252,0,0.9626547694,0.9626547694,0.9643409252,-0.0005303025,0.0005303025,0.0000000000,1,1,0.0000000000,FSS-1000,,,
1134_class-873,1,0.9470561743,0.9450293779,0.9470561743,1,0.9470561743,0.9450293779,0.9470561743,0.0000000000,0.0020267963,0.0020267963,1,1,0.0000000000,FSS-1000,,,
1135_class-873,2,0.9377880096,0.9414318800,0.9415672421,0,0.9414318800,0.9414318800,0.9415672421,0.0036438704,-0.0036438704,0.0000000000,0,1,1.0000000000,FSS-1000,,,
1136_class-873,3,0.9748903513,0.9749892950,0.9752472639,0,0.9749892950,0.9749892950,0.9752472639,0.0000989437,-0.0000989437,0.0000000000,0,1,1.0000000000,FSS-1000,,,
1137_class-873,5,0.9844946861,0.9844281673,0.9848825932,5,0.9844946861,0.9844281673,0.9848825932,0.0000000000,0.0000665188,0.0000665188,1,1,0.0000000000,FSS-1000,,,
1138_class-873,1,0.9800046682,0.9812011123,0.9812011123,0,0.9812011123,0.9812011123,0.9812011123,0.0011964440,-0.0011964440,0.0000000000,0,1,1.0000000000,FSS-1000,,,
1139_class-873,5,0.9577158093,0.9578367472,0.9582892656,5,0.9577158093,0.9578367472,0.9582892656,0.0000000000,-0.0001209378,-0.0001209378,0,0,0.0000000000,FSS-1000,,,
1140_class-874,0,0.9174277782,0.9174277782,0.9223940372,0,0.9174277782,0.9174277782,0.9223940372,0.0000000000,0.0000000000,0.0000000000,1,1,0.0000000000,FSS-1000,,,
1141_class-874,4,0.7884588838,0.8667507172,0.8872654438,4,0.7884588838,0.8667507172,0.8872654438,0.0000000000,-0.0782918334,-0.0782918334,0,0,0.0000000000,FSS-1000,,,
1142_class-874,4,0.9253674746,0.9309766293,0.9309766293,4,0.9253674746,0.9309766293,0.9309766293,0.0000000000,-0.0056091547,-0.0056091547,0,0,0.0000000000,FSS-1000,,,
1143_class-874,2,0.9038866758,0.9034993649,0.9277780056,0,0.9034993649,0.9034993649,0.9277780056,-0.0003873110,0.0003873110,0.0000000000,1,1,0.0000000000,FSS-1000,,,
1144_class-874,4,0.8551117182,0.7758239508,0.9416437149,4,0.8551117182,0.7758239508,0.9416437149,0.0000000000,0.0792877674,0.0792877674,1,1,0.0000000000,FSS-1000,,,
1145_class-874,2,0.9334638119,0.9332551956,0.9334638119,0,0.9332551956,0.9332551956,0.9334638119,-0.0002086163,0.0002086163,0.0000000000,1,1,0.0000000000,FSS-1000,,,
1146_class-874,3,0.9572460055,0.9562788010,0.9572986960,3,0.9572460055,0.9562788010,0.9572986960,0.0000000000,0.0009672046,0.0009672046,1,1,0.0000000000,FSS-1000,,,
1147_class-874,1,0.9170451760,0.9148575068,0.9265390635,1,0.9170451760,0.9148575068,0.9265390635,0.0000000000,0.0021876693,0.0021876693,1,1,0.0000000000,FSS-1000,,,
1148_class-874,2,0.8220381737,0.8221948147,0.8221948147,0,0.8221948147,0.8221948147,0.8221948147,0.0001566410,-0.0001566410,0.0000000000,0,1,1.0000000000,FSS-1000,,,
1149_class-874,2,0.9361044765,0.9300920367,0.9366425276,2,0.9361044765,0.9300920367,0.9366425276,0.0000000000,0.0060124397,0.0060124397,1,1,0.0000000000,FSS-1000,,,
1150_class-875,5,0.9672863483,0.9674711227,0.9674711227,5,0.9672863483,0.9674711227,0.9674711227,0.0000000000,-0.0001847744,-0.0001847744,0,0,0.0000000000,FSS-1000,,,
1151_class-875,4,0.8830209374,0.7004159689,0.9468747377,4,0.8830209374,0.7004159689,0.9468747377,0.0000000000,0.1826049685,0.1826049685,1,1,0.0000000000,FSS-1000,,,
1152_class-875,3,0.0626292080,0.0752879083,0.4965232015,0,0.0752879083,0.0752879083,0.4965232015,0.0126587003,-0.0126587003,0.0000000000,0,1,1.0000000000,FSS-1000,,,
1153_class-875,2,0.0220389534,0.9231508970,0.9293673038,0,0.9231508970,0.9231508970,0.9293673038,0.9011119436,-0.9011119436,0.0000000000,0,1,1.0000000000,FSS-1000,,,
1154_class-875,3,0.9558281898,0.9558697939,0.9558697939,3,0.9558281898,0.9558697939,0.9558697939,0.0000000000,-0.0000416040,-0.0000416040,0,0,0.0000000000,FSS-1000,,,
1155_class-875,1,0.9437525272,0.9441839457,0.9441839457,1,0.9437525272,0.9441839457,0.9441839457,0.0000000000,-0.0004314184,-0.0004314184,0,0,0.0000000000,FSS-1000,,,
1156_class-875,1,0.8877456188,0.9014452696,0.9086793661,0,0.9014452696,0.9014452696,0.9086793661,0.0136996508,-0.0136996508,0.0000000000,0,1,1.0000000000,FSS-1000,,,
1157_class-875,3,0.0235043783,0.7082025409,0.7082025409,0,0.7082025409,0.7082025409,0.7082025409,0.6846981626,-0.6846981626,0.0000000000,0,1,1.0000000000,FSS-1000,,,
1158_class-875,0,0.9500368834,0.9500368834,0.9500368834,0,0.9500368834,0.9500368834,0.9500368834,0.0000000000,0.0000000000,0.0000000000,1,1,0.0000000000,FSS-1000,,,
1159_class-875,4,0.7987970114,0.8142609596,0.8616797328,0,0.8142609596,0.8142609596,0.8616797328,0.0154639482,-0.0154639482,0.0000000000,0,1,1.0000000000,FSS-1000,,,
1160_class-876,1,0.8580061197,0.9207688570,0.9207688570,0,0.9207688570,0.9207688570,0.9207688570,0.0627627373,-0.0627627373,0.0000000000,0,1,1.0000000000,FSS-1000,,,
1161_class-876,3,0.9620603323,0.9624792337,0.9625768661,0,0.9624792337,0.9624792337,0.9625768661,0.0004189014,-0.0004189014,0.0000000000,0,1,1.0000000000,FSS-1000,,,
1162_class-876,2,0.9668163657,0.9669114351,0.9671454430,2,0.9668163657,0.9669114351,0.9671454430,0.0000000000,-0.0000950694,-0.0000950694,0,0,0.0000000000,FSS-1000,,,
1163_class-876,2,0.7149776816,0.8627797365,0.8659886122,2,0.7149776816,0.8627797365,0.8659886122,0.0000000000,-0.1478020549,-0.1478020549,0,0,0.0000000000,FSS-1000,,,
1164_class-876,3,0.9449180365,0.9445905685,0.9449180365,3,0.9449180365,0.9445905685,0.9449180365,0.0000000000,0.0003274679,0.0003274679,1,1,0.0000000000,FSS-1000,,,
1165_class-876,3,0.9621145725,0.3599599004,0.9621145725,3,0.9621145725,0.3599599004,0.9621145725,0.0000000000,0.6021546721,0.6021546721,1,1,0.0000000000,FSS-1000,,,
1166_class-876,1,0.7925786972,0.7918737531,0.7939825058,1,0.7925786972,0.7918737531,0.7939825058,0.0000000000,0.0007049441,0.0007049441,1,1,0.0000000000,FSS-1000,,,
1167_class-876,5,0.9653536677,0.9666714668,0.9667704105,0,0.9666714668,0.9666714668,0.9667704105,0.0013177991,-0.0013177991,0.0000000000,0,1,1.0000000000,FSS-1000,,,
1168_class-876,2,0.9494093657,0.9492897987,0.9494093657,0,0.9492897987,0.9492897987,0.9494093657,-0.0001195669,0.0001195669,0.0000000000,1,1,0.0000000000,FSS-1000,,,
1169_class-876,5,0.9099347591,0.7060407400,0.9099347591,0,0.7060407400,0.7060407400,0.9099347591,-0.2038940191,0.2038940191,0.0000000000,1,1,0.0000000000,FSS-1000,,,
1170_class-877,2,0.9315436482,0.9340680838,0.9340680838,2,0.9315436482,0.9340680838,0.9340680838,0.0000000000,-0.0025244355,-0.0025244355,0,0,0.0000000000,FSS-1000,,,
1171_class-877,0,0.6986734867,0.6986734867,0.7003563643,0,0.6986734867,0.6986734867,0.7003563643,0.0000000000,0.0000000000,0.0000000000,1,1,0.0000000000,FSS-1000,,,
1172_class-877,4,0.8581278324,0.8586834073,0.8586834073,0,0.8586834073,0.8586834073,0.8586834073,0.0005555749,-0.0005555749,0.0000000000,0,1,1.0000000000,FSS-1000,,,
1173_class-877,5,0.9478831291,0.9485460520,0.9629067779,5,0.9478831291,0.9485460520,0.9629067779,0.0000000000,-0.0006629229,-0.0006629229,0,0,0.0000000000,FSS-1000,,,
1174_class-877,0,0.9168241620,0.9168241620,0.9170018435,0,0.9168241620,0.9168241620,0.9170018435,0.0000000000,0.0000000000,0.0000000000,1,1,0.0000000000,FSS-1000,,,
1175_class-877,4,0.9402182102,0.9298118353,0.9532848597,4,0.9402182102,0.9298118353,0.9532848597,0.0000000000,0.0104063749,0.0104063749,1,1,0.0000000000,FSS-1000,,,
1176_class-877,3,0.9307245016,0.9325574040,0.9326529503,0,0.9325574040,0.9325574040,0.9326529503,0.0018329024,-0.0018329024,0.0000000000,0,1,1.0000000000,FSS-1000,,,
1177_class-877,3,0.9725267887,0.9718457460,0.9725267887,0,0.9718457460,0.9718457460,0.9725267887,-0.0006810427,0.0006810427,0.0000000000,1,1,0.0000000000,FSS-1000,,,
1178_class-877,1,0.9757192135,0.9754011631,0.9757192135,0,0.9754011631,0.9754011631,0.9757192135,-0.0003180504,0.0003180504,0.0000000000,1,1,0.0000000000,FSS-1000,,,
1179_class-877,0,0.9289023280,0.9289023280,0.9303392172,0,0.9289023280,0.9289023280,0.9303392172,0.0000000000,0.0000000000,0.0000000000,1,1,0.0000000000,FSS-1000,,,
1180_class-878,1,0.9684030414,0.9674620628,0.9684030414,1,0.9684030414,0.9674620628,0.9684030414,0.0000000000,0.0009409785,0.0009409785,1,1,0.0000000000,FSS-1000,,,
1181_class-878,5,0.9755269289,0.9786459208,0.9797168374,0,0.9786459208,0.9786459208,0.9797168374,0.0031189919,-0.0031189919,0.0000000000,0,1,1.0000000000,FSS-1000,,,
1182_class-878,5,0.9555392265,0.9529601336,0.9585545063,0,0.9529601336,0.9529601336,0.9585545063,-0.0025790930,0.0025790930,0.0000000000,1,1,0.0000000000,FSS-1000,,,
1183_class-878,0,0.9616538286,0.9616538286,0.9616538286,0,0.9616538286,0.9616538286,0.9616538286,0.0000000000,0.0000000000,0.0000000000,1,1,0.0000000000,FSS-1000,,,
1184_class-878,5,0.9752171040,0.9774923325,0.9777607918,5,0.9752171040,0.9774923325,0.9777607918,0.0000000000,-0.0022752285,-0.0022752285,0,0,0.0000000000,FSS-1000,,,
1185_class-878,1,0.9208396673,0.9104897976,0.9230487347,0,0.9104897976,0.9104897976,0.9230487347,-0.0103498697,0.0103498697,0.0000000000,1,1,0.0000000000,FSS-1000,,,
1186_class-878,1,0.9689506292,0.9668898582,0.9689506292,1,0.9689506292,0.9668898582,0.9689506292,0.0000000000,0.0020607710,0.0020607710,1,1,0.0000000000,FSS-1000,,,
1187_class-878,5,0.9650703073,0.9696214199,0.9699023962,0,0.9696214199,0.9696214199,0.9699023962,0.0045511127,-0.0045511127,0.0000000000,0,1,1.0000000000,FSS-1000,,,
1188_class-878,1,0.9526795745,0.9511506557,0.9526795745,1,0.9526795745,0.9511506557,0.9526795745,0.0000000000,0.0015289187,0.0015289187,1,1,0.0000000000,FSS-1000,,,
1189_class-878,1,0.9350113869,0.9355764985,0.9361181855,1,0.9350113869,0.9355764985,0.9361181855,0.0000000000,-0.0005651116,-0.0005651116,0,0,0.0000000000,FSS-1000,,,
1190_class-879,3,0.9452538490,0.9438419342,0.9453663230,3,0.9452538490,0.9438419342,0.9453663230,0.0000000000,0.0014119148,0.0014119148,1,1,0.0000000000,FSS-1000,,,
1191_class-879,1,0.9529010653,0.9517002106,0.9529010653,0,0.9517002106,0.9517002106,0.9529010653,-0.0012008548,0.0012008548,0.0000000000,1,1,0.0000000000,FSS-1000,,,
1192_class-879,3,0.9552153349,0.9541851282,0.9578143358,3,0.9552153349,0.9541851282,0.9578143358,0.0000000000,0.0010302067,0.0010302067,1,1,0.0000000000,FSS-1000,,,
1193_class-879,5,0.9628628492,0.9629326463,0.9629326463,0,0.9629326463,0.9629326463,0.9629326463,0.0000697970,-0.0000697970,0.0000000000,0,1,1.0000000000,FSS-1000,,,
1194_class-879,5,0.9921280146,0.9917896986,0.9921280146,0,0.9917896986,0.9917896986,0.9921280146,-0.0003383160,0.0003383160,0.0000000000,1,1,0.0000000000,FSS-1000,,,
1195_class-879,5,0.7801898718,0.7331348658,0.7801898718,5,0.7801898718,0.7331348658,0.7801898718,0.0000000000,0.0470550060,0.0470550060,1,1,0.0000000000,FSS-1000,,,
1196_class-879,4,0.7448650599,0.1037117243,0.7448650599,4,0.7448650599,0.1037117243,0.7448650599,0.0000000000,0.6411533356,0.6411533356,1,1,0.0000000000,FSS-1000,,,
1197_class-879,4,0.9854168892,0.9851531386,0.9857760072,4,0.9854168892,0.9851531386,0.9857760072,0.0000000000,0.0002637506,0.0002637506,1,1,0.0000000000,FSS-1000,,,
1198_class-879,0,0.6796736717,0.6796736717,0.6796736717,0,0.6796736717,0.6796736717,0.6796736717,0.0000000000,0.0000000000,0.0000000000,1,1,0.0000000000,FSS-1000,,,
1199_class-879,0,0.9736231565,0.9736231565,0.9737772346,0,0.9736231565,0.9736231565,0.9737772346,0.0000000000,0.0000000000,0.0000000000,1,1,0.0000000000,FSS-1000,,,
1200_class-880,4,0.9496248960,0.9492642879,0.9506298304,0,0.9492642879,0.9492642879,0.9506298304,-0.0003606081,0.0003606081,0.0000000000,1,1,0.0000000000,FSS-1000,,,
1201_class-880,5,0.9837582111,0.9838273525,0.9857001901,5,0.9837582111,0.9838273525,0.9857001901,0.0000000000,-0.0000691414,-0.0000691414,0,0,0.0000000000,FSS-1000,,,
1202_class-880,4,0.9391700029,0.9376057386,0.9392817020,0,0.9376057386,0.9376057386,0.9392817020,-0.0015642643,0.0015642643,0.0000000000,1,1,0.0000000000,FSS-1000,,,
1203_class-880,3,0.9876681566,0.9875093102,0.9876681566,0,0.9875093102,0.9875093102,0.9876681566,-0.0001588464,0.0001588464,0.0000000000,1,1,0.0000000000,FSS-1000,,,
1204_class-880,2,0.9794744253,0.9785554409,0.9796350002,2,0.9794744253,0.9785554409,0.9796350002,0.0000000000,0.0009189844,0.0009189844,1,1,0.0000000000,FSS-1000,,,
1205_class-880,3,0.9722981453,0.7695776820,0.9722981453,3,0.9722981453,0.7695776820,0.9722981453,0.0000000000,0.2027204633,0.2027204633,1,1,0.0000000000,FSS-1000,,,
1206_class-880,1,0.9891299009,0.9886484146,0.9891542196,1,0.9891299009,0.9886484146,0.9891542196,0.0000000000,0.0004814863,0.0004814863,1,1,0.0000000000,FSS-1000,,,
1207_class-880,2,0.9911656976,0.9911057949,0.9911734462,2,0.9911656976,0.9911057949,0.9911734462,0.0000000000,0.0000599027,0.0000599027,1,1,0.0000000000,FSS-1000,,,
1208_class-880,5,0.9405921102,0.9434351921,0.9434351921,0,0.9434351921,0.9434351921,0.9434351921,0.0028430820,-0.0028430820,0.0000000000,0,1,1.0000000000,FSS-1000,,,
1209_class-880,0,0.9851276875,0.9851276875,0.9852904081,0,0.9851276875,0.9851276875,0.9852904081,0.0000000000,0.0000000000,0.0000000000,1,1,0.0000000000,FSS-1000,,,
1210_class-881,2,0.9438123107,0.9409385324,0.9449151754,2,0.9438123107,0.9409385324,0.9449151754,0.0000000000,0.0028737783,0.0028737783,1,1,0.0000000000,FSS-1000,,,
1211_class-881,4,0.9569620490,0.9670023918,0.9670023918,4,0.9569620490,0.9670023918,0.9670023918,0.0000000000,-0.0100403428,-0.0100403428,0,0,0.0000000000,FSS-1000,,,
1212_class-881,2,0.9602053761,0.9691013098,0.9691013098,2,0.9602053761,0.9691013098,0.9691013098,0.0000000000,-0.0088959336,-0.0088959336,0,0,0.0000000000,FSS-1000,,,
1213_class-881,0,0.9379781485,0.9379781485,0.9385235310,0,0.9379781485,0.9379781485,0.9385235310,0.0000000000,0.0000000000,0.0000000000,1,1,0.0000000000,FSS-1000,,,
1214_class-881,5,0.9393178225,0.9362850189,0.9393178225,0,0.9362850189,0.9362850189,0.9393178225,-0.0030328035,0.0030328035,0.0000000000,1,1,0.0000000000,FSS-1000,,,
1215_class-881,2,0.8692580462,0.8539515734,0.8709968328,2,0.8692580462,0.8539515734,0.8709968328,0.0000000000,0.0153064728,0.0153064728,1,1,0.0000000000,FSS-1000,,,
1216_class-881,2,0.9347499609,0.9383854866,0.9392884374,2,0.9347499609,0.9383854866,0.9392884374,0.0000000000,-0.0036355257,-0.0036355257,0,0,0.0000000000,FSS-1000,,,
1217_class-881,1,0.9742414951,0.9734520912,0.9742650390,0,0.9734520912,0.9734520912,0.9742650390,-0.0007894039,0.0007894039,0.0000000000,1,1,0.0000000000,FSS-1000,,,
1218_class-881,3,0.9599357843,0.9525332451,0.9615346789,0,0.9525332451,0.9525332451,0.9615346789,-0.0074025393,0.0074025393,0.0000000000,1,1,0.0000000000,FSS-1000,,,
1219_class-881,5,0.9417821169,0.9427992702,0.9441938996,0,0.9427992702,0.9427992702,0.9441938996,0.0010171533,-0.0010171533,0.0000000000,0,1,1.0000000000,FSS-1000,,,
1220_class-882,2,0.6582928896,0.9670782685,0.9670782685,2,0.6582928896,0.9670782685,0.9670782685,0.0000000000,-0.3087853789,-0.3087853789,0,0,0.0000000000,FSS-1000,,,
1221_class-882,2,0.9564547539,0.9562594891,0.9566160440,0,0.9562594891,0.9562594891,0.9566160440,-0.0001952648,0.0001952648,0.0000000000,1,1,0.0000000000,FSS-1000,,,
1222_class-882,3,0.9081073999,0.9136803150,0.9260528088,3,0.9081073999,0.9136803150,0.9260528088,0.0000000000,-0.0055729151,-0.0055729151,0,0,0.0000000000,FSS-1000,,,
1223_class-882,3,0.9681506157,0.9677913189,0.9683048725,0,0.9677913189,0.9677913189,0.9683048725,-0.0003592968,0.0003592968,0.0000000000,1,1,0.0000000000,FSS-1000,,,
1224_class-882,0,0.8279256821,0.8279256821,0.8283066750,0,0.8279256821,0.8279256821,0.8283066750,0.0000000000,0.0000000000,0.0000000000,1,1,0.0000000000,FSS-1000,,,
1225_class-882,2,0.9904267788,0.9896384478,0.9905375838,2,0.9904267788,0.9896384478,0.9905375838,0.0000000000,0.0007883310,0.0007883310,1,1,0.0000000000,FSS-1000,,,
1226_class-882,4,0.8291647434,0.9307348728,0.9356546402,0,0.9307348728,0.9307348728,0.9356546402,0.1015701294,-0.1015701294,0.0000000000,0,1,1.0000000000,FSS-1000,,,
1227_class-882,4,0.9409285784,0.9378102422,0.9409285784,4,0.9409285784,0.9378102422,0.9409285784,0.0000000000,0.0031183362,0.0031183362,1,1,0.0000000000,FSS-1000,,,
1228_class-882,3,0.9770981073,0.9769772291,0.9770981073,0,0.9769772291,0.9769772291,0.9770981073,-0.0001208782,0.0001208782,0.0000000000,1,1,0.0000000000,FSS-1000,,,
1229_class-882,5,0.8616645336,0.8689091206,0.8689091206,0,0.8689091206,0.8689091206,0.8689091206,0.0072445869,-0.0072445869,0.0000000000,0,1,1.0000000000,FSS-1000,,,
1230_class-883,3,0.9794150591,0.9788703918,0.9799017906,3,0.9794150591,0.9788703918,0.9799017906,0.0000000000,0.0005446672,0.0005446672,1,1,0.0000000000,FSS-1000,,,
1231_class-883,1,0.9841334820,0.9840009212,0.9846523404,1,0.9841334820,0.9840009212,0.9846523404,0.0000000000,0.0001325607,0.0001325607,1,1,0.0000000000,FSS-1000,,,
1232_class-883,5,0.9805781841,0.9590395689,0.9805781841,5,0.9805781841,0.9590395689,0.9805781841,0.0000000000,0.0215386152,0.0215386152,1,1,0.0000000000,FSS-1000,,,
1233_class-883,4,0.8666378260,0.7821705937,0.8666378260,0,0.7821705937,0.7821705937,0.8666378260,-0.0844672322,0.0844672322,0.0000000000,1,1,0.0000000000,FSS-1000,,,
1234_class-883,2,0.9798015356,0.9791815281,0.9799159765,2,0.9798015356,0.9791815281,0.9799159765,0.0000000000,0.0006200075,0.0006200075,1,1,0.0000000000,FSS-1000,,,
1235_class-883,0,0.9832705259,0.9832705259,0.9832705259,0,0.9832705259,0.9832705259,0.9832705259,0.0000000000,0.0000000000,0.0000000000,1,1,0.0000000000,FSS-1000,,,
1236_class-883,0,0.6514242291,0.6514242291,0.6514242291,0,0.6514242291,0.6514242291,0.6514242291,0.0000000000,0.0000000000,0.0000000000,1,1,0.0000000000,FSS-1000,,,
1237_class-883,2,0.9830899239,0.9797743559,0.9830899239,2,0.9830899239,0.9797743559,0.9830899239,0.0000000000,0.0033155680,0.0033155680,1,1,0.0000000000,FSS-1000,,,
1238_class-883,1,0.9690871239,0.9695620537,0.9695620537,0,0.9695620537,0.9695620537,0.9695620537,0.0004749298,-0.0004749298,0.0000000000,0,1,1.0000000000,FSS-1000,,,
1239_class-883,5,0.5244392157,0.5307478905,0.5307478905,0,0.5307478905,0.5307478905,0.5307478905,0.0063086748,-0.0063086748,0.0000000000,0,1,1.0000000000,FSS-1000,,,
1240_class-884,5,0.9344769716,0.9347675443,0.9347675443,0,0.9347675443,0.9347675443,0.9347675443,0.0002905726,-0.0002905726,0.0000000000,0,1,1.0000000000,FSS-1000,,,
1241_class-884,0,0.9442173243,0.9442173243,0.9442173243,0,0.9442173243,0.9442173243,0.9442173243,0.0000000000,0.0000000000,0.0000000000,1,1,0.0000000000,FSS-1000,,,
1242_class-884,3,0.9345225096,0.9360824227,0.9360824227,0,0.9360824227,0.9360824227,0.9360824227,0.0015599132,-0.0015599132,0.0000000000,0,1,1.0000000000,FSS-1000,,,
1243_class-884,2,0.1208417863,0.1147509888,0.1757882535,0,0.1147509888,0.1147509888,0.1757882535,-0.0060907975,0.0060907975,0.0000000000,1,1,0.0000000000,FSS-1000,,,
1244_class-884,3,0.6537489891,0.6494269371,0.6544985771,0,0.6494269371,0.6494269371,0.6544985771,-0.0043220520,0.0043220520,0.0000000000,1,1,0.0000000000,FSS-1000,,,
1245_class-884,2,0.9566878080,0.9567459822,0.9569499493,2,0.9566878080,0.9567459822,0.9569499493,0.0000000000,-0.0000581741,-0.0000581741,0,0,0.0000000000,FSS-1000,,,
1246_class-884,2,0.9623646736,0.9607116580,0.9623646736,0,0.9607116580,0.9607116580,0.9623646736,-0.0016530156,0.0016530156,0.0000000000,1,1,0.0000000000,FSS-1000,,,
1247_class-884,3,0.8933228850,0.9555134773,0.9555134773,0,0.9555134773,0.9555134773,0.9555134773,0.0621905923,-0.0621905923,0.0000000000,0,1,1.0000000000,FSS-1000,,,
1248_class-884,0,0.9486071467,0.9486071467,0.9490817785,0,0.9486071467,0.9486071467,0.9490817785,0.0000000000,0.0000000000,0.0000000000,1,1,0.0000000000,FSS-1000,,,
1249_class-884,5,0.9464071989,0.9464077950,0.9487714767,5,0.9464071989,0.9464077950,0.9487714767,0.0000000000,-0.0000005960,-0.0000005960,0,0,0.0000000000,FSS-1000,,,
1250_class-885,2,0.9533110857,0.9509881735,0.9533110857,2,0.9533110857,0.9509881735,0.9533110857,0.0000000000,0.0023229122,0.0023229122,1,1,0.0000000000,FSS-1000,,,
1251_class-885,1,0.9761964083,0.9763625860,0.9765625596,1,0.9761964083,0.9763625860,0.9765625596,0.0000000000,-0.0001661777,-0.0001661777,0,0,0.0000000000,FSS-1000,,,
1252_class-885,1,0.9518710375,0.9512550831,0.9518710375,0,0.9512550831,0.9512550831,0.9518710375,-0.0006159544,0.0006159544,0.0000000000,1,1,0.0000000000,FSS-1000,,,
1253_class-885,4,0.9358867407,0.8496333361,0.9364193678,0,0.8496333361,0.8496333361,0.9364193678,-0.0862534046,0.0862534046,0.0000000000,1,1,0.0000000000,FSS-1000,,,
1254_class-885,4,0.9421577454,0.9397428632,0.9471082687,4,0.9421577454,0.9397428632,0.9471082687,0.0000000000,0.0024148822,0.0024148822,1,1,0.0000000000,FSS-1000,,,
1255_class-885,1,0.9513112307,0.9515399933,0.9515399933,1,0.9513112307,0.9515399933,0.9515399933,0.0000000000,-0.0002287626,-0.0002287626,0,0,0.0000000000,FSS-1000,,,
1256_class-885,4,0.8508561254,0.8340338469,0.8512101173,4,0.8508561254,0.8340338469,0.8512101173,0.0000000000,0.0168222785,0.0168222785,1,1,0.0000000000,FSS-1000,,,
1257_class-885,5,0.0146559272,0.7028148174,0.7177065611,0,0.7028148174,0.7028148174,0.7177065611,0.6881588902,-0.6881588902,0.0000000000,0,1,1.0000000000,FSS-1000,,,
1258_class-885,2,0.9367874861,0.9375532866,0.9376491308,2,0.9367874861,0.9375532866,0.9376491308,0.0000000000,-0.0007658005,-0.0007658005,0,0,0.0000000000,FSS-1000,,,
1259_class-885,1,0.9226459265,0.9460685253,0.9460685253,1,0.9226459265,0.9460685253,0.9460685253,0.0000000000,-0.0234225988,-0.0234225988,0,0,0.0000000000,FSS-1000,,,
1260_class-886,4,0.8883129954,0.9480260611,0.9480893016,0,0.9480260611,0.9480260611,0.9480893016,0.0597130656,-0.0597130656,0.0000000000,0,1,1.0000000000,FSS-1000,,,
1261_class-886,2,0.9667615891,0.9678541422,0.9679639339,0,0.9678541422,0.9678541422,0.9679639339,0.0010925531,-0.0010925531,0.0000000000,0,1,1.0000000000,FSS-1000,,,
1262_class-886,4,0.9422241449,0.9419642687,0.9422241449,0,0.9419642687,0.9419642687,0.9422241449,-0.0002598763,0.0002598763,0.0000000000,1,1,0.0000000000,FSS-1000,,,
1263_class-886,3,0.9550219774,0.9534671903,0.9568980932,0,0.9534671903,0.9534671903,0.9568980932,-0.0015547872,0.0015547872,0.0000000000,1,1,0.0000000000,FSS-1000,,,
1264_class-886,0,0.9648023844,0.9648023844,0.9655845761,0,0.9648023844,0.9648023844,0.9655845761,0.0000000000,0.0000000000,0.0000000000,1,1,0.0000000000,FSS-1000,,,
1265_class-886,2,0.9474639893,0.9483109713,0.9505158663,2,0.9474639893,0.9483109713,0.9505158663,0.0000000000,-0.0008469820,-0.0008469820,0,0,0.0000000000,FSS-1000,,,
1266_class-886,4,0.9547340870,0.9542267323,0.9559586048,4,0.9547340870,0.9542267323,0.9559586048,0.0000000000,0.0005073547,0.0005073547,1,1,0.0000000000,FSS-1000,,,
1267_class-886,1,0.7843918800,0.5803548694,0.7843918800,1,0.7843918800,0.5803548694,0.7843918800,0.0000000000,0.2040370107,0.2040370107,1,1,0.0000000000,FSS-1000,,,
1268_class-886,4,0.9583573937,0.9581024051,0.9583573937,0,0.9581024051,0.9581024051,0.9583573937,-0.0002549887,0.0002549887,0.0000000000,1,1,0.0000000000,FSS-1000,,,
1269_class-886,1,0.5953513980,0.5975378752,0.6025782824,0,0.5975378752,0.5975378752,0.6025782824,0.0021864772,-0.0021864772,0.0000000000,0,1,1.0000000000,FSS-1000,,,
1270_class-887,2,0.9867187142,0.9865401387,0.9868611097,2,0.9867187142,0.9865401387,0.9868611097,0.0000000000,0.0001785755,0.0001785755,1,1,0.0000000000,FSS-1000,,,
1271_class-887,0,0.9702721834,0.9702721834,0.9704558849,0,0.9702721834,0.9702721834,0.9704558849,0.0000000000,0.0000000000,0.0000000000,1,1,0.0000000000,FSS-1000,,,
1272_class-887,0,0.9796775579,0.9796775579,0.9796775579,0,0.9796775579,0.9796775579,0.9796775579,0.0000000000,0.0000000000,0.0000000000,1,1,0.0000000000,FSS-1000,,,
1273_class-887,3,0.9798876047,0.9813321829,0.9813321829,0,0.9813321829,0.9813321829,0.9813321829,0.0014445782,-0.0014445782,0.0000000000,0,1,1.0000000000,FSS-1000,,,
1274_class-887,5,0.9746528864,0.9509292841,0.9748154283,0,0.9509292841,0.9509292841,0.9748154283,-0.0237236023,0.0237236023,0.0000000000,1,1,0.0000000000,FSS-1000,,,
1275_class-887,4,0.9789158106,0.9786287546,0.9796350598,4,0.9789158106,0.9786287546,0.9796350598,0.0000000000,0.0002870560,0.0002870560,1,1,0.0000000000,FSS-1000,,,
1276_class-887,3,0.9851577282,0.9851588607,0.9855369329,0,0.9851588607,0.9851588607,0.9855369329,0.0000011325,-0.0000011325,0.0000000000,0,1,1.0000000000,FSS-1000,,,
1277_class-887,1,0.9179222584,0.9421887994,0.9469437003,0,0.9421887994,0.9421887994,0.9469437003,0.0242665410,-0.0242665410,0.0000000000,0,1,1.0000000000,FSS-1000,,,
1278_class-887,3,0.9864096642,0.9865390658,0.9867017269,3,0.9864096642,0.9865390658,0.9867017269,0.0000000000,-0.0001294017,-0.0001294017,0,0,0.0000000000,FSS-1000,,,
1279_class-887,4,0.9812878370,0.9814958572,0.9814958572,0,0.9814958572,0.9814958572,0.9814958572,0.0002080202,-0.0002080202,0.0000000000,0,1,1.0000000000,FSS-1000,,,
1280_class-888,3,0.9553260803,0.9550283551,0.9558582306,3,0.9553260803,0.9550283551,0.9558582306,0.0000000000,0.0002977252,0.0002977252,1,1,0.0000000000,FSS-1000,,,
1281_class-888,0,0.9579099417,0.9579099417,0.9579099417,0,0.9579099417,0.9579099417,0.9579099417,0.0000000000,0.0000000000,0.0000000000,1,1,0.0000000000,FSS-1000,,,
1282_class-888,1,0.9610535502,0.8781077862,0.9610535502,0,0.8781077862,0.8781077862,0.9610535502,-0.0829457641,0.0829457641,0.0000000000,1,1,0.0000000000,FSS-1000,,,
1283_class-888,5,0.9466920495,0.9466560483,0.9467365742,0,0.9466560483,0.9466560483,0.9467365742,-0.0000360012,0.0000360012,0.0000000000,1,1,0.0000000000,FSS-1000,,,
1284_class-888,5,0.9426513910,0.9422415495,0.9433205128,5,0.9426513910,0.9422415495,0.9433205128,0.0000000000,0.0004098415,0.0004098415,1,1,0.0000000000,FSS-1000,,,
1285_class-888,1,0.9529903531,0.9529800415,0.9535286427,0,0.9529800415,0.9529800415,0.9535286427,-0.0000103116,0.0000103116,0.0000000000,1,1,0.0000000000,FSS-1000,,,
1286_class-888,0,0.9697523117,0.9697523117,0.9712897539,0,0.9697523117,0.9697523117,0.9712897539,0.0000000000,0.0000000000,0.0000000000,1,1,0.0000000000,FSS-1000,,,
1287_class-888,3,0.9626638889,0.9546580315,0.9632857442,0,0.9546580315,0.9546580315,0.9632857442,-0.0080058575,0.0080058575,0.0000000000,1,1,0.0000000000,FSS-1000,,,
1288_class-888,4,0.9735685587,0.9733886719,0.9736413956,0,0.9733886719,0.9733886719,0.9736413956,-0.0001798868,0.0001798868,0.0000000000,1,1,0.0000000000,FSS-1000,,,
1289_class-888,3,0.9795355201,0.9794239998,0.9795355201,0,0.9794239998,0.9794239998,0.9795355201,-0.0001115203,0.0001115203,0.0000000000,1,1,0.0000000000,FSS-1000,,,
1290_class-889,1,0.9705823660,0.9706206918,0.9706206918,0,0.9706206918,0.9706206918,0.9706206918,0.0000383258,-0.0000383258,0.0000000000,0,1,1.0000000000,FSS-1000,,,
1291_class-889,3,0.9832125902,0.9802760482,0.9835183620,0,0.9802760482,0.9802760482,0.9835183620,-0.0029365420,0.0029365420,0.0000000000,1,1,0.0000000000,FSS-1000,,,
1292_class-889,5,0.8240753412,0.8246196508,0.8722457290,0,0.8246196508,0.8246196508,0.8722457290,0.0005443096,-0.0005443096,0.0000000000,0,1,1.0000000000,FSS-1000,,,
1293_class-889,5,0.9445765615,0.9443315268,0.9445765615,5,0.9445765615,0.9443315268,0.9445765615,0.0000000000,0.0002450347,0.0002450347,1,1,0.0000000000,FSS-1000,,,
1294_class-889,3,0.9791488051,0.9790182114,0.9791488051,0,0.9790182114,0.9790182114,0.9791488051,-0.0001305938,0.0001305938,0.0000000000,1,1,0.0000000000,FSS-1000,,,
1295_class-889,3,0.9787050486,0.9786403179,0.9789462090,0,0.9786403179,0.9786403179,0.9789462090,-0.0000647306,0.0000647306,0.0000000000,1,1,0.0000000000,FSS-1000,,,
1296_class-889,5,0.9906013012,0.9901044369,0.9906013012,5,0.9906013012,0.9901044369,0.9906013012,0.0000000000,0.0004968643,0.0004968643,1,1,0.0000000000,FSS-1000,,,
1297_class-889,4,0.8641541004,0.8643402457,0.8651621342,4,0.8641541004,0.8643402457,0.8651621342,0.0000000000,-0.0001861453,-0.0001861453,0,0,0.0000000000,FSS-1000,,,
1298_class-889,2,0.9866720438,0.9857566357,0.9866720438,0,0.9857566357,0.9857566357,0.9866720438,-0.0009154081,0.0009154081,0.0000000000,1,1,0.0000000000,FSS-1000,,,
1299_class-889,4,0.8598256111,0.8607721925,0.8620197773,0,0.8607721925,0.8607721925,0.8620197773,0.0009465814,-0.0009465814,0.0000000000,0,1,1.0000000000,FSS-1000,,,
1300_class-890,0,0.9350291491,0.9350291491,0.9350291491,0,0.9350291491,0.9350291491,0.9350291491,0.0000000000,0.0000000000,0.0000000000,1,1,0.0000000000,FSS-1000,,,
1301_class-890,2,0.7853172421,0.8482026458,0.8550714254,0,0.8482026458,0.8482026458,0.8550714254,0.0628854036,-0.0628854036,0.0000000000,0,1,1.0000000000,FSS-1000,,,
1302_class-890,0,0.8749293089,0.8749293089,0.8989799023,0,0.8749293089,0.8749293089,0.8989799023,0.0000000000,0.0000000000,0.0000000000,1,1,0.0000000000,FSS-1000,,,
1303_class-890,5,0.8874108195,0.7391084433,0.8874108195,5,0.8874108195,0.7391084433,0.8874108195,0.0000000000,0.1483023763,0.1483023763,1,1,0.0000000000,FSS-1000,,,
1304_class-890,3,0.8849204779,0.8885645866,0.8887237310,0,0.8885645866,0.8885645866,0.8887237310,0.0036441088,-0.0036441088,0.0000000000,0,1,1.0000000000,FSS-1000,,,
1305_class-890,4,0.7847730517,0.7709842920,0.8279541731,0,0.7709842920,0.7709842920,0.8279541731,-0.0137887597,0.0137887597,0.0000000000,1,1,0.0000000000,FSS-1000,,,
1306_class-890,3,0.7176080346,0.9599594474,0.9599594474,0,0.9599594474,0.9599594474,0.9599594474,0.2423514128,-0.2423514128,0.0000000000,0,1,1.0000000000,FSS-1000,,,
1307_class-890,0,0.8172628880,0.8172628880,0.8172628880,0,0.8172628880,0.8172628880,0.8172628880,0.0000000000,0.0000000000,0.0000000000,1,1,0.0000000000,FSS-1000,,,
1308_class-890,4,0.9535154700,0.9567034841,0.9567034841,0,0.9567034841,0.9567034841,0.9567034841,0.0031880140,-0.0031880140,0.0000000000,0,1,1.0000000000,FSS-1000,,,
1309_class-890,0,0.8916970491,0.8916970491,0.8935930729,0,0.8916970491,0.8916970491,0.8935930729,0.0000000000,0.0000000000,0.0000000000,1,1,0.0000000000,FSS-1000,,,
1310_class-891,3,0.8990583420,0.2251475155,0.8990583420,3,0.8990583420,0.2251475155,0.8990583420,0.0000000000,0.6739108264,0.6739108264,1,1,0.0000000000,FSS-1000,,,
1311_class-891,5,0.8349668384,0.8348661661,0.8360384107,0,0.8348661661,0.8348661661,0.8360384107,-0.0001006722,0.0001006722,0.0000000000,1,1,0.0000000000,FSS-1000,,,
1312_class-891,5,0.9283709526,0.9260715246,0.9340322614,0,0.9260715246,0.9260715246,0.9340322614,-0.0022994280,0.0022994280,0.0000000000,1,1,0.0000000000,FSS-1000,,,
1313_class-891,5,0.8548876047,0.8560744524,0.8629482985,5,0.8548876047,0.8560744524,0.8629482985,0.0000000000,-0.0011868477,-0.0011868477,0,0,0.0000000000,FSS-1000,,,
1314_class-891,5,0.9199501872,0.9241454601,0.9258720875,5,0.9199501872,0.9241454601,0.9258720875,0.0000000000,-0.0041952729,-0.0041952729,0,0,0.0000000000,FSS-1000,,,
1315_class-891,1,0.7086791396,0.7090153694,0.7173072100,1,0.7086791396,0.7090153694,0.7173072100,0.0000000000,-0.0003362298,-0.0003362298,0,0,0.0000000000,FSS-1000,,,
1316_class-891,3,0.9587314725,0.9631510973,0.9633393288,0,0.9631510973,0.9631510973,0.9633393288,0.0044196248,-0.0044196248,0.0000000000,0,1,1.0000000000,FSS-1000,,,
1317_class-891,3,0.9406436682,0.9493940473,0.9508548975,0,0.9493940473,0.9493940473,0.9508548975,0.0087503791,-0.0087503791,0.0000000000,0,1,1.0000000000,FSS-1000,,,
1318_class-891,5,0.9543547630,0.9530792236,0.9572333694,5,0.9543547630,0.9530792236,0.9572333694,0.0000000000,0.0012755394,0.0012755394,1,1,0.0000000000,FSS-1000,,,
1319_class-891,4,0.9436082840,0.9310305715,0.9436082840,4,0.9436082840,0.9310305715,0.9436082840,0.0000000000,0.0125777125,0.0125777125,1,1,0.0000000000,FSS-1000,,,
1320_class-892,5,0.9646730423,0.9610124826,0.9649087787,0,0.9610124826,0.9610124826,0.9649087787,-0.0036605597,0.0036605597,0.0000000000,1,1,0.0000000000,FSS-1000,,,
1321_class-892,0,0.7278747559,0.7278747559,0.9777247310,0,0.7278747559,0.7278747559,0.9777247310,0.0000000000,0.0000000000,0.0000000000,1,1,0.0000000000,FSS-1000,,,
1322_class-892,0,0.9170322418,0.9170322418,0.9171890020,0,0.9170322418,0.9170322418,0.9171890020,0.0000000000,0.0000000000,0.0000000000,1,1,0.0000000000,FSS-1000,,,
1323_class-892,4,0.9605155587,0.9589512348,0.9606097937,0,0.9589512348,0.9589512348,0.9606097937,-0.0015643239,0.0015643239,0.0000000000,1,1,0.0000000000,FSS-1000,,,
1324_class-892,0,0.9799702764,0.9799702764,0.9799702764,0,0.9799702764,0.9799702764,0.9799702764,0.0000000000,0.0000000000,0.0000000000,1,1,0.0000000000,FSS-1000,,,
1325_class-892,5,0.8999881744,0.8391192555,0.9276463985,5,0.8999881744,0.8391192555,0.9276463985,0.0000000000,0.0608689189,0.0608689189,1,1,0.0000000000,FSS-1000,,,
1326_class-892,1,0.9658901691,0.9655992985,0.9658901691,1,0.9658901691,0.9655992985,0.9658901691,0.0000000000,0.0002908707,0.0002908707,1,1,0.0000000000,FSS-1000,,,
1327_class-892,2,0.5804051161,0.6777131557,0.6777131557,0,0.6777131557,0.6777131557,0.6777131557,0.0973080397,-0.0973080397,0.0000000000,0,1,1.0000000000,FSS-1000,,,
1328_class-892,4,0.9625495672,0.9634939432,0.9646688700,0,0.9634939432,0.9634939432,0.9646688700,0.0009443760,-0.0009443760,0.0000000000,0,1,1.0000000000,FSS-1000,,,
1329_class-892,3,0.8866717815,0.8758983612,0.9033226967,0,0.8758983612,0.8758983612,0.9033226967,-0.0107734203,0.0107734203,0.0000000000,1,1,0.0000000000,FSS-1000,,,
1330_class-893,1,0.9730791450,0.9284447432,0.9730791450,1,0.9730791450,0.9284447432,0.9730791450,0.0000000000,0.0446344018,0.0446344018,1,1,0.0000000000,FSS-1000,,,
1331_class-893,3,0.9745270014,0.9745191336,0.9745290279,0,0.9745191336,0.9745191336,0.9745290279,-0.0000078678,0.0000078678,0.0000000000,1,1,0.0000000000,FSS-1000,,,
1332_class-893,1,0.9605650902,0.9556053877,0.9605650902,1,0.9605650902,0.9556053877,0.9605650902,0.0000000000,0.0049597025,0.0049597025,1,1,0.0000000000,FSS-1000,,,
1333_class-893,2,0.9345436096,0.9683205485,0.9700518250,2,0.9345436096,0.9683205485,0.9700518250,0.0000000000,-0.0337769389,-0.0337769389,0,0,0.0000000000,FSS-1000,,,
1334_class-893,4,0.9597367048,0.9598867297,0.9605361223,4,0.9597367048,0.9598867297,0.9605361223,0.0000000000,-0.0001500249,-0.0001500249,0,0,0.0000000000,FSS-1000,,,
1335_class-893,5,0.9021295309,0.8994389176,0.9028149247,0,0.8994389176,0.8994389176,0.9028149247,-0.0026906133,0.0026906133,0.0000000000,1,1,0.0000000000,FSS-1000,,,
1336_class-893,3,0.9517533779,0.9510695338,0.9533817768,3,0.9517533779,0.9510695338,0.9533817768,0.0000000000,0.0006838441,0.0006838441,1,1,0.0000000000,FSS-1000,,,
1337_class-893,3,0.9781543016,0.9782978296,0.9784518480,3,0.9781543016,0.9782978296,0.9784518480,0.0000000000,-0.0001435280,-0.0001435280,0,0,0.0000000000,FSS-1000,,,
1338_class-893,3,0.9626915455,0.9629225731,0.9635221958,3,0.9626915455,0.9629225731,0.9635221958,0.0000000000,-0.0002310276,-0.0002310276,0,0,0.0000000000,FSS-1000,,,
1339_class-893,2,0.9739787579,0.9753594398,0.9754105806,0,0.9753594398,0.9753594398,0.9754105806,0.0013806820,-0.0013806820,0.0000000000,0,1,1.0000000000,FSS-1000,,,
1340_class-894,5,0.9056568742,0.9041925669,0.9057064652,5,0.9056568742,0.9041925669,0.9057064652,0.0000000000,0.0014643073,0.0014643073,1,1,0.0000000000,FSS-1000,,,
1341_class-894,1,0.9666831493,0.9662576914,0.9674949646,1,0.9666831493,0.9662576914,0.9674949646,0.0000000000,0.0004254580,0.0004254580,1,1,0.0000000000,FSS-1000,,,
1342_class-894,1,0.9527233839,0.9579903483,0.9579903483,0,0.9579903483,0.9579903483,0.9579903483,0.0052669644,-0.0052669644,0.0000000000,0,1,1.0000000000,FSS-1000,,,
1343_class-894,4,0.9478077888,0.9480640888,0.9480640888,4,0.9478077888,0.9480640888,0.9480640888,0.0000000000,-0.0002563000,-0.0002563000,0,0,0.0000000000,FSS-1000,,,
1344_class-894,1,0.9527647495,0.9449347258,0.9527647495,0,0.9449347258,0.9449347258,0.9527647495,-0.0078300238,0.0078300238,0.0000000000,1,1,0.0000000000,FSS-1000,,,
1345_class-894,1,0.9555765986,0.9564338326,0.9564338326,0,0.9564338326,0.9564338326,0.9564338326,0.0008572340,-0.0008572340,0.0000000000,0,1,1.0000000000,FSS-1000,,,
1346_class-894,5,0.9206566215,0.9200917482,0.9211684465,5,0.9206566215,0.9200917482,0.9211684465,0.0000000000,0.0005648732,0.0005648732,1,1,0.0000000000,FSS-1000,,,
1347_class-894,0,0.9144436121,0.9144436121,0.9144436121,0,0.9144436121,0.9144436121,0.9144436121,0.0000000000,0.0000000000,0.0000000000,1,1,0.0000000000,FSS-1000,,,
1348_class-894,1,0.9633103609,0.9636947513,0.9636947513,0,0.9636947513,0.9636947513,0.9636947513,0.0003843904,-0.0003843904,0.0000000000,0,1,1.0000000000,FSS-1000,,,
1349_class-894,5,0.9458914399,0.9448962212,0.9458914399,5,0.9458914399,0.9448962212,0.9458914399,0.0000000000,0.0009952188,0.0009952188,1,1,0.0000000000,FSS-1000,,,
1350_class-895,1,0.9215941429,0.8704770207,0.9215941429,1,0.9215941429,0.8704770207,0.9215941429,0.0000000000,0.0511171222,0.0511171222,1,1,0.0000000000,FSS-1000,,,
1351_class-895,3,0.9332469702,0.0538327694,0.9334020615,3,0.9332469702,0.0538327694,0.9334020615,0.0000000000,0.8794142008,0.8794142008,1,1,0.0000000000,FSS-1000,,,
1352_class-895,2,0.8962730169,0.9046928883,0.9046928883,2,0.8962730169,0.9046928883,0.9046928883,0.0000000000,-0.0084198713,-0.0084198713,0,0,0.0000000000,FSS-1000,,,
1353_class-895,1,0.9868631363,0.9869115353,0.9869506359,0,0.9869115353,0.9869115353,0.9869506359,0.0000483990,-0.0000483990,0.0000000000,0,1,1.0000000000,FSS-1000,,,
1354_class-895,5,0.9084997177,0.8947380781,0.9084997177,0,0.8947380781,0.8947380781,0.9084997177,-0.0137616396,0.0137616396,0.0000000000,1,1,0.0000000000,FSS-1000,,,
1355_class-895,5,0.9356572628,0.9384402633,0.9384402633,0,0.9384402633,0.9384402633,0.9384402633,0.0027830005,-0.0027830005,0.0000000000,0,1,1.0000000000,FSS-1000,,,
1356_class-895,5,0.9465570450,0.9465516806,0.9466543794,0,0.9465516806,0.9465516806,0.9466543794,-0.0000053644,0.0000053644,0.0000000000,1,1,0.0000000000,FSS-1000,,,
1357_class-895,0,0.9712605476,0.9712605476,0.9712976813,0,0.9712605476,0.9712605476,0.9712976813,0.0000000000,0.0000000000,0.0000000000,1,1,0.0000000000,FSS-1000,,,
1358_class-895,4,0.9684884548,0.9530869722,0.9684884548,4,0.9684884548,0.9530869722,0.9684884548,0.0000000000,0.0154014826,0.0154014826,1,1,0.0000000000,FSS-1000,,,
1359_class-895,0,0.9694198966,0.9694198966,0.9694198966,0,0.9694198966,0.9694198966,0.9694198966,0.0000000000,0.0000000000,0.0000000000,1,1,0.0000000000,FSS-1000,,,
1360_class-896,1,0.9337395430,0.9541451931,0.9565490484,0,0.9541451931,0.9541451931,0.9565490484,0.0204056501,-0.0204056501,0.0000000000,0,1,1.0000000000,FSS-1000,,,
1361_class-896,0,0.9646250010,0.9646250010,0.9649441242,0,0.9646250010,0.9646250010,0.9649441242,0.0000000000,0.0000000000,0.0000000000,1,1,0.0000000000,FSS-1000,,,
1362_class-896,1,0.9781527519,0.9786759019,0.9786759019,0,0.9786759019,0.9786759019,0.9786759019,0.0005231500,-0.0005231500,0.0000000000,0,1,1.0000000000,FSS-1000,,,
1363_class-896,2,0.9775216579,0.9779857993,0.9782500267,0,0.9779857993,0.9779857993,0.9782500267,0.0004641414,-0.0004641414,0.0000000000,0,1,1.0000000000,FSS-1000,,,
1364_class-896,3,0.9652995467,0.9630761147,0.9652995467,3,0.9652995467,0.9630761147,0.9652995467,0.0000000000,0.0022234321,0.0022234321,1,1,0.0000000000,FSS-1000,,,
1365_class-896,3,0.9801735878,0.9797918200,0.9801735878,0,0.9797918200,0.9797918200,0.9801735878,-0.0003817677,0.0003817677,0.0000000000,1,1,0.0000000000,FSS-1000,,,
1366_class-896,3,0.9797106385,0.9795418978,0.9797180891,0,0.9795418978,0.9795418978,0.9797180891,-0.0001687407,0.0001687407,0.0000000000,1,1,0.0000000000,FSS-1000,,,
1367_class-896,3,0.9643902779,0.9645676017,0.9658734202,3,0.9643902779,0.9645676017,0.9658734202,0.0000000000,-0.0001773238,-0.0001773238,0,0,0.0000000000,FSS-1000,,,
1368_class-896,4,0.9223846793,0.9222523570,0.9225409031,4,0.9223846793,0.9222523570,0.9225409031,0.0000000000,0.0001323223,0.0001323223,1,1,0.0000000000,FSS-1000,,,
1369_class-896,0,0.7404074669,0.7404074669,0.9531283975,0,0.7404074669,0.7404074669,0.9531283975,0.0000000000,0.0000000000,0.0000000000,1,1,0.0000000000,FSS-1000,,,
1370_class-897,4,0.9691183567,0.9701756239,0.9701756239,4,0.9691183567,0.9701756239,0.9701756239,0.0000000000,-0.0010572672,-0.0010572672,0,0,0.0000000000,FSS-1000,,,
1371_class-897,1,0.9667456150,0.9665292501,0.9672696590,0,0.9665292501,0.9665292501,0.9672696590,-0.0002163649,0.0002163649,0.0000000000,1,1,0.0000000000,FSS-1000,,,
1372_class-897,4,0.9906706810,0.9906697273,0.9906880856,0,0.9906697273,0.9906697273,0.9906880856,-0.0000009537,0.0000009537,0.0000000000,1,1,0.0000000000,FSS-1000,,,
1373_class-897,2,0.7812141180,0.8378795385,0.9571655393,2,0.7812141180,0.8378795385,0.9571655393,0.0000000000,-0.0566654205,-0.0566654205,0,0,0.0000000000,FSS-1000,,,
1374_class-897,2,0.9365083575,0.9291257858,0.9368382692,0,0.9291257858,0.9291257858,0.9368382692,-0.0073825717,0.0073825717,0.0000000000,1,1,0.0000000000,FSS-1000,,,
1375_class-897,1,0.9812031984,0.9762208462,0.9812031984,1,0.9812031984,0.9762208462,0.9812031984,0.0000000000,0.0049823523,0.0049823523,1,1,0.0000000000,FSS-1000,,,
1376_class-897,4,0.9669449329,0.9670048356,0.9670048356,4,0.9669449329,0.9670048356,0.9670048356,0.0000000000,-0.0000599027,-0.0000599027,0,0,0.0000000000,FSS-1000,,,
1377_class-897,1,0.9852021933,0.9852733612,0.9852808714,1,0.9852021933,0.9852733612,0.9852808714,0.0000000000,-0.0000711679,-0.0000711679,0,0,0.0000000000,FSS-1000,,,
1378_class-897,1,0.9445284605,0.9446674585,0.9454990625,0,0.9446674585,0.9446674585,0.9454990625,0.0001389980,-0.0001389980,0.0000000000,0,1,1.0000000000,FSS-1000,,,
1379_class-897,2,0.9768686295,0.9371657372,0.9768686295,2,0.9768686295,0.9371657372,0.9768686295,0.0000000000,0.0397028923,0.0397028923,1,1,0.0000000000,FSS-1000,,,
1380_class-898,5,0.9906363487,0.9912069440,0.9912069440,5,0.9906363487,0.9912069440,0.9912069440,0.0000000000,-0.0005705953,-0.0005705953,0,0,0.0000000000,FSS-1000,,,
1381_class-898,5,0.9897500277,0.9896664619,0.9898475409,5,0.9897500277,0.9896664619,0.9898475409,0.0000000000,0.0000835657,0.0000835657,1,1,0.0000000000,FSS-1000,,,
1382_class-898,1,0.8449804783,0.8444539905,0.8449804783,1,0.8449804783,0.8444539905,0.8449804783,0.0000000000,0.0005264878,0.0005264878,1,1,0.0000000000,FSS-1000,,,
1383_class-898,0,0.9806345701,0.9806345701,0.9806817770,0,0.9806345701,0.9806345701,0.9806817770,0.0000000000,0.0000000000,0.0000000000,1,1,0.0000000000,FSS-1000,,,
1384_class-898,1,0.9924496412,0.9923945665,0.9925277233,1,0.9924496412,0.9923945665,0.9925277233,0.0000000000,0.0000550747,0.0000550747,1,1,0.0000000000,FSS-1000,,,
1385_class-898,4,0.8796875477,0.8796754479,0.8796875477,0,0.8796754479,0.8796754479,0.8796875477,-0.0000120997,0.0000120997,0.0000000000,1,1,0.0000000000,FSS-1000,,,
1386_class-898,3,0.9874950647,0.9876254797,0.9876254797,0,0.9876254797,0.9876254797,0.9876254797,0.0001304150,-0.0001304150,0.0000000000,0,1,1.0000000000,FSS-1000,,,
1387_class-898,4,0.9936423898,0.9927195311,0.9936423898,4,0.9936423898,0.9927195311,0.9936423898,0.0000000000,0.0009228587,0.0009228587,1,1,0.0000000000,FSS-1000,,,
1388_class-898,3,0.9913389683,0.9913386703,0.9913741350,0,0.9913386703,0.9913386703,0.9913741350,-0.0000002980,0.0000002980,0.0000000000,1,1,0.0000000000,FSS-1000,,,
1389_class-898,0,0.9911664724,0.9911664724,0.9912062287,0,0.9911664724,0.9911664724,0.9912062287,0.0000000000,0.0000000000,0.0000000000,1,1,0.0000000000,FSS-1000,,,
1390_class-899,2,0.9513694048,0.9502624273,0.9516035318,0,0.9502624273,0.9502624273,0.9516035318,-0.0011069775,0.0011069775,0.0000000000,1,1,0.0000000000,FSS-1000,,,
1391_class-899,2,0.9478402138,0.9472215176,0.9478402138,2,0.9478402138,0.9472215176,0.9478402138,0.0000000000,0.0006186962,0.0006186962,1,1,0.0000000000,FSS-1000,,,
1392_class-899,5,0.9382327795,0.9464753866,0.9479088783,0,0.9464753866,0.9464753866,0.9479088783,0.0082426071,-0.0082426071,0.0000000000,0,1,1.0000000000,FSS-1000,,,
1393_class-899,1,0.9766939878,0.9765309095,0.9766939878,1,0.9766939878,0.9765309095,0.9766939878,0.0000000000,0.0001630783,0.0001630783,1,1,0.0000000000,FSS-1000,,,
1394_class-899,3,0.9450199008,0.9323842525,0.9450199008,0,0.9323842525,0.9323842525,0.9450199008,-0.0126356483,0.0126356483,0.0000000000,1,1,0.0000000000,FSS-1000,,,
1395_class-899,0,0.9557152987,0.9557152987,0.9559776783,0,0.9557152987,0.9557152987,0.9559776783,0.0000000000,0.0000000000,0.0000000000,1,1,0.0000000000,FSS-1000,,,
1396_class-899,0,0.9622181654,0.9622181654,0.9628800154,0,0.9622181654,0.9622181654,0.9628800154,0.0000000000,0.0000000000,0.0000000000,1,1,0.0000000000,FSS-1000,,,
1397_class-899,2,0.9503208995,0.9400901794,0.9503208995,0,0.9400901794,0.9400901794,0.9503208995,-0.0102307200,0.0102307200,0.0000000000,1,1,0.0000000000,FSS-1000,,,
1398_class-899,0,0.9632599354,0.9632599354,0.9640498757,0,0.9632599354,0.9632599354,0.9640498757,0.0000000000,0.0000000000,0.0000000000,1,1,0.0000000000,FSS-1000,,,
1399_class-899,3,0.9529227018,0.9531733394,0.9531733394,3,0.9529227018,0.9531733394,0.9531733394,0.0000000000,-0.0002506375,-0.0002506375,0,0,0.0000000000,FSS-1000,,,
1400_class-900,5,0.9930570126,0.9928971529,0.9931312799,5,0.9930570126,0.9928971529,0.9931312799,0.0000000000,0.0001598597,0.0001598597,1,1,0.0000000000,FSS-1000,,,
1401_class-900,3,0.9876601696,0.9876899123,0.9878121018,0,0.9876899123,0.9876899123,0.9878121018,0.0000297427,-0.0000297427,0.0000000000,0,1,1.0000000000,FSS-1000,,,
1402_class-900,2,0.9784898758,0.9786725044,0.9787551165,0,0.9786725044,0.9786725044,0.9787551165,0.0001826286,-0.0001826286,0.0000000000,0,1,1.0000000000,FSS-1000,,,
1403_class-900,5,0.9869667292,0.9867205620,0.9869667292,5,0.9869667292,0.9867205620,0.9869667292,0.0000000000,0.0002461672,0.0002461672,1,1,0.0000000000,FSS-1000,,,
1404_class-900,2,0.8737542629,0.8704330325,0.8737542629,2,0.8737542629,0.8704330325,0.8737542629,0.0000000000,0.0033212304,0.0033212304,1,1,0.0000000000,FSS-1000,,,
1405_class-900,2,0.9871442318,0.9871696830,0.9872692823,2,0.9871442318,0.9871696830,0.9872692823,0.0000000000,-0.0000254512,-0.0000254512,0,0,0.0000000000,FSS-1000,,,
1406_class-900,3,0.9872806072,0.9871458411,0.9873425961,0,0.9871458411,0.9871458411,0.9873425961,-0.0001347661,0.0001347661,0.0000000000,1,1,0.0000000000,FSS-1000,,,
1407_class-900,2,0.9846336842,0.9847670794,0.9848136902,0,0.9847670794,0.9847670794,0.9848136902,0.0001333952,-0.0001333952,0.0000000000,0,1,1.0000000000,FSS-1000,,,
1408_class-900,4,0.9823188186,0.9823881388,0.9824553132,4,0.9823188186,0.9823881388,0.9824553132,0.0000000000,-0.0000693202,-0.0000693202,0,0,0.0000000000,FSS-1000,,,
1409_class-900,4,0.9856787920,0.9856802225,0.9856802225,0,0.9856802225,0.9856802225,0.9856802225,0.0000014305,-0.0000014305,0.0000000000,0,1,1.0000000000,FSS-1000,,,
1410_class-901,2,0.9318454266,0.9315188527,0.9318454266,2,0.9318454266,0.9315188527,0.9318454266,0.0000000000,0.0003265738,0.0003265738,1,1,0.0000000000,FSS-1000,,,
1411_class-901,5,0.6780893803,0.6632786989,0.7150257230,5,0.6780893803,0.6632786989,0.7150257230,0.0000000000,0.0148106813,0.0148106813,1,1,0.0000000000,FSS-1000,,,
1412_class-901,2,0.9285396934,0.9278956652,0.9288380146,2,0.9285396934,0.9278956652,0.9288380146,0.0000000000,0.0006440282,0.0006440282,1,1,0.0000000000,FSS-1000,,,
1413_class-901,3,0.9624401331,0.9608345628,0.9627516270,0,0.9608345628,0.9608345628,0.9627516270,-0.0016055703,0.0016055703,0.0000000000,1,1,0.0000000000,FSS-1000,,,
1414_class-901,4,0.9077856541,0.9076518416,0.9079387188,0,0.9076518416,0.9076518416,0.9079387188,-0.0001338124,0.0001338124,0.0000000000,1,1,0.0000000000,FSS-1000,,,
1415_class-901,4,0.9774394631,0.9775092602,0.9775092602,0,0.9775092602,0.9775092602,0.9775092602,0.0000697970,-0.0000697970,0.0000000000,0,1,1.0000000000,FSS-1000,,,
1416_class-901,4,0.9233926535,0.8446987867,0.9240241051,0,0.8446987867,0.8446987867,0.9240241051,-0.0786938667,0.0786938667,0.0000000000,1,1,0.0000000000,FSS-1000,,,
1417_class-901,0,0.9602775574,0.9602775574,0.9604926109,0,0.9602775574,0.9602775574,0.9604926109,0.0000000000,0.0000000000,0.0000000000,1,1,0.0000000000,FSS-1000,,,
1418_class-901,3,0.9316242933,0.9362320304,0.9368116260,3,0.9316242933,0.9362320304,0.9368116260,0.0000000000,-0.0046077371,-0.0046077371,0,0,0.0000000000,FSS-1000,,,
1419_class-901,5,0.9399752617,0.9401198626,0.9406943321,5,0.9399752617,0.9401198626,0.9406943321,0.0000000000,-0.0001446009,-0.0001446009,0,0,0.0000000000,FSS-1000,,,
1420_class-902,2,0.7542437315,0.7500501275,0.7544620633,2,0.7542437315,0.7500501275,0.7544620633,0.0000000000,0.0041936040,0.0041936040,1,1,0.0000000000,FSS-1000,,,
1421_class-902,2,0.9776858091,0.9782443047,0.9782707095,2,0.9776858091,0.9782443047,0.9782707095,0.0000000000,-0.0005584955,-0.0005584955,0,0,0.0000000000,FSS-1000,,,
1422_class-902,5,0.9676179886,0.9673692584,0.9696256518,5,0.9676179886,0.9673692584,0.9696256518,0.0000000000,0.0002487302,0.0002487302,1,1,0.0000000000,FSS-1000,,,
1423_class-902,0,0.9798724651,0.9798724651,0.9799832106,0,0.9798724651,0.9798724651,0.9799832106,0.0000000000,0.0000000000,0.0000000000,1,1,0.0000000000,FSS-1000,,,
1424_class-902,5,0.9803465605,0.9804509878,0.9808924794,0,0.9804509878,0.9804509878,0.9808924794,0.0001044273,-0.0001044273,0.0000000000,0,1,1.0000000000,FSS-1000,,,
1425_class-902,1,0.9806483984,0.9809579849,0.9814924002,1,0.9806483984,0.9809579849,0.9814924002,0.0000000000,-0.0003095865,-0.0003095865,0,0,0.0000000000,FSS-1000,,,
1426_class-902,2,0.7746288776,0.7805182934,0.8051925898,0,0.7805182934,0.7805182934,0.8051925898,0.0058894157,-0.0058894157,0.0000000000,0,1,1.0000000000,FSS-1000,,,
1427_class-902,3,0.7598127127,0.6028506756,0.8508969545,3,0.7598127127,0.6028506756,0.8508969545,0.0000000000,0.1569620371,0.1569620371,1,1,0.0000000000,FSS-1000,,,
1428_class-902,2,0.6687972546,0.7992048264,0.9550610185,2,0.6687972546,0.7992048264,0.9550610185,0.0000000000,-0.1304075718,-0.1304075718,0,0,0.0000000000,FSS-1000,,,
1429_class-902,0,0.8960201740,0.8960201740,0.9739493132,0,0.8960201740,0.8960201740,0.9739493132,0.0000000000,0.0000000000,0.0000000000,1,1,0.0000000000,FSS-1000,,,
1430_class-903,0,0.9865310192,0.9865310192,0.9866482615,0,0.9865310192,0.9865310192,0.9866482615,0.0000000000,0.0000000000,0.0000000000,1,1,0.0000000000,FSS-1000,,,
1431_class-903,3,0.9650055766,0.9644099474,0.9650055766,0,0.9644099474,0.9644099474,0.9650055766,-0.0005956292,0.0005956292,0.0000000000,1,1,0.0000000000,FSS-1000,,,
1432_class-903,5,0.9815702438,0.9813791513,0.9815702438,0,0.9813791513,0.9813791513,0.9815702438,-0.0001910925,0.0001910925,0.0000000000,1,1,0.0000000000,FSS-1000,,,
1433_class-903,5,0.9624572992,0.9631370306,0.9633728266,5,0.9624572992,0.9631370306,0.9633728266,0.0000000000,-0.0006797314,-0.0006797314,0,0,0.0000000000,FSS-1000,,,
1434_class-903,5,0.9670082331,0.9663788080,0.9844743013,0,0.9663788080,0.9663788080,0.9844743013,-0.0006294250,0.0006294250,0.0000000000,1,1,0.0000000000,FSS-1000,,,
1435_class-903,3,0.9829645753,0.9826488495,0.9829645753,0,0.9826488495,0.9826488495,0.9829645753,-0.0003157258,0.0003157258,0.0000000000,1,1,0.0000000000,FSS-1000,,,
1436_class-903,5,0.9841027856,0.9835768938,0.9841027856,5,0.9841027856,0.9835768938,0.9841027856,0.0000000000,0.0005258918,0.0005258918,1,1,0.0000000000,FSS-1000,,,
1437_class-903,0,0.9712535143,0.9712535143,0.9712535143,0,0.9712535143,0.9712535143,0.9712535143,0.0000000000,0.0000000000,0.0000000000,1,1,0.0000000000,FSS-1000,,,
1438_class-903,0,0.9707961082,0.9707961082,0.9707961082,0,0.9707961082,0.9707961082,0.9707961082,0.0000000000,0.0000000000,0.0000000000,1,1,0.0000000000,FSS-1000,,,
1439_class-903,4,0.9810227752,0.9810832739,0.9812657833,4,0.9810227752,0.9810832739,0.9812657833,0.0000000000,-0.0000604987,-0.0000604987,0,0,0.0000000000,FSS-1000,,,
1440_class-904,4,0.9812911153,0.9794322252,0.9819223881,0,0.9794322252,0.9794322252,0.9819223881,-0.0018588901,0.0018588901,0.0000000000,1,1,0.0000000000,FSS-1000,,,
1441_class-904,0,0.9852051735,0.9852051735,0.9856476188,0,0.9852051735,0.9852051735,0.9856476188,0.0000000000,0.0000000000,0.0000000000,1,1,0.0000000000,FSS-1000,,,
1442_class-904,2,0.8610249758,0.6783859730,0.8610249758,0,0.6783859730,0.6783859730,0.8610249758,-0.1826390028,0.1826390028,0.0000000000,1,1,0.0000000000,FSS-1000,,,
1443_class-904,2,0.9704519510,0.8739283085,0.9706015587,2,0.9704519510,0.8739283085,0.9706015587,0.0000000000,0.0965236425,0.0965236425,1,1,0.0000000000,FSS-1000,,,
1444_class-904,1,0.9387195110,0.8525747061,0.9387195110,1,0.9387195110,0.8525747061,0.9387195110,0.0000000000,0.0861448050,0.0861448050,1,1,0.0000000000,FSS-1000,,,
1445_class-904,5,0.9785126448,0.9782463908,0.9785126448,0,0.9782463908,0.9782463908,0.9785126448,-0.0002662539,0.0002662539,0.0000000000,1,1,0.0000000000,FSS-1000,,,
1446_class-904,5,0.9715925455,0.9135107994,0.9715925455,0,0.9135107994,0.9135107994,0.9715925455,-0.0580817461,0.0580817461,0.0000000000,1,1,0.0000000000,FSS-1000,,,
1447_class-904,3,0.9843609333,0.9841568470,0.9843950272,3,0.9843609333,0.9841568470,0.9843950272,0.0000000000,0.0002040863,0.0002040863,1,1,0.0000000000,FSS-1000,,,
1448_class-904,0,0.9335472584,0.9335472584,0.9366768599,0,0.9335472584,0.9335472584,0.9366768599,0.0000000000,0.0000000000,0.0000000000,1,1,0.0000000000,FSS-1000,,,
1449_class-904,2,0.5978222489,0.6008547544,0.6131966710,2,0.5978222489,0.6008547544,0.6131966710,0.0000000000,-0.0030325055,-0.0030325055,0,0,0.0000000000,FSS-1000,,,
1450_class-905,5,0.9928364754,0.9927297831,0.9928364754,5,0.9928364754,0.9927297831,0.9928364754,0.0000000000,0.0001066923,0.0001066923,1,1,0.0000000000,FSS-1000,,,
1451_class-905,1,0.9826294184,0.9823327065,0.9826294184,1,0.9826294184,0.9823327065,0.9826294184,0.0000000000,0.0002967119,0.0002967119,1,1,0.0000000000,FSS-1000,,,
1452_class-905,3,0.9643168449,0.9644828439,0.9644828439,3,0.9643168449,0.9644828439,0.9644828439,0.0000000000,-0.0001659989,-0.0001659989,0,0,0.0000000000,FSS-1000,,,
1453_class-905,2,0.9905409813,0.8750405908,0.9905409813,0,0.8750405908,0.8750405908,0.9905409813,-0.1155003905,0.1155003905,0.0000000000,1,1,0.0000000000,FSS-1000,,,
1454_class-905,2,0.9822841287,0.9827546477,0.9827546477,2,0.9822841287,0.9827546477,0.9827546477,0.0000000000,-0.0004705191,-0.0004705191,0,0,0.0000000000,FSS-1000,,,
1455_class-905,0,0.9273022413,0.9273022413,0.9274033308,0,0.9273022413,0.9273022413,0.9274033308,0.0000000000,0.0000000000,0.0000000000,1,1,0.0000000000,FSS-1000,,,
1456_class-905,2,0.9779751301,0.8871539831,0.9779751301,0,0.8871539831,0.8871539831,0.9779751301,-0.0908211470,0.0908211470,0.0000000000,1,1,0.0000000000,FSS-1000,,,
1457_class-905,5,0.9848177433,0.9840322137,0.9850013256,0,0.9840322137,0.9840322137,0.9850013256,-0.0007855296,0.0007855296,0.0000000000,1,1,0.0000000000,FSS-1000,,,
1458_class-905,2,0.9816260338,0.9217281342,0.9830148816,0,0.9217281342,0.9217281342,0.9830148816,-0.0598978996,0.0598978996,0.0000000000,1,1,0.0000000000,FSS-1000,,,
1459_class-905,5,0.9912419319,0.9910669327,0.9912419319,5,0.9912419319,0.9910669327,0.9912419319,0.0000000000,0.0001749992,0.0001749992,1,1,0.0000000000,FSS-1000,,,
1460_class-906,3,0.9923491478,0.9908709526,0.9923491478,0,0.9908709526,0.9908709526,0.9923491478,-0.0014781952,0.0014781952,0.0000000000,1,1,0.0000000000,FSS-1000,,,
1461_class-906,2,0.9798818827,0.9758930802,0.9798818827,2,0.9798818827,0.9758930802,0.9798818827,0.0000000000,0.0039888024,0.0039888024,1,1,0.0000000000,FSS-1000,,,
1462_class-906,0,0.9864747524,0.9864747524,0.9866234064,0,0.9864747524,0.9864747524,0.9866234064,0.0000000000,0.0000000000,0.0000000000,1,1,0.0000000000,FSS-1000,,,
1463_class-906,0,0.7638603449,0.7638603449,0.8649854660,0,0.7638603449,0.7638603449,0.8649854660,0.0000000000,0.0000000000,0.0000000000,1,1,0.0000000000,FSS-1000,,,
1464_class-906,4,0.7143235207,0.7688704729,0.8122981191,4,0.7143235207,0.7688704729,0.8122981191,0.0000000000,-0.0545469522,-0.0545469522,0,0,0.0000000000,FSS-1000,,,
1465_class-906,1,0.9778627157,0.9778553247,0.9778627157,1,0.9778627157,0.9778553247,0.9778627157,0.0000000000,0.0000073910,0.0000073910,1,1,0.0000000000,FSS-1000,,,
1466_class-906,1,0.8076686859,0.7628865838,0.8076686859,0,0.7628865838,0.7628865838,0.8076686859,-0.0447821021,0.0447821021,0.0000000000,1,1,0.0000000000,FSS-1000,,,
1467_class-906,0,0.8727884293,0.8727884293,0.9421665668,0,0.8727884293,0.8727884293,0.9421665668,0.0000000000,0.0000000000,0.0000000000,1,1,0.0000000000,FSS-1000,,,
1468_class-906,0,0.8056603074,0.8056603074,0.8180710077,0,0.8056603074,0.8056603074,0.8180710077,0.0000000000,0.0000000000,0.0000000000,1,1,0.0000000000,FSS-1000,,,
1469_class-906,3,0.9574438334,0.2407382429,0.9574438334,3,0.9574438334,0.2407382429,0.9574438334,0.0000000000,0.7167055905,0.7167055905,1,1,0.0000000000,FSS-1000,,,
1470_class-907,1,0.9616936445,0.9577355385,0.9616936445,1,0.9616936445,0.9577355385,0.9616936445,0.0000000000,0.0039581060,0.0039581060,1,1,0.0000000000,FSS-1000,,,
1471_class-907,0,0.3369564414,0.3369564414,0.9064894319,0,0.3369564414,0.3369564414,0.9064894319,0.0000000000,0.0000000000,0.0000000000,1,1,0.0000000000,FSS-1000,,,
1472_class-907,2,0.9813597202,0.9810132980,0.9815726876,2,0.9813597202,0.9810132980,0.9815726876,0.0000000000,0.0003464222,0.0003464222,1,1,0.0000000000,FSS-1000,,,
1473_class-907,5,0.5448644161,0.6632359028,0.9821244478,0,0.6632359028,0.6632359028,0.9821244478,0.1183714867,-0.1183714867,0.0000000000,0,1,1.0000000000,FSS-1000,,,
1474_class-907,4,0.9770812392,0.9791384935,0.9791384935,0,0.9791384935,0.9791384935,0.9791384935,0.0020572543,-0.0020572543,0.0000000000,0,1,1.0000000000,FSS-1000,,,
1475_class-907,1,0.9637457728,0.9635279179,0.9663615227,1,0.9637457728,0.9635279179,0.9663615227,0.0000000000,0.0002178550,0.0002178550,1,1,0.0000000000,FSS-1000,,,
1476_class-907,4,0.9908646345,0.9911787510,0.9916758537,4,0.9908646345,0.9911787510,0.9916758537,0.0000000000,-0.0003141165,-0.0003141165,0,0,0.0000000000,FSS-1000,,,
1477_class-907,0,0.9886474609,0.9886474609,0.9886474609,0,0.9886474609,0.9886474609,0.9886474609,0.0000000000,0.0000000000,0.0000000000,1,1,0.0000000000,FSS-1000,,,
1478_class-907,0,0.9791862965,0.9791862965,0.9794809818,0,0.9791862965,0.9791862965,0.9794809818,0.0000000000,0.0000000000,0.0000000000,1,1,0.0000000000,FSS-1000,,,
1479_class-907,3,0.9594335556,0.9594646692,0.9594646692,0,0.9594646692,0.9594646692,0.9594646692,0.0000311136,-0.0000311136,0.0000000000,0,1,1.0000000000,FSS-1000,,,
1480_class-908,3,0.9873197079,0.9873276949,0.9874258041,3,0.9873197079,0.9873276949,0.9874258041,0.0000000000,-0.0000079870,-0.0000079870,0,0,0.0000000000,FSS-1000,,,
1481_class-908,0,0.9864777327,0.9864777327,0.9880331755,0,0.9864777327,0.9864777327,0.9880331755,0.0000000000,0.0000000000,0.0000000000,1,1,0.0000000000,FSS-1000,,,
1482_class-908,4,0.9864670038,0.9863848686,0.9864670038,0,0.9863848686,0.9863848686,0.9864670038,-0.0000821352,0.0000821352,0.0000000000,1,1,0.0000000000,FSS-1000,,,
1483_class-908,4,0.9054507017,0.9061542749,0.9091346860,0,0.9061542749,0.9061542749,0.9091346860,0.0007035732,-0.0007035732,0.0000000000,0,1,1.0000000000,FSS-1000,,,
1484_class-908,0,0.7852287292,0.7852287292,0.8267935514,0,0.7852287292,0.7852287292,0.8267935514,0.0000000000,0.0000000000,0.0000000000,1,1,0.0000000000,FSS-1000,,,
1485_class-908,5,0.8421926498,0.8423256874,0.8425964117,5,0.8421926498,0.8423256874,0.8425964117,0.0000000000,-0.0001330376,-0.0001330376,0,0,0.0000000000,FSS-1000,,,
1486_class-908,4,0.9864896536,0.9688075781,0.9868682623,0,0.9688075781,0.9688075781,0.9868682623,-0.0176820755,0.0176820755,0.0000000000,1,1,0.0000000000,FSS-1000,,,
1487_class-908,0,0.9881736040,0.9881736040,0.9886337519,0,0.9881736040,0.9881736040,0.9886337519,0.0000000000,0.0000000000,0.0000000000,1,1,0.0000000000,FSS-1000,,,
1488_class-908,3,0.9756104350,0.9736891985,0.9775242805,0,0.9736891985,0.9736891985,0.9775242805,-0.0019212365,0.0019212365,0.0000000000,1,1,0.0000000000,FSS-1000,,,
1489_class-908,2,0.9741030931,0.9739701152,0.9741030931,2,0.9741030931,0.9739701152,0.9741030931,0.0000000000,0.0001329780,0.0001329780,1,1,0.0000000000,FSS-1000,,,
1490_class-909,1,0.9346038103,0.9337617159,0.9346988201,0,0.9337617159,0.9337617159,0.9346988201,-0.0008420944,0.0008420944,0.0000000000,1,1,0.0000000000,FSS-1000,,,
1491_class-909,3,0.7054037452,0.9164701104,0.9266619682,0,0.9164701104,0.9164701104,0.9266619682,0.2110663652,-0.2110663652,0.0000000000,0,1,1.0000000000,FSS-1000,,,
1492_class-909,5,0.9359614849,0.7918862700,0.9359614849,0,0.7918862700,0.7918862700,0.9359614849,-0.1440752149,0.1440752149,0.0000000000,1,1,0.0000000000,FSS-1000,,,
1493_class-909,4,0.9343679547,0.9338386059,0.9356918335,0,0.9338386059,0.9338386059,0.9356918335,-0.0005293489,0.0005293489,0.0000000000,1,1,0.0000000000,FSS-1000,,,
1494_class-909,2,0.9153249264,0.8992556930,0.9214885235,2,0.9153249264,0.8992556930,0.9214885235,0.0000000000,0.0160692334,0.0160692334,1,1,0.0000000000,FSS-1000,,,
1495_class-909,5,0.9643827677,0.9634920359,0.9672949910,0,0.9634920359,0.9634920359,0.9672949910,-0.0008907318,0.0008907318,0.0000000000,1,1,0.0000000000,FSS-1000,,,
1496_class-909,2,0.9684165716,0.9677753448,0.9714174867,2,0.9684165716,0.9677753448,0.9714174867,0.0000000000,0.0006412268,0.0006412268,1,1,0.0000000000,FSS-1000,,,
1497_class-909,3,0.9278643131,0.9275499582,0.9278643131,0,0.9275499582,0.9275499582,0.9278643131,-0.0003143549,0.0003143549,0.0000000000,1,1,0.0000000000,FSS-1000,,,
1498_class-909,5,0.9350016117,0.9370000362,0.9370000362,0,0.9370000362,0.9370000362,0.9370000362,0.0019984245,-0.0019984245,0.0000000000,0,1,1.0000000000,FSS-1000,,,
1499_class-909,0,0.9804238081,0.9804238081,0.9805591702,0,0.9804238081,0.9804238081,0.9805591702,0.0000000000,0.0000000000,0.0000000000,1,1,0.0000000000,FSS-1000,,,
1500_class-910,3,0.8396289945,0.9742289782,0.9742289782,0,0.9742289782,0.9742289782,0.9742289782,0.1345999837,-0.1345999837,0.0000000000,0,1,1.0000000000,FSS-1000,,,
1501_class-910,4,0.9807567596,0.9679812789,0.9832044840,0,0.9679812789,0.9679812789,0.9832044840,-0.0127754807,0.0127754807,0.0000000000,1,1,0.0000000000,FSS-1000,,,
1502_class-910,0,0.7429592609,0.7429592609,0.7429592609,0,0.7429592609,0.7429592609,0.7429592609,0.0000000000,0.0000000000,0.0000000000,1,1,0.0000000000,FSS-1000,,,
1503_class-910,0,0.9790542126,0.9790542126,0.9802305698,0,0.9790542126,0.9790542126,0.9802305698,0.0000000000,0.0000000000,0.0000000000,1,1,0.0000000000,FSS-1000,,,
1504_class-910,0,0.9400047064,0.9400047064,0.9415663481,0,0.9400047064,0.9400047064,0.9415663481,0.0000000000,0.0000000000,0.0000000000,1,1,0.0000000000,FSS-1000,,,
1505_class-910,4,0.9634260535,0.9635992050,0.9635992050,0,0.9635992050,0.9635992050,0.9635992050,0.0001731515,-0.0001731515,0.0000000000,0,1,1.0000000000,FSS-1000,,,
1506_class-910,0,0.8011523485,0.8011523485,0.8061284423,0,0.8011523485,0.8011523485,0.8061284423,0.0000000000,0.0000000000,0.0000000000,1,1,0.0000000000,FSS-1000,,,
1507_class-910,5,0.9890584946,0.9888405800,0.9897890091,0,0.9888405800,0.9888405800,0.9897890091,-0.0002179146,0.0002179146,0.0000000000,1,1,0.0000000000,FSS-1000,,,
1508_class-910,3,0.9846673608,0.9851450920,0.9851450920,3,0.9846673608,0.9851450920,0.9851450920,0.0000000000,-0.0004777312,-0.0004777312,0,0,0.0000000000,FSS-1000,,,
1509_class-910,0,0.9352324009,0.9352324009,0.9374607801,0,0.9352324009,0.9352324009,0.9374607801,0.0000000000,0.0000000000,0.0000000000,1,1,0.0000000000,FSS-1000,,,
1510_class-911,5,0.9216157198,0.9217132926,0.9218744040,5,0.9216157198,0.9217132926,0.9218744040,0.0000000000,-0.0000975728,-0.0000975728,0,0,0.0000000000,FSS-1000,,,
1511_class-911,5,0.9734895229,0.9717692137,0.9734895229,0,0.9717692137,0.9717692137,0.9734895229,-0.0017203093,0.0017203093,0.0000000000,1,1,0.0000000000,FSS-1000,,,
1512_class-911,3,0.9527547359,0.9545561075,0.9546484947,3,0.9527547359,0.9545561075,0.9546484947,0.0000000000,-0.0018013716,-0.0018013716,0,0,0.0000000000,FSS-1000,,,
1513_class-911,0,0.9537564516,0.9537564516,0.9550174475,0,0.9537564516,0.9537564516,0.9550174475,0.0000000000,0.0000000000,0.0000000000,1,1,0.0000000000,FSS-1000,,,
1514_class-911,1,0.9750139117,0.9750134945,0.9752059579,1,0.9750139117,0.9750134945,0.9752059579,0.0000000000,0.0000004172,0.0000004172,1,1,0.0000000000,FSS-1000,,,
1515_class-911,2,0.9628931284,0.9657246470,0.9658556581,0,0.9657246470,0.9657246470,0.9658556581,0.0028315187,-0.0028315187,0.0000000000,0,1,1.0000000000,FSS-1000,,,
1516_class-911,1,0.9671559930,0.9694036245,0.9694036245,0,0.9694036245,0.9694036245,0.9694036245,0.0022476315,-0.0022476315,0.0000000000,0,1,1.0000000000,FSS-1000,,,
1517_class-911,3,0.9609062672,0.9603698254,0.9609062672,3,0.9609062672,0.9603698254,0.9609062672,0.0000000000,0.0005364418,0.0005364418,1,1,0.0000000000,FSS-1000,,,
1518_class-911,3,0.9261784554,0.9280489087,0.9282959700,0,0.9280489087,0.9280489087,0.9282959700,0.0018704534,-0.0018704534,0.0000000000,0,1,1.0000000000,FSS-1000,,,
1519_class-911,2,0.8984690905,0.8981223106,0.8984690905,2,0.8984690905,0.8981223106,0.8984690905,0.0000000000,0.0003467798,0.0003467798,1,1,0.0000000000,FSS-1000,,,
1520_class-912,0,0.9625547528,0.9625547528,0.9631292224,0,0.9625547528,0.9625547528,0.9631292224,0.0000000000,0.0000000000,0.0000000000,1,1,0.0000000000,FSS-1000,,,
1521_class-912,5,0.9589824677,0.9589167833,0.9589824677,0,0.9589167833,0.9589167833,0.9589824677,-0.0000656843,0.0000656843,0.0000000000,1,1,0.0000000000,FSS-1000,,,
1522_class-912,3,0.9446077347,0.9438622594,0.9452533722,0,0.9438622594,0.9438622594,0.9452533722,-0.0007454753,0.0007454753,0.0000000000,1,1,0.0000000000,FSS-1000,,,
1523_class-912,3,0.9200087786,0.9580241442,0.9580241442,0,0.9580241442,0.9580241442,0.9580241442,0.0380153656,-0.0380153656,0.0000000000,0,1,1.0000000000,FSS-1000,,,
1524_class-912,4,0.9777120352,0.9776424170,0.9780999422,0,0.9776424170,0.9776424170,0.9780999422,-0.0000696182,0.0000696182,0.0000000000,1,1,0.0000000000,FSS-1000,,,
1525_class-912,4,0.9173269272,0.9544718266,0.9544718266,0,0.9544718266,0.9544718266,0.9544718266,0.0371448994,-0.0371448994,0.0000000000,0,1,1.0000000000,FSS-1000,,,
1526_class-912,3,0.9808143377,0.9814709425,0.9814709425,0,0.9814709425,0.9814709425,0.9814709425,0.0006566048,-0.0006566048,0.0000000000,0,1,1.0000000000,FSS-1000,,,
1527_class-912,3,0.9728943110,0.9733734131,0.9746240377,0,0.9733734131,0.9733734131,0.9746240377,0.0004791021,-0.0004791021,0.0000000000,0,1,1.0000000000,FSS-1000,,,
1528_class-912,1,0.8257026672,0.5056940317,0.9238683581,1,0.8257026672,0.5056940317,0.9238683581,0.0000000000,0.3200086355,0.3200086355,1,1,0.0000000000,FSS-1000,,,
1529_class-912,4,0.8966885209,0.8962814808,0.8979060054,4,0.8966885209,0.8962814808,0.8979060054,0.0000000000,0.0004070401,0.0004070401,1,1,0.0000000000,FSS-1000,,,
1530_class-913,0,0.9746452570,0.9746452570,0.9747225046,0,0.9746452570,0.9746452570,0.9747225046,0.0000000000,0.0000000000,0.0000000000,1,1,0.0000000000,FSS-1000,,,
1531_class-913,2,0.7750024796,0.9877550602,0.9877550602,0,0.9877550602,0.9877550602,0.9877550602,0.2127525806,-0.2127525806,0.0000000000,0,1,1.0000000000,FSS-1000,,,
1532_class-913,0,0.9715303183,0.9715303183,0.9718486071,0,0.9715303183,0.9715303183,0.9718486071,0.0000000000,0.0000000000,0.0000000000,1,1,0.0000000000,FSS-1000,,,
1533_class-913,0,0.9128283262,0.9128283262,0.9135046005,0,0.9128283262,0.9128283262,0.9135046005,0.0000000000,0.0000000000,0.0000000000,1,1,0.0000000000,FSS-1000,,,
1534_class-913,1,0.5403264165,0.5439465642,0.5616443157,1,0.5403264165,0.5439465642,0.5616443157,0.0000000000,-0.0036201477,-0.0036201477,0,0,0.0000000000,FSS-1000,,,
1535_class-913,3,0.5096471310,0.5381569862,0.5381569862,0,0.5381569862,0.5381569862,0.5381569862,0.0285098553,-0.0285098553,0.0000000000,0,1,1.0000000000,FSS-1000,,,
1536_class-913,3,0.8762376308,0.8365336657,0.8762376308,3,0.8762376308,0.8365336657,0.8762376308,0.0000000000,0.0397039652,0.0397039652,1,1,0.0000000000,FSS-1000,,,
1537_class-913,3,0.6639333963,0.8918224573,0.8918224573,0,0.8918224573,0.8918224573,0.8918224573,0.2278890610,-0.2278890610,0.0000000000,0,1,1.0000000000,FSS-1000,,,
1538_class-913,1,0.6628668308,0.6627945304,0.6648181677,1,0.6628668308,0.6627945304,0.6648181677,0.0000000000,0.0000723004,0.0000723004,1,1,0.0000000000,FSS-1000,,,
1539_class-913,0,0.9760947227,0.9760947227,0.9760947227,0,0.9760947227,0.9760947227,0.9760947227,0.0000000000,0.0000000000,0.0000000000,1,1,0.0000000000,FSS-1000,,,
1540_class-914,0,0.9214087725,0.9214087725,0.9231160879,0,0.9214087725,0.9214087725,0.9231160879,0.0000000000,0.0000000000,0.0000000000,1,1,0.0000000000,FSS-1000,,,
1541_class-914,4,0.9792683125,0.9777737856,0.9792683125,0,0.9777737856,0.9777737856,0.9792683125,-0.0014945269,0.0014945269,0.0000000000,1,1,0.0000000000,FSS-1000,,,
1542_class-914,0,0.9775785208,0.9775785208,0.9775785208,0,0.9775785208,0.9775785208,0.9775785208,0.0000000000,0.0000000000,0.0000000000,1,1,0.0000000000,FSS-1000,,,
1543_class-914,5,0.9716908336,0.9718494415,0.9724991322,0,0.9718494415,0.9718494415,0.9724991322,0.0001586080,-0.0001586080,0.0000000000,0,1,1.0000000000,FSS-1000,,,
1544_class-914,3,0.9888240099,0.9891831875,0.9891831875,3,0.9888240099,0.9891831875,0.9891831875,0.0000000000,-0.0003591776,-0.0003591776,0,0,0.0000000000,FSS-1000,,,
1545_class-914,5,0.9441936016,0.9443700910,0.9445578456,5,0.9441936016,0.9443700910,0.9445578456,0.0000000000,-0.0001764894,-0.0001764894,0,0,0.0000000000,FSS-1000,,,
1546_class-914,1,0.9591803551,0.9175903797,0.9591803551,0,0.9175903797,0.9175903797,0.9591803551,-0.0415899754,0.0415899754,0.0000000000,1,1,0.0000000000,FSS-1000,,,
1547_class-914,2,0.9655439258,0.9652799964,0.9710924625,0,0.9652799964,0.9652799964,0.9710924625,-0.0002639294,0.0002639294,0.0000000000,1,1,0.0000000000,FSS-1000,,,
1548_class-914,4,0.9812446833,0.9814028740,0.9818243980,0,0.9814028740,0.9814028740,0.9818243980,0.0001581907,-0.0001581907,0.0000000000,0,1,1.0000000000,FSS-1000,,,
1549_class-914,1,0.9843221903,0.9842927456,0.9843797684,0,0.9842927456,0.9842927456,0.9843797684,-0.0000294447,0.0000294447,0.0000000000,1,1,0.0000000000,FSS-1000,,,
1550_class-915,2,0.9758077860,0.9760365486,0.9765030146,0,0.9760365486,0.9760365486,0.9765030146,0.0002287626,-0.0002287626,0.0000000000,0,1,1.0000000000,FSS-1000,,,
1551_class-915,2,0.9287500978,0.9402916431,0.9422922134,2,0.9287500978,0.9402916431,0.9422922134,0.0000000000,-0.0115415454,-0.0115415454,0,0,0.0000000000,FSS-1000,,,
1552_class-915,1,0.7917779684,0.7975044250,0.7975044250,1,0.7917779684,0.7975044250,0.7975044250,0.0000000000,-0.0057264566,-0.0057264566,0,0,0.0000000000,FSS-1000,,,
1553_class-915,2,0.9774723649,0.9779084921,0.9779840112,0,0.9779084921,0.9779084921,0.9779840112,0.0004361272,-0.0004361272,0.0000000000,0,1,1.0000000000,FSS-1000,,,
1554_class-915,5,0.9022419453,0.9042391777,0.9063299298,0,0.9042391777,0.9042391777,0.9063299298,0.0019972324,-0.0019972324,0.0000000000,0,1,1.0000000000,FSS-1000,,,
1555_class-915,2,0.7274677753,0.7293474078,0.7438763380,2,0.7274677753,0.7293474078,0.7438763380,0.0000000000,-0.0018796325,-0.0018796325,0,0,0.0000000000,FSS-1000,,,
1556_class-915,4,0.9627200365,0.8996821046,0.9627200365,0,0.8996821046,0.8996821046,0.9627200365,-0.0630379319,0.0630379319,0.0000000000,1,1,0.0000000000,FSS-1000,,,
1557_class-915,1,0.8137845993,0.8311312199,0.8311312199,0,0.8311312199,0.8311312199,0.8311312199,0.0173466206,-0.0173466206,0.0000000000,0,1,1.0000000000,FSS-1000,,,
1558_class-915,2,0.8106083870,0.8131662607,0.8132898211,2,0.8106083870,0.8131662607,0.8132898211,0.0000000000,-0.0025578737,-0.0025578737,0,0,0.0000000000,FSS-1000,,,
1559_class-915,4,0.9711391926,0.9758963585,0.9760524035,4,0.9711391926,0.9758963585,0.9760524035,0.0000000000,-0.0047571659,-0.0047571659,0,0,0.0000000000,FSS-1000,,,
1560_class-916,5,0.0207733661,0.0211257283,0.0297974646,0,0.0211257283,0.0211257283,0.0297974646,0.0003523622,-0.0003523622,0.0000000000,0,1,1.0000000000,FSS-1000,,,
1561_class-916,0,0.9882403612,0.9882403612,0.9883308411,0,0.9882403612,0.9882403612,0.9883308411,0.0000000000,0.0000000000,0.0000000000,1,1,0.0000000000,FSS-1000,,,
1562_class-916,4,0.9547858238,0.7642525434,0.9654433727,4,0.9547858238,0.7642525434,0.9654433727,0.0000000000,0.1905332804,0.1905332804,1,1,0.0000000000,FSS-1000,,,
1563_class-916,1,0.8613682985,0.8217859864,0.8635103703,0,0.8217859864,0.8217859864,0.8635103703,-0.0395823121,0.0395823121,0.0000000000,1,1,0.0000000000,FSS-1000,,,
1564_class-916,5,0.7062879801,0.8138885498,0.8625483513,5,0.7062879801,0.8138885498,0.8625483513,0.0000000000,-0.1076005697,-0.1076005697,0,0,0.0000000000,FSS-1000,,,
1565_class-916,5,0.9886506796,0.9163208008,0.9886506796,5,0.9886506796,0.9163208008,0.9886506796,0.0000000000,0.0723298788,0.0723298788,1,1,0.0000000000,FSS-1000,,,
1566_class-916,3,0.6915827394,0.7803075910,0.7803075910,3,0.6915827394,0.7803075910,0.7803075910,0.0000000000,-0.0887248516,-0.0887248516,0,0,0.0000000000,FSS-1000,,,
1567_class-916,3,0.9176588655,0.9191044569,0.9232542515,0,0.9191044569,0.9191044569,0.9232542515,0.0014455914,-0.0014455914,0.0000000000,0,1,1.0000000000,FSS-1000,,,
1568_class-916,1,0.5486101508,0.6615924835,0.6769555211,1,0.5486101508,0.6615924835,0.6769555211,0.0000000000,-0.1129823327,-0.1129823327,0,0,0.0000000000,FSS-1000,,,
1569_class-916,4,0.7401034832,0.7393304110,0.7401034832,0,0.7393304110,0.7393304110,0.7401034832,-0.0007730722,0.0007730722,0.0000000000,1,1,0.0000000000,FSS-1000,,,
1570_class-917,3,0.9488448501,0.9486666918,0.9489724636,0,0.9486666918,0.9486666918,0.9489724636,-0.0001781583,0.0001781583,0.0000000000,1,1,0.0000000000,FSS-1000,,,
1571_class-917,1,0.9619272947,0.9652941227,0.9660369158,1,0.9619272947,0.9652941227,0.9660369158,0.0000000000,-0.0033668280,-0.0033668280,0,0,0.0000000000,FSS-1000,,,
1572_class-917,1,0.5605336428,0.5605682731,0.5610387325,0,0.5605682731,0.5605682731,0.5610387325,0.0000346303,-0.0000346303,0.0000000000,0,1,1.0000000000,FSS-1000,,,
1573_class-917,2,0.9788612127,0.9788292646,0.9788764119,0,0.9788292646,0.9788292646,0.9788764119,-0.0000319481,0.0000319481,0.0000000000,1,1,0.0000000000,FSS-1000,,,
1574_class-917,3,0.9484127760,0.9476681948,0.9484528899,3,0.9484127760,0.9476681948,0.9484528899,0.0000000000,0.0007445812,0.0007445812,1,1,0.0000000000,FSS-1000,,,
1575_class-917,4,0.9384781122,0.9384949803,0.9384949803,4,0.9384781122,0.9384949803,0.9384949803,0.0000000000,-0.0000168681,-0.0000168681,0,0,0.0000000000,FSS-1000,,,
1576_class-917,4,0.8812156320,0.9098461866,0.9127376080,0,0.9098461866,0.9098461866,0.9127376080,0.0286305547,-0.0286305547,0.0000000000,0,1,1.0000000000,FSS-1000,,,
1577_class-917,5,0.9315762520,0.9390288591,0.9411621094,0,0.9390288591,0.9390288591,0.9411621094,0.0074526072,-0.0074526072,0.0000000000,0,1,1.0000000000,FSS-1000,,,
1578_class-917,4,0.2264439613,0.2266272008,0.2475951016,0,0.2266272008,0.2266272008,0.2475951016,0.0001832396,-0.0001832396,0.0000000000,0,1,1.0000000000,FSS-1000,,,
1579_class-917,2,0.9786722660,0.9781097174,0.9788100719,2,0.9786722660,0.9781097174,0.9788100719,0.0000000000,0.0005625486,0.0005625486,1,1,0.0000000000,FSS-1000,,,
1580_class-918,4,0.9685575366,0.9686089754,0.9687000513,4,0.9685575366,0.9686089754,0.9687000513,0.0000000000,-0.0000514388,-0.0000514388,0,0,0.0000000000,FSS-1000,,,
1581_class-918,3,0.9549443126,0.9585489631,0.9590928555,3,0.9549443126,0.9585489631,0.9590928555,0.0000000000,-0.0036046505,-0.0036046505,0,0,0.0000000000,FSS-1000,,,
1582_class-918,0,0.9373586178,0.9373586178,0.9398343563,0,0.9373586178,0.9373586178,0.9398343563,0.0000000000,0.0000000000,0.0000000000,1,1,0.0000000000,FSS-1000,,,
1583_class-918,0,0.9175795317,0.9175795317,0.9175795317,0,0.9175795317,0.9175795317,0.9175795317,0.0000000000,0.0000000000,0.0000000000,1,1,0.0000000000,FSS-1000,,,
1584_class-918,5,0.9632475376,0.9629695415,0.9651414156,0,0.9629695415,0.9629695415,0.9651414156,-0.0002779961,0.0002779961,0.0000000000,1,1,0.0000000000,FSS-1000,,,
1585_class-918,3,0.7929401398,0.7636595368,0.7929401398,0,0.7636595368,0.7636595368,0.7929401398,-0.0292806029,0.0292806029,0.0000000000,1,1,0.0000000000,FSS-1000,,,
1586_class-918,0,0.9666182399,0.9666182399,0.9670909643,0,0.9666182399,0.9666182399,0.9670909643,0.0000000000,0.0000000000,0.0000000000,1,1,0.0000000000,FSS-1000,,,
1587_class-918,2,0.7562628984,0.7921922207,0.9405016899,2,0.7562628984,0.7921922207,0.9405016899,0.0000000000,-0.0359293222,-0.0359293222,0,0,0.0000000000,FSS-1000,,,
1588_class-918,4,0.9542862773,0.9538458586,0.9542862773,0,0.9538458586,0.9538458586,0.9542862773,-0.0004404187,0.0004404187,0.0000000000,1,1,0.0000000000,FSS-1000,,,
1589_class-918,5,0.9571949244,0.9566851854,0.9574691057,5,0.9571949244,0.9566851854,0.9574691057,0.0000000000,0.0005097389,0.0005097389,1,1,0.0000000000,FSS-1000,,,
1590_class-919,4,0.9736081362,0.9763846993,0.9775499105,4,0.9736081362,0.9763846993,0.9775499105,0.0000000000,-0.0027765632,-0.0027765632,0,0,0.0000000000,FSS-1000,,,
1591_class-919,0,0.7828689814,0.7828689814,0.9641817212,0,0.7828689814,0.7828689814,0.9641817212,0.0000000000,0.0000000000,0.0000000000,1,1,0.0000000000,FSS-1000,,,
1592_class-919,4,0.8043116331,0.8708840609,0.9407277703,0,0.8708840609,0.8708840609,0.9407277703,0.0665724277,-0.0665724277,0.0000000000,0,1,1.0000000000,FSS-1000,,,
1593_class-919,0,0.9766271114,0.9766271114,0.9766271114,0,0.9766271114,0.9766271114,0.9766271114,0.0000000000,0.0000000000,0.0000000000,1,1,0.0000000000,FSS-1000,,,
1594_class-919,2,0.9823959470,0.8513216972,0.9823959470,2,0.9823959470,0.8513216972,0.9823959470,0.0000000000,0.1310742497,0.1310742497,1,1,0.0000000000,FSS-1000,,,
1595_class-919,4,0.9573353529,0.9575601816,0.9581190348,0,0.9575601816,0.9575601816,0.9581190348,0.0002248287,-0.0002248287,0.0000000000,0,1,1.0000000000,FSS-1000,,,
1596_class-919,2,0.9606560469,0.8770694137,0.9615629315,0,0.8770694137,0.8770694137,0.9615629315,-0.0835866332,0.0835866332,0.0000000000,1,1,0.0000000000,FSS-1000,,,
1597_class-919,2,0.8994679451,0.8997546434,0.9004337192,0,0.8997546434,0.8997546434,0.9004337192,0.0002866983,-0.0002866983,0.0000000000,0,1,1.0000000000,FSS-1000,,,
1598_class-919,2,0.9696500301,0.9685438871,0.9696500301,2,0.9696500301,0.9685438871,0.9696500301,0.0000000000,0.0011061430,0.0011061430,1,1,0.0000000000,FSS-1000,,,
1599_class-919,5,0.9600216150,0.1982126534,0.9600216150,5,0.9600216150,0.1982126534,0.9600216150,0.0000000000,0.7618089616,0.7618089616,1,1,0.0000000000,FSS-1000,,,
1600_class-920,1,0.9839290380,0.9831081629,0.9843544960,1,0.9839290380,0.9831081629,0.9843544960,0.0000000000,0.0008208752,0.0008208752,1,1,0.0000000000,FSS-1000,,,
1601_class-920,3,0.9900866151,0.9901311994,0.9901679754,3,0.9900866151,0.9901311994,0.9901679754,0.0000000000,-0.0000445843,-0.0000445843,0,0,0.0000000000,FSS-1000,,,
1602_class-920,5,0.8412033319,0.8417663574,0.8417663574,5,0.8412033319,0.8417663574,0.8417663574,0.0000000000,-0.0005630255,-0.0005630255,0,0,0.0000000000,FSS-1000,,,
1603_class-920,0,0.5277747512,0.5277747512,0.5813558698,0,0.5277747512,0.5277747512,0.5813558698,0.0000000000,0.0000000000,0.0000000000,1,1,0.0000000000,FSS-1000,,,
1604_class-920,0,0.9314882755,0.9314882755,0.9808499217,0,0.9314882755,0.9314882755,0.9808499217,0.0000000000,0.0000000000,0.0000000000,1,1,0.0000000000,FSS-1000,,,
1605_class-920,0,0.9256342649,0.9256342649,0.9808658957,0,0.9256342649,0.9256342649,0.9808658957,0.0000000000,0.0000000000,0.0000000000,1,1,0.0000000000,FSS-1000,,,
1606_class-920,5,0.7435270548,0.6672320962,0.7435270548,5,0.7435270548,0.6672320962,0.7435270548,0.0000000000,0.0762949586,0.0762949586,1,1,0.0000000000,FSS-1000,,,
1607_class-920,1,0.9811940193,0.8625082374,0.9811940193,1,0.9811940193,0.8625082374,0.9811940193,0.0000000000,0.1186857820,0.1186857820,1,1,0.0000000000,FSS-1000,,,
1608_class-920,5,0.9865421057,0.9865157604,0.9869608879,5,0.9865421057,0.9865157604,0.9869608879,0.0000000000,0.0000263453,0.0000263453,1,1,0.0000000000,FSS-1000,,,
1609_class-920,3,0.8223292828,0.8400125504,0.8707867265,0,0.8400125504,0.8400125504,0.8707867265,0.0176832676,-0.0176832676,0.0000000000,0,1,1.0000000000,FSS-1000,,,
1610_class-921,4,0.9863504767,0.9857705235,0.9863504767,4,0.9863504767,0.9857705235,0.9863504767,0.0000000000,0.0005799532,0.0005799532,1,1,0.0000000000,FSS-1000,,,
1611_class-921,2,0.9765539765,0.9768757820,0.9768757820,0,0.9768757820,0.9768757820,0.9768757820,0.0003218055,-0.0003218055,0.0000000000,0,1,1.0000000000,FSS-1000,,,
1612_class-921,1,0.9629991055,0.9641757011,0.9641757011,0,0.9641757011,0.9641757011,0.9641757011,0.0011765957,-0.0011765957,0.0000000000,0,1,1.0000000000,FSS-1000,,,
1613_class-921,4,0.9505997896,0.8458533287,0.9505997896,0,0.8458533287,0.8458533287,0.9505997896,-0.1047464609,0.1047464609,0.0000000000,1,1,0.0000000000,FSS-1000,,,
1614_class-921,0,0.9533621073,0.9533621073,0.9542267323,0,0.9533621073,0.9533621073,0.9542267323,0.0000000000,0.0000000000,0.0000000000,1,1,0.0000000000,FSS-1000,,,
1615_class-921,4,0.9443277121,0.9449868798,0.9449868798,4,0.9443277121,0.9449868798,0.9449868798,0.0000000000,-0.0006591678,-0.0006591678,0,0,0.0000000000,FSS-1000,,,
1616_class-921,5,0.8660316467,0.8724610806,0.8724610806,0,0.8724610806,0.8724610806,0.8724610806,0.0064294338,-0.0064294338,0.0000000000,0,1,1.0000000000,FSS-1000,,,
1617_class-921,5,0.9742138386,0.9747493267,0.9747493267,5,0.9742138386,0.9747493267,0.9747493267,0.0000000000,-0.0005354881,-0.0005354881,0,0,0.0000000000,FSS-1000,,,
1618_class-921,5,0.9748799205,0.9735418558,0.9752827883,5,0.9748799205,0.9735418558,0.9752827883,0.0000000000,0.0013380647,0.0013380647,1,1,0.0000000000,FSS-1000,,,
1619_class-921,4,0.9590958953,0.8394625187,0.9595756531,4,0.9590958953,0.8394625187,0.9595756531,0.0000000000,0.1196333766,0.1196333766,1,1,0.0000000000,FSS-1000,,,
1620_class-922,4,0.9529362321,0.9666568041,0.9666568041,0,0.9666568041,0.9666568041,0.9666568041,0.0137205720,-0.0137205720,0.0000000000,0,1,1.0000000000,FSS-1000,,,
1621_class-922,4,0.9469594955,0.9467042089,0.9470089674,0,0.9467042089,0.9467042089,0.9470089674,-0.0002552867,0.0002552867,0.0000000000,1,1,0.0000000000,FSS-1000,,,
1622_class-922,3,0.7951620817,0.7951549292,0.7960150242,0,0.7951549292,0.7951549292,0.7960150242,-0.0000071526,0.0000071526,0.0000000000,1,1,0.0000000000,FSS-1000,,,
1623_class-922,2,0.9899362922,0.9885083437,0.9899362922,2,0.9899362922,0.9885083437,0.9899362922,0.0000000000,0.0014279485,0.0014279485,1,1,0.0000000000,FSS-1000,,,
1624_class-922,3,0.9751303196,0.9756810069,0.9756810069,3,0.9751303196,0.9756810069,0.9756810069,0.0000000000,-0.0005506873,-0.0005506873,0,0,0.0000000000,FSS-1000,,,
1625_class-922,4,0.9795163870,0.9795175195,0.9796061516,4,0.9795163870,0.9795175195,0.9796061516,0.0000000000,-0.0000011325,-0.0000011325,0,0,0.0000000000,FSS-1000,,,
1626_class-922,3,0.9718209505,0.9701764584,0.9718209505,0,0.9701764584,0.9701764584,0.9718209505,-0.0016444921,0.0016444921,0.0000000000,1,1,0.0000000000,FSS-1000,,,
1627_class-922,0,0.9495315552,0.9495315552,0.9610871077,0,0.9495315552,0.9495315552,0.9610871077,0.0000000000,0.0000000000,0.0000000000,1,1,0.0000000000,FSS-1000,,,
1628_class-922,4,0.8766212463,0.8337212801,0.8766212463,0,0.8337212801,0.8337212801,0.8766212463,-0.0428999662,0.0428999662,0.0000000000,1,1,0.0000000000,FSS-1000,,,
1629_class-922,3,0.9607993960,0.9130098820,0.9607993960,3,0.9607993960,0.9130098820,0.9607993960,0.0000000000,0.0477895141,0.0477895141,1,1,0.0000000000,FSS-1000,,,
1630_class-923,4,0.9889057875,0.9885843992,0.9889057875,4,0.9889057875,0.9885843992,0.9889057875,0.0000000000,0.0003213882,0.0003213882,1,1,0.0000000000,FSS-1000,,,
1631_class-923,4,0.9822642803,0.9821735620,0.9823621511,4,0.9822642803,0.9821735620,0.9823621511,0.0000000000,0.0000907183,0.0000907183,1,1,0.0000000000,FSS-1000,,,
1632_class-923,3,0.9863370657,0.9864699244,0.9864699244,0,0.9864699244,0.9864699244,0.9864699244,0.0001328588,-0.0001328588,0.0000000000,0,1,1.0000000000,FSS-1000,,,
1633_class-923,3,0.9827092290,0.9826666713,0.9831664562,3,0.9827092290,0.9826666713,0.9831664562,0.0000000000,0.0000425577,0.0000425577,1,1,0.0000000000,FSS-1000,,,
1634_class-923,5,0.9901436567,0.9902088642,0.9903068542,5,0.9901436567,0.9902088642,0.9903068542,0.0000000000,-0.0000652075,-0.0000652075,0,0,0.0000000000,FSS-1000,,,
1635_class-923,0,0.9875255823,0.9875255823,0.9876568317,0,0.9875255823,0.9875255823,0.9876568317,0.0000000000,0.0000000000,0.0000000000,1,1,0.0000000000,FSS-1000,,,
1636_class-923,0,0.9854571819,0.9854571819,0.9887291193,0,0.9854571819,0.9854571819,0.9887291193,0.0000000000,0.0000000000,0.0000000000,1,1,0.0000000000,FSS-1000,,,
1637_class-923,0,0.9911488295,0.9911488295,0.9912074208,0,0.9911488295,0.9911488295,0.9912074208,0.0000000000,0.0000000000,0.0000000000,1,1,0.0000000000,FSS-1000,,,
1638_class-923,2,0.9905380011,0.9888640046,0.9905380011,2,0.9905380011,0.9888640046,0.9905380011,0.0000000000,0.0016739964,0.0016739964,1,1,0.0000000000,FSS-1000,,,
1639_class-923,1,0.9870579243,0.9872156382,0.9872156382,0,0.9872156382,0.9872156382,0.9872156382,0.0001577139,-0.0001577139,0.0000000000,0,1,1.0000000000,FSS-1000,,,
1640_class-924,1,0.9922356009,0.9910628796,0.9923681021,0,0.9910628796,0.9910628796,0.9923681021,-0.0011727214,0.0011727214,0.0000000000,1,1,0.0000000000,FSS-1000,,,
1641_class-924,2,0.9860771894,0.9861601591,0.9862006903,2,0.9860771894,0.9861601591,0.9862006903,0.0000000000,-0.0000829697,-0.0000829697,0,0,0.0000000000,FSS-1000,,,
1642_class-924,2,0.9759482145,0.7656022310,0.9759482145,0,0.7656022310,0.7656022310,0.9759482145,-0.2103459835,0.2103459835,0.0000000000,1,1,0.0000000000,FSS-1000,,,
1643_class-924,5,0.9791874886,0.9787549973,0.9799913168,5,0.9791874886,0.9787549973,0.9799913168,0.0000000000,0.0004324913,0.0004324913,1,1,0.0000000000,FSS-1000,,,
1644_class-924,1,0.9911324382,0.9884721041,0.9915184975,0,0.9884721041,0.9884721041,0.9915184975,-0.0026603341,0.0026603341,0.0000000000,1,1,0.0000000000,FSS-1000,,,
1645_class-924,2,0.8500242233,0.8661422133,0.8881841898,2,0.8500242233,0.8661422133,0.8881841898,0.0000000000,-0.0161179900,-0.0161179900,0,0,0.0000000000,FSS-1000,,,
1646_class-924,4,0.9826222658,0.9826807976,0.9832605720,4,0.9826222658,0.9826807976,0.9832605720,0.0000000000,-0.0000585318,-0.0000585318,0,0,0.0000000000,FSS-1000,,,
1647_class-924,5,0.9861937165,0.9857221246,0.9861937165,5,0.9861937165,0.9857221246,0.9861937165,0.0000000000,0.0004715919,0.0004715919,1,1,0.0000000000,FSS-1000,,,
1648_class-924,2,0.9866121411,0.9865339994,0.9876807928,2,0.9866121411,0.9865339994,0.9876807928,0.0000000000,0.0000781417,0.0000781417,1,1,0.0000000000,FSS-1000,,,
1649_class-924,2,0.9778041840,0.9781393409,0.9820119143,2,0.9778041840,0.9781393409,0.9820119143,0.0000000000,-0.0003351569,-0.0003351569,0,0,0.0000000000,FSS-1000,,,
1650_class-925,5,0.9895157218,0.9892394543,0.9897670746,0,0.9892394543,0.9892394543,0.9897670746,-0.0002762675,0.0002762675,0.0000000000,1,1,0.0000000000,FSS-1000,,,
1651_class-925,0,0.9796357751,0.9796357751,0.9807288647,0,0.9796357751,0.9796357751,0.9807288647,0.0000000000,0.0000000000,0.0000000000,1,1,0.0000000000,FSS-1000,,,
1652_class-925,2,0.9803212881,0.9805753827,0.9806954861,0,0.9805753827,0.9805753827,0.9806954861,0.0002540946,-0.0002540946,0.0000000000,0,1,1.0000000000,FSS-1000,,,
1653_class-925,1,0.9754628539,0.9755374789,0.9756466746,0,0.9755374789,0.9755374789,0.9756466746,0.0000746250,-0.0000746250,0.0000000000,0,1,1.0000000000,FSS-1000,,,
1654_class-925,0,0.9839519858,0.9839519858,0.9842438698,0,0.9839519858,0.9839519858,0.9842438698,0.0000000000,0.0000000000,0.0000000000,1,1,0.0000000000,FSS-1000,,,
1655_class-925,2,0.9748578072,0.9749784470,0.9749909639,0,0.9749784470,0.9749784470,0.9749909639,0.0001206398,-0.0001206398,0.0000000000,0,1,1.0000000000,FSS-1000,,,
1656_class-925,2,0.9874401093,0.9881702662,0.9881702662,2,0.9874401093,0.9881702662,0.9881702662,0.0000000000,-0.0007301569,-0.0007301569,0,0,0.0000000000,FSS-1000,,,
1657_class-925,4,0.9873728752,0.9871980548,0.9873728752,0,0.9871980548,0.9871980548,0.9873728752,-0.0001748204,0.0001748204,0.0000000000,1,1,0.0000000000,FSS-1000,,,
1658_class-925,0,0.6289734840,0.6289734840,0.7777066827,0,0.6289734840,0.6289734840,0.7777066827,0.0000000000,0.0000000000,0.0000000000,1,1,0.0000000000,FSS-1000,,,
1659_class-925,2,0.9676059484,0.9676924944,0.9677581787,0,0.9676924944,0.9676924944,0.9677581787,0.0000865459,-0.0000865459,0.0000000000,0,1,1.0000000000,FSS-1000,,,
1660_class-926,5,0.9437953234,0.9436686039,0.9487533569,0,0.9436686039,0.9436686039,0.9487533569,-0.0001267195,0.0001267195,0.0000000000,1,1,0.0000000000,FSS-1000,,,
1661_class-926,0,0.9322255850,0.9322255850,0.9325029850,0,0.9322255850,0.9322255850,0.9325029850,0.0000000000,0.0000000000,0.0000000000,1,1,0.0000000000,FSS-1000,,,
1662_class-926,3,0.9622307420,0.9581884146,0.9622307420,3,0.9622307420,0.9581884146,0.9622307420,0.0000000000,0.0040423274,0.0040423274,1,1,0.0000000000,FSS-1000,,,
1663_class-926,5,0.9569807053,0.9577237368,0.9577237368,0,0.9577237368,0.9577237368,0.9577237368,0.0007430315,-0.0007430315,0.0000000000,0,1,1.0000000000,FSS-1000,,,
1664_class-926,3,0.9482015371,0.9471759796,0.9487342834,3,0.9482015371,0.9471759796,0.9487342834,0.0000000000,0.0010255575,0.0010255575,1,1,0.0000000000,FSS-1000,,,
1665_class-926,1,0.9388805628,0.9389265776,0.9389265776,0,0.9389265776,0.9389265776,0.9389265776,0.0000460148,-0.0000460148,0.0000000000,0,1,1.0000000000,FSS-1000,,,
1666_class-926,0,0.9026907086,0.9026907086,0.9026907086,0,0.9026907086,0.9026907086,0.9026907086,0.0000000000,0.0000000000,0.0000000000,1,1,0.0000000000,FSS-1000,,,
1667_class-926,0,0.9377427101,0.9377427101,0.9379560947,0,0.9377427101,0.9377427101,0.9379560947,0.0000000000,0.0000000000,0.0000000000,1,1,0.0000000000,FSS-1000,,,
1668_class-926,0,0.7786378264,0.7786378264,0.8582742214,0,0.7786378264,0.7786378264,0.8582742214,0.0000000000,0.0000000000,0.0000000000,1,1,0.0000000000,FSS-1000,,,
1669_class-926,5,0.9193643928,0.9190219045,0.9193643928,0,0.9190219045,0.9190219045,0.9193643928,-0.0003424883,0.0003424883,0.0000000000,1,1,0.0000000000,FSS-1000,,,
1670_class-927,3,0.9480154514,0.9480692148,0.9481266737,0,0.9480692148,0.9480692148,0.9481266737,0.0000537634,-0.0000537634,0.0000000000,0,1,1.0000000000,FSS-1000,,,
1671_class-927,4,0.9926067591,0.9926306009,0.9926306009,4,0.9926067591,0.9926306009,0.9926306009,0.0000000000,-0.0000238419,-0.0000238419,0,0,0.0000000000,FSS-1000,,,
1672_class-927,3,0.9684246182,0.9661230445,0.9684246182,0,0.9661230445,0.9661230445,0.9684246182,-0.0023015738,0.0023015738,0.0000000000,1,1,0.0000000000,FSS-1000,,,
1673_class-927,5,0.9730299115,0.9688504934,0.9730299115,5,0.9730299115,0.9688504934,0.9730299115,0.0000000000,0.0041794181,0.0041794181,1,1,0.0000000000,FSS-1000,,,
1674_class-927,5,0.3363333941,0.3262507617,0.4858252704,5,0.3363333941,0.3262507617,0.4858252704,0.0000000000,0.0100826323,0.0100826323,1,1,0.0000000000,FSS-1000,,,
1675_class-927,4,0.6670636535,0.6732625961,0.7075853944,0,0.6732625961,0.6732625961,0.7075853944,0.0061989427,-0.0061989427,0.0000000000,0,1,1.0000000000,FSS-1000,,,
1676_class-927,5,0.9646561146,0.9688439965,0.9803975224,5,0.9646561146,0.9688439965,0.9803975224,0.0000000000,-0.0041878819,-0.0041878819,0,0,0.0000000000,FSS-1000,,,
1677_class-927,0,0.9879486561,0.9879486561,0.9881331921,0,0.9879486561,0.9879486561,0.9881331921,0.0000000000,0.0000000000,0.0000000000,1,1,0.0000000000,FSS-1000,,,
1678_class-927,5,0.9797383547,0.9801588655,0.9801588655,5,0.9797383547,0.9801588655,0.9801588655,0.0000000000,-0.0004205108,-0.0004205108,0,0,0.0000000000,FSS-1000,,,
1679_class-927,1,0.9900641441,0.9901147485,0.9901404381,1,0.9900641441,0.9901147485,0.9901404381,0.0000000000,-0.0000506043,-0.0000506043,0,0,0.0000000000,FSS-1000,,,
1680_class-928,3,0.9874060154,0.9840474129,0.9874060154,3,0.9874060154,0.9840474129,0.9874060154,0.0000000000,0.0033586025,0.0033586025,1,1,0.0000000000,FSS-1000,,,
1681_class-928,1,0.9423854351,0.9370541573,0.9423854351,1,0.9423854351,0.9370541573,0.9423854351,0.0000000000,0.0053312778,0.0053312778,1,1,0.0000000000,FSS-1000,,,
1682_class-928,1,0.9569487572,0.9505674839,0.9574090242,1,0.9569487572,0.9505674839,0.9574090242,0.0000000000,0.0063812733,0.0063812733,1,1,0.0000000000,FSS-1000,,,
1683_class-928,1,0.9720153809,0.9718096256,0.9720484018,0,0.9718096256,0.9718096256,0.9720484018,-0.0002057552,0.0002057552,0.0000000000,1,1,0.0000000000,FSS-1000,,,
1684_class-928,2,0.9723869562,0.9724411964,0.9728610516,2,0.9723869562,0.9724411964,0.9728610516,0.0000000000,-0.0000542402,-0.0000542402,0,0,0.0000000000,FSS-1000,,,
1685_class-928,4,0.9865219593,0.9867373705,0.9867373705,0,0.9867373705,0.9867373705,0.9867373705,0.0002154112,-0.0002154112,0.0000000000,0,1,1.0000000000,FSS-1000,,,
1686_class-928,4,0.9910380840,0.9908726215,0.9912109375,0,0.9908726215,0.9908726215,0.9912109375,-0.0001654625,0.0001654625,0.0000000000,1,1,0.0000000000,FSS-1000,,,
1687_class-928,0,0.9282238483,0.9282238483,0.9299780726,0,0.9282238483,0.9282238483,0.9299780726,0.0000000000,0.0000000000,0.0000000000,1,1,0.0000000000,FSS-1000,,,
1688_class-928,5,0.9843835831,0.9842938781,0.9843835831,5,0.9843835831,0.9842938781,0.9843835831,0.0000000000,0.0000897050,0.0000897050,1,1,0.0000000000,FSS-1000,,,
1689_class-928,0,0.9927312136,0.9927312136,0.9928210974,0,0.9927312136,0.9927312136,0.9928210974,0.0000000000,0.0000000000,0.0000000000,1,1,0.0000000000,FSS-1000,,,
1690_class-929,4,0.9862025380,0.9845204353,0.9862025380,0,0.9845204353,0.9845204353,0.9862025380,-0.0016821027,0.0016821027,0.0000000000,1,1,0.0000000000,FSS-1000,,,
1691_class-929,0,0.9805529118,0.9805529118,0.9805529118,0,0.9805529118,0.9805529118,0.9805529118,0.0000000000,0.0000000000,0.0000000000,1,1,0.0000000000,FSS-1000,,,
1692_class-929,5,0.9760074615,0.9757355452,0.9761023521,0,0.9757355452,0.9757355452,0.9761023521,-0.0002719164,0.0002719164,0.0000000000,1,1,0.0000000000,FSS-1000,,,
1693_class-929,4,0.9813675880,0.9824907780,0.9829047322,4,0.9813675880,0.9824907780,0.9829047322,0.0000000000,-0.0011231899,-0.0011231899,0,0,0.0000000000,FSS-1000,,,
1694_class-929,0,0.9809410572,0.9809410572,0.9809460640,0,0.9809410572,0.9809410572,0.9809460640,0.0000000000,0.0000000000,0.0000000000,1,1,0.0000000000,FSS-1000,,,
1695_class-929,5,0.9805094600,0.9805865288,0.9809604883,0,0.9805865288,0.9805865288,0.9809604883,0.0000770688,-0.0000770688,0.0000000000,0,1,1.0000000000,FSS-1000,,,
1696_class-929,2,0.9812762737,0.9814021587,0.9814021587,2,0.9812762737,0.9814021587,0.9814021587,0.0000000000,-0.0001258850,-0.0001258850,0,0,0.0000000000,FSS-1000,,,
1697_class-929,3,0.9754467010,0.9253141880,0.9754467010,3,0.9754467010,0.9253141880,0.9754467010,0.0000000000,0.0501325130,0.0501325130,1,1,0.0000000000,FSS-1000,,,
1698_class-929,5,0.9692881107,0.9695262909,0.9696514606,0,0.9695262909,0.9695262909,0.9696514606,0.0002381802,-0.0002381802,0.0000000000,0,1,1.0000000000,FSS-1000,,,
1699_class-929,2,0.9393628240,0.9393857121,0.9393857121,0,0.9393857121,0.9393857121,0.9393857121,0.0000228882,-0.0000228882,0.0000000000,0,1,1.0000000000,FSS-1000,,,
1700_class-930,4,0.9362139702,0.9430040121,0.9430040121,0,0.9430040121,0.9430040121,0.9430040121,0.0067900419,-0.0067900419,0.0000000000,0,1,1.0000000000,FSS-1000,,,
1701_class-930,4,0.9566273093,0.8405345678,0.9569052458,0,0.8405345678,0.8405345678,0.9569052458,-0.1160927415,0.1160927415,0.0000000000,1,1,0.0000000000,FSS-1000,,,
1702_class-930,5,0.9850772619,0.9755687118,0.9850772619,5,0.9850772619,0.9755687118,0.9850772619,0.0000000000,0.0095085502,0.0095085502,1,1,0.0000000000,FSS-1000,,,
1703_class-930,5,0.9077851772,0.9435710311,0.9733269215,5,0.9077851772,0.9435710311,0.9733269215,0.0000000000,-0.0357858539,-0.0357858539,0,0,0.0000000000,FSS-1000,,,
1704_class-930,1,0.9598243237,0.9408404827,0.9598243237,1,0.9598243237,0.9408404827,0.9598243237,0.0000000000,0.0189838409,0.0189838409,1,1,0.0000000000,FSS-1000,,,
1705_class-930,2,0.9886478186,0.9405751228,0.9886997938,0,0.9405751228,0.9405751228,0.9886997938,-0.0480726957,0.0480726957,0.0000000000,1,1,0.0000000000,FSS-1000,,,
1706_class-930,5,0.8944218755,0.9675112963,0.9704366326,0,0.9675112963,0.9675112963,0.9704366326,0.0730894208,-0.0730894208,0.0000000000,0,1,1.0000000000,FSS-1000,,,
1707_class-930,5,0.6539663672,0.6543524265,0.6622399092,5,0.6539663672,0.6543524265,0.6622399092,0.0000000000,-0.0003860593,-0.0003860593,0,0,0.0000000000,FSS-1000,,,
1708_class-930,3,0.9736358523,0.9735671282,0.9745370746,3,0.9736358523,0.9735671282,0.9745370746,0.0000000000,0.0000687242,0.0000687242,1,1,0.0000000000,FSS-1000,,,
1709_class-930,4,0.9628468752,0.9671714306,0.9671714306,4,0.9628468752,0.9671714306,0.9671714306,0.0000000000,-0.0043245554,-0.0043245554,0,0,0.0000000000,FSS-1000,,,
1710_class-931,3,0.9823780656,0.9821921587,0.9825071692,0,0.9821921587,0.9821921587,0.9825071692,-0.0001859069,0.0001859069,0.0000000000,1,1,0.0000000000,FSS-1000,,,
1711_class-931,5,0.9586322308,0.9585516453,0.9586379528,0,0.9585516453,0.9585516453,0.9586379528,-0.0000805855,0.0000805855,0.0000000000,1,1,0.0000000000,FSS-1000,,,
1712_class-931,2,0.9779406786,0.9781256914,0.9781256914,2,0.9779406786,0.9781256914,0.9781256914,0.0000000000,-0.0001850128,-0.0001850128,0,0,0.0000000000,FSS-1000,,,
1713_class-931,5,0.9645268917,0.9491423368,0.9645863771,5,0.9645268917,0.9491423368,0.9645863771,0.0000000000,0.0153845549,0.0153845549,1,1,0.0000000000,FSS-1000,,,
1714_class-931,1,0.9844824076,0.9845451117,0.9846658111,0,0.9845451117,0.9845451117,0.9846658111,0.0000627041,-0.0000627041,0.0000000000,0,1,1.0000000000,FSS-1000,,,
1715_class-931,5,0.9727950692,0.9729152918,0.9730329514,5,0.9727950692,0.9729152918,0.9730329514,0.0000000000,-0.0001202226,-0.0001202226,0,0,0.0000000000,FSS-1000,,,
1716_class-931,2,0.9308072329,0.9302726984,0.9312092066,2,0.9308072329,0.9302726984,0.9312092066,0.0000000000,0.0005345345,0.0005345345,1,1,0.0000000000,FSS-1000,,,
1717_class-931,4,0.9553341269,0.9532234669,0.9553341269,4,0.9553341269,0.9532234669,0.9553341269,0.0000000000,0.0021106601,0.0021106601,1,1,0.0000000000,FSS-1000,,,
1718_class-931,0,0.9766385555,0.9766385555,0.9771397710,0,0.9766385555,0.9766385555,0.9771397710,0.0000000000,0.0000000000,0.0000000000,1,1,0.0000000000,FSS-1000,,,
1719_class-931,1,0.9462208748,0.9461783171,0.9612524509,0,0.9461783171,0.9461783171,0.9612524509,-0.0000425577,0.0000425577,0.0000000000,1,1,0.0000000000,FSS-1000,,,
1720_class-932,5,0.9761949778,0.9753209352,0.9761949778,0,0.9753209352,0.9753209352,0.9761949778,-0.0008740425,0.0008740425,0.0000000000,1,1,0.0000000000,FSS-1000,,,
1721_class-932,0,0.9896813631,0.9896813631,0.9897648692,0,0.9896813631,0.9896813631,0.9897648692,0.0000000000,0.0000000000,0.0000000000,1,1,0.0000000000,FSS-1000,,,
1722_class-932,1,0.9905047417,0.9909667969,0.9911709428,0,0.9909667969,0.9909667969,0.9911709428,0.0004620552,-0.0004620552,0.0000000000,0,1,1.0000000000,FSS-1000,,,
1723_class-932,5,0.9859504104,0.9857083559,0.9859504104,5,0.9859504104,0.9857083559,0.9859504104,0.0000000000,0.0002420545,0.0002420545,1,1,0.0000000000,FSS-1000,,,
1724_class-932,1,0.9526624084,0.8617873192,0.9526624084,0,0.8617873192,0.8617873192,0.9526624084,-0.0908750892,0.0908750892,0.0000000000,1,1,0.0000000000,FSS-1000,,,
1725_class-932,3,0.9695777893,0.9292948246,0.9831473827,3,0.9695777893,0.9292948246,0.9831473827,0.0000000000,0.0402829647,0.0402829647,1,1,0.0000000000,FSS-1000,,,
1726_class-932,0,0.9616810679,0.9616810679,0.9616810679,0,0.9616810679,0.9616810679,0.9616810679,0.0000000000,0.0000000000,0.0000000000,1,1,0.0000000000,FSS-1000,,,
1727_class-932,3,0.9886821508,0.9888241291,0.9888241291,0,0.9888241291,0.9888241291,0.9888241291,0.0001419783,-0.0001419783,0.0000000000,0,1,1.0000000000,FSS-1000,,,
1728_class-932,4,0.9763486385,0.9777754545,0.9785627723,0,0.9777754545,0.9777754545,0.9785627723,0.0014268160,-0.0014268160,0.0000000000,0,1,1.0000000000,FSS-1000,,,
1729_class-932,1,0.9708480835,0.9707974792,0.9708480835,0,0.9707974792,0.9707974792,0.9708480835,-0.0000506043,0.0000506043,0.0000000000,1,1,0.0000000000,FSS-1000,,,
1730_class-933,0,0.9870659709,0.9870659709,0.9875254631,0,0.9870659709,0.9870659709,0.9875254631,0.0000000000,0.0000000000,0.0000000000,1,1,0.0000000000,FSS-1000,,,
1731_class-933,2,0.9742780924,0.9747754931,0.9747946262,0,0.9747754931,0.9747754931,0.9747946262,0.0004974008,-0.0004974008,0.0000000000,0,1,1.0000000000,FSS-1000,,,
1732_class-933,3,0.9631948471,0.9630801678,0.9642557502,3,0.9631948471,0.9630801678,0.9642557502,0.0000000000,0.0001146793,0.0001146793,1,1,0.0000000000,FSS-1000,,,
1733_class-933,2,0.9841996431,0.9856652021,0.9856652021,0,0.9856652021,0.9856652021,0.9856652021,0.0014655590,-0.0014655590,0.0000000000,0,1,1.0000000000,FSS-1000,,,
1734_class-933,1,0.9319262505,0.9272123575,0.9319262505,1,0.9319262505,0.9272123575,0.9319262505,0.0000000000,0.0047138929,0.0047138929,1,1,0.0000000000,FSS-1000,,,
1735_class-933,0,0.9713007808,0.9713007808,0.9849828482,0,0.9713007808,0.9713007808,0.9849828482,0.0000000000,0.0000000000,0.0000000000,1,1,0.0000000000,FSS-1000,,,
1736_class-933,0,0.9645738602,0.9645738602,0.9646481276,0,0.9645738602,0.9645738602,0.9646481276,0.0000000000,0.0000000000,0.0000000000,1,1,0.0000000000,FSS-1000,,,
1737_class-933,3,0.9755245447,0.9735022783,0.9755245447,0,0.9735022783,0.9735022783,0.9755245447,-0.0020222664,0.0020222664,0.0000000000,1,1,0.0000000000,FSS-1000,,,
1738_class-933,1,0.7463293076,0.6212025881,0.7463293076,1,0.7463293076,0.6212025881,0.7463293076,0.0000000000,0.1251267195,0.1251267195,1,1,0.0000000000,FSS-1000,,,
1739_class-933,2,0.7715324163,0.7678969502,0.7715324163,2,0.7715324163,0.7678969502,0.7715324163,0.0000000000,0.0036354661,0.0036354661,1,1,0.0000000000,FSS-1000,,,
1740_class-934,4,0.9198659658,0.9157352448,0.9370093942,0,0.9157352448,0.9157352448,0.9370093942,-0.0041307211,0.0041307211,0.0000000000,1,1,0.0000000000,FSS-1000,,,
1741_class-934,3,0.9550836086,0.9543985724,0.9554456472,3,0.9550836086,0.9543985724,0.9554456472,0.0000000000,0.0006850362,0.0006850362,1,1,0.0000000000,FSS-1000,,,
1742_class-934,1,0.9801619649,0.9793164730,0.9804022312,1,0.9801619649,0.9793164730,0.9804022312,0.0000000000,0.0008454919,0.0008454919,1,1,0.0000000000,FSS-1000,,,
1743_class-934,0,0.6441658735,0.6441658735,0.6441658735,0,0.6441658735,0.6441658735,0.6441658735,0.0000000000,0.0000000000,0.0000000000,1,1,0.0000000000,FSS-1000,,,
1744_class-934,3,0.9724483490,0.9727704525,0.9727704525,0,0.9727704525,0.9727704525,0.9727704525,0.0003221035,-0.0003221035,0.0000000000,0,1,1.0000000000,FSS-1000,,,
1745_class-934,5,0.9637807608,0.9636772871,0.9641569853,5,0.9637807608,0.9636772871,0.9641569853,0.0000000000,0.0001034737,0.0001034737,1,1,0.0000000000,FSS-1000,,,
1746_class-934,5,0.9793056846,0.9794569016,0.9798063040,5,0.9793056846,0.9794569016,0.9798063040,0.0000000000,-0.0001512170,-0.0001512170,0,0,0.0000000000,FSS-1000,,,
1747_class-934,4,0.7761946917,0.8666356802,0.8981221914,4,0.7761946917,0.8666356802,0.8981221914,0.0000000000,-0.0904409885,-0.0904409885,0,0,0.0000000000,FSS-1000,,,
1748_class-934,0,0.9713253975,0.9713253975,0.9713253975,0,0.9713253975,0.9713253975,0.9713253975,0.0000000000,0.0000000000,0.0000000000,1,1,0.0000000000,FSS-1000,,,
1749_class-934,1,0.9806215763,0.9774456024,0.9806215763,0,0.9774456024,0.9774456024,0.9806215763,-0.0031759739,0.0031759739,0.0000000000,1,1,0.0000000000,FSS-1000,,,
1750_class-935,4,0.9802000523,0.9799034595,0.9802000523,0,0.9799034595,0.9799034595,0.9802000523,-0.0002965927,0.0002965927,0.0000000000,1,1,0.0000000000,FSS-1000,,,
1751_class-935,1,0.9132781029,0.9174615145,0.9175458550,1,0.9132781029,0.9174615145,0.9175458550,0.0000000000,-0.0041834116,-0.0041834116,0,0,0.0000000000,FSS-1000,,,
1752_class-935,5,0.9800236225,0.9793729782,0.9800236225,0,0.9793729782,0.9793729782,0.9800236225,-0.0006506443,0.0006506443,0.0000000000,1,1,0.0000000000,FSS-1000,,,
1753_class-935,5,0.8278856277,0.7360390425,0.8294625282,5,0.8278856277,0.7360390425,0.8294625282,0.0000000000,0.0918465853,0.0918465853,1,1,0.0000000000,FSS-1000,,,
1754_class-935,0,0.9739134312,0.9739134312,0.9745854139,0,0.9739134312,0.9739134312,0.9745854139,0.0000000000,0.0000000000,0.0000000000,1,1,0.0000000000,FSS-1000,,,
1755_class-935,4,0.9739156961,0.8231707215,0.9739156961,4,0.9739156961,0.8231707215,0.9739156961,0.0000000000,0.1507449746,0.1507449746,1,1,0.0000000000,FSS-1000,,,
1756_class-935,4,0.9494209290,0.8573678732,0.9526292682,4,0.9494209290,0.8573678732,0.9526292682,0.0000000000,0.0920530558,0.0920530558,1,1,0.0000000000,FSS-1000,,,
1757_class-935,4,0.7198658586,0.6913944483,0.8142061234,4,0.7198658586,0.6913944483,0.8142061234,0.0000000000,0.0284714103,0.0284714103,1,1,0.0000000000,FSS-1000,,,
1758_class-935,1,0.8454970121,0.8429918289,0.8491591215,1,0.8454970121,0.8429918289,0.8491591215,0.0000000000,0.0025051832,0.0025051832,1,1,0.0000000000,FSS-1000,,,
1759_class-935,1,0.6893817186,0.1051611081,0.7249444723,1,0.6893817186,0.1051611081,0.7249444723,0.0000000000,0.5842206106,0.5842206106,1,1,0.0000000000,FSS-1000,,,
1760_class-936,5,0.9084404707,0.8996357918,0.9084404707,0,0.8996357918,0.8996357918,0.9084404707,-0.0088046789,0.0088046789,0.0000000000,1,1,0.0000000000,FSS-1000,,,
1761_class-936,3,0.9681293368,0.9690483212,0.9693880677,3,0.9681293368,0.9690483212,0.9693880677,0.0000000000,-0.0009189844,-0.0009189844,0,0,0.0000000000,FSS-1000,,,
1762_class-936,2,0.9606611729,0.9610062838,0.9627603292,0,0.9610062838,0.9610062838,0.9627603292,0.0003451109,-0.0003451109,0.0000000000,0,1,1.0000000000,FSS-1000,,,
1763_class-936,5,0.9733155966,0.9699497223,0.9733155966,5,0.9733155966,0.9699497223,0.9733155966,0.0000000000,0.0033658743,0.0033658743,1,1,0.0000000000,FSS-1000,,,
1764_class-936,1,0.9771443605,0.9765189886,0.9773014784,0,0.9765189886,0.9765189886,0.9773014784,-0.0006253719,0.0006253719,0.0000000000,1,1,0.0000000000,FSS-1000,,,
1765_class-936,5,0.9657634497,0.9654631615,0.9657634497,0,0.9654631615,0.9654631615,0.9657634497,-0.0003002882,0.0003002882,0.0000000000,1,1,0.0000000000,FSS-1000,,,
1766_class-936,3,0.9651535153,0.9637606740,0.9651535153,0,0.9637606740,0.9637606740,0.9651535153,-0.0013928413,0.0013928413,0.0000000000,1,1,0.0000000000,FSS-1000,,,
1767_class-936,4,0.9563622475,0.9578009844,0.9578009844,0,0.9578009844,0.9578009844,0.9578009844,0.0014387369,-0.0014387369,0.0000000000,0,1,1.0000000000,FSS-1000,,,
1768_class-936,1,0.9194153547,0.9149178267,0.9194153547,0,0.9149178267,0.9149178267,0.9194153547,-0.0044975281,0.0044975281,0.0000000000,1,1,0.0000000000,FSS-1000,,,
1769_class-936,4,0.9565051794,0.9573447108,0.9583051801,0,0.9573447108,0.9573447108,0.9583051801,0.0008395314,-0.0008395314,0.0000000000,0,1,1.0000000000,FSS-1000,,,
1770_class-937,3,0.9752371311,0.9537460804,0.9752371311,3,0.9752371311,0.9537460804,0.9752371311,0.0000000000,0.0214910507,0.0214910507,1,1,0.0000000000,FSS-1000,,,
1771_class-937,5,0.8854866028,0.8991516829,0.8991516829,0,0.8991516829,0.8991516829,0.8991516829,0.0136650801,-0.0136650801,0.0000000000,0,1,1.0000000000,FSS-1000,,,
1772_class-937,1,0.9124380946,0.9119295478,0.9124380946,1,0.9124380946,0.9119295478,0.9124380946,0.0000000000,0.0005085468,0.0005085468,1,1,0.0000000000,FSS-1000,,,
1773_class-937,1,0.8762381077,0.8797375560,0.8797375560,0,0.8797375560,0.8797375560,0.8797375560,0.0034994483,-0.0034994483,0.0000000000,0,1,1.0000000000,FSS-1000,,,
1774_class-937,3,0.8845506907,0.8832759857,0.8845506907,3,0.8845506907,0.8832759857,0.8845506907,0.0000000000,0.0012747049,0.0012747049,1,1,0.0000000000,FSS-1000,,,
1775_class-937,5,0.8839621544,0.8788013458,0.8839621544,5,0.8839621544,0.8788013458,0.8839621544,0.0000000000,0.0051608086,0.0051608086,1,1,0.0000000000,FSS-1000,,,
1776_class-937,0,0.9819881916,0.9819881916,0.9838939309,0,0.9819881916,0.9819881916,0.9838939309,0.0000000000,0.0000000000,0.0000000000,1,1,0.0000000000,FSS-1000,,,
1777_class-937,2,0.9384164810,0.9346095324,0.9384164810,2,0.9384164810,0.9346095324,0.9384164810,0.0000000000,0.0038069487,0.0038069487,1,1,0.0000000000,FSS-1000,,,
1778_class-937,1,0.8931050301,0.8969316483,0.8969316483,1,0.8931050301,0.8969316483,0.8969316483,0.0000000000,-0.0038266182,-0.0038266182,0,0,0.0000000000,FSS-1000,,,
1779_class-937,0,0.5161634684,0.5161634684,0.8994135857,0,0.5161634684,0.5161634684,0.8994135857,0.0000000000,0.0000000000,0.0000000000,1,1,0.0000000000,FSS-1000,,,
1780_class-938,5,0.9721797705,0.9635099173,0.9721797705,0,0.9635099173,0.9635099173,0.9721797705,-0.0086698532,0.0086698532,0.0000000000,1,1,0.0000000000,FSS-1000,,,
1781_class-938,2,0.9527388811,0.9445825219,0.9547168016,2,0.9527388811,0.9445825219,0.9547168016,0.0000000000,0.0081563592,0.0081563592,1,1,0.0000000000,FSS-1000,,,
1782_class-938,1,0.9588953257,0.9411190152,0.9740278721,1,0.9588953257,0.9411190152,0.9740278721,0.0000000000,0.0177763104,0.0177763104,1,1,0.0000000000,FSS-1000,,,
1783_class-938,3,0.9209659100,0.9136216640,0.9326288104,3,0.9209659100,0.9136216640,0.9326288104,0.0000000000,0.0073442459,0.0073442459,1,1,0.0000000000,FSS-1000,,,
1784_class-938,2,0.9286606908,0.8316711187,0.9301224351,0,0.8316711187,0.8316711187,0.9301224351,-0.0969895720,0.0969895720,0.0000000000,1,1,0.0000000000,FSS-1000,,,
1785_class-938,2,0.9223102331,0.9223918915,0.9223918915,2,0.9223102331,0.9223918915,0.9223918915,0.0000000000,-0.0000816584,-0.0000816584,0,0,0.0000000000,FSS-1000,,,
1786_class-938,1,0.9691808820,0.9681931138,0.9691964388,0,0.9681931138,0.9681931138,0.9691964388,-0.0009877682,0.0009877682,0.0000000000,1,1,0.0000000000,FSS-1000,,,
1787_class-938,5,0.9410688877,0.9412899017,0.9512600303,5,0.9410688877,0.9412899017,0.9512600303,0.0000000000,-0.0002210140,-0.0002210140,0,0,0.0000000000,FSS-1000,,,
1788_class-938,2,0.9580826759,0.9581802487,0.9583985806,2,0.9580826759,0.9581802487,0.9583985806,0.0000000000,-0.0000975728,-0.0000975728,0,0,0.0000000000,FSS-1000,,,
1789_class-938,4,0.9663846493,0.9657505155,0.9678218365,0,0.9657505155,0.9657505155,0.9678218365,-0.0006341338,0.0006341338,0.0000000000,1,1,0.0000000000,FSS-1000,,,
1790_class-939,0,0.9902593493,0.9902593493,0.9905070066,0,0.9902593493,0.9902593493,0.9905070066,0.0000000000,0.0000000000,0.0000000000,1,1,0.0000000000,FSS-1000,,,
1791_class-939,4,0.9709331393,0.1418586969,0.9733008146,4,0.9709331393,0.1418586969,0.9733008146,0.0000000000,0.8290744424,0.8290744424,1,1,0.0000000000,FSS-1000,,,
1792_class-939,0,0.9863984585,0.9863984585,0.9871765971,0,0.9863984585,0.9863984585,0.9871765971,0.0000000000,0.0000000000,0.0000000000,1,1,0.0000000000,FSS-1000,,,
1793_class-939,1,0.9812994003,0.9814293981,0.9816775322,0,0.9814293981,0.9814293981,0.9816775322,0.0001299977,-0.0001299977,0.0000000000,0,1,1.0000000000,FSS-1000,,,
1794_class-939,0,0.9661059380,0.9661059380,0.9661059380,0,0.9661059380,0.9661059380,0.9661059380,0.0000000000,0.0000000000,0.0000000000,1,1,0.0000000000,FSS-1000,,,
1795_class-939,3,0.9776972532,0.9762408733,0.9776972532,3,0.9776972532,0.9762408733,0.9776972532,0.0000000000,0.0014563799,0.0014563799,1,1,0.0000000000,FSS-1000,,,
1796_class-939,1,0.9796587825,0.9795599580,0.9800050855,0,0.9795599580,0.9795599580,0.9800050855,-0.0000988245,0.0000988245,0.0000000000,1,1,0.0000000000,FSS-1000,,,
1797_class-939,4,0.9888502359,0.9878350496,0.9888502359,0,0.9878350496,0.9878350496,0.9888502359,-0.0010151863,0.0010151863,0.0000000000,1,1,0.0000000000,FSS-1000,,,
1798_class-939,4,0.9540723562,0.9372585416,0.9540723562,4,0.9540723562,0.9372585416,0.9540723562,0.0000000000,0.0168138146,0.0168138146,1,1,0.0000000000,FSS-1000,,,
1799_class-939,2,0.9702926874,0.9705531597,0.9705966711,0,0.9705531597,0.9705531597,0.9705966711,0.0002604723,-0.0002604723,0.0000000000,0,1,1.0000000000,FSS-1000,,,
1800_class-940,3,0.9564105272,0.9562057257,0.9564105272,3,0.9564105272,0.9562057257,0.9564105272,0.0000000000,0.0002048016,0.0002048016,1,1,0.0000000000,FSS-1000,,,
1801_class-940,4,0.9576500654,0.9573204517,0.9585061073,4,0.9576500654,0.9573204517,0.9585061073,0.0000000000,0.0003296137,0.0003296137,1,1,0.0000000000,FSS-1000,,,
1802_class-940,4,0.9701912403,0.9668218493,0.9706280231,0,0.9668218493,0.9668218493,0.9706280231,-0.0033693910,0.0033693910,0.0000000000,1,1,0.0000000000,FSS-1000,,,
1803_class-940,4,0.9147714972,0.5057244897,0.9147714972,4,0.9147714972,0.5057244897,0.9147714972,0.0000000000,0.4090470076,0.4090470076,1,1,0.0000000000,FSS-1000,,,
1804_class-940,5,0.9588041306,0.9202513099,0.9588041306,0,0.9202513099,0.9202513099,0.9588041306,-0.0385528207,0.0385528207,0.0000000000,1,1,0.0000000000,FSS-1000,,,
1805_class-940,0,0.7808856964,0.7808856964,0.7998870611,0,0.7808856964,0.7808856964,0.7998870611,0.0000000000,0.0000000000,0.0000000000,1,1,0.0000000000,FSS-1000,,,
1806_class-940,3,0.5584937930,0.5475649238,0.5584937930,0,0.5475649238,0.5475649238,0.5584937930,-0.0109288692,0.0109288692,0.0000000000,1,1,0.0000000000,FSS-1000,,,
1807_class-940,1,0.8492137194,0.8603928685,0.8603928685,1,0.8492137194,0.8603928685,0.8603928685,0.0000000000,-0.0111791492,-0.0111791492,0,0,0.0000000000,FSS-1000,,,
1808_class-940,2,0.9851311445,0.9851727486,0.9851727486,0,0.9851727486,0.9851727486,0.9851727486,0.0000416040,-0.0000416040,0.0000000000,0,1,1.0000000000,FSS-1000,,,
1809_class-940,1,0.7242690325,0.8291525841,0.8291525841,1,0.7242690325,0.8291525841,0.8291525841,0.0000000000,-0.1048835516,-0.1048835516,0,0,0.0000000000,FSS-1000,,,
1810_class-941,5,0.9692827463,0.9691087008,0.9692827463,0,0.9691087008,0.9691087008,0.9692827463,-0.0001740456,0.0001740456,0.0000000000,1,1,0.0000000000,FSS-1000,,,
1811_class-941,0,0.9423450232,0.9423450232,0.9423450232,0,0.9423450232,0.9423450232,0.9423450232,0.0000000000,0.0000000000,0.0000000000,1,1,0.0000000000,FSS-1000,,,
1812_class-941,1,0.5862382650,0.8510943651,0.8716719151,1,0.5862382650,0.8510943651,0.8716719151,0.0000000000,-0.2648561001,-0.2648561001,0,0,0.0000000000,FSS-1000,,,
1813_class-941,2,0.5945315957,0.7333406210,0.8991217613,0,0.7333406210,0.7333406210,0.8991217613,0.1388090253,-0.1388090253,0.0000000000,0,1,1.0000000000,FSS-1000,,,
1814_class-941,3,0.9137851000,0.8883814812,0.9137851000,0,0.8883814812,0.8883814812,0.9137851000,-0.0254036188,0.0254036188,0.0000000000,1,1,0.0000000000,FSS-1000,,,
1815_class-941,1,0.7094582319,0.7625899315,0.9848111272,0,0.7625899315,0.7625899315,0.9848111272,0.0531316996,-0.0531316996,0.0000000000,0,1,1.0000000000,FSS-1000,,,
1816_class-941,2,0.9083003402,0.9484781623,0.9800518751,0,0.9484781623,0.9484781623,0.9800518751,0.0401778221,-0.0401778221,0.0000000000,0,1,1.0000000000,FSS-1000,,,
1817_class-941,1,0.8543227911,0.8544428349,0.8548723459,0,0.8544428349,0.8544428349,0.8548723459,0.0001200438,-0.0001200438,0.0000000000,0,1,1.0000000000,FSS-1000,,,
1818_class-941,4,0.9657673240,0.1064932644,0.9657673240,4,0.9657673240,0.1064932644,0.9657673240,0.0000000000,0.8592740595,0.8592740595,1,1,0.0000000000,FSS-1000,,,
1819_class-941,3,0.9855382442,0.9830495119,0.9855382442,3,0.9855382442,0.9830495119,0.9855382442,0.0000000000,0.0024887323,0.0024887323,1,1,0.0000000000,FSS-1000,,,
1820_class-942,2,0.8025331497,0.8031637669,0.8031637669,2,0.8025331497,0.8031637669,0.8031637669,0.0000000000,-0.0006306171,-0.0006306171,0,0,0.0000000000,FSS-1000,,,
1821_class-942,1,0.9788903594,0.9788353443,0.9790594578,0,0.9788353443,0.9788353443,0.9790594578,-0.0000550151,0.0000550151,0.0000000000,1,1,0.0000000000,FSS-1000,,,
1822_class-942,1,0.9394179583,0.7504539490,0.9721350074,1,0.9394179583,0.7504539490,0.9721350074,0.0000000000,0.1889640093,0.1889640093,1,1,0.0000000000,FSS-1000,,,
1823_class-942,5,0.9640133381,0.9302541018,0.9789878726,5,0.9640133381,0.9302541018,0.9789878726,0.0000000000,0.0337592363,0.0337592363,1,1,0.0000000000,FSS-1000,,,
1824_class-942,1,0.9765138626,0.8487008214,0.9765138626,1,0.9765138626,0.8487008214,0.9765138626,0.0000000000,0.1278130412,0.1278130412,1,1,0.0000000000,FSS-1000,,,
1825_class-942,5,0.6643879414,0.6707450151,0.6876637340,5,0.6643879414,0.6707450151,0.6876637340,0.0000000000,-0.0063570738,-0.0063570738,0,0,0.0000000000,FSS-1000,,,
1826_class-942,3,0.9432865381,0.9405310154,0.9432865381,0,0.9405310154,0.9405310154,0.9432865381,-0.0027555227,0.0027555227,0.0000000000,1,1,0.0000000000,FSS-1000,,,
1827_class-942,1,0.9534709454,0.9384170771,0.9646286964,1,0.9534709454,0.9384170771,0.9646286964,0.0000000000,0.0150538683,0.0150538683,1,1,0.0000000000,FSS-1000,,,
1828_class-942,5,0.9872741699,0.9870871305,0.9873656631,0,0.9870871305,0.9870871305,0.9873656631,-0.0001870394,0.0001870394,0.0000000000,1,1,0.0000000000,FSS-1000,,,
1829_class-942,3,0.8839567900,0.8749155998,0.8839567900,3,0.8839567900,0.8749155998,0.8839567900,0.0000000000,0.0090411901,0.0090411901,1,1,0.0000000000,FSS-1000,,,
1830_class-943,4,0.9381073713,0.9396803379,0.9421987534,4,0.9381073713,0.9396803379,0.9421987534,0.0000000000,-0.0015729666,-0.0015729666,0,0,0.0000000000,FSS-1000,,,
1831_class-943,3,0.9830579758,0.9835744500,0.9835744500,0,0.9835744500,0.9835744500,0.9835744500,0.0005164742,-0.0005164742,0.0000000000,0,1,1.0000000000,FSS-1000,,,
1832_class-943,5,0.9829481840,0.9827857614,0.9829481840,5,0.9829481840,0.9827857614,0.9829481840,0.0000000000,0.0001624227,0.0001624227,1,1,0.0000000000,FSS-1000,,,
1833_class-943,4,0.9679653645,0.9681729078,0.9681804180,0,0.9681729078,0.9681729078,0.9681804180,0.0002075434,-0.0002075434,0.0000000000,0,1,1.0000000000,FSS-1000,,,
1834_class-943,1,0.9730308652,0.9701606631,0.9744687676,0,0.9701606631,0.9701606631,0.9744687676,-0.0028702021,0.0028702021,0.0000000000,1,1,0.0000000000,FSS-1000,,,
1835_class-943,3,0.9603383541,0.9577960968,0.9671382904,3,0.9603383541,0.9577960968,0.9671382904,0.0000000000,0.0025422573,0.0025422573,1,1,0.0000000000,FSS-1000,,,
1836_class-943,2,0.9400789738,0.9381882548,0.9424520731,0,0.9381882548,0.9381882548,0.9424520731,-0.0018907189,0.0018907189,0.0000000000,1,1,0.0000000000,FSS-1000,,,
1837_class-943,1,0.9780182838,0.9776290655,0.9780182838,0,0.9776290655,0.9776290655,0.9780182838,-0.0003892183,0.0003892183,0.0000000000,1,1,0.0000000000,FSS-1000,,,
1838_class-943,2,0.9886350632,0.9886726737,0.9887107015,2,0.9886350632,0.9886726737,0.9887107015,0.0000000000,-0.0000376105,-0.0000376105,0,0,0.0000000000,FSS-1000,,,
1839_class-943,3,0.9773368835,0.9833597541,0.9833597541,3,0.9773368835,0.9833597541,0.9833597541,0.0000000000,-0.0060228705,-0.0060228705,0,0,0.0000000000,FSS-1000,,,
1840_class-944,3,0.9733141065,0.9656239748,0.9740965962,0,0.9656239748,0.9656239748,0.9740965962,-0.0076901317,0.0076901317,0.0000000000,1,1,0.0000000000,FSS-1000,,,
1841_class-944,5,0.9841874838,0.9840519428,0.9842776060,0,0.9840519428,0.9840519428,0.9842776060,-0.0001355410,0.0001355410,0.0000000000,1,1,0.0000000000,FSS-1000,,,
1842_class-944,2,0.7510317564,0.7712743282,0.7731626034,2,0.7510317564,0.7712743282,0.7731626034,0.0000000000,-0.0202425718,-0.0202425718,0,0,0.0000000000,FSS-1000,,,
1843_class-944,0,0.9878941774,0.9878941774,0.9879409671,0,0.9878941774,0.9878941774,0.9879409671,0.0000000000,0.0000000000,0.0000000000,1,1,0.0000000000,FSS-1000,,,
1844_class-944,5,0.9769464731,0.9757046700,0.9769464731,5,0.9769464731,0.9757046700,0.9769464731,0.0000000000,0.0012418032,0.0012418032,1,1,0.0000000000,FSS-1000,,,
1845_class-944,0,0.9804785848,0.9804785848,0.9804785848,0,0.9804785848,0.9804785848,0.9804785848,0.0000000000,0.0000000000,0.0000000000,1,1,0.0000000000,FSS-1000,,,
1846_class-944,3,0.9741573930,0.9771757126,0.9790675640,3,0.9741573930,0.9771757126,0.9790675640,0.0000000000,-0.0030183196,-0.0030183196,0,0,0.0000000000,FSS-1000,,,
1847_class-944,3,0.9674298167,0.9674475193,0.9680066109,0,0.9674475193,0.9674475193,0.9680066109,0.0000177026,-0.0000177026,0.0000000000,0,1,1.0000000000,FSS-1000,,,
1848_class-944,1,0.9798817039,0.9801682234,0.9801682234,1,0.9798817039,0.9801682234,0.9801682234,0.0000000000,-0.0002865195,-0.0002865195,0,0,0.0000000000,FSS-1000,,,
1849_class-944,4,0.8070290089,0.8181021214,0.8226282597,0,0.8181021214,0.8181021214,0.8226282597,0.0110731125,-0.0110731125,0.0000000000,0,1,1.0000000000,FSS-1000,,,
1850_class-945,1,0.9861766100,0.9834102392,0.9880731106,1,0.9861766100,0.9834102392,0.9880731106,0.0000000000,0.0027663708,0.0027663708,1,1,0.0000000000,FSS-1000,,,
1851_class-945,0,0.9598766565,0.9598766565,0.9618573189,0,0.9598766565,0.9598766565,0.9618573189,0.0000000000,0.0000000000,0.0000000000,1,1,0.0000000000,FSS-1000,,,
1852_class-945,0,0.9874396920,0.9874396920,0.9876440763,0,0.9874396920,0.9874396920,0.9876440763,0.0000000000,0.0000000000,0.0000000000,1,1,0.0000000000,FSS-1000,,,
1853_class-945,1,0.9880508184,0.9880955219,0.9880955219,1,0.9880508184,0.9880955219,0.9880955219,0.0000000000,-0.0000447035,-0.0000447035,0,0,0.0000000000,FSS-1000,,,
1854_class-945,2,0.9097570181,0.9067948461,0.9507436752,0,0.9067948461,0.9067948461,0.9507436752,-0.0029621720,0.0029621720,0.0000000000,1,1,0.0000000000,FSS-1000,,,
1855_class-945,4,0.9708549976,0.9717253447,0.9780563116,0,0.9717253447,0.9717253447,0.9780563116,0.0008703470,-0.0008703470,0.0000000000,0,1,1.0000000000,FSS-1000,,,
1856_class-945,3,0.9880258441,0.9881284833,0.9881284833,3,0.9880258441,0.9881284833,0.9881284833,0.0000000000,-0.0001026392,-0.0001026392,0,0,0.0000000000,FSS-1000,,,
1857_class-945,4,0.9805015326,0.9797497988,0.9805015326,4,0.9805015326,0.9797497988,0.9805015326,0.0000000000,0.0007517338,0.0007517338,1,1,0.0000000000,FSS-1000,,,
1858_class-945,5,0.4739767909,0.6666338444,0.6666338444,0,0.6666338444,0.6666338444,0.6666338444,0.1926570535,-0.1926570535,0.0000000000,0,1,1.0000000000,FSS-1000,,,
1859_class-945,2,0.9783707857,0.9778735638,0.9783707857,2,0.9783707857,0.9778735638,0.9783707857,0.0000000000,0.0004972219,0.0004972219,1,1,0.0000000000,FSS-1000,,,
1860_class-946,5,0.7253165245,0.6684027314,0.7848129869,0,0.6684027314,0.6684027314,0.7848129869,-0.0569137931,0.0569137931,0.0000000000,1,1,0.0000000000,FSS-1000,,,
1861_class-946,2,0.9838016033,0.9807481170,0.9838016033,2,0.9838016033,0.9807481170,0.9838016033,0.0000000000,0.0030534863,0.0030534863,1,1,0.0000000000,FSS-1000,,,
1862_class-946,0,0.9086984396,0.9086984396,0.9220425487,0,0.9086984396,0.9086984396,0.9220425487,0.0000000000,0.0000000000,0.0000000000,1,1,0.0000000000,FSS-1000,,,
1863_class-946,3,0.8223067522,0.7963328958,0.8223067522,0,0.7963328958,0.7963328958,0.8223067522,-0.0259738564,0.0259738564,0.0000000000,1,1,0.0000000000,FSS-1000,,,
1864_class-946,2,0.8607038260,0.8663021922,0.8665409684,0,0.8663021922,0.8663021922,0.8665409684,0.0055983663,-0.0055983663,0.0000000000,0,1,1.0000000000,FSS-1000,,,
1865_class-946,1,0.9062670469,0.9053142071,0.9235155582,1,0.9062670469,0.9053142071,0.9235155582,0.0000000000,0.0009528399,0.0009528399,1,1,0.0000000000,FSS-1000,,,
1866_class-946,3,0.5280344486,0.1184874550,0.5280344486,3,0.5280344486,0.1184874550,0.5280344486,0.0000000000,0.4095469937,0.4095469937,1,1,0.0000000000,FSS-1000,,,
1867_class-946,1,0.8140556812,0.8171440363,0.8220157623,0,0.8171440363,0.8171440363,0.8220157623,0.0030883551,-0.0030883551,0.0000000000,0,1,1.0000000000,FSS-1000,,,
1868_class-946,4,0.8457577229,0.6957240105,0.8555861115,4,0.8457577229,0.6957240105,0.8555861115,0.0000000000,0.1500337124,0.1500337124,1,1,0.0000000000,FSS-1000,,,
1869_class-946,1,0.9854820967,0.9855998158,0.9861783385,1,0.9854820967,0.9855998158,0.9861783385,0.0000000000,-0.0001177192,-0.0001177192,0,0,0.0000000000,FSS-1000,,,
1870_class-947,5,0.9383965135,0.9693747163,0.9693747163,5,0.9383965135,0.9693747163,0.9693747163,0.0000000000,-0.0309782028,-0.0309782028,0,0,0.0000000000,FSS-1000,,,
1871_class-947,1,0.9239979982,0.9207888842,0.9239979982,0,0.9207888842,0.9207888842,0.9239979982,-0.0032091141,0.0032091141,0.0000000000,1,1,0.0000000000,FSS-1000,,,
1872_class-947,0,0.6171264648,0.6171264648,0.9377336502,0,0.6171264648,0.6171264648,0.9377336502,0.0000000000,0.0000000000,0.0000000000,1,1,0.0000000000,FSS-1000,,,
1873_class-947,4,0.7597304583,0.7601267695,0.7605039477,4,0.7597304583,0.7601267695,0.7605039477,0.0000000000,-0.0003963113,-0.0003963113,0,0,0.0000000000,FSS-1000,,,
1874_class-947,4,0.9398223162,0.8475986719,0.9398223162,0,0.8475986719,0.8475986719,0.9398223162,-0.0922236443,0.0922236443,0.0000000000,1,1,0.0000000000,FSS-1000,,,
1875_class-947,0,0.9629738331,0.9629738331,0.9650775790,0,0.9629738331,0.9629738331,0.9650775790,0.0000000000,0.0000000000,0.0000000000,1,1,0.0000000000,FSS-1000,,,
1876_class-947,1,0.6208469868,0.0200386196,0.6863663197,0,0.0200386196,0.0200386196,0.6863663197,-0.6008083671,0.6008083671,0.0000000000,1,1,0.0000000000,FSS-1000,,,
1877_class-947,4,0.8804440498,0.8607051373,0.8804440498,0,0.8607051373,0.8607051373,0.8804440498,-0.0197389126,0.0197389126,0.0000000000,1,1,0.0000000000,FSS-1000,,,
1878_class-947,2,0.0538126938,0.0534388162,0.8632478714,2,0.0538126938,0.0534388162,0.8632478714,0.0000000000,0.0003738776,0.0003738776,1,1,0.0000000000,FSS-1000,,,
1879_class-947,2,0.4785088897,0.9866222143,0.9866436124,0,0.9866222143,0.9866222143,0.9866436124,0.5081133246,-0.5081133246,0.0000000000,0,1,1.0000000000,FSS-1000,,,
1880_class-948,1,0.9451477528,0.9473662972,0.9546496868,1,0.9451477528,0.9473662972,0.9546496868,0.0000000000,-0.0022185445,-0.0022185445,0,0,0.0000000000,FSS-1000,,,
1881_class-948,4,0.9289380312,0.9292885065,0.9292885065,0,0.9292885065,0.9292885065,0.9292885065,0.0003504753,-0.0003504753,0.0000000000,0,1,1.0000000000,FSS-1000,,,
1882_class-948,3,0.9753806591,0.9754357338,0.9754357338,0,0.9754357338,0.9754357338,0.9754357338,0.0000550747,-0.0000550747,0.0000000000,0,1,1.0000000000,FSS-1000,,,
1883_class-948,5,0.9552187324,0.9557888508,0.9557888508,0,0.9557888508,0.9557888508,0.9557888508,0.0005701184,-0.0005701184,0.0000000000,0,1,1.0000000000,FSS-1000,,,
1884_class-948,1,0.9582660794,0.9573035836,0.9582660794,1,0.9582660794,0.9573035836,0.9582660794,0.0000000000,0.0009624958,0.0009624958,1,1,0.0000000000,FSS-1000,,,
1885_class-948,0,0.9785523415,0.9785523415,0.9798802137,0,0.9785523415,0.9785523415,0.9798802137,0.0000000000,0.0000000000,0.0000000000,1,1,0.0000000000,FSS-1000,,,
1886_class-948,4,0.9602617025,0.9625668526,0.9635605812,0,0.9625668526,0.9625668526,0.9635605812,0.0023051500,-0.0023051500,0.0000000000,0,1,1.0000000000,FSS-1000,,,
1887_class-948,3,0.9718214869,0.9727149010,0.9727149010,0,0.9727149010,0.9727149010,0.9727149010,0.0008934140,-0.0008934140,0.0000000000,0,1,1.0000000000,FSS-1000,,,
1888_class-948,0,0.5115447640,0.5115447640,0.9507459402,0,0.5115447640,0.5115447640,0.9507459402,0.0000000000,0.0000000000,0.0000000000,1,1,0.0000000000,FSS-1000,,,
1889_class-948,3,0.9610142708,0.9604277611,0.9610142708,3,0.9610142708,0.9604277611,0.9610142708,0.0000000000,0.0005865097,0.0005865097,1,1,0.0000000000,FSS-1000,,,
1890_class-949,3,0.9652924538,0.9652860165,0.9652924538,3,0.9652924538,0.9652860165,0.9652924538,0.0000000000,0.0000064373,0.0000064373,1,1,0.0000000000,FSS-1000,,,
1891_class-949,5,0.9593808651,0.9592074752,0.9593808651,0,0.9592074752,0.9592074752,0.9593808651,-0.0001733899,0.0001733899,0.0000000000,1,1,0.0000000000,FSS-1000,,,
1892_class-949,3,0.9594682455,0.9595080018,0.9595080018,3,0.9594682455,0.9595080018,0.9595080018,0.0000000000,-0.0000397563,-0.0000397563,0,0,0.0000000000,FSS-1000,,,
1893_class-949,2,0.9684951305,0.9684945345,0.9684951305,0,0.9684945345,0.9684945345,0.9684951305,-0.0000005960,0.0000005960,0.0000000000,1,1,0.0000000000,FSS-1000,,,
1894_class-949,5,0.9501741529,0.9496535063,0.9505420923,0,0.9496535063,0.9496535063,0.9505420923,-0.0005206466,0.0005206466,0.0000000000,1,1,0.0000000000,FSS-1000,,,
1895_class-949,2,0.9384133816,0.9465805292,0.9465805292,2,0.9384133816,0.9465805292,0.9465805292,0.0000000000,-0.0081671476,-0.0081671476,0,0,0.0000000000,FSS-1000,,,
1896_class-949,3,0.9715909958,0.9715553522,0.9717349410,0,0.9715553522,0.9715553522,0.9717349410,-0.0000356436,0.0000356436,0.0000000000,1,1,0.0000000000,FSS-1000,,,
1897_class-949,3,0.9789505005,0.9787681103,0.9793748260,3,0.9789505005,0.9787681103,0.9793748260,0.0000000000,0.0001823902,0.0001823902,1,1,0.0000000000,FSS-1000,,,
1898_class-949,2,0.9484845996,0.9474900365,0.9484845996,2,0.9484845996,0.9474900365,0.9484845996,0.0000000000,0.0009945631,0.0009945631,1,1,0.0000000000,FSS-1000,,,
1899_class-949,4,0.9747017026,0.9747276306,0.9747434855,0,0.9747276306,0.9747276306,0.9747434855,0.0000259280,-0.0000259280,0.0000000000,0,1,1.0000000000,FSS-1000,,,
1900_class-950,1,0.7384362221,0.7901851535,0.8041187525,1,0.7384362221,0.7901851535,0.8041187525,0.0000000000,-0.0517489314,-0.0517489314,0,0,0.0000000000,FSS-1000,,,
1901_class-950,3,0.9810687900,0.9816058874,0.9817898273,0,0.9816058874,0.9816058874,0.9817898273,0.0005370975,-0.0005370975,0.0000000000,0,1,1.0000000000,FSS-1000,,,
1902_class-950,0,0.9808282852,0.9808282852,0.9811751842,0,0.9808282852,0.9808282852,0.9811751842,0.0000000000,0.0000000000,0.0000000000,1,1,0.0000000000,FSS-1000,,,
1903_class-950,4,0.9883864522,0.9884774685,0.9884774685,4,0.9883864522,0.9884774685,0.9884774685,0.0000000000,-0.0000910163,-0.0000910163,0,0,0.0000000000,FSS-1000,,,
1904_class-950,0,0.9796481133,0.9796481133,0.9796481133,0,0.9796481133,0.9796481133,0.9796481133,0.0000000000,0.0000000000,0.0000000000,1,1,0.0000000000,FSS-1000,,,
1905_class-950,1,0.9428247213,0.8068097830,0.9428247213,1,0.9428247213,0.8068097830,0.9428247213,0.0000000000,0.1360149384,0.1360149384,1,1,0.0000000000,FSS-1000,,,
1906_class-950,0,0.9892724752,0.9892724752,0.9892724752,0,0.9892724752,0.9892724752,0.9892724752,0.0000000000,0.0000000000,0.0000000000,1,1,0.0000000000,FSS-1000,,,
1907_class-950,2,0.9692668319,0.9697081447,0.9699353576,2,0.9692668319,0.9697081447,0.9699353576,0.0000000000,-0.0004413128,-0.0004413128,0,0,0.0000000000,FSS-1000,,,
1908_class-950,2,0.9854688644,0.9840955734,0.9854688644,2,0.9854688644,0.9840955734,0.9854688644,0.0000000000,0.0013732910,0.0013732910,1,1,0.0000000000,FSS-1000,,,
1909_class-950,5,0.9804700613,0.5619803071,0.9807072282,5,0.9804700613,0.5619803071,0.9807072282,0.0000000000,0.4184897542,0.4184897542,1,1,0.0000000000,FSS-1000,,,
1910_class-951,2,0.9339171648,0.9334604740,0.9339171648,2,0.9339171648,0.9334604740,0.9339171648,0.0000000000,0.0004566908,0.0004566908,1,1,0.0000000000,FSS-1000,,,
1911_class-951,1,0.8695098162,0.8763309717,0.8941513300,0,0.8763309717,0.8763309717,0.8941513300,0.0068211555,-0.0068211555,0.0000000000,0,1,1.0000000000,FSS-1000,,,
1912_class-951,1,0.9485877752,0.3653107285,0.9485877752,1,0.9485877752,0.3653107285,0.9485877752,0.0000000000,0.5832770467,0.5832770467,1,1,0.0000000000,FSS-1000,,,
1913_class-951,3,0.7149655819,0.9743016958,0.9743016958,3,0.7149655819,0.9743016958,0.9743016958,0.0000000000,-0.2593361139,-0.2593361139,0,0,0.0000000000,FSS-1000,,,
1914_class-951,0,0.7988785505,0.7988785505,0.8163251877,0,0.7988785505,0.7988785505,0.8163251877,0.0000000000,0.0000000000,0.0000000000,1,1,0.0000000000,FSS-1000,,,
1915_class-951,5,0.5923712254,0.1485852450,0.5967910290,5,0.5923712254,0.1485852450,0.5967910290,0.0000000000,0.4437859803,0.4437859803,1,1,0.0000000000,FSS-1000,,,
1916_class-951,2,0.6747626066,0.7053582668,0.7575584650,2,0.6747626066,0.7053582668,0.7575584650,0.0000000000,-0.0305956602,-0.0305956602,0,0,0.0000000000,FSS-1000,,,
1917_class-951,4,0.8290504217,0.8127469420,0.8416651487,4,0.8290504217,0.8127469420,0.8416651487,0.0000000000,0.0163034797,0.0163034797,1,1,0.0000000000,FSS-1000,,,
1918_class-951,4,0.8334610462,0.8948972225,0.9089803100,0,0.8948972225,0.8948972225,0.9089803100,0.0614361763,-0.0614361763,0.0000000000,0,1,1.0000000000,FSS-1000,,,
1919_class-951,5,0.9655316472,0.9651241302,0.9655316472,0,0.9651241302,0.9651241302,0.9655316472,-0.0004075170,0.0004075170,0.0000000000,1,1,0.0000000000,FSS-1000,,,
1920_class-952,4,0.9673542976,0.9672722816,0.9673542976,0,0.9672722816,0.9672722816,0.9673542976,-0.0000820160,0.0000820160,0.0000000000,1,1,0.0000000000,FSS-1000,,,
1921_class-952,4,0.9729753733,0.9722395539,0.9735925198,0,0.9722395539,0.9722395539,0.9735925198,-0.0007358193,0.0007358193,0.0000000000,1,1,0.0000000000,FSS-1000,,,
1922_class-952,0,0.9651136398,0.9651136398,0.9654645920,0,0.9651136398,0.9651136398,0.9654645920,0.0000000000,0.0000000000,0.0000000000,1,1,0.0000000000,FSS-1000,,,
1923_class-952,3,0.9752070308,0.9748337865,0.9752128124,0,0.9748337865,0.9748337865,0.9752128124,-0.0003732443,0.0003732443,0.0000000000,1,1,0.0000000000,FSS-1000,,,
1924_class-952,0,0.9804354906,0.9804354906,0.9805268049,0,0.9804354906,0.9804354906,0.9805268049,0.0000000000,0.0000000000,0.0000000000,1,1,0.0000000000,FSS-1000,,,
1925_class-952,4,0.9640761018,0.9631464481,0.9661222696,0,0.9631464481,0.9631464481,0.9661222696,-0.0009296536,0.0009296536,0.0000000000,1,1,0.0000000000,FSS-1000,,,
1926_class-952,5,0.9740324020,0.9742375612,0.9742375612,5,0.9740324020,0.9742375612,0.9742375612,0.0000000000,-0.0002051592,-0.0002051592,0,0,0.0000000000,FSS-1000,,,
1927_class-952,2,0.9426205158,0.9427753687,0.9430131912,0,0.9427753687,0.9427753687,0.9430131912,0.0001548529,-0.0001548529,0.0000000000,0,1,1.0000000000,FSS-1000,,,
1928_class-952,3,0.9835504889,0.9833055139,0.9835504889,0,0.9833055139,0.9833055139,0.9835504889,-0.0002449751,0.0002449751,0.0000000000,1,1,0.0000000000,FSS-1000,,,
1929_class-952,2,0.9640570879,0.9498330355,0.9640743136,0,0.9498330355,0.9498330355,0.9640743136,-0.0142240524,0.0142240524,0.0000000000,1,1,0.0000000000,FSS-1000,,,
1930_class-953,3,0.8623108864,0.8561071754,0.8710952997,0,0.8561071754,0.8561071754,0.8710952997,-0.0062037110,0.0062037110,0.0000000000,1,1,0.0000000000,FSS-1000,,,
1931_class-953,3,0.7352024317,0.6022502184,0.8377549648,0,0.6022502184,0.6022502184,0.8377549648,-0.1329522133,0.1329522133,0.0000000000,1,1,0.0000000000,FSS-1000,,,
1932_class-953,4,0.9549440145,0.9542789459,0.9568842649,0,0.9542789459,0.9542789459,0.9568842649,-0.0006650686,0.0006650686,0.0000000000,1,1,0.0000000000,FSS-1000,,,
1933_class-953,1,0.9249635339,0.9052529335,0.9249635339,1,0.9249635339,0.9052529335,0.9249635339,0.0000000000,0.0197106004,0.0197106004,1,1,0.0000000000,FSS-1000,,,
1934_class-953,5,0.8794710040,0.8491795063,0.8794710040,0,0.8491795063,0.8491795063,0.8794710040,-0.0302914977,0.0302914977,0.0000000000,1,1,0.0000000000,FSS-1000,,,
1935_class-953,0,0.9453194141,0.9453194141,0.9458247423,0,0.9453194141,0.9453194141,0.9458247423,0.0000000000,0.0000000000,0.0000000000,1,1,0.0000000000,FSS-1000,,,
1936_class-953,0,0.1277660429,0.1277660429,0.1509057283,0,0.1277660429,0.1277660429,0.1509057283,0.0000000000,0.0000000000,0.0000000000,1,1,0.0000000000,FSS-1000,,,
1937_class-953,5,0.7419015169,0.0403053239,0.8007494211,5,0.7419015169,0.0403053239,0.8007494211,0.0000000000,0.7015961930,0.7015961930,1,1,0.0000000000,FSS-1000,,,
1938_class-953,4,0.8796000481,0.2309816778,0.8796000481,4,0.8796000481,0.2309816778,0.8796000481,0.0000000000,0.6486183703,0.6486183703,1,1,0.0000000000,FSS-1000,,,
1939_class-953,5,0.8739098310,0.8966181278,0.9447363019,5,0.8739098310,0.8966181278,0.9447363019,0.0000000000,-0.0227082968,-0.0227082968,0,0,0.0000000000,FSS-1000,,,
1940_class-954,4,0.9020924568,0.8802912235,0.9020924568,4,0.9020924568,0.8802912235,0.9020924568,0.0000000000,0.0218012333,0.0218012333,1,1,0.0000000000,FSS-1000,,,
1941_class-954,0,0.9473844767,0.9473844767,0.9473844767,0,0.9473844767,0.9473844767,0.9473844767,0.0000000000,0.0000000000,0.0000000000,1,1,0.0000000000,FSS-1000,,,
1942_class-954,1,0.9726374149,0.9753147364,0.9753147364,1,0.9726374149,0.9753147364,0.9753147364,0.0000000000,-0.0026773214,-0.0026773214,0,0,0.0000000000,FSS-1000,,,
1943_class-954,3,0.9819180965,0.9818256497,0.9819542170,0,0.9818256497,0.9818256497,0.9819542170,-0.0000924468,0.0000924468,0.0000000000,1,1,0.0000000000,FSS-1000,,,
1944_class-954,1,0.9833574295,0.9832153320,0.9833574295,1,0.9833574295,0.9832153320,0.9833574295,0.0000000000,0.0001420975,0.0001420975,1,1,0.0000000000,FSS-1000,,,
1945_class-954,4,0.9786285162,0.9786948562,0.9786948562,0,0.9786948562,0.9786948562,0.9786948562,0.0000663400,-0.0000663400,0.0000000000,0,1,1.0000000000,FSS-1000,,,
1946_class-954,5,0.9717968702,0.9720263481,0.9720263481,5,0.9717968702,0.9720263481,0.9720263481,0.0000000000,-0.0002294779,-0.0002294779,0,0,0.0000000000,FSS-1000,,,
1947_class-954,1,0.9802116156,0.9802162647,0.9802162647,1,0.9802116156,0.9802162647,0.9802162647,0.0000000000,-0.0000046492,-0.0000046492,0,0,0.0000000000,FSS-1000,,,
1948_class-954,3,0.9042343497,0.9352400303,0.9352400303,3,0.9042343497,0.9352400303,0.9352400303,0.0000000000,-0.0310056806,-0.0310056806,0,0,0.0000000000,FSS-1000,,,
1949_class-954,4,0.9672741890,0.9676455259,0.9678810835,4,0.9672741890,0.9676455259,0.9678810835,0.0000000000,-0.0003713369,-0.0003713369,0,0,0.0000000000,FSS-1000,,,
1950_class-955,1,0.9812147021,0.9801844954,0.9812147021,1,0.9812147021,0.9801844954,0.9812147021,0.0000000000,0.0010302067,0.0010302067,1,1,0.0000000000,FSS-1000,,,
1951_class-955,0,0.9675019383,0.9675019383,0.9697853923,0,0.9675019383,0.9675019383,0.9697853923,0.0000000000,0.0000000000,0.0000000000,1,1,0.0000000000,FSS-1000,,,
1952_class-955,2,0.8688205481,0.8607335091,0.8878213763,0,0.8607335091,0.8607335091,0.8878213763,-0.0080870390,0.0080870390,0.0000000000,1,1,0.0000000000,FSS-1000,,,
1953_class-955,4,0.9759336710,0.9490884542,0.9809516668,0,0.9490884542,0.9490884542,0.9809516668,-0.0268452168,0.0268452168,0.0000000000,1,1,0.0000000000,FSS-1000,,,
1954_class-955,4,0.9592362642,0.2029900104,0.9592362642,4,0.9592362642,0.2029900104,0.9592362642,0.0000000000,0.7562462538,0.7562462538,1,1,0.0000000000,FSS-1000,,,
1955_class-955,5,0.8971270323,0.8922210932,0.8993300200,0,0.8922210932,0.8922210932,0.8993300200,-0.0049059391,0.0049059391,0.0000000000,1,1,0.0000000000,FSS-1000,,,
1956_class-955,4,0.9514663815,0.9464237690,0.9514663815,0,0.9464237690,0.9464237690,0.9514663815,-0.0050426126,0.0050426126,0.0000000000,1,1,0.0000000000,FSS-1000,,,
1957_class-955,2,0.9046156406,0.2041302323,0.9046156406,2,0.9046156406,0.2041302323,0.9046156406,0.0000000000,0.7004854083,0.7004854083,1,1,0.0000000000,FSS-1000,,,
1958_class-955,1,0.9515323639,0.9577044249,0.9587001204,0,0.9577044249,0.9577044249,0.9587001204,0.0061720610,-0.0061720610,0.0000000000,0,1,1.0000000000,FSS-1000,,,
1959_class-955,2,0.9824258685,0.9821323752,0.9824258685,2,0.9824258685,0.9821323752,0.9824258685,0.0000000000,0.0002934933,0.0002934933,1,1,0.0000000000,FSS-1000,,,
1960_class-956,3,0.9046846628,0.8989706039,0.9714940190,3,0.9046846628,0.8989706039,0.9714940190,0.0000000000,0.0057140589,0.0057140589,1,1,0.0000000000,FSS-1000,,,
1961_class-956,4,0.9669654369,0.9510085583,0.9669654369,4,0.9669654369,0.9510085583,0.9669654369,0.0000000000,0.0159568787,0.0159568787,1,1,0.0000000000,FSS-1000,,,
1962_class-956,1,0.8280355930,0.8818266988,0.8882380724,1,0.8280355930,0.8818266988,0.8882380724,0.0000000000,-0.0537911057,-0.0537911057,0,0,0.0000000000,FSS-1000,,,
1963_class-956,4,0.9733979702,0.9672310948,0.9733979702,0,0.9672310948,0.9672310948,0.9733979702,-0.0061668754,0.0061668754,0.0000000000,1,1,0.0000000000,FSS-1000,,,
1964_class-956,4,0.7139344215,0.8974933624,0.9148384929,4,0.7139344215,0.8974933624,0.9148384929,0.0000000000,-0.1835589409,-0.1835589409,0,0,0.0000000000,FSS-1000,,,
1965_class-956,3,0.9351324439,0.8650158048,0.9351324439,0,0.8650158048,0.8650158048,0.9351324439,-0.0701166391,0.0701166391,0.0000000000,1,1,0.0000000000,FSS-1000,,,
1966_class-956,0,0.6239956617,0.6239956617,0.7443982363,0,0.6239956617,0.6239956617,0.7443982363,0.0000000000,0.0000000000,0.0000000000,1,1,0.0000000000,FSS-1000,,,
1967_class-956,1,0.9756850004,0.9760131836,0.9760131836,1,0.9756850004,0.9760131836,0.9760131836,0.0000000000,-0.0003281832,-0.0003281832,0,0,0.0000000000,FSS-1000,,,
1968_class-956,1,0.9001184702,0.8962281942,0.9049147367,1,0.9001184702,0.8962281942,0.9049147367,0.0000000000,0.0038902760,0.0038902760,1,1,0.0000000000,FSS-1000,,,
1969_class-956,5,0.9693012238,0.9691001177,0.9693012238,5,0.9693012238,0.9691001177,0.9693012238,0.0000000000,0.0002011061,0.0002011061,1,1,0.0000000000,FSS-1000,,,
1970_class-957,2,0.9854556918,0.9854434729,0.9854661226,0,0.9854434729,0.9854434729,0.9854661226,-0.0000122190,0.0000122190,0.0000000000,1,1,0.0000000000,FSS-1000,,,
1971_class-957,5,0.9891448021,0.9887535572,0.9891448021,5,0.9891448021,0.9887535572,0.9891448021,0.0000000000,0.0003912449,0.0003912449,1,1,0.0000000000,FSS-1000,,,
1972_class-957,5,0.9840717912,0.9841591120,0.9842591286,5,0.9840717912,0.9841591120,0.9842591286,0.0000000000,-0.0000873208,-0.0000873208,0,0,0.0000000000,FSS-1000,,,
1973_class-957,2,0.9910666943,0.9911630154,0.9911630154,2,0.9910666943,0.9911630154,0.9911630154,0.0000000000,-0.0000963211,-0.0000963211,0,0,0.0000000000,FSS-1000,,,
1974_class-957,2,0.9892214537,0.9650028944,0.9892214537,0,0.9650028944,0.9650028944,0.9892214537,-0.0242185593,0.0242185593,0.0000000000,1,1,0.0000000000,FSS-1000,,,
1975_class-957,5,0.9802290201,0.9798328876,0.9802979827,5,0.9802290201,0.9798328876,0.9802979827,0.0000000000,0.0003961325,0.0003961325,1,1,0.0000000000,FSS-1000,,,
1976_class-957,5,0.6507958770,0.6646703482,0.6646703482,5,0.6507958770,0.6646703482,0.6646703482,0.0000000000,-0.0138744712,-0.0138744712,0,0,0.0000000000,FSS-1000,,,
1977_class-957,5,0.9856874347,0.9857209921,0.9857381582,5,0.9856874347,0.9857209921,0.9857381582,0.0000000000,-0.0000335574,-0.0000335574,0,0,0.0000000000,FSS-1000,,,
1978_class-957,5,0.5261331797,0.5260177851,0.5261498094,0,0.5260177851,0.5260177851,0.5261498094,-0.0001153946,0.0001153946,0.0000000000,1,1,0.0000000000,FSS-1000,,,
1979_class-957,1,0.5447970033,0.0559086539,0.5934279561,1,0.5447970033,0.0559086539,0.5934279561,0.0000000000,0.4888883494,0.4888883494,1,1,0.0000000000,FSS-1000,,,
1980_class-958,1,0.8669747114,0.9311550856,0.9480986595,0,0.9311550856,0.9311550856,0.9480986595,0.0641803741,-0.0641803741,0.0000000000,0,1,1.0000000000,FSS-1000,,,
1981_class-958,4,0.9500880837,0.9400153160,0.9505168796,4,0.9500880837,0.9400153160,0.9505168796,0.0000000000,0.0100727677,0.0100727677,1,1,0.0000000000,FSS-1000,,,
1982_class-958,4,0.9882179499,0.9876994491,0.9882179499,0,0.9876994491,0.9876994491,0.9882179499,-0.0005185008,0.0005185008,0.0000000000,1,1,0.0000000000,FSS-1000,,,
1983_class-958,1,0.9663230181,0.9658770561,0.9663230181,0,0.9658770561,0.9658770561,0.9663230181,-0.0004459620,0.0004459620,0.0000000000,1,1,0.0000000000,FSS-1000,,,
1984_class-958,5,0.8670369387,0.9844107628,0.9844107628,0,0.9844107628,0.9844107628,0.9844107628,0.1173738241,-0.1173738241,0.0000000000,0,1,1.0000000000,FSS-1000,,,
1985_class-958,4,0.9364876747,0.9339572191,0.9364876747,0,0.9339572191,0.9339572191,0.9364876747,-0.0025304556,0.0025304556,0.0000000000,1,1,0.0000000000,FSS-1000,,,
1986_class-958,1,0.9156668782,0.8935554028,0.9156668782,0,0.8935554028,0.8935554028,0.9156668782,-0.0221114755,0.0221114755,0.0000000000,1,1,0.0000000000,FSS-1000,,,
1987_class-958,1,0.6696058512,0.9607751966,0.9664062262,1,0.6696058512,0.9607751966,0.9664062262,0.0000000000,-0.2911693454,-0.2911693454,0,0,0.0000000000,FSS-1000,,,
1988_class-958,3,0.8561342359,0.9368110895,0.9373548031,0,0.9368110895,0.9368110895,0.9373548031,0.0806768537,-0.0806768537,0.0000000000,0,1,1.0000000000,FSS-1000,,,
1989_class-958,2,0.9122296572,0.9492998123,0.9713732600,0,0.9492998123,0.9492998123,0.9713732600,0.0370701551,-0.0370701551,0.0000000000,0,1,1.0000000000,FSS-1000,,,
1990_class-959,5,0.9332761765,0.9300250411,0.9332761765,0,0.9300250411,0.9300250411,0.9332761765,-0.0032511353,0.0032511353,0.0000000000,1,1,0.0000000000,FSS-1000,,,
1991_class-959,4,0.9612022638,0.9601177573,0.9620674849,0,0.9601177573,0.9601177573,0.9620674849,-0.0010845065,0.0010845065,0.0000000000,1,1,0.0000000000,FSS-1000,,,
1992_class-959,2,0.9727343321,0.9721491933,0.9727343321,2,0.9727343321,0.9721491933,0.9727343321,0.0000000000,0.0005851388,0.0005851388,1,1,0.0000000000,FSS-1000,,,
1993_class-959,0,0.9522515535,0.9522515535,0.9525559545,0,0.9522515535,0.9522515535,0.9525559545,0.0000000000,0.0000000000,0.0000000000,1,1,0.0000000000,FSS-1000,,,
1994_class-959,5,0.9104204774,0.9162480831,0.9318163395,0,0.9162480831,0.9162480831,0.9318163395,0.0058276057,-0.0058276057,0.0000000000,0,1,1.0000000000,FSS-1000,,,
1995_class-959,3,0.8989615440,0.8949606419,0.9028478861,0,0.8949606419,0.8949606419,0.9028478861,-0.0040009022,0.0040009022,0.0000000000,1,1,0.0000000000,FSS-1000,,,
1996_class-959,0,0.9794922471,0.9794922471,0.9795168042,0,0.9794922471,0.9794922471,0.9795168042,0.0000000000,0.0000000000,0.0000000000,1,1,0.0000000000,FSS-1000,,,
1997_class-959,3,0.9298737049,0.8751500249,0.9299799800,3,0.9298737049,0.8751500249,0.9299799800,0.0000000000,0.0547236800,0.0547236800,1,1,0.0000000000,FSS-1000,,,
1998_class-959,2,0.9701853991,0.9700377584,0.9709036350,0,0.9700377584,0.9700377584,0.9709036350,-0.0001476407,0.0001476407,0.0000000000,1,1,0.0000000000,FSS-1000,,,
1999_class-959,1,0.9752957225,0.9752911329,0.9754036665,1,0.9752957225,0.9752911329,0.9754036665,0.0000000000,0.0000045896,0.0000045896,1,1,0.0000000000,FSS-1000,,,
2000_class-960,2,0.9729222059,0.9730135202,0.9730135202,0,0.9730135202,0.9730135202,0.9730135202,0.0000913143,-0.0000913143,0.0000000000,0,1,1.0000000000,FSS-1000,,,
2001_class-960,5,0.9196389318,0.8925682306,0.9196389318,5,0.9196389318,0.8925682306,0.9196389318,0.0000000000,0.0270707011,0.0270707011,1,1,0.0000000000,FSS-1000,,,
2002_class-960,0,0.9400293827,0.9400293827,0.9400293827,0,0.9400293827,0.9400293827,0.9400293827,0.0000000000,0.0000000000,0.0000000000,1,1,0.0000000000,FSS-1000,,,
2003_class-960,1,0.9544714689,0.9303263426,0.9544714689,0,0.9303263426,0.9303263426,0.9544714689,-0.0241451263,0.0241451263,0.0000000000,1,1,0.0000000000,FSS-1000,,,
2004_class-960,4,0.7932935357,0.9652118683,0.9652118683,4,0.7932935357,0.9652118683,0.9652118683,0.0000000000,-0.1719183326,-0.1719183326,0,0,0.0000000000,FSS-1000,,,
2005_class-960,3,0.9307962656,0.9389353991,0.9389353991,0,0.9389353991,0.9389353991,0.9389353991,0.0081391335,-0.0081391335,0.0000000000,0,1,1.0000000000,FSS-1000,,,
2006_class-960,2,0.9646300077,0.9670875072,0.9690088630,2,0.9646300077,0.9670875072,0.9690088630,0.0000000000,-0.0024574995,-0.0024574995,0,0,0.0000000000,FSS-1000,,,
2007_class-960,3,0.9513379335,0.9498164058,0.9514183402,3,0.9513379335,0.9498164058,0.9514183402,0.0000000000,0.0015215278,0.0015215278,1,1,0.0000000000,FSS-1000,,,
2008_class-960,3,0.9515788555,0.9481185675,0.9515788555,3,0.9515788555,0.9481185675,0.9515788555,0.0000000000,0.0034602880,0.0034602880,1,1,0.0000000000,FSS-1000,,,
2009_class-960,2,0.6861504316,0.6126424670,0.7126123905,0,0.6126424670,0.6126424670,0.7126123905,-0.0735079646,0.0735079646,0.0000000000,1,1,0.0000000000,FSS-1000,,,
2010_class-961,3,0.9674193859,0.9670586586,0.9674193859,0,0.9670586586,0.9670586586,0.9674193859,-0.0003607273,0.0003607273,0.0000000000,1,1,0.0000000000,FSS-1000,,,
2011_class-961,0,0.9426127672,0.9426127672,0.9448854923,0,0.9426127672,0.9426127672,0.9448854923,0.0000000000,0.0000000000,0.0000000000,1,1,0.0000000000,FSS-1000,,,
2012_class-961,1,0.9810256958,0.9813437462,0.9813437462,1,0.9810256958,0.9813437462,0.9813437462,0.0000000000,-0.0003180504,-0.0003180504,0,0,0.0000000000,FSS-1000,,,
2013_class-961,4,0.9773176908,0.9770554304,0.9774633646,0,0.9770554304,0.9770554304,0.9774633646,-0.0002622604,0.0002622604,0.0000000000,1,1,0.0000000000,FSS-1000,,,
2014_class-961,2,0.9586833715,0.9582607746,0.9586833715,2,0.9586833715,0.9582607746,0.9586833715,0.0000000000,0.0004225969,0.0004225969,1,1,0.0000000000,FSS-1000,,,
2015_class-961,0,0.9469836950,0.9469836950,0.9474325180,0,0.9469836950,0.9469836950,0.9474325180,0.0000000000,0.0000000000,0.0000000000,1,1,0.0000000000,FSS-1000,,,
2016_class-961,0,0.9164367914,0.9164367914,0.9289500713,0,0.9164367914,0.9164367914,0.9289500713,0.0000000000,0.0000000000,0.0000000000,1,1,0.0000000000,FSS-1000,,,
2017_class-961,5,0.9685186744,0.9678368568,0.9685186744,0,0.9678368568,0.9678368568,0.9685186744,-0.0006818175,0.0006818175,0.0000000000,1,1,0.0000000000,FSS-1000,,,
2018_class-961,1,0.9826231599,0.9823369384,0.9826231599,1,0.9826231599,0.9823369384,0.9826231599,0.0000000000,0.0002862215,0.0002862215,1,1,0.0000000000,FSS-1000,,,
2019_class-961,5,0.9008396268,0.9102667570,0.9120039940,5,0.9008396268,0.9102667570,0.9120039940,0.0000000000,-0.0094271302,-0.0094271302,0,0,0.0000000000,FSS-1000,,,
2020_class-962,0,0.9745047092,0.9745047092,0.9746147394,0,0.9745047092,0.9745047092,0.9746147394,0.0000000000,0.0000000000,0.0000000000,1,1,0.0000000000,FSS-1000,,,
2021_class-962,0,0.9837405086,0.9837405086,0.9837405086,0,0.9837405086,0.9837405086,0.9837405086,0.0000000000,0.0000000000,0.0000000000,1,1,0.0000000000,FSS-1000,,,
2022_class-962,1,0.9665737152,0.9665305614,0.9667816162,0,0.9665305614,0.9665305614,0.9667816162,-0.0000431538,0.0000431538,0.0000000000,1,1,0.0000000000,FSS-1000,,,
2023_class-962,0,0.9773687124,0.9773687124,0.9773687124,0,0.9773687124,0.9773687124,0.9773687124,0.0000000000,0.0000000000,0.0000000000,1,1,0.0000000000,FSS-1000,,,
2024_class-962,4,0.9775050879,0.9771441221,0.9775050879,0,0.9771441221,0.9771441221,0.9775050879,-0.0003609657,0.0003609657,0.0000000000,1,1,0.0000000000,FSS-1000,,,
2025_class-962,4,0.9553729296,0.9563917518,0.9567288756,0,0.9563917518,0.9563917518,0.9567288756,0.0010188222,-0.0010188222,0.0000000000,0,1,1.0000000000,FSS-1000,,,
2026_class-962,1,0.9799314737,0.9780125618,0.9800766706,0,0.9780125618,0.9780125618,0.9800766706,-0.0019189119,0.0019189119,0.0000000000,1,1,0.0000000000,FSS-1000,,,
2027_class-962,2,0.9831516743,0.9832457900,0.9833214283,2,0.9831516743,0.9832457900,0.9833214283,0.0000000000,-0.0000941157,-0.0000941157,0,0,0.0000000000,FSS-1000,,,
2028_class-962,2,0.9845893383,0.9844878316,0.9860428572,0,0.9844878316,0.9844878316,0.9860428572,-0.0001015067,0.0001015067,0.0000000000,1,1,0.0000000000,FSS-1000,,,
2029_class-962,2,0.9874265194,0.9876601696,0.9878185391,0,0.9876601696,0.9876601696,0.9878185391,0.0002336502,-0.0002336502,0.0000000000,0,1,1.0000000000,FSS-1000,,,
2030_class-963,3,0.8462738991,0.7628805637,0.8462738991,3,0.8462738991,0.7628805637,0.8462738991,0.0000000000,0.0833933353,0.0833933353,1,1,0.0000000000,FSS-1000,,,
2031_class-963,3,0.9152065516,0.9527076483,0.9781312943,3,0.9152065516,0.9527076483,0.9781312943,0.0000000000,-0.0375010967,-0.0375010967,0,0,0.0000000000,FSS-1000,,,
2032_class-963,4,0.8282293081,0.7850315571,0.8282293081,4,0.8282293081,0.7850315571,0.8282293081,0.0000000000,0.0431977510,0.0431977510,1,1,0.0000000000,FSS-1000,,,
2033_class-963,1,0.8078032732,0.3881686926,0.8142650127,0,0.3881686926,0.3881686926,0.8142650127,-0.4196345806,0.4196345806,0.0000000000,1,1,0.0000000000,FSS-1000,,,
2034_class-963,1,0.9415991306,0.9406723976,0.9415991306,1,0.9415991306,0.9406723976,0.9415991306,0.0000000000,0.0009267330,0.0009267330,1,1,0.0000000000,FSS-1000,,,
2035_class-963,5,0.9525272846,0.9524611235,0.9525272846,5,0.9525272846,0.9524611235,0.9525272846,0.0000000000,0.0000661612,0.0000661612,1,1,0.0000000000,FSS-1000,,,
2036_class-963,3,0.8190189600,0.8174366951,0.8588519096,3,0.8190189600,0.8174366951,0.8588519096,0.0000000000,0.0015822649,0.0015822649,1,1,0.0000000000,FSS-1000,,,
2037_class-963,4,0.8218286037,0.6493003368,0.9448958635,4,0.8218286037,0.6493003368,0.9448958635,0.0000000000,0.1725282669,0.1725282669,1,1,0.0000000000,FSS-1000,,,
2038_class-963,1,0.9494825006,0.9554131031,0.9554131031,0,0.9554131031,0.9554131031,0.9554131031,0.0059306026,-0.0059306026,0.0000000000,0,1,1.0000000000,FSS-1000,,,
2039_class-963,4,0.7507104874,0.8960081339,0.9548991323,4,0.7507104874,0.8960081339,0.9548991323,0.0000000000,-0.1452976465,-0.1452976465,0,0,0.0000000000,FSS-1000,,,
2040_class-964,1,0.9803180695,0.9802451134,0.9803878069,0,0.9802451134,0.9802451134,0.9803878069,-0.0000729561,0.0000729561,0.0000000000,1,1,0.0000000000,FSS-1000,,,
2041_class-964,3,0.9884713888,0.9864346981,0.9884713888,0,0.9864346981,0.9864346981,0.9884713888,-0.0020366907,0.0020366907,0.0000000000,1,1,0.0000000000,FSS-1000,,,
2042_class-964,3,0.9822175503,0.9821500778,0.9823019505,0,0.9821500778,0.9821500778,0.9823019505,-0.0000674725,0.0000674725,0.0000000000,1,1,0.0000000000,FSS-1000,,,
2043_class-964,3,0.9570101500,0.1216689125,0.9570101500,3,0.9570101500,0.1216689125,0.9570101500,0.0000000000,0.8353412375,0.8353412375,1,1,0.0000000000,FSS-1000,,,
2044_class-964,3,0.9003878832,0.5265672207,0.9003878832,3,0.9003878832,0.5265672207,0.9003878832,0.0000000000,0.3738206625,0.3738206625,1,1,0.0000000000,FSS-1000,,,
2045_class-964,1,0.9335299730,0.9414119720,0.9427172542,1,0.9335299730,0.9414119720,0.9427172542,0.0000000000,-0.0078819990,-0.0078819990,0,0,0.0000000000,FSS-1000,,,
2046_class-964,1,0.9557021260,0.9541935921,0.9557021260,0,0.9541935921,0.9541935921,0.9557021260,-0.0015085340,0.0015085340,0.0000000000,1,1,0.0000000000,FSS-1000,,,
2047_class-964,1,0.9862617254,0.9848852158,0.9863313437,0,0.9848852158,0.9848852158,0.9863313437,-0.0013765097,0.0013765097,0.0000000000,1,1,0.0000000000,FSS-1000,,,
2048_class-964,2,0.9826437235,0.9822824001,0.9826437235,2,0.9826437235,0.9822824001,0.9826437235,0.0000000000,0.0003613234,0.0003613234,1,1,0.0000000000,FSS-1000,,,
2049_class-964,1,0.9819087982,0.9828518629,0.9842438698,0,0.9828518629,0.9828518629,0.9842438698,0.0009430647,-0.0009430647,0.0000000000,0,1,1.0000000000,FSS-1000,,,
2050_class-965,2,0.9478077292,0.9493732452,0.9495031834,0,0.9493732452,0.9493732452,0.9495031834,0.0015655160,-0.0015655160,0.0000000000,0,1,1.0000000000,FSS-1000,,,
2051_class-965,5,0.9366482496,0.8872129917,0.9384716153,0,0.8872129917,0.8872129917,0.9384716153,-0.0494352579,0.0494352579,0.0000000000,1,1,0.0000000000,FSS-1000,,,
2052_class-965,5,0.6726920605,0.8422645926,0.8549170494,5,0.6726920605,0.8422645926,0.8549170494,0.0000000000,-0.1695725322,-0.1695725322,0,0,0.0000000000,FSS-1000,,,
2053_class-965,5,0.9419726729,0.9414843321,0.9429253340,0,0.9414843321,0.9414843321,0.9429253340,-0.0004883409,0.0004883409,0.0000000000,1,1,0.0000000000,FSS-1000,,,
2054_class-965,2,0.9687030315,0.9673335552,0.9687030315,0,0.9673335552,0.9673335552,0.9687030315,-0.0013694763,0.0013694763,0.0000000000,1,1,0.0000000000,FSS-1000,,,
2055_class-965,4,0.9806455970,0.9794290066,0.9806455970,0,0.9794290066,0.9794290066,0.9806455970,-0.0012165904,0.0012165904,0.0000000000,1,1,0.0000000000,FSS-1000,,,
2056_class-965,3,0.6707094908,0.6540604830,0.6884379387,3,0.6707094908,0.6540604830,0.6884379387,0.0000000000,0.0166490078,0.0166490078,1,1,0.0000000000,FSS-1000,,,
2057_class-965,3,0.9790173173,0.9790382385,0.9791570902,0,0.9790382385,0.9790382385,0.9791570902,0.0000209212,-0.0000209212,0.0000000000,0,1,1.0000000000,FSS-1000,,,
2058_class-965,0,0.9348812699,0.9348812699,0.9355919361,0,0.9348812699,0.9348812699,0.9355919361,0.0000000000,0.0000000000,0.0000000000,1,1,0.0000000000,FSS-1000,,,
2059_class-965,4,0.8258936405,0.6670526862,0.9240081310,4,0.8258936405,0.6670526862,0.9240081310,0.0000000000,0.1588409543,0.1588409543,1,1,0.0000000000,FSS-1000,,,
2060_class-966,0,0.9424377084,0.9424377084,0.9429234266,0,0.9424377084,0.9424377084,0.9429234266,0.0000000000,0.0000000000,0.0000000000,1,1,0.0000000000,FSS-1000,,,
2061_class-966,5,0.9755825996,0.9753459692,0.9756243229,0,0.9753459692,0.9753459692,0.9756243229,-0.0002366304,0.0002366304,0.0000000000,1,1,0.0000000000,FSS-1000,,,
2062_class-966,4,0.9724586010,0.9730266929,0.9730266929,0,0.9730266929,0.9730266929,0.9730266929,0.0005680919,-0.0005680919,0.0000000000,0,1,1.0000000000,FSS-1000,,,
2063_class-966,5,0.9557670951,0.9611254930,0.9613313675,5,0.9557670951,0.9611254930,0.9613313675,0.0000000000,-0.0053583980,-0.0053583980,0,0,0.0000000000,FSS-1000,,,
2064_class-966,3,0.9702153206,0.9702001810,0.9711807966,3,0.9702153206,0.9702001810,0.9711807966,0.0000000000,0.0000151396,0.0000151396,1,1,0.0000000000,FSS-1000,,,
2065_class-966,4,0.9535052776,0.9533121586,0.9537889957,0,0.9533121586,0.9533121586,0.9537889957,-0.0001931190,0.0001931190,0.0000000000,1,1,0.0000000000,FSS-1000,,,
2066_class-966,3,0.9283416867,0.9250411391,0.9283416867,3,0.9283416867,0.9250411391,0.9283416867,0.0000000000,0.0033005476,0.0033005476,1,1,0.0000000000,FSS-1000,,,
2067_class-966,1,0.9678515792,0.9237424731,0.9709890485,1,0.9678515792,0.9237424731,0.9709890485,0.0000000000,0.0441091061,0.0441091061,1,1,0.0000000000,FSS-1000,,,
2068_class-966,2,0.9536354542,0.9547539949,0.9547539949,2,0.9536354542,0.9547539949,0.9547539949,0.0000000000,-0.0011185408,-0.0011185408,0,0,0.0000000000,FSS-1000,,,
2069_class-966,5,0.9601447582,0.9604019523,0.9614900351,5,0.9601447582,0.9604019523,0.9614900351,0.0000000000,-0.0002571940,-0.0002571940,0,0,0.0000000000,FSS-1000,,,
2070_class-967,3,0.9629182816,0.9635255933,0.9638735056,0,0.9635255933,0.9635255933,0.9638735056,0.0006073117,-0.0006073117,0.0000000000,0,1,1.0000000000,FSS-1000,,,
2071_class-967,5,0.9255278111,0.9266059399,0.9266059399,5,0.9255278111,0.9266059399,0.9266059399,0.0000000000,-0.0010781288,-0.0010781288,0,0,0.0000000000,FSS-1000,,,
2072_class-967,1,0.9602466822,0.9647893310,0.9659192562,0,0.9647893310,0.9647893310,0.9659192562,0.0045426488,-0.0045426488,0.0000000000,0,1,1.0000000000,FSS-1000,,,
2073_class-967,4,0.9708468914,0.9724034667,0.9724272490,0,0.9724034667,0.9724034667,0.9724272490,0.0015565753,-0.0015565753,0.0000000000,0,1,1.0000000000,FSS-1000,,,
2074_class-967,2,0.9344522953,0.9313418865,0.9347853661,0,0.9313418865,0.9313418865,0.9347853661,-0.0031104088,0.0031104088,0.0000000000,1,1,0.0000000000,FSS-1000,,,
2075_class-967,1,0.9311745763,0.9311039448,0.9314521551,1,0.9311745763,0.9311039448,0.9314521551,0.0000000000,0.0000706315,0.0000706315,1,1,0.0000000000,FSS-1000,,,
2076_class-967,4,0.9334681034,0.9313533306,0.9351004958,0,0.9313533306,0.9313533306,0.9351004958,-0.0021147728,0.0021147728,0.0000000000,1,1,0.0000000000,FSS-1000,,,
2077_class-967,0,0.9495499730,0.9495499730,0.9510327578,0,0.9495499730,0.9495499730,0.9510327578,0.0000000000,0.0000000000,0.0000000000,1,1,0.0000000000,FSS-1000,,,
2078_class-967,3,0.9405728579,0.9435493350,0.9477658272,0,0.9435493350,0.9435493350,0.9477658272,0.0029764771,-0.0029764771,0.0000000000,0,1,1.0000000000,FSS-1000,,,
2079_class-967,4,0.9586695433,0.9563747644,0.9586695433,4,0.9586695433,0.9563747644,0.9586695433,0.0000000000,0.0022947788,0.0022947788,1,1,0.0000000000,FSS-1000,,,
2080_class-968,1,0.8137201667,0.7812063098,0.8137201667,0,0.7812063098,0.7812063098,0.8137201667,-0.0325138569,0.0325138569,0.0000000000,1,1,0.0000000000,FSS-1000,,,
2081_class-968,3,0.7770702839,0.7734198570,0.7770702839,3,0.7770702839,0.7734198570,0.7770702839,0.0000000000,0.0036504269,0.0036504269,1,1,0.0000000000,FSS-1000,,,
2082_class-968,0,0.9813946486,0.9813946486,0.9815927148,0,0.9813946486,0.9813946486,0.9815927148,0.0000000000,0.0000000000,0.0000000000,1,1,0.0000000000,FSS-1000,,,
2083_class-968,2,0.8554072976,0.8570492864,0.8590613604,2,0.8554072976,0.8570492864,0.8590613604,0.0000000000,-0.0016419888,-0.0016419888,0,0,0.0000000000,FSS-1000,,,
2084_class-968,5,0.7108850479,0.7740112543,0.8574103713,0,0.7740112543,0.7740112543,0.8574103713,0.0631262064,-0.0631262064,0.0000000000,0,1,1.0000000000,FSS-1000,,,
2085_class-968,4,0.8737912178,0.8774225712,0.8783363104,0,0.8774225712,0.8774225712,0.8783363104,0.0036313534,-0.0036313534,0.0000000000,0,1,1.0000000000,FSS-1000,,,
2086_class-968,1,0.6606665850,0.6611149311,0.6636650562,1,0.6606665850,0.6611149311,0.6636650562,0.0000000000,-0.0004483461,-0.0004483461,0,0,0.0000000000,FSS-1000,,,
2087_class-968,0,0.9294817448,0.9294817448,0.9310704470,0,0.9294817448,0.9294817448,0.9310704470,0.0000000000,0.0000000000,0.0000000000,1,1,0.0000000000,FSS-1000,,,
2088_class-968,0,0.7198545933,0.7198545933,0.9655688405,0,0.7198545933,0.7198545933,0.9655688405,0.0000000000,0.0000000000,0.0000000000,1,1,0.0000000000,FSS-1000,,,
2089_class-968,0,0.7103785276,0.7103785276,0.9090334177,0,0.7103785276,0.7103785276,0.9090334177,0.0000000000,0.0000000000,0.0000000000,1,1,0.0000000000,FSS-1000,,,
2090_class-969,3,0.9878400564,0.9868575335,0.9879873991,3,0.9878400564,0.9868575335,0.9879873991,0.0000000000,0.0009825230,0.0009825230,1,1,0.0000000000,FSS-1000,,,
2091_class-969,1,0.9891448021,0.9885135889,0.9891448021,0,0.9885135889,0.9885135889,0.9891448021,-0.0006312132,0.0006312132,0.0000000000,1,1,0.0000000000,FSS-1000,,,
2092_class-969,2,0.9861768484,0.9857547283,0.9861768484,0,0.9857547283,0.9857547283,0.9861768484,-0.0004221201,0.0004221201,0.0000000000,1,1,0.0000000000,FSS-1000,,,
2093_class-969,0,0.9836802483,0.9836802483,0.9863107204,0,0.9836802483,0.9836802483,0.9863107204,0.0000000000,0.0000000000,0.0000000000,1,1,0.0000000000,FSS-1000,,,
2094_class-969,2,0.9889038801,0.9882366657,0.9890097976,2,0.9889038801,0.9882366657,0.9890097976,0.0000000000,0.0006672144,0.0006672144,1,1,0.0000000000,FSS-1000,,,
2095_class-969,5,0.9716109633,0.9718204737,0.9718547463,5,0.9716109633,0.9718204737,0.9718547463,0.0000000000,-0.0002095103,-0.0002095103,0,0,0.0000000000,FSS-1000,,,
2096_class-969,2,0.9857480526,0.9859672785,0.9860281944,0,0.9859672785,0.9859672785,0.9860281944,0.0002192259,-0.0002192259,0.0000000000,0,1,1.0000000000,FSS-1000,,,
2097_class-969,3,0.9658644199,0.9657651186,0.9661242366,0,0.9657651186,0.9657651186,0.9661242366,-0.0000993013,0.0000993013,0.0000000000,1,1,0.0000000000,FSS-1000,,,
2098_class-969,0,0.9808298945,0.9808298945,0.9818185568,0,0.9808298945,0.9808298945,0.9818185568,0.0000000000,0.0000000000,0.0000000000,1,1,0.0000000000,FSS-1000,,,
2099_class-969,2,0.9825378060,0.9824743271,0.9825757742,0,0.9824743271,0.9824743271,0.9825757742,-0.0000634789,0.0000634789,0.0000000000,1,1,0.0000000000,FSS-1000,,,
2100_class-970,0,0.9132626057,0.9132626057,0.9132626057,0,0.9132626057,0.9132626057,0.9132626057,0.0000000000,0.0000000000,0.0000000000,1,1,0.0000000000,FSS-1000,,,
2101_class-970,0,0.9875410795,0.9875410795,0.9876504540,0,0.9875410795,0.9875410795,0.9876504540,0.0000000000,0.0000000000,0.0000000000,1,1,0.0000000000,FSS-1000,,,
2102_class-970,5,0.9761568308,0.9755759239,0.9762939215,5,0.9761568308,0.9755759239,0.9762939215,0.0000000000,0.0005809069,0.0005809069,1,1,0.0000000000,FSS-1000,,,
2103_class-970,2,0.9904500246,0.9904317856,0.9905661345,2,0.9904500246,0.9904317856,0.9905661345,0.0000000000,0.0000182390,0.0000182390,1,1,0.0000000000,FSS-1000,,,
2104_class-970,3,0.6332967877,0.6596736908,0.6767317057,0,0.6596736908,0.6596736908,0.6767317057,0.0263769031,-0.0263769031,0.0000000000,0,1,1.0000000000,FSS-1000,,,
2105_class-970,5,0.9813250899,0.9606637955,0.9813250899,5,0.9813250899,0.9606637955,0.9813250899,0.0000000000,0.0206612945,0.0206612945,1,1,0.0000000000,FSS-1000,,,
2106_class-970,5,0.9840683937,0.9838728905,0.9847277403,5,0.9840683937,0.9838728905,0.9847277403,0.0000000000,0.0001955032,0.0001955032,1,1,0.0000000000,FSS-1000,,,
2107_class-970,0,0.9261486530,0.9261486530,0.9782357216,0,0.9261486530,0.9261486530,0.9782357216,0.0000000000,0.0000000000,0.0000000000,1,1,0.0000000000,FSS-1000,,,
2108_class-970,2,0.9554191828,0.9559985399,0.9559985399,0,0.9559985399,0.9559985399,0.9559985399,0.0005793571,-0.0005793571,0.0000000000,0,1,1.0000000000,FSS-1000,,,
2109_class-970,3,0.9769157171,0.9768530130,0.9769157171,0,0.9768530130,0.9768530130,0.9769157171,-0.0000627041,0.0000627041,0.0000000000,1,1,0.0000000000,FSS-1000,,,
2110_class-971,4,0.7372911572,0.7329168320,0.7718621492,4,0.7372911572,0.7329168320,0.7718621492,0.0000000000,0.0043743253,0.0043743253,1,1,0.0000000000,FSS-1000,,,
2111_class-971,3,0.9866293669,0.9870383739,0.9872606397,3,0.9866293669,0.9870383739,0.9872606397,0.0000000000,-0.0004090071,-0.0004090071,0,0,0.0000000000,FSS-1000,,,
2112_class-971,3,0.9597694278,0.9598418474,0.9725658894,3,0.9597694278,0.9598418474,0.9725658894,0.0000000000,-0.0000724196,-0.0000724196,0,0,0.0000000000,FSS-1000,,,
2113_class-971,1,0.9781677723,0.9768685102,0.9782376885,1,0.9781677723,0.9768685102,0.9782376885,0.0000000000,0.0012992620,0.0012992620,1,1,0.0000000000,FSS-1000,,,
2114_class-971,1,0.9711661339,0.9711844921,0.9714524746,1,0.9711661339,0.9711844921,0.9714524746,0.0000000000,-0.0000183582,-0.0000183582,0,0,0.0000000000,FSS-1000,,,
2115_class-971,5,0.9688589573,0.9696805477,0.9737709761,0,0.9696805477,0.9696805477,0.9737709761,0.0008215904,-0.0008215904,0.0000000000,0,1,1.0000000000,FSS-1000,,,
2116_class-971,3,0.9526864290,0.9537603259,0.9547743797,3,0.9526864290,0.9537603259,0.9547743797,0.0000000000,-0.0010738969,-0.0010738969,0,0,0.0000000000,FSS-1000,,,
2117_class-971,0,0.9749953747,0.9749953747,0.9754126072,0,0.9749953747,0.9749953747,0.9754126072,0.0000000000,0.0000000000,0.0000000000,1,1,0.0000000000,FSS-1000,,,
2118_class-971,1,0.5216022134,0.5223593116,0.8647108078,0,0.5223593116,0.5223593116,0.8647108078,0.0007570982,-0.0007570982,0.0000000000,0,1,1.0000000000,FSS-1000,,,
2119_class-971,2,0.9839919209,0.8339092731,0.9841001034,2,0.9839919209,0.8339092731,0.9841001034,0.0000000000,0.1500826478,0.1500826478,1,1,0.0000000000,FSS-1000,,,
2120_class-972,3,0.8870581985,0.8882539272,0.8951183558,3,0.8870581985,0.8882539272,0.8951183558,0.0000000000,-0.0011957288,-0.0011957288,0,0,0.0000000000,FSS-1000,,,
2121_class-972,0,0.9393984079,0.9393984079,0.9470397234,0,0.9393984079,0.9393984079,0.9470397234,0.0000000000,0.0000000000,0.0000000000,1,1,0.0000000000,FSS-1000,,,
2122_class-972,5,0.8693241477,0.8805143237,0.8957792521,5,0.8693241477,0.8805143237,0.8957792521,0.0000000000,-0.0111901760,-0.0111901760,0,0,0.0000000000,FSS-1000,,,
2123_class-972,3,0.7824140787,0.7833766937,0.7927579880,3,0.7824140787,0.7833766937,0.7927579880,0.0000000000,-0.0009626150,-0.0009626150,0,0,0.0000000000,FSS-1000,,,
2124_class-972,4,0.8169383407,0.7861598730,0.8169383407,4,0.8169383407,0.7861598730,0.8169383407,0.0000000000,0.0307784677,0.0307784677,1,1,0.0000000000,FSS-1000,,,
2125_class-972,5,0.9220313430,0.9339082241,0.9360160828,5,0.9220313430,0.9339082241,0.9360160828,0.0000000000,-0.0118768811,-0.0118768811,0,0,0.0000000000,FSS-1000,,,
2126_class-972,0,0.9439059496,0.9439059496,0.9538398981,0,0.9439059496,0.9439059496,0.9538398981,0.0000000000,0.0000000000,0.0000000000,1,1,0.0000000000,FSS-1000,,,
2127_class-972,5,0.9030836821,0.9320012331,0.9320012331,0,0.9320012331,0.9320012331,0.9320012331,0.0289175510,-0.0289175510,0.0000000000,0,1,1.0000000000,FSS-1000,,,
2128_class-972,2,0.9403697848,0.9418907166,0.9418907166,0,0.9418907166,0.9418907166,0.9418907166,0.0015209317,-0.0015209317,0.0000000000,0,1,1.0000000000,FSS-1000,,,
2129_class-972,4,0.8828387260,0.8752610683,0.8946257234,4,0.8828387260,0.8752610683,0.8946257234,0.0000000000,0.0075776577,0.0075776577,1,1,0.0000000000,FSS-1000,,,
2130_class-973,3,0.9773273468,0.9783866405,0.9785841703,3,0.9773273468,0.9783866405,0.9785841703,0.0000000000,-0.0010592937,-0.0010592937,0,0,0.0000000000,FSS-1000,,,
2131_class-973,5,0.9750626087,0.9751361609,0.9783802032,5,0.9750626087,0.9751361609,0.9783802032,0.0000000000,-0.0000735521,-0.0000735521,0,0,0.0000000000,FSS-1000,,,
2132_class-973,4,0.9711978436,0.9718912244,0.9721482992,0,0.9718912244,0.9718912244,0.9721482992,0.0006933808,-0.0006933808,0.0000000000,0,1,1.0000000000,FSS-1000,,,
2133_class-973,2,0.9683403969,0.9684317112,0.9690396786,2,0.9683403969,0.9684317112,0.9690396786,0.0000000000,-0.0000913143,-0.0000913143,0,0,0.0000000000,FSS-1000,,,
2134_class-973,3,0.9696105719,0.9618507624,0.9696705341,0,0.9618507624,0.9618507624,0.9696705341,-0.0077598095,0.0077598095,0.0000000000,1,1,0.0000000000,FSS-1000,,,
2135_class-973,3,0.9725384712,0.9719868898,0.9732843637,0,0.9719868898,0.9719868898,0.9732843637,-0.0005515814,0.0005515814,0.0000000000,1,1,0.0000000000,FSS-1000,,,
2136_class-973,4,0.9791883230,0.9796466827,0.9798282385,0,0.9796466827,0.9796466827,0.9798282385,0.0004583597,-0.0004583597,0.0000000000,0,1,1.0000000000,FSS-1000,,,
2137_class-973,5,0.9172337651,0.8825862408,0.9226057529,5,0.9172337651,0.8825862408,0.9226057529,0.0000000000,0.0346475244,0.0346475244,1,1,0.0000000000,FSS-1000,,,
2138_class-973,4,0.9448555708,0.9263128042,0.9448555708,4,0.9448555708,0.9263128042,0.9448555708,0.0000000000,0.0185427666,0.0185427666,1,1,0.0000000000,FSS-1000,,,
2139_class-973,2,0.9568246007,0.9565960765,0.9570195675,2,0.9568246007,0.9565960765,0.9570195675,0.0000000000,0.0002285242,0.0002285242,1,1,0.0000000000,FSS-1000,,,
2140_class-974,0,0.9490053654,0.9490053654,0.9490053654,0,0.9490053654,0.9490053654,0.9490053654,0.0000000000,0.0000000000,0.0000000000,1,1,0.0000000000,FSS-1000,,,
2141_class-974,2,0.9226905704,0.9246127605,0.9255366325,0,0.9246127605,0.9246127605,0.9255366325,0.0019221902,-0.0019221902,0.0000000000,0,1,1.0000000000,FSS-1000,,,
2142_class-974,5,0.7146635056,0.7772893310,0.7879455090,0,0.7772893310,0.7772893310,0.7879455090,0.0626258254,-0.0626258254,0.0000000000,0,1,1.0000000000,FSS-1000,,,
2143_class-974,4,0.9540879726,0.9561347961,0.9561347961,4,0.9540879726,0.9561347961,0.9561347961,0.0000000000,-0.0020468235,-0.0020468235,0,0,0.0000000000,FSS-1000,,,
2144_class-974,4,0.9099494815,0.9089030027,0.9107158184,4,0.9099494815,0.9089030027,0.9107158184,0.0000000000,0.0010464787,0.0010464787,1,1,0.0000000000,FSS-1000,,,
2145_class-974,4,0.9792168140,0.9799384475,0.9799384475,0,0.9799384475,0.9799384475,0.9799384475,0.0007216334,-0.0007216334,0.0000000000,0,1,1.0000000000,FSS-1000,,,
2146_class-974,2,0.9350768924,0.9348779321,0.9354763031,0,0.9348779321,0.9348779321,0.9354763031,-0.0001989603,0.0001989603,0.0000000000,1,1,0.0000000000,FSS-1000,,,
2147_class-974,0,0.9308922291,0.9308922291,0.9309833050,0,0.9308922291,0.9308922291,0.9309833050,0.0000000000,0.0000000000,0.0000000000,1,1,0.0000000000,FSS-1000,,,
2148_class-974,1,0.9597961903,0.9594806433,0.9610785246,0,0.9594806433,0.9594806433,0.9610785246,-0.0003155470,0.0003155470,0.0000000000,1,1,0.0000000000,FSS-1000,,,
2149_class-974,4,0.9589046240,0.9590399265,0.9591259360,0,0.9590399265,0.9590399265,0.9591259360,0.0001353025,-0.0001353025,0.0000000000,0,1,1.0000000000,FSS-1000,,,
2150_class-975,5,0.7872729301,0.7874225378,0.7874884605,5,0.7872729301,0.7874225378,0.7874884605,0.0000000000,-0.0001496077,-0.0001496077,0,0,0.0000000000,FSS-1000,,,
2151_class-975,5,0.9199368954,0.9190670848,0.9199368954,0,0.9190670848,0.9190670848,0.9199368954,-0.0008698106,0.0008698106,0.0000000000,1,1,0.0000000000,FSS-1000,,,
2152_class-975,4,0.9388567209,0.9374693632,0.9393302202,0,0.9374693632,0.9374693632,0.9393302202,-0.0013873577,0.0013873577,0.0000000000,1,1,0.0000000000,FSS-1000,,,
2153_class-975,3,0.9727386236,0.9703097343,0.9727386236,0,0.9703097343,0.9703097343,0.9727386236,-0.0024288893,0.0024288893,0.0000000000,1,1,0.0000000000,FSS-1000,,,
2154_class-975,1,0.9859856367,0.9860370159,0.9860370159,1,0.9859856367,0.9860370159,0.9860370159,0.0000000000,-0.0000513792,-0.0000513792,0,0,0.0000000000,FSS-1000,,,
2155_class-975,3,0.9792884588,0.9794177413,0.9794177413,0,0.9794177413,0.9794177413,0.9794177413,0.0001292825,-0.0001292825,0.0000000000,0,1,1.0000000000,FSS-1000,,,
2156_class-975,1,0.9868929982,0.9864658117,0.9869997501,1,0.9868929982,0.9864658117,0.9869997501,0.0000000000,0.0004271865,0.0004271865,1,1,0.0000000000,FSS-1000,,,
2157_class-975,2,0.9887174368,0.9887611866,0.9888467193,2,0.9887174368,0.9887611866,0.9888467193,0.0000000000,-0.0000437498,-0.0000437498,0,0,0.0000000000,FSS-1000,,,
2158_class-975,1,0.8623293638,0.8617057800,0.8623293638,0,0.8617057800,0.8617057800,0.8623293638,-0.0006235838,0.0006235838,0.0000000000,1,1,0.0000000000,FSS-1000,,,
2159_class-975,2,0.9853281975,0.9829145670,0.9853281975,2,0.9853281975,0.9829145670,0.9853281975,0.0000000000,0.0024136305,0.0024136305,1,1,0.0000000000,FSS-1000,,,
2160_class-976,3,0.9803268909,0.9798645973,0.9805443883,0,0.9798645973,0.9798645973,0.9805443883,-0.0004622936,0.0004622936,0.0000000000,1,1,0.0000000000,FSS-1000,,,
2161_class-976,3,0.9817444086,0.9823077321,0.9826222658,3,0.9817444086,0.9823077321,0.9826222658,0.0000000000,-0.0005633235,-0.0005633235,0,0,0.0000000000,FSS-1000,,,
2162_class-976,4,0.9800299406,0.9799450636,0.9807714820,4,0.9800299406,0.9799450636,0.9807714820,0.0000000000,0.0000848770,0.0000848770,1,1,0.0000000000,FSS-1000,,,
2163_class-976,5,0.9635969400,0.9629698992,0.9635969400,5,0.9635969400,0.9629698992,0.9635969400,0.0000000000,0.0006270409,0.0006270409,1,1,0.0000000000,FSS-1000,,,
2164_class-976,3,0.9614925385,0.9625326991,0.9629715681,0,0.9625326991,0.9625326991,0.9629715681,0.0010401607,-0.0010401607,0.0000000000,0,1,1.0000000000,FSS-1000,,,
2165_class-976,5,0.9673221111,0.9672895670,0.9677587748,5,0.9673221111,0.9672895670,0.9677587748,0.0000000000,0.0000325441,0.0000325441,1,1,0.0000000000,FSS-1000,,,
2166_class-976,0,0.9848904610,0.9848904610,0.9850590229,0,0.9848904610,0.9848904610,0.9850590229,0.0000000000,0.0000000000,0.0000000000,1,1,0.0000000000,FSS-1000,,,
2167_class-976,3,0.9789706469,0.9794714451,0.9798468351,3,0.9789706469,0.9794714451,0.9798468351,0.0000000000,-0.0005007982,-0.0005007982,0,0,0.0000000000,FSS-1000,,,
2168_class-976,0,0.9628758430,0.9628758430,0.9635709524,0,0.9628758430,0.9628758430,0.9635709524,0.0000000000,0.0000000000,0.0000000000,1,1,0.0000000000,FSS-1000,,,
2169_class-976,0,0.9693909287,0.9693909287,0.9698393941,0,0.9693909287,0.9693909287,0.9698393941,0.0000000000,0.0000000000,0.0000000000,1,1,0.0000000000,FSS-1000,,,
2170_class-977,3,0.0753507391,0.3364926279,0.3364926279,0,0.3364926279,0.3364926279,0.3364926279,0.2611418888,-0.2611418888,0.0000000000,0,1,1.0000000000,FSS-1000,,,
2171_class-977,1,0.9131839275,0.9232813120,0.9268230200,1,0.9131839275,0.9232813120,0.9268230200,0.0000000000,-0.0100973845,-0.0100973845,0,0,0.0000000000,FSS-1000,,,
2172_class-977,1,0.9726611376,0.9689427614,0.9749106169,1,0.9726611376,0.9689427614,0.9749106169,0.0000000000,0.0037183762,0.0037183762,1,1,0.0000000000,FSS-1000,,,
2173_class-977,0,0.9787806273,0.9787806273,0.9787806273,0,0.9787806273,0.9787806273,0.9787806273,0.0000000000,0.0000000000,0.0000000000,1,1,0.0000000000,FSS-1000,,,
2174_class-977,1,0.9410956502,0.8756190538,0.9410956502,1,0.9410956502,0.8756190538,0.9410956502,0.0000000000,0.0654765964,0.0654765964,1,1,0.0000000000,FSS-1000,,,
2175_class-977,2,0.9073272347,0.9070256948,0.9073272347,2,0.9073272347,0.9070256948,0.9073272347,0.0000000000,0.0003015399,0.0003015399,1,1,0.0000000000,FSS-1000,,,
2176_class-977,4,0.9615008831,0.9605722427,0.9620547295,4,0.9615008831,0.9605722427,0.9620547295,0.0000000000,0.0009286404,0.0009286404,1,1,0.0000000000,FSS-1000,,,
2177_class-977,1,0.9541330934,0.9510024786,0.9541330934,1,0.9541330934,0.9510024786,0.9541330934,0.0000000000,0.0031306148,0.0031306148,1,1,0.0000000000,FSS-1000,,,
2178_class-977,2,0.8977633715,0.8994892240,0.8998516798,0,0.8994892240,0.8994892240,0.8998516798,0.0017258525,-0.0017258525,0.0000000000,0,1,1.0000000000,FSS-1000,,,
2179_class-977,1,0.8321585059,0.8956551552,0.8956551552,1,0.8321585059,0.8956551552,0.8956551552,0.0000000000,-0.0634966493,-0.0634966493,0,0,0.0000000000,FSS-1000,,,
2180_class-978,1,0.9633549452,0.9462884665,0.9639558792,0,0.9462884665,0.9462884665,0.9639558792,-0.0170664787,0.0170664787,0.0000000000,1,1,0.0000000000,FSS-1000,,,
2181_class-978,4,0.8948072195,0.8951376081,0.8952206373,0,0.8951376081,0.8951376081,0.8952206373,0.0003303885,-0.0003303885,0.0000000000,0,1,1.0000000000,FSS-1000,,,
2182_class-978,0,0.7830731869,0.7830731869,0.8088017106,0,0.7830731869,0.7830731869,0.8088017106,0.0000000000,0.0000000000,0.0000000000,1,1,0.0000000000,FSS-1000,,,
2183_class-978,3,0.9102671146,0.9066816568,0.9102671146,3,0.9102671146,0.9066816568,0.9102671146,0.0000000000,0.0035854578,0.0035854578,1,1,0.0000000000,FSS-1000,,,
2184_class-978,5,0.7397512197,0.8492023945,0.8492023945,0,0.8492023945,0.8492023945,0.8492023945,0.1094511747,-0.1094511747,0.0000000000,0,1,1.0000000000,FSS-1000,,,
2185_class-978,2,0.8901075721,0.8957252502,0.8959850669,2,0.8901075721,0.8957252502,0.8959850669,0.0000000000,-0.0056176782,-0.0056176782,0,0,0.0000000000,FSS-1000,,,
2186_class-978,5,0.9444355965,0.8219453096,0.9444355965,0,0.8219453096,0.8219453096,0.9444355965,-0.1224902868,0.1224902868,0.0000000000,1,1,0.0000000000,FSS-1000,,,
2187_class-978,3,0.8558208942,0.8425417542,0.8737354279,3,0.8558208942,0.8425417542,0.8737354279,0.0000000000,0.0132791400,0.0132791400,1,1,0.0000000000,FSS-1000,,,
2188_class-978,0,0.8786629438,0.8786629438,0.8866119385,0,0.8786629438,0.8786629438,0.8866119385,0.0000000000,0.0000000000,0.0000000000,1,1,0.0000000000,FSS-1000,,,
2189_class-978,3,0.9381973743,0.9402278662,0.9405154586,0,0.9402278662,0.9402278662,0.9405154586,0.0020304918,-0.0020304918,0.0000000000,0,1,1.0000000000,FSS-1000,,,
2190_class-979,4,0.8986200094,0.8871339560,0.8986200094,0,0.8871339560,0.8871339560,0.8986200094,-0.0114860535,0.0114860535,0.0000000000,1,1,0.0000000000,FSS-1000,,,
2191_class-979,2,0.9722789526,0.9722179174,0.9725817442,0,0.9722179174,0.9722179174,0.9725817442,-0.0000610352,0.0000610352,0.0000000000,1,1,0.0000000000,FSS-1000,,,
2192_class-979,3,0.9837224483,0.9837059975,0.9837224483,3,0.9837224483,0.9837059975,0.9837224483,0.0000000000,0.0000164509,0.0000164509,1,1,0.0000000000,FSS-1000,,,
2193_class-979,2,0.9582315683,0.9508558512,0.9582315683,0,0.9508558512,0.9508558512,0.9582315683,-0.0073757172,0.0073757172,0.0000000000,1,1,0.0000000000,FSS-1000,,,
2194_class-979,3,0.9645788074,0.9664027095,0.9664027095,0,0.9664027095,0.9664027095,0.9664027095,0.0018239021,-0.0018239021,0.0000000000,0,1,1.0000000000,FSS-1000,,,
2195_class-979,2,0.9629026055,0.9634943008,0.9636664987,0,0.9634943008,0.9634943008,0.9636664987,0.0005916953,-0.0005916953,0.0000000000,0,1,1.0000000000,FSS-1000,,,
2196_class-979,5,0.9605519176,0.9463932514,0.9649485350,5,0.9605519176,0.9463932514,0.9649485350,0.0000000000,0.0141586661,0.0141586661,1,1,0.0000000000,FSS-1000,,,
2197_class-979,0,0.9580481052,0.9580481052,0.9727393389,0,0.9580481052,0.9580481052,0.9727393389,0.0000000000,0.0000000000,0.0000000000,1,1,0.0000000000,FSS-1000,,,
2198_class-979,5,0.6715792418,0.7867718935,0.7867718935,0,0.7867718935,0.7867718935,0.7867718935,0.1151926517,-0.1151926517,0.0000000000,0,1,1.0000000000,FSS-1000,,,
2199_class-979,5,0.9190797806,0.9155867696,0.9190797806,0,0.9155867696,0.9155867696,0.9190797806,-0.0034930110,0.0034930110,0.0000000000,1,1,0.0000000000,FSS-1000,,,
2200_class-980,3,0.8563137054,0.4937596917,0.8643538952,0,0.4937596917,0.4937596917,0.8643538952,-0.3625540137,0.3625540137,0.0000000000,1,1,0.0000000000,FSS-1000,,,
2201_class-980,0,0.0302319545,0.0302319545,0.4987065792,0,0.0302319545,0.0302319545,0.4987065792,0.0000000000,0.0000000000,0.0000000000,1,1,0.0000000000,FSS-1000,,,
2202_class-980,1,0.0040330067,0.0039189304,0.0041706641,0,0.0039189304,0.0039189304,0.0041706641,-0.0001140763,0.0001140763,0.0000000000,1,1,0.0000000000,FSS-1000,,,
2203_class-980,3,0.8922836781,0.8922471404,0.9074366093,3,0.8922836781,0.8922471404,0.9074366093,0.0000000000,0.0000365376,0.0000365376,1,1,0.0000000000,FSS-1000,,,
2204_class-980,0,0.9791644812,0.9791644812,0.9794601202,0,0.9791644812,0.9791644812,0.9794601202,0.0000000000,0.0000000000,0.0000000000,1,1,0.0000000000,FSS-1000,,,
2205_class-980,5,0.8526863456,0.2154243141,0.8526863456,5,0.8526863456,0.2154243141,0.8526863456,0.0000000000,0.6372620314,0.6372620314,1,1,0.0000000000,FSS-1000,,,
2206_class-980,2,0.8794040680,0.8976346254,0.9292306900,0,0.8976346254,0.8976346254,0.9292306900,0.0182305574,-0.0182305574,0.0000000000,0,1,1.0000000000,FSS-1000,,,
2207_class-980,0,0.1964975148,0.1964975148,0.2073947936,0,0.1964975148,0.1964975148,0.2073947936,0.0000000000,0.0000000000,0.0000000000,1,1,0.0000000000,FSS-1000,,,
2208_class-980,4,0.7667003870,0.7626987100,0.7667003870,4,0.7667003870,0.7626987100,0.7667003870,0.0000000000,0.0040016770,0.0040016770,1,1,0.0000000000,FSS-1000,,,
2209_class-980,1,0.8745536208,0.7792127132,0.8745536208,1,0.8745536208,0.7792127132,0.8745536208,0.0000000000,0.0953409076,0.0953409076,1,1,0.0000000000,FSS-1000,,,
2210_class-981,2,0.9103213549,0.9086386561,0.9149987102,2,0.9103213549,0.9086386561,0.9149987102,0.0000000000,0.0016826987,0.0016826987,1,1,0.0000000000,FSS-1000,,,
2211_class-981,0,0.9162112474,0.9162112474,0.9162112474,0,0.9162112474,0.9162112474,0.9162112474,0.0000000000,0.0000000000,0.0000000000,1,1,0.0000000000,FSS-1000,,,
2212_class-981,2,0.9381173849,0.9312821627,0.9381173849,2,0.9381173849,0.9312821627,0.9381173849,0.0000000000,0.0068352222,0.0068352222,1,1,0.0000000000,FSS-1000,,,
2213_class-981,2,0.9354923964,0.9343084097,0.9375661612,2,0.9354923964,0.9343084097,0.9375661612,0.0000000000,0.0011839867,0.0011839867,1,1,0.0000000000,FSS-1000,,,
2214_class-981,0,0.9724914432,0.9724914432,0.9724914432,0,0.9724914432,0.9724914432,0.9724914432,0.0000000000,0.0000000000,0.0000000000,1,1,0.0000000000,FSS-1000,,,
2215_class-981,3,0.2728467584,0.8616521955,0.8616521955,0,0.8616521955,0.8616521955,0.8616521955,0.5888054371,-0.5888054371,0.0000000000,0,1,1.0000000000,FSS-1000,,,
2216_class-981,0,0.1212100387,0.1212100387,0.8628846407,0,0.1212100387,0.1212100387,0.8628846407,0.0000000000,0.0000000000,0.0000000000,1,1,0.0000000000,FSS-1000,,,
2217_class-981,5,0.9206078053,0.9206247926,0.9206692576,5,0.9206078053,0.9206247926,0.9206692576,0.0000000000,-0.0000169873,-0.0000169873,0,0,0.0000000000,FSS-1000,,,
2218_class-981,4,0.1549703926,0.1553083509,0.2090773135,0,0.1553083509,0.1553083509,0.2090773135,0.0003379583,-0.0003379583,0.0000000000,0,1,1.0000000000,FSS-1000,,,
2219_class-981,2,0.9622682929,0.9626042843,0.9626042843,0,0.9626042843,0.9626042843,0.9626042843,0.0003359914,-0.0003359914,0.0000000000,0,1,1.0000000000,FSS-1000,,,
2220_class-982,5,0.9787790179,0.9575279951,0.9787790179,0,0.9575279951,0.9575279951,0.9787790179,-0.0212510228,0.0212510228,0.0000000000,1,1,0.0000000000,FSS-1000,,,
2221_class-982,0,0.9897536039,0.9897536039,0.9897536039,0,0.9897536039,0.9897536039,0.9897536039,0.0000000000,0.0000000000,0.0000000000,1,1,0.0000000000,FSS-1000,,,
2222_class-982,3,0.8975079060,0.8976644874,0.8982270360,0,0.8976644874,0.8976644874,0.8982270360,0.0001565814,-0.0001565814,0.0000000000,0,1,1.0000000000,FSS-1000,,,
2223_class-982,4,0.9403315783,0.9394980669,0.9764449596,0,0.9394980669,0.9394980669,0.9764449596,-0.0008335114,0.0008335114,0.0000000000,1,1,0.0000000000,FSS-1000,,,
2224_class-982,1,0.9789890051,0.9794645309,0.9794645309,0,0.9794645309,0.9794645309,0.9794645309,0.0004755259,-0.0004755259,0.0000000000,0,1,1.0000000000,FSS-1000,,,
2225_class-982,1,0.9808835983,0.9804204702,0.9811427593,0,0.9804204702,0.9804204702,0.9811427593,-0.0004631281,0.0004631281,0.0000000000,1,1,0.0000000000,FSS-1000,,,
2226_class-982,2,0.9817567468,0.8361145854,0.9820564985,2,0.9817567468,0.8361145854,0.9820564985,0.0000000000,0.1456421614,0.1456421614,1,1,0.0000000000,FSS-1000,,,
2227_class-982,1,0.8704192638,0.8703825474,0.9809848070,0,0.8703825474,0.8703825474,0.9809848070,-0.0000367165,0.0000367165,0.0000000000,1,1,0.0000000000,FSS-1000,,,
2228_class-982,1,0.9836975336,0.9836200476,0.9836975336,1,0.9836975336,0.9836200476,0.9836975336,0.0000000000,0.0000774860,0.0000774860,1,1,0.0000000000,FSS-1000,,,
2229_class-982,1,0.8595969677,0.8532355428,0.8695445657,0,0.8532355428,0.8532355428,0.8695445657,-0.0063614249,0.0063614249,0.0000000000,1,1,0.0000000000,FSS-1000,,,
2230_class-983,2,0.9118834734,0.9084100127,0.9193328619,0,0.9084100127,0.9084100127,0.9193328619,-0.0034734607,0.0034734607,0.0000000000,1,1,0.0000000000,FSS-1000,,,
2231_class-983,4,0.8944962025,0.8940159082,0.8944962025,4,0.8944962025,0.8940159082,0.8944962025,0.0000000000,0.0004802942,0.0004802942,1,1,0.0000000000,FSS-1000,,,
2232_class-983,4,0.9777958393,0.9780195951,0.9780195951,4,0.9777958393,0.9780195951,0.9780195951,0.0000000000,-0.0002237558,-0.0002237558,0,0,0.0000000000,FSS-1000,,,
2233_class-983,5,0.9371793866,0.9385593534,0.9439432025,0,0.9385593534,0.9385593534,0.9439432025,0.0013799667,-0.0013799667,0.0000000000,0,1,1.0000000000,FSS-1000,,,
2234_class-983,1,0.9484415650,0.9457170963,0.9484415650,1,0.9484415650,0.9457170963,0.9484415650,0.0000000000,0.0027244687,0.0027244687,1,1,0.0000000000,FSS-1000,,,
2235_class-983,2,0.9090458155,0.9094408751,0.9094961286,2,0.9090458155,0.9094408751,0.9094961286,0.0000000000,-0.0003950596,-0.0003950596,0,0,0.0000000000,FSS-1000,,,
2236_class-983,1,0.9157474041,0.9140100479,0.9157474041,0,0.9140100479,0.9140100479,0.9157474041,-0.0017373562,0.0017373562,0.0000000000,1,1,0.0000000000,FSS-1000,,,
2237_class-983,2,0.8589495420,0.8624641895,0.8701206446,2,0.8589495420,0.8624641895,0.8701206446,0.0000000000,-0.0035146475,-0.0035146475,0,0,0.0000000000,FSS-1000,,,
2238_class-983,0,0.9331099987,0.9331099987,0.9331099987,0,0.9331099987,0.9331099987,0.9331099987,0.0000000000,0.0000000000,0.0000000000,1,1,0.0000000000,FSS-1000,,,
2239_class-983,0,0.9862272739,0.9862272739,0.9867251515,0,0.9862272739,0.9862272739,0.9867251515,0.0000000000,0.0000000000,0.0000000000,1,1,0.0000000000,FSS-1000,,,
2240_class-984,3,0.9844187498,0.9844787121,0.9844859838,0,0.9844787121,0.9844787121,0.9844859838,0.0000599623,-0.0000599623,0.0000000000,0,1,1.0000000000,FSS-1000,,,
2241_class-984,2,0.9837206602,0.9836908579,0.9837206602,2,0.9837206602,0.9836908579,0.9837206602,0.0000000000,0.0000298023,0.0000298023,1,1,0.0000000000,FSS-1000,,,
2242_class-984,3,0.9913079143,0.9915223122,0.9915223122,0,0.9915223122,0.9915223122,0.9915223122,0.0002143979,-0.0002143979,0.0000000000,0,1,1.0000000000,FSS-1000,,,
2243_class-984,3,0.9884761572,0.9884376526,0.9884761572,3,0.9884761572,0.9884376526,0.9884761572,0.0000000000,0.0000385046,0.0000385046,1,1,0.0000000000,FSS-1000,,,
2244_class-984,4,0.9764595032,0.9764080644,0.9764927626,4,0.9764595032,0.9764080644,0.9764927626,0.0000000000,0.0000514388,0.0000514388,1,1,0.0000000000,FSS-1000,,,
2245_class-984,4,0.9874066114,0.9874654412,0.9875390530,0,0.9874654412,0.9874654412,0.9875390530,0.0000588298,-0.0000588298,0.0000000000,0,1,1.0000000000,FSS-1000,,,
2246_class-984,0,0.9903793335,0.9903793335,0.9903869629,0,0.9903793335,0.9903793335,0.9903869629,0.0000000000,0.0000000000,0.0000000000,1,1,0.0000000000,FSS-1000,,,
2247_class-984,4,0.8948410749,0.8944541216,0.9834806323,0,0.8944541216,0.8944541216,0.9834806323,-0.0003869534,0.0003869534,0.0000000000,1,1,0.0000000000,FSS-1000,,,
2248_class-984,4,0.9894220829,0.9897278547,0.9897661209,0,0.9897278547,0.9897278547,0.9897661209,0.0003057718,-0.0003057718,0.0000000000,0,1,1.0000000000,FSS-1000,,,
2249_class-984,5,0.9677586555,0.9593847394,0.9765950441,5,0.9677586555,0.9593847394,0.9765950441,0.0000000000,0.0083739161,0.0083739161,1,1,0.0000000000,FSS-1000,,,
2250_class-985,5,0.9456492066,0.9478536844,0.9481577873,0,0.9478536844,0.9478536844,0.9481577873,0.0022044778,-0.0022044778,0.0000000000,0,1,1.0000000000,FSS-1000,,,
2251_class-985,1,0.9143182039,0.9147887230,0.9150637388,0,0.9147887230,0.9147887230,0.9150637388,0.0004705191,-0.0004705191,0.0000000000,0,1,1.0000000000,FSS-1000,,,
2252_class-985,5,0.9622955322,0.9626103044,0.9635055065,5,0.9622955322,0.9626103044,0.9635055065,0.0000000000,-0.0003147721,-0.0003147721,0,0,0.0000000000,FSS-1000,,,
2253_class-985,4,0.9535765648,0.9601917267,0.9619846940,0,0.9601917267,0.9601917267,0.9619846940,0.0066151619,-0.0066151619,0.0000000000,0,1,1.0000000000,FSS-1000,,,
2254_class-985,3,0.9617986679,0.9635728002,0.9635728002,3,0.9617986679,0.9635728002,0.9635728002,0.0000000000,-0.0017741323,-0.0017741323,0,0,0.0000000000,FSS-1000,,,
2255_class-985,4,0.9540345669,0.9575210214,0.9590735435,0,0.9575210214,0.9575210214,0.9590735435,0.0034864545,-0.0034864545,0.0000000000,0,1,1.0000000000,FSS-1000,,,
2256_class-985,4,0.9361360669,0.9357148409,0.9380681515,4,0.9361360669,0.9357148409,0.9380681515,0.0000000000,0.0004212260,0.0004212260,1,1,0.0000000000,FSS-1000,,,
2257_class-985,2,0.8872551918,0.8882776499,0.8892914057,2,0.8872551918,0.8882776499,0.8892914057,0.0000000000,-0.0010224581,-0.0010224581,0,0,0.0000000000,FSS-1000,,,
2258_class-985,1,0.9203102589,0.9285928011,0.9589812756,0,0.9285928011,0.9285928011,0.9589812756,0.0082825422,-0.0082825422,0.0000000000,0,1,1.0000000000,FSS-1000,,,
2259_class-985,2,0.9115356207,0.9114166498,0.9121154547,0,0.9114166498,0.9114166498,0.9121154547,-0.0001189709,0.0001189709,0.0000000000,1,1,0.0000000000,FSS-1000,,,
2260_class-986,0,0.9764401913,0.9764401913,0.9765310287,0,0.9764401913,0.9764401913,0.9765310287,0.0000000000,0.0000000000,0.0000000000,1,1,0.0000000000,FSS-1000,,,
2261_class-986,1,0.9569765925,0.9569592476,0.9570226669,0,0.9569592476,0.9569592476,0.9570226669,-0.0000173450,0.0000173450,0.0000000000,1,1,0.0000000000,FSS-1000,,,
2262_class-986,5,0.6377176046,0.6372032762,0.8035789728,5,0.6377176046,0.6372032762,0.8035789728,0.0000000000,0.0005143285,0.0005143285,1,1,0.0000000000,FSS-1000,,,
2263_class-986,2,0.9408800602,0.9517772198,0.9519020319,2,0.9408800602,0.9517772198,0.9519020319,0.0000000000,-0.0108971596,-0.0108971596,0,0,0.0000000000,FSS-1000,,,
2264_class-986,3,0.9805166125,0.9811141491,0.9811141491,0,0.9811141491,0.9811141491,0.9811141491,0.0005975366,-0.0005975366,0.0000000000,0,1,1.0000000000,FSS-1000,,,
2265_class-986,2,0.9444292784,0.9449551105,0.9458177090,0,0.9449551105,0.9449551105,0.9458177090,0.0005258322,-0.0005258322,0.0000000000,0,1,1.0000000000,FSS-1000,,,
2266_class-986,1,0.9428362846,0.9391484261,0.9428362846,1,0.9428362846,0.9391484261,0.9428362846,0.0000000000,0.0036878586,0.0036878586,1,1,0.0000000000,FSS-1000,,,
2267_class-986,1,0.9764014482,0.9772076011,0.9772754312,1,0.9764014482,0.9772076011,0.9772754312,0.0000000000,-0.0008061528,-0.0008061528,0,0,0.0000000000,FSS-1000,,,
2268_class-986,4,0.9671303630,0.9682654142,0.9683867693,0,0.9682654142,0.9682654142,0.9683867693,0.0011350513,-0.0011350513,0.0000000000,0,1,1.0000000000,FSS-1000,,,
2269_class-986,0,0.9783813953,0.9783813953,0.9783813953,0,0.9783813953,0.9783813953,0.9783813953,0.0000000000,0.0000000000,0.0000000000,1,1,0.0000000000,FSS-1000,,,
2270_class-987,4,0.9844715595,0.9846419096,0.9846419096,0,0.9846419096,0.9846419096,0.9846419096,0.0001703501,-0.0001703501,0.0000000000,0,1,1.0000000000,FSS-1000,,,
2271_class-987,5,0.9761588573,0.9759601355,0.9768761396,0,0.9759601355,0.9759601355,0.9768761396,-0.0001987219,0.0001987219,0.0000000000,1,1,0.0000000000,FSS-1000,,,
2272_class-987,3,0.4686879516,0.5906244516,0.5906244516,0,0.5906244516,0.5906244516,0.5906244516,0.1219365001,-0.1219365001,0.0000000000,0,1,1.0000000000,FSS-1000,,,
2273_class-987,3,0.9902052879,0.9904593229,0.9904671907,0,0.9904593229,0.9904593229,0.9904671907,0.0002540350,-0.0002540350,0.0000000000,0,1,1.0000000000,FSS-1000,,,
2274_class-987,1,0.2558567226,0.2083884031,0.2960710227,1,0.2558567226,0.2083884031,0.2960710227,0.0000000000,0.0474683195,0.0474683195,1,1,0.0000000000,FSS-1000,,,
2275_class-987,2,0.9855915308,0.9854593277,0.9855915308,2,0.9855915308,0.9854593277,0.9855915308,0.0000000000,0.0001322031,0.0001322031,1,1,0.0000000000,FSS-1000,,,
2276_class-987,0,0.9881510735,0.9881510735,0.9883916378,0,0.9881510735,0.9881510735,0.9883916378,0.0000000000,0.0000000000,0.0000000000,1,1,0.0000000000,FSS-1000,,,
2277_class-987,1,0.9665164948,0.9291658401,0.9755539894,0,0.9291658401,0.9291658401,0.9755539894,-0.0373506546,0.0373506546,0.0000000000,1,1,0.0000000000,FSS-1000,,,
2278_class-987,4,0.7843923569,0.7917469740,0.7931413651,0,0.7917469740,0.7917469740,0.7931413651,0.0073546171,-0.0073546171,0.0000000000,0,1,1.0000000000,FSS-1000,,,
2279_class-987,3,0.9850593805,0.8370767832,0.9861480594,3,0.9850593805,0.8370767832,0.9861480594,0.0000000000,0.1479825974,0.1479825974,1,1,0.0000000000,FSS-1000,,,
2280_class-988,1,0.9517008662,0.9519520998,0.9519520998,0,0.9519520998,0.9519520998,0.9519520998,0.0002512336,-0.0002512336,0.0000000000,0,1,1.0000000000,FSS-1000,,,
2281_class-988,2,0.9857146144,0.9857129455,0.9860122204,0,0.9857129455,0.9857129455,0.9860122204,-0.0000016689,0.0000016689,0.0000000000,1,1,0.0000000000,FSS-1000,,,
2282_class-988,5,0.9757089615,0.9756848812,0.9757089615,0,0.9756848812,0.9756848812,0.9757089615,-0.0000240803,0.0000240803,0.0000000000,1,1,0.0000000000,FSS-1000,,,
2283_class-988,1,0.9682998061,0.9651253819,0.9692878127,0,0.9651253819,0.9651253819,0.9692878127,-0.0031744242,0.0031744242,0.0000000000,1,1,0.0000000000,FSS-1000,,,
2284_class-988,4,0.9624289274,0.0650104955,0.9628515244,4,0.9624289274,0.0650104955,0.9628515244,0.0000000000,0.8974184319,0.8974184319,1,1,0.0000000000,FSS-1000,,,
2285_class-988,5,0.8801951408,0.8654935360,0.9420430064,5,0.8801951408,0.8654935360,0.9420430064,0.0000000000,0.0147016048,0.0147016048,1,1,0.0000000000,FSS-1000,,,
2286_class-988,5,0.9668762088,0.9659889936,0.9668762088,0,0.9659889936,0.9659889936,0.9668762088,-0.0008872151,0.0008872151,0.0000000000,1,1,0.0000000000,FSS-1000,,,
2287_class-988,2,0.9796166420,0.0856808797,0.9796166420,2,0.9796166420,0.0856808797,0.9796166420,0.0000000000,0.8939357623,0.8939357623,1,1,0.0000000000,FSS-1000,,,
2288_class-988,4,0.9690494537,0.9685670137,0.9700247049,4,0.9690494537,0.9685670137,0.9700247049,0.0000000000,0.0004824400,0.0004824400,1,1,0.0000000000,FSS-1000,,,
2289_class-988,0,0.9740526676,0.9740526676,0.9740526676,0,0.9740526676,0.9740526676,0.9740526676,0.0000000000,0.0000000000,0.0000000000,1,1,0.0000000000,FSS-1000,,,
2290_class-989,1,0.8274632692,0.8254898787,0.8274632692,0,0.8254898787,0.8254898787,0.8274632692,-0.0019733906,0.0019733906,0.0000000000,1,1,0.0000000000,FSS-1000,,,
2291_class-989,2,0.1093119234,0.3624188900,0.4436533749,0,0.3624188900,0.3624188900,0.4436533749,0.2531069666,-0.2531069666,0.0000000000,0,1,1.0000000000,FSS-1000,,,
2292_class-989,3,0.3336970508,0.7298151255,0.7298151255,0,0.7298151255,0.7298151255,0.7298151255,0.3961180747,-0.3961180747,0.0000000000,0,1,1.0000000000,FSS-1000,,,
2293_class-989,3,0.7638632655,0.6113547683,0.7638632655,3,0.7638632655,0.6113547683,0.7638632655,0.0000000000,0.1525084972,0.1525084972,1,1,0.0000000000,FSS-1000,,,
2294_class-989,5,0.2396403551,0.2704419196,0.6444197893,0,0.2704419196,0.2704419196,0.6444197893,0.0308015645,-0.0308015645,0.0000000000,0,1,1.0000000000,FSS-1000,,,
2295_class-989,0,0.9179714918,0.9179714918,0.9253113270,0,0.9179714918,0.9179714918,0.9253113270,0.0000000000,0.0000000000,0.0000000000,1,1,0.0000000000,FSS-1000,,,
2296_class-989,1,0.9197500944,0.9199719429,0.9199719429,0,0.9199719429,0.9199719429,0.9199719429,0.0002218485,-0.0002218485,0.0000000000,0,1,1.0000000000,FSS-1000,,,
2297_class-989,2,0.8688184619,0.8706579804,0.8714963198,2,0.8688184619,0.8706579804,0.8714963198,0.0000000000,-0.0018395185,-0.0018395185,0,0,0.0000000000,FSS-1000,,,
2298_class-989,3,0.8827785254,0.8753862381,0.8932638168,3,0.8827785254,0.8753862381,0.8932638168,0.0000000000,0.0073922873,0.0073922873,1,1,0.0000000000,FSS-1000,,,
2299_class-989,0,0.9300519228,0.9300519228,0.9300519228,0,0.9300519228,0.9300519228,0.9300519228,0.0000000000,0.0000000000,0.0000000000,1,1,0.0000000000,FSS-1000,,,
2300_class-990,1,0.9711810946,0.9711394906,0.9714610577,1,0.9711810946,0.9711394906,0.9714610577,0.0000000000,0.0000416040,0.0000416040,1,1,0.0000000000,FSS-1000,,,
2301_class-990,4,0.9815690517,0.9811344147,0.9818023443,0,0.9811344147,0.9811344147,0.9818023443,-0.0004346371,0.0004346371,0.0000000000,1,1,0.0000000000,FSS-1000,,,
2302_class-990,2,0.9463751316,0.9491059780,0.9559166431,0,0.9491059780,0.9491059780,0.9559166431,0.0027308464,-0.0027308464,0.0000000000,0,1,1.0000000000,FSS-1000,,,
2303_class-990,4,0.9703661799,0.9700449705,0.9703661799,0,0.9700449705,0.9700449705,0.9703661799,-0.0003212094,0.0003212094,0.0000000000,1,1,0.0000000000,FSS-1000,,,
2304_class-990,1,0.9813188314,0.9814194441,0.9814480543,1,0.9813188314,0.9814194441,0.9814480543,0.0000000000,-0.0001006126,-0.0001006126,0,0,0.0000000000,FSS-1000,,,
2305_class-990,0,0.9816560745,0.9816560745,0.9827253222,0,0.9816560745,0.9816560745,0.9827253222,0.0000000000,0.0000000000,0.0000000000,1,1,0.0000000000,FSS-1000,,,
2306_class-990,1,0.9732066393,0.9733565450,0.9743038416,1,0.9732066393,0.9733565450,0.9743038416,0.0000000000,-0.0001499057,-0.0001499057,0,0,0.0000000000,FSS-1000,,,
2307_class-990,3,0.9291818142,0.9242896438,0.9462529421,3,0.9291818142,0.9242896438,0.9462529421,0.0000000000,0.0048921704,0.0048921704,1,1,0.0000000000,FSS-1000,,,
2308_class-990,4,0.9644552469,0.9632861614,0.9644552469,0,0.9632861614,0.9632861614,0.9644552469,-0.0011690855,0.0011690855,0.0000000000,1,1,0.0000000000,FSS-1000,,,
2309_class-990,2,0.9779063463,0.9780813456,0.9780839086,0,0.9780813456,0.9780813456,0.9780839086,0.0001749992,-0.0001749992,0.0000000000,0,1,1.0000000000,FSS-1000,,,
2310_class-991,1,0.8698164225,0.9400537610,0.9400537610,1,0.8698164225,0.9400537610,0.9400537610,0.0000000000,-0.0702373385,-0.0702373385,0,0,0.0000000000,FSS-1000,,,
2311_class-991,3,0.9590744376,0.9583889246,0.9590744376,0,0.9583889246,0.9583889246,0.9590744376,-0.0006855130,0.0006855130,0.0000000000,1,1,0.0000000000,FSS-1000,,,
2312_class-991,3,0.9136223197,0.9133640528,0.9136223197,0,0.9133640528,0.9133640528,0.9136223197,-0.0002582669,0.0002582669,0.0000000000,1,1,0.0000000000,FSS-1000,,,
2313_class-991,1,0.9691127539,0.9696978331,0.9698063731,0,0.9696978331,0.9696978331,0.9698063731,0.0005850792,-0.0005850792,0.0000000000,0,1,1.0000000000,FSS-1000,,,
2314_class-991,4,0.9701499939,0.9700535536,0.9702807665,0,0.9700535536,0.9700535536,0.9702807665,-0.0000964403,0.0000964403,0.0000000000,1,1,0.0000000000,FSS-1000,,,
2315_class-991,1,0.9791327715,0.9795923233,0.9799818993,0,0.9795923233,0.9795923233,0.9799818993,0.0004595518,-0.0004595518,0.0000000000,0,1,1.0000000000,FSS-1000,,,
2316_class-991,1,0.9440273046,0.9441925287,0.9441925287,0,0.9441925287,0.9441925287,0.9441925287,0.0001652241,-0.0001652241,0.0000000000,0,1,1.0000000000,FSS-1000,,,
2317_class-991,4,0.9375044107,0.9370495081,0.9375044107,4,0.9375044107,0.9370495081,0.9375044107,0.0000000000,0.0004549026,0.0004549026,1,1,0.0000000000,FSS-1000,,,
2318_class-991,1,0.9848119020,0.9858577251,0.9858577251,0,0.9858577251,0.9858577251,0.9858577251,0.0010458231,-0.0010458231,0.0000000000,0,1,1.0000000000,FSS-1000,,,
2319_class-991,5,0.9693599939,0.9692977667,0.9693858027,5,0.9693599939,0.9692977667,0.9693858027,0.0000000000,0.0000622272,0.0000622272,1,1,0.0000000000,FSS-1000,,,
2320_class-992,5,0.8541212082,0.8306120038,0.8541212082,5,0.8541212082,0.8306120038,0.8541212082,0.0000000000,0.0235092044,0.0235092044,1,1,0.0000000000,FSS-1000,,,
2321_class-992,1,0.8860023618,0.9018363953,0.9046276212,0,0.9018363953,0.9018363953,0.9046276212,0.0158340335,-0.0158340335,0.0000000000,0,1,1.0000000000,FSS-1000,,,
2322_class-992,5,0.7756258845,0.8034787178,0.8237539530,0,0.8034787178,0.8034787178,0.8237539530,0.0278528333,-0.0278528333,0.0000000000,0,1,1.0000000000,FSS-1000,,,
2323_class-992,4,0.9224690199,0.9211097956,0.9238168001,0,0.9211097956,0.9211097956,0.9238168001,-0.0013592243,0.0013592243,0.0000000000,1,1,0.0000000000,FSS-1000,,,
2324_class-992,5,0.6169507504,0.8047227263,0.8298143148,0,0.8047227263,0.8047227263,0.8298143148,0.1877719760,-0.1877719760,0.0000000000,0,1,1.0000000000,FSS-1000,,,
2325_class-992,0,0.7201630473,0.7201630473,0.9190721512,0,0.7201630473,0.7201630473,0.9190721512,0.0000000000,0.0000000000,0.0000000000,1,1,0.0000000000,FSS-1000,,,
2326_class-992,1,0.7854599953,0.8289406896,0.8339740634,0,0.8289406896,0.8289406896,0.8339740634,0.0434806943,-0.0434806943,0.0000000000,0,1,1.0000000000,FSS-1000,,,
2327_class-992,3,0.3598268032,0.3373488486,0.3907043934,3,0.3598268032,0.3373488486,0.3907043934,0.0000000000,0.0224779546,0.0224779546,1,1,0.0000000000,FSS-1000,,,
2328_class-992,4,0.9288934469,0.9201108217,0.9395605326,0,0.9201108217,0.9201108217,0.9395605326,-0.0087826252,0.0087826252,0.0000000000,1,1,0.0000000000,FSS-1000,,,
2329_class-992,4,0.8943177462,0.8943366408,0.8956362605,0,0.8943366408,0.8943366408,0.8956362605,0.0000188947,-0.0000188947,0.0000000000,0,1,1.0000000000,FSS-1000,,,
2330_class-993,1,0.9473947287,0.9474966526,0.9476497769,1,0.9473947287,0.9474966526,0.9476497769,0.0000000000,-0.0001019239,-0.0001019239,0,0,0.0000000000,FSS-1000,,,
2331_class-993,4,0.1883075386,0.2432532907,0.3868917227,0,0.2432532907,0.2432532907,0.3868917227,0.0549457520,-0.0549457520,0.0000000000,0,1,1.0000000000,FSS-1000,,,
2332_class-993,3,0.9221926928,0.9220055342,0.9240885973,3,0.9221926928,0.9220055342,0.9240885973,0.0000000000,0.0001871586,0.0001871586,1,1,0.0000000000,FSS-1000,,,
2333_class-993,1,0.9435728788,0.9427846670,0.9435936213,0,0.9427846670,0.9427846670,0.9435936213,-0.0007882118,0.0007882118,0.0000000000,1,1,0.0000000000,FSS-1000,,,
2334_class-993,1,0.9382665753,0.9378743768,0.9383422136,0,0.9378743768,0.9378743768,0.9383422136,-0.0003921986,0.0003921986,0.0000000000,1,1,0.0000000000,FSS-1000,,,
2335_class-993,2,0.9213476777,0.9078375101,0.9213476777,0,0.9078375101,0.9078375101,0.9213476777,-0.0135101676,0.0135101676,0.0000000000,1,1,0.0000000000,FSS-1000,,,
2336_class-993,1,0.9137207866,0.9140653610,0.9168163538,0,0.9140653610,0.9140653610,0.9168163538,0.0003445745,-0.0003445745,0.0000000000,0,1,1.0000000000,FSS-1000,,,
2337_class-993,3,0.9294784069,0.9300553799,0.9300553799,0,0.9300553799,0.9300553799,0.9300553799,0.0005769730,-0.0005769730,0.0000000000,0,1,1.0000000000,FSS-1000,,,
2338_class-993,4,0.8933156133,0.8913635015,0.8948779106,4,0.8933156133,0.8913635015,0.8948779106,0.0000000000,0.0019521117,0.0019521117,1,1,0.0000000000,FSS-1000,,,
2339_class-993,5,0.9183642864,0.9169088602,0.9191268086,5,0.9183642864,0.9169088602,0.9191268086,0.0000000000,0.0014554262,0.0014554262,1,1,0.0000000000,FSS-1000,,,
2340_class-994,2,0.9593992829,0.9596227407,0.9597882032,2,0.9593992829,0.9596227407,0.9597882032,0.0000000000,-0.0002234578,-0.0002234578,0,0,0.0000000000,FSS-1000,,,
2341_class-994,3,0.9633142948,0.1810403317,0.9633171558,3,0.9633142948,0.1810403317,0.9633171558,0.0000000000,0.7822739631,0.7822739631,1,1,0.0000000000,FSS-1000,,,
2342_class-994,3,0.9790719748,0.9792315960,0.9792315960,0,0.9792315960,0.9792315960,0.9792315960,0.0001596212,-0.0001596212,0.0000000000,0,1,1.0000000000,FSS-1000,,,
2343_class-994,1,0.9776576757,0.9776248932,0.9779145718,0,0.9776248932,0.9776248932,0.9779145718,-0.0000327826,0.0000327826,0.0000000000,1,1,0.0000000000,FSS-1000,,,
2344_class-994,4,0.9747661352,0.9745426178,0.9749118090,0,0.9745426178,0.9745426178,0.9749118090,-0.0002235174,0.0002235174,0.0000000000,1,1,0.0000000000,FSS-1000,,,
2345_class-994,3,0.9482770562,0.9480992556,0.9489176273,3,0.9482770562,0.9480992556,0.9489176273,0.0000000000,0.0001778007,0.0001778007,1,1,0.0000000000,FSS-1000,,,
2346_class-994,2,0.9661251307,0.9661873579,0.9661873579,0,0.9661873579,0.9661873579,0.9661873579,0.0000622272,-0.0000622272,0.0000000000,0,1,1.0000000000,FSS-1000,,,
2347_class-994,0,0.9797130823,0.9797130823,0.9799236655,0,0.9797130823,0.9797130823,0.9799236655,0.0000000000,0.0000000000,0.0000000000,1,1,0.0000000000,FSS-1000,,,
2348_class-994,2,0.9806141853,0.9805438519,0.9808515310,0,0.9805438519,0.9805438519,0.9808515310,-0.0000703335,0.0000703335,0.0000000000,1,1,0.0000000000,FSS-1000,,,
2349_class-994,2,0.9809832573,0.9807893038,0.9811743498,0,0.9807893038,0.9807893038,0.9811743498,-0.0001939535,0.0001939535,0.0000000000,1,1,0.0000000000,FSS-1000,,,
2350_class-995,0,0.9522095323,0.9522095323,0.9532153606,0,0.9522095323,0.9522095323,0.9532153606,0.0000000000,0.0000000000,0.0000000000,1,1,0.0000000000,FSS-1000,,,
2351_class-995,2,0.8960926533,0.8910518885,0.8960926533,2,0.8960926533,0.8910518885,0.8960926533,0.0000000000,0.0050407648,0.0050407648,1,1,0.0000000000,FSS-1000,,,
2352_class-995,3,0.8640090227,0.8607294559,0.8640090227,0,0.8607294559,0.8607294559,0.8640090227,-0.0032795668,0.0032795668,0.0000000000,1,1,0.0000000000,FSS-1000,,,
2353_class-995,5,0.2679214776,0.2514209747,0.2679214776,5,0.2679214776,0.2514209747,0.2679214776,0.0000000000,0.0165005028,0.0165005028,1,1,0.0000000000,FSS-1000,,,
2354_class-995,0,0.3710025549,0.3710025549,0.3867954016,0,0.3710025549,0.3710025549,0.3867954016,0.0000000000,0.0000000000,0.0000000000,1,1,0.0000000000,FSS-1000,,,
2355_class-995,0,0.2757986188,0.2757986188,0.2757986188,0,0.2757986188,0.2757986188,0.2757986188,0.0000000000,0.0000000000,0.0000000000,1,1,0.0000000000,FSS-1000,,,
2356_class-995,4,0.9561420083,0.9563381672,0.9563646317,0,0.9563381672,0.9563381672,0.9563646317,0.0001961589,-0.0001961589,0.0000000000,0,1,1.0000000000,FSS-1000,,,
2357_class-995,2,0.8350213766,0.9572366476,0.9657415152,2,0.8350213766,0.9572366476,0.9657415152,0.0000000000,-0.1222152710,-0.1222152710,0,0,0.0000000000,FSS-1000,,,
2358_class-995,3,0.3530210853,0.3276895583,0.3550532758,0,0.3276895583,0.3276895583,0.3550532758,-0.0253315270,0.0253315270,0.0000000000,1,1,0.0000000000,FSS-1000,,,
2359_class-995,1,0.9660410881,0.9657658339,0.9660410881,0,0.9657658339,0.9657658339,0.9660410881,-0.0002752542,0.0002752542,0.0000000000,1,1,0.0000000000,FSS-1000,,,
2360_class-996,5,0.8890948296,0.8981924057,0.9005489945,0,0.8981924057,0.8981924057,0.9005489945,0.0090975761,-0.0090975761,0.0000000000,0,1,1.0000000000,FSS-1000,,,
2361_class-996,0,0.6932362318,0.6932362318,0.7267572880,0,0.6932362318,0.6932362318,0.7267572880,0.0000000000,0.0000000000,0.0000000000,1,1,0.0000000000,FSS-1000,,,
2362_class-996,2,0.9510393143,0.6960209012,0.9519933462,2,0.9510393143,0.6960209012,0.9519933462,0.0000000000,0.2550184131,0.2550184131,1,1,0.0000000000,FSS-1000,,,
2363_class-996,5,0.9035845995,0.5401377678,0.9035845995,5,0.9035845995,0.5401377678,0.9035845995,0.0000000000,0.3634468317,0.3634468317,1,1,0.0000000000,FSS-1000,,,
2364_class-996,1,0.9347031116,0.9364975691,0.9364975691,1,0.9347031116,0.9364975691,0.9364975691,0.0000000000,-0.0017944574,-0.0017944574,0,0,0.0000000000,FSS-1000,,,
2365_class-996,0,0.7294020057,0.7294020057,0.9033579230,0,0.7294020057,0.7294020057,0.9033579230,0.0000000000,0.0000000000,0.0000000000,1,1,0.0000000000,FSS-1000,,,
2366_class-996,0,0.9215331078,0.9215331078,0.9263690710,0,0.9215331078,0.9215331078,0.9263690710,0.0000000000,0.0000000000,0.0000000000,1,1,0.0000000000,FSS-1000,,,
2367_class-996,4,0.9443192482,0.1965645999,0.9466987848,4,0.9443192482,0.1965645999,0.9466987848,0.0000000000,0.7477546483,0.7477546483,1,1,0.0000000000,FSS-1000,,,
2368_class-996,1,0.9482301474,0.9362921715,0.9500926733,1,0.9482301474,0.9362921715,0.9500926733,0.0000000000,0.0119379759,0.0119379759,1,1,0.0000000000,FSS-1000,,,
2369_class-996,2,0.6805375814,0.6570363045,0.6805375814,2,0.6805375814,0.6570363045,0.6805375814,0.0000000000,0.0235012770,0.0235012770,1,1,0.0000000000,FSS-1000,,,
2370_class-997,4,0.6519719362,0.6453131437,0.6648539305,0,0.6453131437,0.6453131437,0.6648539305,-0.0066587925,0.0066587925,0.0000000000,1,1,0.0000000000,FSS-1000,,,
2371_class-997,0,0.9049026966,0.9049026966,0.9049026966,0,0.9049026966,0.9049026966,0.9049026966,0.0000000000,0.0000000000,0.0000000000,1,1,0.0000000000,FSS-1000,,,
2372_class-997,5,0.4064522386,0.4071815014,0.4389282465,5,0.4064522386,0.4071815014,0.4389282465,0.0000000000,-0.0007292628,-0.0007292628,0,0,0.0000000000,FSS-1000,,,
2373_class-997,4,0.7362173796,0.7369154692,0.8576580286,0,0.7369154692,0.7369154692,0.8576580286,0.0006980896,-0.0006980896,0.0000000000,0,1,1.0000000000,FSS-1000,,,
2374_class-997,0,0.9459527731,0.9459527731,0.9471213818,0,0.9459527731,0.9459527731,0.9471213818,0.0000000000,0.0000000000,0.0000000000,1,1,0.0000000000,FSS-1000,,,
2375_class-997,5,0.8840616345,0.8918874264,0.8918874264,0,0.8918874264,0.8918874264,0.8918874264,0.0078257918,-0.0078257918,0.0000000000,0,1,1.0000000000,FSS-1000,,,
2376_class-997,3,0.4143308997,0.4142819643,0.4144427776,0,0.4142819643,0.4142819643,0.4144427776,-0.0000489354,0.0000489354,0.0000000000,1,1,0.0000000000,FSS-1000,,,
2377_class-997,5,0.3992475867,0.3995817602,0.4002378881,0,0.3995817602,0.3995817602,0.4002378881,0.0003341734,-0.0003341734,0.0000000000,0,1,1.0000000000,FSS-1000,,,
2378_class-997,3,0.4203389883,0.4377867579,0.4546843171,3,0.4203389883,0.4377867579,0.4546843171,0.0000000000,-0.0174477696,-0.0174477696,0,0,0.0000000000,FSS-1000,,,
2379_class-997,1,0.5744904280,0.5759617686,0.6039080024,1,0.5744904280,0.5759617686,0.6039080024,0.0000000000,-0.0014713407,-0.0014713407,0,0,0.0000000000,FSS-1000,,,
2380_class-998,3,0.9677205682,0.9572449923,0.9677205682,0,0.9572449923,0.9572449923,0.9677205682,-0.0104755759,0.0104755759,0.0000000000,1,1,0.0000000000,FSS-1000,,,
2381_class-998,2,0.9010257721,0.9002348185,0.9016951323,2,0.9010257721,0.9002348185,0.9016951323,0.0000000000,0.0007909536,0.0007909536,1,1,0.0000000000,FSS-1000,,,
2382_class-998,0,0.9718637466,0.9718637466,0.9722096920,0,0.9718637466,0.9718637466,0.9722096920,0.0000000000,0.0000000000,0.0000000000,1,1,0.0000000000,FSS-1000,,,
2383_class-998,2,0.9679014683,0.9648671150,0.9679099917,0,0.9648671150,0.9648671150,0.9679099917,-0.0030343533,0.0030343533,0.0000000000,1,1,0.0000000000,FSS-1000,,,
2384_class-998,1,0.9392942190,0.9418429136,0.9424248934,1,0.9392942190,0.9418429136,0.9424248934,0.0000000000,-0.0025486946,-0.0025486946,0,0,0.0000000000,FSS-1000,,,
2385_class-998,2,0.9448039532,0.9362551570,0.9448211193,0,0.9362551570,0.9362551570,0.9448211193,-0.0085487962,0.0085487962,0.0000000000,1,1,0.0000000000,FSS-1000,,,
2386_class-998,3,0.9840088487,0.9840987921,0.9851500988,0,0.9840987921,0.9840987921,0.9851500988,0.0000899434,-0.0000899434,0.0000000000,0,1,1.0000000000,FSS-1000,,,
2387_class-998,5,0.9501028061,0.9433294535,0.9507274628,5,0.9501028061,0.9433294535,0.9507274628,0.0000000000,0.0067733526,0.0067733526,1,1,0.0000000000,FSS-1000,,,
2388_class-998,5,0.9858050346,0.9350023270,0.9893327355,0,0.9350023270,0.9350023270,0.9893327355,-0.0508027077,0.0508027077,0.0000000000,1,1,0.0000000000,FSS-1000,,,
2389_class-998,2,0.9720318317,0.9720453024,0.9724446535,2,0.9720318317,0.9720453024,0.9724446535,0.0000000000,-0.0000134706,-0.0000134706,0,0,0.0000000000,FSS-1000,,,
2390_class-999,2,0.9627979994,0.9638949633,0.9642013311,2,0.9627979994,0.9638949633,0.9642013311,0.0000000000,-0.0010969639,-0.0010969639,0,0,0.0000000000,FSS-1000,,,
2391_class-999,5,0.9742819071,0.9736136198,0.9742819071,0,0.9736136198,0.9736136198,0.9742819071,-0.0006682873,0.0006682873,0.0000000000,1,1,0.0000000000,FSS-1000,,,
2392_class-999,4,0.9884483814,0.9881625175,0.9884483814,0,0.9881625175,0.9881625175,0.9884483814,-0.0002858639,0.0002858639,0.0000000000,1,1,0.0000000000,FSS-1000,,,
2393_class-999,5,0.8340655565,0.8768827915,0.9392683506,5,0.8340655565,0.8768827915,0.9392683506,0.0000000000,-0.0428172350,-0.0428172350,0,0,0.0000000000,FSS-1000,,,
2394_class-999,0,0.9103018045,0.9103018045,0.9165516496,0,0.9103018045,0.9103018045,0.9165516496,0.0000000000,0.0000000000,0.0000000000,1,1,0.0000000000,FSS-1000,,,
2395_class-999,5,0.8977482319,0.5531481504,0.8997504115,5,0.8977482319,0.5531481504,0.8997504115,0.0000000000,0.3446000814,0.3446000814,1,1,0.0000000000,FSS-1000,,,
2396_class-999,3,0.7008429766,0.7395692468,0.7395692468,3,0.7008429766,0.7395692468,0.7395692468,0.0000000000,-0.0387262702,-0.0387262702,0,0,0.0000000000,FSS-1000,,,
2397_class-999,4,0.5584220886,0.5558753610,0.5584220886,0,0.5558753610,0.5558753610,0.5584220886,-0.0025467277,0.0025467277,0.0000000000,1,1,0.0000000000,FSS-1000,,,
2398_class-999,3,0.9698879719,0.9692109823,0.9698879719,0,0.9692109823,0.9692109823,0.9698879719,-0.0006769896,0.0006769896,0.0000000000,1,1,0.0000000000,FSS-1000,,,
2399_class-999,4,0.9220303297,0.9397743940,0.9492560625,0,0.9397743940,0.9397743940,0.9492560625,0.0177440643,-0.0177440643,0.0000000000,0,1,1.0000000000,FSS-1000,,,
0_class-0,0,0.0295193922,0.0295193922,0.1880491227,0,0.0295193922,0.0295193922,0.1880491227,0.0000000000,0.0000000000,0.0000000000,1,1,,COCO-20i,False,False,0.0000000000
1_class-72,2,0.4478348792,0.4504614770,0.4504614770,2,0.4478348792,0.4504614770,0.4504614770,0.0000000000,-0.0026265979,-0.0026265979,0,0,,COCO-20i,False,False,0.0000000000
2_class-68,4,0.7630525827,0.7640329599,0.7737305760,4,0.7630525827,0.7640329599,0.7737305760,0.0000000000,-0.0009803772,-0.0009803772,0,0,,COCO-20i,False,False,0.0000000000
3_class-76,2,0.1674397290,0.1644463241,0.1674397290,0,0.1644463241,0.1644463241,0.1674397290,-0.0029934049,0.0029934049,0.0000000000,1,1,,COCO-20i,False,True,0.0000000000
4_class-36,3,0.8407882452,0.8332934380,0.8509079218,3,0.8407882452,0.8332934380,0.8509079218,0.0000000000,0.0074948072,0.0074948072,1,1,,COCO-20i,False,False,0.0000000000
5_class-56,4,0.4251180291,0.3828925192,0.4251180291,4,0.4251180291,0.3828925192,0.4251180291,0.0000000000,0.0422255099,0.0422255099,1,1,,COCO-20i,False,False,0.0000000000
6_class-48,0,0.6260197759,0.6260197759,0.6675792933,0,0.6260197759,0.6260197759,0.6675792933,0.0000000000,0.0000000000,0.0000000000,1,1,,COCO-20i,False,False,0.0000000000
7_class-36,1,0.8860175610,0.8651273251,0.8890086412,0,0.8651273251,0.8651273251,0.8890086412,-0.0208902359,0.0208902359,0.0000000000,1,1,,COCO-20i,False,True,0.0000000000
8_class-40,3,0.3554570973,0.3543523252,0.3556599617,3,0.3554570973,0.3543523252,0.3556599617,0.0000000000,0.0011047721,0.0011047721,1,1,,COCO-20i,False,False,0.0000000000
9_class-4,4,0.9365020990,0.9322597384,0.9374825954,0,0.9322597384,0.9322597384,0.9374825954,-0.0042423606,0.0042423606,0.0000000000,1,1,,COCO-20i,False,True,0.0000000000
10_class-0,3,0.8159767985,0.2608629167,0.8159767985,0,0.2608629167,0.2608629167,0.8159767985,-0.5551138818,0.5551138818,0.0000000000,1,1,,COCO-20i,False,True,0.0000000000
11_class-68,0,0.9679960012,0.9679960012,0.9697122574,0,0.9679960012,0.9679960012,0.9697122574,0.0000000000,0.0000000000,0.0000000000,1,1,,COCO-20i,False,False,0.0000000000
12_class-40,0,0.4510486722,0.4510486722,0.4510486722,0,0.4510486722,0.4510486722,0.4510486722,0.0000000000,0.0000000000,0.0000000000,1,1,,COCO-20i,False,False,0.0000000000
13_class-36,1,0.7821024656,0.8209419250,0.8723208904,0,0.8209419250,0.8209419250,0.8723208904,0.0388394594,-0.0388394594,0.0000000000,0,1,,COCO-20i,False,True,1.0000000000
14_class-28,5,0.4902462363,0.4820038080,0.4902462363,5,0.4902462363,0.4820038080,0.4902462363,0.0000000000,0.0082424283,0.0082424283,1,1,,COCO-20i,False,False,0.0000000000
15_class-72,4,0.9692988396,0.9620463848,0.9697299004,0,0.9620463848,0.9620463848,0.9697299004,-0.0072524548,0.0072524548,0.0000000000,1,1,,COCO-20i,False,True,0.0000000000
16_class-52,3,0.3233326077,0.3247592151,0.4156505466,0,0.3247592151,0.3247592151,0.4156505466,0.0014266074,-0.0014266074,0.0000000000,0,1,,COCO-20i,False,True,1.0000000000
17_class-32,3,0.9572118521,0.9595676661,0.9602997303,0,0.9595676661,0.9595676661,0.9602997303,0.0023558140,-0.0023558140,0.0000000000,0,1,,COCO-20i,False,True,1.0000000000
18_class-72,2,0.3983297348,0.6635491848,0.7670844197,2,0.3983297348,0.6635491848,0.7670844197,0.0000000000,-0.2652194500,-0.2652194500,0,0,,COCO-20i,False,False,0.0000000000
19_class-12,0,0.9506317377,0.9506317377,0.9542975426,0,0.9506317377,0.9506317377,0.9542975426,0.0000000000,0.0000000000,0.0000000000,1,1,,COCO-20i,False,False,0.0000000000
20_class-48,0,0.2915748358,0.2915748358,0.2972689867,0,0.2915748358,0.2915748358,0.2972689867,0.0000000000,0.0000000000,0.0000000000,1,1,,COCO-20i,False,False,0.0000000000
21_class-60,2,0.7744104862,0.7748172879,0.7759344578,0,0.7748172879,0.7748172879,0.7759344578,0.0004068017,-0.0004068017,0.0000000000,0,1,,COCO-20i,False,True,1.0000000000
22_class-4,4,0.8744176626,0.8753094673,0.9099357128,0,0.8753094673,0.8753094673,0.9099357128,0.0008918047,-0.0008918047,0.0000000000,0,1,,COCO-20i,False,True,1.0000000000
23_class-60,1,0.1466414332,0.1457283944,0.3182796836,1,0.1466414332,0.1457283944,0.3182796836,0.0000000000,0.0009130388,0.0009130388,1,1,,COCO-20i,False,False,0.0000000000
24_class-32,0,0.9522150159,0.9522150159,0.9534683228,0,0.9522150159,0.9522150159,0.9534683228,0.0000000000,0.0000000000,0.0000000000,1,1,,COCO-20i,False,False,0.0000000000
25_class-60,1,0.3694085777,0.2667353153,0.3694085777,0,0.2667353153,0.2667353153,0.3694085777,-0.1026732624,0.1026732624,0.0000000000,1,1,,COCO-20i,False,True,0.0000000000
26_class-52,1,0.9424914122,0.9284036160,0.9439726472,1,0.9424914122,0.9284036160,0.9439726472,0.0000000000,0.0140877962,0.0140877962,1,1,,COCO-20i,False,False,0.0000000000
27_class-24,5,0.9387320280,0.9386627674,0.9391028881,0,0.9386627674,0.9386627674,0.9391028881,-0.0000692606,0.0000692606,0.0000000000,1,1,,COCO-20i,False,True,0.0000000000
28_class-64,4,0.4007648230,0.3792714775,0.7355602980,4,0.4007648230,0.3792714775,0.7355602980,0.0000000000,0.0214933455,0.0214933455,1,1,,COCO-20i,False,False,0.0000000000
29_class-40,1,0.5788928270,0.4886650741,0.5788928270,1,0.5788928270,0.4886650741,0.5788928270,0.0000000000,0.0902277529,0.0902277529,1,1,,COCO-20i,False,False,0.0000000000
30_class-40,2,0.5171863437,0.5396871567,0.5396871567,2,0.5171863437,0.5396871567,0.5396871567,0.0000000000,-0.0225008130,-0.0225008130,0,0,,COCO-20i,False,False,0.0000000000
31_class-24,0,0.5295650363,0.5295650363,0.5295650363,0,0.5295650363,0.5295650363,0.5295650363,0.0000000000,0.0000000000,0.0000000000,1,1,,COCO-20i,False,False,0.0000000000
32_class-28,2,0.5336807370,0.5387440324,0.5700860620,2,0.5336807370,0.5387440324,0.5700860620,0.0000000000,-0.0050632954,-0.0050632954,0,0,,COCO-20i,False,False,0.0000000000
33_class-16,2,0.9315780401,0.9270780087,0.9355169535,2,0.9315780401,0.9270780087,0.9355169535,0.0000000000,0.0045000315,0.0045000315,1,1,,COCO-20i,False,False,0.0000000000
34_class-52,2,0.7189798355,0.8446055055,0.8510565758,2,0.7189798355,0.8446055055,0.8510565758,0.0000000000,-0.1256256700,-0.1256256700,0,0,,COCO-20i,False,False,0.0000000000
35_class-76,3,0.7487562895,0.7469384670,0.7827947736,0,0.7469384670,0.7469384670,0.7827947736,-0.0018178225,0.0018178225,0.0000000000,1,1,,COCO-20i,False,True,0.0000000000
36_class-76,5,0.8330451250,0.8340521455,0.8343205452,5,0.8330451250,0.8340521455,0.8343205452,0.0000000000,-0.0010070205,-0.0010070205,0,0,,COCO-20i,False,False,0.0000000000
37_class-36,0,0.8800450563,0.8800450563,0.8800450563,0,0.8800450563,0.8800450563,0.8800450563,0.0000000000,0.0000000000,0.0000000000,1,1,,COCO-20i,False,False,0.0000000000
38_class-60,1,0.2600331604,0.2671332061,0.3560941815,0,0.2671332061,0.2671332061,0.3560941815,0.0071000457,-0.0071000457,0.0000000000,0,1,,COCO-20i,False,True,1.0000000000
39_class-48,1,0.6488494277,0.8212331533,0.8264545798,0,0.8212331533,0.8212331533,0.8264545798,0.1723837256,-0.1723837256,0.0000000000,0,1,,COCO-20i,False,True,1.0000000000
40_class-64,3,0.9139533043,0.7232190371,0.9206362963,3,0.9139533043,0.7232190371,0.9206362963,0.0000000000,0.1907342672,0.1907342672,1,1,,COCO-20i,False,False,0.0000000000
41_class-12,5,0.2539583147,0.2104328573,0.2539583147,0,0.2104328573,0.2104328573,0.2539583147,-0.0435254574,0.0435254574,0.0000000000,1,1,,COCO-20i,False,True,0.0000000000
42_class-36,2,0.2013743818,0.2005713731,0.2013743818,0,0.2005713731,0.2005713731,0.2013743818,-0.0008030087,0.0008030087,0.0000000000,1,1,,COCO-20i,False,True,0.0000000000
43_class-44,4,0.9223892689,0.9149314165,0.9233903885,4,0.9223892689,0.9149314165,0.9233903885,0.0000000000,0.0074578524,0.0074578524,1,1,,COCO-20i,False,False,0.0000000000
44_class-32,0,0.9648476243,0.9648476243,0.9653485417,0,0.9648476243,0.9648476243,0.9653485417,0.0000000000,0.0000000000,0.0000000000,1,1,,COCO-20i,False,False,0.0000000000
45_class-56,2,0.4020285606,0.3854056299,0.4066624045,2,0.4020285606,0.3854056299,0.4066624045,0.0000000000,0.0166229308,0.0166229308,1,1,,COCO-20i,False,False,0.0000000000
46_class-4,4,0.0008200753,0.0006655864,0.0008200753,4,0.0008200753,0.0006655864,0.0008200753,0.0000000000,0.0001544888,0.0001544888,1,1,,COCO-20i,False,False,0.0000000000
47_class-24,4,0.4634378552,0.4263725877,0.4643714428,0,0.4263725877,0.4263725877,0.4643714428,-0.0370652676,0.0370652676,0.0000000000,1,1,,COCO-20i,False,True,0.0000000000
48_class-64,4,0.8823118210,0.6851805449,0.8861633539,0,0.6851805449,0.6851805449,0.8861633539,-0.1971312761,0.1971312761,0.0000000000,1,1,,COCO-20i,False,True,0.0000000000
49_class-36,0,0.8993319273,0.8993319273,0.8993319273,0,0.8993319273,0.8993319273,0.8993319273,0.0000000000,0.0000000000,0.0000000000,1,1,,COCO-20i,False,False,0.0000000000
50_class-60,2,0.5874167681,0.5832021236,0.6728701591,0,0.5832021236,0.5832021236,0.6728701591,-0.0042146444,0.0042146444,0.0000000000,1,1,,COCO-20i,False,True,0.0000000000
51_class-16,4,0.9160121679,0.9149950743,0.9160121679,0,0.9149950743,0.9149950743,0.9160121679,-0.0010170937,0.0010170937,0.0000000000,1,1,,COCO-20i,False,True,0.0000000000
52_class-76,1,0.6380841136,0.9385892749,0.9426687956,0,0.9385892749,0.9385892749,0.9426687956,0.3005051613,-0.3005051613,0.0000000000,0,1,,COCO-20i,False,True,1.0000000000
53_class-0,5,0.5647103786,0.3872307837,0.5647103786,5,0.5647103786,0.3872307837,0.5647103786,0.0000000000,0.1774795949,0.1774795949,1,1,,COCO-20i,False,False,0.0000000000
54_class-52,2,0.6229105592,0.7086511850,0.7086511850,2,0.6229105592,0.7086511850,0.7086511850,0.0000000000,-0.0857406259,-0.0857406259,0,0,,COCO-20i,False,False,0.0000000000
55_class-28,0,0.9611263275,0.9611263275,0.9613408446,0,0.9611263275,0.9611263275,0.9613408446,0.0000000000,0.0000000000,0.0000000000,1,1,,COCO-20i,False,False,0.0000000000
56_class-76,3,0.6130098104,0.8498178720,0.8640843630,0,0.8498178720,0.8498178720,0.8640843630,0.2368080616,-0.2368080616,0.0000000000,0,1,,COCO-20i,False,True,1.0000000000
57_class-60,0,0.5900281668,0.5900281668,0.5900281668,0,0.5900281668,0.5900281668,0.5900281668,0.0000000000,0.0000000000,0.0000000000,1,1,,COCO-20i,False,False,0.0000000000
58_class-20,2,0.9057537317,0.9048712850,0.9064575434,0,0.9048712850,0.9048712850,0.9064575434,-0.0008824468,0.0008824468,0.0000000000,1,1,,COCO-20i,False,True,0.0000000000
59_class-76,2,0.6353814006,0.3573347330,0.6353814006,2,0.6353814006,0.3573347330,0.6353814006,0.0000000000,0.2780466676,0.2780466676,1,1,,COCO-20i,False,False,0.0000000000
60_class-56,2,0.8034396172,0.8203754425,0.8203754425,0,0.8203754425,0.8203754425,0.8203754425,0.0169358253,-0.0169358253,0.0000000000,0,1,,COCO-20i,False,True,1.0000000000
61_class-60,0,0.2054595947,0.2054595947,0.2262408584,0,0.2054595947,0.2054595947,0.2262408584,0.0000000000,0.0000000000,0.0000000000,1,1,,COCO-20i,False,False,0.0000000000
62_class-32,2,0.9388316870,0.9377005100,0.9388316870,2,0.9388316870,0.9377005100,0.9388316870,0.0000000000,0.0011311769,0.0011311769,1,1,,COCO-20i,False,False,0.0000000000
63_class-36,2,0.7324477434,0.7143589258,0.8039091825,0,0.7143589258,0.7143589258,0.8039091825,-0.0180888176,0.0180888176,0.0000000000,1,1,,COCO-20i,False,True,0.0000000000
64_class-52,4,0.9678008556,0.9677593112,0.9679589272,0,0.9677593112,0.9677593112,0.9679589272,-0.0000415444,0.0000415444,0.0000000000,1,1,,COCO-20i,False,True,0.0000000000
65_class-12,1,0.9401198626,0.9374955297,0.9422616363,0,0.9374955297,0.9374955297,0.9422616363,-0.0026243329,0.0026243329,0.0000000000,1,1,,COCO-20i,False,True,0.0000000000
66_class-24,3,0.4225376844,0.4481485188,0.4481485188,0,0.4481485188,0.4481485188,0.4481485188,0.0256108344,-0.0256108344,0.0000000000,0,1,,COCO-20i,False,True,1.0000000000
67_class-56,1,0.5903254151,0.6398704052,0.6398704052,1,0.5903254151,0.6398704052,0.6398704052,0.0000000000,-0.0495449901,-0.0495449901,0,0,,COCO-20i,False,False,0.0000000000
68_class-0,3,0.3317273855,0.3311087489,0.3317273855,3,0.3317273855,0.3311087489,0.3317273855,0.0000000000,0.0006186366,0.0006186366,1,1,,COCO-20i,False,False,0.0000000000
69_class-36,1,0.8623857498,0.8693401217,0.8693401217,0,0.8693401217,0.8693401217,0.8693401217,0.0069543719,-0.0069543719,0.0000000000,0,1,,COCO-20i,False,True,1.0000000000
70_class-0,3,0.2419910282,0.2426543981,0.2442028970,3,0.2419910282,0.2426543981,0.2442028970,0.0000000000,-0.0006633699,-0.0006633699,0,0,,COCO-20i,False,False,0.0000000000
71_class-32,2,0.7897024751,0.7749600410,0.8741242886,2,0.7897024751,0.7749600410,0.8741242886,0.0000000000,0.0147424340,0.0147424340,1,1,,COCO-20i,False,False,0.0000000000
72_class-72,2,0.3516689539,0.3232057989,0.5268679857,2,0.3516689539,0.3232057989,0.5268679857,0.0000000000,0.0284631550,0.0284631550,1,1,,COCO-20i,False,False,0.0000000000
73_class-32,4,0.8860123158,0.8881130815,0.8881130815,0,0.8881130815,0.8881130815,0.8881130815,0.0021007657,-0.0021007657,0.0000000000,0,1,,COCO-20i,False,True,1.0000000000
74_class-20,4,0.8956770301,0.8964351416,0.8969464302,4,0.8956770301,0.8964351416,0.8969464302,0.0000000000,-0.0007581115,-0.0007581115,0,0,,COCO-20i,False,False,0.0000000000
75_class-24,3,0.4718847275,0.4723654985,0.4723654985,0,0.4723654985,0.4723654985,0.4723654985,0.0004807711,-0.0004807711,0.0000000000,0,1,,COCO-20i,False,True,1.0000000000
76_class-0,5,0.1472054869,0.1674902290,0.1747211218,0,0.1674902290,0.1674902290,0.1747211218,0.0202847421,-0.0202847421,0.0000000000,0,1,,COCO-20i,False,True,1.0000000000
77_class-0,1,0.6925857067,0.5992252231,0.7112964392,0,0.5992252231,0.5992252231,0.7112964392,-0.0933604836,0.0933604836,0.0000000000,1,1,,COCO-20i,False,True,0.0000000000
78_class-44,5,0.2637975514,0.2035284489,0.2637975514,0,0.2035284489,0.2035284489,0.2637975514,-0.0602691025,0.0602691025,0.0000000000,1,1,,COCO-20i,False,True,0.0000000000
79_class-36,3,0.3789834380,0.3641673625,0.3934749961,3,0.3789834380,0.3641673625,0.3934749961,0.0000000000,0.0148160756,0.0148160756,1,1,,COCO-20i,False,False,0.0000000000
80_class-56,0,0.3858411908,0.3858411908,0.3858411908,0,0.3858411908,0.3858411908,0.3858411908,0.0000000000,0.0000000000,0.0000000000,1,1,,COCO-20i,False,False,0.0000000000
81_class-52,0,0.1516188383,0.1516188383,0.1773865223,0,0.1516188383,0.1516188383,0.1773865223,0.0000000000,0.0000000000,0.0000000000,1,1,,COCO-20i,False,False,0.0000000000
82_class-32,3,0.8595455289,0.2839362919,0.8595455289,3,0.8595455289,0.2839362919,0.8595455289,0.0000000000,0.5756092370,0.5756092370,1,1,,COCO-20i,False,False,0.0000000000
83_class-28,3,0.7397268414,0.7370470762,0.7464022636,3,0.7397268414,0.7370470762,0.7464022636,0.0000000000,0.0026797652,0.0026797652,1,1,,COCO-20i,False,False,0.0000000000
84_class-44,5,0.6798429489,0.6219521761,0.6798429489,5,0.6798429489,0.6219521761,0.6798429489,0.0000000000,0.0578907728,0.0578907728,1,1,,COCO-20i,False,False,0.0000000000
85_class-60,3,0.6475765705,0.6484274268,0.6484274268,3,0.6475765705,0.6484274268,0.6484274268,0.0000000000,-0.0008508563,-0.0008508563,0,0,,COCO-20i,False,False,0.0000000000
86_class-72,1,0.8915848136,0.8757265806,0.8915848136,0,0.8757265806,0.8757265806,0.8915848136,-0.0158582330,0.0158582330,0.0000000000,1,1,,COCO-20i,False,True,0.0000000000
87_class-56,2,0.3194653690,0.3839216232,0.3839216232,2,0.3194653690,0.3839216232,0.3839216232,0.0000000000,-0.0644562542,-0.0644562542,0,0,,COCO-20i,False,False,0.0000000000
88_class-44,1,0.4680945277,0.4624521136,0.4800036550,1,0.4680945277,0.4624521136,0.4800036550,0.0000000000,0.0056424141,0.0056424141,1,1,,COCO-20i,False,False,0.0000000000
89_class-4,5,0.6591883898,0.6259806156,0.6591883898,0,0.6259806156,0.6259806156,0.6591883898,-0.0332077742,0.0332077742,0.0000000000,1,1,,COCO-20i,False,True,0.0000000000
90_class-20,1,0.8881972432,0.8300175667,0.8881972432,0,0.8300175667,0.8300175667,0.8881972432,-0.0581796765,0.0581796765,0.0000000000,1,1,,COCO-20i,False,True,0.0000000000
91_class-76,1,0.9404000044,0.9401804805,0.9404000044,0,0.9401804805,0.9401804805,0.9404000044,-0.0002195239,0.0002195239,0.0000000000,1,1,,COCO-20i,False,True,0.0000000000
92_class-28,0,0.5312662125,0.5312662125,0.5349954963,0,0.5312662125,0.5312662125,0.5349954963,0.0000000000,0.0000000000,0.0000000000,1,1,,COCO-20i,False,False,0.0000000000
93_class-64,4,0.9104002714,0.9154151678,0.9172397256,4,0.9104002714,0.9154151678,0.9172397256,0.0000000000,-0.0050148964,-0.0050148964,0,0,,COCO-20i,False,False,0.0000000000
94_class-32,1,0.9314026833,0.9314026833,0.9314026833,1,0.9314026833,0.9314026833,0.9314026833,0.0000000000,0.0000000000,0.0000000000,1,1,,COCO-20i,False,False,0.0000000000
95_class-32,4,0.9600501060,0.9597778916,0.9600501060,4,0.9600501060,0.9597778916,0.9600501060,0.0000000000,0.0002722144,0.0002722144,1,1,,COCO-20i,False,False,0.0000000000
96_class-48,3,0.9745738506,0.9746232033,0.9746232033,3,0.9745738506,0.9746232033,0.9746232033,0.0000000000,-0.0000493526,-0.0000493526,0,0,,COCO-20i,False,False,0.0000000000
97_class-28,5,0.5756908655,0.5605017543,0.5756908655,0,0.5605017543,0.5605017543,0.5756908655,-0.0151891112,0.0151891112,0.0000000000,1,1,,COCO-20i,False,True,0.0000000000
98_class-24,2,0.9519266486,0.9422816634,0.9519266486,2,0.9519266486,0.9422816634,0.9519266486,0.0000000000,0.0096449852,0.0096449852,1,1,,COCO-20i,False,False,0.0000000000
99_class-48,0,0.6383073330,0.6383073330,0.6901733875,0,0.6383073330,0.6383073330,0.6901733875,0.0000000000,0.0000000000,0.0000000000,1,1,,COCO-20i,False,False,0.0000000000
100_class-44,0,0.7373751402,0.7373751402,0.7694256306,0,0.7373751402,0.7373751402,0.7694256306,0.0000000000,0.0000000000,0.0000000000,1,1,,COCO-20i,False,False,0.0000000000
101_class-64,1,0.4180259705,0.1828305721,0.4180259705,1,0.4180259705,0.1828305721,0.4180259705,0.0000000000,0.2351953983,0.2351953983,1,1,,COCO-20i,False,False,0.0000000000
102_class-40,3,0.6061813831,0.6717824340,0.7589125037,0,0.6717824340,0.6717824340,0.7589125037,0.0656010509,-0.0656010509,0.0000000000,0,1,,COCO-20i,False,True,1.0000000000
103_class-48,5,0.2243136764,0.2540206909,0.3253314793,5,0.2243136764,0.2540206909,0.3253314793,0.0000000000,-0.0297070146,-0.0297070146,0,0,,COCO-20i,False,False,0.0000000000
104_class-4,5,0.8925237060,0.8949900866,0.9322760105,5,0.8925237060,0.8949900866,0.9322760105,0.0000000000,-0.0024663806,-0.0024663806,0,0,,COCO-20i,False,False,0.0000000000
105_class-4,3,0.9213192463,0.3028907180,0.9330644608,3,0.9213192463,0.3028907180,0.9330644608,0.0000000000,0.6184285283,0.6184285283,1,1,,COCO-20i,False,False,0.0000000000
106_class-20,1,0.9017759562,0.8977470398,0.9288413525,1,0.9017759562,0.8977470398,0.9288413525,0.0000000000,0.0040289164,0.0040289164,1,1,,COCO-20i,False,False,0.0000000000
107_class-12,0,0.0882539675,0.0882539675,0.0916223526,0,0.0882539675,0.0882539675,0.0916223526,0.0000000000,0.0000000000,0.0000000000,1,1,,COCO-20i,False,False,0.0000000000
108_class-28,5,0.5247130394,0.5023075938,0.5247130394,0,0.5023075938,0.5023075938,0.5247130394,-0.0224054456,0.0224054456,0.0000000000,1,1,,COCO-20i,False,True,0.0000000000
109_class-52,1,0.2425859720,0.2427568734,0.2427568734,0,0.2427568734,0.2427568734,0.2427568734,0.0001709014,-0.0001709014,0.0000000000,0,1,,COCO-20i,False,True,1.0000000000
110_class-60,1,0.3116147518,0.3089187145,0.3845498860,0,0.3089187145,0.3089187145,0.3845498860,-0.0026960373,0.0026960373,0.0000000000,1,1,,COCO-20i,False,True,0.0000000000
111_class-56,2,0.3125185370,0.2390740961,0.3125185370,0,0.2390740961,0.2390740961,0.3125185370,-0.0734444410,0.0734444410,0.0000000000,1,1,,COCO-20i,False,True,0.0000000000
112_class-4,5,0.9517207146,0.6597754955,0.9517207146,0,0.6597754955,0.6597754955,0.9517207146,-0.2919452190,0.2919452190,0.0000000000,1,1,,COCO-20i,False,True,0.0000000000
113_class-28,0,0.6258172393,0.6258172393,0.6372860670,0,0.6258172393,0.6258172393,0.6372860670,0.0000000000,0.0000000000,0.0000000000,1,1,,COCO-20i,False,False,0.0000000000
114_class-52,3,0.6756961942,0.6796115637,0.9078363180,3,0.6756961942,0.6796115637,0.9078363180,0.0000000000,-0.0039153695,-0.0039153695,0,0,,COCO-20i,False,False,0.0000000000
115_class-4,1,0.6693501472,0.8881827593,0.8978950977,1,0.6693501472,0.8881827593,0.8978950977,0.0000000000,-0.2188326120,-0.2188326120,0,0,,COCO-20i,False,False,0.0000000000
116_class-20,3,0.8051801324,0.8059206009,0.8059206009,3,0.8051801324,0.8059206009,0.8059206009,0.0000000000,-0.0007404685,-0.0007404685,0,0,,COCO-20i,False,False,0.0000000000
117_class-0,0,0.1550325006,0.1550325006,0.4933993518,0,0.1550325006,0.1550325006,0.4933993518,0.0000000000,0.0000000000,0.0000000000,1,1,,COCO-20i,False,False,0.0000000000
118_class-24,2,0.3838833272,0.3839533925,0.3839533925,2,0.3838833272,0.3839533925,0.3839533925,0.0000000000,-0.0000700653,-0.0000700653,0,0,,COCO-20i,False,False,0.0000000000
119_class-48,2,0.9612557888,0.9650348425,0.9669832587,2,0.9612557888,0.9650348425,0.9669832587,0.0000000000,-0.0037790537,-0.0037790537,0,0,,COCO-20i,False,False,0.0000000000
120_class-8,2,0.4278022647,0.3664646745,0.5841836929,2,0.4278022647,0.3664646745,0.5841836929,0.0000000000,0.0613375902,0.0613375902,1,1,,COCO-20i,False,False,0.0000000000
121_class-44,0,0.7922196984,0.7922196984,0.8016281128,0,0.7922196984,0.7922196984,0.8016281128,0.0000000000,0.0000000000,0.0000000000,1,1,,COCO-20i,False,False,0.0000000000
122_class-60,5,0.6288188100,0.6329859495,0.6329859495,5,0.6288188100,0.6329859495,0.6329859495,0.0000000000,-0.0041671395,-0.0041671395,0,0,,COCO-20i,False,False,0.0000000000
123_class-72,4,0.4805354774,0.5272085667,0.5383189917,4,0.4805354774,0.5272085667,0.5383189917,0.0000000000,-0.0466730893,-0.0466730893,0,0,,COCO-20i,False,False,0.0000000000
124_class-8,3,0.9397249222,0.9490078688,0.9490078688,0,0.9490078688,0.9490078688,0.9490078688,0.0092829466,-0.0092829466,0.0000000000,0,1,,COCO-20i,False,True,1.0000000000
125_class-36,3,0.6136431098,0.4656355381,0.6164172292,3,0.6136431098,0.4656355381,0.6164172292,0.0000000000,0.1480075717,0.1480075717,1,1,,COCO-20i,False,False,0.0000000000
126_class-44,1,0.6871359944,0.6867642999,0.6874077320,1,0.6871359944,0.6867642999,0.6874077320,0.0000000000,0.0003716946,0.0003716946,1,1,,COCO-20i,False,False,0.0000000000
127_class-40,2,0.8103557825,0.7932865620,0.9057997465,2,0.8103557825,0.7932865620,0.9057997465,0.0000000000,0.0170692205,0.0170692205,1,1,,COCO-20i,False,False,0.0000000000
128_class-32,0,0.9421725273,0.9421725273,0.9422595501,0,0.9421725273,0.9421725273,0.9422595501,0.0000000000,0.0000000000,0.0000000000,1,1,,COCO-20i,False,False,0.0000000000
129_class-0,0,0.7771195173,0.7771195173,0.8651046753,0,0.7771195173,0.7771195173,0.8651046753,0.0000000000,0.0000000000,0.0000000000,1,1,,COCO-20i,False,False,0.0000000000
130_class-68,1,0.4011267424,0.3058070540,0.4011267424,0,0.3058070540,0.3058070540,0.4011267424,-0.0953196883,0.0953196883,0.0000000000,1,1,,COCO-20i,False,True,0.0000000000
131_class-24,3,0.8505274653,0.8520328999,0.8527562618,0,0.8520328999,0.8520328999,0.8527562618,0.0015054345,-0.0015054345,0.0000000000,0,1,,COCO-20i,False,True,1.0000000000
132_class-44,5,0.6496825814,0.9429074526,0.9440808892,5,0.6496825814,0.9429074526,0.9440808892,0.0000000000,-0.2932248712,-0.2932248712,0,0,,COCO-20i,False,False,0.0000000000
133_class-20,0,0.8499201536,0.8499201536,0.8499201536,0,0.8499201536,0.8499201536,0.8499201536,0.0000000000,0.0000000000,0.0000000000,1,1,,COCO-20i,False,False,0.0000000000
134_class-64,4,0.8407253027,0.8426176310,0.8426176310,0,0.8426176310,0.8426176310,0.8426176310,0.0018923283,-0.0018923283,0.0000000000,0,1,,COCO-20i,False,True,1.0000000000
135_class-60,5,0.6006669402,0.8044648170,0.8044648170,5,0.6006669402,0.8044648170,0.8044648170,0.0000000000,-0.2037978768,-0.2037978768,0,0,,COCO-20i,False,False,0.0000000000
136_class-68,4,0.9197236300,0.9241360426,0.9243342280,0,0.9241360426,0.9241360426,0.9243342280,0.0044124126,-0.0044124126,0.0000000000,0,1,,COCO-20i,False,True,1.0000000000
137_class-56,0,0.4594005942,0.4594005942,0.4594005942,0,0.4594005942,0.4594005942,0.4594005942,0.0000000000,0.0000000000,0.0000000000,1,1,,COCO-20i,False,False,0.0000000000
138_class-56,4,0.4510890841,0.3673387468,0.4637138844,0,0.3673387468,0.3673387468,0.4637138844,-0.0837503374,0.0837503374,0.0000000000,1,1,,COCO-20i,False,True,0.0000000000
139_class-36,1,0.8547682762,0.8441877961,0.8560576439,1,0.8547682762,0.8441877961,0.8560576439,0.0000000000,0.0105804801,0.0105804801,1,1,,COCO-20i,False,False,0.0000000000
140_class-4,4,0.8865011930,0.8536957502,0.8928723931,0,0.8536957502,0.8536957502,0.8928723931,-0.0328054428,0.0328054428,0.0000000000,1,1,,COCO-20i,False,True,0.0000000000
141_class-60,5,0.8210400939,0.7888211012,0.9180284739,5,0.8210400939,0.7888211012,0.9180284739,0.0000000000,0.0322189927,0.0322189927,1,1,,COCO-20i,False,False,0.0000000000
142_class-76,1,0.6958838701,0.6248584986,0.6958838701,0,0.6248584986,0.6248584986,0.6958838701,-0.0710253716,0.0710253716,0.0000000000,1,1,,COCO-20i,False,True,0.0000000000
143_class-16,3,0.8591831326,0.6796015501,0.8591831326,3,0.8591831326,0.6796015501,0.8591831326,0.0000000000,0.1795815825,0.1795815825,1,1,,COCO-20i,False,False,0.0000000000
144_class-60,5,0.3112047017,0.3128732145,0.3128732145,0,0.3128732145,0.3128732145,0.3128732145,0.0016685128,-0.0016685128,0.0000000000,0,1,,COCO-20i,False,True,1.0000000000
145_class-24,4,0.8387054205,0.4773516953,0.8387054205,4,0.8387054205,0.4773516953,0.8387054205,0.0000000000,0.3613537252,0.3613537252,1,1,,COCO-20i,False,False,0.0000000000
146_class-4,0,0.9593834281,0.9593834281,0.9603732824,0,0.9593834281,0.9593834281,0.9603732824,0.0000000000,0.0000000000,0.0000000000,1,1,,COCO-20i,False,False,0.0000000000
147_class-36,2,0.7971127033,0.7882508039,0.7971127033,0,0.7882508039,0.7882508039,0.7971127033,-0.0088618994,0.0088618994,0.0000000000,1,1,,COCO-20i,False,True,0.0000000000
148_class-12,0,0.2845385671,0.2845385671,0.8346319199,0,0.2845385671,0.2845385671,0.8346319199,0.0000000000,0.0000000000,0.0000000000,1,1,,COCO-20i,False,False,0.0000000000
149_class-20,5,0.7021068335,0.6463147402,0.7021068335,0,0.6463147402,0.6463147402,0.7021068335,-0.0557920933,0.0557920933,0.0000000000,1,1,,COCO-20i,False,True,0.0000000000
150_class-60,5,0.9242607951,0.9202651381,0.9291207194,5,0.9242607951,0.9202651381,0.9291207194,0.0000000000,0.0039956570,0.0039956570,1,1,,COCO-20i,False,False,0.0000000000
151_class-4,2,0.9205094576,0.8959648609,0.9255150557,0,0.8959648609,0.8959648609,0.9255150557,-0.0245445967,0.0245445967,0.0000000000,1,1,,COCO-20i,False,True,0.0000000000
152_class-0,3,0.3044194281,0.2365957797,0.3650022745,0,0.2365957797,0.2365957797,0.3650022745,-0.0678236485,0.0678236485,0.0000000000,1,1,,COCO-20i,False,True,0.0000000000
153_class-36,3,0.7698830366,0.7741963267,0.7741963267,3,0.7698830366,0.7741963267,0.7741963267,0.0000000000,-0.0043132901,-0.0043132901,0,0,,COCO-20i,False,False,0.0000000000
154_class-28,5,0.4463544488,0.3681342900,0.4463544488,5,0.4463544488,0.3681342900,0.4463544488,0.0000000000,0.0782201588,0.0782201588,1,1,,COCO-20i,False,False,0.0000000000
155_class-48,2,0.7635178566,0.7394921780,0.7787841558,0,0.7394921780,0.7394921780,0.7787841558,-0.0240256786,0.0240256786,0.0000000000,1,1,,COCO-20i,False,True,0.0000000000
156_class-48,5,0.7779441476,0.6948658228,0.7779441476,0,0.6948658228,0.6948658228,0.7779441476,-0.0830783248,0.0830783248,0.0000000000,1,1,,COCO-20i,False,True,0.0000000000
157_class-8,3,0.7924624085,0.7929958105,0.9543262124,3,0.7924624085,0.7929958105,0.9543262124,0.0000000000,-0.0005334020,-0.0005334020,0,0,,COCO-20i,False,False,0.0000000000
158_class-4,5,0.8405286074,0.9536912441,0.9536912441,5,0.8405286074,0.9536912441,0.9536912441,0.0000000000,-0.1131626368,-0.1131626368,0,0,,COCO-20i,False,False,0.0000000000
159_class-76,2,0.7981995344,0.7828201652,0.8116787076,2,0.7981995344,0.7828201652,0.8116787076,0.0000000000,0.0153793693,0.0153793693,1,1,,COCO-20i,False,False,0.0000000000
160_class-56,0,0.8239076734,0.8239076734,0.8239076734,0,0.8239076734,0.8239076734,0.8239076734,0.0000000000,0.0000000000,0.0000000000,1,1,,COCO-20i,False,False,0.0000000000
161_class-24,2,0.7051486373,0.7117104530,0.7176690102,0,0.7117104530,0.7117104530,0.7176690102,0.0065618157,-0.0065618157,0.0000000000,0,1,,COCO-20i,False,True,1.0000000000
162_class-64,2,0.7622598410,0.6792351604,0.7622598410,2,0.7622598410,0.6792351604,0.7622598410,0.0000000000,0.0830246806,0.0830246806,1,1,,COCO-20i,False,False,0.0000000000
163_class-36,0,0.6936247349,0.6936247349,0.8933365941,0,0.6936247349,0.6936247349,0.8933365941,0.0000000000,0.0000000000,0.0000000000,1,1,,COCO-20i,False,False,0.0000000000
164_class-8,1,0.8654017448,0.7943313122,0.8654017448,1,0.8654017448,0.7943313122,0.8654017448,0.0000000000,0.0710704327,0.0710704327,1,1,,COCO-20i,False,False,0.0000000000
165_class-36,1,0.9670745134,0.9596611261,0.9670745134,1,0.9670745134,0.9596611261,0.9670745134,0.0000000000,0.0074133873,0.0074133873,1,1,,COCO-20i,False,False,0.0000000000
166_class-48,0,0.5799593925,0.5799593925,0.8321183920,0,0.5799593925,0.5799593925,0.8321183920,0.0000000000,0.0000000000,0.0000000000,1,1,,COCO-20i,False,False,0.0000000000
167_class-52,1,0.7111926079,0.7083079815,0.7111926079,0,0.7083079815,0.7083079815,0.7111926079,-0.0028846264,0.0028846264,0.0000000000,1,1,,COCO-20i,False,True,0.0000000000
168_class-68,5,0.9688470364,0.9673632383,0.9688858986,5,0.9688470364,0.9673632383,0.9688858986,0.0000000000,0.0014837980,0.0014837980,1,1,,COCO-20i,False,False,0.0000000000
169_class-40,2,0.5399242640,0.7181225419,0.7983812094,0,0.7181225419,0.7181225419,0.7983812094,0.1781982780,-0.1781982780,0.0000000000,0,1,,COCO-20i,False,True,1.0000000000
170_class-76,4,0.7984564304,0.8015816212,0.8041471839,4,0.7984564304,0.8015816212,0.8041471839,0.0000000000,-0.0031251907,-0.0031251907,0,0,,COCO-20i,False,False,0.0000000000
171_class-0,1,0.5801714659,0.6863134503,0.7057611942,1,0.5801714659,0.6863134503,0.7057611942,0.0000000000,-0.1061419845,-0.1061419845,0,0,,COCO-20i,False,False,0.0000000000
172_class-76,2,0.7388617992,0.7423981428,0.7457613349,0,0.7423981428,0.7423981428,0.7457613349,0.0035363436,-0.0035363436,0.0000000000,0,1,,COCO-20i,False,True,1.0000000000
173_class-24,0,0.4832907319,0.4832907319,0.4832907319,0,0.4832907319,0.4832907319,0.4832907319,0.0000000000,0.0000000000,0.0000000000,1,1,,COCO-20i,False,False,0.0000000000
174_class-72,1,0.9411466122,0.5591983795,0.9411466122,0,0.5591983795,0.5591983795,0.9411466122,-0.3819482327,0.3819482327,0.0000000000,1,1,,COCO-20i,False,True,0.0000000000
175_class-52,2,0.7314462066,0.4092562199,0.7314462066,2,0.7314462066,0.4092562199,0.7314462066,0.0000000000,0.3221899867,0.3221899867,1,1,,COCO-20i,False,False,0.0000000000
176_class-24,4,0.7478286028,0.7495378256,0.7495378256,4,0.7478286028,0.7495378256,0.7495378256,0.0000000000,-0.0017092228,-0.0017092228,0,0,,COCO-20i,False,False,0.0000000000
177_class-16,2,0.9671033621,0.9631552696,0.9671033621,0,0.9631552696,0.9631552696,0.9671033621,-0.0039480925,0.0039480925,0.0000000000,1,1,,COCO-20i,False,True,0.0000000000
178_class-48,2,0.8051201105,0.7703676820,0.8218944073,2,0.8051201105,0.7703676820,0.8218944073,0.0000000000,0.0347524285,0.0347524285,1,1,,COCO-20i,False,False,0.0000000000
179_class-4,0,0.9485864639,0.9485864639,0.9485864639,0,0.9485864639,0.9485864639,0.9485864639,0.0000000000,0.0000000000,0.0000000000,1,1,,COCO-20i,False,False,0.0000000000
180_class-0,5,0.8078564405,0.7219344378,0.8110797405,0,0.7219344378,0.7219344378,0.8110797405,-0.0859220028,0.0859220028,0.0000000000,1,1,,COCO-20i,False,True,0.0000000000
181_class-16,3,0.8565487862,0.7729115486,0.8565487862,3,0.8565487862,0.7729115486,0.8565487862,0.0000000000,0.0836372375,0.0836372375,1,1,,COCO-20i,False,False,0.0000000000
182_class-68,5,0.4090076089,0.3501805961,0.4090076089,5,0.4090076089,0.3501805961,0.4090076089,0.0000000000,0.0588270128,0.0588270128,1,1,,COCO-20i,False,False,0.0000000000
183_class-36,2,0.6337013245,0.6849139929,0.6975147128,0,0.6849139929,0.6849139929,0.6975147128,0.0512126684,-0.0512126684,0.0000000000,0,1,,COCO-20i,False,True,1.0000000000
184_class-20,3,0.7424133420,0.7746770382,0.8121376038,0,0.7746770382,0.7746770382,0.8121376038,0.0322636962,-0.0322636962,0.0000000000,0,1,,COCO-20i,False,True,1.0000000000
185_class-16,2,0.5642141700,0.6271106005,0.6901087761,2,0.5642141700,0.6271106005,0.6901087761,0.0000000000,-0.0628964305,-0.0628964305,0,0,,COCO-20i,False,False,0.0000000000
186_class-72,2,0.6717516184,0.6939138770,0.6939138770,2,0.6717516184,0.6939138770,0.6939138770,0.0000000000,-0.0221622586,-0.0221622586,0,0,,COCO-20i,False,False,0.0000000000
187_class-64,2,0.9102868438,0.9124137163,0.9154759049,0,0.9124137163,0.9124137163,0.9154759049,0.0021268725,-0.0021268725,0.0000000000,0,1,,COCO-20i,False,True,1.0000000000
188_class-24,5,0.4983131289,0.4790188074,0.4983131289,5,0.4983131289,0.4790188074,0.4983131289,0.0000000000,0.0192943215,0.0192943215,1,1,,COCO-20i,False,False,0.0000000000
189_class-76,4,0.6403669715,0.6396975517,0.6454322934,0,0.6396975517,0.6396975517,0.6454322934,-0.0006694198,0.0006694198,0.0000000000,1,1,,COCO-20i,False,True,0.0000000000
190_class-4,0,0.9500175714,0.9500175714,0.9556058049,0,0.9500175714,0.9500175714,0.9556058049,0.0000000000,0.0000000000,0.0000000000,1,1,,COCO-20i,False,False,0.0000000000
191_class-24,5,0.5369780660,0.4850186706,0.5369780660,5,0.5369780660,0.4850186706,0.5369780660,0.0000000000,0.0519593954,0.0519593954,1,1,,COCO-20i,False,False,0.0000000000
192_class-4,1,0.6545724273,0.6700184941,0.6700184941,1,0.6545724273,0.6700184941,0.6700184941,0.0000000000,-0.0154460669,-0.0154460669,0,0,,COCO-20i,False,False,0.0000000000
193_class-24,5,0.5625954866,0.5674795508,0.5861775279,0,0.5674795508,0.5674795508,0.5861775279,0.0048840642,-0.0048840642,0.0000000000,0,1,,COCO-20i,False,True,1.0000000000
194_class-44,3,0.5704648495,0.6604774594,0.7031962872,3,0.5704648495,0.6604774594,0.7031962872,0.0000000000,-0.0900126100,-0.0900126100,0,0,,COCO-20i,False,False,0.0000000000
195_class-36,0,0.8340003490,0.8340003490,0.8340003490,0,0.8340003490,0.8340003490,0.8340003490,0.0000000000,0.0000000000,0.0000000000,1,1,,COCO-20i,False,False,0.0000000000
196_class-64,1,0.7102254629,0.7114176750,0.7121149302,1,0.7102254629,0.7114176750,0.7121149302,0.0000000000,-0.0011922121,-0.0011922121,0,0,,COCO-20i,False,False,0.0000000000
197_class-36,2,0.7453417778,0.7637557983,0.7766436338,2,0.7453417778,0.7637557983,0.7766436338,0.0000000000,-0.0184140205,-0.0184140205,0,0,,COCO-20i,False,False,0.0000000000
198_class-48,5,0.9323406816,0.9516224265,0.9686467052,0,0.9516224265,0.9516224265,0.9686467052,0.0192817450,-0.0192817450,0.0000000000,0,1,,COCO-20i,False,True,1.0000000000
199_class-12,1,0.6280145645,0.6327408552,0.9074064493,1,0.6280145645,0.6327408552,0.9074064493,0.0000000000,-0.0047262907,-0.0047262907,0,0,,COCO-20i,False,False,0.0000000000
200_class-12,3,0.3309189975,0.3384397328,0.3384397328,0,0.3384397328,0.3384397328,0.3384397328,0.0075207353,-0.0075207353,0.0000000000,0,1,,COCO-20i,False,True,1.0000000000
201_class-36,1,0.9087677598,0.6652631164,0.9087677598,1,0.9087677598,0.6652631164,0.9087677598,0.0000000000,0.2435046434,0.2435046434,1,1,,COCO-20i,False,False,0.0000000000
202_class-64,2,0.9670182467,0.9631445408,0.9680435061,2,0.9670182467,0.9631445408,0.9680435061,0.0000000000,0.0038737059,0.0038737059,1,1,,COCO-20i,False,False,0.0000000000
203_class-4,3,0.8761304617,0.8667494655,0.8761304617,0,0.8667494655,0.8667494655,0.8761304617,-0.0093809962,0.0093809962,0.0000000000,1,1,,COCO-20i,False,True,0.0000000000
204_class-44,5,0.4568749070,0.3208173811,0.4590644240,5,0.4568749070,0.3208173811,0.4590644240,0.0000000000,0.1360575259,0.1360575259,1,1,,COCO-20i,False,False,0.0000000000
205_class-4,4,0.8161953688,0.8030077815,0.8161953688,4,0.8161953688,0.8030077815,0.8161953688,0.0000000000,0.0131875873,0.0131875873,1,1,,COCO-20i,False,False,0.0000000000
206_class-64,1,0.8745321035,0.8586270809,0.8745321035,0,0.8586270809,0.8586270809,0.8745321035,-0.0159050226,0.0159050226,0.0000000000,1,1,,COCO-20i,False,True,0.0000000000
207_class-52,2,0.8795459270,0.8509361744,0.8795459270,2,0.8795459270,0.8509361744,0.8795459270,0.0000000000,0.0286097527,0.0286097527,1,1,,COCO-20i,False,False,0.0000000000
208_class-20,0,0.4263095260,0.4263095260,0.4905870557,0,0.4263095260,0.4263095260,0.4905870557,0.0000000000,0.0000000000,0.0000000000,1,1,,COCO-20i,False,False,0.0000000000
209_class-28,5,0.3893142641,0.4565709531,0.8012329340,0,0.4565709531,0.4565709531,0.8012329340,0.0672566891,-0.0672566891,0.0000000000,0,1,,COCO-20i,False,True,1.0000000000
210_class-48,3,0.7088780999,0.7326488495,0.7326488495,3,0.7088780999,0.7326488495,0.7326488495,0.0000000000,-0.0237707496,-0.0237707496,0,0,,COCO-20i,False,False,0.0000000000
211_class-36,3,0.9300562739,0.9293606281,0.9300562739,3,0.9300562739,0.9293606281,0.9300562739,0.0000000000,0.0006956458,0.0006956458,1,1,,COCO-20i,False,False,0.0000000000
212_class-64,1,0.4802316427,0.3441238403,0.4802316427,1,0.4802316427,0.3441238403,0.4802316427,0.0000000000,0.1361078024,0.1361078024,1,1,,COCO-20i,False,False,0.0000000000
213_class-52,0,0.9721517563,0.9721517563,0.9721517563,0,0.9721517563,0.9721517563,0.9721517563,0.0000000000,0.0000000000,0.0000000000,1,1,,COCO-20i,False,False,0.0000000000
214_class-64,4,0.7114597559,0.6821656823,0.7118356228,0,0.6821656823,0.6821656823,0.7118356228,-0.0292940736,0.0292940736,0.0000000000,1,1,,COCO-20i,False,True,0.0000000000
215_class-28,0,0.9773405790,0.9773405790,0.9779040217,0,0.9773405790,0.9773405790,0.9779040217,0.0000000000,0.0000000000,0.0000000000,1,1,,COCO-20i,False,False,0.0000000000
216_class-40,0,0.5976880193,0.5976880193,0.5994796753,0,0.5976880193,0.5976880193,0.5994796753,0.0000000000,0.0000000000,0.0000000000,1,1,,COCO-20i,False,False,0.0000000000
217_class-20,5,0.9651519060,0.9615509510,0.9659503102,5,0.9651519060,0.9615509510,0.9659503102,0.0000000000,0.0036009550,0.0036009550,1,1,,COCO-20i,False,False,0.0000000000
218_class-0,4,0.4456234574,0.1225841567,0.4456234574,4,0.4456234574,0.1225841567,0.4456234574,0.0000000000,0.3230393007,0.3230393007,1,1,,COCO-20i,False,False,0.0000000000
219_class-24,0,0.9264340401,0.9264340401,0.9267545342,0,0.9264340401,0.9264340401,0.9267545342,0.0000000000,0.0000000000,0.0000000000,1,1,,COCO-20i,False,False,0.0000000000
220_class-64,5,0.9602408409,0.9603146315,0.9604636431,5,0.9602408409,0.9603146315,0.9604636431,0.0000000000,-0.0000737906,-0.0000737906,0,0,,COCO-20i,False,False,0.0000000000
221_class-16,3,0.4696028829,0.3550050557,0.4696028829,3,0.4696028829,0.3550050557,0.4696028829,0.0000000000,0.1145978272,0.1145978272,1,1,,COCO-20i,False,False,0.0000000000
222_class-40,4,0.6078968048,0.6287070513,0.6502507925,4,0.6078968048,0.6287070513,0.6502507925,0.0000000000,-0.0208102465,-0.0208102465,0,0,,COCO-20i,False,False,0.0000000000
223_class-12,4,0.8964591026,0.8953268528,0.8964591026,0,0.8953268528,0.8953268528,0.8964591026,-0.0011322498,0.0011322498,0.0000000000,1,1,,COCO-20i,False,True,0.0000000000
224_class-76,0,0.9293884635,0.9293884635,0.9303774834,0,0.9293884635,0.9293884635,0.9303774834,0.0000000000,0.0000000000,0.0000000000,1,1,,COCO-20i,False,False,0.0000000000
225_class-24,1,0.5850847363,0.5850913525,0.5850913525,0,0.5850913525,0.5850913525,0.5850913525,0.0000066161,-0.0000066161,0.0000000000,0,1,,COCO-20i,False,True,1.0000000000
226_class-28,2,0.9374394417,0.9315690398,0.9423723221,2,0.9374394417,0.9315690398,0.9423723221,0.0000000000,0.0058704019,0.0058704019,1,1,,COCO-20i,False,False,0.0000000000
227_class-48,5,0.9709284306,0.9713826180,0.9714163542,5,0.9709284306,0.9713826180,0.9714163542,0.0000000000,-0.0004541874,-0.0004541874,0,0,,COCO-20i,False,False,0.0000000000
228_class-20,5,0.7736499906,0.7805627584,0.7842944264,0,0.7805627584,0.7805627584,0.7842944264,0.0069127679,-0.0069127679,0.0000000000,0,1,,COCO-20i,False,True,1.0000000000
229_class-56,2,0.3038550615,0.3400733173,0.3771653473,2,0.3038550615,0.3400733173,0.3771653473,0.0000000000,-0.0362182558,-0.0362182558,0,0,,COCO-20i,False,False,0.0000000000
230_class-64,3,0.9653590918,0.9710162282,0.9710162282,3,0.9653590918,0.9710162282,0.9710162282,0.0000000000,-0.0056571364,-0.0056571364,0,0,,COCO-20i,False,False,0.0000000000
231_class-72,2,0.3708809614,0.3709471524,0.3836133182,0,0.3709471524,0.3709471524,0.3836133182,0.0000661910,-0.0000661910,0.0000000000,0,1,,COCO-20i,False,True,1.0000000000
232_class-32,2,0.9290007353,0.9297738671,0.9331240058,2,0.9290007353,0.9297738671,0.9331240058,0.0000000000,-0.0007731318,-0.0007731318,0,0,,COCO-20i,False,False,0.0000000000
233_class-20,1,0.9045661688,0.9024363756,0.9045661688,0,0.9024363756,0.9024363756,0.9045661688,-0.0021297932,0.0021297932,0.0000000000,1,1,,COCO-20i,False,True,0.0000000000
234_class-0,1,0.9392076731,0.9250016809,0.9399085045,1,0.9392076731,0.9250016809,0.9399085045,0.0000000000,0.0142059922,0.0142059922,1,1,,COCO-20i,False,False,0.0000000000
235_class-68,1,0.5378123522,0.5327339172,0.6067171097,0,0.5327339172,0.5327339172,0.6067171097,-0.0050784349,0.0050784349,0.0000000000,1,1,,COCO-20i,False,True,0.0000000000
236_class-28,5,0.9400850534,0.9215837717,0.9603297710,5,0.9400850534,0.9215837717,0.9603297710,0.0000000000,0.0185012817,0.0185012817,1,1,,COCO-20i,False,False,0.0000000000
237_class-0,5,0.5657427907,0.6229552031,0.6265181899,5,0.5657427907,0.6229552031,0.6265181899,0.0000000000,-0.0572124124,-0.0572124124,0,0,,COCO-20i,False,False,0.0000000000
238_class-44,1,0.8625546694,0.8601262569,0.8625546694,1,0.8625546694,0.8601262569,0.8625546694,0.0000000000,0.0024284124,0.0024284124,1,1,,COCO-20i,False,False,0.0000000000
239_class-12,4,0.9626940489,0.9631171227,0.9635432959,0,0.9631171227,0.9631171227,0.9635432959,0.0004230738,-0.0004230738,0.0000000000,0,1,,COCO-20i,False,True,1.0000000000
240_class-56,4,0.2940978110,0.2465181947,0.3017266393,4,0.2940978110,0.2465181947,0.3017266393,0.0000000000,0.0475796163,0.0475796163,1,1,,COCO-20i,False,False,0.0000000000
241_class-64,0,0.9624466896,0.9624466896,0.9661519527,0,0.9624466896,0.9624466896,0.9661519527,0.0000000000,0.0000000000,0.0000000000,1,1,,COCO-20i,False,False,0.0000000000
242_class-0,4,0.8711004853,0.8750930429,0.8861213923,4,0.8711004853,0.8750930429,0.8861213923,0.0000000000,-0.0039925575,-0.0039925575,0,0,,COCO-20i,False,False,0.0000000000
243_class-48,3,0.3686214089,0.2328782678,0.3891665936,0,0.2328782678,0.2328782678,0.3891665936,-0.1357431412,0.1357431412,0.0000000000,1,1,,COCO-20i,False,True,0.0000000000
244_class-32,2,0.7685210705,0.9146504402,0.9146504402,0,0.9146504402,0.9146504402,0.9146504402,0.1461293697,-0.1461293697,0.0000000000,0,1,,COCO-20i,False,True,1.0000000000
245_class-60,4,0.3201977909,0.3211334050,0.3260569274,0,0.3211334050,0.3211334050,0.3260569274,0.0009356141,-0.0009356141,0.0000000000,0,1,,COCO-20i,False,True,1.0000000000
246_class-4,0,0.6989304423,0.6989304423,0.9215849042,0,0.6989304423,0.6989304423,0.9215849042,0.0000000000,0.0000000000,0.0000000000,1,1,,COCO-20i,False,False,0.0000000000
247_class-8,2,0.9400855303,0.9002099037,0.9400855303,0,0.9002099037,0.9002099037,0.9400855303,-0.0398756266,0.0398756266,0.0000000000,1,1,,COCO-20i,False,True,0.0000000000
248_class-44,3,0.7697587609,0.8894133568,0.8932732940,3,0.7697587609,0.8894133568,0.8932732940,0.0000000000,-0.1196545959,-0.1196545959,0,0,,COCO-20i,False,False,0.0000000000
249_class-8,5,0.7837693691,0.6928364038,0.8117661476,5,0.7837693691,0.6928364038,0.8117661476,0.0000000000,0.0909329653,0.0909329653,1,1,,COCO-20i,False,False,0.0000000000
250_class-72,0,0.5465557575,0.5465557575,0.5465557575,0,0.5465557575,0.5465557575,0.5465557575,0.0000000000,0.0000000000,0.0000000000,1,1,,COCO-20i,False,False,0.0000000000
251_class-8,3,0.9012031555,0.9007930756,0.9025644660,3,0.9012031555,0.9007930756,0.9025644660,0.0000000000,0.0004100800,0.0004100800,1,1,,COCO-20i,False,False,0.0000000000
252_class-56,0,0.8877960443,0.8877960443,0.8882340193,0,0.8877960443,0.8877960443,0.8882340193,0.0000000000,0.0000000000,0.0000000000,1,1,,COCO-20i,False,False,0.0000000000
253_class-72,2,0.4649690092,0.4506016076,0.5464875102,0,0.4506016076,0.4506016076,0.5464875102,-0.0143674016,0.0143674016,0.0000000000,1,1,,COCO-20i,False,True,0.0000000000
254_class-64,1,0.6023622155,0.5831141472,0.6023622155,1,0.6023622155,0.5831141472,0.6023622155,0.0000000000,0.0192480683,0.0192480683,1,1,,COCO-20i,False,False,0.0000000000
255_class-20,0,0.9611020088,0.9611020088,0.9624853134,0,0.9611020088,0.9611020088,0.9624853134,0.0000000000,0.0000000000,0.0000000000,1,1,,COCO-20i,False,False,0.0000000000
256_class-32,2,0.9279497266,0.7708657384,0.9326907396,2,0.9279497266,0.7708657384,0.9326907396,0.0000000000,0.1570839882,0.1570839882,1,1,,COCO-20i,False,False,0.0000000000
257_class-48,2,0.5318405628,0.5695878267,0.9067201614,0,0.5695878267,0.5695878267,0.9067201614,0.0377472639,-0.0377472639,0.0000000000,0,1,,COCO-20i,False,True,1.0000000000
258_class-68,4,0.4495856166,0.4695947766,0.5177961588,4,0.4495856166,0.4695947766,0.5177961588,0.0000000000,-0.0200091600,-0.0200091600,0,0,,COCO-20i,False,False,0.0000000000
259_class-64,2,0.9811944962,0.9812857509,0.9820660353,2,0.9811944962,0.9812857509,0.9820660353,0.0000000000,-0.0000912547,-0.0000912547,0,0,,COCO-20i,False,False,0.0000000000
260_class-52,2,0.7838394642,0.7119851708,0.7854946852,2,0.7838394642,0.7119851708,0.7854946852,0.0000000000,0.0718542933,0.0718542933,1,1,,COCO-20i,False,False,0.0000000000
261_class-8,4,0.4899005294,0.4969873130,0.5784529448,0,0.4969873130,0.4969873130,0.5784529448,0.0070867836,-0.0070867836,0.0000000000,0,1,,COCO-20i,False,True,1.0000000000
262_class-44,3,0.2530830801,0.1299077272,0.2530830801,3,0.2530830801,0.1299077272,0.2530830801,0.0000000000,0.1231753528,0.1231753528,1,1,,COCO-20i,False,False,0.0000000000
263_class-44,5,0.9367961884,0.9371477365,0.9373085499,0,0.9371477365,0.9371477365,0.9373085499,0.0003515482,-0.0003515482,0.0000000000,0,1,,COCO-20i,False,True,1.0000000000
264_class-68,1,0.8137552738,0.9343987703,0.9404002428,1,0.8137552738,0.9343987703,0.9404002428,0.0000000000,-0.1206434965,-0.1206434965,0,0,,COCO-20i,False,False,0.0000000000
265_class-24,1,0.9420844913,0.9422488213,0.9422488213,1,0.9420844913,0.9422488213,0.9422488213,0.0000000000,-0.0001643300,-0.0001643300,0,0,,COCO-20i,False,False,0.0000000000
266_class-20,2,0.8828037381,0.8947573304,0.8967458010,0,0.8947573304,0.8947573304,0.8967458010,0.0119535923,-0.0119535923,0.0000000000,0,1,,COCO-20i,False,True,1.0000000000
267_class-12,3,0.9632313251,0.9632852077,0.9632852077,3,0.9632313251,0.9632852077,0.9632852077,0.0000000000,-0.0000538826,-0.0000538826,0,0,,COCO-20i,False,False,0.0000000000
268_class-56,1,0.7605266571,0.6855930686,0.7605266571,1,0.7605266571,0.6855930686,0.7605266571,0.0000000000,0.0749335885,0.0749335885,1,1,,COCO-20i,False,False,0.0000000000
269_class-52,0,0.4255925417,0.4255925417,0.4675162435,0,0.4255925417,0.4255925417,0.4675162435,0.0000000000,0.0000000000,0.0000000000,1,1,,COCO-20i,False,False,0.0000000000
270_class-4,2,0.6843511462,0.7006503344,0.7331042290,2,0.6843511462,0.7006503344,0.7331042290,0.0000000000,-0.0162991881,-0.0162991881,0,0,,COCO-20i,False,False,0.0000000000
271_class-72,1,0.8870478868,0.9046211839,0.9120821953,0,0.9046211839,0.9046211839,0.9120821953,0.0175732970,-0.0175732970,0.0000000000,0,1,,COCO-20i,False,True,1.0000000000
272_class-16,3,0.9126473665,0.9255325198,0.9295278192,0,0.9255325198,0.9255325198,0.9295278192,0.0128851533,-0.0128851533,0.0000000000,0,1,,COCO-20i,False,True,1.0000000000
273_class-40,2,0.8641235828,0.3957672417,0.8641235828,2,0.8641235828,0.3957672417,0.8641235828,0.0000000000,0.4683563411,0.4683563411,1,1,,COCO-20i,False,False,0.0000000000
274_class-48,3,0.2831623554,0.2410970032,0.2833511233,3,0.2831623554,0.2410970032,0.2833511233,0.0000000000,0.0420653522,0.0420653522,1,1,,COCO-20i,False,False,0.0000000000
275_class-16,2,0.9113349915,0.9152848721,0.9195614457,2,0.9113349915,0.9152848721,0.9195614457,0.0000000000,-0.0039498806,-0.0039498806,0,0,,COCO-20i,False,False,0.0000000000
276_class-20,4,0.6145880222,0.6156059504,0.6479160786,4,0.6145880222,0.6156059504,0.6479160786,0.0000000000,-0.0010179281,-0.0010179281,0,0,,COCO-20i,False,False,0.0000000000
277_class-44,4,0.9051154852,0.8422132134,0.9051154852,0,0.8422132134,0.8422132134,0.9051154852,-0.0629022717,0.0629022717,0.0000000000,1,1,,COCO-20i,False,True,0.0000000000
278_class-24,2,0.9141836166,0.6099029779,0.9141836166,2,0.9141836166,0.6099029779,0.9141836166,0.0000000000,0.3042806387,0.3042806387,1,1,,COCO-20i,False,False,0.0000000000
279_class-60,2,0.5829958320,0.5732666850,0.5844007134,0,0.5732666850,0.5732666850,0.5844007134,-0.0097291470,0.0097291470,0.0000000000,1,1,,COCO-20i,False,True,0.0000000000
280_class-68,0,0.9375135899,0.9375135899,0.9375135899,0,0.9375135899,0.9375135899,0.9375135899,0.0000000000,0.0000000000,0.0000000000,1,1,,COCO-20i,False,False,0.0000000000
281_class-76,4,0.8021754026,0.8158453703,0.8296217918,0,0.8158453703,0.8158453703,0.8296217918,0.0136699677,-0.0136699677,0.0000000000,0,1,,COCO-20i,False,True,1.0000000000
282_class-56,0,0.3512060642,0.3512060642,0.3662684262,0,0.3512060642,0.3512060642,0.3662684262,0.0000000000,0.0000000000,0.0000000000,1,1,,COCO-20i,False,False,0.0000000000
283_class-24,1,0.5682441592,0.5083791614,0.5725122094,1,0.5682441592,0.5083791614,0.5725122094,0.0000000000,0.0598649979,0.0598649979,1,1,,COCO-20i,False,False,0.0000000000
284_class-24,3,0.6884056926,0.6834748983,0.6943871975,3,0.6884056926,0.6834748983,0.6943871975,0.0000000000,0.0049307942,0.0049307942,1,1,,COCO-20i,False,False,0.0000000000
285_class-64,0,0.9440066814,0.9440066814,0.9440066814,0,0.9440066814,0.9440066814,0.9440066814,0.0000000000,0.0000000000,0.0000000000,1,1,,COCO-20i,False,False,0.0000000000
286_class-72,0,0.3856563270,0.3856563270,0.3872061670,0,0.3856563270,0.3856563270,0.3872061670,0.0000000000,0.0000000000,0.0000000000,1,1,,COCO-20i,False,False,0.0000000000
287_class-12,5,0.6752794981,0.5394365191,0.6752794981,5,0.6752794981,0.5394365191,0.6752794981,0.0000000000,0.1358429790,0.1358429790,1,1,,COCO-20i,False,False,0.0000000000
288_class-0,4,0.3556769788,0.3952644169,0.3952644169,4,0.3556769788,0.3952644169,0.3952644169,0.0000000000,-0.0395874381,-0.0395874381,0,0,,COCO-20i,False,False,0.0000000000
289_class-56,3,0.3096435368,0.2776004076,0.3096435368,3,0.3096435368,0.2776004076,0.3096435368,0.0000000000,0.0320431292,0.0320431292,1,1,,COCO-20i,False,False,0.0000000000
290_class-0,4,0.6945575476,0.7581304312,0.8440414667,4,0.6945575476,0.7581304312,0.8440414667,0.0000000000,-0.0635728836,-0.0635728836,0,0,,COCO-20i,False,False,0.0000000000
291_class-52,5,0.8015852571,0.7301309705,0.9575037956,5,0.8015852571,0.7301309705,0.9575037956,0.0000000000,0.0714542866,0.0714542866,1,1,,COCO-20i,False,False,0.0000000000
292_class-32,4,0.9716491699,0.9626801014,0.9716491699,0,0.9626801014,0.9626801014,0.9716491699,-0.0089690685,0.0089690685,0.0000000000,1,1,,COCO-20i,False,True,0.0000000000
293_class-4,3,0.6033996344,0.5342078209,0.6093240976,3,0.6033996344,0.5342078209,0.6093240976,0.0000000000,0.0691918135,0.0691918135,1,1,,COCO-20i,False,False,0.0000000000
294_class-24,4,0.8493092060,0.8593020439,0.8653507233,4,0.8493092060,0.8593020439,0.8653507233,0.0000000000,-0.0099928379,-0.0099928379,0,0,,COCO-20i,False,False,0.0000000000
295_class-8,5,0.1195993721,0.1111047268,0.1779395789,5,0.1195993721,0.1111047268,0.1779395789,0.0000000000,0.0084946454,0.0084946454,1,1,,COCO-20i,False,False,0.0000000000
296_class-76,2,0.7620617151,0.6974203587,0.7627055645,2,0.7620617151,0.6974203587,0.7627055645,0.0000000000,0.0646413565,0.0646413565,1,1,,COCO-20i,False,False,0.0000000000
297_class-32,1,0.9469419718,0.9197195768,0.9534106851,1,0.9469419718,0.9197195768,0.9534106851,0.0000000000,0.0272223949,0.0272223949,1,1,,COCO-20i,False,False,0.0000000000
298_class-4,3,0.6070814133,0.3644423485,0.6070814133,0,0.3644423485,0.3644423485,0.6070814133,-0.2426390648,0.2426390648,0.0000000000,1,1,,COCO-20i,False,True,0.0000000000
299_class-40,3,0.7393036485,0.7232172489,0.9558015466,3,0.7393036485,0.7232172489,0.9558015466,0.0000000000,0.0160863996,0.0160863996,1,1,,COCO-20i,False,False,0.0000000000
300_class-76,5,0.8460277319,0.8790018559,0.9124413729,5,0.8460277319,0.8790018559,0.9124413729,0.0000000000,-0.0329741240,-0.0329741240,0,0,,COCO-20i,False,False,0.0000000000
301_class-60,5,0.4661657214,0.4631260037,0.4975285530,5,0.4661657214,0.4631260037,0.4975285530,0.0000000000,0.0030397177,0.0030397177,1,1,,COCO-20i,False,False,0.0000000000
302_class-72,5,0.9628232121,0.6010740399,0.9628232121,5,0.9628232121,0.6010740399,0.9628232121,0.0000000000,0.3617491722,0.3617491722,1,1,,COCO-20i,False,False,0.0000000000
303_class-0,0,0.6433777809,0.6433777809,0.6433777809,0,0.6433777809,0.6433777809,0.6433777809,0.0000000000,0.0000000000,0.0000000000,1,1,,COCO-20i,False,False,0.0000000000
304_class-68,0,0.7248731256,0.7248731256,0.7724194527,0,0.7248731256,0.7248731256,0.7724194527,0.0000000000,0.0000000000,0.0000000000,1,1,,COCO-20i,False,False,0.0000000000
305_class-24,5,0.9296457171,0.9277161360,0.9312874079,0,0.9277161360,0.9277161360,0.9312874079,-0.0019295812,0.0019295812,0.0000000000,1,1,,COCO-20i,False,True,0.0000000000
306_class-40,2,0.9489767551,0.9501415491,0.9501415491,0,0.9501415491,0.9501415491,0.9501415491,0.0011647940,-0.0011647940,0.0000000000,0,1,,COCO-20i,False,True,1.0000000000
307_class-76,2,0.8529479504,0.7966551781,0.8529479504,0,0.7966551781,0.7966551781,0.8529479504,-0.0562927723,0.0562927723,0.0000000000,1,1,,COCO-20i,False,True,0.0000000000
308_class-20,4,0.7544379234,0.7813113928,0.7813113928,4,0.7544379234,0.7813113928,0.7813113928,0.0000000000,-0.0268734694,-0.0268734694,0,0,,COCO-20i,False,False,0.0000000000
309_class-60,1,0.7930817604,0.7899413705,0.7995916605,0,0.7899413705,0.7899413705,0.7995916605,-0.0031403899,0.0031403899,0.0000000000,1,1,,COCO-20i,False,True,0.0000000000
310_class-76,1,0.8902848959,0.8934465051,0.9006274939,0,0.8934465051,0.8934465051,0.9006274939,0.0031616092,-0.0031616092,0.0000000000,0,1,,COCO-20i,False,True,1.0000000000
311_class-64,2,0.8179033995,0.8288844824,0.9702260494,2,0.8179033995,0.8288844824,0.9702260494,0.0000000000,-0.0109810829,-0.0109810829,0,0,,COCO-20i,False,False,0.0000000000
312_class-24,1,0.8089178801,0.7590384483,0.8171608448,1,0.8089178801,0.7590384483,0.8171608448,0.0000000000,0.0498794317,0.0498794317,1,1,,COCO-20i,False,False,0.0000000000
313_class-12,3,0.4569804966,0.5396453142,0.8611137867,3,0.4569804966,0.5396453142,0.8611137867,0.0000000000,-0.0826648176,-0.0826648176,0,0,,COCO-20i,False,False,0.0000000000
314_class-36,1,0.8409876823,0.8292490244,0.8449810743,0,0.8292490244,0.8292490244,0.8449810743,-0.0117386580,0.0117386580,0.0000000000,1,1,,COCO-20i,False,True,0.0000000000
315_class-56,5,0.6028125286,0.2333290279,0.6028125286,5,0.6028125286,0.2333290279,0.6028125286,0.0000000000,0.3694835007,0.3694835007,1,1,,COCO-20i,False,False,0.0000000000
316_class-16,4,0.8275530338,0.8432889581,0.8657956123,4,0.8275530338,0.8432889581,0.8657956123,0.0000000000,-0.0157359242,-0.0157359242,0,0,,COCO-20i,False,False,0.0000000000
317_class-72,2,0.3894995451,0.3365994394,0.4666659832,0,0.3365994394,0.3365994394,0.4666659832,-0.0529001057,0.0529001057,0.0000000000,1,1,,COCO-20i,False,True,0.0000000000
318_class-24,1,0.4119516015,0.4287260473,0.4356514513,0,0.4287260473,0.4287260473,0.4356514513,0.0167744458,-0.0167744458,0.0000000000,0,1,,COCO-20i,False,True,1.0000000000
319_class-20,1,0.8852798939,0.8778458834,0.8923001885,1,0.8852798939,0.8778458834,0.8923001885,0.0000000000,0.0074340105,0.0074340105,1,1,,COCO-20i,False,False,0.0000000000
320_class-28,5,0.6235123277,0.6238815784,0.6481446028,5,0.6235123277,0.6238815784,0.6481446028,0.0000000000,-0.0003692508,-0.0003692508,0,0,,COCO-20i,False,False,0.0000000000
321_class-44,3,0.8162873983,0.8156844378,0.8164322376,0,0.8156844378,0.8156844378,0.8164322376,-0.0006029606,0.0006029606,0.0000000000,1,1,,COCO-20i,False,True,0.0000000000
322_class-72,4,0.4082374275,0.4081547260,0.4111151397,0,0.4081547260,0.4081547260,0.4111151397,-0.0000827014,0.0000827014,0.0000000000,1,1,,COCO-20i,False,True,0.0000000000
323_class-76,5,0.6582649946,0.6263719797,0.6974835396,5,0.6582649946,0.6263719797,0.6974835396,0.0000000000,0.0318930149,0.0318930149,1,1,,COCO-20i,False,False,0.0000000000
324_class-56,5,0.5608783960,0.5609008670,0.5609008670,5,0.5608783960,0.5609008670,0.5609008670,0.0000000000,-0.0000224710,-0.0000224710,0,0,,COCO-20i,False,False,0.0000000000
325_class-12,0,0.9747198820,0.9747198820,0.9747198820,0,0.9747198820,0.9747198820,0.9747198820,0.0000000000,0.0000000000,0.0000000000,1,1,,COCO-20i,False,False,0.0000000000
326_class-68,1,0.7844176292,0.7853242159,0.7925248146,1,0.7844176292,0.7853242159,0.7925248146,0.0000000000,-0.0009065866,-0.0009065866,0,0,,COCO-20i,False,False,0.0000000000
327_class-64,3,0.8176285028,0.8169943094,0.8213711381,0,0.8169943094,0.8169943094,0.8213711381,-0.0006341934,0.0006341934,0.0000000000,1,1,,COCO-20i,False,True,0.0000000000
328_class-48,1,0.7123515606,0.7027335763,0.8505991697,0,0.7027335763,0.7027335763,0.8505991697,-0.0096179843,0.0096179843,0.0000000000,1,1,,COCO-20i,False,True,0.0000000000
329_class-28,3,0.5461709499,0.5079668164,0.5461709499,3,0.5461709499,0.5079668164,0.5461709499,0.0000000000,0.0382041335,0.0382041335,1,1,,COCO-20i,False,False,0.0000000000
330_class-48,3,0.9485186338,0.9473735094,0.9495090246,3,0.9485186338,0.9473735094,0.9495090246,0.0000000000,0.0011451244,0.0011451244,1,1,,COCO-20i,False,False,0.0000000000
331_class-8,3,0.9107216597,0.8672165275,0.9107216597,3,0.9107216597,0.8672165275,0.9107216597,0.0000000000,0.0435051322,0.0435051322,1,1,,COCO-20i,False,False,0.0000000000
332_class-40,4,0.9310436249,0.9330847859,0.9334992170,0,0.9330847859,0.9330847859,0.9334992170,0.0020411611,-0.0020411611,0.0000000000,0,1,,COCO-20i,False,True,1.0000000000
333_class-64,0,0.7724633217,0.7724633217,0.7738309503,0,0.7724633217,0.7724633217,0.7738309503,0.0000000000,0.0000000000,0.0000000000,1,1,,COCO-20i,False,False,0.0000000000
334_class-8,5,0.4562404454,0.4717021585,0.6555320024,0,0.4717021585,0.4717021585,0.6555320024,0.0154617131,-0.0154617131,0.0000000000,0,1,,COCO-20i,False,True,1.0000000000
335_class-68,4,0.9091011882,0.8323340416,0.9091011882,4,0.9091011882,0.8323340416,0.9091011882,0.0000000000,0.0767671466,0.0767671466,1,1,,COCO-20i,False,False,0.0000000000
336_class-76,0,0.9001600742,0.9001600742,0.9109398127,0,0.9001600742,0.9001600742,0.9109398127,0.0000000000,0.0000000000,0.0000000000,1,1,,COCO-20i,False,False,0.0000000000
337_class-48,4,0.9732761979,0.9579485655,0.9732761979,4,0.9732761979,0.9579485655,0.9732761979,0.0000000000,0.0153276324,0.0153276324,1,1,,COCO-20i,False,False,0.0000000000
338_class-48,3,0.8726270199,0.8733661771,0.8745002747,0,0.8733661771,0.8733661771,0.8745002747,0.0007391572,-0.0007391572,0.0000000000,0,1,,COCO-20i,False,True,1.0000000000
339_class-56,4,0.8528300524,0.8558166027,0.8570464849,4,0.8528300524,0.8558166027,0.8570464849,0.0000000000,-0.0029865503,-0.0029865503,0,0,,COCO-20i,False,False,0.0000000000
340_class-12,3,0.4435286522,0.4960610867,0.5025372505,0,0.4960610867,0.4960610867,0.5025372505,0.0525324345,-0.0525324345,0.0000000000,0,1,,COCO-20i,False,True,1.0000000000
341_class-48,4,0.9758716226,0.9700114727,0.9758716226,0,0.9700114727,0.9700114727,0.9758716226,-0.0058601499,0.0058601499,0.0000000000,1,1,,COCO-20i,False,True,0.0000000000
342_class-28,0,0.6047644019,0.6047644019,0.6047644019,0,0.6047644019,0.6047644019,0.6047644019,0.0000000000,0.0000000000,0.0000000000,1,1,,COCO-20i,False,False,0.0000000000
343_class-16,0,0.7378721833,0.7378721833,0.7378721833,0,0.7378721833,0.7378721833,0.7378721833,0.0000000000,0.0000000000,0.0000000000,1,1,,COCO-20i,False,False,0.0000000000
344_class-20,3,0.8084685802,0.8074196577,0.8084685802,3,0.8084685802,0.8074196577,0.8084685802,0.0000000000,0.0010489225,0.0010489225,1,1,,COCO-20i,False,False,0.0000000000
345_class-72,2,0.7754188776,0.7535547018,0.7959735990,2,0.7754188776,0.7535547018,0.7959735990,0.0000000000,0.0218641758,0.0218641758,1,1,,COCO-20i,False,False,0.0000000000
346_class-16,2,0.9261895418,0.6498394608,0.9261895418,0,0.6498394608,0.6498394608,0.9261895418,-0.2763500810,0.2763500810,0.0000000000,1,1,,COCO-20i,False,True,0.0000000000
347_class-64,5,0.9608386755,0.9533311129,0.9608386755,0,0.9533311129,0.9533311129,0.9608386755,-0.0075075626,0.0075075626,0.0000000000,1,1,,COCO-20i,False,True,0.0000000000
348_class-56,0,0.2351217121,0.2351217121,0.4061255753,0,0.2351217121,0.2351217121,0.4061255753,0.0000000000,0.0000000000,0.0000000000,1,1,,COCO-20i,False,False,0.0000000000
349_class-40,3,0.8698004484,0.8496801257,0.8735847473,3,0.8698004484,0.8496801257,0.8735847473,0.0000000000,0.0201203227,0.0201203227,1,1,,COCO-20i,False,False,0.0000000000
350_class-24,3,0.8587980270,0.8588393927,0.8606311083,3,0.8587980270,0.8588393927,0.8606311083,0.0000000000,-0.0000413656,-0.0000413656,0,0,,COCO-20i,False,False,0.0000000000
351_class-76,1,0.8777716160,0.8552283645,0.8821890950,0,0.8552283645,0.8552283645,0.8821890950,-0.0225432515,0.0225432515,0.0000000000,1,1,,COCO-20i,False,True,0.0000000000
352_class-36,0,0.8163771629,0.8163771629,0.8525334597,0,0.8163771629,0.8163771629,0.8525334597,0.0000000000,0.0000000000,0.0000000000,1,1,,COCO-20i,False,False,0.0000000000
353_class-0,5,0.2391321510,0.3080351353,0.4427123666,0,0.3080351353,0.3080351353,0.4427123666,0.0689029843,-0.0689029843,0.0000000000,0,1,,COCO-20i,False,True,1.0000000000
354_class-76,2,0.6364286542,0.8450690508,0.8494368792,2,0.6364286542,0.8450690508,0.8494368792,0.0000000000,-0.2086403966,-0.2086403966,0,0,,COCO-20i,False,False,0.0000000000
355_class-36,2,0.9269348383,0.9186909795,0.9269348383,2,0.9269348383,0.9186909795,0.9269348383,0.0000000000,0.0082438588,0.0082438588,1,1,,COCO-20i,False,False,0.0000000000
356_class-28,5,0.4539437294,0.4538729191,0.4539437294,5,0.4539437294,0.4538729191,0.4539437294,0.0000000000,0.0000708103,0.0000708103,1,1,,COCO-20i,False,False,0.0000000000
357_class-20,0,0.6429013610,0.6429013610,0.7976411581,0,0.6429013610,0.6429013610,0.7976411581,0.0000000000,0.0000000000,0.0000000000,1,1,,COCO-20i,False,False,0.0000000000
358_class-8,1,0.8339251280,0.7255497575,0.8339251280,0,0.7255497575,0.7255497575,0.8339251280,-0.1083753705,0.1083753705,0.0000000000,1,1,,COCO-20i,False,True,0.0000000000
359_class-8,5,0.8584170341,0.8296921253,0.8810765743,0,0.8296921253,0.8296921253,0.8810765743,-0.0287249088,0.0287249088,0.0000000000,1,1,,COCO-20i,False,True,0.0000000000
360_class-24,0,0.9733414650,0.9733414650,0.9752410650,0,0.9733414650,0.9733414650,0.9752410650,0.0000000000,0.0000000000,0.0000000000,1,1,,COCO-20i,False,False,0.0000000000
361_class-16,3,0.9430096149,0.9551233649,0.9595212340,0,0.9551233649,0.9551233649,0.9595212340,0.0121137500,-0.0121137500,0.0000000000,0,1,,COCO-20i,False,True,1.0000000000
362_class-68,3,0.8156077862,0.7988638878,0.8156077862,0,0.7988638878,0.7988638878,0.8156077862,-0.0167438984,0.0167438984,0.0000000000,1,1,,COCO-20i,False,True,0.0000000000
363_class-8,5,0.5773138404,0.6060242653,0.6099319458,0,0.6060242653,0.6060242653,0.6099319458,0.0287104249,-0.0287104249,0.0000000000,0,1,,COCO-20i,False,True,1.0000000000
364_class-48,3,0.4737518728,0.5024878383,0.5225104094,0,0.5024878383,0.5024878383,0.5225104094,0.0287359655,-0.0287359655,0.0000000000,0,1,,COCO-20i,False,True,1.0000000000
365_class-16,2,0.8743336201,0.7584642172,0.8743336201,2,0.8743336201,0.7584642172,0.8743336201,0.0000000000,0.1158694029,0.1158694029,1,1,,COCO-20i,False,False,0.0000000000
366_class-64,0,0.9506881237,0.9506881237,0.9533042908,0,0.9506881237,0.9506881237,0.9533042908,0.0000000000,0.0000000000,0.0000000000,1,1,,COCO-20i,False,False,0.0000000000
367_class-48,1,0.2069316804,0.1221742928,0.4152270854,1,0.2069316804,0.1221742928,0.4152270854,0.0000000000,0.0847573876,0.0847573876,1,1,,COCO-20i,False,False,0.0000000000
368_class-20,3,0.6615759134,0.8649100065,0.8768403530,0,0.8649100065,0.8649100065,0.8768403530,0.2033340931,-0.2033340931,0.0000000000,0,1,,COCO-20i,False,True,1.0000000000
369_class-72,4,0.1749968529,0.2618610561,0.2931627035,4,0.1749968529,0.2618610561,0.2931627035,0.0000000000,-0.0868642032,-0.0868642032,0,0,,COCO-20i,False,False,0.0000000000
370_class-68,3,0.4958875179,0.4765453637,0.4958875179,3,0.4958875179,0.4765453637,0.4958875179,0.0000000000,0.0193421543,0.0193421543,1,1,,COCO-20i,False,False,0.0000000000
371_class-44,3,0.7867654562,0.7964011431,0.7964011431,3,0.7867654562,0.7964011431,0.7964011431,0.0000000000,-0.0096356869,-0.0096356869,0,0,,COCO-20i,False,False,0.0000000000
372_class-0,2,0.0519553721,0.0519493483,0.0520564988,2,0.0519553721,0.0519493483,0.0520564988,0.0000000000,0.0000060238,0.0000060238,1,1,,COCO-20i,False,False,0.0000000000
373_class-72,1,0.3704275787,0.1622719318,0.3704275787,1,0.3704275787,0.1622719318,0.3704275787,0.0000000000,0.2081556469,0.2081556469,1,1,,COCO-20i,False,False,0.0000000000
374_class-4,3,0.9066198468,0.9055275917,0.9066198468,3,0.9066198468,0.9055275917,0.9066198468,0.0000000000,0.0010922551,0.0010922551,1,1,,COCO-20i,False,False,0.0000000000
375_class-44,4,0.4797558188,0.4785763323,0.4797558188,0,0.4785763323,0.4785763323,0.4797558188,-0.0011794865,0.0011794865,0.0000000000,1,1,,COCO-20i,False,True,0.0000000000
376_class-0,0,0.9477963448,0.9477963448,0.9480035901,0,0.9477963448,0.9477963448,0.9480035901,0.0000000000,0.0000000000,0.0000000000,1,1,,COCO-20i,False,False,0.0000000000
377_class-16,1,0.8009967804,0.8238320351,0.8238320351,0,0.8238320351,0.8238320351,0.8238320351,0.0228352547,-0.0228352547,0.0000000000,0,1,,COCO-20i,False,True,1.0000000000
378_class-76,2,0.8267683387,0.8269271851,0.8275827169,2,0.8267683387,0.8269271851,0.8275827169,0.0000000000,-0.0001588464,-0.0001588464,0,0,,COCO-20i,False,False,0.0000000000
379_class-16,5,0.3299028277,0.1956309229,0.3299028277,5,0.3299028277,0.1956309229,0.3299028277,0.0000000000,0.1342719048,0.1342719048,1,1,,COCO-20i,False,False,0.0000000000
380_class-24,0,0.5078514814,0.5078514814,0.5078514814,0,0.5078514814,0.5078514814,0.5078514814,0.0000000000,0.0000000000,0.0000000000,1,1,,COCO-20i,False,False,0.0000000000
381_class-16,5,0.9218107462,0.9154376984,0.9218107462,5,0.9218107462,0.9154376984,0.9218107462,0.0000000000,0.0063730478,0.0063730478,1,1,,COCO-20i,False,False,0.0000000000
382_class-4,4,0.1355624646,0.0484649129,0.1355624646,4,0.1355624646,0.0484649129,0.1355624646,0.0000000000,0.0870975517,0.0870975517,1,1,,COCO-20i,False,False,0.0000000000
383_class-64,0,0.7916065454,0.7916065454,0.7916065454,0,0.7916065454,0.7916065454,0.7916065454,0.0000000000,0.0000000000,0.0000000000,1,1,,COCO-20i,False,False,0.0000000000
384_class-64,5,0.8415923119,0.8428236246,0.8428236246,5,0.8415923119,0.8428236246,0.8428236246,0.0000000000,-0.0012313128,-0.0012313128,0,0,,COCO-20i,False,False,0.0000000000
385_class-76,0,0.7125871181,0.7125871181,0.7847912312,0,0.7125871181,0.7125871181,0.7847912312,0.0000000000,0.0000000000,0.0000000000,1,1,,COCO-20i,False,False,0.0000000000
386_class-24,3,0.5123067498,0.4839139879,0.5316460729,3,0.5123067498,0.4839139879,0.5316460729,0.0000000000,0.0283927619,0.0283927619,1,1,,COCO-20i,False,False,0.0000000000
387_class-64,0,0.7611566186,0.7611566186,0.9523433447,0,0.7611566186,0.7611566186,0.9523433447,0.0000000000,0.0000000000,0.0000000000,1,1,,COCO-20i,False,False,0.0000000000
388_class-24,1,0.4942457676,0.4918177426,0.6760210395,1,0.4942457676,0.4918177426,0.6760210395,0.0000000000,0.0024280250,0.0024280250,1,1,,COCO-20i,False,False,0.0000000000
389_class-20,1,0.3199402094,0.3600423634,0.4887610376,1,0.3199402094,0.3600423634,0.4887610376,0.0000000000,-0.0401021540,-0.0401021540,0,0,,COCO-20i,False,False,0.0000000000
390_class-72,1,0.3770289421,0.3733871281,0.3927882612,1,0.3770289421,0.3733871281,0.3927882612,0.0000000000,0.0036418140,0.0036418140,1,1,,COCO-20i,False,False,0.0000000000
391_class-64,2,0.9236840010,0.9110344052,0.9236840010,2,0.9236840010,0.9110344052,0.9236840010,0.0000000000,0.0126495957,0.0126495957,1,1,,COCO-20i,False,False,0.0000000000
392_class-36,4,0.9138587713,0.9158862829,0.9158862829,4,0.9138587713,0.9158862829,0.9158862829,0.0000000000,-0.0020275116,-0.0020275116,0,0,,COCO-20i,False,False,0.0000000000
393_class-60,4,0.6204625368,0.6070460677,0.7386785746,4,0.6204625368,0.6070460677,0.7386785746,0.0000000000,0.0134164691,0.0134164691,1,1,,COCO-20i,False,False,0.0000000000
394_class-4,2,0.8301966190,0.8535828590,0.8834885955,0,0.8535828590,0.8535828590,0.8834885955,0.0233862400,-0.0233862400,0.0000000000,0,1,,COCO-20i,False,True,1.0000000000
395_class-16,0,0.9114241600,0.9114241600,0.9114241600,0,0.9114241600,0.9114241600,0.9114241600,0.0000000000,0.0000000000,0.0000000000,1,1,,COCO-20i,False,False,0.0000000000
396_class-44,3,0.8923819065,0.8771970868,0.8923819065,3,0.8923819065,0.8771970868,0.8923819065,0.0000000000,0.0151848197,0.0151848197,1,1,,COCO-20i,False,False,0.0000000000
397_class-12,3,0.9745433331,0.5483185053,0.9745433331,3,0.9745433331,0.5483185053,0.9745433331,0.0000000000,0.4262248278,0.4262248278,1,1,,COCO-20i,False,False,0.0000000000
398_class-36,0,0.8286825418,0.8286825418,0.8598153591,0,0.8286825418,0.8286825418,0.8598153591,0.0000000000,0.0000000000,0.0000000000,1,1,,COCO-20i,False,False,0.0000000000
399_class-32,2,0.1665239036,0.1795682311,0.5032783747,0,0.1795682311,0.1795682311,0.5032783747,0.0130443275,-0.0130443275,0.0000000000,0,1,,COCO-20i,False,True,1.0000000000
400_class-72,1,0.6766085029,0.6526009440,0.7504200339,0,0.6526009440,0.6526009440,0.7504200339,-0.0240075588,0.0240075588,0.0000000000,1,1,,COCO-20i,False,True,0.0000000000
401_class-48,4,0.9448989630,0.9354580641,0.9448989630,0,0.9354580641,0.9354580641,0.9448989630,-0.0094408989,0.0094408989,0.0000000000,1,1,,COCO-20i,False,True,0.0000000000
402_class-68,0,0.7757601738,0.7757601738,0.8988208175,0,0.7757601738,0.7757601738,0.8988208175,0.0000000000,0.0000000000,0.0000000000,1,1,,COCO-20i,False,False,0.0000000000
403_class-64,3,0.9296898246,0.9425168037,0.9565433264,0,0.9425168037,0.9425168037,0.9565433264,0.0128269792,-0.0128269792,0.0000000000,0,1,,COCO-20i,False,True,1.0000000000
404_class-56,3,0.8000130057,0.3985029459,0.8000130057,3,0.8000130057,0.3985029459,0.8000130057,0.0000000000,0.4015100598,0.4015100598,1,1,,COCO-20i,False,False,0.0000000000
405_class-4,2,0.7752301693,0.7820664048,0.7821440697,0,0.7820664048,0.7820664048,0.7821440697,0.0068362355,-0.0068362355,0.0000000000,0,1,,COCO-20i,False,True,1.0000000000
406_class-72,4,0.5483354330,0.4113147855,0.5891264677,4,0.5483354330,0.4113147855,0.5891264677,0.0000000000,0.1370206475,0.1370206475,1,1,,COCO-20i,False,False,0.0000000000
407_class-0,2,0.5510607958,0.8576851487,0.8693119287,0,0.8576851487,0.8576851487,0.8693119287,0.3066243529,-0.3066243529,0.0000000000,0,1,,COCO-20i,False,True,1.0000000000
408_class-64,1,0.4164150953,0.4140060246,0.4441797435,0,0.4140060246,0.4140060246,0.4441797435,-0.0024090707,0.0024090707,0.0000000000,1,1,,COCO-20i,False,True,0.0000000000
409_class-24,0,0.8623096347,0.8623096347,0.8633991480,0,0.8623096347,0.8623096347,0.8633991480,0.0000000000,0.0000000000,0.0000000000,1,1,,COCO-20i,False,False,0.0000000000
410_class-12,2,0.9325633049,0.9233673811,0.9397987127,0,0.9233673811,0.9233673811,0.9397987127,-0.0091959238,0.0091959238,0.0000000000,1,1,,COCO-20i,False,True,0.0000000000
411_class-24,0,0.5039559603,0.5039559603,0.5188015699,0,0.5039559603,0.5039559603,0.5188015699,0.0000000000,0.0000000000,0.0000000000,1,1,,COCO-20i,False,False,0.0000000000
412_class-44,2,0.7618792057,0.6917921901,0.7618792057,0,0.6917921901,0.6917921901,0.7618792057,-0.0700870156,0.0700870156,0.0000000000,1,1,,COCO-20i,False,True,0.0000000000
413_class-44,3,0.9464141726,0.9466124773,0.9468627572,0,0.9466124773,0.9466124773,0.9468627572,0.0001983047,-0.0001983047,0.0000000000,0,1,,COCO-20i,False,True,1.0000000000
414_class-28,1,0.6125104427,0.5550881028,0.6125104427,1,0.6125104427,0.5550881028,0.6125104427,0.0000000000,0.0574223399,0.0574223399,1,1,,COCO-20i,False,False,0.0000000000
415_class-64,3,0.9555061460,0.9557902813,0.9559599757,0,0.9557902813,0.9557902813,0.9559599757,0.0002841353,-0.0002841353,0.0000000000,0,1,,COCO-20i,False,True,1.0000000000
416_class-52,0,0.7093255520,0.7093255520,0.7511810064,0,0.7093255520,0.7093255520,0.7511810064,0.0000000000,0.0000000000,0.0000000000,1,1,,COCO-20i,False,False,0.0000000000
417_class-24,4,0.9310483336,0.9315298200,0.9317244887,4,0.9310483336,0.9315298200,0.9317244887,0.0000000000,-0.0004814863,-0.0004814863,0,0,,COCO-20i,False,False,0.0000000000
418_class-52,3,0.5785448551,0.5687869787,0.5785448551,3,0.5785448551,0.5687869787,0.5785448551,0.0000000000,0.0097578764,0.0097578764,1,1,,COCO-20i,False,False,0.0000000000
419_class-48,0,0.6365156174,0.6365156174,0.7842408419,0,0.6365156174,0.6365156174,0.7842408419,0.0000000000,0.0000000000,0.0000000000,1,1,,COCO-20i,False,False,0.0000000000
420_class-12,4,0.4996552169,0.4364541769,0.4996552169,0,0.4364541769,0.4364541769,0.4996552169,-0.0632010400,0.0632010400,0.0000000000,1,1,,COCO-20i,False,True,0.0000000000
421_class-68,3,0.9507920742,0.9493147135,0.9507920742,3,0.9507920742,0.9493147135,0.9507920742,0.0000000000,0.0014773607,0.0014773607,1,1,,COCO-20i,False,False,0.0000000000
422_class-56,3,0.9707506299,0.9711272120,0.9711616635,3,0.9707506299,0.9711272120,0.9711616635,0.0000000000,-0.0003765821,-0.0003765821,0,0,,COCO-20i,False,False,0.0000000000
423_class-12,1,0.9513027072,0.9540652037,0.9540652037,0,0.9540652037,0.9540652037,0.9540652037,0.0027624965,-0.0027624965,0.0000000000,0,1,,COCO-20i,False,True,1.0000000000
424_class-52,0,0.3751099408,0.3751099408,0.3751099408,0,0.3751099408,0.3751099408,0.3751099408,0.0000000000,0.0000000000,0.0000000000,1,1,,COCO-20i,False,False,0.0000000000
425_class-4,0,0.9227281809,0.9227281809,0.9246507883,0,0.9227281809,0.9227281809,0.9246507883,0.0000000000,0.0000000000,0.0000000000,1,1,,COCO-20i,False,False,0.0000000000
426_class-72,4,0.8857079744,0.8880269527,0.9046134949,4,0.8857079744,0.8880269527,0.9046134949,0.0000000000,-0.0023189783,-0.0023189783,0,0,,COCO-20i,False,False,0.0000000000
427_class-52,5,0.7044132352,0.7198027968,0.7198027968,5,0.7044132352,0.7198027968,0.7198027968,0.0000000000,-0.0153895617,-0.0153895617,0,0,,COCO-20i,False,False,0.0000000000
428_class-60,2,0.2700429559,0.2700770497,0.2741444111,2,0.2700429559,0.2700770497,0.2741444111,0.0000000000,-0.0000340939,-0.0000340939,0,0,,COCO-20i,False,False,0.0000000000
429_class-0,2,0.7333297729,0.7384537458,0.7763571739,2,0.7333297729,0.7384537458,0.7763571739,0.0000000000,-0.0051239729,-0.0051239729,0,0,,COCO-20i,False,False,0.0000000000
430_class-32,4,0.9173637629,0.9173637629,0.9175157547,4,0.9173637629,0.9173637629,0.9175157547,0.0000000000,0.0000000000,0.0000000000,1,1,,COCO-20i,False,False,0.0000000000
431_class-68,5,0.4315268099,0.3782143891,0.4315268099,0,0.3782143891,0.3782143891,0.4315268099,-0.0533124208,0.0533124208,0.0000000000,1,1,,COCO-20i,False,True,0.0000000000
432_class-72,5,0.2448607236,0.2678270042,0.3808103204,5,0.2448607236,0.2678270042,0.3808103204,0.0000000000,-0.0229662806,-0.0229662806,0,0,,COCO-20i,False,False,0.0000000000
433_class-0,1,0.6932026744,0.6969836950,0.7144976854,1,0.6932026744,0.6969836950,0.7144976854,0.0000000000,-0.0037810206,-0.0037810206,0,0,,COCO-20i,False,False,0.0000000000
434_class-68,0,0.9519279003,0.9519279003,0.9519279003,0,0.9519279003,0.9519279003,0.9519279003,0.0000000000,0.0000000000,0.0000000000,1,1,,COCO-20i,False,False,0.0000000000
435_class-32,3,0.9702301025,0.8348377943,0.9702301025,0,0.8348377943,0.8348377943,0.9702301025,-0.1353923082,0.1353923082,0.0000000000,1,1,,COCO-20i,False,True,0.0000000000
436_class-48,4,0.7245651484,0.9872251749,0.9875354171,4,0.7245651484,0.9872251749,0.9875354171,0.0000000000,-0.2626600266,-0.2626600266,0,0,,COCO-20i,False,False,0.0000000000
437_class-16,2,0.7339963317,0.6991945505,0.7461781502,2,0.7339963317,0.6991945505,0.7461781502,0.0000000000,0.0348017812,0.0348017812,1,1,,COCO-20i,False,False,0.0000000000
438_class-20,0,0.8625607491,0.8625607491,0.8625607491,0,0.8625607491,0.8625607491,0.8625607491,0.0000000000,0.0000000000,0.0000000000,1,1,,COCO-20i,False,False,0.0000000000
439_class-36,5,0.8375604153,0.4027574956,0.8375604153,0,0.4027574956,0.4027574956,0.8375604153,-0.4348029196,0.4348029196,0.0000000000,1,1,,COCO-20i,False,True,0.0000000000
440_class-32,3,0.9706064463,0.9704875946,0.9717009068,0,0.9704875946,0.9704875946,0.9717009068,-0.0001188517,0.0001188517,0.0000000000,1,1,,COCO-20i,False,True,0.0000000000
441_class-36,5,0.7684863806,0.6996611953,0.7684863806,5,0.7684863806,0.6996611953,0.7684863806,0.0000000000,0.0688251853,0.0688251853,1,1,,COCO-20i,False,False,0.0000000000
442_class-60,5,0.6194733977,0.3930867910,0.6348595619,5,0.6194733977,0.3930867910,0.6348595619,0.0000000000,0.2263866067,0.2263866067,1,1,,COCO-20i,False,False,0.0000000000
443_class-4,2,0.6304471493,0.6323035359,0.6323035359,0,0.6323035359,0.6323035359,0.6323035359,0.0018563867,-0.0018563867,0.0000000000,0,1,,COCO-20i,False,True,1.0000000000
444_class-28,4,0.9491249323,0.9342031479,0.9542022943,0,0.9342031479,0.9342031479,0.9542022943,-0.0149217844,0.0149217844,0.0000000000,1,1,,COCO-20i,False,True,0.0000000000
445_class-68,0,0.1648667604,0.1648667604,0.2296970040,0,0.1648667604,0.1648667604,0.2296970040,0.0000000000,0.0000000000,0.0000000000,1,1,,COCO-20i,False,False,0.0000000000
446_class-64,1,0.9539858699,0.9557915926,0.9570804834,1,0.9539858699,0.9557915926,0.9570804834,0.0000000000,-0.0018057227,-0.0018057227,0,0,,COCO-20i,False,False,0.0000000000
447_class-76,0,0.8366703987,0.8366703987,0.8464909792,0,0.8366703987,0.8366703987,0.8464909792,0.0000000000,0.0000000000,0.0000000000,1,1,,COCO-20i,False,False,0.0000000000
448_class-56,1,0.8447418213,0.8233101368,0.8661422729,1,0.8447418213,0.8233101368,0.8661422729,0.0000000000,0.0214316845,0.0214316845,1,1,,COCO-20i,False,False,0.0000000000
449_class-28,0,0.5428180099,0.5428180099,0.5705941916,0,0.5428180099,0.5428180099,0.5705941916,0.0000000000,0.0000000000,0.0000000000,1,1,,COCO-20i,False,False,0.0000000000
450_class-52,1,0.7225299478,0.7458308339,0.7458308339,0,0.7458308339,0.7458308339,0.7458308339,0.0233008862,-0.0233008862,0.0000000000,0,1,,COCO-20i,False,True,1.0000000000
451_class-76,2,0.7810069323,0.8031107187,0.8031107187,0,0.8031107187,0.8031107187,0.8031107187,0.0221037865,-0.0221037865,0.0000000000,0,1,,COCO-20i,False,True,1.0000000000
452_class-68,2,0.3867229521,0.3586610854,0.3928903639,2,0.3867229521,0.3586610854,0.3928903639,0.0000000000,0.0280618668,0.0280618668,1,1,,COCO-20i,False,False,0.0000000000
453_class-60,0,0.6761761904,0.6761761904,0.6769810915,0,0.6761761904,0.6761761904,0.6769810915,0.0000000000,0.0000000000,0.0000000000,1,1,,COCO-20i,False,False,0.0000000000
454_class-12,5,0.2333149910,0.3559849858,0.3626919389,0,0.3559849858,0.3559849858,0.3626919389,0.1226699948,-0.1226699948,0.0000000000,0,1,,COCO-20i,False,True,1.0000000000
455_class-0,0,0.3712350726,0.3712350726,0.3882957101,0,0.3712350726,0.3712350726,0.3882957101,0.0000000000,0.0000000000,0.0000000000,1,1,,COCO-20i,False,False,0.0000000000
456_class-28,1,0.8348826170,0.8295373917,0.8729254007,0,0.8295373917,0.8295373917,0.8729254007,-0.0053452253,0.0053452253,0.0000000000,1,1,,COCO-20i,False,True,0.0000000000
457_class-36,2,0.9396744370,0.7200975418,0.9396744370,2,0.9396744370,0.7200975418,0.9396744370,0.0000000000,0.2195768952,0.2195768952,1,1,,COCO-20i,False,False,0.0000000000
458_class-72,2,0.4346169531,0.4346169531,0.7442300320,2,0.4346169531,0.4346169531,0.7442300320,0.0000000000,0.0000000000,0.0000000000,1,1,,COCO-20i,False,False,0.0000000000
459_class-32,2,0.9226976633,0.8953191042,0.9226976633,0,0.8953191042,0.8953191042,0.9226976633,-0.0273785591,0.0273785591,0.0000000000,1,1,,COCO-20i,False,True,0.0000000000
460_class-52,3,0.9735503197,0.9679890275,0.9735503197,3,0.9735503197,0.9679890275,0.9735503197,0.0000000000,0.0055612922,0.0055612922,1,1,,COCO-20i,False,False,0.0000000000
461_class-64,2,0.4130927324,0.4073603749,0.4130927324,2,0.4130927324,0.4073603749,0.4130927324,0.0000000000,0.0057323575,0.0057323575,1,1,,COCO-20i,False,False,0.0000000000
462_class-36,0,0.3926853836,0.3926853836,0.5777095556,0,0.3926853836,0.3926853836,0.5777095556,0.0000000000,0.0000000000,0.0000000000,1,1,,COCO-20i,False,False,0.0000000000
463_class-4,4,0.5121396780,0.5275782347,0.5847197771,0,0.5275782347,0.5275782347,0.5847197771,0.0154385567,-0.0154385567,0.0000000000,0,1,,COCO-20i,False,True,1.0000000000
464_class-20,3,0.7297114730,0.7977923751,0.8913654089,3,0.7297114730,0.7977923751,0.8913654089,0.0000000000,-0.0680809021,-0.0680809021,0,0,,COCO-20i,False,False,0.0000000000
465_class-20,0,0.7401622534,0.7401622534,0.7553490996,0,0.7401622534,0.7401622534,0.7553490996,0.0000000000,0.0000000000,0.0000000000,1,1,,COCO-20i,False,False,0.0000000000
466_class-28,1,0.8880711198,0.8761408925,0.9008088112,1,0.8880711198,0.8761408925,0.9008088112,0.0000000000,0.0119302273,0.0119302273,1,1,,COCO-20i,False,False,0.0000000000
467_class-0,2,0.9042993784,0.4786213040,0.9042993784,2,0.9042993784,0.4786213040,0.9042993784,0.0000000000,0.4256780744,0.4256780744,1,1,,COCO-20i,False,False,0.0000000000
468_class-40,5,0.8894121647,0.8898510933,0.8909466863,0,0.8898510933,0.8898510933,0.8909466863,0.0004389286,-0.0004389286,0.0000000000,0,1,,COCO-20i,False,True,1.0000000000
469_class-76,3,0.7309234142,0.7191554904,0.7324336171,3,0.7309234142,0.7191554904,0.7324336171,0.0000000000,0.0117679238,0.0117679238,1,1,,COCO-20i,False,False,0.0000000000
470_class-72,0,0.4123317301,0.4123317301,0.4123317301,0,0.4123317301,0.4123317301,0.4123317301,0.0000000000,0.0000000000,0.0000000000,1,1,,COCO-20i,False,False,0.0000000000
471_class-52,4,0.6548383236,0.6613857746,0.7214307785,0,0.6613857746,0.6613857746,0.7214307785,0.0065474510,-0.0065474510,0.0000000000,0,1,,COCO-20i,False,True,1.0000000000
472_class-32,5,0.5100585222,0.4378211200,0.5100585222,0,0.4378211200,0.4378211200,0.5100585222,-0.0722374022,0.0722374022,0.0000000000,1,1,,COCO-20i,False,True,0.0000000000
473_class-40,4,0.8076970577,0.7964868546,0.8076970577,4,0.8076970577,0.7964868546,0.8076970577,0.0000000000,0.0112102032,0.0112102032,1,1,,COCO-20i,False,False,0.0000000000
474_class-24,3,0.6737626791,0.6715628505,0.8082328439,0,0.6715628505,0.6715628505,0.8082328439,-0.0021998286,0.0021998286,0.0000000000,1,1,,COCO-20i,False,True,0.0000000000
475_class-64,0,0.9225861430,0.9225861430,0.9225861430,0,0.9225861430,0.9225861430,0.9225861430,0.0000000000,0.0000000000,0.0000000000,1,1,,COCO-20i,False,False,0.0000000000
476_class-52,5,0.8457207680,0.9467095137,0.9493267536,5,0.8457207680,0.9467095137,0.9493267536,0.0000000000,-0.1009887457,-0.1009887457,0,0,,COCO-20i,False,False,0.0000000000
477_class-16,1,0.8767318726,0.8429498076,0.8794834614,0,0.8429498076,0.8429498076,0.8794834614,-0.0337820649,0.0337820649,0.0000000000,1,1,,COCO-20i,False,True,0.0000000000
478_class-24,2,0.9182216525,0.8960272074,0.9203299284,0,0.8960272074,0.8960272074,0.9203299284,-0.0221944451,0.0221944451,0.0000000000,1,1,,COCO-20i,False,True,0.0000000000
479_class-56,4,0.3199574947,0.3156534731,0.3199574947,0,0.3156534731,0.3156534731,0.3199574947,-0.0043040216,0.0043040216,0.0000000000,1,1,,COCO-20i,False,True,0.0000000000
480_class-56,1,0.4081659019,0.5002315640,0.5151286721,1,0.4081659019,0.5002315640,0.5151286721,0.0000000000,-0.0920656621,-0.0920656621,0,0,,COCO-20i,False,False,0.0000000000
481_class-36,1,0.8408941031,0.8392959237,0.8408941031,1,0.8408941031,0.8392959237,0.8408941031,0.0000000000,0.0015981793,0.0015981793,1,1,,COCO-20i,False,False,0.0000000000
482_class-48,4,0.4925091863,0.4903494716,0.6770858765,0,0.4903494716,0.4903494716,0.6770858765,-0.0021597147,0.0021597147,0.0000000000,1,1,,COCO-20i,False,True,0.0000000000
483_class-64,0,0.9686054587,0.9686054587,0.9689556956,0,0.9686054587,0.9686054587,0.9689556956,0.0000000000,0.0000000000,0.0000000000,1,1,,COCO-20i,False,False,0.0000000000
484_class-0,4,0.5954228640,0.5953642726,0.5962010622,4,0.5954228640,0.5953642726,0.5962010622,0.0000000000,0.0000585914,0.0000585914,1,1,,COCO-20i,False,False,0.0000000000
485_class-12,1,0.7975760102,0.8089827299,0.9360983968,1,0.7975760102,0.8089827299,0.9360983968,0.0000000000,-0.0114067197,-0.0114067197,0,0,,COCO-20i,False,False,0.0000000000
486_class-76,4,0.8055853844,0.8179356456,0.8501238823,0,0.8179356456,0.8179356456,0.8501238823,0.0123502612,-0.0123502612,0.0000000000,0,1,,COCO-20i,False,True,1.0000000000
487_class-16,2,0.9589377046,0.9200621247,0.9626531601,0,0.9200621247,0.9200621247,0.9626531601,-0.0388755798,0.0388755798,0.0000000000,1,1,,COCO-20i,False,True,0.0000000000
488_class-52,5,0.9322493672,0.9269422293,0.9322493672,0,0.9269422293,0.9269422293,0.9322493672,-0.0053071380,0.0053071380,0.0000000000,1,1,,COCO-20i,False,True,0.0000000000
489_class-0,3,0.8229734898,0.7064261436,0.8229734898,3,0.8229734898,0.7064261436,0.8229734898,0.0000000000,0.1165473461,0.1165473461,1,1,,COCO-20i,False,False,0.0000000000
490_class-64,0,0.9817740917,0.9817740917,0.9848047495,0,0.9817740917,0.9817740917,0.9848047495,0.0000000000,0.0000000000,0.0000000000,1,1,,COCO-20i,False,False,0.0000000000
491_class-32,2,0.9730037451,0.9732667208,0.9738659859,2,0.9730037451,0.9732667208,0.9738659859,0.0000000000,-0.0002629757,-0.0002629757,0,0,,COCO-20i,False,False,0.0000000000
492_class-48,5,0.6814478636,0.6818297505,0.7924510837,0,0.6818297505,0.6818297505,0.7924510837,0.0003818870,-0.0003818870,0.0000000000,0,1,,COCO-20i,False,True,1.0000000000
493_class-36,0,0.5710901022,0.5710901022,0.5723370314,0,0.5710901022,0.5710901022,0.5723370314,0.0000000000,0.0000000000,0.0000000000,1,1,,COCO-20i,False,False,0.0000000000
494_class-40,1,0.6909295917,0.6892049313,0.9215605855,0,0.6892049313,0.6892049313,0.9215605855,-0.0017246604,0.0017246604,0.0000000000,1,1,,COCO-20i,False,True,0.0000000000
495_class-52,2,0.9545605183,0.8976663351,0.9545605183,2,0.9545605183,0.8976663351,0.9545605183,0.0000000000,0.0568941832,0.0568941832,1,1,,COCO-20i,False,False,0.0000000000
496_class-4,4,0.8370492458,0.8446216583,0.8532053232,4,0.8370492458,0.8446216583,0.8532053232,0.0000000000,-0.0075724125,-0.0075724125,0,0,,COCO-20i,False,False,0.0000000000
497_class-72,5,0.9543934464,0.9536358118,0.9545345306,0,0.9536358118,0.9536358118,0.9545345306,-0.0007576346,0.0007576346,0.0000000000,1,1,,COCO-20i,False,True,0.0000000000
498_class-44,3,0.4698173106,0.4145993888,0.4698173106,3,0.4698173106,0.4145993888,0.4698173106,0.0000000000,0.0552179217,0.0552179217,1,1,,COCO-20i,False,False,0.0000000000
499_class-28,1,0.6464781165,0.6612492800,0.6612492800,1,0.6464781165,0.6612492800,0.6612492800,0.0000000000,-0.0147711635,-0.0147711635,0,0,,COCO-20i,False,False,0.0000000000
500_class-0,2,0.8156231046,0.8143845797,0.9372377396,0,0.8143845797,0.8143845797,0.9372377396,-0.0012385249,0.0012385249,0.0000000000,1,1,,COCO-20i,False,True,0.0000000000
501_class-4,0,0.8897354603,0.8897354603,0.9010612965,0,0.8897354603,0.8897354603,0.9010612965,0.0000000000,0.0000000000,0.0000000000,1,1,,COCO-20i,False,False,0.0000000000
502_class-76,5,0.8649492264,0.9092731476,0.9092731476,0,0.9092731476,0.9092731476,0.9092731476,0.0443239212,-0.0443239212,0.0000000000,0,1,,COCO-20i,False,True,1.0000000000
503_class-44,1,0.8852660656,0.7929263115,0.8852660656,1,0.8852660656,0.7929263115,0.8852660656,0.0000000000,0.0923397541,0.0923397541,1,1,,COCO-20i,False,False,0.0000000000
504_class-12,2,0.6267028451,0.6256957054,0.8402912617,0,0.6256957054,0.6256957054,0.8402912617,-0.0010071397,0.0010071397,0.0000000000,1,1,,COCO-20i,False,True,0.0000000000
505_class-20,0,0.9515014887,0.9515014887,0.9528398514,0,0.9515014887,0.9515014887,0.9528398514,0.0000000000,0.0000000000,0.0000000000,1,1,,COCO-20i,False,False,0.0000000000
506_class-44,3,0.3332584500,0.3413891196,0.3732504845,0,0.3413891196,0.3413891196,0.3732504845,0.0081306696,-0.0081306696,0.0000000000,0,1,,COCO-20i,False,True,1.0000000000
507_class-24,0,0.2077763677,0.2077763677,0.2080189586,0,0.2077763677,0.2077763677,0.2080189586,0.0000000000,0.0000000000,0.0000000000,1,1,,COCO-20i,False,False,0.0000000000
508_class-64,0,0.6929945350,0.6929945350,0.6960561275,0,0.6929945350,0.6929945350,0.6960561275,0.0000000000,0.0000000000,0.0000000000,1,1,,COCO-20i,False,False,0.0000000000
509_class-0,1,0.3579402268,0.3932176828,0.3932176828,0,0.3932176828,0.3932176828,0.3932176828,0.0352774560,-0.0352774560,0.0000000000,0,1,,COCO-20i,False,True,1.0000000000
510_class-72,0,0.8340973854,0.8340973854,0.8340973854,0,0.8340973854,0.8340973854,0.8340973854,0.0000000000,0.0000000000,0.0000000000,1,1,,COCO-20i,False,False,0.0000000000
511_class-64,0,0.7210910320,0.7210910320,0.8202897310,0,0.7210910320,0.7210910320,0.8202897310,0.0000000000,0.0000000000,0.0000000000,1,1,,COCO-20i,False,False,0.0000000000
512_class-72,2,0.6449369192,0.7307840586,0.7307840586,0,0.7307840586,0.7307840586,0.7307840586,0.0858471394,-0.0858471394,0.0000000000,0,1,,COCO-20i,False,True,1.0000000000
513_class-20,4,0.9057855606,0.9100472927,0.9100472927,4,0.9057855606,0.9100472927,0.9100472927,0.0000000000,-0.0042617321,-0.0042617321,0,0,,COCO-20i,False,False,0.0000000000
514_class-8,1,0.6680598259,0.6986315250,0.6986315250,1,0.6680598259,0.6986315250,0.6986315250,0.0000000000,-0.0305716991,-0.0305716991,0,0,,COCO-20i,False,False,0.0000000000
515_class-28,1,0.9384573698,0.9387233257,0.9395056367,1,0.9384573698,0.9387233257,0.9395056367,0.0000000000,-0.0002659559,-0.0002659559,0,0,,COCO-20i,False,False,0.0000000000
516_class-32,1,0.9594861269,0.7333315611,0.9670889974,1,0.9594861269,0.7333315611,0.9670889974,0.0000000000,0.2261545658,0.2261545658,1,1,,COCO-20i,False,False,0.0000000000
517_class-68,2,0.8803612590,0.7366470695,0.8803612590,2,0.8803612590,0.7366470695,0.8803612590,0.0000000000,0.1437141895,0.1437141895,1,1,,COCO-20i,False,False,0.0000000000
518_class-64,3,0.4436986744,0.3834083974,0.4436986744,3,0.4436986744,0.3834083974,0.4436986744,0.0000000000,0.0602902770,0.0602902770,1,1,,COCO-20i,False,False,0.0000000000
519_class-64,0,0.9628148079,0.9628148079,0.9628148079,0,0.9628148079,0.9628148079,0.9628148079,0.0000000000,0.0000000000,0.0000000000,1,1,,COCO-20i,False,False,0.0000000000
520_class-48,4,0.3614324331,0.3331061304,0.3614324331,4,0.3614324331,0.3331061304,0.3614324331,0.0000000000,0.0283263028,0.0283263028,1,1,,COCO-20i,False,False,0.0000000000
521_class-0,1,0.6996832490,0.6919064522,0.6996832490,0,0.6919064522,0.6919064522,0.6996832490,-0.0077767968,0.0077767968,0.0000000000,1,1,,COCO-20i,False,True,0.0000000000
522_class-24,0,0.9654803276,0.9654803276,0.9655392766,0,0.9654803276,0.9654803276,0.9655392766,0.0000000000,0.0000000000,0.0000000000,1,1,,COCO-20i,False,False,0.0000000000
523_class-72,5,0.7517380714,0.7165066004,0.7517380714,0,0.7165066004,0.7165066004,0.7517380714,-0.0352314711,0.0352314711,0.0000000000,1,1,,COCO-20i,False,True,0.0000000000
524_class-64,3,0.8209101558,0.9370348454,0.9370348454,0,0.9370348454,0.9370348454,0.9370348454,0.1161246896,-0.1161246896,0.0000000000,0,1,,COCO-20i,False,True,1.0000000000
525_class-48,2,0.6558036208,0.6618579626,0.6879794598,2,0.6558036208,0.6618579626,0.6879794598,0.0000000000,-0.0060543418,-0.0060543418,0,0,,COCO-20i,False,False,0.0000000000
526_class-60,2,0.8803967834,0.8415374756,0.8803967834,0,0.8415374756,0.8415374756,0.8803967834,-0.0388593078,0.0388593078,0.0000000000,1,1,,COCO-20i,False,True,0.0000000000
527_class-40,2,0.6246738434,0.6524612904,0.6768797040,2,0.6246738434,0.6524612904,0.6768797040,0.0000000000,-0.0277874470,-0.0277874470,0,0,,COCO-20i,False,False,0.0000000000
528_class-52,1,0.9533579946,0.9517251253,0.9544943571,0,0.9517251253,0.9517251253,0.9544943571,-0.0016328692,0.0016328692,0.0000000000,1,1,,COCO-20i,False,True,0.0000000000
529_class-64,5,0.9082626700,0.8143364191,0.9082626700,5,0.9082626700,0.8143364191,0.9082626700,0.0000000000,0.0939262509,0.0939262509,1,1,,COCO-20i,False,False,0.0000000000
530_class-72,3,0.4974061847,0.4590724111,0.5452309251,3,0.4974061847,0.4590724111,0.5452309251,0.0000000000,0.0383337736,0.0383337736,1,1,,COCO-20i,False,False,0.0000000000
531_class-8,0,0.6571297646,0.6571297646,0.7026404738,0,0.6571297646,0.6571297646,0.7026404738,0.0000000000,0.0000000000,0.0000000000,1,1,,COCO-20i,False,False,0.0000000000
532_class-0,5,0.8123736382,0.7672167420,0.8123736382,0,0.7672167420,0.7672167420,0.8123736382,-0.0451568961,0.0451568961,0.0000000000,1,1,,COCO-20i,False,True,0.0000000000
533_class-64,1,0.5804383755,0.5956910849,0.7112121582,1,0.5804383755,0.5956910849,0.7112121582,0.0000000000,-0.0152527094,-0.0152527094,0,0,,COCO-20i,False,False,0.0000000000
534_class-28,1,0.4925482273,0.4763456881,0.5711275339,0,0.4763456881,0.4763456881,0.5711275339,-0.0162025392,0.0162025392,0.0000000000,1,1,,COCO-20i,False,True,0.0000000000
535_class-48,1,0.8706208467,0.7187115550,0.8706208467,0,0.7187115550,0.7187115550,0.8706208467,-0.1519092917,0.1519092917,0.0000000000,1,1,,COCO-20i,False,True,0.0000000000
536_class-60,3,0.1195812076,0.2987141609,0.3031430244,3,0.1195812076,0.2987141609,0.3031430244,0.0000000000,-0.1791329533,-0.1791329533,0,0,,COCO-20i,False,False,0.0000000000
537_class-68,4,0.3591872752,0.2875801027,0.3591872752,4,0.3591872752,0.2875801027,0.3591872752,0.0000000000,0.0716071725,0.0716071725,1,1,,COCO-20i,False,False,0.0000000000
538_class-8,0,0.4888086319,0.4888086319,0.5390623808,0,0.4888086319,0.4888086319,0.5390623808,0.0000000000,0.0000000000,0.0000000000,1,1,,COCO-20i,False,False,0.0000000000
539_class-28,1,0.7454022169,0.7264648676,0.7454022169,1,0.7454022169,0.7264648676,0.7454022169,0.0000000000,0.0189373493,0.0189373493,1,1,,COCO-20i,False,False,0.0000000000
540_class-56,4,0.6911003590,0.6317595243,0.6911003590,4,0.6911003590,0.6317595243,0.6911003590,0.0000000000,0.0593408346,0.0593408346,1,1,,COCO-20i,False,False,0.0000000000
541_class-32,0,0.9593865871,0.9593865871,0.9595353603,0,0.9593865871,0.9593865871,0.9595353603,0.0000000000,0.0000000000,0.0000000000,1,1,,COCO-20i,False,False,0.0000000000
542_class-40,2,0.4789809585,0.4587374926,0.5563095808,0,0.4587374926,0.4587374926,0.5563095808,-0.0202434659,0.0202434659,0.0000000000,1,1,,COCO-20i,False,True,0.0000000000
543_class-48,2,0.6854900718,0.6896418333,0.6928892136,0,0.6896418333,0.6896418333,0.6928892136,0.0041517615,-0.0041517615,0.0000000000,0,1,,COCO-20i,False,True,1.0000000000
544_class-28,3,0.4372760355,0.4459156394,0.4479866028,0,0.4459156394,0.4459156394,0.4479866028,0.0086396039,-0.0086396039,0.0000000000,0,1,,COCO-20i,False,True,1.0000000000
545_class-24,1,0.5467654467,0.5591736436,0.5608480573,0,0.5591736436,0.5591736436,0.5608480573,0.0124081969,-0.0124081969,0.0000000000,0,1,,COCO-20i,False,True,1.0000000000
546_class-12,2,0.9629502296,0.9622442722,0.9644908309,0,0.9622442722,0.9622442722,0.9644908309,-0.0007059574,0.0007059574,0.0000000000,1,1,,COCO-20i,False,True,0.0000000000
547_class-32,0,0.3685733676,0.3685733676,0.4602149725,0,0.3685733676,0.3685733676,0.4602149725,0.0000000000,0.0000000000,0.0000000000,1,1,,COCO-20i,False,False,0.0000000000
548_class-68,4,0.9629372358,0.9756612778,0.9807087183,4,0.9629372358,0.9756612778,0.9807087183,0.0000000000,-0.0127240419,-0.0127240419,0,0,,COCO-20i,False,False,0.0000000000
549_class-36,4,0.8808595538,0.8858274221,0.8871093392,0,0.8858274221,0.8858274221,0.8871093392,0.0049678683,-0.0049678683,0.0000000000,0,1,,COCO-20i,False,True,1.0000000000
550_class-12,0,0.8462944627,0.8462944627,0.8535741568,0,0.8462944627,0.8462944627,0.8535741568,0.0000000000,0.0000000000,0.0000000000,1,1,,COCO-20i,False,False,0.0000000000
551_class-28,4,0.6538696885,0.6878336072,0.7098084688,4,0.6538696885,0.6878336072,0.7098084688,0.0000000000,-0.0339639187,-0.0339639187,0,0,,COCO-20i,False,False,0.0000000000
552_class-28,1,0.4985595345,0.4355655313,0.5006771684,1,0.4985595345,0.4355655313,0.5006771684,0.0000000000,0.0629940033,0.0629940033,1,1,,COCO-20i,False,False,0.0000000000
553_class-48,2,0.4176239967,0.5439176559,0.5462602377,2,0.4176239967,0.5439176559,0.5462602377,0.0000000000,-0.1262936592,-0.1262936592,0,0,,COCO-20i,False,False,0.0000000000
554_class-48,3,0.9511721134,0.9431368113,0.9520906210,0,0.9431368113,0.9431368113,0.9520906210,-0.0080353022,0.0080353022,0.0000000000,1,1,,COCO-20i,False,True,0.0000000000
555_class-48,5,0.4729005396,0.4066271186,0.4729005396,0,0.4066271186,0.4066271186,0.4729005396,-0.0662734210,0.0662734210,0.0000000000,1,1,,COCO-20i,False,True,0.0000000000
556_class-24,3,0.4643267095,0.4633130133,0.4643267095,3,0.4643267095,0.4633130133,0.4643267095,0.0000000000,0.0010136962,0.0010136962,1,1,,COCO-20i,False,False,0.0000000000
557_class-32,3,0.9613627195,0.4941675365,0.9613627195,3,0.9613627195,0.4941675365,0.9613627195,0.0000000000,0.4671951830,0.4671951830,1,1,,COCO-20i,False,False,0.0000000000
558_class-56,5,0.5990210772,0.6162356138,0.6162356138,0,0.6162356138,0.6162356138,0.6162356138,0.0172145367,-0.0172145367,0.0000000000,0,1,,COCO-20i,False,True,1.0000000000
559_class-72,5,0.5507169962,0.5619238019,0.5644553900,0,0.5619238019,0.5619238019,0.5644553900,0.0112068057,-0.0112068057,0.0000000000,0,1,,COCO-20i,False,True,1.0000000000
560_class-72,1,0.9403901100,0.7164767981,0.9403901100,1,0.9403901100,0.7164767981,0.9403901100,0.0000000000,0.2239133120,0.2239133120,1,1,,COCO-20i,False,False,0.0000000000
561_class-72,0,0.4048240185,0.4048240185,0.7709029913,0,0.4048240185,0.4048240185,0.7709029913,0.0000000000,0.0000000000,0.0000000000,1,1,,COCO-20i,False,False,0.0000000000
562_class-24,0,0.4937669039,0.4937669039,0.4937669039,0,0.4937669039,0.4937669039,0.4937669039,0.0000000000,0.0000000000,0.0000000000,1,1,,COCO-20i,False,False,0.0000000000
563_class-44,1,0.9122792482,0.9123991728,0.9179545641,0,0.9123991728,0.9123991728,0.9179545641,0.0001199245,-0.0001199245,0.0000000000,0,1,,COCO-20i,False,True,1.0000000000
564_class-0,5,0.3072879612,0.3143726587,0.3635061979,0,0.3143726587,0.3143726587,0.3635061979,0.0070846975,-0.0070846975,0.0000000000,0,1,,COCO-20i,False,True,1.0000000000
565_class-36,3,0.9393357038,0.9278452396,0.9393357038,0,0.9278452396,0.9278452396,0.9393357038,-0.0114904642,0.0114904642,0.0000000000,1,1,,COCO-20i,False,True,0.0000000000
566_class-0,0,0.2852656245,0.2852656245,0.2852656245,0,0.2852656245,0.2852656245,0.2852656245,0.0000000000,0.0000000000,0.0000000000,1,1,,COCO-20i,False,False,0.0000000000
567_class-68,3,0.9514517188,0.9584304690,0.9584304690,0,0.9584304690,0.9584304690,0.9584304690,0.0069787502,-0.0069787502,0.0000000000,0,1,,COCO-20i,False,True,1.0000000000
568_class-52,3,0.9297213554,0.9254371524,0.9315289259,3,0.9297213554,0.9254371524,0.9315289259,0.0000000000,0.0042842031,0.0042842031,1,1,,COCO-20i,False,False,0.0000000000
569_class-36,3,0.8431162834,0.8333783150,0.8477710485,0,0.8333783150,0.8333783150,0.8477710485,-0.0097379684,0.0097379684,0.0000000000,1,1,,COCO-20i,False,True,0.0000000000
570_class-20,3,0.4831559360,0.8976032734,0.9021086693,3,0.4831559360,0.8976032734,0.9021086693,0.0000000000,-0.4144473374,-0.4144473374,0,0,,COCO-20i,False,False,0.0000000000
571_class-44,0,0.9488537312,0.9488537312,0.9529400468,0,0.9488537312,0.9488537312,0.9529400468,0.0000000000,0.0000000000,0.0000000000,1,1,,COCO-20i,False,False,0.0000000000
572_class-4,3,0.9134790301,0.9095559120,0.9134790301,3,0.9134790301,0.9095559120,0.9134790301,0.0000000000,0.0039231181,0.0039231181,1,1,,COCO-20i,False,False,0.0000000000
573_class-32,5,0.9307562709,0.9340600967,0.9340600967,0,0.9340600967,0.9340600967,0.9340600967,0.0033038259,-0.0033038259,0.0000000000,0,1,,COCO-20i,False,True,1.0000000000
574_class-24,0,0.4621465206,0.4621465206,0.4621465206,0,0.4621465206,0.4621465206,0.4621465206,0.0000000000,0.0000000000,0.0000000000,1,1,,COCO-20i,False,False,0.0000000000
575_class-32,5,0.9058654308,0.9096785784,0.9096785784,0,0.9096785784,0.9096785784,0.9096785784,0.0038131475,-0.0038131475,0.0000000000,0,1,,COCO-20i,False,True,1.0000000000
576_class-76,2,0.6643331051,0.6879708767,0.6879708767,0,0.6879708767,0.6879708767,0.6879708767,0.0236377716,-0.0236377716,0.0000000000,0,1,,COCO-20i,False,True,1.0000000000
577_class-60,0,0.4905419052,0.4905419052,0.5087907910,0,0.4905419052,0.4905419052,0.5087907910,0.0000000000,0.0000000000,0.0000000000,1,1,,COCO-20i,False,False,0.0000000000
578_class-64,1,0.9652953148,0.7455266714,0.9656669497,0,0.7455266714,0.7455266714,0.9656669497,-0.2197686434,0.2197686434,0.0000000000,1,1,,COCO-20i,False,True,0.0000000000
579_class-64,4,0.9213618040,0.8978862762,0.9229109883,4,0.9213618040,0.8978862762,0.9229109883,0.0000000000,0.0234755278,0.0234755278,1,1,,COCO-20i,False,False,0.0000000000
580_class-32,4,0.9566879272,0.9377789497,0.9566879272,4,0.9566879272,0.9377789497,0.9566879272,0.0000000000,0.0189089775,0.0189089775,1,1,,COCO-20i,False,False,0.0000000000
581_class-8,2,0.8130950928,0.4257102609,0.8130950928,0,0.4257102609,0.4257102609,0.8130950928,-0.3873848319,0.3873848319,0.0000000000,1,1,,COCO-20i,False,True,0.0000000000
582_class-8,4,0.6190995574,0.4442546666,0.6190995574,4,0.6190995574,0.4442546666,0.6190995574,0.0000000000,0.1748448908,0.1748448908,1,1,,COCO-20i,False,False,0.0000000000
583_class-28,1,0.6142261028,0.6079046726,0.6142261028,1,0.6142261028,0.6079046726,0.6142261028,0.0000000000,0.0063214302,0.0063214302,1,1,,COCO-20i,False,False,0.0000000000
584_class-20,2,0.4797323346,0.4857680500,0.4923619032,0,0.4857680500,0.4857680500,0.4923619032,0.0060357153,-0.0060357153,0.0000000000,0,1,,COCO-20i,False,True,1.0000000000
585_class-48,4,0.7799216509,0.7806639671,0.8390146494,4,0.7799216509,0.7806639671,0.8390146494,0.0000000000,-0.0007423162,-0.0007423162,0,0,,COCO-20i,False,False,0.0000000000
586_class-12,0,0.9048596025,0.9048596025,0.9048596025,0,0.9048596025,0.9048596025,0.9048596025,0.0000000000,0.0000000000,0.0000000000,1,1,,COCO-20i,False,False,0.0000000000
587_class-76,2,0.6716842651,0.5728225112,0.6813175678,0,0.5728225112,0.5728225112,0.6813175678,-0.0988617539,0.0988617539,0.0000000000,1,1,,COCO-20i,False,True,0.0000000000
588_class-24,3,0.3930392861,0.1771917194,0.4329072237,3,0.3930392861,0.1771917194,0.4329072237,0.0000000000,0.2158475667,0.2158475667,1,1,,COCO-20i,False,False,0.0000000000
589_class-60,3,0.8806748390,0.8784713745,0.8844891191,0,0.8784713745,0.8784713745,0.8844891191,-0.0022034645,0.0022034645,0.0000000000,1,1,,COCO-20i,False,True,0.0000000000
590_class-72,3,0.2999985218,0.3061514795,0.3173581362,0,0.3061514795,0.3061514795,0.3173581362,0.0061529577,-0.0061529577,0.0000000000,0,1,,COCO-20i,False,True,1.0000000000
591_class-56,3,0.6340030432,0.7019701004,0.7494953871,0,0.7019701004,0.7019701004,0.7494953871,0.0679670572,-0.0679670572,0.0000000000,0,1,,COCO-20i,False,True,1.0000000000
592_class-32,5,0.9319330454,0.9266216755,0.9331005812,0,0.9266216755,0.9266216755,0.9331005812,-0.0053113699,0.0053113699,0.0000000000,1,1,,COCO-20i,False,True,0.0000000000
593_class-12,0,0.4564215243,0.4564215243,0.4648767114,0,0.4564215243,0.4564215243,0.4648767114,0.0000000000,0.0000000000,0.0000000000,1,1,,COCO-20i,False,False,0.0000000000
594_class-24,0,0.4819062054,0.4819062054,0.4819192588,0,0.4819062054,0.4819062054,0.4819192588,0.0000000000,0.0000000000,0.0000000000,1,1,,COCO-20i,False,False,0.0000000000
595_class-68,3,0.8756511211,0.8600006104,0.8756511211,3,0.8756511211,0.8600006104,0.8756511211,0.0000000000,0.0156505108,0.0156505108,1,1,,COCO-20i,False,False,0.0000000000
596_class-24,2,0.9382088184,0.9461864233,0.9490174055,2,0.9382088184,0.9461864233,0.9490174055,0.0000000000,-0.0079776049,-0.0079776049,0,0,,COCO-20i,False,False,0.0000000000
597_class-28,1,0.9494798183,0.9552694559,0.9566148520,0,0.9552694559,0.9552694559,0.9566148520,0.0057896376,-0.0057896376,0.0000000000,0,1,,COCO-20i,False,True,1.0000000000
598_class-4,4,0.6788064241,0.6160460114,0.6788064241,4,0.6788064241,0.6160460114,0.6788064241,0.0000000000,0.0627604127,0.0627604127,1,1,,COCO-20i,False,False,0.0000000000
599_class-20,1,0.8880128860,0.8905014992,0.8905014992,0,0.8905014992,0.8905014992,0.8905014992,0.0024886131,-0.0024886131,0.0000000000,0,1,,COCO-20i,False,True,1.0000000000
600_class-40,0,0.7927479744,0.7927479744,0.8135850430,0,0.7927479744,0.7927479744,0.8135850430,0.0000000000,0.0000000000,0.0000000000,1,1,,COCO-20i,False,False,0.0000000000
601_class-72,2,0.5280112028,0.4820264578,0.5457587242,0,0.4820264578,0.4820264578,0.5457587242,-0.0459847450,0.0459847450,0.0000000000,1,1,,COCO-20i,False,True,0.0000000000
602_class-76,4,0.7310382724,0.7262479067,0.7310382724,0,0.7262479067,0.7262479067,0.7310382724,-0.0047903657,0.0047903657,0.0000000000,1,1,,COCO-20i,False,True,0.0000000000
603_class-60,4,0.5887471437,0.5366388559,0.5900235176,4,0.5887471437,0.5366388559,0.5900235176,0.0000000000,0.0521082878,0.0521082878,1,1,,COCO-20i,False,False,0.0000000000
604_class-52,5,0.4375398159,0.4357710481,0.4388836920,0,0.4357710481,0.4357710481,0.4388836920,-0.0017687678,0.0017687678,0.0000000000,1,1,,COCO-20i,False,True,0.0000000000
605_class-0,5,0.7535036802,0.7551777959,0.9605123997,0,0.7551777959,0.7551777959,0.9605123997,0.0016741157,-0.0016741157,0.0000000000,0,1,,COCO-20i,False,True,1.0000000000
606_class-36,3,0.8996821046,0.5938822627,0.9006346464,3,0.8996821046,0.5938822627,0.9006346464,0.0000000000,0.3057998419,0.3057998419,1,1,,COCO-20i,False,False,0.0000000000
607_class-32,2,0.9569759369,0.9568319917,0.9569815397,2,0.9569759369,0.9568319917,0.9569815397,0.0000000000,0.0001439452,0.0001439452,1,1,,COCO-20i,False,False,0.0000000000
608_class-8,2,0.4461467862,0.4461447895,0.4461467862,2,0.4461467862,0.4461447895,0.4461467862,0.0000000000,0.0000019968,0.0000019968,1,1,,COCO-20i,False,False,0.0000000000
609_class-24,2,0.2514161468,0.2544967234,0.3535647392,0,0.2544967234,0.2544967234,0.3535647392,0.0030805767,-0.0030805767,0.0000000000,0,1,,COCO-20i,False,True,1.0000000000
610_class-36,4,0.7560646534,0.7325029969,0.7560646534,4,0.7560646534,0.7325029969,0.7560646534,0.0000000000,0.0235616565,0.0235616565,1,1,,COCO-20i,False,False,0.0000000000
611_class-16,5,0.9456393719,0.9437813759,0.9456393719,5,0.9456393719,0.9437813759,0.9456393719,0.0000000000,0.0018579960,0.0018579960,1,1,,COCO-20i,False,False,0.0000000000
612_class-4,5,0.4335371256,0.4694831371,0.5903674364,5,0.4335371256,0.4694831371,0.5903674364,0.0000000000,-0.0359460115,-0.0359460115,0,0,,COCO-20i,False,False,0.0000000000
613_class-56,4,0.4785846174,0.5096238256,0.5666145086,4,0.4785846174,0.5096238256,0.5666145086,0.0000000000,-0.0310392082,-0.0310392082,0,0,,COCO-20i,False,False,0.0000000000
614_class-32,5,0.9640222788,0.9668260217,0.9674499631,5,0.9640222788,0.9668260217,0.9674499631,0.0000000000,-0.0028037429,-0.0028037429,0,0,,COCO-20i,False,False,0.0000000000
615_class-0,5,0.5928156972,0.4982958138,0.5928156972,5,0.5928156972,0.4982958138,0.5928156972,0.0000000000,0.0945198834,0.0945198834,1,1,,COCO-20i,False,False,0.0000000000
616_class-12,0,0.9387764335,0.9387764335,0.9396017790,0,0.9387764335,0.9387764335,0.9396017790,0.0000000000,0.0000000000,0.0000000000,1,1,,COCO-20i,False,False,0.0000000000
617_class-20,1,0.9300452471,0.9317830801,0.9317830801,0,0.9317830801,0.9317830801,0.9317830801,0.0017378330,-0.0017378330,0.0000000000,0,1,,COCO-20i,False,True,1.0000000000
618_class-64,3,0.6716404557,0.3815596402,0.6716404557,0,0.3815596402,0.3815596402,0.6716404557,-0.2900808156,0.2900808156,0.0000000000,1,1,,COCO-20i,False,True,0.0000000000
619_class-56,5,0.9086767435,0.9058386087,0.9086767435,5,0.9086767435,0.9058386087,0.9086767435,0.0000000000,0.0028381348,0.0028381348,1,1,,COCO-20i,False,False,0.0000000000
620_class-64,2,0.9520896673,0.9519037008,0.9524380565,2,0.9520896673,0.9519037008,0.9524380565,0.0000000000,0.0001859665,0.0001859665,1,1,,COCO-20i,False,False,0.0000000000
621_class-60,5,0.6550135612,0.5571106672,0.6550135612,5,0.6550135612,0.5571106672,0.6550135612,0.0000000000,0.0979028940,0.0979028940,1,1,,COCO-20i,False,False,0.0000000000
622_class-60,4,0.7401140928,0.7497786283,0.7497786283,0,0.7497786283,0.7497786283,0.7497786283,0.0096645355,-0.0096645355,0.0000000000,0,1,,COCO-20i,False,True,1.0000000000
623_class-52,1,0.6894686222,0.7695983052,0.9094915390,1,0.6894686222,0.7695983052,0.9094915390,0.0000000000,-0.0801296830,-0.0801296830,0,0,,COCO-20i,False,False,0.0000000000
624_class-56,0,0.5417534709,0.5417534709,0.6611505151,0,0.5417534709,0.5417534709,0.6611505151,0.0000000000,0.0000000000,0.0000000000,1,1,,COCO-20i,False,False,0.0000000000
625_class-8,0,0.9027392268,0.9027392268,0.9050623178,0,0.9027392268,0.9027392268,0.9050623178,0.0000000000,0.0000000000,0.0000000000,1,1,,COCO-20i,False,False,0.0000000000
626_class-12,5,0.9303895831,0.9706146121,0.9706146121,0,0.9706146121,0.9706146121,0.9706146121,0.0402250290,-0.0402250290,0.0000000000,0,1,,COCO-20i,False,True,1.0000000000
627_class-8,4,0.4753348529,0.4729774296,0.4753348529,4,0.4753348529,0.4729774296,0.4753348529,0.0000000000,0.0023574233,0.0023574233,1,1,,COCO-20i,False,False,0.0000000000
628_class-48,1,0.7939807177,0.7585308552,0.7939807177,0,0.7585308552,0.7585308552,0.7939807177,-0.0354498625,0.0354498625,0.0000000000,1,1,,COCO-20i,False,True,0.0000000000
629_class-28,4,0.4893328547,0.5018802285,0.5018802285,0,0.5018802285,0.5018802285,0.5018802285,0.0125473738,-0.0125473738,0.0000000000,0,1,,COCO-20i,False,True,1.0000000000
630_class-36,5,0.9539015293,0.9509463310,0.9545800090,0,0.9509463310,0.9509463310,0.9545800090,-0.0029551983,0.0029551983,0.0000000000,1,1,,COCO-20i,False,True,0.0000000000
631_class-28,5,0.5235036016,0.5595147014,0.6730535030,5,0.5235036016,0.5595147014,0.6730535030,0.0000000000,-0.0360110998,-0.0360110998,0,0,,COCO-20i,False,False,0.0000000000
632_class-36,3,0.8869976997,0.8715690374,0.8869976997,3,0.8869976997,0.8715690374,0.8869976997,0.0000000000,0.0154286623,0.0154286623,1,1,,COCO-20i,False,False,0.0000000000
633_class-76,1,0.8998602629,0.9031630754,0.9031630754,0,0.9031630754,0.9031630754,0.9031630754,0.0033028126,-0.0033028126,0.0000000000,0,1,,COCO-20i,False,True,1.0000000000
634_class-36,1,0.8142623901,0.8155287504,0.8170996904,1,0.8142623901,0.8155287504,0.8170996904,0.0000000000,-0.0012663603,-0.0012663603,0,0,,COCO-20i,False,False,0.0000000000
635_class-60,2,0.0556045398,0.0575804003,0.0575804003,0,0.0575804003,0.0575804003,0.0575804003,0.0019758604,-0.0019758604,0.0000000000,0,1,,COCO-20i,False,True,1.0000000000
636_class-4,1,0.9159528017,0.9107109904,0.9193100929,0,0.9107109904,0.9107109904,0.9193100929,-0.0052418113,0.0052418113,0.0000000000,1,1,,COCO-20i,False,True,0.0000000000
637_class-76,1,0.8117611408,0.7539374232,0.8130010366,0,0.7539374232,0.7539374232,0.8130010366,-0.0578237176,0.0578237176,0.0000000000,1,1,,COCO-20i,False,True,0.0000000000
638_class-60,3,0.2459787428,0.2336037755,0.2459787428,3,0.2459787428,0.2336037755,0.2459787428,0.0000000000,0.0123749673,0.0123749673,1,1,,COCO-20i,False,False,0.0000000000
639_class-32,5,0.9461902380,0.9461902380,0.9462169409,5,0.9461902380,0.9461902380,0.9462169409,0.0000000000,0.0000000000,0.0000000000,1,1,,COCO-20i,False,False,0.0000000000
640_class-36,2,0.6839252114,0.6814427376,0.6866609454,2,0.6839252114,0.6814427376,0.6866609454,0.0000000000,0.0024824739,0.0024824739,1,1,,COCO-20i,False,False,0.0000000000
641_class-60,1,0.5365791321,0.1793803424,0.5365791321,1,0.5365791321,0.1793803424,0.5365791321,0.0000000000,0.3571987897,0.3571987897,1,1,,COCO-20i,False,False,0.0000000000
642_class-8,4,0.8541181087,0.8530697823,0.8541181087,0,0.8530697823,0.8530697823,0.8541181087,-0.0010483265,0.0010483265,0.0000000000,1,1,,COCO-20i,False,True,0.0000000000
643_class-12,5,0.9313498735,0.9641996622,0.9641996622,0,0.9641996622,0.9641996622,0.9641996622,0.0328497887,-0.0328497887,0.0000000000,0,1,,COCO-20i,False,True,1.0000000000
644_class-24,3,0.4142119288,0.3523626924,0.4833771586,3,0.4142119288,0.3523626924,0.4833771586,0.0000000000,0.0618492365,0.0618492365,1,1,,COCO-20i,False,False,0.0000000000
645_class-72,4,0.6501903534,0.6496586204,0.6510678530,0,0.6496586204,0.6496586204,0.6510678530,-0.0005317330,0.0005317330,0.0000000000,1,1,,COCO-20i,False,True,0.0000000000
646_class-8,4,0.4433942735,0.4796552360,0.4796552360,0,0.4796552360,0.4796552360,0.4796552360,0.0362609625,-0.0362609625,0.0000000000,0,1,,COCO-20i,False,True,1.0000000000
647_class-56,3,0.4441440105,0.4353412390,0.4441440105,0,0.4353412390,0.4353412390,0.4441440105,-0.0088027716,0.0088027716,0.0000000000,1,1,,COCO-20i,False,True,0.0000000000
648_class-76,1,0.9054577351,0.8791080713,0.9064570069,0,0.8791080713,0.8791080713,0.9064570069,-0.0263496637,0.0263496637,0.0000000000,1,1,,COCO-20i,False,True,0.0000000000
649_class-28,0,0.9096273184,0.9096273184,0.9096273184,0,0.9096273184,0.9096273184,0.9096273184,0.0000000000,0.0000000000,0.0000000000,1,1,,COCO-20i,False,False,0.0000000000
650_class-8,4,0.6921171546,0.7321417332,0.7321417332,0,0.7321417332,0.7321417332,0.7321417332,0.0400245786,-0.0400245786,0.0000000000,0,1,,COCO-20i,False,True,1.0000000000
651_class-0,0,0.8527331352,0.8527331352,0.8891487718,0,0.8527331352,0.8527331352,0.8891487718,0.0000000000,0.0000000000,0.0000000000,1,1,,COCO-20i,False,False,0.0000000000
652_class-52,0,0.6194076538,0.6194076538,0.6648907661,0,0.6194076538,0.6194076538,0.6648907661,0.0000000000,0.0000000000,0.0000000000,1,1,,COCO-20i,False,False,0.0000000000
653_class-76,5,0.3929132819,0.4018980861,0.4774799347,5,0.3929132819,0.4018980861,0.4774799347,0.0000000000,-0.0089848042,-0.0089848042,0,0,,COCO-20i,False,False,0.0000000000
654_class-20,0,0.6455512047,0.6455512047,0.9265047312,0,0.6455512047,0.6455512047,0.9265047312,0.0000000000,0.0000000000,0.0000000000,1,1,,COCO-20i,False,False,0.0000000000
655_class-40,3,0.3250072598,0.3897015154,0.3917271197,0,0.3897015154,0.3897015154,0.3917271197,0.0646942556,-0.0646942556,0.0000000000,0,1,,COCO-20i,False,True,1.0000000000
656_class-20,2,0.7456439734,0.7553290129,0.8361878395,0,0.7553290129,0.7553290129,0.8361878395,0.0096850395,-0.0096850395,0.0000000000,0,1,,COCO-20i,False,True,1.0000000000
657_class-56,3,0.3783526123,0.3819904625,0.4110260904,0,0.3819904625,0.3819904625,0.4110260904,0.0036378503,-0.0036378503,0.0000000000,0,1,,COCO-20i,False,True,1.0000000000
658_class-60,1,0.2787786424,0.2793432474,0.2801109850,1,0.2787786424,0.2793432474,0.2801109850,0.0000000000,-0.0005646050,-0.0005646050,0,0,,COCO-20i,False,False,0.0000000000
659_class-16,0,0.2375326157,0.2375326157,0.4533247352,0,0.2375326157,0.2375326157,0.4533247352,0.0000000000,0.0000000000,0.0000000000,1,1,,COCO-20i,False,False,0.0000000000
660_class-68,2,0.8102411032,0.8205791712,0.9390060902,0,0.8205791712,0.8205791712,0.9390060902,0.0103380680,-0.0103380680,0.0000000000,0,1,,COCO-20i,False,True,1.0000000000
661_class-68,4,0.3405622840,0.3387233913,0.3685826659,4,0.3405622840,0.3387233913,0.3685826659,0.0000000000,0.0018388927,0.0018388927,1,1,,COCO-20i,False,False,0.0000000000
662_class-60,1,0.6880495548,0.5901127458,0.6880495548,0,0.5901127458,0.5901127458,0.6880495548,-0.0979368091,0.0979368091,0.0000000000,1,1,,COCO-20i,False,True,0.0000000000
663_class-8,3,0.8873808384,0.8753273487,0.8873808384,3,0.8873808384,0.8753273487,0.8873808384,0.0000000000,0.0120534897,0.0120534897,1,1,,COCO-20i,False,False,0.0000000000
664_class-4,0,0.9109127522,0.9109127522,0.9110389948,0,0.9109127522,0.9109127522,0.9110389948,0.0000000000,0.0000000000,0.0000000000,1,1,,COCO-20i,False,False,0.0000000000
665_class-48,2,0.7970198393,0.7909594774,0.8023538589,0,0.7909594774,0.7909594774,0.8023538589,-0.0060603619,0.0060603619,0.0000000000,1,1,,COCO-20i,False,True,0.0000000000
666_class-36,2,0.6165366173,0.6439406276,0.7537680864,2,0.6165366173,0.6439406276,0.7537680864,0.0000000000,-0.0274040103,-0.0274040103,0,0,,COCO-20i,False,False,0.0000000000
667_class-72,0,0.5238385201,0.5238385201,0.5276424885,0,0.5238385201,0.5238385201,0.5276424885,0.0000000000,0.0000000000,0.0000000000,1,1,,COCO-20i,False,False,0.0000000000
668_class-28,5,0.6159129143,0.4055942893,0.6159129143,5,0.6159129143,0.4055942893,0.6159129143,0.0000000000,0.2103186250,0.2103186250,1,1,,COCO-20i,False,False,0.0000000000
669_class-68,5,0.3840110302,0.4390677810,0.4779529572,0,0.4390677810,0.4390677810,0.4779529572,0.0550567508,-0.0550567508,0.0000000000,0,1,,COCO-20i,False,True,1.0000000000
670_class-52,1,0.4527492523,0.4527492523,0.5112880468,1,0.4527492523,0.4527492523,0.5112880468,0.0000000000,0.0000000000,0.0000000000,1,1,,COCO-20i,False,False,0.0000000000
671_class-40,1,0.6952251196,0.6691166162,0.7372491360,1,0.6952251196,0.6691166162,0.7372491360,0.0000000000,0.0261085033,0.0261085033,1,1,,COCO-20i,False,False,0.0000000000
672_class-36,3,0.6407104731,0.6476137638,0.6476137638,3,0.6407104731,0.6476137638,0.6476137638,0.0000000000,-0.0069032907,-0.0069032907,0,0,,COCO-20i,False,False,0.0000000000
673_class-60,5,0.5219852924,0.4812030196,0.5219852924,5,0.5219852924,0.4812030196,0.5219852924,0.0000000000,0.0407822728,0.0407822728,1,1,,COCO-20i,False,False,0.0000000000
674_class-24,0,0.4717095792,0.4717095792,0.6825832725,0,0.4717095792,0.4717095792,0.6825832725,0.0000000000,0.0000000000,0.0000000000,1,1,,COCO-20i,False,False,0.0000000000
675_class-76,1,0.8884307146,0.8993976712,0.9148989916,0,0.8993976712,0.8993976712,0.9148989916,0.0109669566,-0.0109669566,0.0000000000,0,1,,COCO-20i,False,True,1.0000000000
676_class-20,0,0.6992319226,0.6992319226,0.9039613008,0,0.6992319226,0.6992319226,0.9039613008,0.0000000000,0.0000000000,0.0000000000,1,1,,COCO-20i,False,False,0.0000000000
677_class-12,5,0.8564523458,0.8606792688,0.8608644605,0,0.8606792688,0.8606792688,0.8608644605,0.0042269230,-0.0042269230,0.0000000000,0,1,,COCO-20i,False,True,1.0000000000
678_class-44,2,0.7258387804,0.7263470888,0.7263470888,2,0.7258387804,0.7263470888,0.7263470888,0.0000000000,-0.0005083084,-0.0005083084,0,0,,COCO-20i,False,False,0.0000000000
679_class-68,4,0.6367598176,0.6031098962,0.6367598176,0,0.6031098962,0.6031098962,0.6367598176,-0.0336499214,0.0336499214,0.0000000000,1,1,,COCO-20i,False,True,0.0000000000
680_class-16,2,0.2271886468,0.1489737779,0.2784504592,2,0.2271886468,0.1489737779,0.2784504592,0.0000000000,0.0782148689,0.0782148689,1,1,,COCO-20i,False,False,0.0000000000
681_class-44,1,0.9108856320,0.9018174410,0.9108856320,0,0.9018174410,0.9018174410,0.9108856320,-0.0090681911,0.0090681911,0.0000000000,1,1,,COCO-20i,False,True,0.0000000000
682_class-0,4,0.8867060542,0.8277951479,0.8896543980,4,0.8867060542,0.8277951479,0.8896543980,0.0000000000,0.0589109063,0.0589109063,1,1,,COCO-20i,False,False,0.0000000000
683_class-36,2,0.9194915891,0.8382549286,0.9194915891,2,0.9194915891,0.8382549286,0.9194915891,0.0000000000,0.0812366605,0.0812366605,1,1,,COCO-20i,False,False,0.0000000000
684_class-56,4,0.1799226254,0.4389652014,0.4396746159,0,0.4389652014,0.4389652014,0.4396746159,0.2590425760,-0.2590425760,0.0000000000,0,1,,COCO-20i,False,True,1.0000000000
685_class-0,0,0.9869639874,0.9869639874,0.9872645140,0,0.9869639874,0.9869639874,0.9872645140,0.0000000000,0.0000000000,0.0000000000,1,1,,COCO-20i,False,False,0.0000000000
686_class-32,2,0.9619195461,0.9648511410,0.9648511410,2,0.9619195461,0.9648511410,0.9648511410,0.0000000000,-0.0029315948,-0.0029315948,0,0,,COCO-20i,False,False,0.0000000000
687_class-12,2,0.2372657061,0.4651819468,0.4651819468,0,0.4651819468,0.4651819468,0.4651819468,0.2279162407,-0.2279162407,0.0000000000,0,1,,COCO-20i,False,True,1.0000000000
688_class-20,4,0.9216393232,0.9268274307,0.9268274307,0,0.9268274307,0.9268274307,0.9268274307,0.0051881075,-0.0051881075,0.0000000000,0,1,,COCO-20i,False,True,1.0000000000
689_class-28,0,0.7244093418,0.7244093418,0.7244093418,0,0.7244093418,0.7244093418,0.7244093418,0.0000000000,0.0000000000,0.0000000000,1,1,,COCO-20i,False,False,0.0000000000
690_class-60,1,0.7078134418,0.7147580385,0.7147580385,0,0.7147580385,0.7147580385,0.7147580385,0.0069445968,-0.0069445968,0.0000000000,0,1,,COCO-20i,False,True,1.0000000000
691_class-44,4,0.3173501194,0.3520008624,0.4226550162,0,0.3520008624,0.3520008624,0.4226550162,0.0346507430,-0.0346507430,0.0000000000,0,1,,COCO-20i,False,True,1.0000000000
692_class-36,2,0.4316300750,0.5060186982,0.5060186982,0,0.5060186982,0.5060186982,0.5060186982,0.0743886232,-0.0743886232,0.0000000000,0,1,,COCO-20i,False,True,1.0000000000
693_class-44,1,0.4334803224,0.3880756199,0.4334803224,0,0.3880756199,0.3880756199,0.4334803224,-0.0454047024,0.0454047024,0.0000000000,1,1,,COCO-20i,False,True,0.0000000000
694_class-56,4,0.7659704685,0.4432369471,0.7659704685,4,0.7659704685,0.4432369471,0.7659704685,0.0000000000,0.3227335215,0.3227335215,1,1,,COCO-20i,False,False,0.0000000000
695_class-8,5,0.2681430578,0.1981421262,0.2681430578,0,0.1981421262,0.1981421262,0.2681430578,-0.0700009316,0.0700009316,0.0000000000,1,1,,COCO-20i,False,True,0.0000000000
696_class-72,3,0.3853145540,0.3743332028,0.4945206046,3,0.3853145540,0.3743332028,0.4945206046,0.0000000000,0.0109813511,0.0109813511,1,1,,COCO-20i,False,False,0.0000000000
697_class-16,0,0.8084006310,0.8084006310,0.8084006310,0,0.8084006310,0.8084006310,0.8084006310,0.0000000000,0.0000000000,0.0000000000,1,1,,COCO-20i,False,False,0.0000000000
698_class-36,0,0.8004173040,0.8004173040,0.8004173040,0,0.8004173040,0.8004173040,0.8004173040,0.0000000000,0.0000000000,0.0000000000,1,1,,COCO-20i,False,False,0.0000000000
699_class-68,3,0.8674704432,0.5075798631,0.8674704432,0,0.5075798631,0.5075798631,0.8674704432,-0.3598905802,0.3598905802,0.0000000000,1,1,,COCO-20i,False,True,0.0000000000
700_class-52,5,0.9018689394,0.8067948818,0.9018689394,0,0.8067948818,0.8067948818,0.9018689394,-0.0950740576,0.0950740576,0.0000000000,1,1,,COCO-20i,False,True,0.0000000000
701_class-44,0,0.8452231884,0.8452231884,0.8452231884,0,0.8452231884,0.8452231884,0.8452231884,0.0000000000,0.0000000000,0.0000000000,1,1,,COCO-20i,False,False,0.0000000000
702_class-16,3,0.9279997349,0.9252210855,0.9329963923,3,0.9279997349,0.9252210855,0.9329963923,0.0000000000,0.0027786493,0.0027786493,1,1,,COCO-20i,False,False,0.0000000000
703_class-48,4,0.9705607891,0.9710104465,0.9710104465,4,0.9705607891,0.9710104465,0.9710104465,0.0000000000,-0.0004496574,-0.0004496574,0,0,,COCO-20i,False,False,0.0000000000
704_class-68,0,0.9376098514,0.9376098514,0.9389507771,0,0.9376098514,0.9376098514,0.9389507771,0.0000000000,0.0000000000,0.0000000000,1,1,,COCO-20i,False,False,0.0000000000
705_class-32,0,0.6337312460,0.6337312460,0.6337312460,0,0.6337312460,0.6337312460,0.6337312460,0.0000000000,0.0000000000,0.0000000000,1,1,,COCO-20i,False,False,0.0000000000
706_class-44,0,0.4902580380,0.4902580380,0.5079350471,0,0.4902580380,0.4902580380,0.5079350471,0.0000000000,0.0000000000,0.0000000000,1,1,,COCO-20i,False,False,0.0000000000
707_class-68,0,0.9431222677,0.9431222677,0.9431222677,0,0.9431222677,0.9431222677,0.9431222677,0.0000000000,0.0000000000,0.0000000000,1,1,,COCO-20i,False,False,0.0000000000
708_class-36,0,0.6338598728,0.6338598728,0.8782476187,0,0.6338598728,0.6338598728,0.8782476187,0.0000000000,0.0000000000,0.0000000000,1,1,,COCO-20i,False,False,0.0000000000
709_class-68,1,0.9437724352,0.9426296353,0.9437724352,0,0.9426296353,0.9426296353,0.9437724352,-0.0011427999,0.0011427999,0.0000000000,1,1,,COCO-20i,False,True,0.0000000000
710_class-20,2,0.6194592118,0.6044794917,0.6229816675,0,0.6044794917,0.6044794917,0.6229816675,-0.0149797201,0.0149797201,0.0000000000,1,1,,COCO-20i,False,True,0.0000000000
711_class-0,0,0.9524033070,0.9524033070,0.9524033070,0,0.9524033070,0.9524033070,0.9524033070,0.0000000000,0.0000000000,0.0000000000,1,1,,COCO-20i,False,False,0.0000000000
712_class-48,4,0.6458203793,0.6120509505,0.7005492449,4,0.6458203793,0.6120509505,0.7005492449,0.0000000000,0.0337694287,0.0337694287,1,1,,COCO-20i,False,False,0.0000000000
713_class-52,5,0.5854158401,0.8172131777,0.8992180228,0,0.8172131777,0.8172131777,0.8992180228,0.2317973375,-0.2317973375,0.0000000000,0,1,,COCO-20i,False,True,1.0000000000
714_class-68,2,0.4710487127,0.4401756227,0.4710487127,2,0.4710487127,0.4401756227,0.4710487127,0.0000000000,0.0308730900,0.0308730900,1,1,,COCO-20i,False,False,0.0000000000
715_class-36,4,0.8312734962,0.7878099680,0.8312734962,4,0.8312734962,0.7878099680,0.8312734962,0.0000000000,0.0434635282,0.0434635282,1,1,,COCO-20i,False,False,0.0000000000
716_class-0,2,0.1543572843,0.1539634615,0.1698996127,0,0.1539634615,0.1539634615,0.1698996127,-0.0003938228,0.0003938228,0.0000000000,1,1,,COCO-20i,False,True,0.0000000000
717_class-40,4,0.8739578128,0.8581958413,0.8739578128,0,0.8581958413,0.8581958413,0.8739578128,-0.0157619715,0.0157619715,0.0000000000,1,1,,COCO-20i,False,True,0.0000000000
718_class-28,1,0.6389747858,0.6584845781,0.6598351598,1,0.6389747858,0.6584845781,0.6598351598,0.0000000000,-0.0195097923,-0.0195097923,0,0,,COCO-20i,False,False,0.0000000000
719_class-44,5,0.4994676411,0.4987770319,0.5033168793,0,0.4987770319,0.4987770319,0.5033168793,-0.0006906092,0.0006906092,0.0000000000,1,1,,COCO-20i,False,True,0.0000000000
720_class-0,4,0.2403102964,0.2612819076,0.3620668054,4,0.2403102964,0.2612819076,0.3620668054,0.0000000000,-0.0209716111,-0.0209716111,0,0,,COCO-20i,False,False,0.0000000000
721_class-8,4,0.3459479213,0.3470836282,0.4161229134,4,0.3459479213,0.3470836282,0.4161229134,0.0000000000,-0.0011357069,-0.0011357069,0,0,,COCO-20i,False,False,0.0000000000
722_class-4,2,0.8500100374,0.8334192038,0.8500100374,2,0.8500100374,0.8334192038,0.8500100374,0.0000000000,0.0165908337,0.0165908337,1,1,,COCO-20i,False,False,0.0000000000
723_class-8,4,0.9239335060,0.9021581411,0.9241632223,4,0.9239335060,0.9021581411,0.9241632223,0.0000000000,0.0217753649,0.0217753649,1,1,,COCO-20i,False,False,0.0000000000
724_class-76,0,0.7638067603,0.7638067603,0.7641842365,0,0.7638067603,0.7638067603,0.7641842365,0.0000000000,0.0000000000,0.0000000000,1,1,,COCO-20i,False,False,0.0000000000
725_class-12,4,0.9131333232,0.6687897444,0.9135898948,0,0.6687897444,0.6687897444,0.9135898948,-0.2443435788,0.2443435788,0.0000000000,1,1,,COCO-20i,False,True,0.0000000000
726_class-36,1,0.8043810129,0.6982703209,0.8459616303,1,0.8043810129,0.6982703209,0.8459616303,0.0000000000,0.1061106920,0.1061106920,1,1,,COCO-20i,False,False,0.0000000000
727_class-8,0,0.4284237623,0.4284237623,0.4985919893,0,0.4284237623,0.4284237623,0.4985919893,0.0000000000,0.0000000000,0.0000000000,1,1,,COCO-20i,False,False,0.0000000000
728_class-72,0,0.4384182692,0.4384182692,0.4600172639,0,0.4384182692,0.4384182692,0.4600172639,0.0000000000,0.0000000000,0.0000000000,1,1,,COCO-20i,False,False,0.0000000000
729_class-72,4,0.2211157233,0.4700493217,0.5884646177,4,0.2211157233,0.4700493217,0.5884646177,0.0000000000,-0.2489335984,-0.2489335984,0,0,,COCO-20i,False,False,0.0000000000
730_class-24,0,0.4874908626,0.4874908626,0.4874908626,0,0.4874908626,0.4874908626,0.4874908626,0.0000000000,0.0000000000,0.0000000000,1,1,,COCO-20i,False,False,0.0000000000
731_class-36,0,0.7185539603,0.7185539603,0.7185539603,0,0.7185539603,0.7185539603,0.7185539603,0.0000000000,0.0000000000,0.0000000000,1,1,,COCO-20i,False,False,0.0000000000
732_class-40,4,0.3575423956,0.3407623768,0.5333017111,0,0.3407623768,0.3407623768,0.5333017111,-0.0167800188,0.0167800188,0.0000000000,1,1,,COCO-20i,False,True,0.0000000000
733_class-0,5,0.4255256355,0.3863469362,0.4255256355,0,0.3863469362,0.3863469362,0.4255256355,-0.0391786993,0.0391786993,0.0000000000,1,1,,COCO-20i,False,True,0.0000000000
734_class-72,4,0.9717134833,0.1895104945,0.9717134833,4,0.9717134833,0.1895104945,0.9717134833,0.0000000000,0.7822029889,0.7822029889,1,1,,COCO-20i,False,False,0.0000000000
735_class-68,0,0.8151021004,0.8151021004,0.8151021004,0,0.8151021004,0.8151021004,0.8151021004,0.0000000000,0.0000000000,0.0000000000,1,1,,COCO-20i,False,False,0.0000000000
736_class-44,3,0.7428468466,0.7420657873,0.7428468466,3,0.7428468466,0.7420657873,0.7428468466,0.0000000000,0.0007810593,0.0007810593,1,1,,COCO-20i,False,False,0.0000000000
737_class-72,1,0.8399704099,0.7425137758,0.8399704099,0,0.7425137758,0.7425137758,0.8399704099,-0.0974566340,0.0974566340,0.0000000000,1,1,,COCO-20i,False,True,0.0000000000
738_class-28,1,0.7381045222,0.7382695675,0.7389222383,1,0.7381045222,0.7382695675,0.7389222383,0.0000000000,-0.0001650453,-0.0001650453,0,0,,COCO-20i,False,False,0.0000000000
739_class-28,4,0.6005005836,0.8520303965,0.8674977422,0,0.8520303965,0.8520303965,0.8674977422,0.2515298128,-0.2515298128,0.0000000000,0,1,,COCO-20i,False,True,1.0000000000
740_class-12,3,0.9126995802,0.9144823551,0.9158174396,3,0.9126995802,0.9144823551,0.9158174396,0.0000000000,-0.0017827749,-0.0017827749,0,0,,COCO-20i,False,False,0.0000000000
741_class-56,2,0.3077391386,0.3100318909,0.3100318909,0,0.3100318909,0.3100318909,0.3100318909,0.0022927523,-0.0022927523,0.0000000000,0,1,,COCO-20i,False,True,1.0000000000
742_class-4,2,0.8109954596,0.7845109701,0.8356466293,2,0.8109954596,0.7845109701,0.8356466293,0.0000000000,0.0264844894,0.0264844894,1,1,,COCO-20i,False,False,0.0000000000
743_class-36,0,0.9470213652,0.9470213652,0.9475497007,0,0.9470213652,0.9470213652,0.9475497007,0.0000000000,0.0000000000,0.0000000000,1,1,,COCO-20i,False,False,0.0000000000
744_class-4,2,0.8239767551,0.7977682352,0.8239767551,2,0.8239767551,0.7977682352,0.8239767551,0.0000000000,0.0262085199,0.0262085199,1,1,,COCO-20i,False,False,0.0000000000
745_class-76,0,0.8582016230,0.8582016230,0.8582016230,0,0.8582016230,0.8582016230,0.8582016230,0.0000000000,0.0000000000,0.0000000000,1,1,,COCO-20i,False,False,0.0000000000
746_class-52,0,0.9439291954,0.9439291954,0.9529423118,0,0.9439291954,0.9439291954,0.9529423118,0.0000000000,0.0000000000,0.0000000000,1,1,,COCO-20i,False,False,0.0000000000
747_class-4,0,0.8709046245,0.8709046245,0.8709046245,0,0.8709046245,0.8709046245,0.8709046245,0.0000000000,0.0000000000,0.0000000000,1,1,,COCO-20i,False,False,0.0000000000
748_class-76,4,0.5519052744,0.5373486280,0.5614547729,4,0.5519052744,0.5373486280,0.5614547729,0.0000000000,0.0145566463,0.0145566463,1,1,,COCO-20i,False,False,0.0000000000
749_class-68,3,0.9816060066,0.9111681581,0.9816060066,3,0.9816060066,0.9111681581,0.9816060066,0.0000000000,0.0704378486,0.0704378486,1,1,,COCO-20i,False,False,0.0000000000
750_class-56,4,0.6349167228,0.4752379954,0.6349167228,4,0.6349167228,0.4752379954,0.6349167228,0.0000000000,0.1596787274,0.1596787274,1,1,,COCO-20i,False,False,0.0000000000
751_class-16,1,0.6268050671,0.6107513309,0.6268050671,1,0.6268050671,0.6107513309,0.6268050671,0.0000000000,0.0160537362,0.0160537362,1,1,,COCO-20i,False,False,0.0000000000
752_class-16,3,0.6346470714,0.5849218369,0.7779679894,3,0.6346470714,0.5849218369,0.7779679894,0.0000000000,0.0497252345,0.0497252345,1,1,,COCO-20i,False,False,0.0000000000
753_class-72,4,0.9782966375,0.9772990346,0.9782966375,4,0.9782966375,0.9772990346,0.9782966375,0.0000000000,0.0009976029,0.0009976029,1,1,,COCO-20i,False,False,0.0000000000
754_class-64,0,0.3811231554,0.3811231554,0.3941686451,0,0.3811231554,0.3811231554,0.3941686451,0.0000000000,0.0000000000,0.0000000000,1,1,,COCO-20i,False,False,0.0000000000
755_class-0,1,0.7920883298,0.7792159915,0.8220392466,1,0.7920883298,0.7792159915,0.8220392466,0.0000000000,0.0128723383,0.0128723383,1,1,,COCO-20i,False,False,0.0000000000
756_class-32,1,0.7535040379,0.7291557789,0.7918076515,1,0.7535040379,0.7291557789,0.7918076515,0.0000000000,0.0243482590,0.0243482590,1,1,,COCO-20i,False,False,0.0000000000
757_class-64,4,0.9115964174,0.9136118889,0.9136118889,4,0.9115964174,0.9136118889,0.9136118889,0.0000000000,-0.0020154715,-0.0020154715,0,0,,COCO-20i,False,False,0.0000000000
758_class-72,4,0.3987623155,0.3710777164,0.4159006774,4,0.3987623155,0.3710777164,0.4159006774,0.0000000000,0.0276845992,0.0276845992,1,1,,COCO-20i,False,False,0.0000000000
759_class-16,4,0.9613111019,0.9319518209,0.9618583918,4,0.9613111019,0.9319518209,0.9618583918,0.0000000000,0.0293592811,0.0293592811,1,1,,COCO-20i,False,False,0.0000000000
760_class-72,0,0.5060105920,0.5060105920,0.5373944044,0,0.5060105920,0.5060105920,0.5373944044,0.0000000000,0.0000000000,0.0000000000,1,1,,COCO-20i,False,False,0.0000000000
761_class-68,3,0.7328421474,0.7274373770,0.7725923061,3,0.7328421474,0.7274373770,0.7725923061,0.0000000000,0.0054047704,0.0054047704,1,1,,COCO-20i,False,False,0.0000000000
762_class-76,4,0.7347549200,0.5912508965,0.7347549200,0,0.5912508965,0.5912508965,0.7347549200,-0.1435040236,0.1435040236,0.0000000000,1,1,,COCO-20i,False,True,0.0000000000
763_class-48,4,0.4204931855,0.4224359691,0.4225015342,0,0.4224359691,0.4224359691,0.4225015342,0.0019427836,-0.0019427836,0.0000000000,0,1,,COCO-20i,False,True,1.0000000000
764_class-4,0,0.2403481305,0.2403481305,0.2538111806,0,0.2403481305,0.2403481305,0.2538111806,0.0000000000,0.0000000000,0.0000000000,1,1,,COCO-20i,False,False,0.0000000000
765_class-32,0,0.9597471952,0.9597471952,0.9617544413,0,0.9597471952,0.9597471952,0.9617544413,0.0000000000,0.0000000000,0.0000000000,1,1,,COCO-20i,False,False,0.0000000000
766_class-44,1,0.9172794819,0.8404653072,0.9172794819,0,0.8404653072,0.8404653072,0.9172794819,-0.0768141747,0.0768141747,0.0000000000,1,1,,COCO-20i,False,True,0.0000000000
767_class-0,2,0.8268465996,0.7532093525,0.8268465996,2,0.8268465996,0.7532093525,0.8268465996,0.0000000000,0.0736372471,0.0736372471,1,1,,COCO-20i,False,False,0.0000000000
768_class-48,1,0.9562109113,0.9540950060,0.9576293230,0,0.9540950060,0.9540950060,0.9576293230,-0.0021159053,0.0021159053,0.0000000000,1,1,,COCO-20i,False,True,0.0000000000
769_class-48,2,0.9683873653,0.9678903222,0.9688613415,0,0.9678903222,0.9678903222,0.9688613415,-0.0004970431,0.0004970431,0.0000000000,1,1,,COCO-20i,False,True,0.0000000000
770_class-36,4,0.9399514794,0.9565323591,0.9565323591,4,0.9399514794,0.9565323591,0.9565323591,0.0000000000,-0.0165808797,-0.0165808797,0,0,,COCO-20i,False,False,0.0000000000
771_class-8,3,0.5296398401,0.5428658724,0.6257777214,3,0.5296398401,0.5428658724,0.6257777214,0.0000000000,-0.0132260323,-0.0132260323,0,0,,COCO-20i,False,False,0.0000000000
772_class-56,4,0.5874253511,0.5791519880,0.5874253511,4,0.5874253511,0.5791519880,0.5874253511,0.0000000000,0.0082733631,0.0082733631,1,1,,COCO-20i,False,False,0.0000000000
773_class-52,1,0.4797533154,0.4907822609,0.5938537717,1,0.4797533154,0.4907822609,0.5938537717,0.0000000000,-0.0110289454,-0.0110289454,0,0,,COCO-20i,False,False,0.0000000000
774_class-12,2,0.7250737548,0.7271753550,0.7271753550,0,0.7271753550,0.7271753550,0.7271753550,0.0021016002,-0.0021016002,0.0000000000,0,1,,COCO-20i,False,True,1.0000000000
775_class-64,1,0.9611309767,0.9612027407,0.9612363577,0,0.9612027407,0.9612027407,0.9612363577,0.0000717640,-0.0000717640,0.0000000000,0,1,,COCO-20i,False,True,1.0000000000
776_class-68,0,0.9767994285,0.9767994285,0.9770388603,0,0.9767994285,0.9767994285,0.9770388603,0.0000000000,0.0000000000,0.0000000000,1,1,,COCO-20i,False,False,0.0000000000
777_class-32,2,0.8090593815,0.8082346916,0.8093686104,2,0.8090593815,0.8082346916,0.8093686104,0.0000000000,0.0008246899,0.0008246899,1,1,,COCO-20i,False,False,0.0000000000
778_class-12,1,0.8016123772,0.7944823503,0.8629987836,1,0.8016123772,0.7944823503,0.8629987836,0.0000000000,0.0071300268,0.0071300268,1,1,,COCO-20i,False,False,0.0000000000
779_class-20,0,0.9199218750,0.9199218750,0.9205318689,0,0.9199218750,0.9199218750,0.9205318689,0.0000000000,0.0000000000,0.0000000000,1,1,,COCO-20i,False,False,0.0000000000
780_class-4,0,0.6269978285,0.6269978285,0.7448322773,0,0.6269978285,0.6269978285,0.7448322773,0.0000000000,0.0000000000,0.0000000000,1,1,,COCO-20i,False,False,0.0000000000
781_class-60,0,0.4630000591,0.4630000591,0.5166651011,0,0.4630000591,0.4630000591,0.5166651011,0.0000000000,0.0000000000,0.0000000000,1,1,,COCO-20i,False,False,0.0000000000
782_class-28,1,0.5141676664,0.5090056658,0.5149310231,0,0.5090056658,0.5090056658,0.5149310231,-0.0051620007,0.0051620007,0.0000000000,1,1,,COCO-20i,False,True,0.0000000000
783_class-60,1,0.7147033811,0.6691299081,0.7348363400,1,0.7147033811,0.6691299081,0.7348363400,0.0000000000,0.0455734730,0.0455734730,1,1,,COCO-20i,False,False,0.0000000000
784_class-32,3,0.9601404071,0.9599375129,0.9609536529,0,0.9599375129,0.9599375129,0.9609536529,-0.0002028942,0.0002028942,0.0000000000,1,1,,COCO-20i,False,True,0.0000000000
785_class-40,5,0.8354553580,0.8460559845,0.8460559845,5,0.8354553580,0.8460559845,0.8460559845,0.0000000000,-0.0106006265,-0.0106006265,0,0,,COCO-20i,False,False,0.0000000000
786_class-12,4,0.0730423480,0.1036422700,0.1036422700,4,0.0730423480,0.1036422700,0.1036422700,0.0000000000,-0.0305999219,-0.0305999219,0,0,,COCO-20i,False,False,0.0000000000
787_class-20,2,0.8116822243,0.8113950491,0.8116822243,0,0.8113950491,0.8113950491,0.8116822243,-0.0002871752,0.0002871752,0.0000000000,1,1,,COCO-20i,False,True,0.0000000000
788_class-4,2,0.8722414374,0.8547602296,0.8722414374,2,0.8722414374,0.8547602296,0.8722414374,0.0000000000,0.0174812078,0.0174812078,1,1,,COCO-20i,False,False,0.0000000000
789_class-72,0,0.2884743810,0.2884743810,0.3197753429,0,0.2884743810,0.2884743810,0.3197753429,0.0000000000,0.0000000000,0.0000000000,1,1,,COCO-20i,False,False,0.0000000000
790_class-64,4,0.9554373622,0.9535587430,0.9554373622,4,0.9554373622,0.9535587430,0.9554373622,0.0000000000,0.0018786192,0.0018786192,1,1,,COCO-20i,False,False,0.0000000000
791_class-0,4,0.6317156553,0.5131844282,0.8254183531,0,0.5131844282,0.5131844282,0.8254183531,-0.1185312271,0.1185312271,0.0000000000,1,1,,COCO-20i,False,True,0.0000000000
792_class-24,0,0.8380333781,0.8380333781,0.8380333781,0,0.8380333781,0.8380333781,0.8380333781,0.0000000000,0.0000000000,0.0000000000,1,1,,COCO-20i,False,False,0.0000000000
793_class-64,1,0.9427675605,0.9405120611,0.9614978433,0,0.9405120611,0.9405120611,0.9614978433,-0.0022554994,0.0022554994,0.0000000000,1,1,,COCO-20i,False,True,0.0000000000
794_class-48,4,0.4957889318,0.8595423102,0.8595423102,0,0.8595423102,0.8595423102,0.8595423102,0.3637533784,-0.3637533784,0.0000000000,0,1,,COCO-20i,False,True,1.0000000000
795_class-36,5,0.8385332823,0.8216612935,0.8584147096,0,0.8216612935,0.8216612935,0.8584147096,-0.0168719888,0.0168719888,0.0000000000,1,1,,COCO-20i,False,True,0.0000000000
796_class-48,1,0.6021976471,0.5478806496,0.6078800559,1,0.6021976471,0.5478806496,0.6078800559,0.0000000000,0.0543169975,0.0543169975,1,1,,COCO-20i,False,False,0.0000000000
797_class-32,5,0.9620201588,0.9580172300,0.9620201588,5,0.9620201588,0.9580172300,0.9620201588,0.0000000000,0.0040029287,0.0040029287,1,1,,COCO-20i,False,False,0.0000000000
798_class-36,0,0.9141027331,0.9141027331,0.9172212481,0,0.9141027331,0.9141027331,0.9172212481,0.0000000000,0.0000000000,0.0000000000,1,1,,COCO-20i,False,False,0.0000000000
799_class-0,4,0.3809047639,0.5761679411,0.7061240673,4,0.3809047639,0.5761679411,0.7061240673,0.0000000000,-0.1952631772,-0.1952631772,0,0,,COCO-20i,False,False,0.0000000000
800_class-72,3,0.6290397644,0.9438450336,0.9441517591,3,0.6290397644,0.9438450336,0.9441517591,0.0000000000,-0.3148052692,-0.3148052692,0,0,,COCO-20i,False,False,0.0000000000
801_class-68,3,0.9538744092,0.9556783438,0.9556783438,3,0.9538744092,0.9556783438,0.9556783438,0.0000000000,-0.0018039346,-0.0018039346,0,0,,COCO-20i,False,False,0.0000000000
802_class-44,5,0.7346412539,0.5836956501,0.7346412539,5,0.7346412539,0.5836956501,0.7346412539,0.0000000000,0.1509456038,0.1509456038,1,1,,COCO-20i,False,False,0.0000000000
803_class-68,4,0.8638687730,0.9477205276,0.9499302506,0,0.9477205276,0.9477205276,0.9499302506,0.0838517547,-0.0838517547,0.0000000000,0,1,,COCO-20i,False,True,1.0000000000
804_class-36,4,0.7977454662,0.7720460892,0.8454639912,0,0.7720460892,0.7720460892,0.8454639912,-0.0256993771,0.0256993771,0.0000000000,1,1,,COCO-20i,False,True,0.0000000000
805_class-32,0,0.8191974759,0.8191974759,0.9581835270,0,0.8191974759,0.8191974759,0.9581835270,0.0000000000,0.0000000000,0.0000000000,1,1,,COCO-20i,False,False,0.0000000000
806_class-48,0,0.7251904011,0.7251904011,0.7607320547,0,0.7251904011,0.7251904011,0.7607320547,0.0000000000,0.0000000000,0.0000000000,1,1,,COCO-20i,False,False,0.0000000000
807_class-24,5,0.6123720407,0.6235416532,0.6856690645,5,0.6123720407,0.6235416532,0.6856690645,0.0000000000,-0.0111696124,-0.0111696124,0,0,,COCO-20i,False,False,0.0000000000
808_class-52,3,0.7400705218,0.7400705218,0.7405086160,3,0.7400705218,0.7400705218,0.7405086160,0.0000000000,0.0000000000,0.0000000000,1,1,,COCO-20i,False,False,0.0000000000
809_class-60,5,0.8678883314,0.8652130365,0.8678883314,0,0.8652130365,0.8652130365,0.8678883314,-0.0026752949,0.0026752949,0.0000000000,1,1,,COCO-20i,False,True,0.0000000000
810_class-48,5,0.7608093023,0.7779090405,0.8617271185,5,0.7608093023,0.7779090405,0.8617271185,0.0000000000,-0.0170997381,-0.0170997381,0,0,,COCO-20i,False,False,0.0000000000
811_class-0,0,0.7707140446,0.7707140446,0.7707140446,0,0.7707140446,0.7707140446,0.7707140446,0.0000000000,0.0000000000,0.0000000000,1,1,,COCO-20i,False,False,0.0000000000
812_class-72,2,0.2834160328,0.2742421925,0.3846756220,2,0.2834160328,0.2742421925,0.3846756220,0.0000000000,0.0091738403,0.0091738403,1,1,,COCO-20i,False,False,0.0000000000
813_class-60,5,0.5663129091,0.5469676852,0.5664639473,0,0.5469676852,0.5469676852,0.5664639473,-0.0193452239,0.0193452239,0.0000000000,1,1,,COCO-20i,False,True,0.0000000000
814_class-76,3,0.8641895056,0.8633939028,0.8707694411,0,0.8633939028,0.8633939028,0.8707694411,-0.0007956028,0.0007956028,0.0000000000,1,1,,COCO-20i,False,True,0.0000000000
815_class-64,3,0.9539061785,0.8694919348,0.9617817998,3,0.9539061785,0.8694919348,0.9617817998,0.0000000000,0.0844142437,0.0844142437,1,1,,COCO-20i,False,False,0.0000000000
816_class-12,0,0.9235680103,0.9235680103,0.9386073351,0,0.9235680103,0.9235680103,0.9386073351,0.0000000000,0.0000000000,0.0000000000,1,1,,COCO-20i,False,False,0.0000000000
817_class-24,4,0.9212850332,0.8643537760,0.9212850332,4,0.9212850332,0.8643537760,0.9212850332,0.0000000000,0.0569312572,0.0569312572,1,1,,COCO-20i,False,False,0.0000000000
818_class-68,5,0.5640296936,0.4902855754,0.5652195215,0,0.4902855754,0.4902855754,0.5652195215,-0.0737441182,0.0737441182,0.0000000000,1,1,,COCO-20i,False,True,0.0000000000
819_class-72,0,0.2613519430,0.2613519430,0.3680256605,0,0.2613519430,0.2613519430,0.3680256605,0.0000000000,0.0000000000,0.0000000000,1,1,,COCO-20i,False,False,0.0000000000
820_class-32,4,0.8789340258,0.8691961765,0.9011713862,4,0.8789340258,0.8691961765,0.9011713862,0.0000000000,0.0097378492,0.0097378492,1,1,,COCO-20i,False,False,0.0000000000
821_class-68,0,0.9702411890,0.9702411890,0.9702411890,0,0.9702411890,0.9702411890,0.9702411890,0.0000000000,0.0000000000,0.0000000000,1,1,,COCO-20i,False,False,0.0000000000
822_class-60,3,0.9049164653,0.9090583920,0.9090583920,3,0.9049164653,0.9090583920,0.9090583920,0.0000000000,-0.0041419268,-0.0041419268,0,0,,COCO-20i,False,False,0.0000000000
823_class-64,4,0.9774454832,0.9742055535,0.9777500629,0,0.9742055535,0.9742055535,0.9777500629,-0.0032399297,0.0032399297,0.0000000000,1,1,,COCO-20i,False,True,0.0000000000
824_class-0,1,0.3490049541,0.4888267219,0.6119278669,0,0.4888267219,0.4888267219,0.6119278669,0.1398217678,-0.1398217678,0.0000000000,0,1,,COCO-20i,False,True,1.0000000000
825_class-48,3,0.1852240562,0.5896511078,0.5896626711,3,0.1852240562,0.5896511078,0.5896626711,0.0000000000,-0.4044270515,-0.4044270515,0,0,,COCO-20i,False,False,0.0000000000
826_class-72,1,0.4837099314,0.4740989804,0.4837099314,0,0.4740989804,0.4740989804,0.4837099314,-0.0096109509,0.0096109509,0.0000000000,1,1,,COCO-20i,False,True,0.0000000000
827_class-60,5,0.6345255375,0.4495688081,0.6728190780,5,0.6345255375,0.4495688081,0.6728190780,0.0000000000,0.1849567294,0.1849567294,1,1,,COCO-20i,False,False,0.0000000000
828_class-32,0,0.8264562488,0.8264562488,0.8265377283,0,0.8264562488,0.8264562488,0.8265377283,0.0000000000,0.0000000000,0.0000000000,1,1,,COCO-20i,False,False,0.0000000000
829_class-76,1,0.8038704395,0.6452531219,0.8038704395,1,0.8038704395,0.6452531219,0.8038704395,0.0000000000,0.1586173177,0.1586173177,1,1,,COCO-20i,False,False,0.0000000000
830_class-56,3,0.7887935638,0.7412928343,0.7887935638,3,0.7887935638,0.7412928343,0.7887935638,0.0000000000,0.0475007296,0.0475007296,1,1,,COCO-20i,False,False,0.0000000000
831_class-20,3,0.9135222435,0.8903383017,0.9292629957,3,0.9135222435,0.8903383017,0.9292629957,0.0000000000,0.0231839418,0.0231839418,1,1,,COCO-20i,False,False,0.0000000000
832_class-36,5,0.6677659750,0.3826565146,0.6677659750,5,0.6677659750,0.3826565146,0.6677659750,0.0000000000,0.2851094604,0.2851094604,1,1,,COCO-20i,False,False,0.0000000000
833_class-0,5,0.3052745461,0.2486116290,0.3052745461,5,0.3052745461,0.2486116290,0.3052745461,0.0000000000,0.0566629171,0.0566629171,1,1,,COCO-20i,False,False,0.0000000000
834_class-28,5,0.9685113430,0.9686276913,0.9686276913,0,0.9686276913,0.9686276913,0.9686276913,0.0001163483,-0.0001163483,0.0000000000,0,1,,COCO-20i,False,True,1.0000000000
835_class-52,3,0.7072468996,0.7070055008,0.7091318369,0,0.7070055008,0.7070055008,0.7091318369,-0.0002413988,0.0002413988,0.0000000000,1,1,,COCO-20i,False,True,0.0000000000
836_class-48,4,0.3971149623,0.4029646516,0.6060417891,0,0.4029646516,0.4029646516,0.6060417891,0.0058496892,-0.0058496892,0.0000000000,0,1,,COCO-20i,False,True,1.0000000000
837_class-56,2,0.6208232045,0.6504864097,0.6504864097,2,0.6208232045,0.6504864097,0.6504864097,0.0000000000,-0.0296632051,-0.0296632051,0,0,,COCO-20i,False,False,0.0000000000
838_class-8,1,0.8373717666,0.8363806009,0.8402720690,0,0.8363806009,0.8363806009,0.8402720690,-0.0009911656,0.0009911656,0.0000000000,1,1,,COCO-20i,False,True,0.0000000000
839_class-16,2,0.6345088482,0.8806941509,0.9128131866,2,0.6345088482,0.8806941509,0.9128131866,0.0000000000,-0.2461853027,-0.2461853027,0,0,,COCO-20i,False,False,0.0000000000
840_class-48,0,0.3165218234,0.3165218234,0.5583180189,0,0.3165218234,0.3165218234,0.5583180189,0.0000000000,0.0000000000,0.0000000000,1,1,,COCO-20i,False,False,0.0000000000
841_class-64,4,0.9528306127,0.9536411166,0.9546197057,0,0.9536411166,0.9536411166,0.9546197057,0.0008105040,-0.0008105040,0.0000000000,0,1,,COCO-20i,False,True,1.0000000000
842_class-64,3,0.9358121157,0.9366195202,0.9371253252,3,0.9358121157,0.9366195202,0.9371253252,0.0000000000,-0.0008074045,-0.0008074045,0,0,,COCO-20i,False,False,0.0000000000
843_class-32,5,0.9597313404,0.9605175257,0.9605175257,5,0.9597313404,0.9605175257,0.9605175257,0.0000000000,-0.0007861853,-0.0007861853,0,0,,COCO-20i,False,False,0.0000000000
844_class-52,1,0.5417566895,0.3316622376,0.5417566895,1,0.5417566895,0.3316622376,0.5417566895,0.0000000000,0.2100944519,0.2100944519,1,1,,COCO-20i,False,False,0.0000000000
845_class-40,4,0.7243556976,0.7254440784,0.7254440784,4,0.7243556976,0.7254440784,0.7254440784,0.0000000000,-0.0010883808,-0.0010883808,0,0,,COCO-20i,False,False,0.0000000000
846_class-76,0,0.8307720423,0.8307720423,0.8307720423,0,0.8307720423,0.8307720423,0.8307720423,0.0000000000,0.0000000000,0.0000000000,1,1,,COCO-20i,False,False,0.0000000000
847_class-72,4,0.7863306999,0.6737249494,0.7863306999,0,0.6737249494,0.6737249494,0.7863306999,-0.1126057506,0.1126057506,0.0000000000,1,1,,COCO-20i,False,True,0.0000000000
848_class-48,2,0.9738110900,0.9746389389,0.9746389389,0,0.9746389389,0.9746389389,0.9746389389,0.0008278489,-0.0008278489,0.0000000000,0,1,,COCO-20i,False,True,1.0000000000
849_class-36,3,0.9382635951,0.9404703379,0.9404703379,3,0.9382635951,0.9404703379,0.9404703379,0.0000000000,-0.0022067428,-0.0022067428,0,0,,COCO-20i,False,False,0.0000000000
850_class-52,5,0.2539131939,0.2403364182,0.3576068580,5,0.2539131939,0.2403364182,0.3576068580,0.0000000000,0.0135767758,0.0135767758,1,1,,COCO-20i,False,False,0.0000000000
851_class-72,2,0.4117112160,0.3470038772,0.4117112160,2,0.4117112160,0.3470038772,0.4117112160,0.0000000000,0.0647073388,0.0647073388,1,1,,COCO-20i,False,False,0.0000000000
852_class-40,2,0.3834586740,0.3591710627,0.4122354984,0,0.3591710627,0.3591710627,0.4122354984,-0.0242876112,0.0242876112,0.0000000000,1,1,,COCO-20i,False,True,0.0000000000
853_class-56,1,0.6444067955,0.6458187103,0.6515511870,1,0.6444067955,0.6458187103,0.6515511870,0.0000000000,-0.0014119148,-0.0014119148,0,0,,COCO-20i,False,False,0.0000000000
854_class-12,2,0.6454890370,0.5654450655,0.6454890370,2,0.6454890370,0.5654450655,0.6454890370,0.0000000000,0.0800439715,0.0800439715,1,1,,COCO-20i,False,False,0.0000000000
855_class-0,4,0.8936778307,0.9042456746,0.9042456746,4,0.8936778307,0.9042456746,0.9042456746,0.0000000000,-0.0105678439,-0.0105678439,0,0,,COCO-20i,False,False,0.0000000000
856_class-52,5,0.3899725080,0.3262450695,0.5013061762,0,0.3262450695,0.3262450695,0.5013061762,-0.0637274384,0.0637274384,0.0000000000,1,1,,COCO-20i,False,True,0.0000000000
857_class-56,1,0.5160297155,0.7719928622,0.7719928622,1,0.5160297155,0.7719928622,0.7719928622,0.0000000000,-0.2559631467,-0.2559631467,0,0,,COCO-20i,False,False,0.0000000000
858_class-20,4,0.9422074556,0.9429115057,0.9429115057,4,0.9422074556,0.9429115057,0.9429115057,0.0000000000,-0.0007040501,-0.0007040501,0,0,,COCO-20i,False,False,0.0000000000
859_class-60,5,0.4392681122,0.4394112825,0.4455965757,0,0.4394112825,0.4394112825,0.4455965757,0.0001431704,-0.0001431704,0.0000000000,0,1,,COCO-20i,False,True,1.0000000000
860_class-8,0,0.3824282587,0.3824282587,0.4916938245,0,0.3824282587,0.3824282587,0.4916938245,0.0000000000,0.0000000000,0.0000000000,1,1,,COCO-20i,False,False,0.0000000000
861_class-60,4,0.4834948778,0.3258340955,0.4834948778,0,0.3258340955,0.3258340955,0.4834948778,-0.1576607823,0.1576607823,0.0000000000,1,1,,COCO-20i,False,True,0.0000000000
862_class-64,3,0.5030708909,0.2174689472,0.5623323917,3,0.5030708909,0.2174689472,0.5623323917,0.0000000000,0.2856019437,0.2856019437,1,1,,COCO-20i,False,False,0.0000000000
863_class-48,1,0.5299585462,0.5288570523,0.5389209390,1,0.5299585462,0.5288570523,0.5389209390,0.0000000000,0.0011014938,0.0011014938,1,1,,COCO-20i,False,False,0.0000000000
864_class-4,1,0.9577907324,0.9635910392,0.9647731185,0,0.9635910392,0.9635910392,0.9647731185,0.0058003068,-0.0058003068,0.0000000000,0,1,,COCO-20i,False,True,1.0000000000
865_class-64,2,0.9336572886,0.9336572886,0.9338280559,0,0.9336572886,0.9336572886,0.9338280559,0.0000000000,0.0000000000,0.0000000000,1,1,,COCO-20i,False,True,0.0000000000
866_class-56,5,0.5464926362,0.5612722635,0.5792886019,5,0.5464926362,0.5612722635,0.5792886019,0.0000000000,-0.0147796273,-0.0147796273,0,0,,COCO-20i,False,False,0.0000000000
867_class-56,0,0.3753615022,0.3753615022,0.3753615022,0,0.3753615022,0.3753615022,0.3753615022,0.0000000000,0.0000000000,0.0000000000,1,1,,COCO-20i,False,False,0.0000000000
868_class-0,0,0.3716118932,0.3716118932,0.3716118932,0,0.3716118932,0.3716118932,0.3716118932,0.0000000000,0.0000000000,0.0000000000,1,1,,COCO-20i,False,False,0.0000000000
869_class-76,0,0.8725134730,0.8725134730,0.8741134405,0,0.8725134730,0.8725134730,0.8741134405,0.0000000000,0.0000000000,0.0000000000,1,1,,COCO-20i,False,False,0.0000000000
870_class-20,0,0.6467857361,0.6467857361,0.6473848820,0,0.6467857361,0.6467857361,0.6473848820,0.0000000000,0.0000000000,0.0000000000,1,1,,COCO-20i,False,False,0.0000000000
871_class-16,2,0.9095621109,0.6735317707,0.9095621109,2,0.9095621109,0.6735317707,0.9095621109,0.0000000000,0.2360303402,0.2360303402,1,1,,COCO-20i,False,False,0.0000000000
872_class-76,1,0.8332405090,0.8362091780,0.8362091780,0,0.8362091780,0.8362091780,0.8362091780,0.0029686689,-0.0029686689,0.0000000000,0,1,,COCO-20i,False,True,1.0000000000
873_class-16,4,0.9402176738,0.9395583868,0.9408794641,0,0.9395583868,0.9395583868,0.9408794641,-0.0006592870,0.0006592870,0.0000000000,1,1,,COCO-20i,False,True,0.0000000000
874_class-48,5,0.2253821343,0.2340590954,0.5341290236,0,0.2340590954,0.2340590954,0.5341290236,0.0086769611,-0.0086769611,0.0000000000,0,1,,COCO-20i,False,True,1.0000000000
875_class-20,4,0.9233652353,0.9204652905,0.9318202138,0,0.9204652905,0.9204652905,0.9318202138,-0.0028999448,0.0028999448,0.0000000000,1,1,,COCO-20i,False,True,0.0000000000
876_class-0,2,0.2586590946,0.2487857789,0.3036618233,2,0.2586590946,0.2487857789,0.3036618233,0.0000000000,0.0098733157,0.0098733157,1,1,,COCO-20i,False,False,0.0000000000
877_class-4,2,0.8038574457,0.5539332628,0.8038574457,2,0.8038574457,0.5539332628,0.8038574457,0.0000000000,0.2499241829,0.2499241829,1,1,,COCO-20i,False,False,0.0000000000
878_class-60,3,0.2562557757,0.2652240992,0.4719323814,3,0.2562557757,0.2652240992,0.4719323814,0.0000000000,-0.0089683235,-0.0089683235,0,0,,COCO-20i,False,False,0.0000000000
879_class-52,2,0.9584709406,0.9616630077,0.9616630077,2,0.9584709406,0.9616630077,0.9616630077,0.0000000000,-0.0031920671,-0.0031920671,0,0,,COCO-20i,False,False,0.0000000000
880_class-44,0,0.7428567410,0.7428567410,0.7523626089,0,0.7428567410,0.7428567410,0.7523626089,0.0000000000,0.0000000000,0.0000000000,1,1,,COCO-20i,False,False,0.0000000000
881_class-24,1,0.4558761120,0.5239776373,0.5239776373,1,0.4558761120,0.5239776373,0.5239776373,0.0000000000,-0.0681015253,-0.0681015253,0,0,,COCO-20i,False,False,0.0000000000
882_class-76,1,0.6512081623,0.6650852561,0.6994723082,1,0.6512081623,0.6650852561,0.6994723082,0.0000000000,-0.0138770938,-0.0138770938,0,0,,COCO-20i,False,False,0.0000000000
883_class-12,5,0.3174131811,0.3097783029,0.3174131811,5,0.3174131811,0.3097783029,0.3174131811,0.0000000000,0.0076348782,0.0076348782,1,1,,COCO-20i,False,False,0.0000000000
884_class-24,4,0.5319561958,0.5228875875,0.5340906382,0,0.5228875875,0.5228875875,0.5340906382,-0.0090686083,0.0090686083,0.0000000000,1,1,,COCO-20i,False,True,0.0000000000
885_class-4,3,0.0074305809,0.1911694109,0.1911694109,0,0.1911694109,0.1911694109,0.1911694109,0.1837388300,-0.1837388300,0.0000000000,0,1,,COCO-20i,False,True,1.0000000000
886_class-4,0,0.9351621866,0.9351621866,0.9363908768,0,0.9351621866,0.9351621866,0.9363908768,0.0000000000,0.0000000000,0.0000000000,1,1,,COCO-20i,False,False,0.0000000000
887_class-0,1,0.7615908384,0.8886686563,0.9090959430,1,0.7615908384,0.8886686563,0.9090959430,0.0000000000,-0.1270778179,-0.1270778179,0,0,,COCO-20i,False,False,0.0000000000
888_class-72,2,0.5549077988,0.2993899584,0.5549077988,0,0.2993899584,0.2993899584,0.5549077988,-0.2555178404,0.2555178404,0.0000000000,1,1,,COCO-20i,False,True,0.0000000000
889_class-76,4,0.8856931925,0.8672448397,0.8856931925,0,0.8672448397,0.8672448397,0.8856931925,-0.0184483528,0.0184483528,0.0000000000,1,1,,COCO-20i,False,True,0.0000000000
890_class-12,1,0.9197369814,0.8756204844,0.9197369814,1,0.9197369814,0.8756204844,0.9197369814,0.0000000000,0.0441164970,0.0441164970,1,1,,COCO-20i,False,False,0.0000000000
891_class-24,2,0.4419001341,0.4679999948,0.5987093449,0,0.4679999948,0.4679999948,0.5987093449,0.0260998607,-0.0260998607,0.0000000000,0,1,,COCO-20i,False,True,1.0000000000
892_class-68,5,0.6483196020,0.8070850372,0.8236408234,0,0.8070850372,0.8070850372,0.8236408234,0.1587654352,-0.1587654352,0.0000000000,0,1,,COCO-20i,False,True,1.0000000000
893_class-20,1,0.9264969826,0.9257411957,0.9270927906,0,0.9257411957,0.9257411957,0.9270927906,-0.0007557869,0.0007557869,0.0000000000,1,1,,COCO-20i,False,True,0.0000000000
894_class-28,0,0.3238362670,0.3238362670,0.3306248784,0,0.3238362670,0.3238362670,0.3306248784,0.0000000000,0.0000000000,0.0000000000,1,1,,COCO-20i,False,False,0.0000000000
895_class-20,4,0.8812912703,0.8823143244,0.8847761154,4,0.8812912703,0.8823143244,0.8847761154,0.0000000000,-0.0010230541,-0.0010230541,0,0,,COCO-20i,False,False,0.0000000000
896_class-64,1,0.9762449861,0.9769206643,0.9769206643,1,0.9762449861,0.9769206643,0.9769206643,0.0000000000,-0.0006756783,-0.0006756783,0,0,,COCO-20i,False,False,0.0000000000
897_class-52,2,0.9360637665,0.9472624660,0.9472624660,0,0.9472624660,0.9472624660,0.9472624660,0.0111986995,-0.0111986995,0.0000000000,0,1,,COCO-20i,False,True,1.0000000000
898_class-20,0,0.6544110179,0.6544110179,0.7194225788,0,0.6544110179,0.6544110179,0.7194225788,0.0000000000,0.0000000000,0.0000000000,1,1,,COCO-20i,False,False,0.0000000000
899_class-36,1,0.9024479389,0.9102082849,0.9113799334,1,0.9024479389,0.9102082849,0.9113799334,0.0000000000,-0.0077603459,-0.0077603459,0,0,,COCO-20i,False,False,0.0000000000
900_class-68,5,0.9359132051,0.9345871210,0.9359132051,0,0.9345871210,0.9345871210,0.9359132051,-0.0013260841,0.0013260841,0.0000000000,1,1,,COCO-20i,False,True,0.0000000000
901_class-0,0,0.9044492841,0.9044492841,0.9044492841,0,0.9044492841,0.9044492841,0.9044492841,0.0000000000,0.0000000000,0.0000000000,1,1,,COCO-20i,False,False,0.0000000000
902_class-0,2,0.0513893180,0.1471826285,0.1471826285,0,0.1471826285,0.1471826285,0.1471826285,0.0957933106,-0.0957933106,0.0000000000,0,1,,COCO-20i,False,True,1.0000000000
903_class-20,0,0.8249588013,0.8249588013,0.8321208954,0,0.8249588013,0.8249588013,0.8321208954,0.0000000000,0.0000000000,0.0000000000,1,1,,COCO-20i,False,False,0.0000000000
904_class-48,4,0.9465805292,0.9464728236,0.9465805292,4,0.9465805292,0.9464728236,0.9465805292,0.0000000000,0.0001077056,0.0001077056,1,1,,COCO-20i,False,False,0.0000000000
905_class-0,2,0.2157526612,0.1843398213,0.2157526612,2,0.2157526612,0.1843398213,0.2157526612,0.0000000000,0.0314128399,0.0314128399,1,1,,COCO-20i,False,False,0.0000000000
906_class-12,3,0.5104653239,0.5089703202,0.5105507970,3,0.5104653239,0.5089703202,0.5105507970,0.0000000000,0.0014950037,0.0014950037,1,1,,COCO-20i,False,False,0.0000000000
907_class-24,1,0.9451661110,0.9453134537,0.9458875656,1,0.9451661110,0.9453134537,0.9458875656,0.0000000000,-0.0001473427,-0.0001473427,0,0,,COCO-20i,False,False,0.0000000000
908_class-36,5,0.8506380320,0.8521651030,0.8609244227,5,0.8506380320,0.8521651030,0.8609244227,0.0000000000,-0.0015270710,-0.0015270710,0,0,,COCO-20i,False,False,0.0000000000
909_class-68,2,0.9492642879,0.6822528839,0.9492642879,2,0.9492642879,0.6822528839,0.9492642879,0.0000000000,0.2670114040,0.2670114040,1,1,,COCO-20i,False,False,0.0000000000
910_class-0,2,0.9061100483,0.7647116780,0.9061100483,2,0.9061100483,0.7647116780,0.9061100483,0.0000000000,0.1413983703,0.1413983703,1,1,,COCO-20i,False,False,0.0000000000
911_class-72,1,0.9557186365,0.9553922415,0.9559800625,1,0.9557186365,0.9553922415,0.9559800625,0.0000000000,0.0003263950,0.0003263950,1,1,,COCO-20i,False,False,0.0000000000
912_class-56,2,0.3558571041,0.1849405617,0.3558571041,2,0.3558571041,0.1849405617,0.3558571041,0.0000000000,0.1709165424,0.1709165424,1,1,,COCO-20i,False,False,0.0000000000
913_class-36,1,0.7528636456,0.7334222198,0.7528636456,1,0.7528636456,0.7334222198,0.7528636456,0.0000000000,0.0194414258,0.0194414258,1,1,,COCO-20i,False,False,0.0000000000
914_class-8,5,0.4036854506,0.3746113181,0.6014988422,5,0.4036854506,0.3746113181,0.6014988422,0.0000000000,0.0290741324,0.0290741324,1,1,,COCO-20i,False,False,0.0000000000
915_class-60,3,0.8032673597,0.5150498152,0.8032673597,3,0.8032673597,0.5150498152,0.8032673597,0.0000000000,0.2882175446,0.2882175446,1,1,,COCO-20i,False,False,0.0000000000
916_class-44,5,0.7023990154,0.9582702518,0.9596388340,5,0.7023990154,0.9582702518,0.9596388340,0.0000000000,-0.2558712363,-0.2558712363,0,0,,COCO-20i,False,False,0.0000000000
917_class-40,0,0.5504286289,0.5504286289,0.5504286289,0,0.5504286289,0.5504286289,0.5504286289,0.0000000000,0.0000000000,0.0000000000,1,1,,COCO-20i,False,False,0.0000000000
918_class-4,2,0.8906445503,0.8875707388,0.8907753825,2,0.8906445503,0.8875707388,0.8907753825,0.0000000000,0.0030738115,0.0030738115,1,1,,COCO-20i,False,False,0.0000000000
919_class-36,1,0.9210616350,0.9189777374,0.9249389172,1,0.9210616350,0.9189777374,0.9249389172,0.0000000000,0.0020838976,0.0020838976,1,1,,COCO-20i,False,False,0.0000000000
920_class-0,2,0.5960600376,0.6707109809,0.6707109809,2,0.5960600376,0.6707109809,0.6707109809,0.0000000000,-0.0746509433,-0.0746509433,0,0,,COCO-20i,False,False,0.0000000000
921_class-64,0,0.9488142729,0.9488142729,0.9534462690,0,0.9488142729,0.9488142729,0.9534462690,0.0000000000,0.0000000000,0.0000000000,1,1,,COCO-20i,False,False,0.0000000000
922_class-0,1,0.5546435714,0.6037527919,0.8015855551,0,0.6037527919,0.6037527919,0.8015855551,0.0491092205,-0.0491092205,0.0000000000,0,1,,COCO-20i,False,True,1.0000000000
923_class-8,2,0.7938759327,0.7083069086,0.7938759327,2,0.7938759327,0.7083069086,0.7938759327,0.0000000000,0.0855690241,0.0855690241,1,1,,COCO-20i,False,False,0.0000000000
924_class-12,4,0.1217558905,0.0572482347,0.1668670326,4,0.1217558905,0.0572482347,0.1668670326,0.0000000000,0.0645076558,0.0645076558,1,1,,COCO-20i,False,False,0.0000000000
925_class-4,0,0.9208036661,0.9208036661,0.9236792922,0,0.9208036661,0.9208036661,0.9236792922,0.0000000000,0.0000000000,0.0000000000,1,1,,COCO-20i,False,False,0.0000000000
926_class-28,2,0.4911079407,0.2989323437,0.4911079407,0,0.2989323437,0.2989323437,0.4911079407,-0.1921755970,0.1921755970,0.0000000000,1,1,,COCO-20i,False,True,0.0000000000
927_class-12,1,0.6767522097,0.6756349206,0.6834217310,0,0.6756349206,0.6756349206,0.6834217310,-0.0011172891,0.0011172891,0.0000000000,1,1,,COCO-20i,False,True,0.0000000000
928_class-32,3,0.2962985039,0.1175485030,0.2962985039,0,0.1175485030,0.1175485030,0.2962985039,-0.1787500009,0.1787500009,0.0000000000,1,1,,COCO-20i,False,True,0.0000000000
929_class-64,0,0.9530280232,0.9530280232,0.9532910585,0,0.9530280232,0.9530280232,0.9532910585,0.0000000000,0.0000000000,0.0000000000,1,1,,COCO-20i,False,False,0.0000000000
930_class-72,4,0.9536492229,0.9091660976,0.9536492229,4,0.9536492229,0.9091660976,0.9536492229,0.0000000000,0.0444831252,0.0444831252,1,1,,COCO-20i,False,False,0.0000000000
931_class-48,4,0.6310794353,0.9363133311,0.9522198439,0,0.9363133311,0.9363133311,0.9522198439,0.3052338958,-0.3052338958,0.0000000000,0,1,,COCO-20i,False,True,1.0000000000
932_class-56,3,0.5877462029,0.7154446840,0.7154446840,3,0.5877462029,0.7154446840,0.7154446840,0.0000000000,-0.1276984811,-0.1276984811,0,0,,COCO-20i,False,False,0.0000000000
933_class-44,3,0.7691855431,0.7224982977,0.8166019917,3,0.7691855431,0.7224982977,0.8166019917,0.0000000000,0.0466872454,0.0466872454,1,1,,COCO-20i,False,False,0.0000000000
934_class-68,5,0.7588851452,0.6111040115,0.7716741562,5,0.7588851452,0.6111040115,0.7716741562,0.0000000000,0.1477811337,0.1477811337,1,1,,COCO-20i,False,False,0.0000000000
935_class-44,5,0.6020983458,0.6058958769,0.6058958769,0,0.6058958769,0.6058958769,0.6058958769,0.0037975311,-0.0037975311,0.0000000000,0,1,,COCO-20i,False,True,1.0000000000
936_class-12,5,0.9453943968,0.8626047373,0.9453943968,0,0.8626047373,0.8626047373,0.9453943968,-0.0827896595,0.0827896595,0.0000000000,1,1,,COCO-20i,False,True,0.0000000000
937_class-72,1,0.9055901766,0.8962701559,0.9055901766,0,0.8962701559,0.8962701559,0.9055901766,-0.0093200207,0.0093200207,0.0000000000,1,1,,COCO-20i,False,True,0.0000000000
938_class-4,3,0.9392373562,0.9410437942,0.9426397085,3,0.9392373562,0.9410437942,0.9426397085,0.0000000000,-0.0018064380,-0.0018064380,0,0,,COCO-20i,False,False,0.0000000000
939_class-20,5,0.9527319670,0.9528855085,0.9535855055,0,0.9528855085,0.9528855085,0.9535855055,0.0001535416,-0.0001535416,0.0000000000,0,1,,COCO-20i,False,True,1.0000000000
940_class-4,4,0.9388786554,0.8471543789,0.9388786554,4,0.9388786554,0.8471543789,0.9388786554,0.0000000000,0.0917242765,0.0917242765,1,1,,COCO-20i,False,False,0.0000000000
941_class-32,0,0.9551225901,0.9551225901,0.9551225901,0,0.9551225901,0.9551225901,0.9551225901,0.0000000000,0.0000000000,0.0000000000,1,1,,COCO-20i,False,False,0.0000000000
942_class-36,5,0.7827443480,0.6915773153,0.7845768332,5,0.7827443480,0.6915773153,0.7845768332,0.0000000000,0.0911670327,0.0911670327,1,1,,COCO-20i,False,False,0.0000000000
943_class-52,0,0.8919452429,0.8919452429,0.9132657647,0,0.8919452429,0.8919452429,0.9132657647,0.0000000000,0.0000000000,0.0000000000,1,1,,COCO-20i,False,False,0.0000000000
944_class-48,1,0.9800833464,0.9794982672,0.9800833464,1,0.9800833464,0.9794982672,0.9800833464,0.0000000000,0.0005850792,0.0005850792,1,1,,COCO-20i,False,False,0.0000000000
945_class-36,3,0.4082340896,0.3871217072,0.5480928421,0,0.3871217072,0.3871217072,0.5480928421,-0.0211123824,0.0211123824,0.0000000000,1,1,,COCO-20i,False,True,0.0000000000
946_class-72,5,0.7458070517,0.6428912878,0.7458070517,5,0.7458070517,0.6428912878,0.7458070517,0.0000000000,0.1029157639,0.1029157639,1,1,,COCO-20i,False,False,0.0000000000
947_class-64,2,0.9181301594,0.9181637764,0.9185664654,0,0.9181637764,0.9181637764,0.9185664654,0.0000336170,-0.0000336170,0.0000000000,0,1,,COCO-20i,False,True,1.0000000000
948_class-28,3,0.8407693505,0.7315097451,0.8407693505,3,0.8407693505,0.7315097451,0.8407693505,0.0000000000,0.1092596054,0.1092596054,1,1,,COCO-20i,False,False,0.0000000000
949_class-48,5,0.8173007369,0.8266785741,0.8266785741,5,0.8173007369,0.8266785741,0.8266785741,0.0000000000,-0.0093778372,-0.0093778372,0,0,,COCO-20i,False,False,0.0000000000
950_class-48,4,0.9758350253,0.9777651429,0.9779531956,0,0.9777651429,0.9777651429,0.9779531956,0.0019301176,-0.0019301176,0.0000000000,0,1,,COCO-20i,False,True,1.0000000000
951_class-0,2,0.6561340094,0.8976389170,0.8976389170,2,0.6561340094,0.8976389170,0.8976389170,0.0000000000,-0.2415049076,-0.2415049076,0,0,,COCO-20i,False,False,0.0000000000
952_class-4,1,0.4862044454,0.6206511855,0.6629785299,1,0.4862044454,0.6206511855,0.6629785299,0.0000000000,-0.1344467402,-0.1344467402,0,0,,COCO-20i,False,False,0.0000000000
953_class-36,0,0.8604817390,0.8604817390,0.8645460606,0,0.8604817390,0.8604817390,0.8645460606,0.0000000000,0.0000000000,0.0000000000,1,1,,COCO-20i,False,False,0.0000000000
954_class-40,1,0.7831465602,0.8424696922,0.8424696922,1,0.7831465602,0.8424696922,0.8424696922,0.0000000000,-0.0593231320,-0.0593231320,0,0,,COCO-20i,False,False,0.0000000000
955_class-48,2,0.9729259014,0.9762607813,0.9762607813,0,0.9762607813,0.9762607813,0.9762607813,0.0033348799,-0.0033348799,0.0000000000,0,1,,COCO-20i,False,True,1.0000000000
956_class-36,2,0.6486644745,0.5868400931,0.6486644745,2,0.6486644745,0.5868400931,0.6486644745,0.0000000000,0.0618243814,0.0618243814,1,1,,COCO-20i,False,False,0.0000000000
957_class-28,4,0.5549450517,0.5546323061,0.5549450517,4,0.5549450517,0.5546323061,0.5549450517,0.0000000000,0.0003127456,0.0003127456,1,1,,COCO-20i,False,False,0.0000000000
958_class-44,0,0.6708780527,0.6708780527,0.9080675840,0,0.6708780527,0.6708780527,0.9080675840,0.0000000000,0.0000000000,0.0000000000,1,1,,COCO-20i,False,False,0.0000000000
959_class-24,4,0.6862687469,0.8293092251,0.8293092251,0,0.8293092251,0.8293092251,0.8293092251,0.1430404782,-0.1430404782,0.0000000000,0,1,,COCO-20i,False,True,1.0000000000
960_class-4,5,0.9203195572,0.9191210270,0.9203195572,0,0.9191210270,0.9191210270,0.9203195572,-0.0011985302,0.0011985302,0.0000000000,1,1,,COCO-20i,False,True,0.0000000000
961_class-68,2,0.3987541199,0.3951386809,0.4452423453,0,0.3951386809,0.3951386809,0.4452423453,-0.0036154389,0.0036154389,0.0000000000,1,1,,COCO-20i,False,True,0.0000000000
962_class-64,4,0.9690916538,0.9693989754,0.9695479870,4,0.9690916538,0.9693989754,0.9695479870,0.0000000000,-0.0003073215,-0.0003073215,0,0,,COCO-20i,False,False,0.0000000000
963_class-68,4,0.9566335678,0.9556785822,0.9566335678,0,0.9556785822,0.9556785822,0.9566335678,-0.0009549856,0.0009549856,0.0000000000,1,1,,COCO-20i,False,True,0.0000000000
964_class-24,2,0.7446201444,0.4669511318,0.7446201444,0,0.4669511318,0.4669511318,0.7446201444,-0.2776690125,0.2776690125,0.0000000000,1,1,,COCO-20i,False,True,0.0000000000
965_class-0,4,0.3942103386,0.3596548736,0.4190106094,0,0.3596548736,0.3596548736,0.4190106094,-0.0345554650,0.0345554650,0.0000000000,1,1,,COCO-20i,False,True,0.0000000000
966_class-4,4,0.5427596569,0.8113322854,0.8748555183,0,0.8113322854,0.8113322854,0.8748555183,0.2685726285,-0.2685726285,0.0000000000,0,1,,COCO-20i,False,True,1.0000000000
967_class-16,1,0.8532699347,0.3024318218,0.8532699347,1,0.8532699347,0.3024318218,0.8532699347,0.0000000000,0.5508381128,0.5508381128,1,1,,COCO-20i,False,False,0.0000000000
968_class-36,4,0.8752590418,0.8750415444,0.8782962561,0,0.8750415444,0.8750415444,0.8782962561,-0.0002174973,0.0002174973,0.0000000000,1,1,,COCO-20i,False,True,0.0000000000
969_class-28,2,0.3785438240,0.3781878948,0.3860620260,2,0.3785438240,0.3781878948,0.3860620260,0.0000000000,0.0003559291,0.0003559291,1,1,,COCO-20i,False,False,0.0000000000
970_class-8,4,0.7938787937,0.7901639342,0.8397709727,4,0.7938787937,0.7901639342,0.8397709727,0.0000000000,0.0037148595,0.0037148595,1,1,,COCO-20i,False,False,0.0000000000
971_class-20,0,0.9406753778,0.9406753778,0.9416176081,0,0.9406753778,0.9406753778,0.9416176081,0.0000000000,0.0000000000,0.0000000000,1,1,,COCO-20i,False,False,0.0000000000
972_class-12,0,0.9606660604,0.9606660604,0.9606660604,0,0.9606660604,0.9606660604,0.9606660604,0.0000000000,0.0000000000,0.0000000000,1,1,,COCO-20i,False,False,0.0000000000
973_class-20,0,0.5840806961,0.5840806961,0.5887340307,0,0.5840806961,0.5840806961,0.5887340307,0.0000000000,0.0000000000,0.0000000000,1,1,,COCO-20i,False,False,0.0000000000
974_class-28,1,0.6893785000,0.6906529665,0.7200580835,0,0.6906529665,0.6906529665,0.7200580835,0.0012744665,-0.0012744665,0.0000000000,0,1,,COCO-20i,False,True,1.0000000000
975_class-44,2,0.4937673807,0.5131743550,0.5136111975,0,0.5131743550,0.5131743550,0.5136111975,0.0194069743,-0.0194069743,0.0000000000,0,1,,COCO-20i,False,True,1.0000000000
976_class-32,4,0.9226536155,0.9232927561,0.9232927561,0,0.9232927561,0.9232927561,0.9232927561,0.0006391406,-0.0006391406,0.0000000000,0,1,,COCO-20i,False,True,1.0000000000
977_class-12,2,0.9827827811,0.9825967550,0.9827827811,2,0.9827827811,0.9825967550,0.9827827811,0.0000000000,0.0001860261,0.0001860261,1,1,,COCO-20i,False,False,0.0000000000
978_class-20,5,0.9431030750,0.9440069795,0.9440069795,5,0.9431030750,0.9440069795,0.9440069795,0.0000000000,-0.0009039044,-0.0009039044,0,0,,COCO-20i,False,False,0.0000000000
979_class-40,0,0.8019149303,0.8019149303,0.8019149303,0,0.8019149303,0.8019149303,0.8019149303,0.0000000000,0.0000000000,0.0000000000,1,1,,COCO-20i,False,False,0.0000000000
980_class-68,5,0.9542827606,0.9568175077,0.9580820799,5,0.9542827606,0.9568175077,0.9580820799,0.0000000000,-0.0025347471,-0.0025347471,0,0,,COCO-20i,False,False,0.0000000000
981_class-12,0,0.7911781073,0.7911781073,0.7916297317,0,0.7911781073,0.7911781073,0.7916297317,0.0000000000,0.0000000000,0.0000000000,1,1,,COCO-20i,False,False,0.0000000000
982_class-32,0,0.9229348898,0.9229348898,0.9229348898,0,0.9229348898,0.9229348898,0.9229348898,0.0000000000,0.0000000000,0.0000000000,1,1,,COCO-20i,False,False,0.0000000000
983_class-52,3,0.4341952205,0.4341411889,0.4342176020,0,0.4341411889,0.4341411889,0.4342176020,-0.0000540316,0.0000540316,0.0000000000,1,1,,COCO-20i,False,True,0.0000000000
984_class-64,3,0.4767445326,0.4767445326,0.4767445326,3,0.4767445326,0.4767445326,0.4767445326,0.0000000000,0.0000000000,0.0000000000,1,1,,COCO-20i,False,False,0.0000000000
985_class-28,1,0.2815430462,0.2711423337,0.2837293446,1,0.2815430462,0.2711423337,0.2837293446,0.0000000000,0.0104007125,0.0104007125,1,1,,COCO-20i,False,False,0.0000000000
986_class-32,5,0.9025394917,0.9040670395,0.9081155658,0,0.9040670395,0.9040670395,0.9081155658,0.0015275478,-0.0015275478,0.0000000000,0,1,,COCO-20i,False,True,1.0000000000
987_class-20,3,0.9689798355,0.9672502279,0.9690028429,0,0.9672502279,0.9672502279,0.9690028429,-0.0017296076,0.0017296076,0.0000000000,1,1,,COCO-20i,False,True,0.0000000000
988_class-76,1,0.4933190346,0.5117171407,0.6524378657,1,0.4933190346,0.5117171407,0.6524378657,0.0000000000,-0.0183981061,-0.0183981061,0,0,,COCO-20i,False,False,0.0000000000
989_class-20,1,0.9380462170,0.9380060434,0.9406102896,0,0.9380060434,0.9380060434,0.9406102896,-0.0000401735,0.0000401735,0.0000000000,1,1,,COCO-20i,False,True,0.0000000000
990_class-28,3,0.5631176829,0.5909168720,0.5909168720,3,0.5631176829,0.5909168720,0.5909168720,0.0000000000,-0.0277991891,-0.0277991891,0,0,,COCO-20i,False,False,0.0000000000
991_class-64,0,0.9383590221,0.9383590221,0.9383590221,0,0.9383590221,0.9383590221,0.9383590221,0.0000000000,0.0000000000,0.0000000000,1,1,,COCO-20i,False,False,0.0000000000
992_class-8,2,0.8377641439,0.8497448564,0.9024303555,2,0.8377641439,0.8497448564,0.9024303555,0.0000000000,-0.0119807124,-0.0119807124,0,0,,COCO-20i,False,False,0.0000000000
993_class-20,4,0.9383710623,0.9392625690,0.9410843253,4,0.9383710623,0.9392625690,0.9410843253,0.0000000000,-0.0008915067,-0.0008915067,0,0,,COCO-20i,False,False,0.0000000000
994_class-44,2,0.5906177759,0.5798600316,0.6048846245,2,0.5906177759,0.5798600316,0.6048846245,0.0000000000,0.0107577443,0.0107577443,1,1,,COCO-20i,False,False,0.0000000000
995_class-44,2,0.6489368081,0.3223828971,0.8296414614,2,0.6489368081,0.3223828971,0.8296414614,0.0000000000,0.3265539110,0.3265539110,1,1,,COCO-20i,False,False,0.0000000000
996_class-76,2,0.7767277956,0.7672936916,0.7867659330,0,0.7672936916,0.7672936916,0.7867659330,-0.0094341040,0.0094341040,0.0000000000,1,1,,COCO-20i,False,True,0.0000000000
997_class-60,3,0.3383772373,0.4550859928,0.5285941362,3,0.3383772373,0.4550859928,0.5285941362,0.0000000000,-0.1167087555,-0.1167087555,0,0,,COCO-20i,False,False,0.0000000000
998_class-64,2,0.9731644392,0.9727274179,0.9735051394,0,0.9727274179,0.9727274179,0.9735051394,-0.0004370213,0.0004370213,0.0000000000,1,1,,COCO-20i,False,True,0.0000000000
999_class-40,1,0.7276626825,0.7206588984,0.7276626825,0,0.7206588984,0.7206588984,0.7276626825,-0.0070037842,0.0070037842,0.0000000000,1,1,,COCO-20i,False,True,0.0000000000
