obj_name,iteration,miou,selected,support_query,decoder_confidence,temporal_stability,foreground_background_separation
0_class-0,0,0.9187440872192383,0,0.9956052303314209,0.9864201545715332,1.0,0.9815226197242737
0_class-0,1,0.880476713180542,0,0.9955893754959106,0.989081621170044,0.9785655399835119,0.9745233654975891
0_class-0,2,0.8812174797058105,0,0.995690107345581,0.9883332252502441,0.992652106480893,0.9730353951454163
0_class-0,3,0.8813856840133667,0,0.9957225918769836,0.989047646522522,0.9864594669838779,0.9780426621437073
0_class-0,4,0.8814559578895569,1,0.9955344200134277,0.9914207458496094,0.993430564362714,0.9782824516296387
0_class-0,5,0.8890659809112549,0,0.9943982362747192,0.9596577882766724,0.9721320815477222,0.9744803309440613
1_class-3,0,0.8674514293670654,0,0.9942156076431274,0.942825198173523,1.0,0.9645535349845886
1_class-3,1,0.6093241572380066,0,0.9852944612503052,0.9192318916320801,0.38021427782482237,0.5725205540657043
1_class-3,2,0.7542030811309814,0,0.9867306351661682,0.8226821422576904,0.2637612336601307,0.7180548310279846
1_class-3,3,0.7750581502914429,0,0.9925901293754578,0.9658603668212891,0.4491367488308309,0.9636874794960022
1_class-3,4,0.8004485368728638,1,0.9929238557815552,0.9877893328666687,0.7480364834051179,0.9799282550811768
1_class-3,5,0.8171617388725281,0,0.9924989342689514,0.9421706199645996,0.9281107440616643,0.9739906787872314
2_class-1,0,0.7469295859336853,0,0.9558295011520386,0.9950608015060425,1.0,0.9802239537239075
2_class-1,1,0.41277602314949036,0,0.9416482448577881,0.976158618927002,0.2636251825659159,0.8757167458534241
2_class-1,2,0.4764668345451355,0,0.9815217852592468,0.9058488607406616,0.5920047347465834,0.6856132745742798
2_class-1,3,0.8160742521286011,0,0.9837616086006165,0.9322400093078613,0.37151330814941497,0.9155230522155762
2_class-1,4,0.7044918537139893,1,0.9637517929077148,0.988506555557251,0.7413271338958254,0.9789610505104065
2_class-1,5,0.6128379106521606,0,0.9849289655685425,0.9243009090423584,0.44318677127601613,0.6980506181716919
3_class-4,0,0.8171697854995728,0,0.9886560440063477,0.9214185476303101,1.0,0.8915168046951294
3_class-4,1,0.4871096611022949,0,0.9924037456512451,0.8839781284332275,0.249479182391836,0.7589274644851685
3_class-4,2,0.42311719059944153,0,0.9832590222358704,0.892551064491272,0.2757851944134811,0.9004113674163818
3_class-4,3,0.43094170093536377,1,0.9850337505340576,0.9596072435379028,0.45552536231884055,0.976157009601593
3_class-4,4,0.8782411813735962,0,0.9950190186500549,0.9547441005706787,0.06285791738673716,0.8462972640991211
3_class-4,5,0.8534090518951416,0,0.9862189292907715,0.946987509727478,0.8042158283309184,0.9290669560432434
4_class-3,0,0.44203975796699524,0,0.9648150205612183,0.9933755397796631,1.0,0.9585360288619995
4_class-3,1,0.4067017436027527,0,0.9599798917770386,0.9987868070602417,0.9716708809774217,0.976626455783844
4_class-3,2,0.4017292261123657,0,0.9612884521484375,0.9936734437942505,0.9319167097194456,0.9701749086380005
4_class-3,3,0.4017620086669922,0,0.9595996737480164,0.9913420677185059,0.9914834239522686,0.9698253273963928
4_class-3,4,0.3926926553249359,0,0.9504082202911377,0.9278868436813354,0.8574791176286791,0.8373745679855347
4_class-3,5,0.34206441044807434,1,0.9893203377723694,0.9598705768585205,0.26075159131712095,0.9644201397895813
5_class-4,0,0.2913004159927368,0,0.9809131622314453,0.9879670143127441,1.0,0.964373767375946
5_class-4,1,0.28634464740753174,1,0.9814205765724182,1.0031698942184448,0.9862094599102234,0.9643093943595886
5_class-4,2,0.28840741515159607,0,0.9807966351509094,0.9818202257156372,0.985867118200535,0.9307718873023987
5_class-4,3,0.29172512888908386,0,0.9779016375541687,0.9763940572738647,0.9689838258635024,0.9274483919143677
5_class-4,4,0.2865980863571167,0,0.9557828307151794,0.9555964469909668,0.8442040904750825,0.853380560874939
5_class-4,5,0.2919504940509796,0,0.9763628244400024,0.9651452302932739,0.8423539415525554,0.9065883159637451
6_class-1,0,0.6123883128166199,0,0.993269681930542,0.9811042547225952,1.0,0.9656582474708557
6_class-1,1,0.5636972784996033,0,0.9943139553070068,0.9768972396850586,0.9142203655747311,0.9361486434936523
6_class-1,2,0.5706697702407837,0,0.9955793619155884,0.9475851058959961,0.6190515396015149,0.9019249677658081
6_class-1,3,0.548146665096283,0,0.992699146270752,0.9828336238861084,0.569230479845005,0.9683061242103577
6_class-1,4,0.5146742463111877,1,0.9947194457054138,0.9836186170578003,0.2213231973505946,0.9918128848075867
6_class-1,5,0.5719411969184875,0,0.9956773519515991,0.9483979940414429,0.3725085692522534,0.9000576734542847
7_class-4,0,0.31528010964393616,0,0.9032409191131592,0.9276022911071777,1.0,0.5340445637702942
7_class-4,1,0.26013439893722534,0,0.8805670738220215,0.7848725318908691,0.2076981804952783,0.6385526061058044
7_class-4,2,0.2711541950702667,0,0.8779938220977783,0.9814801216125488,0.8694047942856467,0.9470110535621643
7_class-4,3,0.2711819112300873,0,0.88164222240448,0.9683012962341309,0.9920360611357155,0.9390442371368408
7_class-4,4,0.2776021361351013,1,0.8850823640823364,0.9692423343658447,0.9519262473457222,0.9353644251823425
7_class-4,5,0.32926422357559204,0,0.9532862901687622,0.793654203414917,3.1685176090366124e-05,0.5094463229179382
8_class-0,0,0.8023396134376526,0,0.9928966164588928,0.9984182119369507,1.0,0.9917289614677429
8_class-0,1,0.7633250951766968,0,0.9939669370651245,0.993756890296936,0.9629773399970887,0.9894416332244873
8_class-0,2,0.8095110058784485,0,0.9940863251686096,0.9694641828536987,0.6776243916972887,0.9700803756713867
8_class-0,3,0.8626440763473511,0,0.9947936534881592,0.9663077592849731,0.792763862128024,0.9712274670600891
8_class-0,4,0.7617200016975403,1,0.9944663047790527,0.9964764714241028,0.6888726462705789,0.9815871715545654
8_class-0,5,0.7712200880050659,0,0.9966535568237305,0.9607088565826416,0.5935996221179111,0.9523981213569641
9_class-2,0,4.749799700221047e-05,0,0.9604818820953369,0.9917702674865723,1.0,0.6776895523071289
9_class-2,1,0.9141751527786255,0,0.9846106767654419,0.9964278936386108,1.4963731655400224e-05,0.9917702674865723
9_class-2,2,0.9142986536026001,1,0.9846231937408447,0.9981052875518799,0.9987489248572993,0.9918113350868225
9_class-2,3,0.0015459771966561675,0,0.9624609351158142,0.9945638179779053,0.0032678761048711546,0.600778341293335
9_class-2,4,0.9158706068992615,0,0.9845271110534668,0.9956744909286499,0.0032834458979364403,0.9910532236099243
9_class-2,5,0.9137740135192871,0,0.984592854976654,0.9969751834869385,0.9924295637243424,0.9912381768226624
10_class-1,0,0.7390428185462952,0,0.9926252961158752,0.9790723323822021,1.0,0.9684454798698425
10_class-1,1,0.6481705904006958,0,0.9945005178451538,0.963409423828125,0.9182068741893644,0.9469287991523743
10_class-1,2,0.622536301612854,1,0.9933944344520569,0.9791011810302734,0.9161217099929742,0.968451201915741
10_class-1,3,0.6241194009780884,0,0.9928241968154907,0.9771566390991211,0.98746954403063,0.9720438718795776
10_class-1,4,0.6660781502723694,0,0.9941884279251099,0.9674878120422363,0.8786127167630058,0.953903317451477
10_class-1,5,0.6143656969070435,0,0.9941285848617554,0.9778761863708496,0.8256175663311985,0.9547843337059021
11_class-4,0,0.39533814787864685,1,0.9894710183143616,0.9957437515258789,1.0,0.9873377084732056
11_class-4,1,0.28344279527664185,0,0.9312657117843628,0.9518581628799438,0.2495004137986718,0.8163271546363831
11_class-4,2,0.31933146715164185,0,0.9624742269515991,0.934841513633728,0.7405364232296187,0.887163519859314
11_class-4,3,0.3914627730846405,0,0.9557567834854126,0.9391365051269531,0.3248312272805955,0.7465127110481262
11_class-4,4,0.34850984811782837,0,0.9508074522018433,0.9208270311355591,0.7855352565018917,0.6570973992347717
11_class-4,5,0.2784763276576996,0,0.9369258284568787,0.9622411727905273,0.6335216899939147,0.8850479125976562
12_class-0,0,0.5802962779998779,0,0.9867129325866699,0.9916782379150391,1.0,0.9800949692726135
12_class-0,1,0.6485341787338257,0,0.9842077493667603,0.9975839853286743,0.7288918558077436,0.9818999171257019
12_class-0,2,0.5642502903938293,0,0.9861814975738525,0.9929962158203125,0.7277384923282189,0.9805979132652283
12_class-0,3,0.6501409411430359,0,0.9841786623001099,1.0042767524719238,0.7232045810026245,0.9884689450263977
12_class-0,4,0.6478402018547058,0,0.9845995903015137,0.9999979734420776,0.9904481413675078,0.9814598560333252
12_class-0,5,0.6491297483444214,1,0.984526515007019,1.004768967628479,0.9924914130521607,0.9878478050231934
13_class-1,0,0.39949625730514526,0,0.9893996715545654,0.966755747795105,1.0,0.8976792097091675
13_class-1,1,0.4156820476055145,0,0.9892662763595581,0.9923526048660278,0.6733493210952192,0.9748444557189941
13_class-1,2,0.8012799024581909,0,0.9894974231719971,0.9781135320663452,0.07560675342947591,0.9607000350952148
13_class-1,3,0.39424070715904236,1,0.9915024042129517,0.9918889999389648,0.037150991105688466,0.9674851298332214
13_class-1,4,0.4760286808013916,0,0.9869638681411743,0.9880101680755615,0.7928643031034553,0.9784166216850281
13_class-1,5,0.7006202936172485,0,0.9872631430625916,0.9847253561019897,0.22537793895929262,0.977434515953064
14_class-0,0,0.7798721194267273,0,0.9575299024581909,1.0021754503250122,1.0,0.9688689708709717
14_class-0,1,0.7772867679595947,0,0.9617085456848145,1.0033328533172607,0.9714599858635042,0.979814887046814
14_class-0,2,0.4903824031352997,0,0.9701582193374634,0.9472163915634155,0.38088955898982285,0.8887452483177185
14_class-0,3,0.4424959421157837,1,0.9964191913604736,0.9515182971954346,0.4760911084388484,0.9236121773719788
14_class-0,4,0.9556090831756592,0,0.964634895324707,1.005074143409729,0.20240480961923848,0.988420307636261
14_class-0,5,0.9564467668533325,0,0.9643766283988953,0.9872139692306519,0.9972025385228941,0.9768695831298828
15_class-0,0,0.6877596974372864,0,0.9887076616287231,0.9531149864196777,1.0,0.909766674041748
15_class-0,1,0.715673565864563,0,0.9879785776138306,0.9605649709701538,0.7605379174728029,0.9485460519790649
15_class-0,2,0.8126932382583618,0,0.9885944724082947,0.9682540893554688,0.7181269132125424,0.9583547115325928
15_class-0,3,0.7132850885391235,0,0.9890864491462708,0.9537268877029419,0.7180353864129527,0.9212396740913391
15_class-0,4,0.7384955286979675,1,0.9908022284507751,0.979536771774292,0.8997648442092887,0.970600962638855
15_class-0,5,0.6586373448371887,0,0.9886884689331055,0.961027979850769,0.6771186440677966,0.9270224571228027
16_class-2,0,0.9971370697021484,0,0.9761555790901184,1.0064750909805298,1.0,0.9940895438194275
16_class-2,1,0.9430840015411377,0,0.9761693477630615,1.0005093812942505,0.9964057636147748,0.9934712052345276
16_class-2,2,0.9422750473022461,1,0.976172685623169,1.0081533193588257,0.9965976568769058,0.9939008355140686
16_class-2,3,0.9423236846923828,0,0.976203441619873,1.007805347442627,0.9997753458069899,0.9939301609992981
16_class-2,4,0.9435515403747559,0,0.9761706590652466,1.004531979560852,0.9950255142976347,0.9915777444839478
16_class-2,5,0.9440151453018188,0,0.9762426614761353,0.9989827871322632,0.998001031725561,0.9910202622413635
17_class-0,0,0.9086727499961853,1,0.9950201511383057,1.003358006477356,1.0,0.991759181022644
17_class-0,1,0.9489184617996216,0,0.9919540882110596,0.995201826095581,0.8619002044633923,0.9869405627250671
17_class-0,2,0.8761388063430786,0,0.9950077533721924,1.0021106004714966,0.8618259337408366,0.9918044209480286
17_class-0,3,0.949248194694519,0,0.9918112754821777,0.9977654218673706,0.8617696959150825,0.9866790175437927
17_class-0,4,0.947758674621582,0,0.9920913577079773,0.9871063232421875,0.993324607329843,0.9847902059555054
17_class-0,5,0.9482559561729431,0,0.992114782333374,0.9968163967132568,0.9953388625073856,0.9862015843391418
18_class-0,0,0.9007853269577026,0,0.9914218783378601,0.984471321105957,1.0,0.9624849557876587
18_class-0,1,0.9342659711837769,1,0.9915677905082703,0.9921382665634155,0.7885377968860876,0.9893088340759277
18_class-0,2,0.9368579387664795,0,0.9916211366653442,0.9933971166610718,0.9892307050131486,0.9827818274497986
18_class-0,3,0.9366848468780518,0,0.9915989637374878,0.9930883646011353,0.9985657034380933,0.9816704988479614
18_class-0,4,0.9374910593032837,0,0.9917647838592529,0.9907251596450806,0.9949966221921973,0.9784070253372192
18_class-0,5,0.9366860389709473,0,0.991851806640625,0.9905277490615845,0.996467477525119,0.9796320199966431
19_class-2,0,0.2984313666820526,0,0.9941976070404053,1.0029287338256836,1.0,0.9880062937736511
19_class-2,1,0.29208317399024963,0,0.9942156076431274,1.002875804901123,0.9994373804433442,0.9879809617996216
19_class-2,2,0.9569236636161804,0,0.8566620349884033,1.0095680952072144,0.2416660770557917,0.9910788536071777
19_class-2,3,0.29221010208129883,0,0.9945712685585022,1.0028090476989746,0.24193030482793904,0.9881986975669861
19_class-2,4,0.2922384440898895,1,0.9947521686553955,1.0024985074996948,0.9992582769548898,0.9880493879318237
19_class-2,5,0.292244553565979,0,0.99449223279953,1.0027660131454468,0.998854267292701,0.9884530305862427
20_class-0,0,0.997616708278656,0,0.9716269969940186,1.0075106620788574,1.0,0.9894416332244873
20_class-0,1,0.9577848315238953,0,0.9715505838394165,1.0070395469665527,0.9990936882828775,0.9898056983947754
20_class-0,2,0.9577335119247437,0,0.9715316295623779,1.0068683624267578,0.9993911925860786,0.9892283082008362
20_class-0,3,0.9577194452285767,0,0.9714479446411133,1.006669521331787,0.9989314071609247,0.9892350435256958
20_class-0,4,0.9577416181564331,0,0.9714668989181519,1.0075980424880981,0.9992288752401309,0.9897964596748352
20_class-0,5,0.9576194286346436,1,0.9716717004776001,1.0081803798675537,0.9992561838172647,0.9905155301094055
21_class-3,0,0.48370540142059326,0,0.9990108609199524,0.9766391515731812,1.0,0.984129011631012
21_class-3,1,0.4572855234146118,1,0.9985108375549316,0.9887782335281372,0.9149593495934959,0.9867833256721497
21_class-3,2,0.4948180913925171,0,0.9985055923461914,0.9139482975006104,0.7022031366691561,0.9428187012672424
21_class-3,3,0.8398257493972778,0,0.9890888929367065,0.9798563718795776,0.24419267822736032,0.9550087451934814
21_class-3,4,0.8385577201843262,0,0.9893728494644165,0.9912601709365845,0.983691431529899,0.9759898781776428
21_class-3,5,0.7041611671447754,0,0.9938483238220215,0.9383468627929688,0.6150315635387759,0.8772879242897034
22_class-4,0,0.3593214154243469,1,0.9810671806335449,1.0018900632858276,1.0,0.9862468838691711
22_class-4,1,0.4656497836112976,0,0.9789912700653076,0.988271951675415,0.11241102838910251,0.9886625409126282
22_class-4,2,0.3540284335613251,0,0.9809123277664185,1.0014667510986328,0.11236967083356078,0.9845601320266724
22_class-4,3,0.3539675176143646,0,0.9809482097625732,0.9972927570343018,0.9983764683411327,0.9858080148696899
22_class-4,4,0.3539298474788666,0,0.9808814525604248,1.0001965761184692,0.9978191235602808,0.9855048060417175
22_class-4,5,0.3539455533027649,0,0.9811096787452698,0.9965143203735352,0.9978473527889044,0.9873378872871399
23_class-3,0,0.35187724232673645,0,0.9353872537612915,0.9384790658950806,1.0,0.8154772520065308
23_class-3,1,0.4977602958679199,1,0.9633162021636963,0.9806762933731079,0.2536006810233757,0.9329392313957214
23_class-3,2,0.36252814531326294,0,0.9445291757583618,0.9394693374633789,0.23261931604659902,0.803700864315033
23_class-3,3,0.15025699138641357,0,0.6307216882705688,0.9710372686386108,0.3430165039174313,0.7993578314781189
23_class-3,4,0.27657800912857056,0,0.8900442123413086,0.968970537185669,0.6192998477929985,0.8666170239448547
23_class-3,5,0.13718408346176147,0,0.6205198168754578,0.9453089237213135,0.598708196546294,0.8548375368118286
24_class-1,0,0.8193999528884888,0,0.9961544871330261,0.9549342393875122,1.0,0.9236366748809814
24_class-1,1,0.6619043946266174,0,0.9962923526763916,0.9574155807495117,0.8810917588109176,0.9346058964729309
24_class-1,2,0.6335729956626892,0,0.9962338209152222,0.9387918710708618,0.8602956582470027,0.8954294919967651
24_class-1,3,0.6507041454315186,0,0.9963585138320923,0.9406213760375977,0.8658893538789036,0.9182981252670288
24_class-1,4,0.665742814540863,0,0.9964924454689026,0.9576382637023926,0.8704022261573489,0.9349524974822998
24_class-1,5,0.5490607023239136,1,0.9951618909835815,0.967482328414917,0.5100644442676426,0.9710400700569153
25_class-2,0,0.9963096976280212,0,0.9965806007385254,1.0001310110092163,1.0,0.9932166934013367
25_class-2,1,0.7585026025772095,0,0.9988940954208374,0.9591217041015625,0.6103539952688982,0.8070327043533325
25_class-2,2,0.9529201984405518,0,0.9969623684883118,0.9879878759384155,0.6342551293487957,0.9532613158226013
25_class-2,3,0.6664257645606995,0,0.9994395971298218,0.9730932712554932,0.4767406440382942,0.9453297853469849
25_class-2,4,0.8113448023796082,0,0.9987301826477051,0.9808989763259888,0.64612550511053,0.961641788482666
25_class-2,5,0.969504714012146,1,0.9965865612030029,1.0047870874404907,0.7005355424459228,0.9944108128547668
26_class-3,0,0.37988144159317017,0,0.9859598875045776,0.9958657026290894,1.0,0.9853897094726562
26_class-3,1,0.9731405377388,1,0.9945636987686157,0.9858914613723755,0.0,0.9837085604667664
26_class-3,2,0.5260622501373291,0,0.9831296801567078,0.9754940271377563,0.25105379608843814,0.9621718525886536
26_class-3,3,0.5269681811332703,0,0.9830987453460693,0.9594439268112183,0.9748162665360117,0.9502627849578857
26_class-3,4,0.5392021536827087,0,0.9837086200714111,0.9595925807952881,0.9676009839461419,0.9488184452056885
26_class-3,5,0.46652355790138245,0,0.9845271706581116,0.9662338495254517,0.8649477711942395,0.9289373159408569
27_class-1,0,0.44515979290008545,0,0.9692467451095581,0.9205001592636108,1.0,0.684973955154419
27_class-1,1,0.441087007522583,0,0.9662742614746094,0.9318230748176575,0.7384636800222723,0.8842900395393372
27_class-1,2,0.43344831466674805,0,0.9673465490341187,0.9427130222320557,0.7376402658241639,0.9161473512649536
27_class-1,3,0.4848219156265259,0,0.977108895778656,0.9315344095230103,0.4229558724577283,0.6873084902763367
27_class-1,4,0.5259605646133423,1,0.9657818078994751,0.9602117538452148,0.18040777317617077,0.9544447660446167
27_class-1,5,0.48333361744880676,0,0.9909811615943909,0.8156642913818359,0.05605125771238728,0.6794394850730896
28_class-2,0,0.4056246280670166,0,0.9928968548774719,1.0071420669555664,1.0,0.9956697821617126
28_class-2,1,0.3985954523086548,1,0.9937770366668701,1.0069634914398193,0.9991523987116461,0.9957788586616516
28_class-2,2,0.39874547719955444,0,0.9930333495140076,1.0073025226593018,0.997746328696748,0.9958634376525879
28_class-2,3,0.39858949184417725,0,0.9932045340538025,1.0070297718048096,0.9976254512854063,0.9957708716392517
28_class-2,4,0.39858463406562805,0,0.9935043454170227,1.0069149732589722,0.9995639957368472,0.9957872629165649
28_class-2,5,0.39872121810913086,0,0.9930152297019958,1.0076820850372314,0.9976986434108527,0.9958330392837524
29_class-3,0,0.9718368053436279,0,0.9880335330963135,0.9957802295684814,1.0,0.9901818037033081
29_class-3,1,0.8241235017776489,0,0.9917343258857727,0.975305438041687,0.7651644486496493,0.9613167643547058
29_class-3,2,0.9383348226547241,0,0.9880727529525757,0.9982117414474487,0.7571578535701788,0.9871970415115356
29_class-3,3,0.9395053386688232,1,0.9880514144897461,0.9970581531524658,0.9855876128479198,0.9907169938087463
29_class-3,4,0.9395612478256226,0,0.9879781603813171,0.997137188911438,0.9979945451628429,0.9905226230621338
29_class-3,5,0.9409911632537842,0,0.9882768988609314,0.9964920282363892,0.9795678219940094,0.9882227182388306
30_class-0,0,0.9936687350273132,1,0.9976287484169006,1.0004628896713257,1.0,0.991038978099823
30_class-0,1,0.9498192667961121,0,0.9975826144218445,1.0001140832901,0.9977632027903097,0.9901556372642517
30_class-0,2,0.9502277374267578,0,0.9975470304489136,0.9991884231567383,0.9980635607700193,0.9895081520080566
30_class-0,3,0.9498137831687927,0,0.9975460171699524,0.9997878074645996,0.9982152350573403,0.9898828864097595
30_class-0,4,0.9500424861907959,0,0.9974650144577026,0.9998903274536133,0.9984809934302966,0.9896848201751709
30_class-0,5,0.9498116970062256,0,0.9975453615188599,1.0003962516784668,0.9982918959954451,0.9905434846878052
31_class-2,0,0.9818711280822754,0,0.9811403751373291,1.0110410451889038,1.0,0.9944683313369751
31_class-2,1,0.9493321776390076,0,0.981207013130188,1.0109666585922241,0.9974668847960314,0.995983898639679
31_class-2,2,0.9491947889328003,0,0.9811908006668091,1.0109344720840454,0.9973613383291994,0.9944115281105042
31_class-2,3,0.9492992162704468,1,0.981353223323822,1.0118186473846436,0.9995768016786867,0.9945228099822998
31_class-2,4,0.9491063952445984,0,0.9811214804649353,1.0116679668426514,0.9993829010702259,0.9944508075714111
31_class-2,5,0.9492520689964294,0,0.9811288118362427,1.0107386112213135,0.9990835066445768,0.9944503903388977
32_class-3,0,0.8621014356613159,0,0.9805487990379333,0.994577169418335,1.0,0.9762834310531616
32_class-3,1,0.8252748250961304,0,0.9805417060852051,0.9944695234298706,0.9964750710571063,0.9783935546875
32_class-3,2,0.8255305290222168,0,0.9803586006164551,0.9953638315200806,0.9935696108249022,0.9656124711036682
32_class-3,3,0.8245195150375366,1,0.9805112481117249,0.9972550868988037,0.9946138249306514,0.9802937507629395
32_class-3,4,0.8240113258361816,0,0.9805483818054199,0.997394323348999,0.9941944306315266,0.9642749428749084
32_class-3,5,0.8239261507987976,0,0.9803224205970764,0.9912482500076294,0.99396295790219,0.973699688911438
33_class-4,0,0.9985167384147644,0,0.9274082779884338,1.0116397142410278,1.0,0.9888057708740234
33_class-4,1,0.9320728778839111,0,0.9274899959564209,1.011950135231018,0.9995895987917789,0.9878532886505127
33_class-4,2,0.9320687055587769,1,0.9283396005630493,1.0128840208053589,0.9996934916230166,0.9879550933837891
33_class-4,3,0.93233323097229,0,0.9272601008415222,1.0119717121124268,0.9994200234179224,0.9890735149383545
33_class-4,4,0.9322930574417114,0,0.9274181127548218,1.0115094184875488,0.9997373705318794,0.9887818098068237
33_class-4,5,0.9322364330291748,0,0.9272207021713257,1.011615514755249,0.9997756510224294,0.988731861114502
34_class-3,0,0.8661208152770996,0,0.9848750233650208,0.9949545860290527,1.0,0.9866416454315186
34_class-3,1,0.828177809715271,0,0.9853456020355225,0.9118236303329468,0.6968229122599204,0.8478837609291077
34_class-3,2,0.8355340361595154,0,0.9910997748374939,0.9175243377685547,0.6963505176199938,0.9125983119010925
34_class-3,3,0.8387413620948792,1,0.9850558638572693,0.9954159259796143,0.9627464230102536,0.9863970875740051
34_class-3,4,0.7846963405609131,0,0.9844003319740295,0.9865909218788147,0.8725564250536303,0.9230740070343018
34_class-3,5,0.8788214921951294,0,0.9873664379119873,0.9320518970489502,0.7900393829996718,0.9298828840255737
35_class-1,0,0.38888463377952576,0,0.9820425510406494,0.9922246932983398,1.0,0.9759280681610107
35_class-1,1,0.6577318906784058,1,0.9867894053459167,0.9787559509277344,0.19462545902230902,0.9796326160430908
35_class-1,2,0.3818942606449127,0,0.9820861220359802,0.9947179555892944,0.19536317855923524,0.9742683172225952
35_class-1,3,0.38204675912857056,0,0.9818775057792664,0.9946454763412476,0.9975467190033279,0.9736776947975159
35_class-1,4,0.3813895285129547,0,0.9821174144744873,0.9917330741882324,0.9953113039040572,0.9729210734367371
35_class-1,5,0.3808403015136719,0,0.9822090268135071,0.9916080236434937,0.9949484787190105,0.9759715795516968
36_class-4,0,0.9808062314987183,0,0.9799124002456665,1.0039044618606567,1.0,0.9834389090538025
36_class-4,1,0.9639240503311157,0,0.979888916015625,1.0052517652511597,0.9996494768707844,0.9839417338371277
36_class-4,2,0.9637640118598938,0,0.9798266887664795,1.0060739517211914,0.9993519531706488,0.9833568930625916
36_class-4,3,0.9637069702148438,1,0.9797549843788147,1.0081543922424316,0.9990120046743864,0.9855148196220398
36_class-4,4,0.9644324779510498,0,0.9800726175308228,1.0045348405838013,0.9982595591590699,0.9845080971717834
36_class-4,5,0.9633930921554565,0,0.9797609448432922,1.0036982297897339,0.9975910263076907,0.9838897585868835
37_class-4,0,0.4483586251735687,1,0.9927048087120056,0.9635213613510132,1.0,0.9725218415260315
37_class-4,1,0.7326565980911255,0,0.9943952560424805,0.9538458585739136,0.11585269480006322,0.8786913752555847
37_class-4,2,0.44222164154052734,0,0.9936492443084717,0.9047772884368896,0.1464212367840572,0.9857961535453796
37_class-4,3,0.7639500498771667,0,0.9961298108100891,0.9035477638244629,0.13439624853458382,0.7831125855445862
37_class-4,4,0.42562273144721985,0,0.9924142360687256,0.9183833599090576,0.09165080228447103,0.8743852376937866
37_class-4,5,0.3675278127193451,0,0.921196699142456,0.9170922040939331,0.03771857472781261,0.3714178204536438
38_class-4,0,0.2917981445789337,0,0.9828845262527466,0.9552029371261597,1.0,0.8962377309799194
38_class-4,1,0.16493813693523407,0,0.9857392311096191,0.9893307685852051,0.7117840580284593,0.9816321134567261
38_class-4,2,0.5536430478096008,0,0.9681164026260376,0.9957187175750732,0.4158679085520745,0.9179688692092896
38_class-4,3,0.5507863163948059,0,0.9676000475883484,0.9976857900619507,0.9948148331701998,0.9406038522720337
38_class-4,4,0.5827033519744873,0,0.9707683324813843,0.9854941368103027,0.951094102761307,0.8788174390792847
38_class-4,5,0.969861626625061,1,0.9924083948135376,0.9893566370010376,0.5654005147804383,0.9565608501434326
39_class-0,0,0.9586071968078613,0,0.9947338104248047,0.9828027486801147,1.0,0.9679734110832214
39_class-0,1,0.8684810400009155,0,0.9943722486495972,0.9734350442886353,0.9762172904935409,0.9708173871040344
39_class-0,2,0.866653561592102,0,0.9952648878097534,0.9738811254501343,0.9695676623333664,0.9629397988319397
39_class-0,3,0.868973970413208,1,0.9947463274002075,0.9834780693054199,0.9816986855409504,0.9691986441612244
39_class-0,4,0.8680276870727539,0,0.9953098893165588,0.9776417016983032,0.9858689420255641,0.9659720063209534
39_class-0,5,0.7040940523147583,0,0.9973156452178955,0.959618330001831,0.6377248517736911,0.9331046938896179
40_class-0,0,0.7525849938392639,1,0.9908801317214966,0.8882365226745605,1.0,0.8783547878265381
40_class-0,1,0.25688621401786804,0,0.9336496591567993,0.9393551349639893,0.03076172586023619,0.8200310468673706
40_class-0,2,0.22911669313907623,0,0.9001083374023438,0.9613355398178101,0.9024824849147531,0.9017256498336792
40_class-0,3,0.245086669921875,0,0.8622143268585205,0.9701251983642578,0.8673302408612039,0.9177064299583435
40_class-0,4,0.4786960780620575,0,0.982947587966919,0.9256086349487305,0.007975154326904644,0.8175362944602966
40_class-0,5,0.1578216552734375,0,0.8259751796722412,0.9202030897140503,0.15309487171434852,0.37406760454177856
41_class-3,0,0.6482456922531128,0,0.9724563360214233,0.9846103191375732,1.0,0.9511545896530151
41_class-3,1,0.5960986614227295,0,0.9733217358589172,0.9572892189025879,0.9253577994880854,0.8828768730163574
41_class-3,2,0.5946314334869385,0,0.9718770980834961,0.9880352020263672,0.9131713192574749,0.9597387909889221
41_class-3,3,0.596767008304596,1,0.9720286130905151,0.9905630350112915,0.9863192298762301,0.9657326340675354
41_class-3,4,0.6002882719039917,0,0.9725710153579712,0.9860901832580566,0.9797547452637663,0.9361968040466309
41_class-3,5,0.14247873425483704,0,0.971590518951416,0.9988065958023071,0.2477060038199082,0.8243961930274963
42_class-0,0,0.9787415266036987,0,0.9906619191169739,0.990541934967041,1.0,0.9800853729248047
42_class-0,1,0.9504411220550537,0,0.9906487464904785,0.9923281669616699,0.9954226863109712,0.9826009273529053
42_class-0,2,0.9496090412139893,0,0.990638256072998,0.9904255867004395,0.9962536105470873,0.9801438450813293
42_class-0,3,0.9517557621002197,0,0.990795910358429,0.9791954755783081,0.9795722589018678,0.9793720841407776
42_class-0,4,0.9489731788635254,0,0.9906370639801025,0.9902456998825073,0.9782694587119716,0.979042112827301
42_class-0,5,0.9506308436393738,1,0.990559458732605,0.9934667348861694,0.9952489982827705,0.9819314479827881
43_class-2,0,0.43800297379493713,0,0.994290828704834,0.887273907661438,1.0,0.6374316811561584
43_class-2,1,0.3991294503211975,0,0.9881292581558228,0.9891417026519775,0.5215078190265422,0.9311416149139404
43_class-2,2,0.6536572575569153,0,0.9936949610710144,0.9219825267791748,0.05228241348808534,0.908531665802002
43_class-2,3,0.3934696614742279,1,0.9853514432907104,0.9877098798751831,0.1433090225979336,0.9721994400024414
43_class-2,4,0.37479543685913086,0,0.98170006275177,0.9933973550796509,0.8911629167796151,0.9803118109703064
43_class-2,5,0.4145723283290863,0,0.9917922616004944,0.9487097263336182,0.6975554432377125,0.6965473294258118
44_class-4,0,0.459911048412323,0,0.9722078442573547,0.9639915823936462,1.0,0.976393461227417
44_class-4,1,0.440175324678421,0,0.9721452593803406,1.0006494522094727,0.9912003761671256,0.9868314862251282
44_class-4,2,0.3538425862789154,0,0.96345454454422,0.9599388837814331,0.21771577392284377,0.8662083148956299
44_class-4,3,0.44019371271133423,0,0.9720913171768188,0.9996165037155151,0.21743964663772752,0.9843596816062927
44_class-4,4,0.440086305141449,0,0.9722963571548462,0.9345285892486572,0.9837640821736249,0.9792547225952148
44_class-4,5,0.4401802718639374,1,0.9721394777297974,1.0010383129119873,0.9853555099065668,0.9874117970466614
45_class-1,0,0.597114622592926,0,0.9729567170143127,0.9857869148254395,1.0,0.9714052081108093
45_class-1,1,0.5408783555030823,0,0.9717744588851929,0.9934953451156616,0.9844768244317487,0.971519410610199
45_class-1,2,0.5411397218704224,1,0.9719797968864441,0.9928203821182251,0.9979854182655411,0.9723825454711914
45_class-1,3,0.5371072292327881,0,0.973132848739624,0.9856675863265991,0.9840699317781306,0.9684240818023682
45_class-1,4,0.5403662323951721,0,0.9724628925323486,0.9899134635925293,0.9871941879294499,0.9726918935775757
45_class-1,5,0.5254700779914856,0,0.9736922979354858,0.9748507738113403,0.9547559641059312,0.9591668248176575
46_class-0,0,0.8025212287902832,0,0.9854501485824585,0.9677950143814087,1.0,0.8991720080375671
46_class-0,1,0.7073472738265991,0,0.987931489944458,0.9538173675537109,0.4919074844972622,0.7803894877433777
46_class-0,2,0.9406704306602478,0,0.9832006692886353,0.9955599308013916,0.5873595546981991,0.9799084067344666
46_class-0,3,0.9385241866111755,0,0.9832041263580322,0.993532657623291,0.9848759296075399,0.9681621193885803
46_class-0,4,0.9407980442047119,0,0.9832339286804199,0.9947634935379028,0.9852237068902017,0.9783506989479065
46_class-0,5,0.9435257911682129,1,0.9832733869552612,1.002646803855896,0.9866829692264631,0.9821154475212097
47_class-2,0,0.9965224266052246,0,0.993880033493042,0.9810435771942139,1.0,0.9835363030433655
47_class-2,1,0.9087175130844116,1,0.9939274787902832,0.9952778816223145,0.9875693324416821,0.9884971380233765
47_class-2,2,0.9070800542831421,0,0.9938324689865112,0.9930135011672974,0.9933893995697243,0.9855689406394958
47_class-2,3,0.9118163585662842,0,0.9939045310020447,0.9857012033462524,0.9860230209067419,0.9854374527931213
47_class-2,4,0.9115832448005676,0,0.9938739538192749,0.9872480630874634,0.998770378009599,0.9858327507972717
47_class-2,5,0.9116779565811157,0,0.993883490562439,0.9893769025802612,0.9988499365482234,0.9860300421714783
48_class-1,0,0.8762940764427185,0,0.9841936826705933,0.9642544984817505,1.0,0.9781738519668579
48_class-1,1,0.6750702261924744,1,0.982256293296814,0.9847155809402466,0.9777961600417955,0.9820258021354675
48_class-1,2,0.6752477288246155,0,0.982466995716095,0.9794900417327881,0.9944942722671166,0.9788329005241394
48_class-1,3,0.6899282336235046,0,0.984398365020752,0.9751747846603394,0.8152560842717036,0.9833195805549622
48_class-1,4,0.6930032968521118,0,0.9866031408309937,0.9547663927078247,0.9774025507454643,0.9635456800460815
48_class-1,5,0.6899158954620361,0,0.9829607009887695,0.9629999399185181,0.9237392820810929,0.9734283089637756
49_class-0,0,0.4166952967643738,0,0.9804767370223999,0.9649741649627686,1.0,0.8970025777816772
49_class-0,1,0.949928879737854,0,0.9886541366577148,0.9900997877120972,0.2442327703513968,0.9796735644340515
49_class-0,2,0.9486597776412964,0,0.9889781475067139,0.9870679378509521,0.9951751022494888,0.9760648012161255
49_class-0,3,0.8784857988357544,0,0.9909135103225708,0.9471137523651123,0.8542160048466156,0.92540043592453
49_class-0,4,0.9503693580627441,1,0.98870849609375,0.9930857419967651,0.8566173442775963,0.9836775660514832
49_class-0,5,0.26827892661094666,0,0.9548090696334839,0.8777447938919067,0.017335549750653052,0.48422887921333313
50_class-0,0,0.9796875715255737,0,0.978223443031311,0.9811201095581055,1.0,0.9741045832633972
50_class-0,1,0.9447429776191711,0,0.9782880544662476,0.9982562065124512,0.9635090035574138,0.9880182147026062
50_class-0,2,0.9456002712249756,0,0.9783197045326233,0.9989007711410522,0.9941104947184437,0.986765444278717
50_class-0,3,0.9424395561218262,1,0.9784023761749268,0.9976119995117188,0.9874783133438938,0.9916268587112427
50_class-0,4,0.9288927912712097,0,0.9779543876647949,0.9899907112121582,0.9628939094830737,0.9769322276115417
50_class-0,5,0.9449192881584167,0,0.9782969951629639,0.9987020492553711,0.9633236558744626,0.9876775145530701
51_class-3,0,0.2352403998374939,0,0.8815918564796448,0.9504779577255249,1.0,0.8015109896659851
51_class-3,1,0.41887420415878296,1,0.9712465405464172,0.9209818840026855,0.17646527208753074,0.9465200304985046
51_class-3,2,0.034322865307331085,0,0.693712055683136,0.9358009099960327,0.11189385575170864,0.3784871995449066
51_class-3,3,0.22991134226322174,0,0.882928729057312,0.9491699934005737,0.6427373479983344,0.8148748874664307
51_class-3,4,0.1987149715423584,0,0.8190697431564331,0.9243186712265015,0.9198171748484202,0.683100700378418
51_class-3,5,0.24515707790851593,0,0.9143782258033752,0.9459503889083862,0.8281093670553888,0.7982339859008789
52_class-1,0,0.6808881759643555,0,0.9331037998199463,0.9924865961074829,1.0,0.9907645583152771
52_class-1,1,0.5417107343673706,1,0.9538273215293884,0.9658677577972412,0.13775728987993138,0.9010087847709656
52_class-1,2,0.5968837141990662,0,0.9328813552856445,0.9810345768928528,0.22507065268346257,0.9838602542877197
52_class-1,3,0.6127565503120422,0,0.941714882850647,0.9537594318389893,0.6062488445183952,0.819069504737854
52_class-1,4,0.6172455549240112,0,0.9413868188858032,0.9561268091201782,0.9294417682062908,0.8999563455581665
52_class-1,5,0.6343926191329956,0,0.9383835792541504,0.9463906288146973,0.5032198967412425,0.8920319676399231
53_class-2,0,0.9995893239974976,0,0.9957137107849121,0.9935460090637207,1.0,0.9818856716156006
53_class-2,1,0.941647469997406,0,0.9962341785430908,1.0092158317565918,0.9395483920603169,0.9943781495094299
53_class-2,2,0.9417489767074585,0,0.9962397813796997,1.009009599685669,0.999386264601788,0.9940596222877502
53_class-2,3,0.9415423274040222,1,0.9962223768234253,1.011921763420105,0.9991001308900523,0.9952507615089417
53_class-2,4,0.9417132139205933,0,0.9962482452392578,1.0101144313812256,0.9992229197766916,0.9938288331031799
53_class-2,5,0.9417054057121277,0,0.9962406158447266,1.0100582838058472,0.9997135725684357,0.9940859079360962
54_class-2,0,0.5308402180671692,0,0.9871029853820801,0.9900845289230347,1.0,0.9750930070877075
54_class-2,1,0.5073290467262268,0,0.986287534236908,0.9902516007423401,0.953625092940017,0.9250558614730835
54_class-2,2,0.52078777551651,0,0.9855334162712097,0.9905760288238525,0.9550933462644176,0.9763036370277405
54_class-2,3,0.6655651330947876,0,0.9937653541564941,0.9610041379928589,0.535866868798236,0.9272067546844482
54_class-2,4,0.5192615389823914,0,0.986452579498291,0.9877012968063354,0.52639816360601,0.9702476263046265
54_class-2,5,0.6106211543083191,1,0.9990328550338745,0.9923272132873535,0.10198295263241836,0.9912925958633423
55_class-4,0,0.3513614535331726,0,0.9917082786560059,0.9902374744415283,1.0,0.9901353716850281
55_class-4,1,0.34417033195495605,0,0.9915599226951599,0.9930518865585327,0.9997191687394689,0.9913409948348999
55_class-4,2,0.3443567454814911,0,0.9917987585067749,0.9873530864715576,0.9982212117159288,0.9857831001281738
55_class-4,3,0.34412336349487305,0,0.9916775226593018,0.994133710861206,0.9978875593288321,0.9915762543678284
55_class-4,4,0.34548020362854004,0,0.9919172525405884,0.9907256364822388,0.9887158232502172,0.9647976160049438
55_class-4,5,0.3440558612346649,1,0.991633415222168,0.9953588247299194,0.9881741407878561,0.9928174018859863
56_class-2,0,0.7285079956054688,0,0.9977461099624634,0.9580245018005371,1.0,0.9759344458580017
56_class-2,1,0.7352166175842285,0,0.9978156089782715,0.9227942228317261,0.8168619822555392,0.7216147780418396
56_class-2,2,0.6789258718490601,0,0.9969527721405029,0.9240370988845825,0.7296313539594532,0.92357337474823
56_class-2,3,0.63359534740448,0,0.994004487991333,0.9575872421264648,0.7497766820309429,0.929905891418457
56_class-2,4,0.6861643195152283,1,0.997279167175293,0.9937958717346191,0.596954496596202,0.9883261919021606
56_class-2,5,0.6844862699508667,0,0.9969874620437622,0.9911326169967651,0.9896968970887744,0.9866593480110168
57_class-2,0,0.9408352375030518,0,0.9669727087020874,0.9942418336868286,1.0,0.9576671719551086
57_class-2,1,0.7749212980270386,1,0.9833803176879883,0.9920886754989624,0.785661938178277,0.9784905910491943
57_class-2,2,0.9241417646408081,0,0.9681625366210938,0.983939528465271,0.7837234447269887,0.9649295806884766
57_class-2,3,0.9470635652542114,0,0.9650717973709106,0.9812815189361572,0.9562643202341298,0.9670559167861938
57_class-2,4,0.9231950044631958,0,0.9689675569534302,0.9926902055740356,0.9511262995764344,0.9612101912498474
57_class-2,5,0.823000967502594,0,0.9586306810379028,0.9461613893508911,0.8467976710334789,0.6934649348258972
58_class-1,0,0.73764967918396,0,0.9706082940101624,0.9670685529708862,1.0,0.9419211149215698
58_class-1,1,0.5135675668716431,0,0.9733957052230835,0.9386881589889526,0.4592909242251097,0.8488260507583618
58_class-1,2,0.5315589904785156,0,0.9739286303520203,0.9152168035507202,0.8880188555715595,0.7966330051422119
58_class-1,3,0.3844184875488281,0,0.9198122620582581,0.9267594814300537,0.257465885295895,0.856484055519104
58_class-1,4,0.6097875833511353,0,0.9686525464057922,0.9753155708312988,0.45063423380180284,0.9456595778465271
58_class-1,5,0.6491320729255676,1,0.9723265767097473,0.9807208776473999,0.9115824050271351,0.9432556629180908
59_class-2,0,0.0465075746178627,0,0.8619533777236938,0.907296895980835,1.0,0.563217043876648
59_class-2,1,0.033457037061452866,0,0.8797303438186646,0.9657427072525024,0.8385072902916116,0.5949007272720337
59_class-2,2,0.3294883966445923,0,0.7610199451446533,0.8614766597747803,0.26183186630947825,0.24010971188545227
59_class-2,3,0.03395519033074379,0,0.8795915842056274,0.967411994934082,0.2621481406348026,0.6078088283538818
59_class-2,4,0.7122477293014526,1,0.9970271587371826,0.9278812408447266,0.03716518276419099,0.9614542722702026
59_class-2,5,0.03307212144136429,0,0.878783106803894,0.968510627746582,0.03709689515524224,0.5988888144493103
60_class-4,0,0.44478854537010193,0,0.9986717104911804,0.7366734743118286,1.0,0.9739510416984558
60_class-4,1,0.363627552986145,0,0.9936900734901428,0.8386049270629883,0.03745355959433678,0.7238209247589111
60_class-4,2,0.41274914145469666,0,0.9970995187759399,0.9044071435928345,0.3061045784338254,0.8531429171562195
60_class-4,3,0.3998412489891052,0,0.9954777956008911,0.8153111934661865,0.0631650661821957,0.7906695604324341
60_class-4,4,0.37577518820762634,0,0.993722140789032,0.8252156972885132,0.04401230280781824,0.7468542456626892
60_class-4,5,0.41153231263160706,1,0.9979013204574585,0.9559144973754883,0.37835747642702044,0.9319949150085449
61_class-4,0,0.6579741835594177,0,0.9961875081062317,0.925788164138794,1.0,0.8816560506820679
61_class-4,1,0.7436773777008057,0,0.9983773827552795,0.9444077610969543,0.4097954122752635,0.9832718372344971
61_class-4,2,0.7000617980957031,0,0.9977424740791321,0.9301573038101196,0.7516914066444512,0.9590241312980652
61_class-4,3,0.8841596841812134,1,0.9976621270179749,0.9934730529785156,0.5559783849608038,0.9911929368972778
61_class-4,4,0.7222989797592163,0,0.9945037961006165,0.8615792989730835,0.609137468498496,0.9351946115493774
61_class-4,5,0.605606734752655,0,0.9962562322616577,0.9249646663665771,0.4479863079638445,0.884793758392334
62_class-2,0,0.9501848220825195,0,0.9968034029006958,0.9858142137527466,1.0,0.9705992937088013
62_class-2,1,0.9266918301582336,0,0.9968357086181641,0.9848090410232544,0.9966765140324964,0.9709302186965942
62_class-2,2,0.8803651332855225,0,0.9957948327064514,0.9806760549545288,0.7956927838470182,0.9737080931663513
62_class-2,3,0.9264326095581055,0,0.9968316555023193,0.9846786260604858,0.7949577973535807,0.9694787859916687
62_class-2,4,0.9255712628364563,0,0.9971566200256348,0.9858678579330444,0.992806916426513,0.9717166423797607
62_class-2,5,0.9259467124938965,1,0.9969136714935303,0.9866392612457275,0.9978036205581116,0.9724460244178772
63_class-0,0,0.9913483262062073,0,0.9844706058502197,1.0046601295471191,1.0,0.9934958815574646
63_class-0,1,0.9645053744316101,0,0.9846033453941345,0.9964864253997803,0.9945296578354607,0.9906096458435059
63_class-0,2,0.9641793370246887,1,0.9846440553665161,1.005114197731018,0.9937864909743425,0.9935417175292969
63_class-0,3,0.03389523923397064,0,0.9746010899543762,1.002079963684082,0.06896988764715092,0.5671887397766113
63_class-0,4,0.9641680717468262,0,0.9844174385070801,1.0001416206359863,0.06907503569311747,0.990746259689331
63_class-0,5,0.9631468057632446,0,0.9846477508544922,0.9932143092155457,0.9814498022025019,0.9768856167793274
64_class-3,0,0.9428156614303589,0,0.9872962236404419,0.9959650039672852,1.0,0.9686112403869629
64_class-3,1,0.8566986322402954,0,0.9873974919319153,0.9938951730728149,0.9938015029800467,0.9719173908233643
64_class-3,2,0.8560882806777954,1,0.9878324866294861,0.9948636293411255,0.9974329248095396,0.9723250269889832
64_class-3,3,0.8572810888290405,0,0.9871007204055786,0.9926413297653198,0.9914359091191517,0.9645787477493286
64_class-3,4,0.8561428785324097,0,0.9874371290206909,0.9945329427719116,0.9935244855390555,0.9719226360321045
64_class-3,5,0.8560416102409363,0,0.9880746603012085,0.9933937788009644,0.9971102456809048,0.9706857800483704
65_class-2,0,0.8666359186172485,0,0.995395839214325,0.9874386787414551,1.0,0.9933222532272339
65_class-2,1,0.6602616906166077,0,0.9943451285362244,0.9683691263198853,0.29756900018278193,0.9354003071784973
65_class-2,2,0.6660349369049072,0,0.9968888759613037,0.9429500102996826,0.4910763316858869,0.8857606649398804
65_class-2,3,0.6866489052772522,0,0.9968984127044678,0.9469285011291504,0.6133251999457774,0.8673085570335388
65_class-2,4,0.8439520597457886,1,0.9954159259796143,0.9956041574478149,0.5020661157024794,0.9947447180747986
65_class-2,5,0.7834081649780273,0,0.9850181341171265,0.9549645185470581,0.4692378983389178,0.8239284753799438
66_class-2,0,0.8312231302261353,0,0.9957787990570068,0.9469655752182007,1.0,0.9006355404853821
66_class-2,1,0.9639517068862915,1,0.9990943670272827,0.9975589513778687,0.6924951468340836,0.993449866771698
66_class-2,2,0.963806688785553,0,0.9991172552108765,0.9805195331573486,0.9965101206501147,0.9925155639648438
66_class-2,3,0.9250850081443787,0,0.9977357983589172,0.9281653165817261,0.9201806534863358,0.9499953389167786
66_class-2,4,0.4316297173500061,0,0.9869816899299622,0.9536348581314087,0.11950392777394014,0.8932586908340454
66_class-2,5,0.9069328904151917,0,0.9953287243843079,0.9626566171646118,0.12961887243037404,0.9550986289978027
67_class-1,0,0.2964470088481903,0,0.9506943225860596,0.9686360359191895,1.0,0.9297900199890137
67_class-1,1,0.2860731780529022,0,0.9474770426750183,0.9771859645843506,0.9953702757394273,0.9334424138069153
67_class-1,2,0.2861070930957794,1,0.9498172402381897,0.9868025779724121,0.9940534575772437,0.9827867746353149
67_class-1,3,0.2855665683746338,0,0.9465117454528809,0.9721852540969849,0.9944996632446884,0.9342992901802063
67_class-1,4,0.27749893069267273,0,0.937616229057312,0.9729495048522949,0.9544859008956158,0.8814751505851746
67_class-1,5,0.28592538833618164,0,0.9480201005935669,0.979560136795044,0.9538485622315497,0.9355383515357971
68_class-4,0,0.47061604261398315,0,0.9719518423080444,0.9768266677856445,1.0,0.8961086869239807
68_class-4,1,0.4852008819580078,0,0.9831578731536865,0.9771020412445068,0.924678947621567,0.9322829246520996
68_class-4,2,0.6973738074302673,1,0.9962349534034729,0.9771236181259155,0.3612583141198199,0.9559136629104614
68_class-4,3,0.4847320318222046,0,0.9836826324462891,0.9906811714172363,0.3607514903354007,0.9568061828613281
68_class-4,4,0.7025026679039001,0,0.9954928755760193,0.9682948589324951,0.3639136669664341,0.9377632737159729
68_class-4,5,0.44909989833831787,0,0.9733302593231201,0.9668614864349365,0.3403940350495265,0.8705279231071472
69_class-3,0,0.9009991884231567,0,0.9447643160820007,0.9808604717254639,1.0,0.9456449151039124
69_class-3,1,0.8094680309295654,0,0.939243495464325,0.980067253112793,0.9886643181862909,0.9469278454780579
69_class-3,2,0.81102454662323,0,0.9402464628219604,0.9786428213119507,0.9920956388375477,0.9458373785018921
69_class-3,3,0.8107612133026123,0,0.9393548369407654,0.9824601411819458,0.9935985458425124,0.9450770020484924
69_class-3,4,0.8108158707618713,0,0.944090723991394,0.979727029800415,0.9900059944379478,0.9470780491828918
69_class-3,5,0.8103083372116089,1,0.9470146894454956,0.9801567792892456,0.9847740185188826,0.9433361887931824
70_class-3,0,0.9766778945922852,0,0.9950178861618042,1.0046107769012451,1.0,0.9943990111351013
70_class-3,1,0.9620513916015625,1,0.9948827028274536,1.0062798261642456,0.9980130775622268,0.993992269039154
70_class-3,2,0.9627972841262817,0,0.9945908784866333,1.0056328773498535,0.9979441679290197,0.9933213591575623
70_class-3,3,0.9624779224395752,0,0.99496990442276,1.0055274963378906,0.998593834505138,0.9936698079109192
70_class-3,4,0.9633058309555054,0,0.9946979880332947,1.0055897235870361,0.9979470556455969,0.9932874441146851
70_class-3,5,0.9623276591300964,0,0.9948822259902954,1.0056017637252808,0.9974788402665226,0.9938254356384277
71_class-3,0,0.9898859858512878,0,0.996074378490448,0.9876326322555542,1.0,0.9845867156982422
71_class-3,1,0.9096763730049133,1,0.9969763159751892,0.994329571723938,0.941980402269211,0.9883241653442383
71_class-3,2,0.4470369815826416,0,0.9076642990112305,0.9984705448150635,0.18015662679368719,0.9840834736824036
71_class-3,3,0.5697046518325806,0,0.9674572944641113,0.9660114049911499,0.5819840473802359,0.8303055763244629
71_class-3,4,0.9342764616012573,0,0.9964178800582886,0.9882428646087646,0.29898679766656433,0.9870852828025818
71_class-3,5,0.7685511708259583,0,0.9893599152565002,0.9837844371795654,0.6332825248811979,0.9685593247413635
72_class-3,0,0.9472815990447998,0,0.9904220104217529,0.9900836944580078,1.0,0.9606698155403137
72_class-3,1,0.8787376880645752,1,0.9906018376350403,0.9937350749969482,0.9093637677400229,0.9733452796936035
72_class-3,2,0.89103102684021,0,0.9905902743339539,0.9890249967575073,0.9180698114246892,0.9807496666908264
72_class-3,3,0.8790565729141235,0,0.9906915426254272,0.9926109313964844,0.9185969556585043,0.971320390701294
72_class-3,4,0.8797780275344849,0,0.9894971251487732,0.9930371046066284,0.8947270976819965,0.9638229012489319
72_class-3,5,0.8797386884689331,0,0.9896860718727112,0.9914355278015137,0.9987430196377424,0.9614014625549316
73_class-1,0,0.9532771110534668,0,0.9598850607872009,0.982000470161438,1.0,0.9722446799278259
73_class-1,1,0.5470990538597107,1,0.9739435911178589,1.0030854940414429,0.37702840153352635,0.9692944288253784
73_class-1,2,0.8193506598472595,0,0.9597974419593811,0.9852317571640015,0.3761002349256069,0.9719677567481995
73_class-1,3,0.8189358711242676,0,0.959713339805603,0.9819008111953735,0.9924112313775613,0.9729704856872559
73_class-1,4,0.5466542840003967,0,0.9710659980773926,1.0015994310379028,0.3773082078372625,0.9305647015571594
73_class-1,5,0.8195353746414185,0,0.9611306190490723,0.9829859733581543,0.3821421257423715,0.9746782779693604
74_class-2,0,0.7300053834915161,0,0.9994311928749084,0.9629496335983276,1.0,0.9710999727249146
74_class-2,1,0.8636553883552551,0,0.9990745186805725,0.9822952747344971,0.5344740177439797,0.9813050031661987
74_class-2,2,0.5996934175491333,0,0.9997151494026184,0.9366605281829834,0.336789764113759,0.951686680316925
74_class-2,3,0.8673806190490723,1,0.9989149570465088,0.9887219667434692,0.3668518518518519,0.9819744825363159
74_class-2,4,0.5959837436676025,0,0.9994328618049622,0.9163205623626709,0.3675176056338028,0.939136266708374
74_class-2,5,0.6042360663414001,0,0.9993481040000916,0.9476393461227417,0.9242161651173783,0.9645342826843262
75_class-1,0,0.4311642050743103,0,0.995724081993103,0.9833462238311768,1.0,0.9862205386161804
75_class-1,1,0.44974374771118164,0,0.9971233010292053,0.9624650478363037,0.26641379097665524,0.9854975938796997
75_class-1,2,0.43968939781188965,0,0.9952735900878906,0.9406774044036865,0.24776747133721266,0.9491777420043945
75_class-1,3,0.41463232040405273,1,0.9955822229385376,0.9942089319229126,0.9168887742527154,0.9862574934959412
75_class-1,4,0.5177692174911499,0,0.988163948059082,0.9113566875457764,0.4063997401120767,0.712563157081604
75_class-1,5,0.45191195607185364,0,0.995652973651886,0.9563934803009033,0.4755121386065617,0.9685054421424866
76_class-0,0,0.9032407999038696,0,0.9709596633911133,1.000351905822754,1.0,0.9888659715652466
76_class-0,1,0.9611284732818604,1,0.9746827483177185,1.0038343667984009,0.8382725815939471,0.9918615221977234
76_class-0,2,0.8731176853179932,0,0.9711654186248779,1.0021233558654785,0.8369096103580329,0.9906145930290222
76_class-0,3,0.9599977731704712,0,0.9726697206497192,1.0057594776153564,0.8404274624458111,0.99430912733078
76_class-0,4,0.8727904558181763,0,0.9711682200431824,0.9997245073318481,0.8375401004781793,0.9909200072288513
76_class-0,5,0.9602456092834473,0,0.9728835225105286,1.006435513496399,0.8380856219709208,0.9941579699516296
77_class-3,0,0.9846111536026001,0,0.9874227643013,0.8998326659202576,1.0,0.9837231636047363
77_class-3,1,0.9295942783355713,0,0.987909197807312,0.9681376218795776,0.9692659566864413,0.987728476524353
77_class-3,2,0.9378753304481506,0,0.9876059293746948,0.9769471287727356,0.9697533071147658,0.9837666749954224
77_class-3,3,0.904341995716095,0,0.9892997741699219,0.8568247556686401,0.9105431309904153,0.9532698392868042
77_class-3,4,0.8892698287963867,0,0.9883038997650146,0.8794615268707275,0.8419494994018009,0.9009749293327332
77_class-3,5,0.9360462427139282,1,0.9868873357772827,0.9936903715133667,0.8737237336143864,0.9883358478546143
78_class-2,0,0.5556146502494812,0,0.9835780262947083,0.9873514175415039,1.0,0.9642031788825989
78_class-2,1,0.49167144298553467,0,0.9902165532112122,0.9669005870819092,0.8331593299571485,0.945127010345459
78_class-2,2,0.4899868965148926,0,0.9903869032859802,0.9676176309585571,0.9928704047530635,0.9487528204917908
78_class-2,3,0.4806424379348755,0,0.9891788959503174,0.9774935245513916,0.9552209515993791,0.9380804896354675
78_class-2,4,0.4620746076107025,0,0.9868087768554688,0.9742591381072998,0.9288107342278523,0.9246007800102234
78_class-2,5,0.4907943606376648,1,0.9902915954589844,0.9681423902511597,0.8896934267778257,0.9516470432281494
79_class-0,0,0.43403729796409607,0,0.9638979434967041,0.9347119331359863,1.0,0.3896377682685852
79_class-0,1,0.3675682246685028,0,0.9599583148956299,0.952021598815918,0.3078342421963144,0.7096921801567078
79_class-0,2,0.3975381553173065,0,0.9776702523231506,0.9927726984024048,0.9231823194572858,0.9344640374183655
79_class-0,3,0.9544609785079956,1,0.9957582354545593,1.000220775604248,0.11600164072647723,0.9941743612289429
79_class-0,4,0.38708367943763733,0,0.9694992303848267,0.9593802690505981,0.09699548355536342,0.925266683101654
79_class-0,5,0.3890744149684906,0,0.9709942936897278,0.9636507034301758,0.992000740886517,0.9118108153343201
80_class-2,0,0.9951866865158081,0,0.9919089078903198,1.0058708190917969,1.0,0.9891711473464966
80_class-2,1,0.9555671215057373,0,0.9918946027755737,1.0063813924789429,0.9929281834459307,0.9925364255905151
80_class-2,2,0.9556178450584412,1,0.9919191002845764,1.0066643953323364,0.9995185798104408,0.99269038438797
80_class-2,3,0.9562479853630066,0,0.9920009970664978,1.0063233375549316,0.9935888753442593,0.9891139268875122
80_class-2,4,0.9562631845474243,0,0.9919157028198242,1.0066964626312256,0.9990767367943091,0.9898407459259033
80_class-2,5,0.9556370973587036,0,0.9919189810752869,1.0065371990203857,0.9941606718237366,0.9926058053970337
81_class-1,0,0.6943875551223755,0,0.9894736409187317,0.9846346378326416,1.0,0.9539011120796204
81_class-1,1,0.6208266019821167,0,0.9898661375045776,0.9837404489517212,0.9796526477098587,0.9535006880760193
81_class-1,2,0.5602877140045166,1,0.9909472465515137,0.985838770866394,0.8137082347509954,0.9494302272796631
81_class-1,3,0.37738436460494995,0,0.9865235090255737,0.9683818817138672,0.4679158486917284,0.9375839829444885
81_class-1,4,0.4004829227924347,0,0.9803430438041687,1.0052201747894287,0.8360028127197437,0.9792781472206116
81_class-1,5,0.6148202419281006,0,0.9892406463623047,0.9841651916503906,0.4011918299195371,0.953893780708313
82_class-0,0,0.9826669096946716,1,0.9881361722946167,1.0017772912979126,1.0,0.9860446453094482
82_class-0,1,0.9415810108184814,0,0.9877464771270752,1.0005899667739868,0.9892873014759198,0.9920818209648132
82_class-0,2,0.9407535791397095,0,0.986383855342865,0.9997146129608154,0.9974321863765815,0.9918287396430969
82_class-0,3,0.9438086748123169,0,0.9882009625434875,0.9950826168060303,0.9879830128803435,0.9837771058082581
82_class-0,4,0.3958355784416199,0,0.8593885898590088,0.9284555912017822,0.2756008585116916,0.8043192625045776
82_class-0,5,0.8589093685150146,0,0.9886057376861572,0.993477463722229,0.22988819379741782,0.9639824032783508
83_class-2,0,0.827799916267395,0,0.9924719929695129,0.9738396406173706,1.0,0.9518240094184875
83_class-2,1,0.9301928877830505,0,0.9894247055053711,1.0043325424194336,0.7232539161242809,0.993014931678772
83_class-2,2,0.9308450222015381,0,0.9891793131828308,0.9871273040771484,0.9971337009096518,0.9877804517745972
83_class-2,3,0.9312423467636108,0,0.9896531701087952,1.003811001777649,0.9948955176264157,0.9885340929031372
83_class-2,4,0.8403410911560059,0,0.9916595816612244,0.9949089288711548,0.7936,0.9734733700752258
83_class-2,5,0.47035863995552063,1,0.9962181448936462,0.9859205484390259,0.17519294099901958,0.9885694980621338
84_class-4,0,0.6957708597183228,1,0.9921712875366211,0.9993108510971069,1.0,0.9888992309570312
84_class-4,1,0.7251989841461182,0,0.9925274848937988,0.9679925441741943,0.8641399180294607,0.8148432374000549
84_class-4,2,0.4777645468711853,0,0.9959770441055298,0.9805160760879517,0.37044000735729904,0.9853345155715942
84_class-4,3,0.5141822099685669,0,0.9954726099967957,0.988506019115448,0.017893926984836075,0.9675018191337585
84_class-4,4,0.7833572626113892,0,0.9895796775817871,0.9569247961044312,0.2846180277173291,0.7829805612564087
84_class-4,5,0.669974684715271,0,0.992608904838562,1.004333734512329,0.5907472152207497,0.9462514519691467
85_class-3,0,0.8642755746841431,0,0.9753251075744629,1.0004059076309204,1.0,0.983720600605011
85_class-3,1,0.971206545829773,0,0.968470573425293,1.0064897537231445,0.8056556978855054,0.9900106191635132
85_class-3,2,0.9711531400680542,0,0.9680514335632324,1.005737066268921,0.9992704781539925,0.98993980884552
85_class-3,3,0.9713006019592285,0,0.9680516719818115,1.0063693523406982,0.9983663240705494,0.9894976615905762
85_class-3,4,0.8529741764068604,1,0.9758968949317932,1.0082722902297974,0.8178770514169883,0.992180585861206
85_class-3,5,0.8530846834182739,0,0.9758797287940979,1.0067870616912842,0.9989608905168271,0.9919034838676453
86_class-4,0,0.632192075252533,0,0.9928581118583679,0.9485669136047363,1.0,0.8331960439682007
86_class-4,1,0.7058428525924683,0,0.9966193437576294,0.9311691522598267,0.5307569033530573,0.8751178979873657
86_class-4,2,0.6407123804092407,0,0.9955889582633972,0.9252561330795288,0.7774566473988439,0.7995581030845642
86_class-4,3,0.45400115847587585,0,0.969875693321228,0.986799955368042,0.3396665374176037,0.9238070249557495
86_class-4,4,0.8190892934799194,1,0.994511604309082,1.0080515146255493,0.17197521826068904,0.989142894744873
86_class-4,5,0.4727035164833069,0,0.9697257280349731,0.9847193956375122,0.1847699766396281,0.8832181096076965
87_class-4,0,0.39105191826820374,0,0.9877641797065735,0.9934612512588501,1.0,0.9807968139648438
87_class-4,1,0.37181025743484497,0,0.9889315366744995,1.0047340393066406,0.9721046368725982,0.9048513770103455
87_class-4,2,0.37027621269226074,0,0.987373411655426,0.992223858833313,0.977466169837223,0.9828627109527588
87_class-4,3,0.3698594570159912,0,0.9883571863174438,0.9961795806884766,0.9937343847595252,0.9802610278129578
87_class-4,4,0.3709413409233093,0,0.9870773553848267,0.9956763982772827,0.9871277280439997,0.990898609161377
87_class-4,5,0.3713304400444031,1,0.9870477914810181,1.0010766983032227,0.994185473538977,0.9922826290130615
88_class-3,0,0.39155757427215576,1,0.9907799959182739,0.9901165962219238,1.0,0.9780964255332947
88_class-3,1,0.5513478517532349,0,0.9679241180419922,0.9716368913650513,0.21450686042659173,0.9208900332450867
88_class-3,2,0.5676041841506958,0,0.9693135023117065,0.9782073497772217,0.9474669541044988,0.8734427094459534
88_class-3,3,0.3682703375816345,0,0.990900456905365,0.9887070655822754,0.22036382548669636,0.978209376335144
88_class-3,4,0.6938858032226562,0,0.9785521030426025,0.9635405540466309,0.30125193047021326,0.8994876742362976
88_class-3,5,0.5620473027229309,0,0.969506025314331,0.9714431762695312,0.6720339742727802,0.9279669523239136
89_class-4,0,0.44863009452819824,0,0.9931572675704956,1.0111796855926514,1.0,0.9967783093452454
89_class-4,1,0.42038533091545105,0,0.9915080070495605,0.9794822931289673,0.8028625156707062,0.9548055529594421
89_class-4,2,0.43031543493270874,0,0.9930912256240845,1.0091845989227295,0.8030972681398991,0.9964249730110168
89_class-4,3,0.41805484890937805,0,0.9945785403251648,1.0133683681488037,0.7629028548901081,0.9961090683937073
89_class-4,4,0.41806986927986145,1,0.994551420211792,1.0138604640960693,0.9993422567172032,0.9963127970695496
89_class-4,5,0.4303329288959503,0,0.993141233921051,1.011417269706726,0.7627686846775784,0.9967454671859741
90_class-1,0,0.5218653082847595,0,0.9870262145996094,0.879551887512207,1.0,0.616396427154541
90_class-1,1,0.5159205794334412,1,0.9799330830574036,0.960100531578064,0.19606866253000588,0.967924177646637
90_class-1,2,0.4297640025615692,0,0.9879645705223083,0.8826292753219604,0.0003766833035125718,0.5016506910324097
90_class-1,3,0.48470330238342285,0,0.9877685308456421,0.8936630487442017,5.12952038984355e-05,0.6358632445335388
90_class-1,4,0.6025341153144836,0,0.9797346591949463,0.9532004594802856,0.322520074119827,0.9607263207435608
90_class-1,5,0.6079379916191101,0,0.9775842428207397,0.942533016204834,0.96027977412731,0.9454651474952698
91_class-2,0,0.8469239473342896,0,0.8752970695495605,0.9923511743545532,1.0,0.9812596440315247
91_class-2,1,0.808375358581543,0,0.8742218017578125,0.9990712404251099,0.9909176068097585,0.9796280264854431
91_class-2,2,0.8083205223083496,1,0.8745782375335693,0.9982781410217285,0.9985640436530729,0.979411780834198
91_class-2,3,0.8085111379623413,0,0.8740971684455872,0.998863935470581,0.9982361868821527,0.979543149471283
91_class-2,4,0.8087201118469238,0,0.8744004964828491,0.9993647336959839,0.9948800917487559,0.9769327044487
91_class-2,5,0.8083008527755737,0,0.8738824129104614,0.9980344772338867,0.9934928073011521,0.9799121618270874
92_class-0,0,0.9947987794876099,0,0.9762141704559326,0.9990905523300171,1.0,0.9832801818847656
92_class-0,1,0.9440089464187622,0,0.9770412445068359,0.9921703338623047,0.9890421472274927,0.981633722782135
92_class-0,2,0.943852424621582,0,0.9767783880233765,0.9961487054824829,0.9877617565478837,0.984127402305603
92_class-0,3,0.9435625076293945,0,0.9766916632652283,0.9891948699951172,0.9901581052765255,0.9831376075744629
92_class-0,4,0.9441487789154053,1,0.976320743560791,1.0000919103622437,0.9880906728024202,0.9819729328155518
92_class-0,5,0.9441689252853394,0,0.9762009382247925,0.9990017414093018,0.9982818976440522,0.9805769324302673
93_class-1,0,0.5034922361373901,0,0.9804118871688843,0.9388331174850464,1.0,0.9186147451400757
93_class-1,1,0.4347086548805237,0,0.9809190034866333,0.9422574043273926,0.9468593988260606,0.9094246625900269
93_class-1,2,0.42926695942878723,0,0.9807471036911011,0.9480804204940796,0.9485486226830422,0.938872218132019
93_class-1,3,0.5376150012016296,1,0.9836840629577637,0.9533157348632812,0.34833518215273007,0.9241324067115784
93_class-1,4,0.5391544699668884,0,0.9846960306167603,0.9473203420639038,0.9906440116973362,0.9285632371902466
93_class-1,5,0.4644455313682556,0,0.9806376099586487,0.9654272794723511,0.4076685286620749,0.9105872511863708
94_class-0,0,0.9950385689735413,0,0.9831415414810181,1.0096930265426636,1.0,0.9949063658714294
94_class-0,1,0.9639260768890381,1,0.9834710359573364,1.013942003250122,0.998471084383401,0.995000958442688
94_class-0,2,0.9636569619178772,0,0.9817051291465759,1.0094780921936035,0.9905203608378778,0.9915293455123901
94_class-0,3,0.9639774560928345,0,0.9833008050918579,1.009235143661499,0.9920245007337459,0.9949570298194885
94_class-0,4,0.9637075662612915,0,0.9820319414138794,1.0086860656738281,0.9922159127161361,0.9914109706878662
94_class-0,5,0.9634760618209839,0,0.9821052551269531,1.0087580680847168,0.9990359277588534,0.9915316104888916
95_class-3,0,0.6994386911392212,0,0.986879289150238,0.9846129417419434,1.0,0.9462298154830933
95_class-3,1,0.4949336647987366,0,0.9875575304031372,0.9566127061843872,0.46934210809299526,0.9170902371406555
95_class-3,2,0.6856958866119385,0,0.9867038130760193,0.9865105152130127,0.46730394153074567,0.9498718976974487
95_class-3,3,0.6168619990348816,0,0.9860758185386658,0.9849207401275635,0.8101306558537684,0.937468409538269
95_class-3,4,0.46101081371307373,0,0.985249400138855,0.9626086950302124,0.4547542368407159,0.9413321614265442
95_class-3,5,0.9525772333145142,1,0.9834338426589966,1.0059360265731812,0.21593936437657124,0.9904261827468872
96_class-0,0,0.9991808533668518,0,0.9976653456687927,1.0050649642944336,1.0,0.9919068217277527
96_class-0,1,0.9393240213394165,0,0.9976217746734619,1.0052194595336914,0.9887212451269232,0.9942059516906738
96_class-0,2,0.9397056698799133,0,0.9976365566253662,1.005188226699829,0.9988097009373605,0.9944279193878174
96_class-0,3,0.9394036531448364,0,0.9976169466972351,1.0055252313613892,0.9987798345336587,0.9942602515220642
96_class-0,4,0.9392954111099243,0,0.9975932836532593,1.0052473545074463,0.9993454913277601,0.9942302107810974
96_class-0,5,0.939358115196228,1,0.9976131916046143,1.00560462474823,0.999107647461257,0.9942688941955566
97_class-3,0,0.7157127857208252,0,0.9866007566452026,0.9992202520370483,1.0,0.9684289693832397
97_class-3,1,0.687684178352356,0,0.9886182546615601,0.9978142976760864,0.9924365207995678,0.9644219279289246
97_class-3,2,0.9491074085235596,0,0.9985635280609131,1.0070945024490356,0.555858310626703,0.9930198192596436
97_class-3,3,0.9491604566574097,0,0.9986499547958374,1.006736397743225,0.9985460619934418,0.9931488037109375
97_class-3,4,0.6203539371490479,0,0.9733667373657227,0.9972636699676514,0.46037043458159965,0.9650415182113647
97_class-3,5,0.9491456151008606,1,0.9986352324485779,1.00761878490448,0.4602631312912497,0.9932941198348999
98_class-0,0,0.9944342374801636,0,0.9925485849380493,1.0104573965072632,1.0,0.9929019808769226
98_class-0,1,0.9592645168304443,0,0.9926063418388367,1.0101569890975952,0.9991152236825127,0.9930578470230103
98_class-0,2,0.9591230750083923,0,0.9925497770309448,1.0101590156555176,0.9992259491338003,0.9931978583335876
98_class-0,3,0.9591035842895508,1,0.9926472306251526,1.010353684425354,0.9993181357462728,0.9931039214134216
98_class-0,4,0.9592791795730591,0,0.9925984144210815,1.009778618812561,0.999428666212057,0.9931633472442627
98_class-0,5,0.9586405754089355,0,0.9923631548881531,0.9217618703842163,0.9901930118309444,0.9823575615882874
99_class-0,0,0.9966003894805908,0,0.9830018877983093,1.0038331747055054,1.0,0.9909824728965759
99_class-0,1,0.9578492045402527,1,0.9834067821502686,1.0047025680541992,0.9981408573928259,0.9918956160545349
99_class-0,2,0.9578707814216614,0,0.982593297958374,1.0037239789962769,0.9981683980317113,0.9915637969970703
99_class-0,3,0.9579941034317017,0,0.9831773638725281,1.0019583702087402,0.9986312245065564,0.9911373853683472
99_class-0,4,0.9579037427902222,0,0.9828230738639832,1.004799485206604,0.9986857956412222,0.9916271567344666
99_class-0,5,0.9577757120132446,0,0.9829971790313721,1.0035406351089478,0.9989874387674119,0.9912489056587219
100_class-1,0,0.8822126388549805,0,0.9598122835159302,0.9775892496109009,1.0,0.9674393534660339
100_class-1,1,0.6389799118041992,0,0.9681735038757324,0.9785088300704956,0.8274060730828615,0.9571720957756042
100_class-1,2,0.6390331387519836,0,0.9685028195381165,0.9871435165405273,0.9904409658010574,0.9707133769989014
100_class-1,3,0.6374118328094482,1,0.9716576337814331,0.9878573417663574,0.9759427158458686,0.9496996998786926
100_class-1,4,0.6800760626792908,0,0.9628905057907104,0.9812287092208862,0.8283030489682784,0.9705762267112732
100_class-1,5,0.676838755607605,0,0.966599702835083,0.9789186716079712,0.9536885854237791,0.9610040783882141
101_class-1,0,0.7622867822647095,1,0.9941733479499817,0.9717499017715454,1.0,0.9841831922531128
101_class-1,1,0.40160924196243286,0,0.8860176205635071,0.9527420997619629,0.0032509059901939885,0.9118465781211853
101_class-1,2,0.49969780445098877,0,0.9719679355621338,0.9752093553543091,0.7166291122127084,0.9561628699302673
101_class-1,3,0.42128559947013855,0,0.9126282930374146,0.9137256145477295,0.45716103813463027,0.8983238339424133
101_class-1,4,0.6374870538711548,0,0.9807450771331787,0.9138153791427612,0.0028184451577546385,0.791359543800354
101_class-1,5,0.7879503965377808,0,0.9985314011573792,0.9469106197357178,0.4892641346568839,0.966191291809082
102_class-4,0,0.5624104738235474,0,0.9959439635276794,1.0022450685501099,1.0,0.9860273599624634
102_class-4,1,0.9715234041213989,0,0.9749027490615845,1.008080005645752,0.3891263536374532,0.9948340654373169
102_class-4,2,0.9712334275245667,0,0.9748360514640808,1.0056358575820923,0.9994484923690434,0.9947458505630493
102_class-4,3,0.5522990226745605,1,0.9960957169532776,1.002267837524414,0.389223145406891,0.9863179326057434
102_class-4,4,0.9713858366012573,0,0.9749137759208679,1.0064336061477661,0.38909102481144786,0.9947288632392883
102_class-4,5,0.5528758764266968,0,0.9960577487945557,1.0006723403930664,0.39023665814513475,0.9866956472396851
103_class-0,0,0.9940485954284668,0,0.961350679397583,0.9919079542160034,1.0,0.9765105843544006
103_class-0,1,0.9055248498916626,0,0.961495041847229,0.9957417249679565,0.9953183613274871,0.9761926531791687
103_class-0,2,0.9074280261993408,0,0.9612044095993042,1.0006803274154663,0.9808309566634537,0.9752894043922424
103_class-0,3,0.9075131416320801,1,0.9617121815681458,1.0005863904953003,0.9961201147799378,0.9754037261009216
103_class-0,4,0.9053428173065186,0,0.9608500003814697,0.9965052604675293,0.9813952564853515,0.9769831299781799
103_class-0,5,0.9075610637664795,0,0.9605382680892944,0.9976658821105957,0.9804318689501117,0.9754385352134705
104_class-1,0,0.5412818193435669,0,0.9776152968406677,0.9641361236572266,1.0,0.9415820240974426
104_class-1,1,0.5421687364578247,0,0.980911135673523,0.8843419551849365,0.6717186800059728,0.8740546703338623
104_class-1,2,0.43181291222572327,0,0.9826048016548157,0.8880964517593384,0.48559628713377356,0.7440205812454224
104_class-1,3,0.4644659459590912,0,0.9694544076919556,0.9859768152236938,0.5922558234572947,0.9712772369384766
104_class-1,4,0.4718090891838074,1,0.9737339615821838,0.9783786535263062,0.9593150303945329,0.9604609608650208
104_class-1,5,0.3699217736721039,0,0.9898698925971985,0.8796764612197876,0.252991452991453,0.5462907552719116
105_class-1,0,0.3504948019981384,0,0.9443323612213135,0.9552891254425049,1.0,0.5289965867996216
105_class-1,1,0.7353037595748901,0,0.9239470958709717,0.9444315433502197,0.08667273188896411,0.9582301378250122
105_class-1,2,0.07878758758306503,0,0.8273972868919373,0.9815270900726318,0.05854681572834679,0.6306541562080383
105_class-1,3,0.7804909944534302,1,0.9264335632324219,0.9656658172607422,0.06600917756798624,0.9714037775993347
105_class-1,4,0.16768226027488708,0,0.9195381999015808,0.956757664680481,0.020777759736494168,0.7459381818771362
105_class-1,5,0.3172963559627533,0,0.9340463876724243,0.962311863899231,0.5207103158129535,0.8977277278900146
106_class-4,0,0.025118812918663025,0,0.9547274112701416,1.009101390838623,1.0,0.6998088359832764
106_class-4,1,0.02533162757754326,0,0.955485463142395,1.0099239349365234,0.9992478318182336,0.7225956320762634
106_class-4,2,0.02578190341591835,0,0.9554406404495239,1.0098193883895874,0.9989471043469006,0.7318997383117676
106_class-4,3,0.02609102427959442,1,0.9562076926231384,1.0082464218139648,0.9993151701231553,0.7510680556297302
106_class-4,4,0.025534890592098236,0,0.9548864364624023,1.008819580078125,0.9988325353756993,0.7206132411956787
106_class-4,5,0.025196239352226257,0,0.9552214741706848,1.0080724954605103,0.9992817293221653,0.7124252319335938
107_class-0,0,0.9757574796676636,0,0.9862378239631653,0.967214822769165,1.0,0.9162298440933228
107_class-0,1,0.9090882539749146,0,0.9857353568077087,0.9658467769622803,0.9827618385110028,0.9072184562683105
107_class-0,2,0.8997709155082703,0,0.9847066402435303,0.9780421257019043,0.9603297013118397,0.9199851155281067
107_class-0,3,0.7463233470916748,1,0.9908291697502136,0.9822499752044678,0.6635616347453901,0.938226044178009
107_class-0,4,0.90849369764328,0,0.9846154451370239,0.9665606021881104,0.6752135309408865,0.9116897583007812
107_class-0,5,0.7455080151557922,0,0.9916203022003174,0.9804677963256836,0.6733904999831201,0.9224528074264526
108_class-3,0,0.6766337156295776,0,0.9824154376983643,0.9719085693359375,1.0,0.9530997276306152
108_class-3,1,0.7739331126213074,0,0.9964261054992676,0.9225778579711914,0.43212230583268074,0.9268552660942078
108_class-3,2,0.7835661172866821,0,0.9980032444000244,0.9172259569168091,0.7302268148436992,0.9686989188194275
108_class-3,3,0.7596923112869263,1,0.9981221556663513,0.9417089223861694,0.8971360381861575,0.9589883685112
108_class-3,4,0.6678716540336609,0,0.9932896494865417,0.922502875328064,0.5774326827183359,0.8929243087768555
108_class-3,5,0.7851117849349976,0,0.9992600679397583,0.9094693660736084,0.5381952676750913,0.9536868333816528
109_class-1,0,0.5752171874046326,0,0.9928495287895203,0.9534780979156494,1.0,0.9342951774597168
109_class-1,1,0.46759694814682007,0,0.9907608032226562,0.9858112335205078,0.8751744997673336,0.9624841213226318
109_class-1,2,0.4543590247631073,0,0.9918690323829651,0.96985924243927,0.0303895331549212,0.9476921558380127
109_class-1,3,0.5614373683929443,0,0.9909732341766357,0.9852724075317383,0.39431539460395326,0.9581021666526794
109_class-1,4,0.4649435579776764,1,0.9908503890037537,0.9846498966217041,0.46618996921129113,0.9667600393295288
109_class-1,5,0.5156382918357849,0,0.989696741104126,0.9854252338409424,0.5200165425971878,0.9557896256446838
110_class-4,0,0.2649281620979309,1,0.9349769353866577,1.0037933588027954,1.0,0.9799035787582397
110_class-4,1,0.25101232528686523,0,0.9336286187171936,1.0055947303771973,0.9947125031216899,0.9804961085319519
110_class-4,2,0.25126829743385315,0,0.9343308210372925,1.0028382539749146,0.9958102364716329,0.9779086112976074
110_class-4,3,0.25132909417152405,0,0.9348524808883667,1.0026313066482544,0.9990398837480863,0.9785340428352356
110_class-4,4,0.2509666979312897,0,0.9336601495742798,1.0060843229293823,0.9966879134717395,0.9793980121612549
110_class-4,5,0.25125598907470703,0,0.9345660209655762,1.0023969411849976,0.9965154089650592,0.9777885675430298
111_class-4,0,0.9977247714996338,0,0.9932360053062439,1.0130172967910767,1.0,0.9962393045425415
111_class-4,1,0.9783748388290405,0,0.9927660822868347,1.0125296115875244,0.9995060481657921,0.9961397051811218
111_class-4,2,0.9774912595748901,0,0.9928449392318726,1.0086132287979126,0.9918866101620483,0.9901278614997864
111_class-4,3,0.9781782627105713,1,0.9933243989944458,1.0137712955474854,0.991788611638655,0.9962564706802368
111_class-4,4,0.9777428507804871,0,0.9925792217254639,1.0137497186660767,0.9928205240797866,0.993747889995575
111_class-4,5,0.9771401882171631,0,0.9929906725883484,0.9917913675308228,0.9981092227910525,0.9794976711273193
112_class-0,0,0.9209715127944946,0,0.950336754322052,0.9226889610290527,1.0,0.9583795070648193
112_class-0,1,0.8431965112686157,1,0.9550844430923462,0.9472202062606812,0.8369831210390914,0.9527809023857117
112_class-0,2,0.6252397298812866,0,0.9437616467475891,0.9409812688827515,0.38964869938321267,0.8788740634918213
112_class-0,3,0.8740482330322266,0,0.9485445022583008,0.9137362837791443,0.4053636054316558,0.970255970954895
112_class-0,4,0.41036075353622437,0,0.9211318492889404,0.8948878049850464,0.08579233129868816,0.6633667349815369
112_class-0,5,0.39520490169525146,0,0.9611810445785522,0.9694987535476685,0.03380919160810604,0.7810759544372559
113_class-3,0,0.893527626991272,0,0.9892634153366089,0.9906508922576904,1.0,0.9787928462028503
113_class-3,1,0.8603568077087402,0,0.9890905618667603,0.98984694480896,0.9774801632802825,0.9811742305755615
113_class-3,2,0.8675512075424194,0,0.9895066618919373,0.966530442237854,0.71265007033269,0.9505361914634705
113_class-3,3,0.8602217435836792,1,0.9891802668571472,0.9934765100479126,0.7099011844774556,0.9843555092811584
113_class-3,4,0.8690049052238464,0,0.9891761541366577,0.9765832424163818,0.9197777023587307,0.9669363498687744
113_class-3,5,0.8662066459655762,0,0.989339292049408,0.9655834436416626,0.7555919258046918,0.9502993226051331
114_class-1,0,0.4611303508281708,1,0.9801600575447083,0.9470676183700562,1.0,0.9647119641304016
114_class-1,1,0.4531906247138977,0,0.9883481860160828,0.9207571744918823,0.3169925104561813,0.9245770573616028
114_class-1,2,0.371159166097641,0,0.9791861772537231,0.9176033735275269,0.018002050055522335,0.8170288801193237
114_class-1,3,0.4302822947502136,0,0.9928545951843262,0.8676557540893555,0.34092091927575535,0.6330233812332153
114_class-1,4,0.5561116337776184,0,0.9873975515365601,0.8755669593811035,0.16279730497605324,0.9178372621536255
114_class-1,5,0.501093864440918,0,0.9778437614440918,0.9508107900619507,0.6327006039689388,0.9728965163230896
115_class-0,0,0.8692598938941956,0,0.9909077286720276,0.9646594524383545,1.0,0.9757727980613708
115_class-0,1,0.6030484437942505,0,0.9945812225341797,0.9440604448318481,0.30804721672958235,0.7644299864768982
115_class-0,2,0.9141984581947327,0,0.986463725566864,0.9908286333084106,0.2824996198874867,0.9900398850440979
115_class-0,3,0.9154013395309448,0,0.9917687773704529,0.9958616495132446,0.9139032178825841,0.991240382194519
115_class-0,4,0.9015012979507446,0,0.9946839213371277,0.9603595733642578,0.9626201495194019,0.9621398448944092
115_class-0,5,0.9200345873832703,1,0.9921116828918457,0.9985207319259644,0.9528341164575032,0.9904999732971191
116_class-2,0,0.42724913358688354,0,0.9975389838218689,0.9755445718765259,1.0,0.9853683114051819
116_class-2,1,0.7918123006820679,0,0.9948585629463196,0.9187227487564087,0.12566956314724437,0.8036388754844666
116_class-2,2,0.41428086161613464,0,0.9976261258125305,0.9814188480377197,0.12561407687498138,0.9878647923469543
116_class-2,3,0.7877441644668579,0,0.9951390624046326,0.9870306253433228,0.14426699044238972,0.9737757444381714
116_class-2,4,0.41417279839515686,1,0.997586727142334,0.9819748401641846,0.1442914426035871,0.9888705015182495
116_class-2,5,0.38182011246681213,0,0.988525390625,0.9170790910720825,0.2251012498366938,0.9025980830192566
117_class-3,0,0.7708414196968079,0,0.9687817692756653,0.9220871925354004,1.0,0.9312296509742737
117_class-3,1,0.41731104254722595,0,0.9695048332214355,0.8953717947006226,0.05309467328013802,0.7070860862731934
117_class-3,2,0.44777563214302063,0,0.9832415580749512,0.8143929243087769,0.1141234428441432,0.6957677006721497
117_class-3,3,0.4578301012516022,0,0.9821252226829529,0.8501355648040771,0.07885057471264367,0.9102653861045837
117_class-3,4,0.4383193254470825,0,0.9715892672538757,0.9075988531112671,0.278868763902129,0.8476346731185913
117_class-3,5,0.4589981138706207,1,0.9821492433547974,0.9095367193222046,0.21983303819883632,0.9444704651832581
118_class-4,0,0.19192351400852203,0,0.9389646053314209,0.9813451766967773,1.0,0.9774703979492188
118_class-4,1,0.16310665011405945,1,0.9391170740127563,0.9828469753265381,0.9992690113004886,0.9770209789276123
118_class-4,2,0.16630329191684723,0,0.9380457401275635,0.9830995798110962,0.9766848272259124,0.9540891051292419
118_class-4,3,0.16312910616397858,0,0.9389539957046509,0.9819623231887817,0.9769837774078194,0.9755803346633911
118_class-4,4,0.16623026132583618,0,0.9378612041473389,0.9859347343444824,0.9763865351738348,0.9502346515655518
118_class-4,5,0.16568437218666077,0,0.9377332925796509,0.9878246784210205,0.9960763399489543,0.957375168800354
119_class-0,0,0.9976621270179749,0,0.9877756237983704,1.00428307056427,1.0,0.9912636280059814
119_class-0,1,0.9509048461914062,0,0.9878025650978088,1.0041865110397339,0.9987677141096735,0.9912996888160706
119_class-0,2,0.9510512351989746,0,0.987848699092865,1.0040546655654907,0.9984587608437183,0.991277813911438
119_class-0,3,0.9506429433822632,0,0.9878172874450684,1.0041329860687256,0.9982830350657069,0.9913978576660156
119_class-0,4,0.9514129161834717,1,0.9878698587417603,1.0046112537384033,0.9956633720034341,0.9913195967674255
119_class-0,5,0.9508440494537354,0,0.9878224730491638,1.003663182258606,0.9954000220094641,0.9908792972564697
120_class-2,0,0.9396090507507324,1,0.9970743656158447,0.9980398416519165,1.0,0.9834427833557129
120_class-2,1,0.5943946838378906,0,0.9824542999267578,1.0008797645568848,0.4091651466924168,0.9837344884872437
120_class-2,2,0.5946508049964905,0,0.9826332330703735,1.0016658306121826,0.9983789453609231,0.9832192659378052
120_class-2,3,0.594373345375061,0,0.9825926423072815,1.003251075744629,0.9986169730786656,0.983551025390625
120_class-2,4,0.5943504571914673,0,0.9825336933135986,1.001282811164856,0.9987251584616118,0.9836567044258118
120_class-2,5,0.5942989587783813,0,0.9826061725616455,1.0018330812454224,0.999225637360019,0.9837712645530701
121_class-4,0,0.4897802472114563,0,0.8511766791343689,0.944689154624939,1.0,0.5681618452072144
121_class-4,1,0.9443315267562866,0,0.9928674697875977,0.8803403377532959,0.5059651083064578,0.7929626703262329
121_class-4,2,0.9695168733596802,1,0.9921863079071045,0.9922705888748169,0.9576590791018068,0.9845067858695984
121_class-4,3,0.9457021951675415,0,0.9917410612106323,0.9029693603515625,0.959264745488823,0.8728952407836914
121_class-4,4,0.9695978164672852,0,0.9904538989067078,0.8600153923034668,0.957358653431161,0.823560357093811
121_class-4,5,0.9272795915603638,0,0.9926645159721375,0.859550952911377,0.931027868883902,0.8156694173812866
122_class-2,0,0.9051780700683594,1,0.9995261430740356,0.9838176965713501,1.0,0.9751754403114319
122_class-2,1,0.512100100517273,0,0.9548555612564087,0.9662063121795654,0.2312210512183661,0.8545240759849548
122_class-2,2,0.8484718203544617,0,0.9992713928222656,0.9834952354431152,0.21703176892884699,0.9715325236320496
122_class-2,3,0.5235395431518555,0,0.9610781669616699,0.9889086484909058,0.21205401143307706,0.9607546925544739
122_class-2,4,0.5238502025604248,0,0.9565250873565674,0.9643586874008179,0.9918921575050776,0.8632417917251587
122_class-2,5,0.5165971517562866,0,0.9500390887260437,0.9832628965377808,0.9788614688821158,0.9520744681358337
123_class-2,0,0.00629274221137166,0,0.9025028944015503,1.0151305198669434,1.0,0.9639821648597717
123_class-2,1,0.006196728907525539,1,0.9030656814575195,1.0162073373794556,0.9997599260572256,0.9632753133773804
123_class-2,2,0.006206050049513578,0,0.9028722047805786,1.015177607536316,0.9997279205528015,0.9626152515411377
123_class-2,3,0.0061891162768006325,0,0.9025735259056091,1.0160152912139893,0.9996279121872762,0.9630890488624573
123_class-2,4,0.006204444449394941,0,0.9022922515869141,1.016332983970642,0.9998039419668222,0.9628936648368835
123_class-2,5,0.00620994484052062,0,0.9020324945449829,1.0145848989486694,0.9998279428770351,0.9629596471786499
124_class-1,0,0.6559619307518005,0,0.8796175122261047,0.8795979022979736,1.0,0.7315179705619812
124_class-1,1,0.5220425724983215,0,0.8653249144554138,0.9292212724685669,0.835801128387148,0.7510573267936707
124_class-1,2,0.5407475233078003,0,0.8643788695335388,0.9813433885574341,0.9082344929345667,0.9573896527290344
124_class-1,3,0.5602245926856995,0,0.9168140888214111,0.8905907869338989,0.6512650636815353,0.5705681443214417
124_class-1,4,0.5422219634056091,0,0.864809513092041,0.9791442155838013,0.6567897473006684,0.9505751132965088
124_class-1,5,0.5800360441207886,1,0.8956040143966675,0.911618709564209,0.7179169761492119,0.8279218673706055
125_class-1,0,0.4664612114429474,0,0.9641873836517334,0.988112211227417,1.0,0.9555783867835999
125_class-1,1,0.4226437211036682,0,0.9643728733062744,0.9861077070236206,0.9942260183465155,0.9530094861984253
125_class-1,2,0.41826942563056946,0,0.9639602899551392,0.971854567527771,0.9517061774730956,0.9412431120872498
125_class-1,3,0.42741063237190247,0,0.9628779888153076,0.9875582456588745,0.9375613902531167,0.9617461562156677
125_class-1,4,0.42232900857925415,0,0.965115487575531,0.9821779727935791,0.9800619453100581,0.9559383988380432
125_class-1,5,0.4278036952018738,1,0.9644700288772583,0.9854854345321655,0.9685347964839595,0.963849663734436
126_class-2,0,0.3469986319541931,0,0.9608207941055298,1.0082461833953857,1.0,0.9931227564811707
126_class-2,1,0.43096935749053955,0,0.9721767902374268,0.9360568523406982,0.685855514599718,0.8608583211898804
126_class-2,2,0.33871766924858093,1,0.96107417345047,1.0091307163238525,0.6862102348964791,0.9931656122207642
126_class-2,3,0.3387630581855774,0,0.9609230160713196,1.008360743522644,0.9992582519470886,0.9929070472717285
126_class-2,4,0.33872827887535095,0,0.9608467221260071,1.0092041492462158,0.9988134084841294,0.9932344555854797
126_class-2,5,0.446078360080719,0,0.9714388251304626,0.963080883026123,0.6758338209479228,0.9088541865348816
127_class-0,0,0.7716463804244995,1,0.9843978881835938,0.9836373329162598,1.0,0.9755332469940186
127_class-0,1,0.4090159237384796,0,0.9621905088424683,0.9755330085754395,0.1519136907737473,0.873349130153656
127_class-0,2,0.40863972902297974,0,0.9570578336715698,0.9679663181304932,0.9714566754692235,0.8864511251449585
127_class-0,3,0.40227240324020386,0,0.956427276134491,0.9618425369262695,0.912614751375396,0.9057143926620483
127_class-0,4,0.40572836995124817,0,0.9596940875053406,0.9700223207473755,0.9311753028400114,0.9001019597053528
127_class-0,5,0.40761905908584595,0,0.9585931301116943,0.970138669013977,0.983479416128921,0.9006696343421936
128_class-2,0,0.982515811920166,1,0.9984011650085449,0.9911142587661743,1.0,0.9877292513847351
128_class-2,1,0.3601551949977875,0,0.9766520857810974,0.947847843170166,0.056112246835796555,0.900740385055542
128_class-2,2,0.7968438863754272,0,0.9965273141860962,0.9347995519638062,0.053302777600950625,0.9116052389144897
128_class-2,3,0.39524930715560913,0,0.9870387315750122,0.9923081398010254,0.10927865844552069,0.9650939702987671
128_class-2,4,0.39230430126190186,0,0.9870040416717529,0.988845944404602,0.9899399809030146,0.9594415426254272
128_class-2,5,0.3957841992378235,0,0.9853603839874268,0.9839763641357422,0.9829893117683651,0.9589701890945435
129_class-4,0,0.5702486038208008,0,0.9963527917861938,1.003139615058899,1.0,0.9899840354919434
129_class-4,1,0.5513473153114319,0,0.9963335990905762,1.0020195245742798,0.9991429989024372,0.9893151521682739
129_class-4,2,0.5515176057815552,0,0.9963501691818237,1.0025267601013184,0.9985422959590039,0.9897004961967468
129_class-4,3,0.5520961880683899,1,0.9963072538375854,1.0051997900009155,0.9934594651096809,0.9949778914451599
129_class-4,4,0.5512657165527344,0,0.9963393211364746,1.0020955801010132,0.9918765959353114,0.9893908500671387
129_class-4,5,0.5513685941696167,0,0.9963446259498596,1.0031620264053345,0.9989620782502745,0.9899939894676208
130_class-1,0,0.4853314757347107,0,0.987167477607727,0.9908236265182495,1.0,0.9749094247817993
130_class-1,1,0.4383693337440491,0,0.9859147071838379,0.9904080629348755,0.9512374418034796,0.969620406627655
130_class-1,2,0.4293290078639984,0,0.986213207244873,0.991310715675354,0.9460916442048517,0.9772260785102844
130_class-1,3,0.45082491636276245,0,0.9949204921722412,1.0007318258285522,0.5629139072847682,0.9871829748153687
130_class-1,4,0.45055636763572693,1,0.9951393604278564,1.0012727975845337,0.9950076375693901,0.9903952479362488
130_class-1,5,0.43117016553878784,0,0.9871929287910461,0.9912519454956055,0.5636846015069511,0.9756852984428406
131_class-4,0,0.9764780402183533,1,0.9847368597984314,1.0096770524978638,1.0,0.9949448108673096
131_class-4,1,0.9581526517868042,0,0.9847046136856079,1.008596420288086,0.9959189752755436,0.9951729774475098
131_class-4,2,0.9585402011871338,0,0.9847979545593262,0.9776016473770142,0.9909085542239802,0.9923535585403442
131_class-4,3,0.9581480026245117,0,0.9848496317863464,1.0053379535675049,0.9930043095814393,0.9954760074615479
131_class-4,4,0.9580879211425781,0,0.9847174286842346,1.0090943574905396,0.998781249071074,0.9955406785011292
131_class-4,5,0.9582673907279968,0,0.9847486615180969,0.980666995048523,0.9957030671210549,0.9945905804634094
132_class-0,0,0.9902605414390564,0,0.9865285754203796,0.9894896745681763,1.0,0.9717332124710083
132_class-0,1,0.7344053983688354,1,0.9878947138786316,0.9929544925689697,0.5864725766665652,0.9823585152626038
132_class-0,2,0.7913705110549927,0,0.9889708161354065,0.9544764757156372,0.759447032672574,0.919195294380188
132_class-0,3,0.8688211441040039,0,0.9870495200157166,0.9863011837005615,0.7646989141164857,0.9753174185752869
132_class-0,4,0.7654532194137573,0,0.9899063110351562,0.9812816381454468,0.6478584795734614,0.9521671533584595
132_class-0,5,0.8719089031219482,0,0.9861571788787842,0.9922758340835571,0.6461483721757695,0.9723349809646606
133_class-2,0,0.4026342034339905,0,0.9278790354728699,0.9697481393814087,1.0,0.8057147264480591
133_class-2,1,0.953522801399231,1,0.9918196201324463,0.9840251207351685,0.17513920023139778,0.9673967957496643
133_class-2,2,0.31739184260368347,0,0.9182053804397583,1.0021222829818726,0.11221598462461732,0.9698975682258606
133_class-2,3,0.43194788694381714,0,0.9667326211929321,1.0005736351013184,0.6543216694938656,0.977459728717804
133_class-2,4,0.23150162398815155,0,0.8011277318000793,0.9318909645080566,0.0012236799126360796,0.832097589969635
133_class-2,5,0.050431475043296814,0,0.6866987943649292,0.8754312992095947,0.49022907524457504,0.5542328953742981
134_class-1,0,0.4117365777492523,0,0.9460602402687073,0.97544264793396,1.0,0.9532870650291443
134_class-1,1,0.38884955644607544,0,0.9473462700843811,0.9878605604171753,0.573963582403314,0.935467541217804
134_class-1,2,0.343944787979126,0,0.9648240804672241,0.9280663728713989,0.4184139354988804,0.6396485567092896
134_class-1,3,0.3501364290714264,1,0.9418825507164001,0.9985054731369019,0.5456918100279371,0.9754425883293152
134_class-1,4,0.2976307272911072,0,0.9459311366081238,0.9730182886123657,0.4897003745318352,0.968082070350647
134_class-1,5,0.33690452575683594,0,0.9401483535766602,0.9895370006561279,0.5473963283477565,0.9694659113883972
135_class-0,0,0.9991576075553894,0,0.9978991746902466,1.0085768699645996,1.0,0.9921752214431763
135_class-0,1,0.9514910578727722,0,0.9979112148284912,1.0086623430252075,0.9985491753207086,0.992241621017456
135_class-0,2,0.9502878189086914,0,0.997882604598999,1.008518934249878,0.9963431357610849,0.9919999837875366
135_class-0,3,0.950813889503479,1,0.9979074001312256,1.0090880393981934,0.9981465024755618,0.9920284748077393
135_class-0,4,0.9511232376098633,0,0.9979177713394165,1.0088942050933838,0.99875400498398,0.9920917749404907
135_class-0,5,0.9509240388870239,0,0.9978740811347961,1.0084154605865479,0.9989062698715503,0.9920178055763245
136_class-3,0,0.43776771426200867,0,0.9192495942115784,0.9665656089782715,1.0,0.9698649048805237
136_class-3,1,0.6216877102851868,0,0.963424563407898,0.9312950372695923,0.18313970807268395,0.5952467322349548
136_class-3,2,0.44596531987190247,0,0.9287005662918091,0.9685081243515015,0.22112796794322281,0.9400982856750488
136_class-3,3,0.8183629512786865,1,0.9845873117446899,0.963038444519043,0.08068600123412133,0.9740309715270996
136_class-3,4,0.4444635808467865,0,0.9366800785064697,0.9716393947601318,0.07903787364130435,0.9566560983657837
136_class-3,5,0.46287986636161804,0,0.9815073609352112,0.9628525972366333,0.7295236049197057,0.8268467783927917
137_class-0,0,0.9998571872711182,1,0.9950299859046936,1.009491205215454,1.0,0.9940382838249207
137_class-0,1,0.700082004070282,0,0.9807044267654419,0.9733887910842896,0.5669621621621621,0.9695925116539001
137_class-0,2,0.9293156266212463,0,0.9950017929077148,1.0073388814926147,0.5673045734674019,0.9937654137611389
137_class-0,3,0.8337773680686951,0,0.9918714165687561,0.971871018409729,0.8053614847188452,0.9626864194869995
137_class-0,4,0.7243701219558716,0,0.9829581379890442,0.9828683137893677,0.6513618847433876,0.9638218879699707
137_class-0,5,0.9296072125434875,0,0.9950393438339233,1.0092439651489258,0.6068562415920583,0.9940453767776489
138_class-3,0,0.938065767288208,0,0.9884233474731445,0.9743099212646484,1.0,0.9823665022850037
138_class-3,1,0.9437849521636963,0,0.98554927110672,0.9787349700927734,0.8914928341918702,0.9724485278129578
138_class-3,2,0.8862360119819641,0,0.9870929718017578,0.995902419090271,0.8491561719267833,0.9850654006004333
138_class-3,3,0.8855715394020081,1,0.9873540997505188,0.994239330291748,0.9874337442677625,0.9868872165679932
138_class-3,4,0.9377632737159729,0,0.985713541507721,0.9785276651382446,0.8755059132720105,0.9776191115379333
138_class-3,5,0.6864008903503418,0,0.9892704486846924,0.972510814666748,0.49087269183152016,0.9702752232551575
139_class-1,0,0.6287026405334473,0,0.9393839836120605,0.9573686122894287,1.0,0.955316424369812
139_class-1,1,0.4852282404899597,1,0.9361646771430969,0.9946861267089844,0.522852946258856,0.9903007745742798
139_class-1,2,0.48875805735588074,0,0.9353406429290771,0.9858970642089844,0.9785102601389563,0.9900093674659729
139_class-1,3,0.460370272397995,0,0.9758831858634949,0.7882483005523682,0.21761904761904763,0.6674250364303589
139_class-1,4,0.535376250743866,0,0.9524377584457397,0.8906733989715576,0.47468098924051744,0.8615854382514954
139_class-1,5,0.4854097068309784,0,0.9360547661781311,0.9942559003829956,0.44241870661308,0.9902220964431763
140_class-3,0,0.7661280035972595,0,0.9973762035369873,0.9867806434631348,1.0,0.9817218780517578
140_class-3,1,0.6992053389549255,1,0.9972396492958069,0.9887431859970093,0.9775448192038894,0.9828005433082581
140_class-3,2,0.6963198781013489,0,0.997294545173645,0.9671504497528076,0.9785125469753909,0.9764673709869385
140_class-3,3,0.695224404335022,0,0.9974334836006165,0.9558083415031433,0.9837598425196851,0.9702227711677551
140_class-3,4,0.7008421421051025,0,0.9974815845489502,0.988775908946991,0.9676063682935059,0.9661267399787903
140_class-3,5,0.734277606010437,0,0.9973433017730713,0.9512660503387451,0.786487486129947,0.9430288672447205
141_class-1,0,0.7109150886535645,0,0.9907259345054626,0.9559241533279419,1.0,0.9607211351394653
141_class-1,1,0.5455087423324585,0,0.989446759223938,0.9879586696624756,0.8005602021428712,0.9694297909736633
141_class-1,2,0.5415863990783691,0,0.9896107912063599,0.9884721040725708,0.9847181262034171,0.9706316590309143
141_class-1,3,0.5517241954803467,0,0.9911535978317261,0.9888092279434204,0.9630636430836731,0.9656461477279663
141_class-1,4,0.6508060693740845,0,0.990220308303833,0.9895741939544678,0.7743962156069257,0.9828526377677917
141_class-1,5,0.650016725063324,1,0.9903560876846313,0.9914536476135254,0.996159669140726,0.9829545021057129
142_class-2,0,0.6862603425979614,0,0.995032787322998,0.9922384023666382,1.0,0.9682020545005798
142_class-2,1,0.9509297609329224,0,0.999438464641571,0.9061018228530884,0.47251877202840065,0.9866759181022644
142_class-2,2,0.9174058437347412,0,0.9994359016418457,0.9397844076156616,0.8941151431307864,0.9786458611488342
142_class-2,3,0.9187922477722168,0,0.9994853138923645,0.9906225800514221,0.9876419110690634,0.9923885464668274
142_class-2,4,0.9590613842010498,0,0.9993627071380615,0.9620567560195923,0.8950111286032246,0.721362829208374
142_class-2,5,0.952636182308197,1,0.9995896220207214,1.0004383325576782,0.9776488287126585,0.9913700222969055
143_class-2,0,0.30476126074790955,0,0.9628105759620667,1.0099105834960938,1.0,0.995462954044342
143_class-2,1,0.2915225625038147,0,0.9634444713592529,1.010181188583374,0.9998332110214158,0.9954332709312439
143_class-2,2,0.2915598452091217,1,0.9654441475868225,1.0057783126831055,0.9991994796617801,0.9935877323150635
143_class-2,3,0.2915039360523224,0,0.9634542465209961,1.0075063705444336,0.9992662264025082,0.9953881502151489
143_class-2,4,0.29148903489112854,0,0.9630983471870422,1.008676290512085,0.99983323883534,0.9955527186393738
143_class-2,5,0.29149648547172546,0,0.963470458984375,1.010069727897644,0.9997665499416375,0.9955659508705139
144_class-3,0,0.6316648125648499,0,0.9835923314094543,0.9740520715713501,1.0,0.964691162109375
144_class-3,1,0.8737863898277283,0,0.9833151698112488,0.9709727764129639,0.3756160656542004,0.9645158052444458
144_class-3,2,0.8729066848754883,0,0.9837300777435303,0.9616526365280151,0.9764790699770198,0.9629836082458496
144_class-3,3,0.8726305961608887,0,0.9851469397544861,0.969319224357605,0.982014631401238,0.9675207138061523
144_class-3,4,0.8622856140136719,0,0.981458306312561,0.9715143442153931,0.9651763349810476,0.9655538201332092
144_class-3,5,0.6624358892440796,1,0.9868212938308716,0.9758853912353516,0.514342895263509,0.961695671081543
145_class-3,0,0.6053264141082764,0,0.9937333464622498,0.9342859983444214,1.0,0.9180377721786499
145_class-3,1,0.7372377514839172,0,0.992655336856842,0.9586591720581055,0.507617931438617,0.9026429057121277
145_class-3,2,0.5411052703857422,0,0.9975935816764832,0.9271979331970215,0.31150822015725516,0.856584370136261
145_class-3,3,0.5724615454673767,0,0.9901275634765625,0.9449859857559204,0.5058761155783335,0.9408597946166992
145_class-3,4,0.9393823146820068,0,0.9931678771972656,0.9834743738174438,0.252901096561269,0.9774994850158691
145_class-3,5,0.48701202869415283,1,0.998521089553833,0.9654598236083984,0.11183860321516023,0.9708684086799622
146_class-4,0,0.9083173274993896,0,0.9956494569778442,0.9637618064880371,1.0,0.9493529796600342
146_class-4,1,0.8800186514854431,0,0.992912232875824,0.9223332405090332,0.8612390555624715,0.9148948788642883
146_class-4,2,0.4221961498260498,0,0.9795992970466614,0.9488508701324463,0.2051687653208741,0.7413011789321899
146_class-4,3,0.882684588432312,0,0.9972188472747803,0.9983301162719727,0.17254443204258607,0.9911192655563354
146_class-4,4,0.9373874664306641,1,0.9977041482925415,1.0011451244354248,0.8434057286748505,0.9928228855133057
146_class-4,5,0.9381398558616638,0,0.9976823329925537,1.0021181106567383,0.9878810135879544,0.9899247288703918
147_class-2,0,0.9799649715423584,0,0.9838598370552063,1.0081672668457031,1.0,0.9957101941108704
147_class-2,1,0.6678124070167542,0,0.9869834184646606,0.9772298336029053,0.4527206370272064,0.9481867551803589
147_class-2,2,0.9468227624893188,1,0.9838542342185974,1.0083290338516235,0.4527733230105624,0.9954924583435059
147_class-2,3,0.5927688479423523,0,0.9892997741699219,0.9670859575271606,0.33179963538501606,0.8928935527801514
147_class-2,4,0.7807600498199463,0,0.9862720370292664,0.9784806966781616,0.5190309171213302,0.976838231086731
147_class-2,5,0.9469567537307739,0,0.9838653802871704,1.0080654621124268,0.6549484142147497,0.9956333637237549
148_class-2,0,0.890299379825592,0,0.9979272484779358,1.0077539682388306,1.0,0.9934398531913757
148_class-2,1,0.8551923632621765,1,0.9979178309440613,1.007960557937622,0.9993290764390154,0.9935414791107178
148_class-2,2,0.7558343410491943,0,0.995617151260376,0.993675708770752,0.7721292514548017,0.9726203083992004
148_class-2,3,0.8552247285842896,0,0.997908353805542,1.0077255964279175,0.7722129843840371,0.9934871196746826
148_class-2,4,0.8552364110946655,0,0.9979181885719299,1.007845163345337,0.9996992133271634,0.993602454662323
148_class-2,5,0.8552166223526001,0,0.9979184865951538,1.007839322090149,0.9997223828802776,0.9935818314552307
149_class-2,0,0.997100830078125,1,0.9913047552108765,1.0064610242843628,1.0,0.9930974841117859
149_class-2,1,0.9489949345588684,0,0.9912662506103516,1.0065711736679077,0.999699305669455,0.9930064082145691
149_class-2,2,0.3167029023170471,0,0.9427991509437561,1.0085498094558716,0.21698897159205574,0.9828598499298096
149_class-2,3,0.9489347338676453,0,0.9912793636322021,1.0062936544418335,0.21702587358211703,0.9932785630226135
149_class-2,4,0.3171149492263794,0,0.9432865381240845,1.0064033269882202,0.21574180957027764,0.9702007174491882
149_class-2,5,0.3176876902580261,0,0.9426394701004028,1.0110689401626587,0.9949864265220413,0.9818115234375
150_class-2,0,0.4259311556816101,0,0.9907717704772949,0.9978524446487427,1.0,0.9727810621261597
150_class-2,1,0.923879861831665,0,0.9992112517356873,0.8621464967727661,0.08799234177899239,0.9876889586448669
150_class-2,2,0.47632211446762085,0,0.9935637712478638,0.9611003398895264,0.11591747005885182,0.7709293365478516
150_class-2,3,0.9316216707229614,1,0.9990509748458862,0.9787447452545166,0.11437017346868626,0.9913113117218018
150_class-2,4,0.4221973717212677,0,0.990485668182373,0.9934217929840088,0.08517744665924445,0.9720074534416199
150_class-2,5,0.43564093112945557,0,0.990357518196106,0.9559907913208008,0.7932070980637483,0.8452545404434204
151_class-2,0,0.9991626143455505,1,0.999103844165802,1.0109115839004517,1.0,0.9945811629295349
151_class-2,1,0.9558711051940918,0,0.9990935921669006,1.0106111764907837,0.9993646255261694,0.9945187568664551
151_class-2,2,0.7920160293579102,0,0.9953087568283081,0.9907026290893555,0.70182929143421,0.9739465713500977
151_class-2,3,0.9558507204055786,0,0.9990934729576111,1.0108752250671387,0.7018026565464895,0.9944759607315063
151_class-2,4,0.9557490348815918,0,0.9990520477294922,0.998924732208252,0.9908084836639286,0.9846353530883789
151_class-2,5,0.9558405876159668,0,0.999092161655426,1.0105715990066528,0.9908874801901744,0.9946021437644958
152_class-1,0,0.5824667811393738,1,0.9822074174880981,0.940241813659668,1.0,0.8974689841270447
152_class-1,1,0.4578498303890228,0,0.9813599586486816,0.929165244102478,0.8916582591947171,0.851593017578125
152_class-1,2,0.3820357918739319,0,0.9486453533172607,1.0001347064971924,0.35684999293086384,0.9917263388633728
152_class-1,3,0.38208603858947754,0,0.9485403299331665,0.998969316482544,0.9983098996727678,0.9906200766563416
152_class-1,4,0.3820706009864807,0,0.9482799172401428,1.0010402202606201,0.9988130777254253,0.9917922616004944
152_class-1,5,0.3822765350341797,0,0.9480745792388916,0.9996908903121948,0.9978804425923264,0.9915584325790405
153_class-4,0,0.38374853134155273,0,0.9256644248962402,0.9165447950363159,1.0,0.7203483581542969
153_class-4,1,0.5065770149230957,0,0.9913766384124756,0.9024943113327026,0.25462599787734763,0.7786567211151123
153_class-4,2,0.5944321155548096,1,0.9962489604949951,0.9008535146713257,0.3792583009918068,0.8965364694595337
153_class-4,3,0.4976503849029541,0,0.9942464232444763,0.921473503112793,0.25426267517491846,0.8000155091285706
153_class-4,4,0.495996356010437,0,0.9969155788421631,0.8848428726196289,0.28927408384517084,0.8089245557785034
153_class-4,5,0.4696706533432007,0,0.9922171831130981,0.8987442255020142,0.4070953779564075,0.8498139381408691
154_class-2,0,0.025353725999593735,0,0.9697377681732178,0.9856327772140503,1.0,0.5091513395309448
154_class-2,1,0.9234141707420349,0,0.9762727618217468,1.0075942277908325,0.058472446933039074,0.9959820508956909
154_class-2,2,0.9234141707420349,0,0.9762684106826782,1.0068141222000122,0.9983476326660311,0.9961128830909729
154_class-2,3,0.9234141707420349,0,0.976241409778595,1.0037825107574463,0.9956841838029957,0.9904614090919495
154_class-2,4,0.9239180088043213,1,0.9761704206466675,1.008185625076294,0.9939086294416244,0.9956371784210205
154_class-2,5,0.024989133700728416,0,0.9705496430397034,1.0131289958953857,0.05852011419286071,0.5151866674423218
155_class-0,0,0.994800329208374,0,0.9978562593460083,1.0036195516586304,1.0,0.9924626350402832
155_class-0,1,0.9459832310676575,0,0.9978552460670471,1.0058180093765259,0.9977219691076786,0.9925962090492249
155_class-0,2,0.9459093809127808,1,0.9978424906730652,1.005935549736023,0.9993057484032213,0.9928611516952515
155_class-0,3,0.946241021156311,0,0.997796893119812,1.003501057624817,0.9972504582569571,0.9919609427452087
155_class-0,4,0.9460663795471191,0,0.9978445172309875,1.004677653312683,0.9984142439838642,0.9925736784934998
155_class-0,5,0.9458723068237305,0,0.9978487491607666,1.0056732892990112,0.9978332129562754,0.99277263879776
156_class-2,0,0.93684321641922,0,0.9930475950241089,0.9945740699768066,1.0,0.969694972038269
156_class-2,1,0.5944439768791199,0,0.9950984716415405,0.9563724994659424,0.39595018949648075,0.9807475805282593
156_class-2,2,0.5944774150848389,0,0.9950848817825317,0.9995712041854858,0.9944399018806214,0.9907693862915039
156_class-2,3,0.7078781127929688,0,0.9956983327865601,0.9962987899780273,0.6377963737796374,0.9737979769706726
156_class-2,4,0.8571892976760864,0,0.9935767650604248,0.9717268943786621,0.6650248638408714,0.8996264338493347
156_class-2,5,0.5946716666221619,1,0.9950629472732544,1.0005179643630981,0.4381701729555977,0.9914409518241882
157_class-2,0,0.6312249898910522,0,0.9940742254257202,0.993468165397644,1.0,0.9489023685455322
157_class-2,1,0.9290945529937744,0,0.9985207319259644,0.9786862134933472,0.39505061373268047,0.9874236583709717
157_class-2,2,0.516089916229248,0,0.9853916168212891,0.9776049852371216,0.2615072757547238,0.8418675661087036
157_class-2,3,0.9305675029754639,0,0.9986430406570435,0.9835442304611206,0.2616458390651472,0.9874246716499329
157_class-2,4,0.9308266043663025,1,0.9981803894042969,0.9971880912780762,0.9820924679835034,0.9903754591941833
157_class-2,5,0.9279789924621582,0,0.998120903968811,0.9902118444442749,0.9907301379573586,0.9901100993156433
158_class-2,0,0.650627851486206,1,0.9974513053894043,0.9884412288665771,1.0,0.9905929565429688
158_class-2,1,0.66622394323349,0,0.9874376654624939,0.9399328231811523,0.27223458621826574,0.8132497668266296
158_class-2,2,0.6378661394119263,0,0.9974908828735352,0.9873664379119873,0.27227763580908415,0.9898715019226074
158_class-2,3,0.558525800704956,0,0.9900103807449341,0.9422125220298767,0.34738448730401,0.8829786777496338
158_class-2,4,0.730252206325531,0,0.9853789210319519,0.9716058969497681,0.6244634332250171,0.9165589213371277
158_class-2,5,0.6998215913772583,0,0.9978159070014954,0.9769893884658813,0.3959846131693168,0.9827558398246765
159_class-1,0,0.810814380645752,0,0.9917033910751343,0.9297802448272705,1.0,0.9216926097869873
159_class-1,1,0.4075038433074951,0,0.9892038702964783,0.9629586935043335,0.07177026493263308,0.9499340653419495
159_class-1,2,0.7102529406547546,0,0.9728485941886902,0.8535041809082031,0.08925795320972206,0.4590137004852295
159_class-1,3,0.31213414669036865,0,0.8532488942146301,0.9097511768341064,0.150541895687234,0.3477061688899994
159_class-1,4,0.46682286262512207,0,0.9864386320114136,0.8929848670959473,0.3759086355439792,0.7046775221824646
159_class-1,5,0.8359167575836182,1,0.9933642148971558,0.9708995819091797,0.16487071997299046,0.9282447099685669
160_class-2,0,0.9981065988540649,0,0.9985076785087585,0.9647204279899597,1.0,0.9890938401222229
160_class-2,1,0.6175491809844971,0,0.9969977736473083,0.9576424360275269,0.3859940872135994,0.8884943127632141
160_class-2,2,0.9230636358261108,0,0.9985339641571045,0.9824093580245972,0.38936838493414627,0.9904695749282837
160_class-2,3,0.6721949577331543,0,0.9974382519721985,0.9649431705474854,0.4816839624185681,0.9071078300476074
160_class-2,4,0.9231255054473877,0,0.9985222816467285,0.9826102256774902,0.48186104380852596,0.9901708960533142
160_class-2,5,0.9319162368774414,1,0.9983581304550171,0.9932252168655396,0.9645653347732182,0.9912742376327515
161_class-4,0,0.7311416864395142,0,0.9876521825790405,1.0076031684875488,1.0,0.9694953560829163
161_class-4,1,0.7929067611694336,1,0.9916695356369019,1.0130568742752075,0.6427344523067157,0.9943023920059204
161_class-4,2,0.5632467865943909,0,0.9871731996536255,0.9794420003890991,0.6533467768783708,0.9238964915275574
161_class-4,3,0.7929904460906982,0,0.9915854930877686,1.0114457607269287,0.6535896094010182,0.993573784828186
161_class-4,4,0.7533658742904663,0,0.9914079308509827,0.9843367338180542,0.9197555831623956,0.9819188714027405
161_class-4,5,0.7929738163948059,0,0.9916549921035767,1.00942862033844,0.919526285384171,0.9935294389724731
162_class-0,0,0.9976816177368164,0,0.9945656657218933,1.0067126750946045,1.0,0.9937642216682434
162_class-0,1,0.9527954459190369,0,0.9946271181106567,1.006260871887207,0.9987239632201164,0.9936206936836243
162_class-0,2,0.9528982639312744,0,0.9945962429046631,1.006338357925415,0.9988367729831145,0.9937570095062256
162_class-0,3,0.9520571231842041,0,0.9945989847183228,1.0070897340774536,0.9972661223878361,0.9939283132553101
162_class-0,4,0.9535788297653198,0,0.994661808013916,1.0045320987701416,0.9951687202726489,0.9936763048171997
162_class-0,5,0.9531917572021484,1,0.994588315486908,1.0076426267623901,0.9986469217469743,0.9938576817512512
163_class-0,0,0.995698094367981,0,0.9976845383644104,0.998275637626648,1.0,0.9927842617034912
163_class-0,1,0.9523046016693115,0,0.9977455735206604,0.9982151985168457,0.9881094237253759,0.9881599545478821
163_class-0,2,0.9492363333702087,1,0.9976882934570312,0.9998366832733154,0.9876837303598581,0.9929872155189514
163_class-0,3,0.9523601531982422,0,0.9977307319641113,0.9977694749832153,0.9866447034972123,0.9879770278930664
163_class-0,4,0.9523923993110657,0,0.9977239966392517,0.9979398250579834,0.9991274444387415,0.9883268475532532
163_class-0,5,0.9523135423660278,0,0.9977356791496277,0.9987194538116455,0.999384236453202,0.9884476661682129
164_class-3,0,0.805477499961853,1,0.987889289855957,0.9784018993377686,1.0,0.9548787474632263
164_class-3,1,0.9090319871902466,0,0.9700950384140015,0.9837217330932617,0.7148374667163461,0.9373195767402649
164_class-3,2,0.7711138725280762,0,0.9846368432044983,0.9780807495117188,0.7890400007267904,0.9496567249298096
164_class-3,3,0.5556274056434631,0,0.9814914464950562,0.9713956117630005,0.5232440393997975,0.9664648175239563
164_class-3,4,0.6955763101577759,0,0.9824318289756775,0.9877489805221558,0.6124852448339959,0.9552220106124878
164_class-3,5,0.9035406708717346,0,0.9695086479187012,0.9826228618621826,0.6640868974881194,0.9465494751930237
165_class-4,0,0.3819562792778015,0,0.9601906538009644,0.9852159023284912,1.0,0.9655774235725403
165_class-4,1,0.35119664669036865,0,0.964180588722229,0.9856749773025513,0.9428141059720007,0.9754984378814697
165_class-4,2,0.3498331308364868,0,0.9676102995872498,1.00336754322052,0.9799722981319957,0.9915727972984314
165_class-4,3,0.3682388663291931,1,0.9905901551246643,0.9994415044784546,0.7959854153215086,0.9899983406066895
165_class-4,4,0.35411250591278076,0,0.9609827995300293,0.9792947769165039,0.7531678559232166,0.9615161418914795
165_class-4,5,0.3497891426086426,0,0.9693014621734619,0.9467611312866211,0.9384150509011115,0.9845395088195801
166_class-1,0,0.6005872488021851,0,0.9934093356132507,0.9810123443603516,1.0,0.9710851907730103
166_class-1,1,0.5331466794013977,1,0.9934991598129272,0.9818274974822998,0.9495115724623922,0.975375771522522
166_class-1,2,0.5313394069671631,0,0.9935398101806641,0.9811767339706421,0.9862256628767904,0.9747179746627808
166_class-1,3,0.5276569724082947,0,0.9930718541145325,0.9824095964431763,0.985143223599829,0.9756596684455872
166_class-1,4,0.528958261013031,0,0.9931862950325012,0.982478141784668,0.9930148327009314,0.9766058921813965
166_class-1,5,0.5331117510795593,0,0.993478536605835,0.9818522930145264,0.9810341173977538,0.9746869206428528
167_class-0,0,0.9991231560707092,0,0.9856585264205933,0.9924047589302063,1.0,0.9855635762214661
167_class-0,1,0.9035886526107788,0,0.9860088229179382,0.9929244518280029,0.982177486379167,0.9921318292617798
167_class-0,2,0.9063024520874023,0,0.98616623878479,1.0001684427261353,0.9922416181767802,0.9951419830322266
167_class-0,3,0.912358283996582,0,0.9857903718948364,0.9984787702560425,0.9834341554211261,0.9924920797348022
167_class-0,4,0.9085191488265991,0,0.9859259128570557,1.0017656087875366,0.9889513108614232,0.9942724704742432
167_class-0,5,0.9077122211456299,1,0.9859287142753601,1.0027501583099365,0.9962637773211284,0.9942293167114258
168_class-4,0,0.4056096374988556,0,0.9632629156112671,0.9916105270385742,1.0,0.9707399606704712
168_class-4,1,0.45137327909469604,0,0.9595586061477661,0.8267853260040283,0.007018235584031543,0.6393839120864868
168_class-4,2,0.43296176195144653,0,0.9588987231254578,0.9639581441879272,0.056522776055330314,0.9785649180412292
168_class-4,3,0.4164884388446808,0,0.9685236215591431,0.8935236930847168,0.11432897974635624,0.6310686469078064
168_class-4,4,0.40600675344467163,0,0.9731972217559814,0.9416979551315308,0.08318782265411478,0.8336337208747864
168_class-4,5,0.42219078540802,1,0.9692086577415466,0.9781872034072876,0.659397279971242,0.9577812552452087
169_class-4,0,0.6583263874053955,0,0.993420422077179,0.9853427410125732,1.0,0.9720232486724854
169_class-4,1,0.921671986579895,0,0.9875036478042603,0.9975459575653076,0.46480755523877404,0.9825831055641174
169_class-4,2,0.6320969462394714,0,0.9856448173522949,1.0014616250991821,0.4473150849684848,0.9906969666481018
169_class-4,3,0.9587271809577942,1,0.9859665632247925,1.0069655179977417,0.41394438722966015,0.9938483238220215
169_class-4,4,0.4834682047367096,0,0.9960775375366211,0.9207683801651001,0.14590373361905548,0.9458267688751221
169_class-4,5,0.6635921001434326,0,0.9941312074661255,0.9398390650749207,0.25033211557622054,0.9664096236228943
170_class-4,0,0.745360791683197,0,0.996353805065155,0.9843509197235107,1.0,0.9883052706718445
170_class-4,1,0.7952225208282471,0,0.9977965950965881,0.9940758943557739,0.6599511599511599,0.993804395198822
170_class-4,2,0.7811211347579956,0,0.9978811740875244,0.9829672574996948,0.9568345323741008,0.9878997206687927
170_class-4,3,0.7439638376235962,0,0.9969125986099243,0.9858715534210205,0.6025385502989615,0.9933567643165588
170_class-4,4,0.9040555953979492,1,0.9970257878303528,0.997658371925354,0.5993563958165729,0.995681881904602
170_class-4,5,0.8962582945823669,0,0.9973255395889282,0.9863079786300659,0.9779609957190424,0.9900645017623901
171_class-2,0,0.9994186162948608,0,0.9858731031417847,0.9587626457214355,1.0,0.9566690325737
171_class-2,1,0.8867079019546509,0,0.9859428405761719,0.9977587461471558,0.9851572884359769,0.9937703609466553
171_class-2,2,0.7084161043167114,0,0.9858525991439819,0.9281994104385376,0.4319910514541387,0.9413946866989136
171_class-2,3,0.8897404670715332,0,0.9859563112258911,0.9991738796234131,0.4358916478555305,0.996284544467926
171_class-2,4,0.8890196084976196,1,0.9860364198684692,1.001104474067688,0.9948291366906474,0.9954959154129028
171_class-2,5,0.8899574279785156,0,0.9860187768936157,0.9814333915710449,0.9809331538806639,0.9899135231971741
172_class-4,0,0.9946243762969971,0,0.9905295372009277,1.0028020143508911,1.0,0.9876724481582642
172_class-4,1,0.7195991277694702,1,0.9907276630401611,1.0050828456878662,0.9884437825763217,0.9942032098770142
172_class-4,2,0.7207067608833313,0,0.9904425144195557,1.0021547079086304,0.9878481012658228,0.9865484237670898
172_class-4,3,0.7211916446685791,0,0.9903875589370728,1.001532793045044,0.9981610442856712,0.9871211647987366
172_class-4,4,0.7210785150527954,0,0.9904478788375854,1.0033702850341797,0.9990345597441583,0.9872194528579712
172_class-4,5,0.7212496399879456,0,0.9903966188430786,1.0044459104537964,0.9990649554345695,0.9872603416442871
173_class-3,0,0.6057538390159607,0,0.9934576749801636,0.8703593015670776,1.0,0.7902869582176208
173_class-3,1,0.45576703548431396,1,0.9897854924201965,0.9772284030914307,0.437492816367189,0.974707305431366
173_class-3,2,0.4771941900253296,0,0.975556492805481,0.8128266334533691,0.1938069895935731,0.5511792302131653
173_class-3,3,0.5035097599029541,0,0.9928879737854004,0.9343430995941162,0.5463404730484215,0.7746437191963196
173_class-3,4,0.546009361743927,0,0.9908899068832397,0.9241931438446045,0.4316338175873662,0.9302080273628235
173_class-3,5,0.5072866678237915,0,0.9912124276161194,0.9511978626251221,0.7231213557844259,0.9290094375610352
174_class-4,0,0.31058692932128906,0,0.9692891836166382,0.9498236179351807,1.0,0.7536245584487915
174_class-4,1,0.3962796926498413,0,0.9904152154922485,0.972883939743042,0.337877072978692,0.9588921666145325
174_class-4,2,0.37771275639533997,0,0.9802916049957275,0.9647507667541504,0.1798426041852978,0.8855984210968018
174_class-4,3,0.40620553493499756,0,0.9856101274490356,0.858853816986084,0.4540790460933222,0.8310635089874268
174_class-4,4,0.3960520029067993,0,0.9891438484191895,0.9498550891876221,0.37776567499489416,0.8744455575942993
174_class-4,5,0.48185721039772034,1,0.991958498954773,0.9905259609222412,0.8044927119294208,0.9440737366676331
175_class-4,0,0.8918444514274597,1,0.9960468411445618,1.0135241746902466,1.0,0.992634654045105
175_class-4,1,0.6737121343612671,0,0.9913930296897888,0.9976726770401001,0.6074147853032316,0.9881612658500671
175_class-4,2,0.619135320186615,0,0.995866060256958,0.981948971748352,0.4411781742354032,0.8849802017211914
175_class-4,3,0.5446336269378662,0,0.99664306640625,0.9980992674827576,0.6877571546127823,0.9955729246139526
175_class-4,4,0.670164167881012,0,0.9919593334197998,0.9890792369842529,0.546699604025139,0.9903956651687622
175_class-4,5,0.8646765947341919,0,0.9960647821426392,1.0129995346069336,0.600668911136706,0.9923639297485352
176_class-0,0,0.9986200332641602,0,0.9574871063232422,1.0039021968841553,1.0,0.9885940551757812
176_class-0,1,0.9489593505859375,0,0.9575203061103821,1.0000996589660645,0.998646792899171,0.9877265691757202
176_class-0,2,0.9490323066711426,0,0.9570483565330505,1.0025932788848877,0.9993280243917116,0.9882622957229614
176_class-0,3,0.9489485025405884,0,0.9573871493339539,1.0032641887664795,0.9992379959292941,0.9882071614265442
176_class-0,4,0.9493932723999023,0,0.9583795666694641,1.0063064098358154,0.9906437088217892,0.9807103872299194
176_class-0,5,0.9494064450263977,1,0.9583846926689148,1.0083063840866089,0.9988767228642556,0.9808067679405212
177_class-4,0,0.6133841872215271,0,0.8888359069824219,0.9879612922668457,1.0,0.9037845134735107
177_class-4,1,0.23814907670021057,1,0.9627769589424133,0.9492104053497314,0.42680165642161294,0.5536810159683228
177_class-4,2,0.6043795943260193,0,0.8862349987030029,0.908960223197937,0.2927290787186491,0.5577729344367981
177_class-4,3,0.9588593244552612,0,0.8222830295562744,1.0085413455963135,0.41060349689791314,0.9937715530395508
177_class-4,4,0.6528376340866089,0,0.8936235904693604,0.9528094530105591,0.5131615925058548,0.8562077283859253
177_class-4,5,0.25361114740371704,0,0.9639235734939575,0.9464085102081299,0.37997861465970195,0.5320286154747009
178_class-0,0,0.05326097458600998,0,0.9227809906005859,0.9949902296066284,1.0,0.672869086265564
178_class-0,1,0.7460343837738037,1,0.9352604746818542,0.981177806854248,0.08947362433591573,0.9605045914649963
178_class-0,2,0.7694288492202759,0,0.9368257522583008,0.9347313642501831,0.8898904343771855,0.8527995944023132
178_class-0,3,0.008613080717623234,0,0.9424945712089539,0.9650983810424805,0.0,0.8764408230781555
178_class-0,4,0.7459210157394409,0,0.9349991679191589,0.980504035949707,7.890075468571857e-05,0.9588536024093628
178_class-0,5,0.05136796459555626,0,0.9189525246620178,0.9903401136398315,0.08945238449420802,0.5977139472961426
179_class-1,0,0.6254405975341797,1,0.990843653678894,0.984440803527832,1.0,0.9625738263130188
179_class-1,1,0.5567692518234253,0,0.9886484146118164,0.9805921316146851,0.9345624067299693,0.9555847644805908
179_class-1,2,0.5571814775466919,0,0.9909136295318604,0.9814395904541016,0.9376626120950381,0.9631335139274597
179_class-1,3,0.5568283796310425,0,0.9909802079200745,0.9813233613967896,0.9959601931224751,0.9657325744628906
179_class-1,4,0.557576596736908,0,0.9910851716995239,0.9810810089111328,0.9926200297443668,0.9607143402099609
179_class-1,5,0.5568309426307678,0,0.990813672542572,0.9834641218185425,0.9894182864360396,0.9603337645530701
180_class-4,0,0.4288133382797241,0,0.9935302138328552,0.9486167430877686,1.0,0.9262067675590515
180_class-4,1,0.468870609998703,0,0.9969028830528259,0.9107584953308105,0.12834037685488228,0.9132882356643677
180_class-4,2,0.8283827304840088,0,0.9889470338821411,0.9368327856063843,0.18282677342957032,0.914635419845581
180_class-4,3,0.4335843324661255,1,0.9967279434204102,0.9561516046524048,0.3230410801251912,0.9476756453514099
180_class-4,4,0.918956995010376,0,0.9917691349983215,0.9350744485855103,0.18407611136057475,0.9605118036270142
180_class-4,5,0.4005625545978546,0,0.9995610117912292,0.9289119243621826,0.0742865925508479,0.9855470061302185
181_class-0,0,0.9759618043899536,0,0.9958200454711914,0.9754840135574341,1.0,0.9616763591766357
181_class-0,1,0.9004501104354858,0,0.9958527684211731,0.9922170639038086,0.9543552311435524,0.9711052179336548
181_class-0,2,0.9098628759384155,0,0.9970037937164307,1.00026273727417,0.9321189475323057,0.9902622699737549
181_class-0,3,0.9102612137794495,0,0.9971089363098145,0.999267578125,0.9978518726067059,0.9899640679359436
181_class-0,4,0.9046968221664429,1,0.9970314502716064,1.001315951347351,0.982564731116899,0.991705060005188
181_class-0,5,0.9101322889328003,0,0.9970882534980774,1.0008724927902222,0.9828405086563505,0.9902173280715942
182_class-3,0,0.9576262831687927,1,0.9970825910568237,0.9770482778549194,1.0,0.9867222309112549
182_class-3,1,0.8546349406242371,0,0.9970368146896362,0.973076343536377,0.8929715061058344,0.9717809557914734
182_class-3,2,0.4459301233291626,0,0.9833400845527649,0.9634507894515991,0.1770751085669167,0.7354562282562256
182_class-3,3,0.8718222379684448,0,0.9949455261230469,0.9097970724105835,0.1937374858273225,0.7978672385215759
182_class-3,4,0.8654011487960815,0,0.9953562021255493,0.8988874554634094,0.934603327706776,0.9637520909309387
182_class-3,5,0.4934816360473633,0,0.9838042259216309,0.9737735986709595,0.264820706614613,0.7562872767448425
183_class-3,0,0.9983953237533569,0,0.9924907684326172,0.997138500213623,1.0,0.989894449710846
183_class-3,1,0.6689925789833069,0,0.9777691960334778,0.9748915433883667,0.5820981792659262,0.9525938034057617
183_class-3,2,0.9005218744277954,0,0.992072582244873,1.0018192529678345,0.57782243080692,0.9908297061920166
183_class-3,3,0.9047112464904785,0,0.9920933246612549,0.9965107440948486,0.978011018237082,0.9827848672866821
183_class-3,4,0.9009218215942383,1,0.9919280409812927,1.0029438734054565,0.9828413240102141,0.9912107586860657
183_class-3,5,0.7073346376419067,0,0.9839473366737366,0.9872701168060303,0.6361346077503283,0.9198139905929565
184_class-1,0,0.6100704669952393,0,0.9875714778900146,0.979857325553894,1.0,0.9608940482139587
184_class-1,1,0.5331238508224487,0,0.9871901273727417,0.9805032014846802,0.9588100686498856,0.9601333141326904
184_class-1,2,0.5333715677261353,0,0.9874202609062195,0.9802237749099731,0.9917393154982422,0.9598259329795837
184_class-1,3,0.5119619965553284,0,0.9861963391304016,0.9772800207138062,0.854412395028019,0.9644081592559814
184_class-1,4,0.5333526730537415,0,0.9877290725708008,0.9794340133666992,0.885916976659973,0.9602392315864563
184_class-1,5,0.5335715413093567,1,0.9871426820755005,0.9874780178070068,0.9223041264533779,0.9714706540107727
185_class-1,0,0.8006681203842163,1,0.9654762744903564,0.9907430410385132,1.0,0.968339741230011
185_class-1,1,0.6521876454353333,0,0.964396595954895,0.9921078681945801,0.9851905638393084,0.9701359272003174
185_class-1,2,0.6257206797599792,0,0.9570080041885376,0.949184775352478,0.8685774086827358,0.9324021935462952
185_class-1,3,0.6097732782363892,0,0.950117826461792,0.960307240486145,0.8999439299317492,0.9356183409690857
185_class-1,4,0.6072268486022949,0,0.9476113319396973,0.9618812799453735,0.9790086472475408,0.9429174065589905
185_class-1,5,0.49069997668266296,0,0.9493495225906372,0.9587091207504272,0.2834522842856532,0.9732713103294373
186_class-4,0,0.4337503910064697,0,0.9787476062774658,0.9982239007949829,1.0,0.990703284740448
186_class-4,1,0.31914329528808594,0,0.9848920106887817,1.0000205039978027,0.3263135452693419,0.9879179000854492
186_class-4,2,0.31912052631378174,0,0.9850770831108093,1.001391053199768,0.999584446423271,0.9888059496879578
186_class-4,3,0.42189350724220276,0,0.9787105321884155,0.9981204271316528,0.3263800047382137,0.9905528426170349
186_class-4,4,0.42197075486183167,0,0.9780722856521606,1.0020371675491333,0.9948374144050479,0.9918047785758972
186_class-4,5,0.31910938024520874,1,0.9853407144546509,1.0020986795425415,0.326799010381524,0.9888606071472168
187_class-2,0,0.9690176844596863,0,0.9784403443336487,1.0061125755310059,1.0,0.9719647765159607
187_class-2,1,0.9273817539215088,1,0.9785298109054565,1.0051381587982178,0.998618235505669,0.973742663860321
187_class-2,2,0.9437298774719238,0,0.9756896495819092,1.0071618556976318,0.967368613806995,0.9892306327819824
187_class-2,3,0.9434936046600342,0,0.9758982062339783,1.0041847229003906,0.9963375664960583,0.9865285158157349
187_class-2,4,0.9269533157348633,0,0.9784400463104248,1.0055434703826904,0.9693271828423354,0.9732689261436462
187_class-2,5,0.9270358085632324,0,0.9786128997802734,1.0050173997879028,0.9993367255085894,0.97250896692276
188_class-1,0,0.4615247845649719,0,0.9831166863441467,1.008131742477417,1.0,0.9914657473564148
188_class-1,1,0.42620420455932617,0,0.9830117225646973,1.0084846019744873,0.999529964747356,0.9916895031929016
188_class-1,2,0.426988422870636,1,0.9833570122718811,1.0087974071502686,0.9971138914119957,0.9910779595375061
188_class-1,3,0.42637255787849426,0,0.9828696846961975,1.008376955986023,0.9975389663658737,0.9918549060821533
188_class-1,4,0.4260789155960083,0,0.9827688932418823,1.0092244148254395,0.9986200416923574,0.9915144443511963
188_class-1,5,0.42603644728660583,0,0.9830483198165894,1.0090034008026123,0.9988394299985309,0.9917957782745361
189_class-2,0,0.9942854642868042,0,0.9948102831840515,1.008143663406372,1.0,0.9944013357162476
189_class-2,1,0.9612905979156494,0,0.9948482513427734,1.008281946182251,0.9985865724381625,0.9944683313369751
189_class-2,2,0.9612274765968323,1,0.9948241710662842,1.0084701776504517,0.9994694290045477,0.9945145845413208
189_class-2,3,0.9608982801437378,0,0.994805097579956,1.0081329345703125,0.9984356075898264,0.994378387928009
189_class-2,4,0.9612371921539307,0,0.9947941899299622,1.0081876516342163,0.9984608008881936,0.9944517016410828
189_class-2,5,0.9613341093063354,0,0.9948811531066895,1.0081626176834106,0.9990399676620686,0.9942725896835327
190_class-2,0,0.9946572780609131,0,0.9940212368965149,1.0082758665084839,1.0,0.9953373074531555
190_class-2,1,0.964775800704956,0,0.9941613674163818,1.0060113668441772,0.9957738637513919,0.9958148002624512
190_class-2,2,0.9638360738754272,0,0.9940119385719299,1.0073578357696533,0.9956226911593543,0.9953181743621826
190_class-2,3,0.963890790939331,0,0.9940291047096252,1.00787353515625,0.9995697945136147,0.9953792095184326
190_class-2,4,0.9639634490013123,1,0.9940279722213745,1.008196473121643,0.9996203204495406,0.9954814910888672
190_class-2,5,0.964104950428009,0,0.9940537214279175,1.0073891878128052,0.9989116679321691,0.9954276084899902
191_class-2,0,0.987600564956665,0,0.9986553192138672,0.9853551983833313,1.0,0.981404185295105
191_class-2,1,0.936552107334137,0,0.998629093170166,0.9880701303482056,0.9901407390682622,0.9910799860954285
191_class-2,2,0.937089204788208,0,0.9986226558685303,1.0021170377731323,0.988330070772474,0.9911829829216003
191_class-2,3,0.9368401765823364,1,0.9985880255699158,1.0025348663330078,0.9988970448408322,0.9916111826896667
191_class-2,4,0.937147855758667,0,0.9986602067947388,1.0022553205490112,0.99798502072007,0.9913093447685242
191_class-2,5,0.8985265493392944,0,0.9983735084533691,0.9730852842330933,0.912241914203188,0.9521572589874268
192_class-3,0,0.9714782238006592,0,0.9916095733642578,0.971152663230896,1.0,0.9641897678375244
192_class-3,1,0.8744538426399231,0,0.9910172820091248,0.9975278973579407,0.818915745180546,0.9689196944236755
192_class-3,2,0.8737509250640869,1,0.9910722970962524,0.9950785636901855,0.9942923392490859,0.9882891178131104
192_class-3,3,0.8595339059829712,0,0.9911398887634277,0.9926597476005554,0.941058291724525,0.9728838205337524
192_class-3,4,0.8742393851280212,0,0.9909732341766357,0.9968917965888977,0.9440080623647628,0.9697920680046082
192_class-3,5,0.8745715618133545,0,0.9908703565597534,0.9974290728569031,0.9955924833973614,0.9682871103286743
193_class-4,0,0.9977246522903442,0,0.9966126680374146,1.005637526512146,1.0,0.9907110929489136
193_class-4,1,0.9735212326049805,0,0.9966356158256531,1.0066453218460083,0.9993085509202858,0.9908424019813538
193_class-4,2,0.9722712635993958,1,0.9966669678688049,1.0069102048873901,0.9915573917729478,0.9953888654708862
193_class-4,3,0.9735758900642395,0,0.9966052174568176,1.0046262741088867,0.9911164818655388,0.989955723285675
193_class-4,4,0.9722988605499268,0,0.9966701865196228,1.0063344240188599,0.9911974131173242,0.9954881072044373
193_class-4,5,0.9734575152397156,0,0.9966241717338562,1.0055205821990967,0.9919649856284296,0.9909776449203491
194_class-2,0,0.8759835958480835,0,0.9980016946792603,1.0038995742797852,1.0,0.9915808439254761
194_class-2,1,0.9577122926712036,0,0.9969320297241211,0.9983117580413818,0.7963073257891602,0.9920784831047058
194_class-2,2,0.8586682081222534,0,0.9979695081710815,1.0037357807159424,0.7964698874502304,0.9917444586753845
194_class-2,3,0.9577287435531616,0,0.9969232678413391,1.005942940711975,0.7944354234324257,0.994838535785675
194_class-2,4,0.8585841655731201,0,0.9979693293571472,1.0040509700775146,0.7945291031726205,0.991635799407959
194_class-2,5,0.8587759733200073,1,0.9979681372642517,1.0043041706085205,0.9986652010050251,0.991866946220398
195_class-0,0,0.9937818050384521,1,0.9985800981521606,0.9953378438949585,1.0,0.9805681109428406
195_class-0,1,0.9152665138244629,0,0.9983853101730347,0.9866608381271362,0.9885012718683487,0.9746200442314148
195_class-0,2,0.552915096282959,0,0.966099739074707,0.9998331069946289,0.3886608154020385,0.9644825458526611
195_class-0,3,0.8719121217727661,0,0.9978508949279785,0.911076545715332,0.41101768270063066,0.9084569811820984
195_class-0,4,0.5566580891609192,0,0.9612922072410583,0.9730308055877686,0.4152284896027892,0.9533720016479492
195_class-0,5,0.9147992134094238,0,0.9981895089149475,0.8819956183433533,0.3931394658753709,0.9760245680809021
196_class-3,0,0.6253037452697754,0,0.9862388968467712,0.9556444883346558,1.0,0.9528220295906067
196_class-3,1,0.2737686336040497,0,0.9676424264907837,0.9890315532684326,0.12221426235380231,0.9582954049110413
196_class-3,2,0.2947394847869873,0,0.9669138789176941,0.9773410558700562,0.8027924185278803,0.926669716835022
196_class-3,3,0.28236234188079834,0,0.9684603214263916,0.9862912893295288,0.7945968989800107,0.953153133392334
196_class-3,4,0.4687579274177551,1,0.9914254546165466,0.9883384704589844,0.05607668336554771,0.9895329475402832
196_class-3,5,0.6752501130104065,0,0.9908822774887085,0.9579805135726929,0.13675165035283404,0.951913595199585
197_class-0,0,0.9993067979812622,0,0.9265909790992737,1.0067009925842285,1.0,0.9916653633117676
197_class-0,1,0.9366649985313416,0,0.9261091351509094,1.0081783533096313,0.9929109437306158,0.9937747716903687
197_class-0,2,0.9362983107566833,0,0.9259684681892395,0.974212646484375,0.9950445047661133,0.9900352954864502
197_class-0,3,0.34745144844055176,1,0.9596638679504395,1.0159015655517578,0.21382069713820698,0.9796353578567505
197_class-0,4,0.3473360538482666,0,0.9595367908477783,1.006671667098999,0.9989081044421838,0.9638793468475342
197_class-0,5,0.3435220718383789,0,0.9576206207275391,0.9953653812408447,0.9878195835083393,0.9083555936813354
198_class-2,0,0.36670732498168945,0,0.980284571647644,0.9420168399810791,1.0,0.9206583499908447
198_class-2,1,0.3059527277946472,0,0.9773470759391785,0.935540497303009,0.5758052407678833,0.8745006322860718
198_class-2,2,0.3026248812675476,0,0.9794656038284302,0.9359217882156372,0.9731467791761326,0.8794924020767212
198_class-2,3,0.11495252698659897,0,0.8304915428161621,0.9898358583450317,0.3558135944977102,0.7556438446044922
198_class-2,4,0.36193346977233887,1,0.9805241823196411,0.9538134336471558,0.22058899199012058,0.9263359308242798
198_class-2,5,0.3023146688938141,0,0.9804351925849915,0.9477660655975342,0.5960314355819495,0.8873841762542725
199_class-1,0,0.0588517002761364,0,0.8486078977584839,0.9772855043411255,1.0,0.49274423718452454
199_class-1,1,0.10406816005706787,0,0.7763391733169556,0.9323351383209229,0.9231485967723901,0.4022679328918457
199_class-1,2,0.061069559305906296,0,0.8149014115333557,0.9375635385513306,0.9342129582479923,0.4109575152397156
199_class-1,3,0.06920838356018066,0,0.7960239052772522,0.9405533075332642,0.9870065212553699,0.4010929465293884
199_class-1,4,0.6951754093170166,1,0.983766496181488,0.9830673933029175,0.2196090700629166,0.8977901935577393
199_class-1,5,0.6232821941375732,0,0.9869797229766846,0.9265949726104736,0.7264762715750172,0.7383017539978027
200_class-2,0,0.9314517378807068,1,0.998142659664154,0.9847646951675415,1.0,0.9825541973114014
200_class-2,1,0.8779144287109375,0,0.9978227019309998,0.9832544326782227,0.9651595444807758,0.9780081510543823
200_class-2,2,0.9050631523132324,0,0.9961158633232117,0.9594182968139648,0.7852788853751318,0.9586794376373291
200_class-2,3,0.8779580593109131,0,0.9974959492683411,0.9824731349945068,0.784591411155415,0.9780007004737854
200_class-2,4,0.8790713548660278,0,0.9969865083694458,0.9896457195281982,0.9828699965393932,0.9804808497428894
200_class-2,5,0.9148354530334473,0,0.9963524341583252,0.978524923324585,0.7995552879047575,0.9820466041564941
201_class-2,0,0.8746792078018188,0,0.9987690448760986,0.9425679445266724,1.0,0.919457733631134
201_class-2,1,0.9285330176353455,0,0.9974924325942993,0.9193564057350159,0.7586724938541383,0.9909033179283142
201_class-2,2,0.8380986452102661,0,0.9987959265708923,0.953490138053894,0.7740496244024585,0.9480512738227844
201_class-2,3,0.9291232824325562,1,0.9976090788841248,1.004094123840332,0.7727438634911945,0.9920650124549866
201_class-2,4,0.7343257665634155,0,0.9993833899497986,0.9896563291549683,0.534372135655362,0.9891271591186523
201_class-2,5,0.8513501882553101,0,0.9974376559257507,0.9538449048995972,0.6090377574995902,0.8407168984413147
202_class-3,0,0.5832501649856567,1,0.9924682378768921,0.9615399837493896,1.0,0.9875791072845459
202_class-3,1,0.7456737160682678,0,0.9903925657272339,0.9332042932510376,0.18804115596536602,0.8889092803001404
202_class-3,2,0.6942194700241089,0,0.9927091002464294,0.9429241418838501,0.7721053936484324,0.8740448951721191
202_class-3,3,0.7536448240280151,0,0.994770348072052,0.8722176551818848,0.6160306926586478,0.8633931279182434
202_class-3,4,0.7391713857650757,0,0.9943943619728088,0.777438759803772,0.843982784307234,0.5726777911186218
202_class-3,5,0.4062204360961914,0,0.9267679452896118,0.970061182975769,0.22394648829431438,0.8780384659767151
203_class-4,0,0.8681422472000122,1,0.9942991733551025,0.9936333894729614,1.0,0.9856727719306946
203_class-4,1,0.9193342924118042,0,0.9869084358215332,0.9978392124176025,0.7614543304759089,0.9929350018501282
203_class-4,2,0.8163158297538757,0,0.9943526983261108,0.9904158115386963,0.7584618110933901,0.985792338848114
203_class-4,3,0.2985164225101471,0,0.9522337913513184,0.9627221822738647,0.04444090601488794,0.6314629316329956
203_class-4,4,0.9226096868515015,0,0.9874448776245117,0.9954895973205566,0.04602916276240732,0.9920773506164551
203_class-4,5,0.9209457039833069,0,0.9859684705734253,0.9938153028488159,0.9945870708320446,0.9934820532798767
204_class-4,0,0.46638286113739014,0,0.9809899926185608,0.7939990758895874,1.0,0.45122042298316956
204_class-4,1,0.5029236674308777,0,0.9935023188591003,0.9008443355560303,0.10433281546694287,0.7742112278938293
204_class-4,2,0.4116840660572052,0,0.7859088182449341,0.8968098163604736,0.19517222276534038,0.347806453704834
204_class-4,3,0.3748006224632263,0,0.990049421787262,0.8735520839691162,0.21154133333333333,0.7813315987586975
204_class-4,4,0.400381863117218,1,0.9910876750946045,0.9529699087142944,0.5011491246099516,0.9281236529350281
204_class-4,5,0.04975347965955734,0,0.6557292938232422,0.9663156270980835,0.1219516743181708,0.39141911268234253
205_class-2,0,0.737913966178894,0,0.9957343339920044,0.9597584009170532,1.0,0.9372079372406006
205_class-2,1,0.5715277194976807,0,0.9905375838279724,0.9686075448989868,0.5611067888915198,0.9415463209152222
205_class-2,2,0.8189548254013062,0,0.9969109296798706,0.9925229549407959,0.3382482245519107,0.9915457367897034
205_class-2,3,0.523611307144165,0,0.9868009090423584,0.9957805871963501,0.246983207580723,0.9793471693992615
205_class-2,4,0.8180773258209229,0,0.9968788623809814,0.9709227085113525,0.24730364166983884,0.9863143563270569
205_class-2,5,0.8189282417297363,1,0.9968660473823547,0.9947316646575928,0.9942800788954635,0.991043746471405
206_class-2,0,0.998814582824707,0,0.9951130151748657,0.9957574605941772,1.0,0.9841499328613281
206_class-2,1,0.927005410194397,0,0.9959108829498291,1.0050002336502075,0.86395823876532,0.9937165975570679
206_class-2,2,0.925997257232666,0,0.9958374500274658,1.0029691457748413,0.9971210217755444,0.9944151639938354
206_class-2,3,0.9270725250244141,1,0.9958710670471191,1.0056767463684082,0.9970686767169179,0.9936920404434204
206_class-2,4,0.925930380821228,0,0.9958274364471436,1.005366325378418,0.9969119648278028,0.9940606951713562
206_class-2,5,0.9273473620414734,0,0.9958995580673218,1.0046886205673218,0.9960745315607662,0.9921250343322754
207_class-2,0,0.42935770750045776,0,0.9967159628868103,1.0091172456741333,1.0,0.9976402521133423
207_class-2,1,0.40444043278694153,0,0.9965494275093079,0.9965707063674927,0.8859804378202143,0.9871546030044556
207_class-2,2,0.447395920753479,0,0.9976485967636108,0.9926168918609619,0.7804847936129059,0.988405704498291
207_class-2,3,0.408732533454895,1,0.9967325329780579,1.009752869606018,0.8645819108744139,0.9977757930755615
207_class-2,4,0.355112224817276,0,0.9789876937866211,0.9886579513549805,0.3295589157549996,0.8718718886375427
207_class-2,5,0.3358363211154938,0,0.9596150517463684,0.9891737699508667,0.8273220179160773,0.9543036222457886
208_class-4,0,0.3727859556674957,1,0.9777939319610596,1.0025780200958252,1.0,0.9927049279212952
208_class-4,1,0.5193026661872864,0,0.9247928261756897,0.9341578483581543,0.451249592777028,0.7689593434333801
208_class-4,2,0.4334990382194519,0,0.941785454750061,0.9472354650497437,0.707786486110467,0.899943470954895
208_class-4,3,0.439696729183197,0,0.9385753870010376,0.9428833723068237,0.9253339352032337,0.8992708325386047
208_class-4,4,0.3903452754020691,0,0.9466311931610107,0.9793649911880493,0.7067921720066775,0.9533878564834595
208_class-4,5,0.3935786187648773,0,0.9529227018356323,0.9725512266159058,0.8735603591950449,0.9482861161231995
209_class-3,0,0.4444674849510193,0,0.9666557908058167,0.9114241600036621,1.0,0.30005574226379395
209_class-3,1,0.876598596572876,1,0.9863277673721313,0.9833950996398926,0.0023613928892140886,0.9892968535423279
209_class-3,2,0.2380852848291397,0,0.9384721517562866,0.9643141031265259,0.0016895384067011228,0.9148539304733276
209_class-3,3,0.2846055030822754,0,0.9573587775230408,0.9918879270553589,0.856595081052466,0.9796975255012512
209_class-3,4,0.24304485321044922,0,0.9099206924438477,0.9928321838378906,0.01915766779507158,0.9629671573638916
209_class-3,5,0.8694926500320435,0,0.9864018559455872,0.9052364826202393,0.029617570811986568,0.9781122207641602
210_class-0,0,0.7654000520706177,0,0.9833027720451355,0.9637836217880249,1.0,0.9832599759101868
210_class-0,1,0.9230227470397949,0,0.9804795980453491,0.9950271844863892,0.583933835571569,0.9951889514923096
210_class-0,2,0.7377276420593262,1,0.9843699932098389,0.990273118019104,0.5853238118689977,0.9866713881492615
210_class-0,3,0.9244146347045898,0,0.9806992411613464,0.9983160495758057,0.5836138248091289,0.9951541423797607
210_class-0,4,0.7437082529067993,0,0.9827930927276611,0.9878711700439453,0.596912233596241,0.9911779165267944
210_class-0,5,0.9274370670318604,0,0.9803765416145325,0.985561192035675,0.5939521209575809,0.9926251769065857
211_class-1,0,0.38686203956604004,0,0.9645483493804932,0.9630072116851807,1.0,0.9072549343109131
211_class-1,1,0.35278865694999695,0,0.9645838141441345,0.950654149055481,0.8670550514470127,0.8181849122047424
211_class-1,2,0.4455008804798126,0,0.9893322587013245,0.961993932723999,0.5300724410763867,0.8961426019668579
211_class-1,3,0.3570181727409363,0,0.9646685123443604,0.9504159688949585,0.5487783275664568,0.8462626934051514
211_class-1,4,0.27751120924949646,0,0.9289305210113525,0.9746795892715454,0.6259358666478316,0.8570262789726257
211_class-1,5,0.5870407819747925,1,0.9951832294464111,0.9369491338729858,0.1553567549113932,0.9393801093101501
212_class-1,0,0.32633259892463684,0,0.9093088507652283,0.9429527521133423,1.0,0.3627694249153137
212_class-1,1,0.28315338492393494,0,0.8614082932472229,0.9119261503219604,0.7349062528034449,0.3076518774032593
212_class-1,2,0.4502579867839813,1,0.9733985662460327,0.9888812303543091,0.11284706253367147,0.9813136458396912
212_class-1,3,0.32054370641708374,0,0.9518741965293884,0.9297029972076416,0.34656382803878755,0.5606538653373718
212_class-1,4,0.3675451874732971,0,0.9251869916915894,0.9458554983139038,0.27555931665520705,0.5902062058448792
212_class-1,5,0.4758811593055725,0,0.9754882454872131,0.9036566019058228,0.5289512825196357,0.9016439914703369
213_class-2,0,0.02014058642089367,1,0.8917641639709473,1.0027211904525757,1.0,0.9112918376922607
213_class-2,1,0.018256109207868576,0,0.8899306058883667,1.004865288734436,0.9962864632343057,0.90790855884552
213_class-2,2,0.019243499264121056,0,0.8907668590545654,1.002752423286438,0.9975803402646503,0.9049044251441956
213_class-2,3,0.01827356591820717,0,0.889409065246582,1.0035531520843506,0.9975929224358112,0.9070602655410767
213_class-2,4,0.017179081216454506,0,0.8888258934020996,1.0040158033370972,0.9972265746101704,0.9087523221969604
213_class-2,5,0.017182953655719757,0,0.8887866735458374,1.00290846824646,0.9990787423996248,0.9019166231155396
214_class-2,0,0.694180965423584,0,0.9976716041564941,0.9540407657623291,1.0,0.9372886419296265
214_class-2,1,0.8208193778991699,0,0.9871096611022949,0.968614935874939,0.4123080073725169,0.9380204081535339
214_class-2,2,0.7729003429412842,0,0.9905790090560913,0.9623593091964722,0.8231128191051331,0.8466536998748779
214_class-2,3,0.8066291213035583,1,0.997868537902832,0.9915813207626343,0.6248166447927122,0.979658305644989
214_class-2,4,0.8784648180007935,0,0.9907714128494263,0.9398500919342041,0.7569668867968713,0.9115839004516602
214_class-2,5,0.8883508443832397,0,0.9919470548629761,0.993966817855835,0.8961556493202063,0.9750031232833862
215_class-0,0,0.9370086193084717,0,0.997846245765686,0.9496146440505981,1.0,0.9224405884742737
215_class-0,1,0.9072123765945435,1,0.9962463974952698,0.9903193712234497,0.8937380268199234,0.9803586602210999
215_class-0,2,0.8111733198165894,0,0.9978221654891968,0.9758862257003784,0.8072793643976809,0.9675121307373047
215_class-0,3,0.9083870649337769,0,0.99628746509552,0.9891397953033447,0.8054138245877867,0.9808269739151001
215_class-0,4,0.9083799719810486,0,0.996347188949585,0.988749623298645,0.9977709761128485,0.9821354746818542
215_class-0,5,0.9083837270736694,0,0.9963544607162476,0.9860327243804932,0.9946767807831787,0.9817574620246887
216_class-4,0,0.44105425477027893,1,0.9930908679962158,0.9875158071517944,1.0,0.9888344407081604
216_class-4,1,0.40849512815475464,0,0.993144154548645,0.9814068078994751,0.9869412008567677,0.9830769300460815
216_class-4,2,0.6400795578956604,0,0.9946083426475525,0.953094482421875,0.44389924762839383,0.8350245952606201
216_class-4,3,0.40866050124168396,0,0.9932082891464233,0.9916129112243652,0.4439125159851789,0.9770154356956482
216_class-4,4,0.42197561264038086,0,0.9936270713806152,0.9817913770675659,0.4541669557976546,0.9867258071899414
216_class-4,5,0.40926593542099,0,0.9933983683586121,0.9411619305610657,0.4267190840747638,0.9801693558692932
217_class-2,0,0.9979415535926819,0,0.9969424605369568,1.0030624866485596,1.0,0.9926744103431702
217_class-2,1,0.9610263109207153,0,0.9970337748527527,0.9931970834732056,0.9940454190792986,0.9916185736656189
217_class-2,2,0.31082963943481445,0,0.8603140115737915,0.9565637111663818,0.15793486335379442,0.7851769924163818
217_class-2,3,0.0463559553027153,0,0.7622330188751221,0.9225757122039795,0.5755764432187014,0.47870495915412903
217_class-2,4,0.07432637363672256,0,0.7527643442153931,0.9236090183258057,0.9525957335034428,0.5250889658927917
217_class-2,5,0.9620354175567627,1,0.9969840049743652,1.0044286251068115,0.09525853581695742,0.9921926259994507
218_class-1,0,0.39286765456199646,0,0.9660049080848694,0.9805114269256592,1.0,0.9698533415794373
218_class-1,1,0.3480530083179474,0,0.9607281684875488,0.969692587852478,0.8292884558606436,0.9807319045066833
218_class-1,2,0.3627651333808899,0,0.9673976898193359,0.9667049646377563,0.727489910050133,0.9075242877006531
218_class-1,3,0.45721375942230225,0,0.9705154895782471,0.9780713319778442,0.17797803027005063,0.9740551114082336
218_class-1,4,0.4714735150337219,1,0.9695613384246826,0.9932222366333008,0.4504185785841886,0.9867466688156128
218_class-1,5,0.3634304702281952,0,0.9711967706680298,0.9768683910369873,0.2351944345344274,0.951046347618103
219_class-0,0,0.9924691319465637,0,0.9978528022766113,0.9913080930709839,1.0,0.980610728263855
219_class-0,1,0.8853562474250793,0,0.9977335929870605,0.99188232421875,0.9931834277620396,0.9810212850570679
219_class-0,2,0.8858240842819214,0,0.9978039860725403,0.9920309782028198,0.9952539365713018,0.981322169303894
219_class-0,3,0.8864898085594177,0,0.9977980852127075,0.9912117719650269,0.9943543009557679,0.9802752137184143
219_class-0,4,0.8865956664085388,1,0.9978266954421997,0.9920315742492676,0.9933478203024524,0.9813811182975769
219_class-0,5,0.886905312538147,0,0.9978033304214478,0.9926857352256775,0.9812486212221487,0.9494215846061707
220_class-4,0,0.557298481464386,1,0.9994125366210938,0.9991497993469238,1.0,0.9962835907936096
220_class-4,1,0.894376277923584,0,0.9970953464508057,0.957929253578186,0.1818330427201395,0.9793076515197754
220_class-4,2,0.8935847282409668,0,0.9971331357955933,0.879265308380127,0.9914928203738824,0.9753178954124451
220_class-4,3,0.5897828340530396,0,0.9983076453208923,0.9082101583480835,0.25846053560758325,0.8780421018600464
220_class-4,4,0.5460924506187439,0,0.9994240999221802,0.9928828477859497,0.6850966535023904,0.9960663318634033
220_class-4,5,0.8989391326904297,0,0.9970034956932068,0.9831910133361816,0.18427015973028243,0.9861153364181519
221_class-2,0,0.9742175340652466,0,0.9924989938735962,0.9972438812255859,1.0,0.9920122027397156
221_class-2,1,0.9290075898170471,0,0.9924660921096802,0.9902054071426392,0.9953384818757393,0.9918668866157532
221_class-2,2,0.9299377202987671,0,0.9925602078437805,0.9953328371047974,0.9966634227721396,0.9923601746559143
221_class-2,3,0.48748499155044556,0,0.9603942036628723,0.9373596906661987,0.21052088553488785,0.7672088146209717
221_class-2,4,0.9293400049209595,1,0.9924539923667908,0.9984046220779419,0.2081263176517419,0.9925589561462402
221_class-2,5,0.9292765855789185,0,0.9924144148826599,0.9985172748565674,0.9975310383747178,0.992344856262207
222_class-2,0,0.9642513990402222,0,0.9827962517738342,0.9901984930038452,1.0,0.9802400469779968
222_class-2,1,0.8615065813064575,0,0.9847944378852844,0.9662320613861084,0.9767510108256163,0.971564769744873
222_class-2,2,0.8642075061798096,1,0.9826700687408447,0.9921125173568726,0.9813498532768178,0.9819817543029785
222_class-2,3,0.863839864730835,0,0.9827248454093933,0.9912481307983398,0.9945893912235279,0.9814386367797852
222_class-2,4,0.8608301877975464,0,0.9854061007499695,0.9654167890548706,0.9744106649325313,0.9729965925216675
222_class-2,5,0.8642728328704834,0,0.9823982119560242,0.987715482711792,0.9769128215133482,0.9789297580718994
223_class-4,0,0.3198681175708771,0,0.9064900875091553,0.8342465162277222,1.0,0.7565867304801941
223_class-4,1,0.3081023693084717,0,0.9927269220352173,0.9867662191390991,0.24341889677771708,0.9909182786941528
223_class-4,2,0.307909220457077,1,0.9922593235969543,1.0129597187042236,0.9957149975087195,0.998032808303833
223_class-4,3,0.33865588903427124,0,0.9913153648376465,1.0051512718200684,0.4390040941317445,0.9965443015098572
223_class-4,4,0.31957224011421204,0,0.9809466004371643,0.9037860631942749,0.5247649668308169,0.7368479371070862
223_class-4,5,0.3045767843723297,0,0.9718341827392578,0.9329677820205688,0.36204227736661343,0.9164301156997681
224_class-1,0,0.475139856338501,0,0.949090838432312,0.9430618286132812,1.0,0.9180072546005249
224_class-1,1,0.768905758857727,0,0.9715341925621033,0.9496963024139404,0.18064837770831088,0.9512094855308533
224_class-1,2,0.8602040410041809,0,0.9660071134567261,0.9643468856811523,0.7552524666279745,0.9881297945976257
224_class-1,3,0.8588371276855469,1,0.9660748839378357,0.9883882999420166,0.995996071617436,0.9902513027191162
224_class-1,4,0.7444979548454285,0,0.9701806306838989,0.9231103658676147,0.7280724618793171,0.939307451248169
224_class-1,5,0.7935508489608765,0,0.9692902565002441,0.9488855600357056,0.6309054555841188,0.8971053957939148
225_class-1,0,0.8442647457122803,1,0.9853078722953796,0.978805422782898,1.0,0.9832866787910461
225_class-1,1,0.39733898639678955,0,0.9728319048881531,0.95533287525177,0.03900990099009901,0.8617493510246277
225_class-1,2,0.5799967646598816,0,0.9847071170806885,0.9711048603057861,0.03800490704605707,0.9738872647285461
225_class-1,3,0.5533339381217957,0,0.9870405197143555,0.8127849102020264,0.2388612885419131,0.9171726703643799
225_class-1,4,0.47804269194602966,0,0.9908756017684937,0.7852212190628052,0.00034370166695308474,0.41705968976020813
225_class-1,5,0.42758631706237793,0,0.9942684173583984,0.798729419708252,0.0003021787084881999,0.6323798298835754
226_class-3,0,0.4573224186897278,0,0.9933074116706848,0.9174634218215942,1.0,0.8928669095039368
226_class-3,1,0.3303539454936981,0,0.9012145400047302,0.9819408655166626,0.03376346172504124,0.9416989088058472
226_class-3,2,0.31134694814682007,0,0.9138963222503662,0.9857990741729736,0.8813702497526926,0.9475951790809631
226_class-3,3,0.46628889441490173,0,0.989139199256897,0.824358344078064,0.06679041436955362,0.9653805494308472
226_class-3,4,0.3284699320793152,0,0.8906376957893372,1.0027345418930054,0.07430703757784517,0.974062442779541
226_class-3,5,0.46087193489074707,1,0.9908500909805298,0.9655959606170654,0.11104452268584414,0.961155116558075
227_class-0,0,0.9103780388832092,0,0.964806079864502,1.0126677751541138,1.0,0.9962767958641052
227_class-0,1,0.8652558922767639,1,0.964790403842926,1.0131914615631104,0.9996324738379403,0.9964080452919006
227_class-0,2,0.8652541637420654,0,0.9646320939064026,1.0128710269927979,0.9995550138332656,0.9963961243629456
227_class-0,3,0.8653008937835693,0,0.9646455645561218,1.0118279457092285,0.9996323671684533,0.9962498545646667
227_class-0,4,0.8652141094207764,0,0.9646154642105103,1.0133284330368042,0.99965172974228,0.9963876008987427
227_class-0,5,0.8653285503387451,0,0.9646934270858765,1.0120738744735718,0.99961307796479,0.9962921738624573
228_class-2,0,0.7707746624946594,0,0.9988765716552734,0.9787122011184692,1.0,0.9420711994171143
228_class-2,1,0.6173554062843323,0,0.9983992576599121,0.9852694272994995,0.6133597639682833,0.9737115502357483
228_class-2,2,0.9425501823425293,0,0.9975851774215698,1.0061019659042358,0.3584590966561752,0.9927684664726257
228_class-2,3,0.8424805402755737,0,0.9986546635627747,1.0021744966506958,0.7588488434642281,0.9906457662582397
228_class-2,4,0.8336719274520874,0,0.9985390305519104,1.003759741783142,0.974399773699657,0.993665337562561
228_class-2,5,0.8335321545600891,1,0.9985417127609253,1.004116415977478,0.9981551150340038,0.9942125678062439
229_class-3,0,0.9438800811767578,0,0.9884854555130005,0.9803190231323242,1.0,0.9627981185913086
229_class-3,1,0.9034532308578491,0,0.9886106252670288,0.9816828966140747,0.9761231542569903,0.9557273387908936
229_class-3,2,0.9262148141860962,0,0.9875072240829468,0.9752798080444336,0.9411027790030878,0.9663407206535339
229_class-3,3,0.9285291433334351,0,0.9873907566070557,0.9809314012527466,0.990886816731593,0.9702432155609131
229_class-3,4,0.9205327033996582,1,0.987521231174469,0.9839463233947754,0.980610633444464,0.9672333002090454
229_class-3,5,0.9222564101219177,0,0.9873207211494446,0.9800869226455688,0.9741177287482424,0.9669773578643799
230_class-1,0,0.6036652326583862,0,0.9637266397476196,0.9955786466598511,1.0,0.9847684502601624
230_class-1,1,0.5444878339767456,0,0.9641425609588623,0.9950218200683594,0.9824672737200962,0.9813681244850159
230_class-1,2,0.5453968644142151,1,0.9637011885643005,0.9976025819778442,0.9826703077717913,0.9848043918609619
230_class-1,3,0.5439145565032959,0,0.9643019437789917,0.9921261072158813,0.9774595911137354,0.9772483706474304
230_class-1,4,0.5439949035644531,0,0.9646620750427246,0.9944251775741577,0.9979643228734714,0.9779210686683655
230_class-1,5,0.545391321182251,0,0.9635680913925171,0.9937162399291992,0.9779131871698782,0.9847660064697266
231_class-4,0,0.9857624769210815,0,0.8886852264404297,1.0132973194122314,1.0,0.9931389093399048
231_class-4,1,0.9604434370994568,0,0.8882772922515869,1.0129210948944092,0.9999121168845435,0.9930382370948792
231_class-4,2,0.9605357646942139,0,0.8883260488510132,1.0134636163711548,0.9998132637649321,0.993122935295105
231_class-4,3,0.9604244232177734,0,0.8884356021881104,1.0132075548171997,0.9997858037303105,0.9930235743522644
231_class-4,4,0.9605112075805664,0,0.8880678415298462,1.0130577087402344,0.9998681789470794,0.993041455745697
231_class-4,5,0.9606496095657349,1,0.8887890577316284,1.0134025812149048,0.9998846648139809,0.9930824041366577
232_class-0,0,0.8627040386199951,0,0.9944024085998535,0.9612537026405334,1.0,0.9586775898933411
232_class-0,1,0.9530243873596191,1,0.9931715726852417,1.0042905807495117,0.7581959506049019,0.992030918598175
232_class-0,2,0.857711672782898,0,0.9923882484436035,0.992415189743042,0.8140468227424749,0.9802790880203247
232_class-0,3,0.8574379682540894,0,0.9924598932266235,0.9914776086807251,0.9985628342245989,0.9799080491065979
232_class-0,4,0.8580266833305359,0,0.9927588105201721,0.9914140701293945,0.9976939273420006,0.980594277381897
232_class-0,5,0.8576592206954956,0,0.9929502010345459,0.9952843189239502,0.997659723847414,0.9826079607009888
233_class-0,0,0.9994885921478271,0,0.9975629448890686,1.00553560256958,1.0,0.9943262934684753
233_class-0,1,0.955194354057312,0,0.9975870847702026,1.0050162076950073,0.9991904094659816,0.9940386414527893
233_class-0,2,0.9549354910850525,0,0.9975861310958862,1.0041459798812866,0.9987858788369341,0.9940927624702454
233_class-0,3,0.9547808170318604,1,0.9975966215133667,1.0058284997940063,0.9989109465430331,0.9943183660507202
233_class-0,4,0.9544296264648438,0,0.997633695602417,1.0049145221710205,0.9986631431680398,0.9944007396697998
233_class-0,5,0.954947829246521,0,0.9975757598876953,1.0053869485855103,0.9981035876391221,0.9939706921577454
234_class-2,0,0.6674741506576538,0,0.9801124334335327,0.9916796684265137,1.0,0.973220705986023
234_class-2,1,0.648801863193512,0,0.9807649254798889,0.9950754642486572,0.9969205033646352,0.9758427143096924
234_class-2,2,0.6488629579544067,0,0.980155348777771,0.9915196895599365,0.9976677567368875,0.9764083027839661
234_class-2,3,0.651262104511261,1,0.9802912473678589,1.0125212669372559,0.9886950945009619,0.9913464188575745
234_class-2,4,0.9537695646286011,0,0.9436154365539551,1.0005589723587036,0.6118059496140602,0.9762468934059143
234_class-2,5,0.6501574516296387,0,0.9805980920791626,0.9922291040420532,0.6118516902604536,0.9784419536590576
235_class-3,0,0.402950257062912,0,0.9736528396606445,0.9740315675735474,1.0,0.5773358345031738
235_class-3,1,0.8699119687080383,1,0.9900841116905212,1.003067135810852,0.18188289552837378,0.9942346215248108
235_class-3,2,0.870490312576294,0,0.9900639057159424,1.0017709732055664,0.9982034950187817,0.994304358959198
235_class-3,3,0.8715831637382507,0,0.9900723695755005,0.9992594718933105,0.9950953678474115,0.9924188256263733
235_class-3,4,0.8729488253593445,0,0.9901752471923828,1.000719428062439,0.9949674525463597,0.9928011298179626
235_class-3,5,0.8629459142684937,0,0.990574300289154,0.9914470911026001,0.7869643934821967,0.9838915467262268
236_class-2,0,0.03780748322606087,0,0.8846959471702576,1.0135376453399658,1.0,0.0
236_class-2,1,0.03726092353463173,0,0.8846959471702576,1.0175384283065796,1.0,0.0
236_class-2,2,0.03726092353463173,0,0.8846959471702576,1.0171372890472412,1.0,0.0
236_class-2,3,0.03726092353463173,0,0.8846959471702576,0.9953905344009399,1.0,0.0
236_class-2,4,0.005271843634545803,0,0.8895785212516785,0.9821361303329468,0.9281055738584696,0.5281049013137817
236_class-2,5,0.8659685850143433,1,0.9235806465148926,0.9397075176239014,0.02420293924927455,0.9647576808929443
237_class-2,0,0.9991313219070435,1,0.9986664056777954,0.9980819225311279,1.0,0.9903455972671509
237_class-2,1,0.933982253074646,0,0.9986838102340698,0.9881842136383057,0.9950730350104335,0.9884751439094543
237_class-2,2,0.9342190027236938,0,0.9986667037010193,0.9952073097229004,0.9961745783342028,0.9905864000320435
237_class-2,3,0.2607181668281555,0,0.8567332029342651,0.9595305919647217,0.10390745055271898,0.7520691752433777
237_class-2,4,0.9308972954750061,0,0.9986493587493896,0.9565412998199463,0.1047277413279309,0.9868852496147156
237_class-2,5,0.9227693676948547,0,0.9986584186553955,0.8906179666519165,0.9773329574288131,0.950348436832428
238_class-0,0,0.7763420343399048,0,0.9882563352584839,0.8823580741882324,1.0,0.7724077105522156
238_class-0,1,0.9311956167221069,0,0.9893777370452881,0.9609289169311523,0.5729325861776193,0.9859064221382141
238_class-0,2,0.9312784075737,0,0.9893463850021362,0.9948135614395142,0.9799762430001697,0.9873100519180298
238_class-0,3,0.9005184173583984,0,0.9891693592071533,0.9760456085205078,0.9034653465346535,0.9610339999198914
238_class-0,4,0.9306711554527283,1,0.9893452525138855,0.9955093860626221,0.9023850085178876,0.9888882040977478
238_class-0,5,0.9331127405166626,0,0.9893057346343994,0.9944311380386353,0.9891080617495712,0.9870383739471436
239_class-0,0,0.8872826099395752,0,0.9446672201156616,0.9539930820465088,1.0,0.8711190819740295
239_class-0,1,0.6515241861343384,0,0.9716963768005371,0.9803833961486816,0.7184376921453284,0.9475122094154358
239_class-0,2,0.8814783096313477,0,0.9249156713485718,0.9867947101593018,0.643555891685711,0.9480283260345459
239_class-0,3,0.8832910060882568,0,0.9240655899047852,0.9854133129119873,0.992896973457541,0.9459619522094727
239_class-0,4,0.40835005044937134,1,0.9780176877975464,0.9769254922866821,0.30884364820846905,0.9518328905105591
239_class-0,5,0.8055475950241089,0,0.9338817000389099,0.9625920057296753,0.1979683654953559,0.9307875037193298
240_class-3,0,0.896752119064331,0,0.9896140694618225,0.9804068803787231,1.0,0.9787643551826477
240_class-3,1,0.8328284025192261,1,0.9895057082176208,0.9822492599487305,0.6828541265602682,0.9838887453079224
240_class-3,2,0.8601787090301514,0,0.9894691109657288,0.9715536832809448,0.6880968728543786,0.973166823387146
240_class-3,3,0.8565337657928467,0,0.9899707436561584,0.9781243801116943,0.9885621930751538,0.9772489666938782
240_class-3,4,0.4545383155345917,0,0.9552239179611206,0.9282008409500122,0.20157766829125776,0.5414668321609497
240_class-3,5,0.8342395424842834,0,0.9901531934738159,0.9800049066543579,0.14174780558626476,0.9812976121902466
241_class-2,0,0.7706327438354492,1,0.9988484382629395,0.9950432181358337,1.0,0.9846013784408569
241_class-2,1,0.7547680139541626,0,0.9988770484924316,0.9933980703353882,0.9860669296348136,0.9866424798965454
241_class-2,2,0.7576474547386169,0,0.9988866448402405,0.9940757155418396,0.9880079096765962,0.9839490652084351
241_class-2,3,0.7568480968475342,0,0.9988625049591064,0.9931961894035339,0.9940677425527843,0.9849528670310974
241_class-2,4,0.6674840450286865,0,0.9915454387664795,0.9327877759933472,0.2965708568309987,0.47222959995269775
241_class-2,5,0.7555498480796814,0,0.9988541603088379,0.993046760559082,0.29525587324713165,0.985308825969696
242_class-2,0,0.9051228761672974,0,0.9923864603042603,0.9501767158508301,1.0,0.48991283774375916
242_class-2,1,0.930519700050354,0,0.9895420074462891,0.9506238102912903,0.841546743969355,0.9587239027023315
242_class-2,2,0.9306710958480835,0,0.9896816611289978,1.0066384077072144,0.9902401945880207,0.9904982447624207
242_class-2,3,0.1209108904004097,0,0.9625257253646851,0.9558271169662476,0.0,0.6440377235412598
242_class-2,4,0.9307431578636169,1,0.9901479482650757,1.006343126296997,0.0,0.9905917048454285
242_class-2,5,0.9311236143112183,0,0.9896677136421204,1.0064702033996582,0.9989308406647116,0.9905045032501221
243_class-0,0,0.99773770570755,1,0.9887207746505737,1.0108364820480347,1.0,0.9951305389404297
243_class-0,1,0.958310067653656,0,0.9886704683303833,1.0105485916137695,0.9993879498118846,0.9952190518379211
243_class-0,2,0.9582226276397705,0,0.9886783957481384,1.0108129978179932,0.9995319279168992,0.9950757026672363
243_class-0,3,0.9582850933074951,0,0.9887083172798157,1.0100479125976562,0.9995319447694828,0.995025098323822
243_class-0,4,0.9582788348197937,0,0.9887228608131409,1.010817289352417,0.9995499063805271,0.9950978755950928
243_class-0,5,0.9583050608634949,0,0.9887258410453796,1.0107306241989136,0.9996218873224221,0.9951390624046326
244_class-1,0,0.7456689476966858,1,0.990208625793457,0.9834072589874268,1.0,0.9710768461227417
244_class-1,1,0.6110382676124573,0,0.9925011992454529,0.8532847166061401,0.7415854239242125,0.8030974268913269
244_class-1,2,0.3396277129650116,0,0.977168619632721,0.9794527292251587,0.23431121394926038,0.9317497611045837
244_class-1,3,0.6625056266784668,0,0.9902252554893494,0.974907398223877,0.25801505190616353,0.9672958254814148
244_class-1,4,0.5474928617477417,0,0.9845038652420044,0.9394897222518921,0.5941991115756468,0.8656095266342163
244_class-1,5,0.4225490093231201,0,0.9832438230514526,0.9591293334960938,0.28499910602538886,0.8736526966094971
245_class-4,0,0.21476337313652039,0,0.7594401836395264,0.891931414604187,1.0,0.5608941316604614
245_class-4,1,0.3045078217983246,0,0.957861065864563,0.9459576606750488,0.5286580820931966,0.8503214716911316
245_class-4,2,0.3568703830242157,0,0.9907529354095459,0.9989627599716187,0.5659794701844241,0.9777987599372864
245_class-4,3,0.41979512572288513,1,0.9984800815582275,0.9955451488494873,0.3384121892542101,0.9900460243225098
245_class-4,4,0.41660791635513306,0,0.9984360337257385,0.9798448085784912,0.8970902760507337,0.9511264562606812
245_class-4,5,0.3569366931915283,0,0.9908632636070251,0.998456597328186,0.3441560818477982,0.9772437214851379
246_class-0,0,0.9990874528884888,0,0.99488365650177,1.0000511407852173,1.0,0.9910420775413513
246_class-0,1,0.9173716306686401,1,0.9948877096176147,1.0014357566833496,0.9982958605904019,0.9912195205688477
246_class-0,2,0.9210542440414429,0,0.9949484467506409,1.0014663934707642,0.9893605322483092,0.9848534464836121
246_class-0,3,0.9174529314041138,0,0.9948999881744385,0.9999053478240967,0.9895781774184678,0.9908603429794312
246_class-0,4,0.9223250150680542,0,0.994915783405304,0.9993804693222046,0.9834735742176759,0.9798877835273743
246_class-0,5,0.9170256853103638,0,0.9948827028274536,1.0005333423614502,0.9822850865146938,0.9916479587554932
247_class-4,0,0.34055155515670776,0,0.8222640156745911,0.9701673984527588,1.0,0.930703341960907
247_class-4,1,0.950089693069458,1,0.9873267412185669,0.9979971647262573,0.34906716696442347,0.9863618612289429
247_class-4,2,0.38257914781570435,0,0.9486849308013916,0.9264531135559082,0.11022269353128314,0.5089348554611206
247_class-4,3,0.3364289700984955,0,0.8311417698860168,0.9840691089630127,0.1739686422773268,0.9153894782066345
247_class-4,4,0.33731943368911743,0,0.8230545520782471,0.9878463745117188,0.9821165485386637,0.9409541487693787
247_class-4,5,0.12497524172067642,0,0.9606017470359802,0.9671084880828857,0.6355182039378424,0.964962899684906
248_class-2,0,0.609809160232544,0,0.9873617887496948,1.0055804252624512,1.0,0.9926612377166748
248_class-2,1,0.5993561744689941,0,0.9873279333114624,1.0061748027801514,0.9993354627108834,0.9928185939788818
248_class-2,2,0.5992677807807922,0,0.987226128578186,1.00630784034729,0.9992282461894656,0.9927600026130676
248_class-2,3,0.5995943546295166,0,0.9873804450035095,1.0053367614746094,0.9985217875658768,0.9927118420600891
248_class-2,4,0.599517822265625,1,0.9877544045448303,1.0055612325668335,0.998651223532938,0.9928752779960632
248_class-2,5,0.5994645953178406,0,0.9877234697341919,1.005759596824646,0.999443052074631,0.9926511645317078
249_class-4,0,0.4316312372684479,1,0.9940860271453857,0.9948506951332092,1.0,0.962823212146759
249_class-4,1,0.7521018385887146,0,0.9977754950523376,0.8907408714294434,0.00819690846405005,0.8639509081840515
249_class-4,2,0.4169941246509552,0,0.9905967712402344,0.9660470485687256,0.028185761786272655,0.9291849136352539
249_class-4,3,0.4131547212600708,0,0.9911274909973145,0.9375585317611694,0.8950446040034813,0.8797635436058044
249_class-4,4,0.44955945014953613,0,0.9918245673179626,0.9501125812530518,0.8141957052848142,0.9177531599998474
249_class-4,5,0.4865116477012634,0,0.9918749332427979,0.9717880487442017,0.8630882175953785,0.9045579433441162
250_class-1,0,0.5317949652671814,0,0.9672372341156006,0.9714016914367676,1.0,0.977779746055603
250_class-1,1,0.515534520149231,0,0.9784100651741028,0.946723222732544,0.7868320879740589,0.9306363463401794
250_class-1,2,0.512682318687439,1,0.9744071364402771,0.9813507795333862,0.6779066556199945,0.9782106876373291
250_class-1,3,0.46266740560531616,0,0.9665552377700806,0.9744534492492676,0.5479387514723204,0.9833361506462097
250_class-1,4,0.447742760181427,0,0.9701604843139648,0.9867746829986572,0.9214635872037196,0.9715290069580078
250_class-1,5,0.5167902112007141,0,0.9810247421264648,0.9550427198410034,0.004868805067983457,0.950670063495636
251_class-2,0,0.3804178833961487,1,0.9923670291900635,0.9889181852340698,1.0,0.9769315123558044
251_class-2,1,0.37044766545295715,0,0.9869749546051025,0.9993215799331665,0.9598256702606685,0.9829365015029907
251_class-2,2,0.33749496936798096,0,0.9877486228942871,0.9982318878173828,0.709134328358209,0.9715932607650757
251_class-2,3,0.37054455280303955,0,0.9877969622612,0.9994146823883057,0.7094553220723748,0.9831259250640869
251_class-2,4,0.37042343616485596,0,0.9873354434967041,0.998512864112854,0.998121387283237,0.9835715293884277
251_class-2,5,0.3713271915912628,0,0.9862551689147949,0.999832034111023,0.9896973200644176,0.9852036237716675
252_class-0,0,0.6008243560791016,0,0.9962677359580994,0.9603909254074097,1.0,0.9575507640838623
252_class-0,1,0.9425686597824097,1,0.9895051121711731,1.0034137964248657,0.3799488858001166,0.9816195964813232
252_class-0,2,0.5971044898033142,0,0.9962955713272095,0.949668288230896,0.4186543519846963,0.8992538452148438
252_class-0,3,0.9425753355026245,0,0.9893404245376587,1.0027363300323486,0.4185115473096113,0.9817344546318054
252_class-0,4,0.5714946985244751,0,0.9965776205062866,0.9569476842880249,0.374409495903845,0.9534364938735962
252_class-0,5,0.9420993328094482,0,0.9894452691078186,1.002409815788269,0.3746806317142046,0.9822469353675842
253_class-3,0,0.11081366240978241,0,0.9353512525558472,0.9934585094451904,1.0,0.8781548738479614
253_class-3,1,0.303570032119751,0,0.8968206644058228,0.9801459312438965,0.5767380289405213,0.9238312244415283
253_class-3,2,0.11081267148256302,0,0.9350969791412354,0.996558427810669,0.5770357620259655,0.881079912185669
253_class-3,3,0.024636220186948776,0,0.9375011920928955,0.9659360647201538,0.8183005601059986,0.47914236783981323
253_class-3,4,0.11230141669511795,1,0.9354305267333984,0.9985580444335938,0.8214248072753554,0.8828157782554626
253_class-3,5,0.024272434413433075,0,0.9375876188278198,0.9655218124389648,0.8208531910972018,0.48861727118492126
254_class-0,0,0.9837952852249146,0,0.9985451102256775,0.9915956854820251,1.0,0.9822908043861389
254_class-0,1,0.9435404539108276,0,0.9985128045082092,0.9934602975845337,0.9738551019255746,0.9866146445274353
254_class-0,2,0.9412829279899597,0,0.9984169006347656,0.9892326593399048,0.9808942400090441,0.9859752058982849
254_class-0,3,0.9437397718429565,0,0.99845951795578,0.948255181312561,0.9761340555179417,0.9687597751617432
254_class-0,4,0.9462094306945801,0,0.9984651803970337,0.9925477504730225,0.9757281553398058,0.9784688353538513
254_class-0,5,0.942673921585083,1,0.9985709190368652,0.9945331811904907,0.9704433497536946,0.9866320490837097
255_class-0,0,0.9983766674995422,0,0.991146445274353,1.00117027759552,1.0,0.990009069442749
255_class-0,1,0.9528695344924927,0,0.9911361932754517,1.0005462169647217,0.9979248531944015,0.9902384281158447
255_class-0,2,0.9524551033973694,1,0.9911250472068787,1.001306176185608,0.9983219994701051,0.9910016655921936
255_class-0,3,0.9526135921478271,0,0.9911342263221741,1.0007259845733643,0.9984112974404237,0.9908366203308105
255_class-0,4,0.9524663090705872,0,0.9911212921142578,1.0011327266693115,0.9988524517809065,0.990404486656189
255_class-0,5,0.9526537656784058,0,0.9911620020866394,1.0001391172409058,0.9980580810309825,0.9903365969657898
256_class-1,0,0.4605148434638977,1,0.9507302641868591,1.0020724534988403,1.0,0.9890246987342834
256_class-1,1,0.4302946627140045,0,0.9605116844177246,0.9484893083572388,0.33619373136499164,0.8628638386726379
256_class-1,2,0.42127731442451477,0,0.9470173120498657,0.9704784750938416,0.3539470814857891,0.988467812538147
256_class-1,3,0.43954652547836304,0,0.9570924043655396,0.9689278602600098,0.33451439526205884,0.938644528388977
256_class-1,4,0.4557863771915436,0,0.967707097530365,0.9509308338165283,0.9382653478296411,0.9193438291549683
256_class-1,5,0.4283437132835388,0,0.9509756565093994,0.9688593149185181,0.6478161373701453,0.9643427133560181
257_class-3,0,0.3660005033016205,1,0.9903651475906372,1.0092085599899292,1.0,0.9947798848152161
257_class-3,1,0.3502148985862732,0,0.9903365969657898,1.0081062316894531,0.9993485149101247,0.9946393370628357
257_class-3,2,0.2740401029586792,0,0.9563406705856323,0.9914113283157349,0.6084150585257829,0.9697263836860657
257_class-3,3,0.3502027094364166,0,0.9904885292053223,1.0069040060043335,0.6083513384018732,0.9944537281990051
257_class-3,4,0.35018545389175415,0,0.9904248118400574,1.0068045854568481,0.9990959882626673,0.9941559433937073
257_class-3,5,0.3502180874347687,0,0.9904329180717468,1.008827805519104,0.9984894259818731,0.9946976900100708
258_class-1,0,0.41985028982162476,0,0.9901555776596069,0.9592456817626953,1.0,0.9925490021705627
258_class-1,1,0.36851245164871216,0,0.9896045923233032,0.9627205729484558,0.9897612016946976,0.9610631465911865
258_class-1,2,0.3680987060070038,0,0.9893592596054077,1.0049595832824707,0.9898470633594654,0.9926103353500366
258_class-1,3,0.3680524528026581,0,0.9891025424003601,1.0106234550476074,0.9978428152870343,0.9947964549064636
258_class-1,4,0.3676191568374634,0,0.9914230704307556,0.9323168992996216,0.9878646961396356,0.9856434464454651
258_class-1,5,0.36803576350212097,1,0.9893018007278442,1.011051893234253,0.9873203988658448,0.9942874312400818
259_class-0,0,0.7149122953414917,0,0.9792052507400513,0.9499461650848389,1.0,0.6802734732627869
259_class-0,1,0.9127526879310608,1,0.9774435758590698,0.9914311170578003,0.6103776363473383,0.9706857800483704
259_class-0,2,0.9096657633781433,0,0.9773657321929932,0.9799308776855469,0.9534687184661957,0.9283549189567566
259_class-0,3,0.9196616411209106,0,0.9767637848854065,0.9943667650222778,0.9636994073887277,0.96466064453125
259_class-0,4,0.8963063955307007,0,0.979191780090332,0.9812804460525513,0.945807122564935,0.9041836261749268
259_class-0,5,0.9124295711517334,0,0.9762953519821167,0.9917240142822266,0.9561401257538817,0.9699463248252869
260_class-0,0,0.2724676728248596,0,0.9536707401275635,0.9940474033355713,1.0,0.9710550308227539
260_class-0,1,0.23406478762626648,0,0.9083883762359619,0.9846458435058594,0.9260426662729756,0.9668134450912476
260_class-0,2,0.45783892273902893,0,0.9703238010406494,0.9159040451049805,0.3069305450713383,0.6107372641563416
260_class-0,3,0.23206683993339539,0,0.9063699245452881,0.9849828481674194,0.3033789339911789,0.9748154282569885
260_class-0,4,0.7439765930175781,1,0.9914185404777527,0.9948691129684448,0.0,0.9925040602684021
260_class-0,5,0.7512198686599731,0,0.9937984347343445,0.9205003976821899,0.9261761158021713,0.9636368751525879
261_class-0,0,0.8428096771240234,0,0.9333215951919556,0.9707850217819214,1.0,0.9361012578010559
261_class-0,1,0.7680050730705261,0,0.9348787069320679,0.9731602668762207,0.9665858347533535,0.9276226758956909
261_class-0,2,0.7782802581787109,0,0.9277759790420532,0.9861811399459839,0.9672047766475012,0.9405341744422913
261_class-0,3,0.7691643238067627,1,0.9354171752929688,0.984337568283081,0.9713798562903422,0.9405030012130737
261_class-0,4,0.7723574638366699,0,0.9281808137893677,0.9635165929794312,0.9298298970153324,0.8775818943977356
261_class-0,5,0.7336458563804626,0,0.9127954244613647,0.9574835300445557,0.907854546860501,0.7611086964607239
262_class-2,0,0.6581535339355469,0,0.9945009350776672,0.9589395523071289,1.0,0.8921647667884827
262_class-2,1,0.6540663242340088,0,0.9954864382743835,0.9741699695587158,0.30550861777627575,0.9509593844413757
262_class-2,2,0.6396331787109375,0,0.9961224794387817,0.9632121324539185,0.30507707015984303,0.8994131684303284
262_class-2,3,0.5185686945915222,1,0.9922909736633301,1.0007095336914062,0.5245105757623472,0.9696004986763
262_class-2,4,0.6691445708274841,0,0.9958029985427856,0.9650148153305054,0.49116217990807615,0.9191258549690247
262_class-2,5,0.49872440099716187,0,0.9922192096710205,0.9978594779968262,0.49970375158223584,0.9687002897262573
263_class-2,0,0.9771688580513,1,0.9586663246154785,0.9895563125610352,1.0,0.9757322669029236
263_class-2,1,0.919649064540863,0,0.956675112247467,0.9895361661911011,0.9975107807734109,0.9754088521003723
263_class-2,2,0.9196226596832275,0,0.9563452005386353,0.9898693561553955,0.9976952055595854,0.9754496812820435
263_class-2,3,0.919670820236206,0,0.9575427770614624,0.9902739524841309,0.997530806408201,0.9753060340881348
263_class-2,4,0.9190182685852051,0,0.9543916583061218,0.9869188070297241,0.9886617638543054,0.970370352268219
263_class-2,5,0.9190770387649536,0,0.955630362033844,0.9900331497192383,0.9973079456043258,0.9728894233703613
264_class-0,0,0.9929218888282776,0,0.993171215057373,0.9942857027053833,1.0,0.9635946750640869
264_class-0,1,0.9396826028823853,0,0.9944851398468018,0.9951239824295044,0.9964228495663223,0.9657524824142456
264_class-0,2,0.9401259422302246,0,0.9941425323486328,0.9959830045700073,0.9960616864273277,0.9658334851264954
264_class-0,3,0.9403185844421387,1,0.9946600198745728,0.9957906007766724,0.9939071673867287,0.9644483923912048
264_class-0,4,0.9399892091751099,0,0.994459867477417,0.992853045463562,0.9928801961409001,0.9641513824462891
264_class-0,5,0.9396597146987915,0,0.9933176636695862,0.9950962066650391,0.9964302021501805,0.9647651314735413
265_class-2,0,0.6627222895622253,0,0.9998423457145691,0.9792959690093994,1.0,0.9894088506698608
265_class-2,1,0.9710885286331177,0,0.9983625411987305,0.9809987545013428,0.37944262665011846,0.9914144277572632
265_class-2,2,0.6499585509300232,0,0.9998353123664856,0.9945757389068604,0.37740845070422535,0.9940327405929565
265_class-2,3,0.8194748759269714,0,0.9994114637374878,0.9827228784561157,0.5351966044686474,0.9756631851196289
265_class-2,4,0.9725053310394287,1,0.9983943700790405,1.0036044120788574,0.6984396200814111,0.9930452704429626
265_class-2,5,0.9676660299301147,0,0.998467743396759,0.9958435297012329,0.980626522404124,0.9866937398910522
266_class-4,0,0.9995247721672058,0,0.9675093293190002,0.9800052642822266,1.0,0.9450110197067261
266_class-4,1,0.8286221623420715,0,0.9608909487724304,1.0125089883804321,0.8034171213883173,0.9960530400276184
266_class-4,2,0.8284153342247009,0,0.9609081745147705,1.0129145383834839,0.9993818575181579,0.9962292313575745
266_class-4,3,0.4927465319633484,1,0.9841502904891968,1.0003464221954346,0.4897661300058166,0.9623993039131165
266_class-4,4,0.830478847026825,0,0.960925281047821,1.007819414138794,0.4909599110847006,0.9924278855323792
266_class-4,5,0.8286095261573792,0,0.9608609080314636,1.0107533931732178,0.9948971702489562,0.9960497617721558
267_class-2,0,0.9943933486938477,1,0.9972590208053589,1.005699634552002,1.0,0.9908931851387024
267_class-2,1,0.9608973860740662,0,0.9971731901168823,1.0044413805007935,0.9983905110127534,0.990831196308136
267_class-2,2,0.9609202146530151,0,0.9969599843025208,1.0049159526824951,0.9991950865281982,0.9909005165100098
267_class-2,3,0.9609601497650146,0,0.9972126483917236,1.0058802366256714,0.9982140981195504,0.9907222390174866
267_class-2,4,0.9608458280563354,0,0.9970417618751526,1.0055543184280396,0.9978646316489594,0.9912058711051941
267_class-2,5,0.960949182510376,0,0.9972242712974548,1.0055770874023438,0.9978820975985437,0.9908905625343323
268_class-0,0,0.9960348606109619,0,0.9472507834434509,1.0019185543060303,1.0,0.9894468188285828
268_class-0,1,0.9524510502815247,0,0.9475674629211426,1.0014071464538574,0.9987172977739772,0.9888392090797424
268_class-0,2,0.9523829817771912,0,0.9474608302116394,1.0013781785964966,0.9992780941686051,0.9887263178825378
268_class-0,3,0.9518555402755737,1,0.9473031163215637,1.0022753477096558,0.9979180568530629,0.9895986318588257
268_class-0,4,0.9521110653877258,0,0.9472916722297668,1.0016814470291138,0.9985055508112725,0.9893368482589722
268_class-0,5,0.952480673789978,0,0.9472739100456238,1.0014245510101318,0.9986377113550765,0.9893136620521545
269_class-3,0,0.8959392309188843,1,0.9803203344345093,0.9928205013275146,1.0,0.9713767170906067
269_class-3,1,0.8308539986610413,0,0.9786558151245117,0.977474570274353,0.9396759184983154,0.9585687518119812
269_class-3,2,0.8419607281684875,0,0.9737247228622437,0.9850543737411499,0.9195274753219133,0.9746279120445251
269_class-3,3,0.6958463788032532,0,0.9789660573005676,0.9897412657737732,0.5054841057995633,0.9774453639984131
269_class-3,4,0.8493237495422363,0,0.9778181314468384,0.9847748279571533,0.5142004096034742,0.9716712832450867
269_class-3,5,0.6315836906433105,0,0.9880342483520508,0.9321739673614502,0.4679095146072525,0.7958983778953552
270_class-0,0,0.9929482936859131,1,0.9888551831245422,1.0055327415466309,1.0,0.9903552532196045
270_class-0,1,0.9576635360717773,0,0.9887442588806152,1.0053701400756836,0.9988055838952895,0.9903724193572998
270_class-0,2,0.957012414932251,0,0.9890896081924438,0.9853869676589966,0.9882118422995521,0.9901630282402039
270_class-0,3,0.9577694535255432,0,0.9888188242912292,1.0053551197052002,0.9884822681072035,0.9903272986412048
270_class-0,4,0.9578941464424133,0,0.9886184334754944,1.0035629272460938,0.9985073512948728,0.9904258847236633
270_class-0,5,0.9578418731689453,0,0.9887017607688904,1.0040000677108765,0.9986566830020648,0.9906858205795288
271_class-2,0,0.9950034618377686,0,0.9543521404266357,1.0006752014160156,1.0,0.9907781481742859
271_class-2,1,0.9527400732040405,0,0.9544110298156738,1.0002386569976807,0.9990804922902815,0.9909015893936157
271_class-2,2,0.4773763120174408,0,0.9887123703956604,0.9949520826339722,0.2758562610840855,0.9679949879646301
271_class-2,3,0.9528223276138306,0,0.9542994499206543,1.0007349252700806,0.2757906626506024,0.9911551475524902
271_class-2,4,0.4738931655883789,1,0.9869925379753113,1.0032237768173218,0.27588732834567226,0.992825984954834
271_class-2,5,0.4741399884223938,0,0.9869022965431213,0.9971573352813721,0.9979585058998203,0.9909827709197998
272_class-4,0,0.39391469955444336,0,0.9544499516487122,0.9807149171829224,1.0,0.9481496214866638
272_class-4,1,0.2021183967590332,1,0.9755698442459106,0.9867074489593506,0.3210399733414468,0.9308000206947327
272_class-4,2,0.3634689748287201,0,0.952616274356842,0.9948465824127197,0.32792236306683453,0.9697312712669373
272_class-4,3,0.3746219873428345,0,0.9497972726821899,1.0099669694900513,0.8671899661188156,0.9935262799263
272_class-4,4,0.35657209157943726,0,0.9567716121673584,0.9810819625854492,0.7675784904389478,0.9675464034080505
272_class-4,5,0.43379443883895874,0,0.9503289461135864,1.0044958591461182,0.7017054210472244,0.9916593432426453
273_class-2,0,0.337392657995224,0,0.9747514128684998,0.998996376991272,1.0,0.9724022746086121
273_class-2,1,0.3372620940208435,0,0.9733660221099854,1.0017800331115723,0.9950991784808464,0.9717530608177185
273_class-2,2,0.4144805669784546,0,0.9805792570114136,0.9971271753311157,0.4077617857973682,0.9880417585372925
273_class-2,3,0.414376437664032,1,0.9817422032356262,0.9972747564315796,0.997897080653142,0.9878470301628113
273_class-2,4,0.33759352564811707,0,0.9721199870109558,1.001303791999817,0.40770312800429076,0.9715322256088257
273_class-2,5,0.31294575333595276,0,0.9716651439666748,1.00876784324646,0.9526341374491099,0.9863698482513428
274_class-1,0,0.7801635265350342,0,0.991865873336792,0.9912078380584717,1.0,0.979451596736908
274_class-1,1,0.6848684549331665,0,0.9921271204948425,0.9910944700241089,0.971238856891302,0.9742984175682068
274_class-1,2,0.6802816390991211,0,0.9918171763420105,0.9917203187942505,0.9712032281731474,0.9802511930465698
274_class-1,3,0.6813110113143921,0,0.9917979836463928,0.987802267074585,0.9930510991730991,0.9765781164169312
274_class-1,4,0.6814417243003845,0,0.9918968677520752,0.9908822774887085,0.9950448542008216,0.9767044186592102
274_class-1,5,0.6878678202629089,1,0.9926742911338806,0.9909924268722534,0.9719902446234573,0.9759427309036255
275_class-0,0,0.0005860308301635087,0,0.9840102195739746,0.9932389259338379,1.0,0.7362689971923828
275_class-0,1,0.9360863566398621,1,0.9891701340675354,0.9918931722640991,0.0011511823913945378,0.9896247982978821
275_class-0,2,0.9314903616905212,0,0.9891543984413147,0.9822849035263062,0.9807861113820345,0.9845731854438782
275_class-0,3,0.9390338659286499,0,0.9890166521072388,0.9893149137496948,0.9652784550863162,0.9874973893165588
275_class-0,4,0.9338763356208801,0,0.9891088008880615,0.9838129281997681,0.9786329013750124,0.9848389029502869
275_class-0,5,0.7669442296028137,0,0.9869570732116699,0.9834321737289429,0.5807021417531464,0.5052488446235657
276_class-3,0,0.22911962866783142,1,0.925692081451416,0.9969130754470825,1.0,0.8979924321174622
276_class-3,1,0.5703526735305786,0,0.8881096243858337,1.0032943487167358,0.0297017199720494,0.9939121007919312
276_class-3,2,0.5703893899917603,0,0.8881468772888184,1.0031659603118896,0.9989307100085543,0.9938533902168274
276_class-3,3,0.5703673362731934,0,0.8881465196609497,1.0033665895462036,0.9987882243923302,0.9937141537666321
276_class-3,4,0.26208701729774475,0,0.9287538528442383,0.9873363971710205,0.11025006126881375,0.8839219212532043
276_class-3,5,0.5701848268508911,0,0.8884890079498291,0.978110671043396,0.110438346460677,0.990927517414093
277_class-4,0,0.31676608324050903,0,0.9859308004379272,0.9922754764556885,1.0,0.9484967589378357
277_class-4,1,0.309469997882843,0,0.9766745567321777,0.9886690378189087,0.9788851660067012,0.9612534642219543
277_class-4,2,0.3095124363899231,0,0.976908802986145,0.9876497983932495,0.9968742778608871,0.9610877633094788
277_class-4,3,0.31492263078689575,0,0.9787912368774414,0.9915437698364258,0.9593837535014006,0.9495134353637695
277_class-4,4,0.3218404948711395,0,0.9896860122680664,0.9898442029953003,0.9445035057078492,0.9450292587280273
277_class-4,5,0.32097935676574707,1,0.9892963171005249,0.9942711591720581,0.9918621603711066,0.9582103490829468
278_class-3,0,0.9887415170669556,0,0.9919934868812561,0.9925849437713623,1.0,0.9887362122535706
278_class-3,1,0.9252308011054993,0,0.9950158596038818,0.977830171585083,0.3710844315826522,0.9853581786155701
278_class-3,2,0.6665122509002686,0,0.9921211004257202,0.9912978410720825,0.3695226917057903,0.9882373213768005
278_class-3,3,0.7907131910324097,1,0.9929908514022827,0.9953979253768921,0.24687720952156494,0.993424654006958
278_class-3,4,0.6540443897247314,0,0.9705283045768738,0.9223644733428955,0.3044690005867397,0.7835394740104675
278_class-3,5,0.9246082305908203,0,0.9953826069831848,0.9832245111465454,0.43612145517043827,0.9875152707099915
279_class-0,0,0.8802464604377747,1,0.9981639385223389,0.9936420917510986,1.0,0.9870032668113708
279_class-0,1,0.7719540596008301,0,0.998327374458313,0.986838698387146,0.8097871691204516,0.9647966027259827
279_class-0,2,0.7711508274078369,0,0.9982286095619202,0.989089846611023,0.9874895110229613,0.9655877947807312
279_class-0,3,0.7720502614974976,0,0.9983852505683899,0.9911220073699951,0.9938631482049709,0.9679602980613708
279_class-0,4,0.7943748831748962,0,0.9938902258872986,0.9345464706420898,0.8780006077180188,0.9388090968132019
279_class-0,5,0.7716283798217773,0,0.9982842803001404,0.9874535799026489,0.8758665100950793,0.9648908376693726
280_class-0,0,0.998676061630249,0,0.9931286573410034,0.9991674423217773,1.0,0.9917101263999939
280_class-0,1,0.9503637552261353,0,0.9931093454360962,0.9959028959274292,0.9975172285773952,0.9900183081626892
280_class-0,2,0.9498691558837891,0,0.9931836128234863,0.9994860887527466,0.9982582443102648,0.9917749762535095
280_class-0,3,0.949752926826477,0,0.9931120872497559,0.9988415241241455,0.9987471869707445,0.9915387630462646
280_class-0,4,0.9495686292648315,1,0.9931542873382568,1.001070499420166,0.9988408216256317,0.9920988082885742
280_class-0,5,0.9499032497406006,0,0.9930887222290039,0.9987332820892334,0.9984464128368038,0.991655707359314
281_class-4,0,0.5747309923171997,1,0.9942881464958191,0.9938259124755859,1.0,0.9821599721908569
281_class-4,1,0.7860443592071533,0,0.9908175468444824,0.9688392877578735,0.30896850204376053,0.8912419080734253
281_class-4,2,0.8109846115112305,0,0.9918830394744873,0.975389838218689,0.9516614598125532,0.8994172811508179
281_class-4,3,0.943151593208313,0,0.9860525727272034,0.9951567649841309,0.8010148357149358,0.979948878288269
281_class-4,4,0.9688570499420166,0,0.9839704036712646,1.0010539293289185,0.9607022223193887,0.9938071370124817
281_class-4,5,0.7812865972518921,0,0.9910731315612793,0.9663963317871094,0.72549491151168,0.8652989268302917
282_class-4,0,0.8821227550506592,0,0.9877572059631348,0.9905555248260498,1.0,0.9654099345207214
282_class-4,1,0.5038204193115234,0,0.9976580142974854,0.969348669052124,0.3037456981828459,0.9800165295600891
282_class-4,2,0.5470231771469116,0,0.9963971376419067,0.978893518447876,0.7557425326041228,0.9710302352905273
282_class-4,3,0.5011873841285706,0,0.9963945150375366,0.9876177310943604,0.7622612616444766,0.9770013689994812
282_class-4,4,0.797316312789917,0,0.989948034286499,0.9543776512145996,0.34333983851834843,0.8706334233283997
282_class-4,5,0.39585381746292114,1,0.9974369406700134,0.9957081079483032,0.09689018092797307,0.9947723150253296
283_class-4,0,0.49756455421447754,0,0.9890401363372803,1.0130829811096191,1.0,0.9954627156257629
283_class-4,1,0.4827967882156372,0,0.9890595078468323,1.0130304098129272,0.9995793947712129,0.9955021142959595
283_class-4,2,0.48369452357292175,0,0.9892400503158569,1.0119404792785645,0.9937679186176512,0.9931874871253967
283_class-4,3,0.48288705945014954,0,0.9890502691268921,1.01328444480896,0.9939769707705934,0.9954133629798889
283_class-4,4,0.48287051916122437,0,0.9890481233596802,1.0133614540100098,0.9997896554778142,0.9955300092697144
283_class-4,5,0.48283252120018005,1,0.9890316128730774,1.0134849548339844,0.9997896508203618,0.9954964518547058
284_class-2,0,0.7622302770614624,0,0.9831613302230835,0.9043765068054199,1.0,0.9260174036026001
284_class-2,1,0.9320058226585388,1,0.9793683290481567,0.9954434633255005,0.5773094934014474,0.9879202246665955
284_class-2,2,0.7105992436408997,0,0.9839969277381897,0.9524494409561157,0.5292742783685871,0.9404405951499939
284_class-2,3,0.7128695845603943,0,0.9848824739456177,0.9466453790664673,0.9770791389190027,0.932612419128418
284_class-2,4,0.726682722568512,0,0.9811665415763855,0.9497288465499878,0.39494136326917184,0.9509721994400024
284_class-2,5,0.9319372177124023,0,0.9793558716773987,0.9955211877822876,0.5536606163966379,0.9877187609672546
285_class-2,0,0.9954075217247009,0,0.9895665645599365,0.9993656873703003,1.0,0.9887288808822632
285_class-2,1,0.9382892847061157,0,0.9915294647216797,0.9977185130119324,0.9796012340562693,0.9597811698913574
285_class-2,2,0.9402844905853271,0,0.9897148013114929,1.001326322555542,0.9869061789849584,0.9602400660514832
285_class-2,3,0.9403647184371948,0,0.9895142316818237,1.0002694129943848,0.9989020165780033,0.958561360836029
285_class-2,4,0.9362654685974121,1,0.99064040184021,1.0022468566894531,0.9736965074388387,0.983934760093689
285_class-2,5,0.9356615543365479,0,0.9904749989509583,1.0008771419525146,0.9969485614646905,0.9827247262001038
286_class-3,0,0.7052909135818481,0,0.9150489568710327,0.9661918878555298,1.0,0.951853334903717
286_class-3,1,0.6540862321853638,0,0.8911170959472656,0.9676604270935059,0.9028042328042328,0.9611715078353882
286_class-3,2,0.7807425260543823,0,0.9428610801696777,0.9627698659896851,0.6724530108942894,0.899909257888794
286_class-3,3,0.6530169248580933,0,0.8908817172050476,0.9630836248397827,0.6691337828671747,0.9581252336502075
286_class-3,4,0.3666883111000061,0,0.9144563674926758,0.9459866285324097,0.28234457195274915,0.8054465055465698
286_class-3,5,0.9385718703269958,1,0.9442659020423889,0.9691324234008789,0.2052188325624553,0.9175751209259033
287_class-3,0,0.9004234075546265,0,0.9699805378913879,0.988415002822876,1.0,0.9638641476631165
287_class-3,1,0.45867329835891724,1,0.98976731300354,0.9677032232284546,0.5563579954324126,0.8725458979606628
287_class-3,2,0.6909864544868469,0,0.9704676866531372,0.9883713722229004,0.5558264387789507,0.9601104855537415
287_class-3,3,0.6966150999069214,0,0.9697386622428894,0.9874745607376099,0.9837963577183998,0.9774360060691833
287_class-3,4,0.6984846591949463,0,0.9696284532546997,0.9868994951248169,0.9944787869181593,0.976142168045044
287_class-3,5,0.6939665675163269,0,0.9702926874160767,0.9890133142471313,0.985671862745962,0.960899829864502
288_class-4,0,0.7403258681297302,0,0.9987297058105469,0.9426537156105042,1.0,0.9826653003692627
288_class-4,1,0.3193407654762268,1,0.997121274471283,0.9908595085144043,0.00016440608302507192,0.9879388213157654
288_class-4,2,0.5612108111381531,0,0.9943407773971558,0.9354057312011719,0.20754256588222536,0.8249997496604919
288_class-4,3,0.41590869426727295,0,0.9950028657913208,0.9735157489776611,0.3599978306849612,0.9590342044830322
288_class-4,4,0.578905463218689,0,0.9959713816642761,0.9700531959533691,0.5708685425559717,0.9536797404289246
288_class-4,5,0.4471943974494934,0,0.9845098257064819,0.9706990718841553,0.43482252141982863,0.9420114159584045
289_class-2,0,0.5438467860221863,0,0.9986291527748108,1.007914423942566,1.0,0.9951277375221252
289_class-2,1,0.7045950889587402,0,0.9964523315429688,0.9983493089675903,0.5032493823059195,0.9881738424301147
289_class-2,2,0.5217704772949219,1,0.9986307621002197,1.0080456733703613,0.5032396062632388,0.9950480461120605
289_class-2,3,0.7143397331237793,0,0.9959627985954285,0.9869177341461182,0.48453483689085786,0.9567729234695435
289_class-2,4,0.6021572947502136,0,0.9973563551902771,0.982785701751709,0.705609736439107,0.9669196009635925
289_class-2,5,0.5217494964599609,0,0.9986189603805542,1.0077948570251465,0.6871579663708283,0.9951746463775635
290_class-3,0,0.7676519155502319,0,0.9914823174476624,0.912908673286438,1.0,0.831523060798645
290_class-3,1,0.6544738411903381,0,0.9948097467422485,0.934198260307312,0.37605186922334116,0.8343855142593384
290_class-3,2,0.5340916514396667,1,0.9913737773895264,0.9726759195327759,0.5381535976402009,0.9461661577224731
290_class-3,3,0.6197893619537354,0,0.9888280630111694,0.9100254774093628,0.509880051548095,0.7840191721916199
290_class-3,4,0.5204690098762512,0,0.9812210202217102,0.9782514572143555,0.5707949393607097,0.9434475302696228
290_class-3,5,0.5272800922393799,0,0.9824796915054321,0.9726866483688354,0.9575326138423107,0.9283111691474915
291_class-3,0,0.5829652547836304,0,0.9921824932098389,0.9903131723403931,1.0,0.9717633128166199
291_class-3,1,0.4980633854866028,0,0.9921176433563232,0.9918563365936279,0.9920781309118426,0.9708302021026611
291_class-3,2,0.49900946021080017,0,0.9920303821563721,0.9805560111999512,0.9822183594851076,0.968953013420105
291_class-3,3,0.7333844900131226,0,0.9695733785629272,0.9489490985870361,0.5254441510498116,0.7658969759941101
291_class-3,4,0.4983512759208679,1,0.9923431873321533,0.9926377534866333,0.524391651808048,0.9733247756958008
291_class-3,5,0.6015408635139465,0,0.9810354709625244,0.9256553649902344,0.4047528704133114,0.6874557733535767
292_class-2,0,0.9711911678314209,0,0.9917001724243164,0.9544084072113037,1.0,0.9341946244239807
292_class-2,1,0.7005867958068848,1,0.9970923066139221,0.992843747138977,0.5801614282436858,0.9824415445327759
292_class-2,2,0.9130585789680481,0,0.991532027721405,0.9908221960067749,0.580061855670103,0.982551097869873
292_class-2,3,0.9127287268638611,0,0.9915108680725098,0.993201494216919,0.9973237261966031,0.9837427735328674
292_class-2,4,0.9127559661865234,0,0.9915773868560791,0.9889657497406006,0.9973430548690064,0.9808868169784546
292_class-2,5,0.7197463512420654,0,0.9957140684127808,0.9528851509094238,0.6186931689313182,0.960020899772644
293_class-4,0,0.9579142928123474,0,0.9945847988128662,0.9722301363945007,1.0,0.9763615727424622
293_class-4,1,0.9529256820678711,1,0.9948179721832275,1.0038756132125854,0.9689543836410299,0.9900949597358704
293_class-4,2,0.9346624612808228,0,0.9946517944335938,1.00387442111969,0.9508128732581287,0.9667072892189026
293_class-4,3,0.9230929017066956,0,0.9960756301879883,0.9467943906784058,0.9608016168977198,0.7961306571960449
293_class-4,4,0.9330341815948486,0,0.9946836829185486,1.00198233127594,0.9595588235294118,0.9604517817497253
293_class-4,5,0.6935654282569885,0,0.9969263076782227,0.9781991243362427,0.5224324403113431,0.9607755541801453
294_class-2,0,0.6941276788711548,0,0.9926401376724243,1.000309944152832,1.0,0.9887561798095703
294_class-2,1,0.6744104623794556,0,0.9925607442855835,0.9963538646697998,0.9925716003263343,0.9897656440734863
294_class-2,2,0.6755145788192749,0,0.9926257133483887,1.004879355430603,0.9930436276193748,0.9908190369606018
294_class-2,3,0.6746281385421753,0,0.9925884008407593,1.0012069940567017,0.994495570654511,0.9914026260375977
294_class-2,4,0.6755056977272034,0,0.992655873298645,1.0040665864944458,0.9943238013330467,0.990463137626648
294_class-2,5,0.9246839284896851,1,0.9945659041404724,0.9996986389160156,0.4058045902768807,0.9948956370353699
295_class-0,0,0.9951441884040833,0,0.9084781408309937,1.004999041557312,1.0,0.9922450184822083
295_class-0,1,0.9365873336791992,0,0.9084086418151855,1.000780463218689,0.9832083843329253,0.9862964153289795
295_class-0,2,0.9358828067779541,0,0.9087554812431335,0.9947826862335205,0.9896807978129452,0.9867085218429565
295_class-0,3,0.9348189234733582,0,0.9087146520614624,0.9978634119033813,0.9932129299436329,0.99224454164505
295_class-0,4,0.9369033575057983,0,0.9078661203384399,0.9986244440078735,0.9858581200522635,0.9891639351844788
295_class-0,5,0.933565616607666,1,0.9085424542427063,1.0048378705978394,0.981182590071139,0.992236316204071
296_class-4,0,0.329325407743454,0,0.9655663967132568,0.9992547035217285,1.0,0.9660840630531311
296_class-4,1,0.3221157193183899,0,0.9651917219161987,0.989501953125,0.9865203632926478,0.9741618037223816
296_class-4,2,0.3231034278869629,0,0.9645651578903198,0.9915543794631958,0.996690472043198,0.9769975543022156
296_class-4,3,0.3371945321559906,1,0.9816855192184448,0.9952343702316284,0.7568849151483495,0.965979278087616
296_class-4,4,0.3173796236515045,0,0.9655542969703674,0.9992207288742065,0.7678143431775077,0.9614999890327454
296_class-4,5,0.32905587553977966,0,0.9636242389678955,0.9949812889099121,0.96889019413248,0.9844884872436523
297_class-1,0,0.682567298412323,0,0.9923880696296692,0.9486466646194458,1.0,0.9172124862670898
297_class-1,1,0.6167025566101074,0,0.9913682341575623,0.9481638669967651,0.9693694702654273,0.9132245779037476
297_class-1,2,0.7194784879684448,0,0.9934157133102417,0.9513132572174072,0.7286299765807962,0.9057168960571289
297_class-1,3,0.6302756071090698,0,0.9918820261955261,0.9470945596694946,0.7567398511290423,0.9146164059638977
297_class-1,4,0.6126198172569275,0,0.9915361404418945,0.9506715536117554,0.9433962264150944,0.9118070602416992
297_class-1,5,0.5663390159606934,1,0.9943727850914001,0.9461616277694702,0.44303202807638103,0.9152173399925232
298_class-3,0,0.7529603242874146,0,0.9931594729423523,0.8853250741958618,1.0,0.8973906636238098
298_class-3,1,0.5523048043251038,0,0.9857608079910278,0.9471783638000488,0.25502709983643884,0.8856574892997742
298_class-3,2,0.5299819111824036,0,0.9944668412208557,0.9067416191101074,0.5240942438835202,0.8730660676956177
298_class-3,3,0.4294535517692566,0,0.9873992204666138,0.93360435962677,0.3752086301648687,0.9060613512992859
298_class-3,4,0.5950460433959961,0,0.9948112964630127,0.9095627069473267,0.08053414096916299,0.9312876462936401
298_class-3,5,0.6128302216529846,1,0.9967302083969116,0.9748334884643555,0.7197068403908795,0.9862851500511169
299_class-0,0,0.44857871532440186,0,0.9756927490234375,0.9834990501403809,1.0,0.9508499503135681
299_class-0,1,0.4269256591796875,0,0.9751110672950745,0.9872068166732788,0.9748471899172392,0.9578269720077515
299_class-0,2,0.4291176497936249,0,0.9753168225288391,0.9826157093048096,0.9536198604913132,0.9479861855506897
299_class-0,3,0.43111783266067505,0,0.9761825203895569,0.984393835067749,0.975676783794865,0.9529322385787964
299_class-0,4,0.4272206425666809,1,0.9779188632965088,0.978350043296814,0.9462317092358525,0.9548279047012329
299_class-0,5,0.428229957818985,0,0.9750423431396484,0.9846616983413696,0.9584076366306514,0.9526481032371521
300_class-4,0,0.9970120191574097,0,0.9871593117713928,1.0038713216781616,1.0,0.9835987091064453
300_class-4,1,0.9815577268600464,0,0.9872743487358093,1.0033938884735107,0.9993790995351207,0.9831933379173279
300_class-4,2,0.9814515113830566,0,0.9871712923049927,1.0035133361816406,0.999426833734019,0.9810163974761963
300_class-4,3,0.9813734292984009,0,0.9874091148376465,1.003296136856079,0.9994426307827057,0.9822856187820435
300_class-4,4,0.9823006987571716,1,0.9868388175964355,1.0064723491668701,0.9978534972095464,0.9860289096832275
300_class-4,5,0.981334924697876,0,0.9870162010192871,1.0027908086776733,0.9975354576098708,0.9779647588729858
301_class-0,0,0.9964719414710999,1,0.9949668049812317,0.9996223449707031,1.0,0.9927583336830139
301_class-0,1,0.8861654996871948,0,0.99648517370224,0.9580217599868774,0.8630143298161544,0.9576176404953003
301_class-0,2,0.9414197206497192,0,0.9957734942436218,0.9373606443405151,0.8488445283697509,0.9629573822021484
301_class-0,3,0.9506043195724487,0,0.9949324131011963,0.9654316306114197,0.9723861828260535,0.9860143661499023
301_class-0,4,0.944593071937561,0,0.9956070780754089,0.9008938074111938,0.9824933961775522,0.960496187210083
301_class-0,5,0.8338192701339722,0,0.9963397979736328,0.9589122533798218,0.7476796287405985,0.95143061876297
302_class-0,0,0.9982300400733948,0,0.9935342669487,0.9279568195343018,1.0,0.8454200625419617
302_class-0,1,0.8991824388504028,1,0.9934165477752686,0.9960393905639648,0.9742535960352955,0.9915124773979187
302_class-0,2,0.8990565538406372,0,0.9933916926383972,0.9948291778564453,0.9948805460750854,0.991415798664093
302_class-0,3,0.9008108377456665,0,0.9934102296829224,0.9959439039230347,0.9952334392569054,0.9916667938232422
302_class-0,4,0.8982172012329102,0,0.9934194087982178,0.9944319725036621,0.992320819112628,0.9914756417274475
302_class-0,5,0.8983453512191772,0,0.9934870600700378,0.9918681979179382,0.988837660761951,0.9851159453392029
303_class-0,0,0.977340579032898,0,0.989391565322876,0.992077112197876,1.0,0.9822019338607788
303_class-0,1,0.9177252054214478,0,0.9904038906097412,0.9919354915618896,0.9572091105843553,0.9764108657836914
303_class-0,2,0.9180190563201904,1,0.9905444383621216,0.991726279258728,0.9978931980393843,0.9776588678359985
303_class-0,3,0.9216268062591553,0,0.9894425868988037,0.9808114767074585,0.9651099816697217,0.9718170166015625
303_class-0,4,0.9224529266357422,0,0.9892365336418152,0.9788963794708252,0.9936789402315636,0.9707925319671631
303_class-0,5,0.8671140074729919,0,0.9893965125083923,0.9686928987503052,0.8476721283996145,0.9426828026771545
304_class-1,0,0.5405148863792419,0,0.9842040538787842,0.9674676656723022,1.0,0.9494845271110535
304_class-1,1,0.4617587924003601,0,0.9840376973152161,0.9725223779678345,0.9899832409436637,0.9529240131378174
304_class-1,2,0.46232128143310547,0,0.9839893579483032,0.9746271371841431,0.9959938684288493,0.9569449424743652
304_class-1,3,0.46184536814689636,0,0.9839739203453064,0.9744898080825806,0.9966887417218543,0.9548723101615906
304_class-1,4,0.46271175146102905,1,0.9837366342544556,0.9761761426925659,0.9953046207677266,0.9577928185462952
304_class-1,5,0.4618622362613678,0,0.9838770627975464,0.9746612310409546,0.994958004810475,0.9548238515853882
305_class-4,0,0.7913805842399597,0,0.9191923141479492,0.9998641014099121,1.0,0.9410033822059631
305_class-4,1,0.7666671872138977,1,0.9212087392807007,1.0038315057754517,0.9893294627077779,0.957722544670105
305_class-4,2,0.7718108892440796,0,0.920201301574707,0.9987006187438965,0.994292934225304,0.9432010650634766
305_class-4,3,0.7718430757522583,0,0.9204962849617004,1.0016708374023438,0.9982131422472938,0.9557852149009705
305_class-4,4,0.7740027904510498,0,0.9204928874969482,0.9995713233947754,0.9974792371952556,0.9508578181266785
305_class-4,5,0.7615974545478821,0,0.9216572046279907,1.002913475036621,0.9862816851668057,0.9497766494750977
306_class-2,0,0.42501920461654663,0,0.9732713103294373,0.9383823871612549,1.0,0.9283251762390137
306_class-2,1,0.4792334735393524,0,0.979001522064209,0.9368562698364258,0.8381805526132615,0.8532803654670715
306_class-2,2,0.42363306879997253,0,0.9760119915008545,0.9530335664749146,0.8403006745515593,0.9327922463417053
306_class-2,3,0.4171046018600464,0,0.9732230305671692,0.9438138008117676,0.976052775861764,0.9399243593215942
306_class-2,4,0.4306889772415161,1,0.9737036228179932,0.9720947742462158,0.963631272205401,0.9600111246109009
306_class-2,5,0.47077012062072754,0,0.9777430295944214,0.9489609003067017,0.9032606070364705,0.9126309752464294
307_class-2,0,0.39806509017944336,1,0.9922035932540894,1.0075464248657227,1.0,0.9919420480728149
307_class-2,1,0.7124552726745605,0,0.9662352800369263,0.9622113704681396,0.45209811786485654,0.8993818163871765
307_class-2,2,0.4416067898273468,0,0.9892789125442505,1.0037257671356201,0.4085010120252411,0.9855429530143738
307_class-2,3,0.3241996169090271,0,0.9900555610656738,1.002936601638794,0.5762737833245118,0.9912396669387817
307_class-2,4,0.32402530312538147,0,0.9886065721511841,1.0027769804000854,0.9986533282031551,0.9910188913345337
307_class-2,5,0.4418339729309082,0,0.9893339276313782,1.0036981105804443,0.5749401480986582,0.9849024415016174
308_class-3,0,0.7231341600418091,0,0.9884829521179199,0.9760956764221191,1.0,0.9323350191116333
308_class-3,1,0.8074642419815063,1,0.9904694557189941,0.9993951320648193,0.6029369741228766,0.9865338206291199
308_class-3,2,0.8029218912124634,0,0.9896336197853088,0.991487979888916,0.9848974431019949,0.9675896167755127
308_class-3,3,0.9316815137863159,0,0.9848438501358032,1.00225830078125,0.7476106053133206,0.988737940788269
308_class-3,4,0.8073481321334839,0,0.9906726479530334,0.9995005130767822,0.7582479105293326,0.9840325713157654
308_class-3,5,0.7905423641204834,0,0.9904734492301941,0.986217737197876,0.957529839857964,0.9652126431465149
309_class-3,0,0.9933416843414307,0,0.983267068862915,0.999386191368103,1.0,0.9883612990379333
309_class-3,1,0.9119699001312256,1,0.9834263324737549,1.0046555995941162,0.9980522319831459,0.991742730140686
309_class-3,2,0.9122004508972168,0,0.9834102392196655,1.0007045269012451,0.9978329158217026,0.9874365329742432
309_class-3,3,0.9120110273361206,0,0.9833149909973145,1.0005371570587158,0.9986873769415883,0.9886894822120667
309_class-3,4,0.9118233323097229,0,0.983269453048706,1.0039422512054443,0.9984496740340276,0.9916398525238037
309_class-3,5,0.9119805097579956,0,0.9834998250007629,1.0034092664718628,0.9960637748002068,0.9909926652908325
310_class-1,0,0.5671020150184631,1,0.9865982532501221,0.9906175136566162,1.0,0.9521524310112
310_class-1,1,0.49370133876800537,0,0.9862615466117859,0.9880088567733765,0.9959452153541178,0.9496126174926758
310_class-1,2,0.49465954303741455,0,0.9849808216094971,0.9896973371505737,0.9782081470310695,0.9579978585243225
310_class-1,3,0.49360185861587524,0,0.9864479303359985,0.9890648126602173,0.9769556398271453,0.9503116607666016
310_class-1,4,0.4944828152656555,0,0.9851962327957153,0.9898040294647217,0.9791395967577984,0.9551823735237122
310_class-1,5,0.4935609698295593,0,0.9863307476043701,0.9889888763427734,0.9803415479263161,0.9539598226547241
311_class-3,0,0.8021687269210815,0,0.9476505517959595,0.9495176076889038,1.0,0.9186858534812927
311_class-3,1,0.7616584300994873,0,0.9496766328811646,0.9568604230880737,0.9489137504878367,0.9351262450218201
311_class-3,2,0.7629233598709106,1,0.954788088798523,0.9634135961532593,0.9816340764084416,0.9277858734130859
311_class-3,3,0.7540254592895508,0,0.9526611566543579,0.9583005905151367,0.9803857555140577,0.9186329245567322
311_class-3,4,0.762253999710083,0,0.9518634676933289,0.957084059715271,0.9746260128817785,0.9321420192718506
311_class-3,5,0.7583061456680298,0,0.9517754316329956,0.963650107383728,0.9795603797779879,0.9210172295570374
312_class-2,0,0.9929159879684448,1,0.9888969659805298,0.9849199056625366,1.0,0.9874786734580994
312_class-2,1,0.2912413477897644,0,0.958908200263977,1.0074812173843384,0.09007500815306012,0.9877123236656189
312_class-2,2,0.7922733426094055,0,0.9885690808296204,0.9456332921981812,0.12374819616971595,0.821662962436676
312_class-2,3,0.2912609577178955,0,0.9586618542671204,1.0040956735610962,0.12291581943879626,0.9806167483329773
312_class-2,4,0.29149603843688965,0,0.9585558772087097,1.0031765699386597,0.9986122514222606,0.9855199456214905
312_class-2,5,0.291150838136673,0,0.9586594700813293,1.0024772882461548,0.9985252451870686,0.9814400672912598
313_class-2,0,0.6057751774787903,0,0.9930644035339355,1.0102009773254395,1.0,0.9939628839492798
313_class-2,1,0.5904290080070496,0,0.9929216504096985,1.011433482170105,0.998842437256744,0.9941824674606323
313_class-2,2,0.590471625328064,1,0.9929080605506897,1.0123401880264282,0.9996306679873084,0.9940865635871887
313_class-2,3,0.5904316902160645,0,0.9929443597793579,1.0106884241104126,0.9989932548072082,0.9940470457077026
313_class-2,4,0.5905250310897827,0,0.9929922819137573,1.0102852582931519,0.9994128009395185,0.9940416812896729
313_class-2,5,0.590427815914154,0,0.9929401278495789,1.0107531547546387,0.9992450551109769,0.9940455555915833
314_class-1,0,0.6141230463981628,0,0.989072322845459,0.9555745124816895,1.0,0.9237043261528015
314_class-1,1,0.7063089609146118,0,0.9927457571029663,0.9802439212799072,0.5920413476858508,0.9733877182006836
314_class-1,2,0.5917320847511292,0,0.9913809299468994,0.9549751281738281,0.6322922927071892,0.9338443279266357
314_class-1,3,0.7066258192062378,0,0.9925317168235779,0.9793374538421631,0.6337099616461076,0.9741932153701782
314_class-1,4,0.5811997652053833,0,0.9913747906684875,0.983913779258728,0.5982146471802761,0.9478673338890076
314_class-1,5,0.7067822217941284,1,0.992716908454895,0.9817541837692261,0.601798291014634,0.9744932651519775
315_class-2,0,1.8951238871522946e-06,1,0.9893009662628174,1.004408359527588,1.0,0.9176428318023682
315_class-2,1,1.3119817594997585e-05,0,0.989311695098877,1.004024863243103,0.9997818682790556,0.9011547565460205
315_class-2,2,7.497488240915118e-06,0,0.9893122911453247,1.0039446353912354,0.9998890228268564,0.9068682193756104
315_class-2,3,0.00022103007358964533,0,0.9893457293510437,1.0063327550888062,0.9988913567881459,0.8255997896194458
315_class-2,4,0.0001892222062451765,0,0.9892948865890503,1.0062894821166992,0.9996521313643714,0.8278697729110718
315_class-2,5,1.8746671912595048e-06,0,0.9893043637275696,1.0055729150772095,0.998975198268544,0.9132583737373352
316_class-4,0,0.34410491585731506,1,0.9741100072860718,0.9506787061691284,1.0,0.7264369130134583
316_class-4,1,0.13451746106147766,0,0.5754317045211792,0.9565824270248413,0.39367134159388434,0.548305869102478
316_class-4,2,0.304713636636734,0,0.9276207685470581,0.9260439872741699,0.5109111178094513,0.680635929107666
316_class-4,3,0.17786841094493866,0,0.6560925245285034,0.9615962505340576,0.5969746258945998,0.6183052062988281
316_class-4,4,0.374662846326828,0,0.9787890911102295,0.8517375588417053,0.10758028238229346,0.7062448859214783
316_class-4,5,0.09924428164958954,0,0.5841318368911743,0.9613674879074097,0.22230099160810654,0.6673328876495361
317_class-0,0,0.9964085817337036,0,0.9939450621604919,0.9981908798217773,1.0,0.9916139245033264
317_class-0,1,0.9502716064453125,0,0.9938187003135681,0.9973688125610352,0.9985151515151515,0.9909859895706177
317_class-0,2,0.9527378082275391,0,0.9931609630584717,1.0019930601119995,0.9878370590554764,0.9898147583007812
317_class-0,3,0.9506908059120178,0,0.9937356114387512,0.996246337890625,0.9895478852698104,0.9905550479888916
317_class-0,4,0.9528982639312744,0,0.993513822555542,1.0015954971313477,0.989517819706499,0.9896942973136902
317_class-0,5,0.9525032043457031,1,0.9939790964126587,1.0029875040054321,0.9966000980151923,0.9899168014526367
318_class-0,0,0.9997663497924805,0,0.9947773814201355,1.007733941078186,1.0,0.9947956800460815
318_class-0,1,0.9270519018173218,0,0.9947855472564697,1.007864236831665,0.998678809040721,0.9948119521141052
318_class-0,2,0.927107572555542,1,0.9947983622550964,1.0082179307937622,0.9985367004956337,0.9949778318405151
318_class-0,3,0.9269223213195801,0,0.9947847127914429,1.0074412822723389,0.9991502218865074,0.9947274327278137
318_class-0,4,0.9269778728485107,0,0.994792103767395,1.0081253051757812,0.9991975454330895,0.9946290850639343
318_class-0,5,0.927181601524353,0,0.9947688579559326,1.0077235698699951,0.9991972801964303,0.9949990510940552
319_class-3,0,0.38112887740135193,0,0.9753960371017456,0.9830628633499146,1.0,0.8723537921905518
319_class-3,1,0.08738834410905838,0,0.8347564935684204,0.9809668064117432,0.3663080818389886,0.9270915985107422
319_class-3,2,0.46421289443969727,0,0.9818679690361023,0.9744994640350342,0.14923855662488322,0.9315722584724426
319_class-3,3,0.4234917461872101,1,0.9814016222953796,0.9831732511520386,0.8993240738099991,0.9857439994812012
319_class-3,4,0.4144517481327057,0,0.9811427593231201,0.9839543104171753,0.4131522803816067,0.897113561630249
319_class-3,5,0.36504167318344116,0,0.9808133840560913,0.9987571239471436,0.8256586850324338,0.9286000728607178
320_class-0,0,0.5540481209754944,0,0.987273097038269,0.960931658744812,1.0,0.9385008215904236
320_class-0,1,0.647010087966919,0,0.9844731688499451,0.9514880180358887,0.47429624451928576,0.9416096210479736
320_class-0,2,0.579265832901001,0,0.9855507016181946,0.9602230787277222,0.638508504143044,0.9360188841819763
320_class-0,3,0.5197112560272217,1,0.9865936636924744,0.9633259773254395,0.6359900934369019,0.9474459290504456
320_class-0,4,0.5192139744758606,0,0.9861984252929688,0.9621231555938721,0.9824654474382242,0.9470031261444092
320_class-0,5,0.5408061742782593,0,0.9870680570602417,0.9520834684371948,0.8462809917355372,0.9243489503860474
321_class-2,0,0.999478280544281,0,0.9766532778739929,1.0085489749908447,1.0,0.9921226501464844
321_class-2,1,0.9562329053878784,0,0.9766585230827332,1.0077677965164185,0.9993865129720217,0.9918140769004822
321_class-2,2,0.9564335346221924,0,0.9766876697540283,1.0086565017700195,0.9993380690991281,0.9922018051147461
321_class-2,3,0.9565533399581909,0,0.9767427444458008,1.0084011554718018,0.9994023293004022,0.9920774698257446
321_class-2,4,0.9564238786697388,1,0.9767842292785645,1.0085760354995728,0.9994830622102321,0.9919662475585938
321_class-2,5,0.9564650058746338,0,0.9766714572906494,1.0081968307495117,0.999353942565494,0.9919309616088867
322_class-0,0,0.9977418184280396,0,0.9904438257217407,1.0013625621795654,1.0,0.9896323680877686
322_class-0,1,0.9486629962921143,0,0.9908727407455444,1.0038272142410278,0.9969442322383499,0.9906696081161499
322_class-0,2,0.9486601948738098,1,0.9908666014671326,1.0041090250015259,0.9981313822507633,0.9909449815750122
322_class-0,3,0.949310302734375,0,0.9903792142868042,0.99424147605896,0.9957354954196062,0.9881446957588196
322_class-0,4,0.8658970594406128,0,0.9902685880661011,0.9584827423095703,0.8015634078064755,0.9149620532989502
322_class-0,5,0.9487329125404358,0,0.990964412689209,1.0035690069198608,0.799347471451876,0.9910068511962891
323_class-2,0,0.19546975195407867,0,0.8476068377494812,0.968708872795105,1.0,0.6456515789031982
323_class-2,1,0.3547004759311676,0,0.9761517643928528,0.9199390411376953,0.6082574684920887,0.7668347358703613
323_class-2,2,0.29057127237319946,0,0.9555974006652832,0.9708019495010376,0.8019376597710038,0.8346095681190491
323_class-2,3,0.3373897075653076,1,0.9800882339477539,0.9832768440246582,0.8360910691966822,0.8904265761375427
323_class-2,4,0.28924503922462463,0,0.9518738985061646,0.9719064235687256,0.8341836554178843,0.8406901955604553
323_class-2,5,0.8842917680740356,0,0.9460930824279785,0.9508745670318604,0.0808616121035986,0.9511511325836182
324_class-0,0,0.9994261860847473,0,0.9627177119255066,1.0105669498443604,1.0,0.9889068603515625
324_class-0,1,0.9225353002548218,0,0.962780237197876,1.009881615638733,0.9987046956870544,0.9882505536079407
324_class-0,2,0.9229763150215149,1,0.9640528559684753,1.010731816291809,0.9855317298364166,0.9847450852394104
324_class-0,3,0.9226223230361938,0,0.962899923324585,1.010361671447754,0.9864557173949439,0.9893518090248108
324_class-0,4,0.9225318431854248,0,0.962729811668396,1.010305643081665,0.9985286987343466,0.9891862869262695
324_class-0,5,0.9224755167961121,0,0.9626947045326233,1.009735345840454,0.9991979078763775,0.9887118339538574
325_class-3,0,0.6525515913963318,0,0.988956868648529,0.9984163045883179,1.0,0.979739248752594
325_class-3,1,0.544538676738739,0,0.9551024436950684,0.9965794086456299,0.18224702677562954,0.9818570613861084
325_class-3,2,0.6388277411460876,0,0.9922057390213013,0.9770371913909912,0.1890302969569429,0.9623411297798157
325_class-3,3,0.639920175075531,1,0.99067622423172,0.9949495792388916,0.9604702372496093,0.9845219850540161
325_class-3,4,0.50999915599823,0,0.9314618706703186,0.9847379922866821,0.16086780328248473,0.9367792010307312
325_class-3,5,0.49557459354400635,0,0.9168421030044556,0.9937965869903564,0.9235155987923516,0.9784662127494812
326_class-0,0,0.37170127034187317,0,0.9420942068099976,0.9941911697387695,1.0,0.9821237325668335
326_class-0,1,0.40667206048965454,1,0.9710522294044495,1.0106830596923828,0.641381317295567,0.9955571293830872
326_class-0,2,0.4066724181175232,0,0.9706600904464722,1.0106866359710693,0.999849740802885,0.995572030544281
326_class-0,3,0.4066776633262634,0,0.9705671072006226,1.0106056928634644,0.999824693213123,0.9955483078956604
326_class-0,4,0.4066780209541321,0,0.9710370302200317,1.0106655359268188,0.9997996443687546,0.9955832362174988
326_class-0,5,0.40668022632598877,0,0.9701980352401733,1.0104397535324097,0.9995742656081741,0.9956274032592773
327_class-3,0,0.9118871688842773,1,0.9833709597587585,0.9777045249938965,1.0,0.9534264802932739
327_class-3,1,0.7342520952224731,0,0.9807205200195312,0.9192488193511963,0.8328089357350743,0.9194465279579163
327_class-3,2,0.7535583972930908,0,0.9832071661949158,0.9737529754638672,0.7709334383615597,0.9590359330177307
327_class-3,3,0.19208288192749023,0,0.8520997762680054,0.9751332998275757,0.10397958420979574,0.6927961111068726
327_class-3,4,0.6798937916755676,0,0.9564763307571411,0.9559046030044556,0.13479402908578383,0.9122003316879272
327_class-3,5,0.31839221715927124,0,0.882746160030365,0.9278427362442017,0.1631591906493055,0.689064621925354
328_class-0,0,0.7511532306671143,1,0.9881356954574585,0.9812816381454468,1.0,0.964587390422821
328_class-0,1,0.7040099501609802,0,0.9817862510681152,0.9725656509399414,0.8819924033149171,0.9479875564575195
328_class-0,2,0.618301510810852,0,0.9813402891159058,0.9392545223236084,0.7598707403055229,0.912746787071228
328_class-0,3,0.6775363087654114,0,0.9834418892860413,0.9466679096221924,0.7952754268127846,0.9163767099380493
328_class-0,4,0.5997061133384705,0,0.9807649850845337,0.9446456432342529,0.744375681145882,0.9274781942367554
328_class-0,5,0.6607946157455444,0,0.9876290559768677,0.9477996826171875,0.8006163328197227,0.952959418296814
329_class-1,0,0.444103866815567,1,0.995390772819519,0.9925755858421326,1.0,0.9940553307533264
329_class-1,1,0.28972676396369934,0,0.9712826013565063,0.9960652589797974,0.239114733244936,0.9409070611000061
329_class-1,2,0.289608895778656,0,0.9711053371429443,1.0052717924118042,0.9943435128512366,0.970170259475708
329_class-1,3,0.41854652762413025,0,0.9963749051094055,0.9738423228263855,0.24152862665486038,0.9910959601402283
329_class-1,4,0.414379358291626,0,0.9773786067962646,0.9649838209152222,0.338605741066198,0.6695362329483032
329_class-1,5,0.41783979535102844,0,0.9963765144348145,0.9880297183990479,0.3440679843648621,0.9867178201675415
330_class-1,0,0.7223787307739258,0,0.9774287939071655,0.9612799882888794,1.0,0.9485548138618469
330_class-1,1,0.5604860782623291,0,0.9728981256484985,0.9530569314956665,0.8344243826690619,0.9403253197669983
330_class-1,2,0.5605989098548889,0,0.9726242423057556,0.9536898136138916,0.9969231329425045,0.940018892288208
330_class-1,3,0.564953625202179,1,0.975266695022583,0.9796055555343628,0.8234896810506567,0.9689390659332275
330_class-1,4,0.5654443502426147,0,0.9752479791641235,0.9785995483398438,0.9956058788242351,0.9689155220985413
330_class-1,5,0.5614556074142456,0,0.974717378616333,0.9554370641708374,0.9264442538335365,0.9422141909599304
331_class-4,0,0.3807145059108734,0,0.9945477247238159,1.0097237825393677,1.0,0.9924632906913757
331_class-4,1,0.3690989017486572,0,0.9944672584533691,1.0095949172973633,0.9991868512110726,0.9920505881309509
331_class-4,2,0.3732941746711731,0,0.9918399453163147,0.9415589570999146,0.9864207678345149,0.9627733826637268
331_class-4,3,0.3691016733646393,1,0.994537889957428,1.011269450187683,0.9856609972280209,0.993322491645813
331_class-4,4,0.2827467620372772,0,0.9840408563613892,0.9779014587402344,0.5276092175655495,0.9316549897193909
331_class-4,5,0.36909085512161255,0,0.9945513606071472,1.0102145671844482,0.5277538787357354,0.9924216866493225
332_class-1,0,0.5602951049804688,0,0.9865186810493469,0.9042686223983765,1.0,0.7269415855407715
332_class-1,1,0.573043942451477,0,0.9755312204360962,0.8665908575057983,0.47864485715908445,0.7676011323928833
332_class-1,2,0.5842760801315308,1,0.9768924713134766,0.9573071002960205,0.834071997105644,0.9391863346099854
332_class-1,3,0.45061808824539185,0,0.9755069017410278,0.9424753189086914,0.3323822369786263,0.9281107783317566
332_class-1,4,0.5055639147758484,0,0.9766417741775513,0.9582679271697998,0.7600983322086186,0.9265060424804688
332_class-1,5,0.46374955773353577,0,0.9806821346282959,0.9285637140274048,0.6421958628670621,0.8540312051773071
333_class-2,0,0.020208528265357018,0,0.8565589189529419,0.9874672889709473,1.0,0.563439667224884
333_class-2,1,0.8652389645576477,0,0.9891047477722168,0.9089161157608032,0.050558756212032395,0.9601560831069946
333_class-2,2,0.5249989032745361,1,0.9899181723594666,0.9595515727996826,0.23000058549152014,0.947983980178833
333_class-2,3,0.14875054359436035,0,0.9153739213943481,0.9998023509979248,0.20024788948171948,0.9337419271469116
333_class-2,4,0.006585358176380396,0,0.8599215745925903,0.8938577175140381,0.6958257267654827,0.48047301173210144
333_class-2,5,0.032326482236385345,0,0.8542730808258057,0.9509199857711792,0.9294475749449701,0.35426077246665955
334_class-0,0,0.9492566585540771,1,0.9948527812957764,0.9844797849655151,1.0,0.9474758505821228
334_class-0,1,0.9088724851608276,0,0.9946262836456299,0.9797097444534302,0.9780531260123096,0.9496695399284363
334_class-0,2,0.9087697267532349,0,0.9945665001869202,0.9804736375808716,0.9968915389770968,0.9507116079330444
334_class-0,3,0.9205535054206848,0,0.9899756908416748,0.979096531867981,0.9313578596759763,0.9317830801010132
334_class-0,4,0.9055076837539673,0,0.993962824344635,0.982660174369812,0.9260113613090297,0.9501648545265198
334_class-0,5,0.9072010517120361,0,0.9942179918289185,0.9807730913162231,0.9952019470359854,0.9500512480735779
335_class-0,0,0.4314691722393036,0,0.9882286787033081,0.9822032451629639,1.0,0.9783967733383179
335_class-0,1,0.4303591251373291,1,0.9905768632888794,0.9852830171585083,0.9562906687561749,0.9764566421508789
335_class-0,2,0.5396955013275146,0,0.9883604645729065,0.9808579683303833,0.7486767048666427,0.9741856455802917
335_class-0,3,0.5405032634735107,0,0.9887962937355042,0.9879215955734253,0.980141297366731,0.973353922367096
335_class-0,4,0.43061983585357666,0,0.9898135662078857,0.9849952459335327,0.7619359400780452,0.9749844074249268
335_class-0,5,0.4306160509586334,0,0.9900956153869629,0.9846298694610596,0.9962999760183631,0.9755479693412781
336_class-0,0,0.897545576095581,1,0.9876222610473633,0.9945379495620728,1.0,0.9766166806221008
336_class-0,1,0.8350238800048828,0,0.9873970746994019,0.9924354553222656,0.9951746255921382,0.9775379300117493
336_class-0,2,0.8352653384208679,0,0.9873954653739929,0.9923086166381836,0.9910076699285904,0.9765117168426514
336_class-0,3,0.8362818956375122,0,0.9871826171875,0.9677010774612427,0.9624921799465392,0.9737215638160706
336_class-0,4,0.7270934581756592,0,0.9861150979995728,0.9860488176345825,0.7206538734896943,0.9761154651641846
336_class-0,5,0.832797646522522,0,0.9870233535766602,0.9516080617904663,0.7165939112194569,0.9395348429679871
337_class-1,0,0.5230701565742493,0,0.9889665842056274,0.9728672504425049,1.0,0.9684063792228699
337_class-1,1,0.42374318838119507,0,0.9854800701141357,1.0031931400299072,0.867653361524615,0.9897372722625732
337_class-1,2,0.527779757976532,0,0.9925115704536438,0.9657747745513916,0.5095232501552248,0.9511960744857788
337_class-1,3,0.47724753618240356,0,0.9878858923912048,0.9916701316833496,0.6157087222184919,0.9835935831069946
337_class-1,4,0.42371588945388794,1,0.9857532382011414,1.002375841140747,0.8140471300399956,0.9905067682266235
337_class-1,5,0.42226284742355347,0,0.9850965738296509,0.9692832827568054,0.9790237337097463,0.9800615906715393
338_class-3,0,0.4284735918045044,0,0.9749640822410583,0.9926846027374268,1.0,0.9756039381027222
338_class-3,1,0.9597930908203125,0,0.9956339001655579,0.9956951141357422,0.16924127336348896,0.9924962520599365
338_class-3,2,0.9646593928337097,0,0.9959017038345337,0.9956812858581543,0.983046574651793,0.9932626485824585
338_class-3,3,0.4111787676811218,0,0.9783002138137817,0.9909167289733887,0.14147996264130283,0.9429917931556702
338_class-3,4,0.9646487236022949,0,0.9959235787391663,0.9993619918823242,0.14143257371646933,0.9938927292823792
338_class-3,5,0.9606765508651733,1,0.9956657886505127,1.0005218982696533,0.9846668349318526,0.9946011900901794
339_class-4,0,0.4751627445220947,0,0.9924352169036865,1.013395071029663,1.0,0.9972472786903381
339_class-4,1,0.4483172297477722,0,0.9924407005310059,1.0127763748168945,0.9988877392653905,0.9970144629478455
339_class-4,2,0.4483914077281952,0,0.9924212098121643,1.0133185386657715,0.9989652585560184,0.9970873594284058
339_class-4,3,0.44841092824935913,0,0.992428719997406,1.0134296417236328,0.9995862318653185,0.9972171783447266
339_class-4,4,0.4483855366706848,0,0.992426335811615,1.0132497549057007,0.9996637873066777,0.9970449805259705
339_class-4,5,0.44840896129608154,1,0.9924298524856567,1.013403296470642,0.9995344988103858,0.9972869157791138
340_class-0,0,0.9958535432815552,0,0.9863420724868774,1.001338243484497,1.0,0.989116370677948
340_class-0,1,0.9296636581420898,1,0.9885356426239014,1.0048086643218994,0.9804842383510025,0.9919806718826294
340_class-0,2,0.9328972697257996,0,0.9872214198112488,0.9644429683685303,0.9839770618991398,0.9843429327011108
340_class-0,3,0.930956244468689,0,0.9885715246200562,1.0019460916519165,0.9864975334742777,0.9897798299789429
340_class-0,4,0.9326770305633545,0,0.987554669380188,1.002869725227356,0.9922439079422383,0.9901731610298157
340_class-0,5,0.9336219429969788,0,0.9869248867034912,0.9942049980163574,0.9917872062292193,0.9865507483482361
341_class-3,0,0.8643234968185425,1,0.9936091303825378,0.9779845476150513,1.0,0.962530791759491
341_class-3,1,0.7660021781921387,0,0.9942707419395447,0.9716877937316895,0.98282639727682,0.9605908393859863
341_class-3,2,0.4710293412208557,0,0.9892882108688354,0.9572583436965942,0.3182097680955727,0.9607293009757996
341_class-3,3,0.7654037475585938,0,0.9941057562828064,0.9719829559326172,0.3187402474670886,0.961432695388794
341_class-3,4,0.7748686075210571,0,0.9927071332931519,0.9734605550765991,0.954337899543379,0.9625064134597778
341_class-3,5,0.7920656204223633,0,0.9933445453643799,0.9641295671463013,0.9304666239795102,0.944937527179718
342_class-1,0,0.470503568649292,0,0.982035219669342,0.9972512722015381,1.0,0.9938501119613647
342_class-1,1,0.6253723502159119,0,0.9845689535140991,0.9663419723510742,0.20289600702062308,0.9483251571655273
342_class-1,2,0.7371922731399536,0,0.9878173470497131,0.9865562915802002,0.6748598620800903,0.9636614918708801
342_class-1,3,0.7384040951728821,1,0.9882470965385437,0.9863436222076416,0.9910226931920424,0.9690866470336914
342_class-1,4,0.7371751070022583,0,0.9874716997146606,0.9860901832580566,0.992139371149692,0.9606847167015076
342_class-1,5,0.6907731294631958,0,0.9891037344932556,0.9537917375564575,0.8206181847338038,0.9444107413291931
343_class-2,0,0.9991753101348877,0,0.9198971390724182,1.0128735303878784,1.0,0.9942951798439026
343_class-2,1,0.9779695272445679,0,0.9194653034210205,1.008904218673706,0.9995783531175516,0.9937455654144287
343_class-2,2,0.41542428731918335,0,0.9916625022888184,0.9453641176223755,0.37066557348247486,0.7829055786132812
343_class-2,3,0.9611161947250366,0,0.9264318943023682,0.9722878932952881,0.3763468353828224,0.8614652752876282
343_class-2,4,0.4596385657787323,1,0.985838770866394,0.9766218662261963,0.4402635675495823,0.9752674698829651
343_class-2,5,0.9779499769210815,0,0.9194678068161011,1.0091445446014404,0.4347482343019783,0.9935098886489868
344_class-2,0,0.9989614486694336,0,0.9952825307846069,0.9836667776107788,1.0,0.990583598613739
344_class-2,1,0.9197797179222107,0,0.9953050017356873,1.0015758275985718,0.9922218464660129,0.9941293001174927
344_class-2,2,0.9204778671264648,0,0.9953745603561401,0.9848555326461792,0.9944737289576603,0.9929059147834778
344_class-2,3,0.8366433382034302,0,0.9950358867645264,0.9803516864776611,0.8089794221575556,0.9796505570411682
344_class-2,4,0.8959618806838989,1,0.9971809387207031,0.9985733032226562,0.6675929142063216,0.9933678507804871
344_class-2,5,0.8340269923210144,0,0.9946132898330688,0.9870404005050659,0.6628051303268515,0.9893536567687988
345_class-4,0,0.42416223883628845,1,0.9904413223266602,1.0127062797546387,1.0,0.9955824613571167
345_class-4,1,0.42010781168937683,0,0.9903945922851562,1.0120182037353516,0.9992812008959915,0.9957795739173889
345_class-4,2,0.4200093150138855,0,0.990126371383667,1.0110870599746704,0.9985116310182786,0.9954052567481995
345_class-4,3,0.41994619369506836,0,0.9904049634933472,1.011194109916687,0.9996316512071795,0.9955615997314453
345_class-4,4,0.4201579689979553,0,0.9901441931724548,1.0120625495910645,0.9982608695652174,0.99574214220047
345_class-4,5,0.4202459752559662,0,0.9902082085609436,1.0122458934783936,0.9995151879900362,0.9956408739089966
346_class-0,0,0.9117097854614258,0,0.9975971579551697,0.9916962385177612,1.0,0.9787588715553284
346_class-0,1,0.8653819561004639,0,0.9974521398544312,0.9902474284172058,0.9574462679741883,0.9499382972717285
346_class-0,2,0.8824173212051392,1,0.9973431825637817,0.9921770095825195,0.9552609566297432,0.9801632761955261
346_class-0,3,0.8882117867469788,0,0.9966812133789062,0.9608787298202515,0.9637899375688579,0.971960723400116
346_class-0,4,0.8745575547218323,0,0.997543454170227,0.9970501065254211,0.9431461885165588,0.952702522277832
346_class-0,5,0.8829798698425293,0,0.997327983379364,0.9921905994415283,0.9747888534870783,0.9797675013542175
347_class-3,0,0.86737060546875,0,0.9976087808609009,0.960608959197998,1.0,0.9494894742965698
347_class-3,1,0.7927467823028564,0,0.9946612119674683,0.9347867965698242,0.6392512281890564,0.9190985560417175
347_class-3,2,0.8882430195808411,0,0.9933337569236755,0.9013818502426147,0.7034047200721781,0.9464442133903503
347_class-3,3,0.8969653844833374,0,0.9929826259613037,0.9765399694442749,0.9339480617237486,0.9716323018074036
347_class-3,4,0.9000476598739624,0,0.9928494095802307,0.9744904041290283,0.9781511531335846,0.9658222198486328
347_class-3,5,0.8393896818161011,1,0.997207760810852,0.9686338901519775,0.8407819712191148,0.9581177234649658
348_class-1,0,0.8442332148551941,0,0.9900922775268555,0.9746115207672119,1.0,0.966986894607544
348_class-1,1,0.8821471333503723,0,0.9696666598320007,0.9738097190856934,0.7766364588222551,0.9612893462181091
348_class-1,2,0.6900400519371033,1,0.9952235221862793,0.9972332715988159,0.6211251849446069,0.9842545986175537
348_class-1,3,0.6837544441223145,0,0.9953693151473999,0.9874080419540405,0.9779156039879434,0.975933849811554
348_class-1,4,0.7716765403747559,0,0.9931501150131226,0.9744186401367188,0.7942092595214498,0.9680637121200562
348_class-1,5,0.6847614645957947,0,0.9954118728637695,0.9894864559173584,0.7966417470461996,0.9792571067810059
349_class-4,0,0.8111252784729004,1,0.9944049715995789,0.9915174245834351,1.0,0.9893357753753662
349_class-4,1,0.8636202216148376,0,0.9957148432731628,0.9903542995452881,0.7836304458180298,0.9744451642036438
349_class-4,2,0.786758303642273,0,0.9950191974639893,0.9807546138763428,0.7560535418859979,0.9733119606971741
349_class-4,3,0.7552351951599121,0,0.994823157787323,0.9708412885665894,0.9185374043902742,0.9602625370025635
349_class-4,4,0.5939220190048218,0,0.972106397151947,0.9596261978149414,0.3862442362996642,0.6627653241157532
349_class-4,5,0.842223048210144,0,0.9949109554290771,0.919654130935669,0.45684134416747,0.8739763498306274
350_class-3,0,0.45640838146209717,0,0.9645828008651733,0.9090286493301392,1.0,0.8090002536773682
350_class-3,1,0.6412277817726135,0,0.9930978417396545,0.9073370695114136,0.25482796499060983,0.8550319671630859
350_class-3,2,0.5542036294937134,0,0.9657182693481445,0.9628151655197144,0.3027045769764216,0.9274874925613403
350_class-3,3,0.47839975357055664,0,0.9777670502662659,0.9466074705123901,0.7110371380444374,0.8914807438850403
350_class-3,4,0.47914087772369385,0,0.9527252912521362,0.9690268039703369,0.8404973285662636,0.9310429096221924
350_class-3,5,0.6973421573638916,1,0.9920635223388672,0.9544247388839722,0.2538636317114609,0.9577698111534119
351_class-4,0,0.3681175410747528,0,0.9945605993270874,0.9820305109024048,1.0,0.9599902033805847
351_class-4,1,0.33941465616226196,0,0.9970390796661377,0.9662597179412842,0.5493288755592703,0.9496373534202576
351_class-4,2,0.3364456593990326,0,0.9955246448516846,0.977574348449707,0.5946667797185009,0.9381649494171143
351_class-4,3,0.3095446228981018,0,0.9861494898796082,0.9792288541793823,0.6597415230683713,0.9295871257781982
351_class-4,4,0.3731856048107147,1,0.9959374666213989,1.0031137466430664,0.6111311692432249,0.9883512854576111
351_class-4,5,0.3875706195831299,0,0.9941913485527039,0.9872592687606812,0.8454010353875612,0.9735528230667114
352_class-1,0,0.5652523636817932,1,0.9987617135047913,0.9961905479431152,1.0,0.9906267523765564
352_class-1,1,0.5645360946655273,0,0.9929527640342712,0.9456501007080078,0.3286857733023496,0.9278267621994019
352_class-1,2,0.5131014585494995,0,0.9987313151359558,0.9918408393859863,0.33309426817373344,0.9928139448165894
352_class-1,3,0.5137548446655273,0,0.9987343549728394,0.9909907579421997,0.9923736075407027,0.9923180341720581
352_class-1,4,0.5670846104621887,0,0.9928568005561829,0.9519734382629395,0.32356294668928504,0.9314291477203369
352_class-1,5,0.5787329077720642,0,0.9936036467552185,0.9589130878448486,0.8711303968388645,0.9201322793960571
353_class-4,0,0.4385336935520172,0,0.9960776567459106,0.8489575386047363,1.0,0.8271698355674744
353_class-4,1,0.3878747224807739,0,0.995037317276001,0.7313563823699951,0.26517974572555897,0.6642664074897766
353_class-4,2,0.37693309783935547,0,0.9919729232788086,0.8173608183860779,0.0,0.8629217743873596
353_class-4,3,0.37298768758773804,0,0.9903463125228882,0.8913129568099976,0.046080166579906295,0.9141560196876526
353_class-4,4,0.3757311999797821,1,0.9857752323150635,1.0021675825119019,0.8971858898137138,0.9938579797744751
353_class-4,5,0.3706483244895935,0,0.9872281551361084,0.9669244289398193,0.8752347732760933,0.9726898074150085
354_class-0,0,0.8146034479141235,0,0.9952669739723206,0.9671785831451416,1.0,0.9646286964416504
354_class-0,1,0.8446520566940308,1,0.993904709815979,0.9975900650024414,0.767586846022073,0.9881114363670349
354_class-0,2,0.8491097688674927,0,0.9934757947921753,0.981667160987854,0.9806963609065561,0.9796624183654785
354_class-0,3,0.8579117059707642,0,0.9934107661247253,0.9591144323348999,0.9694016082431163,0.9673584699630737
354_class-0,4,0.8441834449768066,0,0.993916392326355,0.9962660074234009,0.9520438614754667,0.9878838658332825
354_class-0,5,0.8449920415878296,0,0.9939727187156677,0.989574670791626,0.9908412974225311,0.9857627749443054
355_class-2,0,0.104739248752594,0,0.9733431339263916,0.9986820220947266,1.0,0.9033664464950562
355_class-2,1,0.11731734871864319,0,0.9760084748268127,1.001826524734497,0.939448158960354,0.8496106863021851
355_class-2,2,7.497347542084754e-05,0,0.9414751529693604,0.9853605031967163,0.7681617206519183,0.9381929039955139
355_class-2,3,0.9168233275413513,0,0.9749714136123657,0.9972965717315674,0.0,0.9909411668777466
355_class-2,4,0.9145190715789795,0,0.9749945998191833,0.9963808059692383,0.9942060757907923,0.990821361541748
355_class-2,5,0.9161002039909363,1,0.974860668182373,0.9988911151885986,0.995850622406639,0.9919953942298889
356_class-1,0,0.5007368326187134,0,0.9768581986427307,0.9988222718238831,1.0,0.9901825189590454
356_class-1,1,0.5356899499893188,0,0.9784603118896484,0.9783844351768494,0.4191902644512052,0.924420952796936
356_class-1,2,0.44337934255599976,1,0.9782398343086243,0.9982863068580627,0.41296366032762194,0.9879283308982849
356_class-1,3,0.5363881587982178,0,0.9805750846862793,0.97266685962677,0.4739144350794836,0.9709585905075073
356_class-1,4,0.48346275091171265,0,0.9741252064704895,0.9719401597976685,0.36671692722799776,0.9674726128578186
356_class-1,5,0.6155024766921997,0,0.9863618612289429,0.9460119009017944,0.48449121940680845,0.9412431120872498
357_class-4,0,0.6581512093544006,0,0.9964078664779663,0.9648575782775879,1.0,0.9636020660400391
357_class-4,1,0.32699450850486755,0,0.9898363351821899,0.9570540189743042,0.1076994309804925,0.9176223874092102
357_class-4,2,0.6210843920707703,1,0.9965100884437561,0.9898712635040283,0.10827034509794313,0.9302799701690674
357_class-4,3,0.30154258012771606,0,0.9326664209365845,0.9556198120117188,0.09258391393549328,0.8721460700035095
357_class-4,4,0.32211706042289734,0,0.9849836230278015,0.9510596990585327,0.8363872266059419,0.9185909628868103
357_class-4,5,0.282173216342926,0,0.9386975765228271,0.9601753950119019,0.7226709932799411,0.88741534948349
358_class-0,0,0.9948832392692566,0,0.9845832586288452,1.0012065172195435,1.0,0.9889897704124451
358_class-0,1,0.6532098650932312,0,0.9806293845176697,0.9907077550888062,0.510111487345584,0.9797192215919495
358_class-0,2,0.9628909826278687,0,0.9813407063484192,0.9962105751037598,0.5125566465256798,0.98423171043396
358_class-0,3,0.9648849368095398,1,0.9846376180648804,1.0041606426239014,0.9903479296911605,0.9895895719528198
358_class-0,4,0.6592292785644531,0,0.9762601852416992,0.9898843765258789,0.5221301522490426,0.980523943901062
358_class-0,5,0.6515977382659912,0,0.9811457991600037,0.9883332252502441,0.9619632836503059,0.9799461364746094
359_class-1,0,0.6039001941680908,0,0.9944301247596741,0.9313409328460693,1.0,0.6680763363838196
359_class-1,1,0.5915955305099487,0,0.9962072372436523,0.9493786096572876,0.7257999478165991,0.7425855398178101
359_class-1,2,0.6551971435546875,0,0.99590665102005,0.9403125047683716,0.7212566667551145,0.7327767610549927
359_class-1,3,0.7015755772590637,0,0.9984830617904663,0.9332400560379028,0.4008997429305913,0.9345293045043945
359_class-1,4,0.6959366798400879,0,0.9960123896598816,0.9571435451507568,0.2645902155104609,0.9673323631286621
359_class-1,5,0.7012877464294434,1,0.9961878061294556,0.9829728603363037,0.8742941534184693,0.976302444934845
360_class-0,0,0.9822810292243958,0,0.9642298221588135,1.0055954456329346,1.0,0.990781843662262
360_class-0,1,0.9608334898948669,1,0.965107798576355,1.0090832710266113,0.9990603765369146,0.9911942481994629
360_class-0,2,0.9556472301483154,0,0.9586513042449951,1.010031819343567,0.988476913737214,0.9890594482421875
360_class-0,3,0.960406482219696,0,0.9646742343902588,1.0098437070846558,0.9891552315117332,0.9903950691223145
360_class-0,4,0.9555714130401611,0,0.9594639539718628,1.0095211267471313,0.9891762979269859,0.988876461982727
360_class-0,5,0.9605661034584045,0,0.9643574357032776,1.0055350065231323,0.9892222846463419,0.9907811880111694
361_class-0,0,0.7115762233734131,0,0.9944969415664673,0.8237730264663696,1.0,0.8049411773681641
361_class-0,1,0.673386812210083,0,0.9961874485015869,0.9401323795318604,0.6386119202330272,0.9131978154182434
361_class-0,2,0.8021490573883057,1,0.9970606565475464,0.9863733053207397,0.5890005913660555,0.979164183139801
361_class-0,3,0.6788918375968933,0,0.9965364933013916,0.9602859020233154,0.39903005003222936,0.9432315826416016
361_class-0,4,0.6880696415901184,0,0.9967435598373413,0.9503899812698364,0.46180028276692675,0.9225227236747742
361_class-0,5,0.8052176237106323,0,0.9969742894172668,0.9689285755157471,0.6509940152713765,0.9718126654624939
362_class-2,0,0.9971566200256348,0,0.9920759201049805,1.0068390369415283,1.0,0.9940155744552612
362_class-2,1,0.9420627355575562,0,0.9920884370803833,1.007304310798645,0.9995830125737747,0.9939827919006348
362_class-2,2,0.9421820640563965,0,0.992064356803894,1.0048643350601196,0.9994867517803298,0.9938846826553345
362_class-2,3,0.9420183897018433,1,0.9920581579208374,1.0077804327011108,0.9992303005035118,0.9937752485275269
362_class-2,4,0.9421446323394775,0,0.9921079874038696,1.0070315599441528,0.99919828111471,0.993759274482727
362_class-2,5,0.9428979158401489,0,0.9921465516090393,1.0003280639648438,0.997144140675138,0.9928624629974365
363_class-0,0,0.44468793272972107,1,0.9919843077659607,0.9511270523071289,1.0,0.9377504587173462
363_class-0,1,0.8404361009597778,0,0.9954902529716492,0.8774685859680176,0.10618552155894542,0.891309380531311
363_class-0,2,0.4147075414657593,0,0.9880064129829407,0.9458044767379761,0.0914681644869009,0.9602780938148499
363_class-0,3,0.43289071321487427,0,0.978668749332428,0.8355410099029541,0.464074845260846,0.6731618642807007
363_class-0,4,0.7095619440078735,0,0.9808335304260254,0.8648586273193359,0.37854526941584143,0.7576377391815186
363_class-0,5,0.6135976314544678,0,0.9779857397079468,0.9194670915603638,0.7047678908144024,0.6950006484985352
364_class-0,0,0.9949195384979248,0,0.9965103268623352,0.9968045949935913,1.0,0.9851505160331726
364_class-0,1,0.9365471601486206,0,0.9965561628341675,0.9975640773773193,0.9986522059597768,0.9855546951293945
364_class-0,2,0.9345077276229858,1,0.996381402015686,0.9994798898696899,0.9904040720111813,0.991765022277832
364_class-0,3,0.9367951154708862,0,0.9964874982833862,0.9974006414413452,0.9900077184638171,0.9856792688369751
364_class-0,4,0.9369568824768066,0,0.996475338935852,0.9947376251220703,0.9990521327014218,0.9844889640808105
364_class-0,5,0.9344926476478577,0,0.9964025020599365,0.9970400333404541,0.9899641128359206,0.9916590452194214
365_class-2,0,0.9960261583328247,0,0.9207239151000977,1.0105115175247192,1.0,0.9900063276290894
365_class-2,1,0.9545526504516602,0,0.922000527381897,1.012274146080017,0.9961689159773618,0.9861741662025452
365_class-2,2,0.9543426036834717,0,0.9222564697265625,1.0121021270751953,0.9996449426172646,0.9876731634140015
365_class-2,3,0.6174627542495728,1,0.9676961302757263,0.9734508991241455,0.6811662304594656,0.8633537888526917
365_class-2,4,0.9576120376586914,0,0.9207137823104858,1.0125267505645752,0.6778108230074542,0.9901664853096008
365_class-2,5,0.9571860432624817,0,0.9207249879837036,1.0112602710723877,0.9992931824731002,0.9905215501785278
366_class-0,0,0.9976653456687927,1,0.9933567047119141,1.007381558418274,1.0,0.9903357028961182
366_class-0,1,0.9578006863594055,0,0.993356466293335,1.0067757368087769,0.9992561033340096,0.9897102117538452
366_class-0,2,0.9577848315238953,0,0.9933561086654663,1.0074896812438965,0.9994858472695783,0.9894329309463501
366_class-0,3,0.957771897315979,0,0.9933294653892517,1.007229208946228,0.999485798568355,0.9896757006645203
366_class-0,4,0.957787275314331,0,0.9933747053146362,1.007114052772522,0.9993506317811629,0.9893859028816223
366_class-0,5,0.9578648805618286,0,0.9933558702468872,1.0065606832504272,0.9991206115132246,0.9886895418167114
367_class-3,0,0.4476854205131531,0,0.9973803758621216,0.9864617586135864,1.0,0.9942305088043213
367_class-3,1,0.42678403854370117,0,0.9972181916236877,0.9880657196044922,0.9950108737367277,0.9922648072242737
367_class-3,2,0.42691516876220703,1,0.997323215007782,0.9937363862991333,0.9955277280858676,0.9945628643035889
367_class-3,3,0.42688536643981934,0,0.9972972869873047,0.9744224548339844,0.9971949509116409,0.9934099912643433
367_class-3,4,0.42685288190841675,0,0.9969854950904846,0.9856868982315063,0.9951536793776304,0.9938928484916687
367_class-3,5,0.4005393981933594,0,0.9944571256637573,0.8813843131065369,0.6201224177505739,0.8028677701950073
368_class-4,0,0.40279775857925415,0,0.9945291876792908,0.9745806455612183,1.0,0.9655957221984863
368_class-4,1,0.39288443326950073,0,0.9946370124816895,0.9860131740570068,0.9840597255851493,0.9760984182357788
368_class-4,2,0.39282530546188354,0,0.9945968389511108,0.9855786561965942,0.9988710132655941,0.9770976901054382
368_class-4,3,0.39846059679985046,0,0.9947828054428101,0.9894158244132996,0.9343187868032589,0.967649519443512
368_class-4,4,0.3538985848426819,1,0.9925371408462524,1.0001366138458252,0.6309979694462994,0.9847400188446045
368_class-4,5,0.39282235503196716,0,0.994531512260437,0.9859656095504761,0.6723028579979051,0.9769382476806641
369_class-3,0,0.19302010536193848,0,0.7993406057357788,0.9635088443756104,1.0,0.8387961983680725
369_class-3,1,0.15766535699367523,0,0.7123901844024658,0.9633349180221558,0.8961253512730989,0.8285319805145264
369_class-3,2,0.19523151218891144,0,0.7849216461181641,0.9526921510696411,0.8723092280015114,0.6589107513427734
369_class-3,3,0.26170381903648376,1,0.9024331569671631,0.9772200584411621,0.6935449281578383,0.8605194687843323
369_class-3,4,0.13480570912361145,0,0.6460744142532349,0.9721873998641968,0.6386023894495145,0.8244959712028503
369_class-3,5,0.1413050889968872,0,0.6699821949005127,0.9449528455734253,0.97410443855949,0.8275858163833618
370_class-1,0,0.5375398993492126,0,0.9827221632003784,0.9307079315185547,1.0,0.8157206177711487
370_class-1,1,0.5342176556587219,0,0.9861128926277161,0.976747989654541,0.2181538774162412,0.9722447991371155
370_class-1,2,0.5213225483894348,0,0.9914308786392212,0.9737039804458618,0.5224870207043223,0.9591512680053711
370_class-1,3,0.5420441031455994,0,0.9858596324920654,0.9860637187957764,0.533470584565475,0.983344554901123
370_class-1,4,0.4923383593559265,0,0.989851176738739,0.945950984954834,0.25787559696805945,0.8277368545532227
370_class-1,5,0.5420635342597961,1,0.9858359098434448,0.9885960817337036,0.25794862058389684,0.9842942953109741
371_class-2,0,0.5436316728591919,1,0.9811480641365051,0.9893088340759277,1.0,0.9265500903129578
371_class-2,1,0.969773530960083,0,0.9635885953903198,1.0054811239242554,0.4044688159294196,0.9918646812438965
371_class-2,2,0.9695065021514893,0,0.963549017906189,1.0043163299560547,0.9946244430964881,0.9943649768829346
371_class-2,3,0.9694103002548218,0,0.96366286277771,1.0062639713287354,0.9983919136227889,0.9945490956306458
371_class-2,4,0.969550371170044,0,0.9635492563247681,1.0052253007888794,0.9983292609067936,0.9941686391830444
371_class-2,5,0.9695334434509277,0,0.9635452032089233,1.0050243139266968,0.9997072109754057,0.9944465160369873
372_class-3,0,0.31084874272346497,0,0.9454665780067444,0.9926942586898804,1.0,0.9597908854484558
372_class-3,1,0.30022498965263367,0,0.9429022073745728,0.9582687616348267,0.9391280598135946,0.9277964234352112
372_class-3,2,0.44980236887931824,1,0.9973992705345154,0.9275935888290405,0.02933233802445825,0.9518571496009827
372_class-3,3,0.37777823209762573,0,0.9631116986274719,0.9284703731536865,0.04813343601799684,0.5610988140106201
372_class-3,4,0.09215030819177628,0,0.7916494607925415,0.8544987440109253,0.20544454744444066,0.3093259334564209
372_class-3,5,0.2539762556552887,0,0.9139049053192139,0.965668797492981,0.28298425934904164,0.907469630241394
373_class-1,0,0.6890278458595276,1,0.9901480674743652,0.9847912788391113,1.0,0.9873230457305908
373_class-1,1,0.5810822248458862,0,0.9893500208854675,0.972008466720581,0.9149413020277481,0.9795723557472229
373_class-1,2,0.5239463448524475,0,0.9902404546737671,0.9082820415496826,0.4872137626409392,0.846016526222229
373_class-1,3,0.42098674178123474,0,0.975947916507721,0.9456356763839722,0.3249655066687107,0.8259406089782715
373_class-1,4,0.4670349359512329,0,0.9947397708892822,0.8211697340011597,0.13003107854045964,0.573220431804657
373_class-1,5,0.6020817756652832,0,0.990272045135498,0.9849216938018799,0.008796556241811717,0.9853457808494568
374_class-2,0,0.3677651584148407,0,0.9934816956520081,0.9961566925048828,1.0,0.9852803349494934
374_class-2,1,0.3621746599674225,0,0.9931967854499817,0.9953206777572632,0.9969034726500438,0.9838281273841858
374_class-2,2,0.36252591013908386,0,0.9926505088806152,0.9764519929885864,0.9865005192107996,0.9714978933334351
374_class-2,3,0.36196401715278625,0,0.9933528900146484,0.9933462142944336,0.9875456093407929,0.9838104844093323
374_class-2,4,0.36206600069999695,1,0.9944528341293335,0.9969280958175659,0.9948736193541083,0.9847012758255005
374_class-2,5,0.3622520864009857,0,0.9938549995422363,0.9840772151947021,0.9913560062806546,0.9780900478363037
375_class-3,0,0.9222489595413208,1,0.9648387432098389,0.9726828336715698,1.0,0.963233470916748
375_class-3,1,0.9371576309204102,0,0.948675811290741,0.9982507228851318,0.8651574803149606,0.988071858882904
375_class-3,2,0.939766526222229,0,0.9493198990821838,0.985498309135437,0.9863936485872383,0.9890280961990356
375_class-3,3,0.9384075403213501,0,0.9488916993141174,0.983203649520874,0.9909885819718159,0.9847673773765564
375_class-3,4,0.826058030128479,0,0.9597254395484924,0.9889078140258789,0.7687518160308829,0.9594104290008545
375_class-3,5,0.9367564916610718,0,0.9485422968864441,0.9987461566925049,0.7671622575688359,0.9886381030082703
376_class-0,0,0.9935798645019531,0,0.9830271005630493,0.9997357130050659,1.0,0.9908515810966492
376_class-0,1,0.949469804763794,0,0.9828168749809265,1.0001593828201294,0.9992795662230312,0.9907525181770325
376_class-0,2,0.9500929117202759,0,0.9828345775604248,0.9990814924240112,0.9979523737297133,0.9899899363517761
376_class-0,3,0.9492968916893005,0,0.9828691482543945,1.0008940696716309,0.9959897094430993,0.9917550086975098
376_class-0,4,0.9479368925094604,1,0.9831055402755737,0.9992213249206543,0.9928617049254236,0.9937242269515991
376_class-0,5,0.9499648809432983,0,0.9827702641487122,0.9995464086532593,0.989478826137602,0.9902026653289795
377_class-2,0,0.9816547632217407,0,0.9908437132835388,1.0110756158828735,1.0,0.9945054054260254
377_class-2,1,0.9492714405059814,0,0.9908584952354431,1.0106312036514282,0.9967989306317715,0.9960392117500305
377_class-2,2,0.9491900205612183,0,0.9908647537231445,1.01156747341156,0.9971154691759739,0.9945348501205444
377_class-2,3,0.9492471218109131,0,0.9908759593963623,1.0103249549865723,0.996905168017725,0.9960805773735046
377_class-2,4,0.9492809772491455,1,0.9908754229545593,1.0117226839065552,0.9997186763723318,0.9961402416229248
377_class-2,5,0.9492936134338379,0,0.9908664226531982,1.0109015703201294,0.9997010515949777,0.996088445186615
378_class-3,0,0.8632692098617554,0,0.9716458320617676,0.9996886253356934,1.0,0.9826381206512451
378_class-3,1,0.825259804725647,0,0.9715462923049927,0.9981353282928467,0.996723427493422,0.9726229310035706
378_class-3,2,0.8258072733879089,0,0.971642792224884,0.999031662940979,0.9966616197969669,0.9811699390411377
378_class-3,3,0.8263150453567505,1,0.9718427658081055,1.0034948587417603,0.9969848498008512,0.9846643805503845
378_class-3,4,0.7677680850028992,0,0.9750766754150391,0.9854393005371094,0.8965724862297348,0.9354945421218872
378_class-3,5,0.6387494206428528,0,0.9636726975440979,0.9900274276733398,0.7857098963225676,0.9459031820297241
379_class-4,0,0.9983770251274109,0,0.8715775609016418,1.0104036331176758,1.0,0.9879354238510132
379_class-4,1,0.932580292224884,0,0.8704286813735962,1.0090519189834595,0.9988242435511125,0.9867755174636841
379_class-4,2,0.328747421503067,1,0.973616361618042,0.9362704753875732,0.29723284269484695,0.6595377326011658
379_class-4,3,0.9326163530349731,0,0.8710020780563354,1.00919508934021,0.29717564182500356,0.9890602827072144
379_class-4,4,0.9325101375579834,0,0.8713500499725342,1.0083532333374023,0.9998577929465301,0.989021897315979
379_class-4,5,0.9321013689041138,0,0.8717837929725647,1.0101665258407593,0.9993764290168364,0.9876207113265991
380_class-3,0,0.8269715309143066,0,0.9929229617118835,0.9877997636795044,1.0,0.9237472414970398
380_class-3,1,0.8181743621826172,0,0.9920897483825684,0.9933229088783264,0.950394874559929,0.9307271242141724
380_class-3,2,0.852723240852356,0,0.9915491342544556,0.9547009468078613,0.7781028412753508,0.9378269910812378
380_class-3,3,0.8168103694915771,0,0.9921329021453857,0.9949414730072021,0.7759073780245934,0.9353047013282776
380_class-3,4,0.8767682313919067,1,0.9909383058547974,0.9841402769088745,0.8678497157909331,0.975233793258667
380_class-3,5,0.8052607774734497,0,0.993121862411499,0.9877894520759583,0.8434671906567404,0.9270962476730347
381_class-1,0,0.7514091730117798,0,0.9888700842857361,0.9741798639297485,1.0,0.9812728762626648
381_class-1,1,0.6060247421264648,0,0.9900094866752625,0.9577523469924927,0.809996879226048,0.9582680463790894
381_class-1,2,0.680773138999939,0,0.9904321432113647,0.9555011987686157,0.4953250706675364,0.9539992213249207
381_class-1,3,0.6566411256790161,0,0.9891870021820068,0.9700984954833984,0.6390864037922861,0.9801300764083862
381_class-1,4,0.6584150195121765,1,0.9890052080154419,0.978437066078186,0.9689792496332006,0.9780161380767822
381_class-1,5,0.6066008806228638,0,0.9904450178146362,0.9611775875091553,0.8165575058946817,0.9672762155532837
382_class-4,0,0.7729402780532837,0,0.9829369783401489,0.9273624420166016,1.0,0.7474583983421326
382_class-4,1,0.9478762149810791,0,0.9722068905830383,0.9791533946990967,0.7403790350017011,0.9589170217514038
382_class-4,2,0.9587117433547974,0,0.9720044136047363,0.9890131950378418,0.9830578512396694,0.9698644876480103
382_class-4,3,0.8588781356811523,1,0.9832442402839661,0.9802594184875488,0.8604740418028111,0.9437438249588013
382_class-4,4,0.9594720602035522,0,0.9721145629882812,0.9886226654052734,0.8602652718101998,0.9701264500617981
382_class-4,5,0.9521825909614563,0,0.9714155793190002,0.989891529083252,0.987244579466478,0.9677716493606567
383_class-4,0,0.2133040726184845,0,0.9266453981399536,0.9983466863632202,1.0,0.9810564517974854
383_class-4,1,0.2064300924539566,0,0.926327109336853,0.9994847774505615,0.9992364103727225,0.9810673594474792
383_class-4,2,0.20640362799167633,0,0.9260831475257874,1.0004630088806152,0.9990627645422663,0.9817325472831726
383_class-4,3,0.20638339221477509,0,0.926318347454071,0.9993875026702881,0.9993953228220284,0.9811796545982361
383_class-4,4,0.206464484333992,0,0.9266365766525269,0.9973771572113037,0.9983819871315052,0.9794449806213379
383_class-4,5,0.20643319189548492,1,0.9263558983802795,1.003399133682251,0.9977182232363452,0.9824988842010498
384_class-4,0,0.4129573404788971,0,0.9973950386047363,0.9598861932754517,1.0,0.9566233158111572
384_class-4,1,0.37898457050323486,1,0.9965788125991821,0.985749363899231,0.6286587479126626,0.9690501093864441
384_class-4,2,0.5969660878181458,0,0.9787478446960449,0.9465792179107666,0.4353680844849584,0.7946265339851379
384_class-4,3,0.3832418918609619,0,0.9954115152359009,0.9635424613952637,0.44780224024719967,0.9323081374168396
384_class-4,4,0.7017225027084351,0,0.9734551310539246,0.9466522932052612,0.35135135135135137,0.8133764266967773
384_class-4,5,0.34243422746658325,0,0.9959746599197388,0.9561460018157959,0.12597004150875293,0.9017476439476013
385_class-0,0,0.9618916511535645,0,0.9960247874259949,0.9810782670974731,1.0,0.9761247634887695
385_class-0,1,0.8589352369308472,0,0.9964824318885803,0.9755575656890869,0.942666623083712,0.954727828502655
385_class-0,2,0.8653393983840942,1,0.996801495552063,0.981223464012146,0.9593504068293984,0.9687614440917969
385_class-0,3,0.8646462559700012,0,0.9961655139923096,0.9798996448516846,0.9690845780858472,0.9757434725761414
385_class-0,4,0.7277546525001526,0,0.9971338510513306,0.9440807104110718,0.6415106667973471,0.9488011598587036
385_class-0,5,0.7486366033554077,0,0.9975122213363647,0.9417486190795898,0.8677903486492727,0.9216978549957275
386_class-0,0,0.6211820244789124,0,0.9873067140579224,0.8190619945526123,1.0,0.7922447919845581
386_class-0,1,0.2227509468793869,0,0.8787274360656738,0.97569739818573,0.01942862728805689,0.9259060621261597
386_class-0,2,0.48374226689338684,0,0.9863756895065308,0.8270062208175659,0.01693713859354598,0.6917942762374878
386_class-0,3,0.40410012006759644,0,0.9407079219818115,0.9482728242874146,0.3847581247905982,0.787116289138794
386_class-0,4,0.3698470890522003,0,0.9121003150939941,0.8808090686798096,0.28083113361612966,0.809748113155365
386_class-0,5,0.7821916341781616,1,0.9875718355178833,0.9074972867965698,0.0015637095525623161,0.9531697630882263
387_class-3,0,0.44192397594451904,1,0.9893649816513062,0.9775142669677734,1.0,0.9752501845359802
387_class-3,1,0.4179665446281433,0,0.988166093826294,0.980381965637207,0.9914584497485431,0.9762328267097473
387_class-3,2,0.414167195558548,0,0.9666191339492798,0.9620054960250854,0.8453706217757263,0.9693104028701782
387_class-3,3,0.5404117107391357,0,0.9854151606559753,0.9543862342834473,0.2053965509396187,0.8497914671897888
387_class-3,4,0.4231705963611603,0,0.9851172566413879,0.9249727725982666,0.20783178893575102,0.9405083060264587
387_class-3,5,0.5386590957641602,0,0.9840124249458313,0.9531440734863281,0.20112801639663092,0.8735103607177734
388_class-0,0,0.9789707660675049,0,0.9982104897499084,0.9904628992080688,1.0,0.980302631855011
388_class-0,1,0.9493765234947205,1,0.9982495307922363,0.9903949499130249,0.9981653480105492,0.9802841544151306
388_class-0,2,0.949680507183075,0,0.9981939792633057,0.9878087043762207,0.9933327610381435,0.9737659096717834
388_class-0,3,0.9493683576583862,0,0.9982299208641052,0.9836903810501099,0.9970428641152996,0.9721696972846985
388_class-0,4,0.6737551689147949,0,0.9939820766448975,0.9909586906433105,0.5242007745462829,0.9282616972923279
388_class-0,5,0.9499437808990479,0,0.9982651472091675,0.9894858598709106,0.5244240889306784,0.9806620478630066
389_class-2,0,0.36945196986198425,1,0.9932297468185425,0.9864894151687622,1.0,0.9733402729034424
389_class-2,1,0.36223605275154114,0,0.9933372139930725,0.9860455989837646,0.9982505040920413,0.9732372164726257
389_class-2,2,0.36235255002975464,0,0.9934040904045105,0.9841431379318237,0.9983252063849654,0.9720130562782288
389_class-2,3,0.36784669756889343,0,0.9930548667907715,0.9852122068405151,0.9399220498229078,0.9543942809104919
389_class-2,4,0.36862537264823914,0,0.9932135939598083,0.9834964275360107,0.9747044917257683,0.9256876707077026
389_class-2,5,0.3899782598018646,0,0.9919927716255188,0.9825975894927979,0.7903857793635118,0.95624178647995
390_class-4,0,0.0730075016617775,0,0.5422062277793884,0.9039504528045654,1.0,0.49771445989608765
390_class-4,1,0.2471698671579361,0,0.8738231658935547,0.8328883647918701,0.540359274360338,0.31224483251571655
390_class-4,2,0.27091893553733826,0,0.8889979124069214,0.8590948581695557,0.3235488453533318,0.5464861989021301
390_class-4,3,0.2969913184642792,0,0.9795598387718201,0.9493153095245361,0.7463066169379272,0.776271402835846
390_class-4,4,0.37419581413269043,0,0.9620852470397949,0.8107345104217529,0.3678383667830692,0.41047006845474243
390_class-4,5,0.3702802360057831,1,0.9862874150276184,0.9264030456542969,0.2905325747091086,0.7977994084358215
391_class-1,0,0.5964983701705933,1,0.9622014760971069,0.9918732643127441,1.0,0.9700506329536438
391_class-1,1,0.535921573638916,0,0.9614367485046387,0.9864400625228882,0.9938356770142389,0.964065670967102
391_class-1,2,0.5411204099655151,0,0.9614542722702026,0.9917371273040771,0.98309959819055,0.972013533115387
391_class-1,3,0.5347481966018677,0,0.9624963998794556,0.9915144443511963,0.9783243926904793,0.9671741127967834
391_class-1,4,0.5368304252624512,0,0.9625597596168518,0.9907035827636719,0.9935895162434388,0.9668737649917603
391_class-1,5,0.5362600088119507,0,0.9629429578781128,0.9867762327194214,0.9914864649822304,0.9705582857131958
392_class-0,0,0.9979281425476074,0,0.9904792904853821,1.000563621520996,1.0,0.9814080595970154
392_class-0,1,0.943865180015564,0,0.9905148148536682,1.0011043548583984,0.9985065710872163,0.9819537401199341
392_class-0,2,0.9440195560455322,0,0.9905689358711243,0.9999088048934937,0.9973719968344508,0.9806201457977295
392_class-0,3,0.940457284450531,1,0.9905951023101807,1.0009311437606812,0.9826914310083675,0.9882015585899353
392_class-0,4,0.943895697593689,0,0.9904510974884033,1.00062894821167,0.9838825899619124,0.9818083643913269
392_class-0,5,0.9404630661010742,0,0.9906620979309082,1.0005950927734375,0.983810252036585,0.9879732131958008
393_class-2,0,0.9961913824081421,0,0.9807948470115662,0.9878147840499878,1.0,0.9850521683692932
393_class-2,1,0.923330545425415,1,0.9818917512893677,1.0110646486282349,0.9055102446787349,0.9972240924835205
393_class-2,2,0.9230995774269104,0,0.9819033741950989,1.0107790231704712,0.9993859110448285,0.9970789551734924
393_class-2,3,0.9122125506401062,0,0.9808463454246521,0.9885299205780029,0.9045481628599802,0.9848185777664185
393_class-2,4,0.9233578443527222,0,0.981842041015625,1.0106436014175415,0.9049397925525573,0.9970563054084778
393_class-2,5,0.9232975244522095,0,0.981855034828186,1.0110430717468262,0.9991664838780434,0.9970858693122864
394_class-1,0,0.8256025314331055,0,0.9984979629516602,0.9432680606842041,1.0,0.8863494396209717
394_class-1,1,0.6959667205810547,0,0.9991506338119507,0.9644641876220703,0.7470248488918737,0.96845942735672
394_class-1,2,0.5777978897094727,0,0.9959546327590942,0.9861985445022583,0.5455408720424151,0.9428930878639221
394_class-1,3,0.693327009677887,0,0.9989506006240845,0.94465172290802,0.5779009637232626,0.9532336592674255
394_class-1,4,0.697588324546814,1,0.9990774989128113,0.9729702472686768,0.9436619718309859,0.9735651016235352
394_class-1,5,0.6862707734107971,0,0.9989438056945801,0.9547405242919922,0.8623619963082924,0.9626767039299011
395_class-0,0,0.2661013901233673,0,0.9635619521141052,0.9646247625350952,1.0,0.9514085054397583
395_class-0,1,0.2574174106121063,0,0.965175211429596,0.9434137344360352,0.9924465652212155,0.8398135304450989
395_class-0,2,0.27225351333618164,0,0.9641703367233276,0.9793246984481812,0.9093138066995792,0.9590616226196289
395_class-0,3,0.2570488154888153,0,0.9638091325759888,0.9758261442184448,0.909504460736684,0.9586541056632996
395_class-0,4,0.2574605941772461,0,0.9668437838554382,0.9479638338088989,0.9914794306410243,0.8745707869529724
395_class-0,5,0.2571955919265747,1,0.9633456468582153,0.9992789030075073,0.9894942961178399,0.969671905040741
396_class-0,0,0.8273683190345764,0,0.9869166612625122,0.9589027166366577,1.0,0.9451870322227478
396_class-0,1,0.801226794719696,0,0.98737633228302,0.9484710693359375,0.8409155128567392,0.9419346451759338
396_class-0,2,0.9456924200057983,1,0.9891455173492432,0.9984441995620728,0.6777731553269544,0.987176239490509
396_class-0,3,0.8868834972381592,0,0.9873760938644409,0.9934713840484619,0.8785349866540528,0.9797321557998657
396_class-0,4,0.8876011967658997,0,0.9874235987663269,0.9906501770019531,0.9950382327952422,0.9765083193778992
396_class-0,5,0.7884116172790527,0,0.9826400876045227,0.9598913192749023,0.7482145879167372,0.8261815905570984
397_class-3,0,0.6412254571914673,1,0.9920355677604675,0.8602523803710938,1.0,0.8004366755485535
397_class-3,1,0.31347548961639404,0,0.9770486354827881,0.940543532371521,0.10755971971022228,0.6787945032119751
397_class-3,2,0.3695342242717743,0,0.9874813556671143,0.9091874361038208,0.2762209479984901,0.6574316024780273
397_class-3,3,0.27624252438545227,0,0.9660770297050476,0.9375960826873779,0.3259632779692373,0.7324808835983276
397_class-3,4,0.5394384264945984,0,0.9969132542610168,0.7780656814575195,0.045994421560116,0.7207596302032471
397_class-3,5,0.21293942630290985,0,0.912182092666626,0.9516911506652832,0.035194839870153594,0.8165175318717957
398_class-1,0,0.7981097102165222,0,0.9693056344985962,0.9645398855209351,1.0,0.9557597041130066
398_class-1,1,0.6099570989608765,0,0.963744580745697,0.9794135689735413,0.48412742229338046,0.9865257740020752
398_class-1,2,0.645796537399292,0,0.9832582473754883,0.958498477935791,0.3766605047074502,0.815459668636322
398_class-1,3,0.7071196436882019,1,0.9712619781494141,0.9767313003540039,0.49766277819144533,0.9637830853462219
398_class-1,4,0.6726743578910828,0,0.9634168148040771,0.9787737131118774,0.2710890166226503,0.9790002703666687
398_class-1,5,0.6508269309997559,0,0.9780088663101196,0.9610440731048584,0.6662488751767579,0.8732090592384338
399_class-2,0,0.941486120223999,0,0.9852368235588074,1.0038564205169678,1.0,0.9930331110954285
399_class-2,1,0.919562816619873,0,0.985116720199585,1.004846453666687,0.998156563491383,0.9931838512420654
399_class-2,2,0.9417847394943237,1,0.9852790832519531,1.0126105546951294,0.9499887684045009,0.9942671060562134
399_class-2,3,0.941758394241333,0,0.9852622747421265,1.0128737688064575,0.9994679871498434,0.9935359358787537
399_class-2,4,0.9192689657211304,0,0.9851481914520264,1.0036864280700684,0.9494312031534016,0.9925945997238159
399_class-2,5,0.9418822526931763,0,0.9853115677833557,1.011102318763733,0.9499805888723156,0.9928351044654846
400_class-2,0,0.39485567808151245,1,0.9950420260429382,0.9966439008712769,1.0,0.984893798828125
400_class-2,1,0.520907461643219,0,0.9891798496246338,0.9872115850448608,0.7188393318408817,0.9754897356033325
400_class-2,2,0.5208798050880432,0,0.9872614145278931,0.9834568500518799,0.9967081451863087,0.9744976758956909
400_class-2,3,0.38845154643058777,0,0.9945642948150635,0.995652437210083,0.7168355457354438,0.9841249585151672
400_class-2,4,0.38827237486839294,0,0.994625449180603,0.9959307909011841,0.9959769151560143,0.9838760495185852
400_class-2,5,0.3880494236946106,0,0.9948099851608276,0.9960540533065796,0.9973704341174221,0.984767735004425
401_class-4,0,0.41677042841911316,0,0.9610186815261841,0.9784388542175293,1.0,0.9272450804710388
401_class-4,1,0.24973052740097046,0,0.9621250033378601,0.855096697807312,0.435236057426836,0.6541082859039307
401_class-4,2,0.3783946633338928,0,0.9694294333457947,0.961595892906189,0.46061982562825116,0.8728340864181519
401_class-4,3,0.39937734603881836,0,0.966025173664093,0.9463227987289429,0.8488372093023255,0.8534029126167297
401_class-4,4,0.412973016500473,1,0.9589264988899231,0.9958338737487793,0.9013813323220095,0.9554084539413452
401_class-4,5,0.4079654812812805,0,0.9622313976287842,0.9528337717056274,0.9353534739529512,0.8444738388061523
402_class-2,0,0.22687731683254242,0,0.9586849808692932,1.0055770874023438,1.0,0.9752031564712524
402_class-2,1,0.2166072130203247,0,0.9515458941459656,1.006575107574463,0.9891488080203618,0.9697044491767883
402_class-2,2,0.22240784764289856,0,0.9583077430725098,1.0061805248260498,0.9891633798985797,0.9768149256706238
402_class-2,3,0.2225072681903839,0,0.9573423862457275,1.0063036680221558,0.9995482822450372,0.9759632349014282
402_class-2,4,0.21689826250076294,0,0.9528027772903442,1.0062084197998047,0.989468517330534,0.9707435965538025
402_class-2,5,0.22323045134544373,1,0.9605141878128052,1.0066262483596802,0.987918197546704,0.9757363200187683
403_class-2,0,0.9744617938995361,0,0.9565223455429077,0.993252158164978,1.0,0.9648250937461853
403_class-2,1,0.5836883783340454,0,0.9834567904472351,0.957649827003479,0.44772875879841534,0.8482390642166138
403_class-2,2,0.7269680500030518,0,0.9767031073570251,0.9491790533065796,0.6092135052662664,0.5128716230392456
403_class-2,3,0.9482957124710083,0,0.95658278465271,0.9878418445587158,0.6577965198003005,0.9695801734924316
403_class-2,4,0.7703397274017334,1,0.9762452840805054,0.9926005601882935,0.753413374419799,0.9728667140007019
403_class-2,5,0.9451255202293396,0,0.9539281129837036,0.9781004190444946,0.7527823478176715,0.9560790657997131
404_class-1,0,0.7464661002159119,0,0.9834532737731934,0.9836485385894775,1.0,0.9451755881309509
404_class-1,1,0.39244192838668823,0,0.8724222183227539,0.9683412313461304,0.48845694245087573,0.8889468908309937
404_class-1,2,0.4903516471385956,1,0.9834878444671631,0.9843482971191406,0.22186785242431561,0.9799814820289612
404_class-1,3,0.6442713141441345,0,0.9830405116081238,0.9808961153030396,0.45340283811178683,0.9413792490959167
404_class-1,4,0.612055778503418,0,0.9819146990776062,0.9771347045898438,0.9269335629215095,0.9676556587219238
404_class-1,5,0.4228590726852417,0,0.9198665022850037,0.9598534107208252,0.5118865181343079,0.8674023747444153
405_class-2,0,0.017268242314457893,0,0.8639876842498779,0.9866054058074951,1.0,0.7172945737838745
405_class-2,1,0.8042662143707275,0,0.9992234706878662,0.9998385906219482,0.01437125748502994,0.9846027493476868
405_class-2,2,0.724656343460083,0,0.9993847012519836,0.9956178665161133,0.224775103330902,0.9900423288345337
405_class-2,3,0.8032826781272888,0,0.9992048740386963,1.0007857084274292,0.22309838650976585,0.9841489195823669
405_class-2,4,0.03104916587471962,0,0.863979697227478,1.004243016242981,0.04265933770482009,0.5265077948570251
405_class-2,5,0.8031680583953857,1,0.9991894364356995,1.0010968446731567,0.04254731213311625,0.9837383031845093
406_class-4,0,0.40268224477767944,0,0.9938696026802063,0.9011945724487305,1.0,0.7690008282661438
406_class-4,1,0.39320746064186096,0,0.991658091545105,0.9834376573562622,0.38204988511736976,0.9535279273986816
406_class-4,2,0.372286856174469,0,0.9915159940719604,0.9641479253768921,0.45228682946357085,0.9386017918586731
406_class-4,3,0.39865610003471375,0,0.9916987419128418,0.9813423156738281,0.5892342290393265,0.9818885922431946
406_class-4,4,0.37055203318595886,0,0.9915658235549927,0.9644345045089722,0.5743174924165824,0.9575962424278259
406_class-4,5,0.4027425944805145,1,0.9895650744438171,1.0085194110870361,0.5125533587957762,0.9950252175331116
407_class-4,0,0.3362613320350647,0,0.9730458855628967,0.951765775680542,1.0,0.9239514470100403
407_class-4,1,0.326682984828949,0,0.9690226316452026,0.9903473854064941,0.9085820393444387,0.9782090783119202
407_class-4,2,0.31927385926246643,0,0.9743087887763977,0.9012578725814819,0.9160844808787304,0.8861068487167358
407_class-4,3,0.32672515511512756,1,0.9689186215400696,0.9917699098587036,0.9164309764309765,0.9805659651756287
407_class-4,4,0.1919756382703781,0,0.9688143730163574,0.9922823905944824,0.4741004158047309,0.9585570096969604
407_class-4,5,0.3199409246444702,0,0.9732327461242676,0.9383763074874878,0.5059785767665864,0.9132468700408936
408_class-2,0,0.329651802778244,0,0.9232894778251648,0.8771404027938843,1.0,0.5160024166107178
408_class-2,1,0.8803026080131531,1,0.9847445487976074,0.9934272766113281,0.002264028346040996,0.9571526050567627
408_class-2,2,0.7613554000854492,0,0.9638197422027588,0.9052177667617798,0.5931492630267802,0.607365608215332
408_class-2,3,0.3051134943962097,0,0.7708123326301575,0.9614298343658447,0.3264432859620206,0.7437368631362915
408_class-2,4,0.47432494163513184,0,0.9974117875099182,0.9534708261489868,0.062421039615936695,0.9295624494552612
408_class-2,5,0.8716633915901184,0,0.9894120693206787,0.9755803346633911,0.14138375590889557,0.9250640869140625
409_class-0,0,0.9913777112960815,0,0.9789355993270874,1.0004866123199463,1.0,0.9917446970939636
409_class-0,1,0.9644902944564819,0,0.9789450168609619,1.0053133964538574,0.9944271782231272,0.99357670545578
409_class-0,2,0.964641809463501,0,0.9790605306625366,1.0054209232330322,0.9989807960519258,0.9934369325637817
409_class-0,3,0.9647343754768372,1,0.9790031313896179,1.0058115720748901,0.9989267507378589,0.9936093091964722
409_class-0,4,0.9649040699005127,0,0.9790089130401611,1.0049526691436768,0.9991408934707904,0.9935624003410339
409_class-0,5,0.9646701812744141,0,0.9789647459983826,1.0051628351211548,0.9988727253207365,0.9938154816627502
410_class-3,0,0.9039819240570068,0,0.9805585145950317,0.9865535497665405,1.0,0.9568498134613037
410_class-3,1,0.7983333468437195,0,0.9780256152153015,0.9909771680831909,0.9571220588925938,0.9623365998268127
410_class-3,2,0.865236759185791,0,0.9818766713142395,0.9956599473953247,0.8788035360320159,0.9648318886756897
410_class-3,3,0.8515262603759766,1,0.9835696220397949,0.9886373281478882,0.95981121428205,0.9689591526985168
410_class-3,4,0.793979823589325,0,0.9777476787567139,0.9915086030960083,0.9086767794632439,0.961041271686554
410_class-3,5,0.8290620446205139,0,0.9805662631988525,0.9819360971450806,0.9444864506613645,0.9520511627197266
411_class-2,0,0.03185216337442398,0,0.9855124354362488,0.9643254280090332,1.0,0.871187150478363
411_class-2,1,0.9533101320266724,1,0.9955468773841858,1.0018391609191895,0.0,0.9957070350646973
411_class-2,2,0.6505739092826843,0,0.9951687455177307,0.9951003789901733,0.38319131450322247,0.9784137606620789
411_class-2,3,0.7672065496444702,0,0.9928438067436218,0.9627856016159058,0.22129682117472638,0.969956636428833
411_class-2,4,0.9039028882980347,0,0.9938080906867981,0.9248734712600708,0.5036949453148093,0.9817123413085938
411_class-2,5,0.6505038738250732,0,0.9953002333641052,0.9955308437347412,0.4314472487986493,0.978777289390564
412_class-2,0,0.5456621646881104,0,0.9843745827674866,0.9099150896072388,1.0,0.7259130477905273
412_class-2,1,0.8632139563560486,0,0.9958495497703552,0.9271911382675171,0.3523339317773788,0.7658354043960571
412_class-2,2,0.9649633169174194,0,0.9949024319648743,1.0067732334136963,0.7797299495688954,0.9942039251327515
412_class-2,3,0.6752519011497498,0,0.9977139830589294,0.9035305976867676,0.4553099412328801,0.864342212677002
412_class-2,4,0.9649220705032349,1,0.9949148297309875,1.0071799755096436,0.455554188707098,0.994047999382019
412_class-2,5,0.9649103283882141,0,0.9949167966842651,1.0069698095321655,0.9990972918756269,0.994314968585968
413_class-1,0,0.44177713990211487,1,0.971908450126648,0.9640098810195923,1.0,0.923901379108429
413_class-1,1,0.4204874634742737,0,0.9626756310462952,0.9729628562927246,0.8265170990106723,0.9634236693382263
413_class-1,2,0.3118852972984314,0,0.9367649555206299,0.9806852340698242,0.29546683977063726,0.9693301916122437
413_class-1,3,0.31167441606521606,0,0.9331470131874084,0.9834396839141846,0.9971576599266029,0.9758970141410828
413_class-1,4,0.28953608870506287,0,0.9517173171043396,0.943476676940918,0.6851533661632563,0.7752172946929932
413_class-1,5,0.31184273958206177,0,0.9359595775604248,0.9582631587982178,0.6841339395085377,0.9596102833747864
414_class-4,0,0.5119087100028992,0,0.9862499833106995,0.9888498783111572,1.0,0.9383365511894226
414_class-4,1,0.37219181656837463,1,0.9929885864257812,1.0139615535736084,0.6576052318009256,0.9963398575782776
414_class-4,2,0.5242300033569336,0,0.9844038486480713,0.9953323602676392,0.6987102778885786,0.9590532779693604
414_class-4,3,0.3721731901168823,0,0.9929068684577942,1.013676643371582,0.6986321604774144,0.996451199054718
414_class-4,4,0.3721713423728943,0,0.9929186105728149,1.0137783288955688,0.999729392173189,0.9963530898094177
414_class-4,5,0.3721787929534912,0,0.9929124116897583,1.0142099857330322,0.9997918271332514,0.9963839054107666
415_class-3,0,0.8623093366622925,0,0.9554558992385864,0.9759769439697266,1.0,0.9218251705169678
415_class-3,1,0.8077433109283447,0,0.9451629519462585,0.9773197174072266,0.916321871167785,0.9412740468978882
415_class-3,2,0.8065677881240845,0,0.9392496347427368,0.9745587110519409,0.9812167254890232,0.9247244596481323
415_class-3,3,0.7116018533706665,0,0.9388684034347534,0.9505692720413208,0.8281537232557916,0.8716437220573425
415_class-3,4,0.7870315313339233,0,0.9473450183868408,0.9426337480545044,0.8549153391733403,0.8956784605979919
415_class-3,5,0.3708900511264801,1,0.9837968349456787,0.9844281673431396,0.15139461747215174,0.9807406663894653
416_class-3,0,0.9766582250595093,0,0.9864732027053833,1.0067329406738281,1.0,0.9942201972007751
416_class-3,1,0.9611601829528809,0,0.9865257740020752,1.0058637857437134,0.9992040520984081,0.9940896034240723
416_class-3,2,0.9631029367446899,0,0.9868183135986328,1.005499243736267,0.9945626732922833,0.9933142066001892
416_class-3,3,0.9617418050765991,0,0.9864575266838074,1.007256269454956,0.9946387449625792,0.9941794276237488
416_class-3,4,0.9632136821746826,0,0.9866385459899902,1.0061854124069214,0.9968647518829508,0.9933165907859802
416_class-3,5,0.96268630027771,1,0.9867554903030396,1.0065966844558716,0.9981631550513236,0.9937539100646973
417_class-3,0,0.7511945962905884,1,0.9018830060958862,0.9879225492477417,1.0,0.9679223895072937
417_class-3,1,0.8429970741271973,0,0.9021546840667725,0.9555171728134155,0.6774772665183624,0.9559715986251831
417_class-3,2,0.509637713432312,0,0.8850467205047607,0.9547145366668701,0.27949502077942445,0.785394012928009
417_class-3,3,0.9295749664306641,0,0.8916367292404175,0.9853775501251221,0.23032079158000882,0.9830240607261658
417_class-3,4,0.9335275888442993,0,0.8892664909362793,0.9876606464385986,0.9816771432392671,0.9862166047096252
417_class-3,5,0.9304748773574829,0,0.891883373260498,0.9853136539459229,0.9847732760933727,0.9843683242797852
418_class-3,0,0.7397758960723877,0,0.9936016798019409,0.9918416738510132,1.0,0.9858481287956238
418_class-3,1,0.8777990341186523,0,0.9931527972221375,0.9721711874008179,0.5144313436502088,0.9602308869361877
418_class-3,2,0.7141819000244141,1,0.9944154024124146,0.9898263216018677,0.5129537920026194,0.9827699661254883
418_class-3,3,0.7117017507553101,0,0.9944451451301575,0.9875731468200684,0.9905675396004139,0.982320249080658
418_class-3,4,0.7249196171760559,0,0.9947572350502014,0.9781490564346313,0.9561278931409051,0.9771667122840881
418_class-3,5,0.8793573379516602,0,0.9937414526939392,0.9838664531707764,0.5288090106940999,0.9768192768096924
419_class-1,0,0.9092384576797485,0,0.9908335208892822,0.9783917665481567,1.0,0.9712240695953369
419_class-1,1,0.5499849915504456,1,0.9912384748458862,1.0038286447525024,0.362043795620438,0.9852194786071777
419_class-1,2,0.5844084620475769,0,0.9939630031585693,0.9596526622772217,0.8059270304272868,0.8263189196586609
419_class-1,3,0.809403657913208,0,0.9930017590522766,0.974824070930481,0.4437951772942002,0.9631916284561157
419_class-1,4,0.5741628408432007,0,0.9930037260055542,0.9750133752822876,0.42158459305412965,0.8777393698692322
419_class-1,5,0.817808985710144,0,0.9942020177841187,0.9780998229980469,0.4305796567983033,0.9712837338447571
420_class-2,0,0.8533003330230713,1,0.995173454284668,0.9836516380310059,1.0,0.9773391485214233
420_class-2,1,0.8606915473937988,0,0.9951266050338745,0.977452278137207,0.634766845855732,0.9818419218063354
420_class-2,2,0.729851245880127,0,0.9949557781219482,0.9759453535079956,0.5357544693086636,0.9745255708694458
420_class-2,3,0.8913822770118713,0,0.9952667951583862,0.9614906311035156,0.5907207953603977,0.975304126739502
420_class-2,4,0.8935409784317017,0,0.9952495098114014,0.9815881252288818,0.9119557705597788,0.978425145149231
420_class-2,5,0.46055108308792114,0,0.9525449872016907,0.9441874027252197,0.004776192517298389,0.34002819657325745
421_class-1,0,0.926297664642334,0,0.9893956184387207,0.9260087013244629,1.0,0.9550400376319885
421_class-1,1,0.7103639841079712,1,0.9928563833236694,0.9385502338409424,0.6024813267502216,0.9652364253997803
421_class-1,2,0.5358373522758484,0,0.9930128455162048,0.9321762323379517,0.147762957960493,0.765324592590332
421_class-1,3,0.776492714881897,0,0.9896304607391357,0.9074634313583374,0.22922626681135116,0.9301398992538452
421_class-1,4,0.17368414998054504,0,0.9414610862731934,0.9916330575942993,0.029574966456689333,0.9577425718307495
421_class-1,5,0.8006774187088013,0,0.9874468445777893,0.947005033493042,0.030460522570729207,0.968932569026947
422_class-0,0,0.9968984723091125,0,0.9916273355484009,1.0086925029754639,1.0,0.9943219423294067
422_class-0,1,0.9597524404525757,0,0.9916350245475769,1.0091360807418823,0.9994556890573341,0.9942989349365234
422_class-0,2,0.9597597718238831,0,0.9916375875473022,1.0085537433624268,0.999415464000645,0.9941737651824951
422_class-0,3,0.9597230553627014,0,0.9916113018989563,1.0086866617202759,0.9995363557562441,0.9942660331726074
422_class-0,4,0.9597277641296387,0,0.9916515946388245,1.0089383125305176,0.999435631790055,0.9942623972892761
422_class-0,5,0.9598705768585205,1,0.9917067885398865,1.0091546773910522,0.9993952588292211,0.9942630529403687
423_class-3,0,0.7926400303840637,0,0.9928576350212097,0.9296144247055054,1.0,0.9293050169944763
423_class-3,1,0.6655733585357666,0,0.9668164849281311,0.9841404557228088,0.35355817781125337,0.9372845888137817
423_class-3,2,0.7269884943962097,0,0.9883061647415161,0.981904149055481,0.32697526755082185,0.9638839960098267
423_class-3,3,0.7823612093925476,0,0.9883970022201538,0.9488546848297119,0.43660158017472417,0.9571163654327393
423_class-3,4,0.6481783986091614,0,0.9687286019325256,0.8857700228691101,0.3431752577319588,0.9461963772773743
423_class-3,5,0.9338204860687256,1,0.9879907965660095,0.986312985420227,0.4123281568228106,0.9875174164772034
424_class-2,0,0.5808320045471191,0,0.9680128693580627,0.9618779420852661,1.0,0.9077091813087463
424_class-2,1,0.4895002841949463,1,0.9685832858085632,0.9777058362960815,0.9448419271842949,0.959362804889679
424_class-2,2,0.4882480204105377,0,0.9681020975112915,0.9764276742935181,0.9933076455080105,0.9576940536499023
424_class-2,3,0.4894755482673645,0,0.9681007266044617,0.9781758785247803,0.9930130521347983,0.9600909352302551
424_class-2,4,0.48894041776657104,0,0.968017041683197,0.9771543741226196,0.9961497880532366,0.9594781398773193
424_class-2,5,0.46350041031837463,0,0.9656435251235962,0.9618111848831177,0.9008458253077631,0.8950241804122925
425_class-0,0,0.9934775829315186,1,0.9953584671020508,0.9991199970245361,1.0,0.9939785599708557
425_class-0,1,0.39252257347106934,0,0.9717490077018738,0.9396255016326904,0.10719520092709363,0.9084857106208801
425_class-0,2,0.9483717679977417,0,0.9961492419242859,0.9951304197311401,0.1070631296248031,0.9931200742721558
425_class-0,3,0.38739150762557983,0,0.9665235877037048,0.9603097438812256,0.09709376879517935,0.9109362959861755
425_class-0,4,0.9485535621643066,0,0.9960241317749023,0.992989182472229,0.09709597249174412,0.9937316179275513
425_class-0,5,0.38881054520606995,0,0.966354489326477,0.9371291399002075,0.09621416671454013,0.9014894366264343
426_class-2,0,0.9954162836074829,0,0.9912033081054688,1.0063210725784302,1.0,0.989595353603363
426_class-2,1,0.9562199711799622,0,0.9912612438201904,1.006494402885437,0.9991374744647046,0.9893769025802612
426_class-2,2,0.9562046527862549,0,0.9912307858467102,1.006328821182251,0.9994550573703491,0.9896329045295715
426_class-2,3,0.9555742144584656,1,0.9911583065986633,1.0062804222106934,0.9941457101148283,0.9924980998039246
426_class-2,4,0.7672377228736877,0,0.9957367181777954,0.9818136692047119,0.6793102929449468,0.9385944604873657
426_class-2,5,0.9561436176300049,0,0.9912320375442505,1.0063577890396118,0.6809568423597679,0.9893851280212402
427_class-1,0,0.3637743890285492,1,0.9939333200454712,0.9893664121627808,1.0,0.9903804063796997
427_class-1,1,0.515740692615509,0,0.97769695520401,0.9911693334579468,0.352285092491839,0.9559330940246582
427_class-1,2,0.51878821849823,0,0.9774078130722046,0.9854875802993774,0.9846056829141627,0.9411048889160156
427_class-1,3,0.5435293912887573,0,0.9777835011482239,0.9785096645355225,0.9207720794523623,0.9341957569122314
427_class-1,4,0.5161243677139282,0,0.977493405342102,0.9857436418533325,0.9147663227260904,0.9481201767921448
427_class-1,5,0.527218759059906,0,0.9781627655029297,0.9766029119491577,0.9603534631684916,0.9154098629951477
428_class-0,0,0.9804039597511292,1,0.9495850801467896,1.0051593780517578,1.0,0.9927685260772705
428_class-0,1,0.9397616386413574,0,0.9490804672241211,1.0062021017074585,0.9984682154710237,0.9927917718887329
428_class-0,2,0.9397664070129395,0,0.9488449096679688,1.0058794021606445,0.9992803918382507,0.9927929639816284
428_class-0,3,0.939585268497467,0,0.9494814276695251,1.0054951906204224,0.9988397995173566,0.9929040670394897
428_class-0,4,0.9390257596969604,0,0.9484593868255615,1.0047996044158936,0.9975872868576732,0.9932820200920105
428_class-0,5,0.9424387812614441,0,0.9501441717147827,1.0026129484176636,0.9908271794157262,0.9910268187522888
429_class-2,0,0.48495128750801086,1,0.9859638810157776,0.9928220510482788,1.0,0.9927061200141907
429_class-2,1,0.5467655658721924,0,0.9925898909568787,0.9420512914657593,0.5023374415639609,0.8134975433349609
429_class-2,2,0.9134756326675415,0,0.9820148944854736,0.9941340684890747,0.2648821167507464,0.9834427237510681
429_class-2,3,0.916000247001648,0,0.9837408065795898,0.9952100515365601,0.9933665008291874,0.9848325252532959
429_class-2,4,0.46342960000038147,0,0.9920353293418884,0.9033342599868774,0.12993638596712226,0.6256570816040039
429_class-2,5,0.8876067399978638,0,0.9866471886634827,0.9933639764785767,0.13768325509999776,0.9838821291923523
430_class-4,0,0.5609039068222046,0,0.9955035448074341,0.9769082069396973,1.0,0.9574675559997559
430_class-4,1,0.4916887581348419,0,0.9978889226913452,0.9793927669525146,0.6180036021058465,0.9585890769958496
430_class-4,2,0.49239581823349,0,0.9977943301200867,0.9812021255493164,0.9894085622370701,0.9682143926620483
430_class-4,3,0.47310930490493774,1,0.9974989891052246,0.9972926378250122,0.8725931792308073,0.9947705864906311
430_class-4,4,0.43160516023635864,0,0.9978415369987488,0.9749236106872559,0.6912728917024644,0.9367846846580505
430_class-4,5,0.5637718439102173,0,0.9961029291152954,0.9784128665924072,0.41763356949721053,0.9569053649902344
431_class-3,0,0.9955211877822876,0,0.9705821871757507,1.0073878765106201,1.0,0.9921675324440002
431_class-3,1,0.9713379144668579,1,0.9717504978179932,1.007034182548523,0.9992061223841733,0.9915546178817749
431_class-3,2,0.9711527824401855,0,0.9706339836120605,1.0070934295654297,0.9992537787374571,0.9922249913215637
431_class-3,3,0.9710851907730103,0,0.9704475402832031,1.0075342655181885,0.9994286077074471,0.9922103881835938
431_class-3,4,0.9713152647018433,0,0.9707832336425781,1.0062254667282104,0.9990000793587811,0.9918608665466309
431_class-3,5,0.9711953401565552,0,0.9707347750663757,1.0072077512741089,0.9993173086082622,0.9922559857368469
432_class-4,0,0.8287017345428467,0,0.9970291256904602,0.9160382747650146,1.0,0.9171129465103149
432_class-4,1,0.5711647272109985,0,0.9886780977249146,0.9474824666976929,0.4403584780405996,0.8134031891822815
432_class-4,2,0.6422239542007446,0,0.9949302077293396,0.8947845697402954,0.6224560690017453,0.7346340417861938
432_class-4,3,0.7168793678283691,0,0.9960270524024963,0.9528181552886963,0.783096940569687,0.8942118883132935
432_class-4,4,0.7279881834983826,0,0.9962048530578613,0.9634380340576172,0.9050673154009897,0.9413882493972778
432_class-4,5,0.9617050886154175,1,0.9967590570449829,0.9722130298614502,0.5717499269646509,0.9947575926780701
433_class-4,0,0.390857458114624,0,0.9855204224586487,0.9933640956878662,1.0,0.9833939075469971
433_class-4,1,0.4268259108066559,0,0.993473470211029,0.8772852420806885,0.32176044695285333,0.5536376237869263
433_class-4,2,0.3666864335536957,0,0.9847515225410461,0.9641731977462769,0.33206014421195806,0.9344778060913086
433_class-4,3,0.3722670376300812,0,0.9852453470230103,0.9006452560424805,1.889448375546759e-05,0.9092891216278076
433_class-4,4,0.3018805682659149,0,0.9297651052474976,0.9380314350128174,0.3436418380842502,0.6933449506759644
433_class-4,5,0.3677998483181,1,0.9853599667549133,0.997063159942627,0.5509629035579205,0.9786289930343628
434_class-3,0,0.7643275260925293,0,0.9845708608627319,0.9734616279602051,1.0,0.9250527620315552
434_class-3,1,0.3201708495616913,1,0.9905346632003784,0.9981731176376343,0.18895248295790518,0.9793777465820312
434_class-3,2,0.570271372795105,0,0.980006754398346,0.9879773855209351,0.4954192068907657,0.9362220764160156
434_class-3,3,0.5693849325180054,0,0.9803310632705688,0.988623857498169,0.9929929817884686,0.9485900402069092
434_class-3,4,0.7171373963356018,0,0.9845730662345886,0.974955677986145,0.6890854864113133,0.9265165328979492
434_class-3,5,0.7331304550170898,0,0.9827573299407959,0.9784756898880005,0.9252423800773082,0.9505478143692017
435_class-4,0,0.436355322599411,0,0.9924921989440918,0.9033302664756775,1.0,0.9705467820167542
435_class-4,1,0.4282587766647339,0,0.9901268482208252,0.9365193843841553,0.6422632447846316,0.7550197839736938
435_class-4,2,0.4602547585964203,1,0.9986962080001831,0.9670722484588623,0.1671158034626601,0.9613771438598633
435_class-4,3,0.44402876496315,0,0.973481297492981,0.7867751121520996,0.166476801988401,0.619194507598877
435_class-4,4,0.41418665647506714,0,0.9898966550827026,0.9648324251174927,0.07705783218023772,0.9425431489944458
435_class-4,5,0.40229785442352295,0,0.9799615144729614,0.7437279224395752,0.655129040228207,0.5550740957260132
436_class-1,0,0.39237529039382935,0,0.9822894334793091,0.9627493619918823,1.0,0.9459072351455688
436_class-1,1,0.3003113567829132,0,0.9624897241592407,0.9996281862258911,0.5950454437781296,0.9776362180709839
436_class-1,2,0.30035147070884705,0,0.963093101978302,0.9855613708496094,0.9925932391485965,0.9555948376655579
436_class-1,3,0.35534176230430603,0,0.9820913672447205,0.9880514144897461,0.5796433002870142,0.9659454822540283
436_class-1,4,0.39500898122787476,0,0.9652455449104309,0.9829930067062378,0.4765761302690245,0.8915548920631409
436_class-1,5,0.3544372618198395,1,0.9817734956741333,0.9922996759414673,0.47130590035708214,0.9726561307907104
437_class-2,0,0.9880868792533875,0,0.9758744835853577,0.9711401462554932,1.0,0.9522053599357605
437_class-2,1,0.6688816547393799,0,0.9587933421134949,0.9856412410736084,0.5309129954404693,0.9544874429702759
437_class-2,2,0.9339438676834106,0,0.9770545959472656,0.9818103313446045,0.534106412005457,0.9612357020378113
437_class-2,3,0.6679844856262207,0,0.9599513411521912,0.9775804281234741,0.5386498125600273,0.950305163860321
437_class-2,4,0.8104907274246216,1,0.9715442657470703,0.9994372129440308,0.3117418954552505,0.9873012900352478
437_class-2,5,0.8085028529167175,0,0.9708420038223267,0.9991623163223267,0.9801661537223664,0.9808214902877808
438_class-0,0,0.9947027564048767,0,0.9920196533203125,0.9999911785125732,1.0,0.981778085231781
438_class-0,1,0.9435352087020874,0,0.9919050931930542,0.9958701133728027,0.9814158545331815,0.9853004813194275
438_class-0,2,0.9445144534111023,0,0.9920712113380432,0.9983536005020142,0.9801084228067585,0.9805477857589722
438_class-0,3,0.944352388381958,0,0.9920229911804199,0.9998040199279785,0.9980007738939766,0.9803851842880249
438_class-0,4,0.9446857571601868,0,0.9922172427177429,0.9958583116531372,0.9975699447323714,0.9812842607498169
438_class-0,5,0.9440613985061646,1,0.9920892715454102,1.0012168884277344,0.9968199398366996,0.9804069399833679
439_class-1,0,0.6015259027481079,0,0.9589848518371582,0.9592159986495972,1.0,0.9079082012176514
439_class-1,1,0.5352641940116882,1,0.9615423083305359,0.9663475751876831,0.9579464132622213,0.9311097860336304
439_class-1,2,0.5374360084533691,0,0.959454357624054,0.9444910287857056,0.9764905989978394,0.8958985209465027
439_class-1,3,0.5405775308609009,0,0.9639220833778381,0.9383102655410767,0.9816704929973539,0.9129807353019714
439_class-1,4,0.526764988899231,0,0.9592114686965942,0.9551815986633301,0.9597018970189702,0.9076284170150757
439_class-1,5,0.4978828728199005,0,0.9492199420928955,0.96284019947052,0.9286346913748467,0.89335697889328
440_class-0,0,0.9951862692832947,0,0.9920599460601807,1.01028573513031,1.0,0.9950564503669739
440_class-0,1,0.9640060067176819,0,0.9920461773872375,1.0101197957992554,0.9997577426717158,0.9951167702674866
440_class-0,2,0.9640047550201416,0,0.9920450448989868,1.0106825828552246,0.999604707802558,0.9951614141464233
440_class-0,3,0.9640385508537292,1,0.9921554327011108,1.0104202032089233,0.9995536682096994,0.9950270056724548
440_class-0,4,0.964028000831604,0,0.9920884370803833,1.009613037109375,0.9997194199645448,0.9950243830680847
440_class-0,5,0.963991641998291,0,0.9920511841773987,1.0105115175247192,0.9996684561533262,0.9950753450393677
441_class-3,0,0.9885557889938354,0,0.991376519203186,1.0109670162200928,1.0,0.9930484294891357
441_class-3,1,0.9614253044128418,1,0.9914109706878662,1.0108544826507568,0.9993101445065717,0.9931908249855042
441_class-3,2,0.961267352104187,0,0.9913274049758911,1.0108354091644287,0.9991649420905493,0.9928250312805176
441_class-3,3,0.961296558380127,0,0.9914278388023376,1.0108011960983276,0.9995280050346129,0.9930941462516785
441_class-3,4,0.9612122774124146,0,0.9914911985397339,1.0103462934494019,0.9994673445917317,0.9930524230003357
441_class-3,5,0.9612144231796265,0,0.9914108514785767,1.010733723640442,0.9995762506658918,0.992984414100647
442_class-0,0,0.9996649026870728,0,0.9871907830238342,1.0075095891952515,1.0,0.994326114654541
442_class-0,1,0.938597559928894,1,0.9871554374694824,1.008102536201477,0.999168473257506,0.9944424033164978
442_class-0,2,0.9390908479690552,0,0.9871679544448853,1.0079054832458496,0.9984558277654046,0.9944335222244263
442_class-0,3,0.9388468265533447,0,0.9871224164962769,1.006872296333313,0.998989748922894,0.9941741824150085
442_class-0,4,0.9388355016708374,0,0.9871403574943542,1.0075544118881226,0.999376132616381,0.994280219078064
442_class-0,5,0.9388355016708374,0,0.9871863126754761,1.007500410079956,0.9994652406417113,0.994254469871521
443_class-3,0,0.2408359944820404,0,0.9473297595977783,0.9881877899169922,1.0,0.9761092066764832
443_class-3,1,0.2316528856754303,0,0.9479479789733887,0.9894176721572876,0.9890132772759274,0.9711474180221558
443_class-3,2,0.26330357789993286,0,0.9419733285903931,1.0070613622665405,0.8269535401335445,0.9575226902961731
443_class-3,3,0.23252573609352112,0,0.9464442729949951,0.991634726524353,0.8309105745111669,0.9691834449768066
443_class-3,4,0.2310294359922409,1,0.9496464133262634,0.9905480146408081,0.9915190745901885,0.9722789525985718
443_class-3,5,0.22909891605377197,0,0.9456032514572144,0.9831111431121826,0.9879095933675484,0.9772503972053528
444_class-0,0,0.9946244955062866,0,0.9569694399833679,1.0103403329849243,1.0,0.9933284521102905
444_class-0,1,0.9592076539993286,0,0.9571190476417542,1.010357141494751,0.9992078259427792,0.9932098388671875
444_class-0,2,0.9590988159179688,1,0.9571218490600586,1.0107170343399048,0.9992262343404569,0.9931736588478088
444_class-0,3,0.9591848254203796,0,0.9569387435913086,1.0104806423187256,0.9989130835267677,0.9933050870895386
444_class-0,4,0.9591865539550781,0,0.9569696187973022,1.0101675987243652,0.9994287188559634,0.9933091402053833
444_class-0,5,0.9591832160949707,0,0.9571785926818848,1.0095407962799072,0.9992997844073044,0.9933592677116394
445_class-0,0,0.997031569480896,1,0.9832993745803833,1.0042641162872314,1.0,0.9919813871383667
445_class-0,1,0.9577685594558716,0,0.9827001094818115,1.0041030645370483,0.9983328778354742,0.9914401769638062
445_class-0,2,0.9579795598983765,0,0.9827965497970581,1.00339937210083,0.9989053991188462,0.9909932613372803
445_class-0,3,0.9580419659614563,0,0.9832907915115356,1.0041530132293701,0.997758766775084,0.9914286136627197
445_class-0,4,0.9577407240867615,0,0.9827122688293457,1.0042389631271362,0.9983059183561943,0.9918511509895325
445_class-0,5,0.9576835632324219,0,0.9828230738639832,1.0033848285675049,0.9990974235545101,0.9911854267120361
446_class-1,0,0.8875013589859009,0,0.9692860841751099,0.9812300205230713,1.0,0.9758521318435669
446_class-1,1,0.5551431179046631,1,0.9792685508728027,0.9854117631912231,0.5849087741817182,0.9222114086151123
446_class-1,2,0.4700109660625458,0,0.9806690812110901,0.8282340168952942,0.12809431676400918,0.8023616075515747
446_class-1,3,0.713299036026001,0,0.9649233818054199,0.9897509813308716,0.10705170059951327,0.9828711152076721
446_class-1,4,0.6823647022247314,0,0.9706796407699585,0.9707247018814087,0.8864230970482317,0.9709321856498718
446_class-1,5,0.5742930173873901,0,0.9769704341888428,0.9864529371261597,0.5377560322214574,0.922011137008667
447_class-1,0,0.5409771203994751,0,0.9941781759262085,0.9245730638504028,1.0,0.6921169757843018
447_class-1,1,0.3885994255542755,0,0.9236621856689453,0.9189130067825317,0.1897665694039183,0.7156454920768738
447_class-1,2,0.5238437652587891,0,0.990943431854248,0.9623805284500122,0.14306974029763642,0.9440747499465942
447_class-1,3,0.5268750190734863,1,0.9892174601554871,0.9880410432815552,0.9718397029243385,0.974189281463623
447_class-1,4,0.5290448665618896,0,0.9887349605560303,0.9832925796508789,0.973629263011368,0.9641286134719849
447_class-1,5,0.455313503742218,0,0.9514756202697754,0.9346872568130493,0.2601059541633076,0.6876465082168579
448_class-4,0,0.9876846671104431,0,0.9556955099105835,1.0087884664535522,1.0,0.9921045303344727
448_class-4,1,0.9686989784240723,1,0.9557039737701416,1.0097187757492065,0.999722681456989,0.9923511743545532
448_class-4,2,0.9689183235168457,0,0.9557132124900818,1.0083705186843872,0.999541538723985,0.9925709366798401
448_class-4,3,0.9687380790710449,0,0.9556982517242432,1.009592890739441,0.9995522006141249,0.9922802448272705
448_class-4,4,0.9685300588607788,0,0.955656111240387,1.0057512521743774,0.999306762795559,0.9921048879623413
448_class-4,5,0.9687837362289429,0,0.9556894898414612,1.0086803436279297,0.9994027431155479,0.9923796653747559
449_class-0,0,0.9933277368545532,0,0.9649538993835449,0.9996508359909058,1.0,0.973816454410553
449_class-0,1,0.9070733785629272,0,0.9641664624214172,1.0026180744171143,0.9960716990658924,0.9762516021728516
449_class-0,2,0.4374532997608185,1,0.9972188472747803,0.9396597146987915,0.2442491078808895,0.858091413974762
449_class-0,3,0.9075184464454651,0,0.9648932814598083,1.0006260871887207,0.24456740848250283,0.9739494323730469
449_class-0,4,0.9072468280792236,0,0.9648280739784241,1.0009703636169434,0.9965764837761687,0.9735684394836426
449_class-0,5,0.9073309302330017,0,0.9649562239646912,0.9995307922363281,0.996894975321628,0.9745286703109741
450_class-1,0,0.5617669224739075,0,0.9820429682731628,0.984108567237854,1.0,0.9499011039733887
450_class-1,1,0.6209294199943542,1,0.9883492588996887,0.9793491363525391,0.7493001555209954,0.9497555494308472
450_class-1,2,0.47034746408462524,0,0.9771043062210083,0.9944672584533691,0.4441309255079007,0.9783780574798584
450_class-1,3,0.46920034289360046,0,0.9769812822341919,0.992560863494873,0.9914277011444237,0.9775939583778381
450_class-1,4,0.5118888020515442,0,0.9814422726631165,0.9811669588088989,0.58705461334993,0.9518566727638245
450_class-1,5,0.5210183262825012,0,0.9808385968208313,0.9885063171386719,0.9687294605389555,0.9566209316253662
451_class-1,0,0.17799463868141174,0,0.9123073816299438,0.9646934270858765,1.0,0.8736576437950134
451_class-1,1,0.7986181378364563,1,0.9554759860038757,0.951055645942688,0.0026278209570184475,0.9515920281410217
451_class-1,2,0.09225068986415863,0,0.8108618259429932,0.953027606010437,0.0770070508457162,0.521649956703186
451_class-1,3,0.06380457431077957,0,0.7932645082473755,0.9855180978775024,0.9127378180060636,0.6862715482711792
451_class-1,4,0.8040173053741455,0,0.9425564408302307,0.980965256690979,0.06841460247378502,0.975135087966919
451_class-1,5,0.755934476852417,0,0.9587084650993347,0.9409929513931274,0.8446073091017133,0.9220350384712219
452_class-4,0,0.8870460987091064,1,0.9991916418075562,0.9614185094833374,1.0,0.9845187067985535
452_class-4,1,0.8409489393234253,0,0.9992038011550903,0.9568088054656982,0.9921327915622028,0.9846831560134888
452_class-4,2,0.776915967464447,0,0.9985580444335938,0.9560836553573608,0.8209650820965082,0.9498953819274902
452_class-4,3,0.7447388172149658,0,0.9979900121688843,0.9063231945037842,0.5275958840037418,0.8308516144752502
452_class-4,4,0.8881879448890686,0,0.9992951154708862,0.9494638442993164,0.5479028697571744,0.9659271836280823
452_class-4,5,0.778485894203186,0,0.9986202716827393,0.9363905191421509,0.7246553704767376,0.9494627118110657
453_class-0,0,0.398834764957428,1,0.996380627155304,0.9746824502944946,1.0,0.9740568399429321
453_class-0,1,0.376375675201416,0,0.9966027140617371,0.9705404043197632,0.9736828525723722,0.9690789580345154
453_class-0,2,0.8928111791610718,0,0.953833281993866,0.9784762859344482,0.1556518656956886,0.9350343942642212
453_class-0,3,0.913565993309021,0,0.9502556324005127,0.9772831201553345,0.940339146896524,0.9234920144081116
453_class-0,4,0.9156856536865234,0,0.9485287666320801,0.9789540767669678,0.9835296721255661,0.9250500798225403
453_class-0,5,0.510329008102417,0,0.989724338054657,0.9197976589202881,0.35612355027152964,0.5714976191520691
454_class-3,0,0.3419629633426666,0,0.9410760402679443,1.0069668292999268,1.0,0.9825705289840698
454_class-3,1,0.32769209146499634,1,0.9435778856277466,1.0077778100967407,0.9695100748522172,0.9722920656204224
454_class-3,2,0.6610168814659119,0,0.9394587278366089,0.9686270952224731,0.09136098876480485,0.9518811702728271
454_class-3,3,0.3278408348560333,0,0.9406170845031738,1.0013246536254883,0.08988163874381062,0.9796296954154968
454_class-3,4,0.32839834690093994,0,0.9397084712982178,1.0093650817871094,0.9938872579985879,0.9833142757415771
454_class-3,5,0.6294918060302734,0,0.9701595902442932,0.9244147539138794,0.08517992424242424,0.8945167660713196
455_class-1,0,0.668637216091156,0,0.992158055305481,0.9787616729736328,1.0,0.9590879678726196
455_class-1,1,0.5166967511177063,0,0.9923530220985413,0.9774984121322632,0.9912863756613757,0.9590584635734558
455_class-1,2,0.5155302286148071,0,0.992198646068573,0.9811995029449463,0.9829342505622437,0.9558840394020081
455_class-1,3,0.5134527683258057,0,0.991599440574646,0.9840699434280396,0.9841901862044736,0.9517101645469666
455_class-1,4,0.5153689980506897,0,0.9920783042907715,0.9860609769821167,0.9863144654088051,0.9546820521354675
455_class-1,5,0.48031505942344666,1,0.997275710105896,0.9909689426422119,0.495999599959996,0.9759507179260254
456_class-4,0,0.27583879232406616,0,0.9378588199615479,0.9978090524673462,1.0,0.9383628964424133
456_class-4,1,0.35384640097618103,0,0.9332507252693176,1.0046910047531128,0.5106345901624308,0.9943191409111023
456_class-4,2,0.35382676124572754,0,0.933222770690918,1.007250428199768,0.9984936248049782,0.9935373067855835
456_class-4,3,0.353843092918396,1,0.9333930015563965,1.0094407796859741,0.9993896856881294,0.9936862587928772
456_class-4,4,0.3538356423377991,0,0.9332496523857117,1.0072377920150757,0.9992639798940849,0.9934247732162476
456_class-4,5,0.3538157045841217,0,0.933301568031311,1.0067963600158691,0.998027790228597,0.994505763053894
457_class-4,0,0.9390347003936768,0,0.9750086069107056,0.9918403625488281,1.0,0.982647716999054
457_class-4,1,0.9213915467262268,1,0.9754014015197754,0.9920687675476074,0.9992049821120975,0.9822151064872742
457_class-4,2,0.8558617830276489,0,0.9671491384506226,0.9257062673568726,0.9064013408276462,0.8904828429222107
457_class-4,3,0.9751664400100708,0,0.974737823009491,0.9874750375747681,0.8443949724038774,0.9795188903808594
457_class-4,4,0.7254359126091003,0,0.9899324774742126,0.9194943904876709,0.6311191085288124,0.5920783281326294
457_class-4,5,0.2952389121055603,0,0.9929826855659485,0.9645882844924927,0.033685315143962745,0.856208860874176
458_class-0,0,0.48312973976135254,0,0.9768532514572144,0.9576939344406128,1.0,0.7594723105430603
458_class-0,1,0.8748349547386169,0,0.9833133220672607,0.8768500089645386,0.2057370541359132,0.867271363735199
458_class-0,2,0.26722821593284607,0,0.9408232569694519,0.9595202207565308,2.6196983853925617e-05,0.9666904211044312
458_class-0,3,0.5267015099525452,0,0.9670805335044861,0.9481356143951416,0.0,0.6805928349494934
458_class-0,4,0.8588075637817383,0,0.9838239550590515,0.9310892820358276,0.2859571074831074,0.9446447491645813
458_class-0,5,0.8742160797119141,1,0.9796977043151855,0.9801031351089478,0.943045139380218,0.9879132509231567
459_class-3,0,0.9674524664878845,1,0.9883832335472107,0.977076530456543,1.0,0.970655620098114
459_class-3,1,0.8691403865814209,0,0.9887781739234924,0.9730420112609863,0.9809548320679449,0.9668840765953064
459_class-3,2,0.8567402958869934,0,0.9837164878845215,0.9874619245529175,0.6846392552366175,0.9778679609298706
459_class-3,3,0.8499828577041626,0,0.9841511249542236,0.9860007762908936,0.9820562332218716,0.9806011319160461
459_class-3,4,0.8078272342681885,0,0.99137282371521,0.9479730129241943,0.8077131363144051,0.9266194701194763
459_class-3,5,0.6786381006240845,0,0.9828994870185852,0.9876312017440796,0.47674060382008626,0.986001193523407
460_class-1,0,0.37328091263771057,0,0.9563918113708496,0.9633793830871582,1.0,0.9439930319786072
460_class-1,1,0.5917526483535767,1,0.9952200055122375,0.9123272895812988,0.04745120500506675,0.9489689469337463
460_class-1,2,0.584097146987915,0,0.9937377572059631,0.8938541412353516,0.8346514472075011,0.9104158878326416
460_class-1,3,0.325751394033432,0,0.9550909399986267,0.9594748020172119,0.06637912128079539,0.9333131313323975
460_class-1,4,0.36124885082244873,0,0.9259920120239258,0.9564616680145264,0.800656660412758,0.8940609693527222
460_class-1,5,0.3308252692222595,0,0.9566354751586914,0.9751609563827515,0.7984375622782893,0.9203728437423706
461_class-0,0,0.8667482733726501,0,0.9936017990112305,0.9696879386901855,1.0,0.9637900590896606
461_class-0,1,0.9143831133842468,0,0.9868046045303345,0.9883382320404053,0.651543324656006,0.9898849725723267
461_class-0,2,0.9155694246292114,1,0.9922581315040588,1.0000925064086914,0.9156730178242164,0.9910448789596558
461_class-0,3,0.9211355447769165,0,0.992563009262085,0.9986722469329834,0.9844942160964805,0.9888920187950134
461_class-0,4,0.7031121850013733,0,0.9864838719367981,0.9127986431121826,0.4669469210514159,0.8027827143669128
461_class-0,5,0.6699218153953552,0,0.9943071603775024,0.9266445636749268,0.3656716417910448,0.9576682448387146
462_class-2,0,0.4498897194862366,0,0.9874123930931091,0.8791497945785522,1.0,0.7562326788902283
462_class-2,1,0.5207705497741699,0,0.9944901466369629,0.888148307800293,0.25808389774961765,0.6784127950668335
462_class-2,2,0.41408148407936096,0,0.9973694682121277,0.965912938117981,0.2846082156426984,0.9835602045059204
462_class-2,3,0.41430509090423584,1,0.997528076171875,0.9785416126251221,0.9779168200220831,0.9864814877510071
462_class-2,4,0.4993261396884918,0,0.9963648915290833,0.9254921674728394,0.3546277665995976,0.7619548439979553
462_class-2,5,0.43932101130485535,0,0.9940012097358704,0.87276291847229,0.2895494331198966,0.8869233131408691
463_class-3,0,0.9316220283508301,0,0.9854634404182434,0.9746847152709961,1.0,0.9872301816940308
463_class-3,1,0.28369230031967163,0,0.9564958810806274,1.0099881887435913,0.08534133004057153,0.9774228930473328
463_class-3,2,0.5135283470153809,0,0.9910618662834167,0.973857045173645,0.3619344992228959,0.6977089047431946
463_class-3,3,0.9105307459831238,1,0.9836387634277344,0.9876714944839478,0.21031635068881308,0.9910505414009094
463_class-3,4,0.8927396535873413,0,0.986534833908081,0.976841926574707,0.8191430925569898,0.9820939898490906
463_class-3,5,0.9122152328491211,0,0.9849148988723755,0.936760425567627,0.8208064737347415,0.9856732487678528
464_class-4,0,0.22659790515899658,0,0.9213060140609741,0.9795695543289185,1.0,0.955792248249054
464_class-4,1,0.17542442679405212,0,0.9248069524765015,0.9704076051712036,0.9601796889782818,0.9468467831611633
464_class-4,2,0.18113481998443604,0,0.9244879484176636,0.9788988828659058,0.980104433766439,0.9518046379089355
464_class-4,3,0.18322962522506714,0,0.9240410327911377,0.9763137102127075,0.9932460134216602,0.9503086805343628
464_class-4,4,0.40628355741500854,0,0.9809786677360535,0.842940092086792,0.03167473015552559,0.5600776076316833
464_class-4,5,0.16759787499904633,1,0.930841326713562,0.977607250213623,0.03046505110694848,0.9587005376815796
465_class-0,0,0.9972562193870544,0,0.993604838848114,1.003733515739441,1.0,0.9905141592025757
465_class-0,1,0.9513108730316162,0,0.9935868978500366,1.0039379596710205,0.9992054207959035,0.9906425476074219
465_class-0,2,0.9509963989257812,0,0.9936176538467407,1.0043748617172241,0.9979723177289959,0.990813672542572
465_class-0,3,0.9487086534500122,0,0.9936953186988831,1.004002332687378,0.9904587236086548,0.9924851059913635
465_class-0,4,0.9486094117164612,1,0.9937764406204224,1.004168152809143,0.9989746722223434,0.9926105737686157
465_class-0,5,0.951099157333374,0,0.9936734437942505,1.0040831565856934,0.9891124105428521,0.9907976388931274
466_class-2,0,0.9141508340835571,0,0.9949867725372314,0.9961003065109253,1.0,0.9835261106491089
466_class-2,1,0.8754093647003174,0,0.994168758392334,1.000092625617981,0.9297360023208587,0.9814139604568481
466_class-2,2,0.8748929500579834,0,0.9942676424980164,1.000275731086731,0.9974958506828174,0.9827825427055359
466_class-2,3,0.612848699092865,0,0.9749702215194702,0.9910893440246582,0.43298890649762284,0.9635633826255798
466_class-2,4,0.6147773265838623,0,0.9754868745803833,0.9896241426467896,0.9922254122310018,0.9580804109573364
466_class-2,5,0.8743636012077332,1,0.9943532943725586,0.9999151229858398,0.4374346417731528,0.9859025478363037
467_class-4,0,0.8649340271949768,1,0.9882494807243347,1.0100971460342407,1.0,0.9855445623397827
467_class-4,1,0.9697672128677368,0,0.9778607487678528,1.005049228668213,0.8240910053317422,0.9878512024879456
467_class-4,2,0.8484087586402893,0,0.9882514476776123,1.010072112083435,0.8235520566666025,0.9842740893363953
467_class-4,3,0.847675085067749,0,0.9882804155349731,1.0075386762619019,0.99822392559183,0.9743978977203369
467_class-4,4,0.8474187850952148,0,0.9882891178131104,0.9944330453872681,0.9988299714513034,0.9558549523353577
467_class-4,5,0.8485959768295288,0,0.9882031679153442,1.0083011388778687,0.9971158337225595,0.984198808670044
468_class-2,0,0.3831440210342407,1,0.97105872631073,1.0006754398345947,1.0,0.9919329881668091
468_class-2,1,0.18128666281700134,0,0.9313036203384399,1.004454255104065,0.3024064098378496,0.982876718044281
468_class-2,2,0.18124893307685852,0,0.9310629963874817,1.0105681419372559,0.9963986571263861,0.99098801612854
468_class-2,3,0.18127790093421936,0,0.931052565574646,1.0108497142791748,0.9996541786743516,0.9911252856254578
468_class-2,4,0.18125572800636292,0,0.9311456680297852,1.0100877285003662,0.9996338412091377,0.9908978343009949
468_class-2,5,0.18126027286052704,0,0.9309461712837219,1.0100971460342407,0.9997490896021375,0.9898229241371155
469_class-2,0,0.012645860202610493,0,0.9738460183143616,1.0089020729064941,1.0,0.6924042701721191
469_class-2,1,0.760901927947998,1,0.9873250722885132,0.9717754125595093,0.007744411397870095,0.9715043306350708
469_class-2,2,0.011705009266734123,0,0.9747564792633057,1.0033400058746338,0.011895168286748744,0.8089830279350281
469_class-2,3,0.006710168905556202,0,0.9731111526489258,0.9670127630233765,0.9823777807484528,0.8287349939346313
469_class-2,4,0.006977795623242855,0,0.9747788906097412,1.006813406944275,0.9934303610320653,0.7329286336898804
469_class-2,5,0.01605309173464775,0,0.9727819561958313,1.0075703859329224,0.9779620548494775,0.6848514676094055
470_class-1,0,0.7727507948875427,0,0.9913926720619202,0.9766718149185181,1.0,0.9398310780525208
470_class-1,1,0.6231780052185059,1,0.9867575764656067,0.9882731437683105,0.8329474569022725,0.9582491517066956
470_class-1,2,0.6026839017868042,0,0.991493821144104,0.9744899272918701,0.7947454601779049,0.9316920638084412
470_class-1,3,0.6377468705177307,0,0.9767746925354004,0.9930540323257446,0.6545248344572759,0.9564591646194458
470_class-1,4,0.6385529041290283,0,0.977202296257019,0.9939587116241455,0.9802293589150496,0.9595971703529358
470_class-1,5,0.5909769535064697,0,0.9908561706542969,0.9687877893447876,0.6451378362724438,0.9332963228225708
471_class-1,0,0.4652963876724243,0,0.9742198586463928,0.9839520454406738,1.0,0.9454601407051086
471_class-1,1,0.4217446744441986,0,0.9750670194625854,0.9875518083572388,0.9960331248552236,0.9504745602607727
471_class-1,2,0.42830997705459595,1,0.9749657511711121,0.9884120225906372,0.9609404732069097,0.9688341617584229
471_class-1,3,0.4282737374305725,0,0.9751381278038025,0.9858055114746094,0.9983583141648735,0.9676266312599182
471_class-1,4,0.42366141080856323,0,0.9737477898597717,0.9886937141418457,0.9679545496741613,0.9573670625686646
471_class-1,5,0.42395418882369995,0,0.9727389216423035,0.9889301061630249,0.9972514054224887,0.9574183821678162
472_class-2,0,0.6293812990188599,0,0.9785354137420654,1.0019053220748901,1.0,0.9920292496681213
472_class-2,1,0.9638292789459229,0,0.9880494475364685,1.0066416263580322,0.46756068499871506,0.9936111569404602
472_class-2,2,0.6162488460540771,0,0.9785207509994507,0.9910668134689331,0.4670346984745743,0.9840176701545715
472_class-2,3,0.9637527465820312,1,0.9880541563034058,1.0083107948303223,0.4669732587863154,0.9936126470565796
472_class-2,4,0.963800847530365,0,0.9879286289215088,1.0064005851745605,0.9983798604187437,0.9937195181846619
472_class-2,5,0.6224170327186584,0,0.979880690574646,0.9913249015808105,0.47217777565495667,0.9296566843986511
473_class-0,0,0.3075195550918579,0,0.9242900609970093,0.9428703784942627,1.0,0.7557193040847778
473_class-0,1,0.4066738486289978,0,0.9641904234886169,0.971459150314331,0.674641647724637,0.8909150958061218
473_class-0,2,0.4075276851654053,0,0.9650342464447021,0.9681841135025024,0.9807967874518418,0.9002927541732788
473_class-0,3,0.4118465185165405,0,0.9636585712432861,0.9478588104248047,0.9178088893600019,0.841086745262146
473_class-0,4,0.4058699309825897,1,0.9679611325263977,0.9677907228469849,0.9146788542379509,0.8964720964431763
473_class-0,5,0.39147165417671204,0,0.9719207286834717,0.9559576511383057,0.9429398369461296,0.8352248072624207
474_class-2,0,0.7163087129592896,1,0.9920594692230225,0.9766569137573242,1.0,0.9748086929321289
474_class-2,1,0.3690982460975647,0,0.987226128578186,0.9523526430130005,0.07022485646939154,0.8919799327850342
474_class-2,2,0.8199822902679443,0,0.992205798625946,0.9514987468719482,0.07531472933277382,0.9637953639030457
474_class-2,3,0.864209771156311,0,0.9916822910308838,0.9462546110153198,0.6365151428078846,0.959618866443634
474_class-2,4,0.5339742302894592,0,0.9963722229003906,0.87494957447052,0.20890967813787728,0.700204610824585
474_class-2,5,0.6209587454795837,0,0.9942722916603088,0.8376199007034302,0.43734207968901845,0.7931233644485474
475_class-4,0,0.42165881395339966,0,0.9749724864959717,0.9825375080108643,1.0,0.976326048374176
475_class-4,1,0.41395294666290283,0,0.9801889061927795,0.9933726787567139,0.9604062823285996,0.9875761866569519
475_class-4,2,0.33908459544181824,0,0.9840307235717773,0.9537883996963501,0.3134129792725434,0.9609556198120117
475_class-4,3,0.3112907409667969,0,0.995181143283844,0.9995657205581665,0.6711329038143565,0.9945411086082458
475_class-4,4,0.31138521432876587,1,0.9951261281967163,1.0025547742843628,0.9967975728973538,0.9952992796897888
475_class-4,5,0.41282010078430176,0,0.978932797908783,0.9982116222381592,0.37348787130280575,0.9856765270233154
476_class-1,0,0.5859253406524658,0,0.9722095727920532,0.9929366111755371,1.0,0.9805966019630432
476_class-1,1,0.505919873714447,0,0.9724112749099731,0.9901928901672363,0.9966334778397091,0.9805814623832703
476_class-1,2,0.5063427686691284,0,0.9724915027618408,0.9920068979263306,0.997347732867466,0.9802365899085999
476_class-1,3,0.5062708258628845,1,0.9724820256233215,0.9933496713638306,0.9969858015388277,0.9793638586997986
476_class-1,4,0.5018710494041443,0,0.9730827808380127,0.9873192310333252,0.9809027501946267,0.9819528460502625
476_class-1,5,0.5062084197998047,0,0.9722957015037537,0.9927538633346558,0.9811857431154757,0.9800843000411987
477_class-4,0,0.9772654175758362,0,0.997492790222168,0.9963762760162354,1.0,0.9927294254302979
477_class-4,1,0.9320013523101807,0,0.9975507855415344,0.9864095449447632,0.9051116571706316,0.9706661105155945
477_class-4,2,0.9583573937416077,0,0.9974482655525208,1.0052684545516968,0.904074794638997,0.9955708384513855
477_class-4,3,0.9578205347061157,0,0.9974804520606995,1.0083749294281006,0.9971640944505806,0.995080828666687
477_class-4,4,0.9577990770339966,0,0.9975030422210693,1.0089242458343506,0.999671052631579,0.9951085448265076
477_class-4,5,0.9579351544380188,1,0.9975754022598267,1.0093079805374146,0.9991926561612295,0.9946573376655579
478_class-0,0,0.9918423891067505,0,0.9970169067382812,0.985855221748352,1.0,0.9772079586982727
478_class-0,1,0.73432856798172,0,0.9958227872848511,1.001827597618103,0.5968876115934939,0.97925865650177
478_class-0,2,0.7348722815513611,0,0.9952430129051208,1.0023406744003296,0.9950412714056918,0.9786860346794128
478_class-0,3,0.7352080345153809,0,0.9956187605857849,0.9972743988037109,0.9932714759739462,0.9814669489860535
478_class-0,4,0.7347146272659302,0,0.9956361651420593,1.0008982419967651,0.9939764590184087,0.9760567545890808
478_class-0,5,0.7343418002128601,1,0.9958616495132446,1.0025755167007446,0.9958081617556405,0.9797527194023132
479_class-2,0,0.837917149066925,1,0.980313777923584,1.0043226480484009,1.0,0.9940984845161438
479_class-2,1,0.5315980911254883,0,0.984499454498291,0.9979202747344971,0.2640571893010197,0.9666761159896851
479_class-2,2,0.5326847434043884,0,0.9826574325561523,0.9929584264755249,0.9898404826233391,0.959131121635437
479_class-2,3,0.5334110260009766,0,0.9834997653961182,0.9743807315826416,0.9880262792634403,0.9130780100822449
479_class-2,4,0.5305184125900269,0,0.9844222664833069,0.9835295677185059,0.9862408852735334,0.9444386959075928
479_class-2,5,0.5341956615447998,0,0.9826658964157104,0.9745378494262695,0.9835040964827068,0.9031040668487549
480_class-1,0,0.3873237669467926,0,0.9374594688415527,0.9854896068572998,1.0,0.9668851494789124
480_class-1,1,0.48108920454978943,1,0.9409600496292114,0.9854798316955566,0.15922885715937338,0.9574992656707764
480_class-1,2,0.35510462522506714,0,0.9371331334114075,0.9607011079788208,0.35771533252641563,0.963625431060791
480_class-1,3,0.33800795674324036,0,0.9325588941574097,0.9848535060882568,0.8549117247623359,0.9626545906066895
480_class-1,4,0.34342160820961,0,0.9324876070022583,0.9935801029205322,0.9429113229203054,0.9729424118995667
480_class-1,5,0.3866592347621918,0,0.9411022067070007,0.9810752868652344,0.6931040595639071,0.9473621249198914
481_class-0,0,0.9991576075553894,0,0.94614577293396,1.0089106559753418,1.0,0.9921157956123352
481_class-0,1,0.9509149789810181,0,0.9460564851760864,1.008862018585205,0.9993133963991455,0.9920642375946045
481_class-0,2,0.9512938261032104,0,0.946246862411499,1.0087037086486816,0.9984995295134915,0.9921308159828186
481_class-0,3,0.9510371685028076,0,0.9461037516593933,1.0082210302352905,0.9987535612535613,0.9921073913574219
481_class-0,4,0.9510565400123596,0,0.9460421800613403,1.0082614421844482,0.9995929685313796,0.9922088980674744
481_class-0,5,0.9512059688568115,1,0.9461386203765869,1.009174108505249,0.9989061307555329,0.9921370148658752
482_class-3,0,0.4463517367839813,1,0.9837168455123901,0.9779583215713501,1.0,0.8470222353935242
482_class-3,1,0.1987990438938141,0,0.9076118469238281,0.9268733263015747,0.2598880200021279,0.5410779118537903
482_class-3,2,0.5675868988037109,0,0.9918143153190613,0.8963464498519897,0.0005511377056924651,0.6807783246040344
482_class-3,3,0.4532543122768402,0,0.9788944721221924,0.8365234136581421,0.00485615933120236,0.2623075842857361
482_class-3,4,0.8775423765182495,0,0.9882123470306396,0.8488331437110901,0.005535347145342401,0.9476226568222046
482_class-3,5,0.2824651300907135,0,0.9570178985595703,0.9045088291168213,8.18278523825543e-05,0.4778130054473877
483_class-0,0,0.7906376719474792,0,0.9975721836090088,0.9982961416244507,1.0,0.9736617207527161
483_class-0,1,0.7562777400016785,0,0.9976149797439575,0.9930257797241211,0.9909341842031958,0.9696322083473206
483_class-0,2,0.7498929500579834,0,0.9977508783340454,0.9948768615722656,0.97880342731892,0.9860338568687439
483_class-0,3,0.9296551942825317,0,0.9954019784927368,1.0091787576675415,0.6529275521131671,0.9937974214553833
483_class-0,4,0.9294310808181763,1,0.9954080581665039,1.0093390941619873,0.9988197220635827,0.9940981268882751
483_class-0,5,0.7505186796188354,0,0.9976162910461426,0.98475182056427,0.6528529727302212,0.9805756211280823
484_class-3,0,0.9130809307098389,0,0.9920878410339355,0.9717611074447632,1.0,0.9827052354812622
484_class-3,1,0.8702427744865417,1,0.9940914511680603,0.9985233545303345,0.9542201862331208,0.9887194633483887
484_class-3,2,0.9385911226272583,0,0.9912554025650024,0.9598020315170288,0.8327422402857957,0.966087281703949
484_class-3,3,0.884280800819397,0,0.9925290942192078,0.9939889907836914,0.8593022051972253,0.9870455861091614
484_class-3,4,0.8853799104690552,0,0.992176353931427,0.9805656671524048,0.9897526290630975,0.9821421504020691
484_class-3,5,0.8173410296440125,0,0.9943395853042603,0.9814414978027344,0.8502651367626352,0.9805343747138977
485_class-1,0,0.531724214553833,0,0.9889734983444214,0.9237403869628906,1.0,0.7626003623008728
485_class-1,1,0.535251796245575,0,0.98857182264328,0.9699089527130127,0.39876037072298753,0.9553369879722595
485_class-1,2,0.559951663017273,0,0.9886429309844971,0.977054238319397,0.7914553140096618,0.9709619283676147
485_class-1,3,0.5598220229148865,1,0.9889178276062012,0.9758386611938477,0.9911806650153869,0.971604585647583
485_class-1,4,0.5166073441505432,0,0.9796578884124756,0.9735163450241089,0.6576679498323607,0.9353229999542236
485_class-1,5,0.5366529226303101,0,0.9883108139038086,0.9717094302177429,0.7756721132084856,0.8994699716567993
486_class-3,0,0.9313233494758606,0,0.9905157685279846,0.9281754493713379,1.0,0.8486543893814087
486_class-3,1,0.7240835428237915,0,0.9892120361328125,0.9670779705047607,0.7385849909584087,0.9410918354988098
486_class-3,2,0.7262692451477051,0,0.9944618940353394,0.9300217628479004,0.6110726197573434,0.932295560836792
486_class-3,3,0.7638115882873535,0,0.9832983613014221,0.9729602336883545,0.48290571082956646,0.9157968163490295
486_class-3,4,0.7307255268096924,1,0.9943666458129883,0.9621902704238892,0.49969441544220633,0.9648701548576355
486_class-3,5,0.7851064205169678,0,0.9854665994644165,0.9707338809967041,0.5349328607456888,0.9248702526092529
487_class-1,0,0.7515799403190613,0,0.971002459526062,0.9877965450286865,1.0,0.9782991409301758
487_class-1,1,0.6587157845497131,0,0.9716054797172546,0.9910356998443604,0.9937130365525072,0.9824715852737427
487_class-1,2,0.6587579250335693,0,0.971470296382904,0.9905009269714355,0.9988477115211902,0.9825121760368347
487_class-1,3,0.6587863564491272,1,0.9720261096954346,0.9927414655685425,0.9970911550820226,0.9827786684036255
487_class-1,4,0.6582971811294556,0,0.9710896015167236,0.9895684719085693,0.9937420718816068,0.9794642925262451
487_class-1,5,0.6587637066841125,0,0.9715631008148193,0.9884755611419678,0.9962502969221895,0.9818178415298462
488_class-2,0,0.5534738302230835,0,0.9879517555236816,0.9967927932739258,1.0,0.9671059846878052
488_class-2,1,0.5464732050895691,0,0.9875478744506836,1.0036375522613525,0.9844257721469131,0.9756389260292053
488_class-2,2,0.5515996813774109,1,0.9870095252990723,1.0076172351837158,0.9847434573849204,0.9805894494056702
488_class-2,3,0.5499180555343628,0,0.9869835376739502,1.0001829862594604,0.9906022997491775,0.9842389822006226
488_class-2,4,0.5341487526893616,0,0.9870429039001465,1.0008128881454468,0.9641124173641189,0.9719057679176331
488_class-2,5,0.5516422986984253,0,0.9869444370269775,1.007049560546875,0.9611871026784985,0.9803042411804199
489_class-2,0,0.3046579957008362,0,0.9163485765457153,1.010475516319275,1.0,0.9954603910446167
489_class-2,1,0.29141074419021606,0,0.9147058129310608,1.0109671354293823,0.9998833547183017,0.995556652545929
489_class-2,2,0.38152623176574707,1,0.9497084617614746,0.9567879438400269,0.772791459923046,0.9328810572624207
489_class-2,3,0.29140517115592957,0,0.9205542802810669,1.0109355449676514,0.772738460741259,0.9955734610557556
489_class-2,4,0.2913939952850342,0,0.9188026189804077,1.0107706785202026,0.9997667444185272,0.9956305623054504
489_class-2,5,0.2917182147502899,0,0.9215044379234314,0.9186042547225952,0.9970009496992619,0.979840099811554
490_class-3,0,0.9745279550552368,0,0.9660507440567017,0.8995983600616455,1.0,0.753460705280304
490_class-3,1,0.8732361793518066,0,0.9601806402206421,0.9243667125701904,0.7298350627353604,0.8020706176757812
490_class-3,2,0.87354576587677,1,0.9561065435409546,0.9784599542617798,0.9678790846763423,0.9692804217338562
490_class-3,3,0.8487492799758911,0,0.9642677903175354,0.9546730518341064,0.8474674273379076,0.922297477722168
490_class-3,4,0.854983925819397,0,0.968829870223999,0.9316800832748413,0.9395702605057996,0.926958441734314
490_class-3,5,0.8725330829620361,0,0.9553297162055969,0.9784258604049683,0.8632013660008736,0.9697405099868774
491_class-3,0,0.9937680959701538,1,0.9982756972312927,0.9992761611938477,1.0,0.989398717880249
491_class-3,1,0.9423506259918213,0,0.998410165309906,0.9963366985321045,0.9897284029667573,0.9844796657562256
491_class-3,2,0.9418277740478516,0,0.9982607364654541,0.9964382648468018,0.992137986361813,0.9893900752067566
491_class-3,3,0.9417610764503479,0,0.9982398152351379,0.996159553527832,0.9982082687062096,0.9877528548240662
491_class-3,4,0.94106525182724,0,0.9986369609832764,0.9949909448623657,0.9786318013734813,0.9841556549072266
491_class-3,5,0.9418573379516602,0,0.998271644115448,0.9971843957901001,0.9792932227563256,0.9889020919799805
492_class-4,0,0.9954310655593872,0,0.9859868884086609,1.00253427028656,1.0,0.9912621974945068
492_class-4,1,0.9377318620681763,0,0.9858412146568298,1.0008372068405151,0.9921065094985002,0.9923151731491089
492_class-4,2,0.9365968704223633,1,0.9860776662826538,1.0036674737930298,0.9952663966759585,0.9916877746582031
492_class-4,3,0.9370653629302979,0,0.9860533475875854,1.002893328666687,0.9973088491372487,0.9914480447769165
492_class-4,4,0.8826732635498047,0,0.9857158064842224,1.0012707710266113,0.8360946128998645,0.9915995597839355
492_class-4,5,0.6684207916259766,0,0.98537278175354,0.9905776977539062,0.406622218892801,0.9625823497772217
493_class-2,0,0.9794032573699951,0,0.9978542923927307,0.9881429672241211,1.0,0.9861992001533508
493_class-2,1,0.947109580039978,0,0.9978220462799072,0.9885920286178589,0.9924238042912498,0.9925012588500977
493_class-2,2,0.9469891786575317,0,0.9978923797607422,1.0066723823547363,0.9945560896507789,0.995437741279602
493_class-2,3,0.9474999904632568,0,0.9979685544967651,0.9997093677520752,0.9972778871771111,0.994181215763092
493_class-2,4,0.9472833275794983,0,0.9978837370872498,1.0065518617630005,0.997277256401344,0.9955369234085083
493_class-2,5,0.9469488859176636,1,0.9979090690612793,1.0074419975280762,0.9987259671067871,0.9956119060516357
494_class-2,0,0.890324056148529,1,0.9948272109031677,1.0069862604141235,1.0,0.9931473135948181
494_class-2,1,0.8552364110946655,0,0.9947921633720398,1.0069202184677124,0.9988896856422474,0.9934778809547424
494_class-2,2,0.8324867486953735,0,0.9950851202011108,0.9830560684204102,0.9136853797380479,0.9729657173156738
494_class-2,3,0.7556512355804443,0,0.9913058876991272,1.0043556690216064,0.716159106161464,0.9842591285705566
494_class-2,4,0.7551449537277222,0,0.9953227639198303,0.9933271408081055,0.5871859023169803,0.983767569065094
494_class-2,5,0.8389949202537537,0,0.9945708513259888,0.9893437623977661,0.7227291996697829,0.977573037147522
495_class-2,0,0.997100830078125,0,0.997503399848938,1.0063202381134033,1.0,0.9931738972663879
495_class-2,1,0.949093222618103,0,0.9974985122680664,1.0063281059265137,0.9995079816313143,0.9930656552314758
495_class-2,2,0.949081301689148,0,0.9975039958953857,1.006280779838562,0.9995078874702682,0.9928947687149048
495_class-2,3,0.9491535425186157,0,0.997490644454956,1.006274938583374,0.9993711207721543,0.9928259253501892
495_class-2,4,0.9489991664886475,1,0.9975013732910156,1.0064527988433838,0.9993985620164575,0.993143618106842
495_class-2,5,0.9489091634750366,0,0.997492253780365,1.0063436031341553,0.9992894621775251,0.9931164979934692
496_class-2,0,0.01201167143881321,0,0.9454366564750671,0.9378890991210938,1.0,0.3825579881668091
496_class-2,1,0.48457276821136475,0,0.9861118197441101,0.8652652502059937,0.006065550095432882,0.2702433168888092
496_class-2,2,0.013102995231747627,0,0.9536271095275879,0.9719403982162476,0.005838044968724759,0.6139401793479919
496_class-2,3,0.40803247690200806,0,0.9853681325912476,0.8713960647583008,0.16015553092773824,0.3167170584201813
496_class-2,4,0.43006300926208496,0,0.9905188083648682,0.9462411403656006,0.6878465990848975,0.896798312664032
496_class-2,5,0.9364681243896484,1,0.9979335069656372,0.9418594241142273,0.08633488252001033,0.9912703037261963
497_class-2,0,0.3487168252468109,0,0.973048985004425,0.982951283454895,1.0,0.9553473591804504
497_class-2,1,0.326385498046875,1,0.9772686958312988,0.9988106489181519,0.40876351420733764,0.9806833267211914
497_class-2,2,0.46665287017822266,0,0.9857416152954102,0.9136605262756348,0.21054452362831247,0.5197237730026245
497_class-2,3,0.5119909644126892,0,0.9265921115875244,0.9802443981170654,0.1695954499933866,0.9251113533973694
497_class-2,4,0.5523514747619629,0,0.9547792077064514,0.9821463823318481,0.8172445668578328,0.9526548981666565
497_class-2,5,0.3690519630908966,0,0.9837929010391235,0.9321118593215942,0.15990338164251208,0.5874810814857483
498_class-1,0,0.4640102982521057,0,0.9814297556877136,0.9980168342590332,1.0,0.98221755027771
498_class-1,1,0.3820285201072693,1,0.981781005859375,0.9981784820556641,0.9907916981403546,0.9906750321388245
498_class-1,2,0.4863740801811218,0,0.99046391248703,0.9432873725891113,0.3126591119021335,0.9050793647766113
498_class-1,3,0.4447023570537567,0,0.9935798645019531,0.9246377944946289,0.7239025379338312,0.8439146280288696
498_class-1,4,0.39960482716560364,0,0.9808337092399597,0.9685947895050049,0.4948655408659448,0.9640636444091797
498_class-1,5,0.377395898103714,0,0.981022834777832,0.9926916360855103,0.8355444305381727,0.978333592414856
499_class-4,0,0.5376014113426208,0,0.9949918985366821,0.851315975189209,1.0,0.7313767075538635
499_class-4,1,0.5465219616889954,0,0.994340717792511,0.8347047567367554,0.7638095238095238,0.8316681385040283
499_class-4,2,0.4726710915565491,1,0.9978815317153931,0.8915594816207886,0.006612523853903164,0.937150239944458
499_class-4,3,0.5582796335220337,0,0.9966115355491638,0.8703737258911133,0.37784228350266086,0.7365109920501709
499_class-4,4,0.6184766292572021,0,0.9956641793251038,0.800806999206543,0.46629121776036564,0.6309005618095398
499_class-4,5,0.6274620890617371,0,0.995994508266449,0.8825216293334961,0.5996555118110236,0.8263676762580872
500_class-2,0,1.0,0,0.9063873291015625,1.0088053941726685,1.0,0.9962069988250732
500_class-2,1,0.9224857091903687,1,0.9065792560577393,1.0089731216430664,0.9963830192271084,0.9964929223060608
500_class-2,2,0.9183297157287598,0,0.9071792364120483,0.9532448053359985,0.9895140022604546,0.9351952075958252
500_class-2,3,0.02498667687177658,0,0.8980559706687927,1.0124653577804565,0.059353838470798254,0.5057278871536255
500_class-2,4,0.9212137460708618,0,0.9069259166717529,1.0041327476501465,0.0589215236860053,0.9945147037506104
500_class-2,5,0.02499108947813511,0,0.8976298570632935,1.0116708278656006,0.05889171319314514,0.5060553550720215
501_class-0,0,0.9948345422744751,0,0.9967108964920044,1.0041276216506958,1.0,0.9925775527954102
501_class-0,1,0.9462884664535522,0,0.9967089295387268,1.0024502277374268,0.9989420935412027,0.9924176335334778
501_class-0,2,0.945798397064209,1,0.996790885925293,1.005929708480835,0.9969721381149477,0.9928207397460938
501_class-0,3,0.9461667537689209,0,0.9966655969619751,1.002771258354187,0.997250076386767,0.9920271635055542
501_class-0,4,0.9460347890853882,0,0.9967499375343323,1.004931092262268,0.9983586490847383,0.992779552936554
501_class-0,5,0.9462726712226868,0,0.9966609477996826,1.004219651222229,0.9988868481104247,0.992533802986145
502_class-2,0,0.9949766993522644,0,0.9940979480743408,1.0086153745651245,1.0,0.9941900372505188
502_class-2,1,0.9589954018592834,0,0.9940848350524902,1.0090960264205933,0.9995722756877613,0.9942887425422668
502_class-2,2,0.7603345513343811,0,0.9920624494552612,1.0071488618850708,0.6335336094421435,0.9927646517753601
502_class-2,3,0.9597378969192505,0,0.9940695762634277,1.0083895921707153,0.6369895165075888,0.9925848245620728
502_class-2,4,0.9597138166427612,0,0.9940662384033203,1.00858473777771,0.9994133979899105,0.9927355051040649
502_class-2,5,0.9589858055114746,1,0.9940553307533264,1.0102440118789673,0.994380602383869,0.9943280816078186
503_class-2,0,0.513808012008667,0,0.9891620874404907,1.0000503063201904,1.0,0.9726890921592712
503_class-2,1,0.5125283002853394,0,0.9907649755477905,0.9666047096252441,0.9491499800722895,0.8794646859169006
503_class-2,2,0.5162405967712402,0,0.9914312362670898,0.9672893285751343,0.9840956831139881,0.8712940216064453
503_class-2,3,0.9300045967102051,0,0.9958804845809937,0.9982600212097168,0.26176002315819946,0.9911790490150452
503_class-2,4,0.9300256371498108,1,0.9958549737930298,0.9984147548675537,0.9987937935193816,0.9911394119262695
503_class-2,5,0.5533493757247925,0,0.9943897128105164,0.9590684175491333,0.29846977172004346,0.8108189105987549
504_class-2,0,0.9971804618835449,1,0.989128053188324,1.0049452781677246,1.0,0.9933449625968933
504_class-2,1,0.9607747793197632,0,0.9891566634178162,0.9855226278305054,0.9968186638388123,0.9908580183982849
504_class-2,2,0.8044478893280029,0,0.9844765067100525,0.9864035844802856,0.7238795267120832,0.9783963561058044
504_class-2,3,0.8114593029022217,0,0.9842712879180908,0.9751632213592529,0.9798238390203731,0.9673023223876953
504_class-2,4,0.7805635929107666,0,0.9833182096481323,0.9922816753387451,0.9274665942238145,0.9745602011680603
504_class-2,5,0.7788553833961487,0,0.9826456308364868,0.9973739385604858,0.9941541276941847,0.98826664686203
505_class-1,0,0.9857911467552185,1,0.9799808263778687,0.9449269771575928,1.0,0.938774585723877
505_class-1,1,0.4157262444496155,0,0.9930458068847656,0.933515191078186,0.016966924030121056,0.5562439560890198
505_class-1,2,0.7373718023300171,0,0.9944096803665161,0.9259334802627563,0.06042929981745316,0.7354452013969421
505_class-1,3,0.8906763792037964,0,0.9790935516357422,0.9348596334457397,0.6269133446716721,0.9006482362747192
505_class-1,4,0.8903805017471313,0,0.9770799279212952,0.912488579750061,0.9237617255183127,0.8705964088439941
505_class-1,5,0.4457602798938751,0,0.9880762696266174,0.9437978267669678,0.08462888154404864,0.6440914273262024
506_class-2,0,0.9946488738059998,1,0.9903162717819214,0.9956837892532349,1.0,0.9921690821647644
506_class-2,1,0.6920914649963379,0,0.992652416229248,0.9719932079315186,0.49878431234363435,0.9254827499389648
506_class-2,2,0.5847113132476807,0,0.9930950403213501,0.9741688966751099,0.6494188053861204,0.9170030951499939
506_class-2,3,0.6065828800201416,0,0.992638349533081,0.9820959568023682,0.8981092921374222,0.9342966079711914
506_class-2,4,0.9319285750389099,0,0.9894288182258606,0.9953593015670776,0.3596936821952776,0.9911043643951416
506_class-2,5,0.6026050448417664,0,0.9928793907165527,0.9760265350341797,0.3524392367589621,0.9302172064781189
507_class-4,0,0.6874667406082153,0,0.9796461462974548,0.9698697328567505,1.0,0.8090011477470398
507_class-4,1,0.55764240026474,0,0.9790605902671814,0.9995083808898926,0.9373571778811906,0.9792994260787964
507_class-4,2,0.5582134127616882,0,0.9793570041656494,0.9963761568069458,0.9968360871093678,0.9833501577377319
507_class-4,3,0.7921701669692993,0,0.9736306667327881,0.9879419803619385,0.6381143021305383,0.9783767461776733
507_class-4,4,0.7910330295562744,0,0.9744304418563843,0.9541670083999634,0.9937424303593057,0.9474450349807739
507_class-4,5,0.5578239560127258,1,0.9791985750198364,1.0047880411148071,0.6398124861306309,0.9857536554336548
508_class-0,0,0.9977920055389404,0,0.9946367740631104,1.0062988996505737,1.0,0.9935958981513977
508_class-0,1,0.9523541331291199,1,0.9946860074996948,1.0072593688964844,0.99816390002623,0.9937348961830139
508_class-0,2,0.9529601335525513,0,0.9945573210716248,1.0066908597946167,0.9980882408066875,0.9937319159507751
508_class-0,3,0.952913761138916,0,0.9946147203445435,1.007071852684021,0.9987614472301456,0.9937543869018555
508_class-0,4,0.9568473696708679,0,0.9947195053100586,1.003173589706421,0.9837395320890758,0.9906732439994812
508_class-0,5,0.957082986831665,0,0.9947198033332825,1.0033103227615356,0.9984364870533501,0.9907561540603638
509_class-0,0,0.9943588376045227,0,0.9951669573783875,0.9980665445327759,1.0,0.9876121282577515
509_class-0,1,0.9493253231048584,0,0.9951193332672119,0.9982964992523193,0.9863503742230115,0.9928228855133057
509_class-0,2,0.9524570107460022,0,0.9951721429824829,0.9982641935348511,0.9874667004947355,0.9879783391952515
509_class-0,3,0.9493036866188049,1,0.9951028227806091,0.9988436698913574,0.9870910474258179,0.9929196834564209
509_class-0,4,0.9493027925491333,0,0.9951428174972534,0.9982050657272339,0.9991633708548828,0.9927313327789307
509_class-0,5,0.9494049549102783,0,0.9951332807540894,0.9981995820999146,0.9989352802494487,0.992642879486084
510_class-3,0,0.8121384382247925,0,0.9786633253097534,0.983607292175293,1.0,0.9438638687133789
510_class-3,1,0.8577747344970703,0,0.9347407817840576,0.9723235368728638,0.7228793511321392,0.8791087865829468
510_class-3,2,0.6462275981903076,0,0.963891863822937,0.9400961399078369,0.6765267096064593,0.8281169533729553
510_class-3,3,0.5517644286155701,1,0.9859035611152649,0.9815267324447632,0.5185667752442997,0.9707173705101013
510_class-3,4,0.6803408861160278,0,0.9709404706954956,0.9807298183441162,0.5774524346984844,0.9609572887420654
510_class-3,5,0.3039228022098541,0,0.9961220622062683,0.8003592491149902,0.10668990955484817,0.8233861327171326
511_class-4,0,0.14623142778873444,0,0.8509842753410339,0.9492380619049072,1.0,0.8231610655784607
511_class-4,1,0.12636446952819824,0,0.8590617179870605,1.0034823417663574,0.9747473896462051,0.9708796739578247
511_class-4,2,0.13961230218410492,0,0.8723098039627075,0.9593836069107056,0.9500780209541991,0.8532936573028564
511_class-4,3,0.1268937736749649,0,0.8575369119644165,1.0021765232086182,0.9489509890674507,0.9648846387863159
511_class-4,4,0.1263817399740219,0,0.8591370582580566,0.9996771812438965,0.9973799874422056,0.9729650616645813
511_class-4,5,0.3499334454536438,1,0.9517101049423218,0.9938421249389648,0.29917445082412086,0.9883517622947693
512_class-1,0,0.6102064847946167,1,0.9942842721939087,0.9896577596664429,1.0,0.9730810523033142
512_class-1,1,0.5335832238197327,0,0.9944049119949341,0.9875221252441406,0.9964479098982023,0.9721478819847107
512_class-1,2,0.5342845916748047,0,0.9944230914115906,0.9880197048187256,0.9925521350546177,0.973962664604187
512_class-1,3,0.5337626934051514,0,0.9943451285362244,0.984100341796875,0.9941438326562365,0.9736884236335754
512_class-1,4,0.5338423848152161,0,0.9944058656692505,0.9863004684448242,0.9970937798212891,0.9737574458122253
512_class-1,5,0.5335015058517456,0,0.9944553375244141,0.9848623275756836,0.9948572172554466,0.9708410501480103
513_class-0,0,0.9992400407791138,1,0.9754832983016968,1.002397060394287,1.0,0.9938910007476807
513_class-0,1,0.910305380821228,0,0.9745376110076904,1.0009363889694214,0.9928958683866144,0.9937416315078735
513_class-0,2,0.8847410082817078,0,0.9757483005523682,0.9587914943695068,0.9299480770923172,0.9090369939804077
513_class-0,3,0.016491441056132317,0,0.9687031507492065,1.0060168504714966,0.04214355193965437,0.5248817801475525
513_class-0,4,0.9032314419746399,0,0.9755879640579224,0.9927206039428711,0.04038073799665326,0.9928883910179138
513_class-0,5,0.9086506366729736,0,0.9755657315254211,0.9630618095397949,0.9718646561235749,0.8041152358055115
514_class-4,0,0.4074956774711609,0,0.9011791348457336,0.8970721960067749,1.0,0.6717921495437622
514_class-4,1,0.3630030155181885,0,0.8636507987976074,0.8814369440078735,0.5810060441270414,0.6339786052703857
514_class-4,2,0.383735716342926,0,0.8599740266799927,0.893936276435852,0.7522141780897431,0.8356725573539734
514_class-4,3,0.3561745285987854,0,0.8939319849014282,0.9292520880699158,0.4779469334493258,0.7871801853179932
514_class-4,4,0.338211327791214,1,0.9146382212638855,0.9296250343322754,0.723568281938326,0.6268585920333862
514_class-4,5,0.3796398341655731,0,0.8623335361480713,0.8865600824356079,0.3700633303754847,0.8759881854057312
515_class-4,0,0.9999064207077026,0,0.9832157492637634,0.9979711771011353,1.0,0.9936074018478394
515_class-4,1,0.48466941714286804,1,0.9923068284988403,1.0013148784637451,0.14910463375110253,0.99615079164505
515_class-4,2,0.9586814641952515,0,0.9834176301956177,1.0059212446212769,0.14932536821505818,0.9946879744529724
515_class-4,3,0.9475198984146118,0,0.9842025637626648,0.9927635192871094,0.9746931727072754,0.9749011993408203
515_class-4,4,0.9565253257751465,0,0.9833573698997498,1.0091286897659302,0.9738227402142521,0.9965903759002686
515_class-4,5,0.9564457535743713,0,0.9833824634552002,1.0091614723205566,0.9994062000900937,0.9964137077331543
516_class-4,0,0.006883446592837572,0,0.9555920362472534,1.001469373703003,1.0,0.6240087747573853
516_class-4,1,0.006820409558713436,0,0.9546592235565186,0.9997127056121826,0.9980081717970759,0.6286031007766724
516_class-4,2,0.7934129238128662,1,0.9864563941955566,0.997883677482605,0.021677022803392537,0.9945537447929382
516_class-4,3,0.15485353767871857,0,0.9625543355941772,1.0042028427124023,0.0011423020054339413,0.8694493174552917
516_class-4,4,0.010926986113190651,0,0.9550262093544006,1.0104793310165405,0.6628172849176598,0.5109299421310425
516_class-4,5,0.006637043785303831,0,0.9545925259590149,1.0027127265930176,0.984886010981141,0.6135236620903015
517_class-2,0,0.005645385477691889,0,0.9913479089736938,1.0135644674301147,1.0,0.5386205911636353
517_class-2,1,4.1164890717482194e-05,0,0.9909424781799316,1.0083674192428589,0.9853001057196971,0.7500295042991638
517_class-2,2,0.8888770937919617,1,0.995304524898529,1.0008580684661865,0.00020884768290954658,0.9960700273513794
517_class-2,3,0.8888770937919617,0,0.9952943325042725,1.0011004209518433,0.9990995047276002,0.9954876899719238
517_class-2,4,0.006429058499634266,0,0.9913361072540283,1.015463948249817,0.01637957379566342,0.5241628885269165
517_class-2,5,0.00091541901929304,0,0.9785358309745789,0.9567433595657349,0.9794689816868386,0.49267828464508057
518_class-4,0,0.6452405452728271,0,0.9930442571640015,0.978785514831543,1.0,0.9652285575866699
518_class-4,1,0.4671037793159485,0,0.9958111047744751,0.9707235097885132,0.9583100688628327,0.9396790862083435
518_class-4,2,0.3127850890159607,0,0.9955413341522217,0.9674789905548096,0.4400957685918108,0.9665579199790955
518_class-4,3,0.7202820181846619,0,0.9904510974884033,0.9909965991973877,0.2528255906780017,0.9884411692619324
518_class-4,4,0.721057653427124,1,0.9905633330345154,1.003641128540039,0.9969597579787632,0.9914191365242004
518_class-4,5,0.7212905883789062,0,0.990534245967865,1.000755786895752,0.9984535463335535,0.9902437925338745
519_class-3,0,0.6006900072097778,0,0.9754748344421387,0.9149888753890991,1.0,0.8323604464530945
519_class-3,1,0.6074478626251221,1,0.9697437286376953,0.9618819952011108,0.9266228931158194,0.9262866973876953
519_class-3,2,0.6851446032524109,0,0.9700586795806885,0.9286047220230103,0.6789535468723796,0.7978697419166565
519_class-3,3,0.9375272989273071,0,0.9520120024681091,0.9960237741470337,0.47135217723453016,0.9921232461929321
519_class-3,4,0.6301428079605103,0,0.9813070297241211,0.9027186632156372,0.3705240916122703,0.7358067035675049
519_class-3,5,0.9381581544876099,0,0.9520339965820312,0.99297034740448,0.37027394158931404,0.9917632937431335
520_class-4,0,0.4134911894798279,1,0.9820238351821899,0.940372109413147,1.0,0.8636294603347778
520_class-4,1,0.33354076743125916,0,0.9658591151237488,0.9570589065551758,0.3792014069828035,0.7916709780693054
520_class-4,2,0.3368576467037201,0,0.9552676677703857,0.9756954908370972,0.4307329122346486,0.9548510909080505
520_class-4,3,0.3058677911758423,0,0.9629384279251099,0.9738844633102417,0.5456830291453796,0.829545259475708
520_class-4,4,0.38254687190055847,0,0.9823207855224609,0.9455790519714355,0.40725697805542527,0.83165442943573
520_class-4,5,0.33782556653022766,0,0.9553899765014648,0.98277747631073,0.3241090500959438,0.9493718147277832
521_class-4,0,0.9455240964889526,0,0.9963265657424927,1.0061815977096558,1.0,0.992322564125061
521_class-4,1,0.9576147794723511,0,0.9954973459243774,1.0071892738342285,0.9000322881538351,0.9920169115066528
521_class-4,2,0.9555690288543701,0,0.9952676296234131,1.0086748600006104,0.9938284855640227,0.9968158602714539
521_class-4,3,0.9553864002227783,1,0.9952208399772644,1.0129139423370361,0.9993742848970252,0.9968416690826416
521_class-4,4,0.9553622007369995,0,0.995215892791748,1.0125387907028198,0.9998212434306961,0.9968676567077637
521_class-4,5,0.9576985836029053,0,0.9954724311828613,1.0071210861206055,0.9929923666851391,0.9945878982543945
522_class-0,0,0.9968880414962769,0,0.9787540435791016,0.9822152853012085,1.0,0.9364845156669617
522_class-0,1,0.9489901065826416,0,0.9781934022903442,1.003568172454834,0.9871846295776343,0.9890298843383789
522_class-0,2,0.9489401578903198,1,0.9784138798713684,1.0039637088775635,0.9995788671526405,0.9887908697128296
522_class-0,3,0.7475025653839111,0,0.9852166175842285,0.9369604587554932,0.6699728219991375,0.8048569560050964
522_class-0,4,0.7371786832809448,0,0.984872579574585,0.93834388256073,0.9765263835071288,0.801337480545044
522_class-0,5,0.7764979600906372,0,0.9826858043670654,0.9420353174209595,0.9175143306732606,0.8006255626678467
523_class-4,0,0.7985251545906067,1,0.9686680436134338,0.9932719469070435,1.0,0.9683619737625122
523_class-4,1,0.9584217071533203,0,0.9557559490203857,1.0089689493179321,0.6848799872270219,0.9948041439056396
523_class-4,2,0.8690649271011353,0,0.962949275970459,0.959443211555481,0.839235158325711,0.9372015595436096
523_class-4,3,0.27274593710899353,0,0.9120211601257324,0.9435125589370728,0.24066447298588262,0.5166817307472229
523_class-4,4,0.6883049011230469,0,0.9871582984924316,0.8781927824020386,0.3554195442263898,0.6677887439727783
523_class-4,5,0.9561208486557007,0,0.9582694172859192,0.9910541772842407,0.5594780260106273,0.9829052090644836
524_class-0,0,0.9928125739097595,0,0.9938204288482666,0.987682580947876,1.0,0.9654332399368286
524_class-0,1,0.7939683198928833,0,0.9937995672225952,0.9689474105834961,0.8669755573462261,0.9496058225631714
524_class-0,2,0.8419655561447144,0,0.9938446879386902,0.9873232841491699,0.8670393695483785,0.9616314172744751
524_class-0,3,0.6300435662269592,0,0.9980162382125854,0.981317400932312,0.4220180268649388,0.9740304350852966
524_class-0,4,0.7369586229324341,1,0.9973059892654419,0.9879457950592041,0.5414645003338526,0.974404513835907
524_class-0,5,0.6334913969039917,0,0.9982613921165466,0.9812437295913696,0.5960040938014506,0.9764269590377808
525_class-1,0,0.6273067593574524,0,0.9857296943664551,0.9774667024612427,1.0,0.9540266394615173
525_class-1,1,0.5566043257713318,0,0.9860439300537109,0.9800119400024414,0.9646062635522741,0.9593091607093811
525_class-1,2,0.5566205382347107,0,0.9863102436065674,0.9826130867004395,0.9927445018032671,0.9547763466835022
525_class-1,3,0.43780189752578735,1,0.9919769763946533,1.0042169094085693,0.3088297721805575,0.991936981678009
525_class-1,4,0.556782066822052,0,0.9861879348754883,0.9827136993408203,0.3094589996597482,0.9642478227615356
525_class-1,5,0.556826114654541,0,0.9863084554672241,0.9799065589904785,0.9967984587270332,0.9608221054077148
526_class-4,0,0.9962241649627686,0,0.9930554628372192,0.9267925024032593,1.0,0.9592239260673523
526_class-4,1,0.9217631816864014,0,0.9938177466392517,0.9557799100875854,0.9870966639321849,0.9415825009346008
526_class-4,2,0.922406792640686,0,0.9943658113479614,0.9837443828582764,0.9942705734588186,0.963205099105835
526_class-4,3,0.919129490852356,0,0.9937424659729004,0.9425745010375977,0.9906684473666187,0.9784632921218872
526_class-4,4,0.9221315383911133,1,0.9947524070739746,1.0147724151611328,0.9914993329456436,0.9931246638298035
526_class-4,5,0.9219285249710083,0,0.994800329208374,1.0111209154129028,0.9983836021597826,0.9905086755752563
527_class-0,0,0.9992010593414307,0,0.9811044931411743,1.0053457021713257,1.0,0.991985023021698
527_class-0,1,0.903823971748352,1,0.9811052680015564,1.0054707527160645,0.998900293255132,0.9917869567871094
527_class-0,2,0.9045898914337158,0,0.9810429811477661,1.0013808012008667,0.9970369012707723,0.991877019405365
527_class-0,3,0.9037988185882568,0,0.981100857257843,1.0050441026687622,0.9970676278330991,0.991879403591156
527_class-0,4,0.9040260314941406,0,0.9811291098594666,1.004930853843689,0.9987173222575129,0.9918645620346069
527_class-0,5,0.9038838148117065,0,0.9810358881950378,1.0050106048583984,0.9989003268472981,0.9918563365936279
528_class-3,0,0.9340546131134033,0,0.9971116781234741,0.9936405420303345,1.0,0.9785125255584717
528_class-3,1,0.8918229341506958,1,0.997253954410553,0.993411660194397,0.9445578765509659,0.9864543080329895
528_class-3,2,0.888767659664154,0,0.9972091913223267,0.982263445854187,0.9850420351566765,0.9834970235824585
528_class-3,3,0.8709644675254822,0,0.9971057176589966,0.9953833818435669,0.9497968961566503,0.9803479313850403
528_class-3,4,0.8687921762466431,0,0.9970972537994385,0.9886423349380493,0.9841744419815455,0.970788300037384
528_class-3,5,0.8739672899246216,0,0.9971541166305542,0.994281530380249,0.9652716858455028,0.9401382803916931
529_class-3,0,0.9961496591567993,0,0.9501697421073914,0.9951832294464111,1.0,0.9917507171630859
529_class-3,1,0.9007853865623474,1,0.9502272009849548,1.0001847743988037,0.9974060285817221,0.9921995401382446
529_class-3,2,0.9007490873336792,0,0.9498587846755981,0.9954196214675903,0.9867201976528721,0.9907336831092834
529_class-3,3,0.9021850824356079,0,0.9498634934425354,0.9622981548309326,0.9889340773668779,0.9803968667984009
529_class-3,4,0.9040141105651855,0,0.9501256942749023,0.9951046705245972,0.9866343226788432,0.9849375486373901
529_class-3,5,0.9016902446746826,0,0.9505646228790283,0.9947443008422852,0.9883483483483484,0.9864766001701355
530_class-1,0,0.6105563640594482,0,0.9903050661087036,0.9650765657424927,1.0,0.955312192440033
530_class-1,1,0.5333771705627441,0,0.9902846813201904,0.9789106845855713,0.913354482506177,0.9649338722229004
530_class-1,2,0.5340302586555481,0,0.9899565577507019,0.9803669452667236,0.986002802485683,0.9676328301429749
530_class-1,3,0.5336092710494995,1,0.990105926990509,0.9857321977615356,0.9843219311014071,0.9737406373023987
530_class-1,4,0.531775176525116,0,0.9896695613861084,0.961480975151062,0.8835209270044359,0.957538902759552
530_class-1,5,0.5336534976959229,0,0.9902187585830688,0.9848268032073975,0.8854844076101751,0.970298171043396
531_class-1,0,0.6558660864830017,1,0.9921124577522278,0.984243631362915,1.0,0.9402977824211121
531_class-1,1,0.6204750537872314,0,0.9911799430847168,0.9611685276031494,0.774689143950263,0.9396995902061462
531_class-1,2,0.5908555388450623,0,0.9919500350952148,0.9372004270553589,0.8453832058636074,0.8323449492454529
531_class-1,3,0.52326500415802,0,0.9851354956626892,0.9804918766021729,0.6169265552525465,0.9720374345779419
531_class-1,4,0.6079337000846863,0,0.9907004237174988,0.9636331796646118,0.5769585648992555,0.928276002407074
531_class-1,5,0.5976539254188538,0,0.9913080930709839,0.9680407047271729,0.9569200403338268,0.9259939193725586
532_class-4,0,0.326888769865036,0,0.9787744879722595,1.0007888078689575,1.0,0.98821622133255
532_class-4,1,0.31912922859191895,0,0.978736162185669,0.9997178316116333,0.9995251098183545,0.9881386160850525
532_class-4,2,0.31913238763809204,1,0.9786595702171326,1.0027838945388794,0.9992166636994837,0.9891970753669739
532_class-4,3,0.3191421329975128,0,0.9787095785140991,1.000910758972168,0.9995133704437824,0.9882224798202515
532_class-4,4,0.42193055152893066,0,0.9712790250778198,0.9998153448104858,0.32651007505978735,0.9916229248046875
532_class-4,5,0.31912344694137573,0,0.9786851406097412,1.0007144212722778,0.32645039071749943,0.9883503317832947
533_class-2,0,0.9884661436080933,0,0.9706910848617554,1.0067092180252075,1.0,0.9893923997879028
533_class-2,1,0.9434940218925476,1,0.9716491103172302,1.0064890384674072,0.9988280427398163,0.9894195795059204
533_class-2,2,0.9437664747238159,0,0.971003532409668,1.0069044828414917,0.9985718732262848,0.9894687533378601
533_class-2,3,0.9436500072479248,0,0.9706780910491943,1.0068657398223877,0.9992952074103907,0.9895819425582886
533_class-2,4,0.9437332153320312,0,0.9707493782043457,1.006569743156433,0.999212965928746,0.9893364906311035
533_class-2,5,0.9435293078422546,0,0.9716529846191406,1.0062344074249268,0.9984896610433238,0.9893300533294678
534_class-1,0,0.462419718503952,0,0.9836328029632568,0.9987083673477173,1.0,0.9893010258674622
534_class-1,1,0.05885062366724014,0,0.7363545298576355,0.9997148513793945,0.2682922035550594,0.8160068988800049
534_class-1,2,0.050096552819013596,0,0.729095995426178,1.0119588375091553,0.9835765646938689,0.9142875671386719
534_class-1,3,0.4255027770996094,1,0.98320072889328,1.0092449188232422,0.2626343108663196,0.9913580417633057
534_class-1,4,0.05004512891173363,0,0.7272602319717407,1.0107393264770508,0.26257356978785606,0.9208441972732544
534_class-1,5,0.4759846031665802,0,0.9827595949172974,0.96797776222229,0.2981731557535539,0.9367780089378357
535_class-2,0,0.9941016435623169,1,0.9970922470092773,1.0083142518997192,1.0,0.9944568276405334
535_class-2,1,0.9611251354217529,0,0.9970635771751404,1.0081442594528198,0.9992420797332121,0.9944648742675781
535_class-2,2,0.9610910415649414,0,0.9970718622207642,1.0080912113189697,0.9993179406861011,0.994419276714325
535_class-2,3,0.9610863924026489,0,0.9971399307250977,1.0080429315567017,0.9991917763240977,0.9944395422935486
535_class-2,4,0.9619377851486206,0,0.9969203472137451,1.0012670755386353,0.9953527138635617,0.992535412311554
535_class-2,5,0.9023642539978027,0,0.9921165108680725,0.9580848217010498,0.8794568213656289,0.9445316195487976
536_class-2,0,0.9946245551109314,0,0.9929862022399902,1.0057427883148193,1.0,0.9948500990867615
536_class-2,1,0.9646830558776855,0,0.9930000305175781,1.005705714225769,0.999441298219773,0.9948224425315857
536_class-2,2,0.9648348689079285,1,0.9930305480957031,1.0058765411376953,0.9991875079344928,0.9949464201927185
536_class-2,3,0.9648435115814209,0,0.9930037260055542,1.0058090686798096,0.9993396825396825,0.9949004650115967
536_class-2,4,0.56223464012146,0,0.9631125330924988,1.0030632019042969,0.39872943179054876,0.9841117858886719
536_class-2,5,0.9646927714347839,0,0.9930015802383423,1.0055843591690063,0.39886114938801975,0.994830846786499
537_class-2,0,0.46707987785339355,0,0.9936310052871704,0.961774468421936,1.0,0.9548353552818298
537_class-2,1,0.7305786609649658,0,0.9965406656265259,0.9811931848526001,0.2015398056131921,0.9376288056373596
537_class-2,2,0.9359444975852966,0,0.9979114532470703,0.9924378395080566,0.5838625326858423,0.9891411662101746
537_class-2,3,0.8589560985565186,0,0.9976796507835388,0.9878958463668823,0.8225818677986658,0.9905365705490112
537_class-2,4,0.9287407994270325,0,0.9960827827453613,0.9820268154144287,0.8105156875210351,0.9778071045875549
537_class-2,5,0.9365243911743164,1,0.9979732632637024,1.0031614303588867,0.9763615381751852,0.9932661056518555
538_class-3,0,0.9154564738273621,1,0.995477557182312,0.9982419013977051,1.0,0.9897161722183228
538_class-3,1,0.8732901811599731,0,0.995473325252533,0.9977744817733765,0.9991369047619048,0.9893350601196289
538_class-3,2,0.8733236193656921,0,0.9954475164413452,0.9983834028244019,0.9986609135545306,0.9893008470535278
538_class-3,3,0.875843346118927,0,0.9955246448516846,0.9898370504379272,0.9872703219168014,0.9865773320198059
538_class-3,4,0.845744252204895,0,0.9962958693504333,0.9824875593185425,0.9042212983690439,0.9751592874526978
538_class-3,5,0.8733874559402466,0,0.9954491257667542,0.9978770017623901,0.8962276743999786,0.9894617199897766
539_class-4,0,0.9835084676742554,0,0.9987084269523621,0.9963240623474121,1.0,0.9724646806716919
539_class-4,1,0.9735152125358582,0,0.9988391399383545,1.0056535005569458,0.9738842812006319,0.9909346699714661
539_class-4,2,0.9722657799720764,1,0.9988354444503784,1.006311058998108,0.9919821026160227,0.9955391883850098
539_class-4,3,0.9725472927093506,0,0.9988143444061279,0.9969182014465332,0.9965547645483639,0.9893596172332764
539_class-4,4,0.9734512567520142,0,0.998842716217041,1.005216360092163,0.993272992127273,0.991183340549469
539_class-4,5,0.9735895395278931,0,0.9988325238227844,1.0057213306427002,0.9987165775401069,0.9904758334159851
540_class-2,0,0.9841011762619019,0,0.9981189966201782,1.0053750276565552,1.0,0.9948819279670715
540_class-2,1,0.9576897621154785,0,0.9981150031089783,1.005128264427185,0.9952537080405933,0.9933308362960815
540_class-2,2,0.9578250646591187,0,0.9981157183647156,1.0060683488845825,0.9955336227629072,0.9948564767837524
540_class-2,3,0.9580941796302795,0,0.9981138706207275,1.005183219909668,0.9987825055411607,0.9949310421943665
540_class-2,4,0.9580860137939453,0,0.9981322288513184,1.0058577060699463,0.999531630550178,0.9948549866676331
540_class-2,5,0.9680784940719604,1,0.998267412185669,1.0069763660430908,0.9711147521087444,0.9946506023406982
541_class-0,0,0.9932678937911987,0,0.9946154952049255,0.9990558624267578,1.0,0.9801498055458069
541_class-0,1,0.9151362180709839,0,0.9946346879005432,0.9998096227645874,0.9988467788436337,0.9806309342384338
541_class-0,2,0.9147752523422241,1,0.9945653080940247,1.0006028413772583,0.9972784843251165,0.9814803004264832
541_class-0,3,0.9151215553283691,0,0.9946058988571167,1.0005171298980713,0.9965197822901403,0.9807294011116028
541_class-0,4,0.9151512384414673,0,0.9945381879806519,0.9975267648696899,0.9974848699206162,0.9796265959739685
541_class-0,5,0.9122180342674255,0,0.992021918296814,0.961939811706543,0.9709672490195079,0.9484785199165344
542_class-3,0,0.7911334037780762,0,0.9909208416938782,0.9413919448852539,1.0,0.9647541046142578
542_class-3,1,0.618422269821167,0,0.9913275241851807,0.9623558521270752,0.5440772122776499,0.9376450181007385
542_class-3,2,0.6398394703865051,0,0.9885145425796509,0.9779061079025269,0.3860542724159129,0.9740477204322815
542_class-3,3,0.646120548248291,1,0.9909202456474304,0.9738012552261353,0.9667698103053949,0.9751842021942139
542_class-3,4,0.6116912961006165,0,0.9896279573440552,0.9776043891906738,0.37865453140428457,0.9736987352371216
542_class-3,5,0.5874913334846497,0,0.9922486543655396,0.9601849317550659,0.5520483001742372,0.9135885834693909
543_class-0,0,0.9981582760810852,0,0.9806650876998901,0.9282329678535461,1.0,0.9869028925895691
543_class-0,1,0.9380967617034912,0,0.9807388782501221,1.0029394626617432,0.993047839751119,0.9923655986785889
543_class-0,2,0.34723615646362305,0,0.9780587553977966,0.9889833927154541,0.2118824791839285,0.9525918364524841
543_class-0,3,0.936813235282898,0,0.9808043241500854,0.9932626485824585,0.21256281407035177,0.9902318120002747
543_class-0,4,0.9365986585617065,1,0.9806665778160095,1.0087790489196777,0.9951042324699937,0.9936536550521851
543_class-0,5,0.9372860193252563,0,0.9804993867874146,0.904803991317749,0.9928330123448994,0.9859158992767334
544_class-2,0,0.6850634813308716,0,0.992925763130188,0.9705274105072021,1.0,0.9461734890937805
544_class-2,1,0.4498897194862366,0,0.9782375693321228,0.9226483106613159,0.4615432827401782,0.7368391156196594
544_class-2,2,0.6315035223960876,0,0.9932665824890137,0.9763703346252441,0.5246040546477813,0.9583476781845093
544_class-2,3,0.4351094365119934,0,0.9804441332817078,0.8825831413269043,0.2785173088243672,0.22747966647148132
544_class-2,4,0.9548904299736023,1,0.9867908954620361,0.9991797208786011,0.01016756141207093,0.9879142642021179
544_class-2,5,0.8048816919326782,0,0.991190493106842,0.9667394161224365,0.6673369816047999,0.9437528848648071
545_class-1,0,0.5872063636779785,1,0.9962956309318542,0.9613577127456665,1.0,0.9099819660186768
545_class-1,1,0.6234336495399475,0,0.9936642050743103,0.9189397096633911,0.7459206991941627,0.7553707957267761
545_class-1,2,0.5870800614356995,0,0.996159553527832,0.9623124599456787,0.6280872378932744,0.8977616429328918
545_class-1,3,0.6246486902236938,0,0.9870188236236572,0.9432793855667114,0.5116100310668418,0.8341487646102905
545_class-1,4,0.4355235993862152,0,0.9984230995178223,0.9258043766021729,0.4484329054005594,0.9121441841125488
545_class-1,5,0.5000160336494446,0,0.996170163154602,0.9402662515640259,0.7154919769027653,0.8927233815193176
546_class-2,0,0.8845393657684326,0,0.9958208799362183,0.9674711227416992,1.0,0.9477922916412354
546_class-2,1,0.876281201839447,1,0.9955998659133911,0.9868776798248291,0.846486574716396,0.9763705134391785
546_class-2,2,0.8661123514175415,0,0.9942598938941956,0.9557174444198608,0.9561217268223637,0.9577734470367432
546_class-2,3,0.8344510793685913,0,0.9961874485015869,0.974079966545105,0.832186030893217,0.9669392704963684
546_class-2,4,0.8375036716461182,0,0.997957170009613,0.9697169065475464,0.9732685893662939,0.9686453342437744
546_class-2,5,0.8663753271102905,0,0.9950310587882996,0.9411885738372803,0.8365474869869443,0.9217222332954407
547_class-2,0,0.9942867159843445,0,0.9975767135620117,1.0058159828186035,1.0,0.9932151436805725
547_class-2,1,0.4438264071941376,0,0.9970890283584595,0.9196658134460449,0.009529500566108944,0.7322909832000732
547_class-2,2,0.8449033498764038,0,0.9966282248497009,0.971158504486084,0.1671282890595493,0.8732996582984924
547_class-2,3,0.9293800592422485,1,0.9976749420166016,1.006018042564392,0.7970509780675756,0.9920580983161926
547_class-2,4,0.8376013040542603,0,0.9985028505325317,0.9705020189285278,0.7671446957161243,0.9399951696395874
547_class-2,5,0.7339995503425598,0,0.9992691278457642,0.991065263748169,0.6841949253023476,0.9890612363815308
548_class-3,0,0.8424056768417358,0,0.9879440665245056,0.9700150489807129,1.0,0.9610318541526794
548_class-3,1,0.7528853416442871,1,0.9874785542488098,0.9769959449768066,0.9506666301639883,0.9506770968437195
548_class-3,2,0.758597731590271,0,0.9885120987892151,0.94868004322052,0.97348560362259,0.9117106795310974
548_class-3,3,0.7735127210617065,0,0.9912384748458862,0.9056621789932251,0.8984040153394992,0.9067544937133789
548_class-3,4,0.7248167991638184,0,0.9872796535491943,0.9219534397125244,0.7900618694610111,0.8922135233879089
548_class-3,5,0.7432537078857422,0,0.990646243095398,0.9614049196243286,0.8423613363606877,0.9261388182640076
549_class-4,0,0.8678192496299744,1,0.9954626560211182,0.993639349937439,1.0,0.9869162440299988
549_class-4,1,0.9226408004760742,0,0.988236665725708,0.9918473958969116,0.7629748528624933,0.9910194277763367
549_class-4,2,0.7870178818702698,0,0.9959601759910583,0.9506984949111938,0.7002452984464431,0.9684139490127563
549_class-4,3,0.644214391708374,0,0.9962623119354248,0.9466477632522583,0.5975997639112044,0.8502471446990967
549_class-4,4,0.811988353729248,0,0.9950857162475586,0.9418588876724243,0.5536012577380367,0.9721913933753967
549_class-4,5,0.6594337821006775,0,0.995875358581543,0.9387979507446289,0.5879002569979856,0.8462308049201965
550_class-4,0,0.8146088719367981,0,0.9788835644721985,0.9725015163421631,1.0,0.9617473483085632
550_class-4,1,0.9663056135177612,0,0.9739865660667419,1.0012109279632568,0.6871748699479792,0.9887542128562927
550_class-4,2,0.7848260998725891,0,0.9779376983642578,0.9841471910476685,0.6645093280380476,0.9590198397636414
550_class-4,3,0.9667667150497437,1,0.9739284515380859,1.0052475929260254,0.6649001423033515,0.9884499311447144
550_class-4,4,0.795115053653717,0,0.9790940880775452,0.986475944519043,0.6834093230684904,0.9575468897819519
550_class-4,5,0.58717280626297,0,0.9877507090568542,0.9538100957870483,0.5568678365512139,0.8439390659332275
551_class-2,0,0.43189242482185364,0,0.9772241115570068,1.0041717290878296,1.0,0.9914652109146118
551_class-2,1,0.5252415537834167,0,0.9891530871391296,0.9967507123947144,0.730899615462457,0.9831357598304749
551_class-2,2,0.42361918091773987,0,0.9773751497268677,1.0043535232543945,0.7308392775838519,0.9914810061454773
551_class-2,3,0.42354780435562134,0,0.9776008725166321,1.0042927265167236,0.9982021099765935,0.9920108318328857
551_class-2,4,0.42355209589004517,0,0.9778265953063965,1.0042290687561035,0.9993895200949635,0.9918220639228821
551_class-2,5,0.5251105427742004,1,0.9890767335891724,0.9991945028305054,0.7319267214150348,0.9855801463127136
552_class-2,0,0.9941585063934326,0,0.9971879720687866,0.9748835563659668,1.0,0.9789201021194458
552_class-2,1,0.9110766649246216,1,0.9979413151741028,0.9784303903579712,0.9760292524377031,0.9850544929504395
552_class-2,2,0.22797320783138275,0,0.9390672445297241,0.9973734617233276,0.057771774661091166,0.9215835332870483
552_class-2,3,0.9092823266983032,0,0.9965274930000305,0.8915697336196899,0.05733672813566026,0.9619824290275574
552_class-2,4,0.911207914352417,0,0.9981592297554016,0.9763200283050537,0.9744858929937452,0.983478844165802
552_class-2,5,0.911400556564331,0,0.9979972839355469,0.9777776002883911,0.9976067912941389,0.9827304482460022
553_class-2,0,0.4293655455112457,1,0.9953000545501709,1.0092134475708008,1.0,0.9977325797080994
553_class-2,1,0.40871983766555786,0,0.9953066110610962,1.0089163780212402,0.9997905539847104,0.9977088570594788
553_class-2,2,0.3585854172706604,0,0.9801392555236816,0.9394696950912476,0.32502070965069724,0.5596082806587219
553_class-2,3,0.40871238708496094,0,0.9952830672264099,1.0089157819747925,0.3249754094117241,0.9976564049720764
553_class-2,4,0.44576123356819153,0,0.9967992305755615,0.9858717918395996,0.8691490336172941,0.9821763634681702
553_class-2,5,0.4087194800376892,0,0.9952652454376221,1.0091032981872559,0.869143040351761,0.997683048248291
554_class-4,0,0.4256460964679718,0,0.950438916683197,0.970146656036377,1.0,0.9364221692085266
554_class-4,1,0.38027316331863403,1,0.9765293002128601,0.9923897981643677,0.8494446330697968,0.9806130528450012
554_class-4,2,0.4321472644805908,0,0.9465067386627197,0.9622743129730225,0.7635594698290896,0.9053288698196411
554_class-4,3,0.7102625370025635,0,0.9354485273361206,0.9285413026809692,0.4492967588901684,0.604216456413269
554_class-4,4,0.4341391921043396,0,0.946692705154419,0.940723180770874,0.45718925302627694,0.9001119136810303
554_class-4,5,0.38288578391075134,0,0.9553936719894409,0.989429235458374,0.7415456892538198,0.9711197018623352
555_class-3,0,0.27036428451538086,0,0.9597952365875244,1.010419487953186,1.0,0.9771644473075867
555_class-3,1,0.26769086718559265,0,0.9602898359298706,1.015178918838501,0.997853607622639,0.9904273748397827
555_class-3,2,0.26795822381973267,0,0.9597854614257812,1.00577712059021,0.9974412066730637,0.9292572736740112
555_class-3,3,0.26770639419555664,0,0.9600937366485596,1.016547441482544,0.997785561524342,0.9895985126495361
555_class-3,4,0.2679852843284607,0,0.9598971605300903,1.0100258588790894,0.9980465460914082,0.9691486358642578
555_class-3,5,0.2676551938056946,1,0.9605212211608887,1.0168228149414062,0.9966534655130372,0.992978572845459
556_class-0,0,0.7649075984954834,0,0.9971543550491333,0.9898234605789185,1.0,0.9863396286964417
556_class-0,1,0.9214251637458801,0,0.9955752491950989,0.9925873279571533,0.5838499184339315,0.9944285750389099
556_class-0,2,0.9198833703994751,0,0.9955342411994934,0.9989546537399292,0.9954242928452579,0.9946921467781067
556_class-0,3,0.9230684638023376,0,0.9955365657806396,0.9942750930786133,0.9904286308780691,0.9949822425842285
556_class-0,4,0.5630600452423096,0,0.9731109142303467,0.9267648458480835,0.24790327089740005,0.8970816731452942
556_class-0,5,0.9215830564498901,1,0.9955335855484009,1.0000617504119873,0.24875986865087682,0.9943596720695496
557_class-1,0,0.639601469039917,0,0.9940148591995239,0.9043984413146973,1.0,0.5990114212036133
557_class-1,1,0.5856461524963379,0,0.993423581123352,0.9641134738922119,0.7005035684527045,0.9659064412117004
557_class-1,2,0.5427428483963013,1,0.9951086640357971,0.9719499349594116,0.7677801468846245,0.976110577583313
557_class-1,3,0.37610942125320435,0,0.9621263742446899,0.9663792848587036,0.18811122209575135,0.9324563145637512
557_class-1,4,0.47660672664642334,0,0.9852326512336731,0.9499092102050781,0.5432182533293466,0.8387655019760132
557_class-1,5,0.585981011390686,0,0.9934179782867432,0.9613933563232422,0.44011118947848815,0.9638038873672485
558_class-1,0,0.5238860249519348,0,0.991187572479248,0.9681487083435059,1.0,0.9581043124198914
558_class-1,1,0.4768402874469757,1,0.9919595718383789,0.9792208671569824,0.9363981073373088,0.9587500691413879
558_class-1,2,0.4816344976425171,0,0.9913672208786011,0.9736230373382568,0.9499772697752955,0.9686781764030457
558_class-1,3,0.4763203263282776,0,0.9920319318771362,0.9787460565567017,0.9454961683335498,0.957838237285614
558_class-1,4,0.4769827723503113,0,0.9920943379402161,0.9755265712738037,0.990690537084399,0.9612122178077698
558_class-1,5,0.47377246618270874,0,0.9927510619163513,0.9696096181869507,0.9556229786950289,0.9495349526405334
559_class-2,0,0.9979851841926575,1,0.9984714388847351,1.0041790008544922,1.0,0.991844117641449
559_class-2,1,0.9077892303466797,0,0.9984719753265381,1.0027185678482056,0.9936128998481755,0.9916070699691772
559_class-2,2,0.9047592878341675,0,0.9984425902366638,1.002503752708435,0.9904543320640551,0.9916777014732361
559_class-2,3,0.9072850942611694,0,0.9984606504440308,1.0029624700546265,0.9922800062594543,0.9917154312133789
559_class-2,4,0.9044560194015503,0,0.9984490871429443,0.9971644878387451,0.9915042218284166,0.9926441311836243
559_class-2,5,0.9081701040267944,0,0.9984768629074097,1.0027601718902588,0.988689669550714,0.9914136528968811
560_class-2,0,0.5849545001983643,0,0.9543273448944092,0.9880261421203613,1.0,0.9051481485366821
560_class-2,1,0.6274623274803162,0,0.9916900396347046,0.9468492269515991,0.2667612030582192,0.7826865911483765
560_class-2,2,0.5463372468948364,0,0.9538805484771729,0.9842630624771118,0.25656740887601037,0.9353237748146057
560_class-2,3,0.6785202026367188,0,0.9865826368331909,0.9496985673904419,0.2945695061281284,0.8780163526535034
560_class-2,4,0.5440627336502075,0,0.951998233795166,0.9458963871002197,0.3000956167278949,0.8234614133834839
560_class-2,5,0.38498741388320923,1,0.9981371760368347,0.9686931371688843,0.11051666465159392,0.9808619022369385
561_class-0,0,0.9423129558563232,1,0.9900863766670227,0.9977854490280151,1.0,0.9863673448562622
561_class-0,1,0.29786205291748047,0,0.9015985131263733,0.9729856252670288,0.16212350818255403,0.8659964799880981
561_class-0,2,0.9085868000984192,0,0.9890589118003845,0.9891482591629028,0.18201845135220662,0.9820650815963745
561_class-0,3,0.9070373177528381,0,0.989683210849762,0.9935598373413086,0.9894158893960442,0.9805327653884888
561_class-0,4,0.8711196780204773,0,0.989569902420044,0.9988391399383545,0.879413812539372,0.9881731867790222
561_class-0,5,0.8719373941421509,0,0.9901746511459351,0.9962755441665649,0.993897416697866,0.9864020943641663
562_class-4,0,0.6628215312957764,0,0.9948359727859497,0.9453634023666382,1.0,0.8100178837776184
562_class-4,1,0.4203413426876068,0,0.9936755895614624,0.9913691878318787,0.28924980665119876,0.9956046938896179
562_class-4,2,0.39334362745285034,0,0.9822418689727783,0.942643404006958,0.16797984099943214,0.913406491279602
562_class-4,3,0.42036017775535583,1,0.9935978651046753,0.9950242042541504,0.16790832978572443,0.997519850730896
562_class-4,4,0.4092296361923218,0,0.9933424592018127,0.9364541172981262,0.5572426575420587,0.9742457270622253
562_class-4,5,0.40892162919044495,0,0.9933398962020874,0.970012903213501,0.9796997251004441,0.9809399247169495
563_class-2,0,0.7642257213592529,1,0.9982918500900269,1.0027122497558594,1.0,0.9904204607009888
563_class-2,1,0.8560183048248291,0,0.9966534376144409,0.9507548809051514,0.45145455144466773,0.9381404519081116
563_class-2,2,0.9613823890686035,0,0.9975225925445557,1.0031081438064575,0.790000654407434,0.9936640858650208
563_class-2,3,0.8858186602592468,0,0.9976013898849487,0.9381887912750244,0.8421254891000559,0.9313958287239075
563_class-2,4,0.40635910630226135,0,0.899577796459198,0.9295103549957275,0.2404453857997125,0.7070839405059814
563_class-2,5,0.9612981081008911,0,0.9975582361221313,0.999866247177124,0.20617276600811354,0.992419421672821
564_class-1,0,0.3896847665309906,0,0.9693119525909424,0.9745398759841919,1.0,0.9727606177330017
564_class-1,1,0.35538986325263977,0,0.9732722043991089,0.9836612939834595,0.8332096393957915,0.9609964489936829
564_class-1,2,0.3545020818710327,0,0.9715144038200378,0.9800994396209717,0.9847839003849234,0.957596480846405
564_class-1,3,0.3476751446723938,1,0.9656121730804443,1.0135853290557861,0.9105708295050298,0.9951198101043701
564_class-1,4,0.3581797182559967,0,0.9685130715370178,0.9882296323776245,0.8639950997714797,0.9612095355987549
564_class-1,5,0.3516187071800232,0,0.9685536623001099,0.9799898862838745,0.9104436826153922,0.9662156701087952
565_class-0,0,0.9914480447769165,1,0.944434404373169,0.9906904697418213,1.0,0.9822271466255188
565_class-0,1,0.8860646486282349,0,0.9440601468086243,0.9912393093109131,0.9930478678652084,0.9811503291130066
565_class-0,2,0.8867071866989136,0,0.9448431134223938,0.990684449672699,0.9722395230892428,0.9684800505638123
565_class-0,3,0.8861126899719238,0,0.9441608190536499,0.9906255006790161,0.9707280238084662,0.98089200258255
565_class-0,4,0.8857709169387817,0,0.9439182281494141,0.991935133934021,0.9932462258320827,0.9815145134925842
565_class-0,5,0.8881502151489258,0,0.9442073702812195,0.9917576313018799,0.9903220130212915,0.9806839823722839
566_class-4,0,0.48515236377716064,0,0.9844950437545776,0.951034426689148,1.0,0.8022698760032654
566_class-4,1,0.28078579902648926,0,0.9607926607131958,0.9803004264831543,0.476303366244373,0.7355405688285828
566_class-4,2,0.1627395749092102,0,0.9643987417221069,0.9914638996124268,0.7295723871892877,0.607720136642456
566_class-4,3,0.3469194173812866,0,0.9649573564529419,0.975501298904419,0.5915282852463147,0.7752320766448975
566_class-4,4,0.029865698888897896,0,0.9702022671699524,0.9834252595901489,0.44227980510790266,0.5041303038597107
566_class-4,5,0.8950797319412231,1,0.9817860126495361,0.9812037944793701,0.0679022928530964,0.9895676374435425
567_class-2,0,0.9715558290481567,0,0.9990690350532532,0.9976366758346558,1.0,0.9919210076332092
567_class-2,1,0.9292532205581665,1,0.999066948890686,0.9982975721359253,0.9990801018964053,0.9919885396957397
567_class-2,2,0.5844231843948364,0,0.9538514614105225,0.9387284517288208,0.32512452865322844,0.8940194845199585
567_class-2,3,0.9298896789550781,0,0.9990413188934326,0.9959038496017456,0.32520362935975683,0.9928195476531982
567_class-2,4,0.7261348366737366,0,0.9705767035484314,0.9689600467681885,0.5611739603043601,0.9608643054962158
567_class-2,5,0.7199300527572632,0,0.983512282371521,0.945828914642334,0.9620253164556962,0.9496321678161621
568_class-2,0,0.9660005569458008,1,0.9833818674087524,0.9874588251113892,1.0,0.9777811765670776
568_class-2,1,0.8639808893203735,0,0.9834563136100769,0.9873418807983398,0.9955681968514354,0.9751558303833008
568_class-2,2,0.8639551401138306,0,0.9835889935493469,0.9854089021682739,0.9952736647276573,0.9748928546905518
568_class-2,3,0.8647332191467285,0,0.9836222529411316,0.9861805438995361,0.9930722792201365,0.9779390692710876
568_class-2,4,0.8641546964645386,0,0.9835689067840576,0.9817585945129395,0.9905275621628733,0.9754799008369446
568_class-2,5,0.796445369720459,0,0.9842320680618286,0.9541842937469482,0.8344354089873097,0.5631051063537598
569_class-4,0,0.49984264373779297,0,0.9874693155288696,0.8712265491485596,1.0,0.8988872766494751
569_class-4,1,0.5323753356933594,1,0.9989544153213501,0.8624715805053711,0.3806586314890386,0.8883007168769836
569_class-4,2,0.581002950668335,0,0.9874579906463623,0.8666249513626099,0.6758428577280734,0.8346123695373535
569_class-4,3,0.452913761138916,0,0.9867691397666931,0.7922507524490356,0.3081839927845967,0.8180603981018066
569_class-4,4,0.5903874635696411,0,0.9876097440719604,0.8119782209396362,0.36222555678407836,0.8684262633323669
569_class-4,5,0.5417044162750244,0,0.9940167665481567,0.8753445148468018,0.65328954904731,0.8127191066741943
570_class-1,0,0.9320405721664429,1,0.9890189170837402,0.9961532354354858,1.0,0.9919905066490173
570_class-1,1,0.7768352031707764,0,0.9942874908447266,0.9209109544754028,0.7933260883462252,0.6386791467666626
570_class-1,2,0.31546807289123535,0,0.9675341248512268,0.9997450113296509,0.10201531147311753,0.9764531850814819
570_class-1,3,0.8556772470474243,0,0.9889902472496033,0.9940395355224609,0.07913119026933102,0.9910416007041931
570_class-1,4,0.4751606583595276,0,0.9925811290740967,0.939621090888977,0.1792633553865903,0.56653892993927
570_class-1,5,0.8120861053466797,0,0.9905118942260742,0.9590010643005371,0.18360576145007282,0.9396437406539917
571_class-1,0,0.4067455530166626,0,0.9163925051689148,0.9736701250076294,1.0,0.7873739004135132
571_class-1,1,0.3852599859237671,0,0.9173335433006287,0.9592955112457275,0.819590813606595,0.949410617351532
571_class-1,2,0.3844218850135803,1,0.9416602849960327,0.9589120149612427,0.7782632820086004,0.8793283104896545
571_class-1,3,0.407601922750473,0,0.9192526936531067,0.9856473207473755,0.8446234996054326,0.9659516215324402
571_class-1,4,0.3805886507034302,0,0.9246193170547485,0.9728143215179443,0.8717184436616351,0.9705840945243835
571_class-1,5,0.40801647305488586,0,0.9192681312561035,0.9856871366500854,0.8701638507315049,0.9627845287322998
572_class-3,0,0.46275293827056885,0,0.9945752620697021,0.8944886922836304,1.0,0.9666654467582703
572_class-3,1,0.6057130098342896,1,0.9941022992134094,0.991195559501648,0.595344387755102,0.9793820977210999
572_class-3,2,0.5590758323669434,0,0.9928448796272278,0.927297830581665,0.7054416728410307,0.8277239203453064
572_class-3,3,0.6041474342346191,0,0.9950506091117859,0.9481743574142456,0.706598072840111,0.973195493221283
572_class-3,4,0.6060226559638977,0,0.9940627813339233,0.9926110506057739,0.9799666882576108,0.9737511277198792
572_class-3,5,0.5951625108718872,0,0.9954991936683655,0.9190375804901123,0.9284273309358828,0.919255793094635
573_class-0,0,0.9513299465179443,1,0.9918215274810791,1.002062201499939,1.0,0.9878025650978088
573_class-0,1,0.9097097516059875,0,0.9896345138549805,0.9702755212783813,0.8489182139021022,0.9451937675476074
573_class-0,2,0.4879421591758728,0,0.9843487739562988,0.9244109392166138,0.30741843064170676,0.6563170552253723
573_class-0,3,0.8691744804382324,0,0.9858880639076233,0.9815943241119385,0.35289626872793206,0.96080082654953
573_class-0,4,0.8731238842010498,0,0.9876901507377625,0.9809311628341675,0.9890148981885966,0.9615830183029175
573_class-0,5,0.9034618139266968,0,0.9915975332260132,0.9998170137405396,0.7976072500610395,0.9868037104606628
574_class-2,0,0.9972399473190308,0,0.9967212677001953,1.0092077255249023,1.0,0.9935422539710999
574_class-2,1,0.9409658312797546,0,0.9967085123062134,1.0086106061935425,0.9992785763907444,0.9934760332107544
574_class-2,2,0.9408872127532959,0,0.9967148303985596,1.0091508626937866,0.9992785763907444,0.9936067461967468
574_class-2,3,0.9408917427062988,0,0.9967041015625,1.0087796449661255,0.9993320865615816,0.9936042428016663
574_class-2,4,0.940876305103302,0,0.9967187643051147,1.0085861682891846,0.999278634214112,0.993620753288269
574_class-2,5,0.940911591053009,1,0.9967190623283386,1.0091938972473145,0.9991717873363613,0.9936426281929016
575_class-3,0,0.9674752354621887,0,0.9830012321472168,0.972362756729126,1.0,0.957573652267456
575_class-3,1,0.5334261655807495,0,0.9911141991615295,0.9348106384277344,0.29222880832030257,0.9019870758056641
575_class-3,2,0.770919680595398,0,0.9824009537696838,0.9690576791763306,0.29629002202270033,0.9239871501922607
575_class-3,3,0.8843065500259399,0,0.9763489961624146,0.9547488689422607,0.7023868344038615,0.9106491208076477
575_class-3,4,0.7971281409263611,1,0.985958456993103,0.9877369403839111,0.7762555335063349,0.9716812968254089
575_class-3,5,0.9285688400268555,0,0.9836857318878174,0.9777109622955322,0.710763148311918,0.9676547646522522
576_class-1,0,0.5085776448249817,0,0.9564114212989807,1.0110223293304443,1.0,0.9945830702781677
576_class-1,1,0.46728068590164185,0,0.9567096829414368,1.0113165378570557,0.9986621765004382,0.9946730136871338
576_class-1,2,0.46850907802581787,0,0.9645006656646729,0.9852820634841919,0.7967633656496709,0.9710370898246765
576_class-1,3,0.46724700927734375,0,0.9566689729690552,1.0113602876663208,0.796968787515006,0.9946198463439941
576_class-1,4,0.46724820137023926,1,0.956701397895813,1.011461853981018,0.9990765536984024,0.994588315486908
576_class-1,5,0.4661187529563904,0,0.9646099209785461,0.9848510026931763,0.8054625583990618,0.9651942253112793
577_class-4,0,0.9858320951461792,0,0.8976395726203918,1.0133696794509888,1.0,0.9930384755134583
577_class-4,1,0.9596275091171265,1,0.8983795046806335,1.0119372606277466,0.9993463765091013,0.9927894473075867
577_class-4,2,0.9605710506439209,0,0.8971573114395142,1.0134150981903076,0.999296977552713,0.9930918216705322
577_class-4,3,0.9604869484901428,0,0.8972876667976379,1.013607144355774,0.9998736798167808,0.9930745363235474
577_class-4,4,0.9604353904724121,0,0.8972795605659485,1.0136191844940186,0.9998297367510477,0.9930917620658875
577_class-4,5,0.9605412483215332,0,0.8974634408950806,1.0137231349945068,0.9997858072594863,0.9931201934814453
578_class-0,0,0.8480187654495239,0,0.9226323366165161,0.9516947269439697,1.0,0.9535475373268127
578_class-0,1,0.8567028641700745,1,0.9173746705055237,0.9989516735076904,0.9026958337115367,0.9841009974479675
578_class-0,2,0.858247697353363,0,0.9163913130760193,0.9909448623657227,0.9949280923621076,0.9854497909545898
578_class-0,3,0.4228358268737793,0,0.9325631856918335,0.9276286363601685,0.03235110320626833,0.8682976961135864
578_class-0,4,0.8484406471252441,0,0.9191983342170715,0.987838864326477,0.038489901753217405,0.9800341725349426
578_class-0,5,0.8586806058883667,0,0.9152817726135254,0.9968338012695312,0.9752847976954302,0.9799695014953613
579_class-0,0,0.9996401071548462,0,0.9423699378967285,1.0076937675476074,1.0,0.9947289228439331
579_class-0,1,0.9535679817199707,0,0.9423298835754395,1.008123755455017,0.9990389980779961,0.9947800040245056
579_class-0,2,0.083245187997818,0,0.9289289712905884,0.9714521169662476,0.12147678116923608,0.5507017374038696
579_class-0,3,0.9556869268417358,0,0.941662073135376,1.0044716596603394,0.1211332925278968,0.9923680424690247
579_class-0,4,0.9536969661712646,1,0.9423506259918213,1.0084831714630127,0.9929900744416873,0.9948590397834778
579_class-0,5,0.9534322619438171,0,0.9425634145736694,1.0071377754211426,0.9989151659796052,0.9945984482765198
580_class-2,0,0.15537014603614807,0,0.7656238675117493,0.9560362100601196,1.0,0.6721996665000916
580_class-2,1,0.21733109652996063,1,0.9783302545547485,0.986788272857666,0.10211770655540806,0.9784524440765381
580_class-2,2,0.20833022892475128,0,0.9887134432792664,0.9297068119049072,0.7217035901723097,0.906557559967041
580_class-2,3,0.052143387496471405,0,0.8083106279373169,0.9157514572143555,0.18344799747270876,0.5905802845954895
580_class-2,4,0.43367844820022583,0,0.9608677625656128,0.998052716255188,0.10686637495792663,0.9683826565742493
580_class-2,5,0.20690734684467316,0,0.9858409762382507,0.964226245880127,0.21606695513550445,0.9563339948654175
581_class-3,0,0.998853325843811,0,0.9963556528091431,0.9861059188842773,1.0,0.9791863560676575
581_class-3,1,0.7553339600563049,0,0.9905152320861816,0.9751077890396118,0.7085712035906926,0.9640184044837952
581_class-3,2,0.8376975059509277,0,0.9962167143821716,0.9915502071380615,0.6742273461264036,0.9851153492927551
581_class-3,3,0.871271550655365,0,0.9958714842796326,0.9981642961502075,0.904639175257732,0.9914538860321045
581_class-3,4,0.8716239929199219,0,0.9958983659744263,0.9576547145843506,0.9963419960690107,0.9839481115341187
581_class-3,5,0.8699776530265808,1,0.995945930480957,1.0021095275878906,0.9922227660847338,0.9936733841896057
582_class-2,0,0.6970952749252319,0,0.971612811088562,0.9838809967041016,1.0,0.9470426440238953
582_class-2,1,0.6651380658149719,0,0.9698193073272705,0.9728589057922363,0.7754281172475253,0.9305222630500793
582_class-2,2,0.9539079666137695,0,0.9976298213005066,0.9817763566970825,0.4427617394962402,0.9889464378356934
582_class-2,3,0.6879249215126038,0,0.971912682056427,0.9768167734146118,0.48932231232562384,0.9490635991096497
582_class-2,4,0.7750405073165894,0,0.9842515587806702,0.9908971786499023,0.7701752571989867,0.9754094481468201
582_class-2,5,0.9434930086135864,1,0.9976462721824646,0.9975113868713379,0.624049257515393,0.9907903671264648
583_class-2,0,0.160812646150589,0,0.7776529788970947,0.9556566476821899,1.0,0.6613726615905762
583_class-2,1,0.07355892658233643,0,0.7494416236877441,0.9436460733413696,0.8371647587153623,0.5720646381378174
583_class-2,2,0.9338347911834717,0,0.9903103113174438,0.9823670387268066,0.06810890944735179,0.9879035949707031
583_class-2,3,0.2435663789510727,0,0.8369702100753784,0.9561241865158081,0.100117012977803,0.7427079677581787
583_class-2,4,0.9346863031387329,1,0.9902234673500061,0.999127984046936,0.09994563033354609,0.9912052154541016
583_class-2,5,0.9329261779785156,0,0.9901760816574097,0.9896144866943359,0.9942149716533611,0.9882054328918457
584_class-0,0,0.9929244518280029,0,0.9964271187782288,0.9579312801361084,1.0,0.9238386750221252
584_class-0,1,0.9313011169433594,1,0.9962887167930603,0.9941825866699219,0.9823952602623783,0.987980842590332
584_class-0,2,0.8896493315696716,0,0.9962825179100037,0.96333909034729,0.8665021696588106,0.9606997966766357
584_class-0,3,0.9318997263908386,0,0.9963467121124268,0.9819440841674805,0.870816256830601,0.9800058007240295
584_class-0,4,0.7363612651824951,0,0.995413064956665,0.9620527029037476,0.5189165950128977,0.972866952419281
584_class-0,5,0.7614015340805054,0,0.9956688284873962,0.9805715084075928,0.8927669686618149,0.9698312282562256
585_class-0,0,0.44342267513275146,0,0.9914276003837585,0.9746804237365723,1.0,0.952572226524353
585_class-0,1,0.33024370670318604,1,0.9877184629440308,0.9953161478042603,0.5039430365209402,0.9875433444976807
585_class-0,2,0.330094575881958,0,0.987498939037323,0.9944331645965576,0.99666919000757,0.9863922595977783
585_class-0,3,0.362244188785553,0,0.9908576607704163,0.9869258403778076,0.7220583898554999,0.9626696705818176
585_class-0,4,0.40960055589675903,0,0.9922897815704346,0.9838045835494995,0.6685278935874529,0.9665249586105347
585_class-0,5,0.408993124961853,0,0.9929788112640381,0.9779865741729736,0.9543673428897376,0.9566208124160767
586_class-3,0,0.8873521089553833,0,0.9986768364906311,0.9203754663467407,1.0,0.9498520493507385
586_class-3,1,0.856203019618988,1,0.9982224702835083,0.9466058015823364,0.9363594095083111,0.958888590335846
586_class-3,2,0.8322160840034485,0,0.9991497993469238,0.9434100389480591,0.9023078646650236,0.9471960663795471
586_class-3,3,0.41361814737319946,0,0.9324686527252197,0.9872144460678101,0.15528096498970284,0.9219904541969299
586_class-3,4,0.42475625872612,0,0.9502835273742676,0.9802054166793823,0.9246166950596252,0.9033844470977783
586_class-3,5,0.42478424310684204,0,0.9532528519630432,0.9790728092193604,0.99492094793685,0.9133961796760559
587_class-2,0,0.27388903498649597,0,0.9174771308898926,0.9912090301513672,1.0,0.937827467918396
587_class-2,1,0.29172849655151367,0,0.9309784173965454,0.9842019081115723,0.9497676184340703,0.9144870042800903
587_class-2,2,0.9497045278549194,1,0.9487712383270264,0.9975923299789429,0.15770299138833582,0.9890514612197876
587_class-2,3,0.9499187469482422,0,0.9486914873123169,0.9974908828735352,0.9991602732928738,0.9891162514686584
587_class-2,4,0.27738046646118164,0,0.9153499603271484,0.9816184043884277,0.15271243259000145,0.9010109901428223
587_class-2,5,0.2715409994125366,0,0.9168662428855896,0.9921672344207764,0.9671008788667574,0.93585205078125
588_class-2,0,0.998283863067627,0,0.9991554021835327,1.0061696767807007,1.0,0.9902465343475342
588_class-2,1,0.9324489831924438,0,0.9991521835327148,1.0064737796783447,0.9946989428527654,0.9897550344467163
588_class-2,2,0.9319844841957092,0,0.9991925954818726,1.0060096979141235,0.99460751271524,0.990283727645874
588_class-2,3,0.9321495294570923,1,0.9991991519927979,1.0066704750061035,0.9991726166763706,0.9901955127716064
588_class-2,4,0.9323306083679199,0,0.9991642236709595,1.0062377452850342,0.9941744596044765,0.9897605180740356
588_class-2,5,0.9322282075881958,0,0.9991574287414551,1.0055866241455078,0.9941741023518229,0.989858865737915
589_class-0,0,0.9977258443832397,0,0.9900655746459961,1.0101269483566284,1.0,0.9950345158576965
589_class-0,1,0.9582563638687134,0,0.9901003837585449,1.010295033454895,0.9993880048959608,0.9948543310165405
589_class-0,2,0.9584577083587646,0,0.9902660846710205,1.0069555044174194,0.9987937925323156,0.9950543642044067
589_class-0,3,0.9582738280296326,0,0.9901736974716187,1.010079264640808,0.999045595332421,0.9950664639472961
589_class-0,4,0.9584564566612244,0,0.9902316331863403,1.0063450336456299,0.9988836472325254,0.9948340058326721
589_class-0,5,0.9581952095031738,1,0.9901256561279297,1.0104221105575562,0.998649986499865,0.9950065016746521
590_class-1,0,0.36412185430526733,0,0.988011360168457,0.9868224859237671,1.0,0.963640034198761
590_class-1,1,0.3357234001159668,0,0.9878277778625488,0.9896813631057739,0.9863213737777038,0.969229519367218
590_class-1,2,0.35240375995635986,1,0.9871578216552734,1.0072041749954224,0.8273700363037538,0.98130202293396
590_class-1,3,0.34170204401016235,0,0.9896953105926514,0.9518313407897949,0.7846568207762558,0.9023444652557373
590_class-1,4,0.428516685962677,0,0.9764769077301025,0.9598091840744019,0.6456998476752339,0.8908553123474121
590_class-1,5,0.33473071455955505,0,0.9881920218467712,0.9706873893737793,0.5971675376428759,0.9492825269699097
591_class-4,0,0.3288969397544861,0,0.9820223450660706,1.0066179037094116,1.0,0.9875435829162598
591_class-4,1,0.30544108152389526,0,0.9820066690444946,1.009145736694336,0.997969664397468,0.9880421161651611
591_class-4,2,0.30539458990097046,0,0.9820391535758972,0.9750248193740845,0.9965060399003088,0.9810317754745483
591_class-4,3,0.30532893538475037,0,0.9820154905319214,0.9834368228912354,0.9984724625574318,0.9805501699447632
591_class-4,4,0.3054121434688568,0,0.9821150898933411,1.0087624788284302,0.996681944046596,0.9871552586555481
591_class-4,5,0.3055227994918823,1,0.982282817363739,1.0096051692962646,0.9981009710129349,0.9877644181251526
592_class-0,0,0.9991055130958557,1,0.9908677935600281,1.0032095909118652,1.0,0.9821522831916809
592_class-0,1,0.9202651977539062,0,0.9909346103668213,0.9898804426193237,0.994514323710312,0.9812343716621399
592_class-0,2,0.9183937907218933,0,0.9908084869384766,0.9953272342681885,0.9930561296189138,0.9844728112220764
592_class-0,3,0.9207172393798828,0,0.9908950924873352,1.001791000366211,0.9923647289065299,0.9837460517883301
592_class-0,4,0.9201603531837463,0,0.9908686280250549,0.9964817762374878,0.9959578061408123,0.9826204776763916
592_class-0,5,0.9202923774719238,0,0.9909115433692932,0.9960242509841919,0.9935874402277565,0.9789820909500122
593_class-4,0,0.12625357508659363,0,0.9717794060707092,0.9816199541091919,1.0,0.9702939391136169
593_class-4,1,0.1235596314072609,0,0.9702263474464417,0.9948481321334839,0.9938441713695748,0.9837610125541687
593_class-4,2,0.12442859262228012,0,0.9710810780525208,0.9728667736053467,0.9912976648863495,0.9630196690559387
593_class-4,3,0.1243005245923996,0,0.971282422542572,0.9876463413238525,0.9962368151901502,0.976658284664154
593_class-4,4,0.12437702715396881,0,0.9716164469718933,0.9735065698623657,0.9978533402026447,0.9673294425010681
593_class-4,5,0.12347880750894547,1,0.9703067541122437,0.9974502325057983,0.9929303668293743,0.9849321842193604
594_class-2,0,0.9997074604034424,0,0.9792570471763611,1.010892629623413,1.0,0.9972633123397827
594_class-2,1,0.9777696132659912,0,0.9792009592056274,1.015185832977295,0.9996326449563145,0.9973543882369995
594_class-2,2,0.977765679359436,0,0.9791945219039917,1.0151305198669434,0.9999801433649054,0.9973320364952087
594_class-2,3,0.6425601243972778,1,0.9895093441009521,1.0073904991149902,0.5278191457675583,0.9906137585639954
594_class-2,4,0.9777712821960449,0,0.9792122840881348,1.0159426927566528,0.5278610719463034,0.9972163438796997
594_class-2,5,0.642525315284729,0,0.9894762635231018,1.0068063735961914,0.5278213555215759,0.9904823303222656
595_class-4,0,0.5310671329498291,1,0.9926573634147644,0.9670146703720093,1.0,0.9518672823905945
595_class-4,1,0.4513884484767914,0,0.9954869747161865,0.9106087684631348,0.04163293627847808,0.8087477684020996
595_class-4,2,0.5291481018066406,0,0.9951561689376831,0.8679108023643494,0.33376077296991025,0.8801364302635193
595_class-4,3,0.5020933747291565,0,0.9922844171524048,0.968051552772522,0.06273255697017237,0.9493910074234009
595_class-4,4,0.6661772131919861,0,0.9975374937057495,0.9723087549209595,0.14645266436985538,0.8616403341293335
595_class-4,5,0.4560181200504303,0,0.9932798743247986,0.9346172213554382,0.49583961579270674,0.9625841379165649
596_class-1,0,0.6505934000015259,0,0.9776886701583862,0.9705213308334351,1.0,0.9704544544219971
596_class-1,1,0.5510095357894897,0,0.9783433675765991,0.984046220779419,0.9785108296667234,0.9595128297805786
596_class-1,2,0.5520038604736328,0,0.9783564805984497,0.9935417175292969,0.9787740478994896,0.9681260585784912
596_class-1,3,0.5520131587982178,1,0.9783100485801697,0.9949194192886353,0.9978915251714686,0.9692472815513611
596_class-1,4,0.5519234538078308,0,0.978188693523407,0.9947419166564941,0.997546285969217,0.9683141112327576
596_class-1,5,0.5521368384361267,0,0.978022575378418,0.9913767576217651,0.9951083935519733,0.9701371192932129
597_class-2,0,0.4422324001789093,0,0.9750771522521973,0.9856046438217163,1.0,0.9710648059844971
597_class-2,1,0.3917391002178192,1,0.9747107625007629,0.9985165596008301,0.8701941842310694,0.9847307205200195
597_class-2,2,0.5588098168373108,0,0.9705305099487305,0.9733858108520508,0.6712645364833633,0.9334152340888977
597_class-2,3,0.4488241374492645,0,0.9690885543823242,0.9873855113983154,0.7530209254347185,0.9772963523864746
597_class-2,4,0.3940068781375885,0,0.9682803153991699,1.011126160621643,0.8690658685548823,0.9971377849578857
597_class-2,5,0.39407581090927124,0,0.9695876836776733,1.0107942819595337,0.9989656425596153,0.9969130158424377
598_class-0,0,0.9972410202026367,0,0.9932228922843933,1.0021412372589111,1.0,0.980997622013092
598_class-0,1,0.9425040483474731,1,0.9932680726051331,1.0041403770446777,0.9970080035903957,0.9831275939941406
598_class-0,2,0.9426416158676147,0,0.9932671785354614,1.0031251907348633,0.9984738306849807,0.9823741912841797
598_class-0,3,0.4618081748485565,0,0.993024468421936,0.9670445919036865,0.17443566253517753,0.9557040333747864
598_class-0,4,0.9426683187484741,0,0.9932328462600708,1.0039594173431396,0.1745772612218611,0.9829939603805542
598_class-0,5,0.9426394701004028,0,0.9932836890220642,1.0038737058639526,0.998787788087399,0.9835711717605591
599_class-3,0,0.026167333126068115,0,0.8969009518623352,0.9721993207931519,1.0,0.5718172788619995
599_class-3,1,0.6034020185470581,0,0.9705605506896973,0.9157484769821167,0.07366753423107389,0.7265669703483582
599_class-3,2,0.025522559881210327,0,0.8962606191635132,0.9694806337356567,0.0736104042974272,0.5280746817588806
599_class-3,3,0.47950324416160583,1,0.9699172973632812,0.9517126083374023,0.13217407041541931,0.9493629336357117
599_class-3,4,0.11293806880712509,0,0.9273651838302612,0.9979240894317627,0.011915101400434659,0.8826935887336731
599_class-3,5,0.024893734604120255,0,0.9054406881332397,0.9757095575332642,0.8201315843981727,0.519867479801178
600_class-0,0,0.3152773976325989,0,0.9566709399223328,0.9930760860443115,1.0,0.9666494131088257
600_class-0,1,0.3002002239227295,0,0.9568629860877991,0.9932065010070801,0.9706283466601587,0.9644039869308472
600_class-0,2,0.2989504337310791,0,0.9574602842330933,0.9888253211975098,0.9955214850666981,0.9663108587265015
600_class-0,3,0.2988724410533905,1,0.9579133987426758,0.9908490180969238,0.9979532876702207,0.9620516896247864
600_class-0,4,0.26364243030548096,0,0.9579501152038574,0.9749801158905029,0.9315652397197461,0.9299836754798889
600_class-0,5,0.9416937828063965,0,0.9323858618736267,0.9636807441711426,0.05093241853474005,0.9841211438179016
601_class-0,0,0.9963668584823608,0,0.9930821061134338,0.9860082864761353,1.0,0.9834964275360107
601_class-0,1,0.9493999481201172,0,0.9930910468101501,0.9857625961303711,0.9909138793784567,0.9880701899528503
601_class-0,2,0.9509983062744141,1,0.993317186832428,1.000850796699524,0.9758952269068442,0.9916871786117554
601_class-0,3,0.6176338195800781,0,0.9950650930404663,0.9298093318939209,0.3284658691062632,0.93798828125
601_class-0,4,0.9492007493972778,0,0.9932790398597717,0.9899030923843384,0.30465197621546,0.9784771203994751
601_class-0,5,0.9517244100570679,0,0.9932196140289307,0.9854937791824341,0.9893022017045454,0.9842951893806458
602_class-1,0,0.4881473779678345,0,0.984995424747467,0.9675147533416748,1.0,0.938744068145752
602_class-1,1,0.4132806658744812,1,0.9823220372200012,1.001632809638977,0.3135565972280981,0.9894194006919861
602_class-1,2,0.4375932216644287,0,0.9827744364738464,0.9689303636550903,0.3156772740557361,0.9303744435310364
602_class-1,3,0.48402833938598633,0,0.9840386509895325,0.9859764575958252,0.589357870363364,0.9609429240226746
602_class-1,4,0.4493330419063568,0,0.9833436012268066,0.9602786302566528,0.87282248138026,0.9607508778572083
602_class-1,5,0.4426271617412567,0,0.9850447177886963,0.9612492322921753,0.9785219128187052,0.9583945870399475
603_class-3,0,0.3659535348415375,0,0.9879388809204102,1.0113571882247925,1.0,0.9949966669082642
603_class-3,1,0.350337415933609,0,0.987875759601593,1.0121561288833618,0.9993353224424685,0.9948616027832031
603_class-3,2,0.350329726934433,0,0.9880068302154541,1.0114895105361938,0.9992908430103714,0.9948297739028931
603_class-3,3,0.35039258003234863,0,0.9879590272903442,1.0117391347885132,0.9987301774798453,0.9949607253074646
603_class-3,4,0.35039466619491577,0,0.9878866672515869,1.011386513710022,0.9993504288645791,0.9949488043785095
603_class-3,5,0.3503321409225464,1,0.987912118434906,1.0126745700836182,0.9989515497866183,0.9949516654014587
604_class-1,0,0.7227414846420288,1,0.9945199489593506,0.9805690050125122,1.0,0.9367327690124512
604_class-1,1,0.5294023156166077,0,0.9941666722297668,0.9602680206298828,0.6371844724181112,0.9025027751922607
604_class-1,2,0.4119441509246826,0,0.9949536323547363,0.9078000783920288,0.1016450273081074,0.9330042004585266
604_class-1,3,0.3873583972454071,0,0.992121160030365,0.9132744073867798,0.0989618143741924,0.8685494065284729
604_class-1,4,0.4120921194553375,0,0.9965659379959106,0.8541231155395508,0.16976700488538143,0.8098223209381104
604_class-1,5,0.3797934353351593,0,0.986414909362793,0.9759386777877808,0.1697645600991326,0.9421195983886719
605_class-0,0,0.9693719744682312,0,0.9655172228813171,0.9942141771316528,1.0,0.9656829833984375
605_class-0,1,0.9207679033279419,0,0.9627923369407654,0.993883490562439,0.9827858796149905,0.966172456741333
605_class-0,2,0.9122254848480225,0,0.966015100479126,0.9949184656143188,0.9825076205051667,0.965216875076294
605_class-0,3,0.9126046299934387,0,0.9673254489898682,0.9938321113586426,0.9972542277194694,0.9670351147651672
605_class-0,4,0.9123297929763794,1,0.9672073125839233,0.9952206611633301,0.9979343084423916,0.9656795859336853
605_class-0,5,0.9124875068664551,0,0.9657569527626038,0.9937856197357178,0.9981516186173081,0.9655820727348328
606_class-0,0,0.24076126515865326,0,0.9148173332214355,0.9824936389923096,1.0,0.9623382091522217
606_class-0,1,0.265695184469223,0,0.9561712145805359,0.9809784889221191,0.9223526110171557,0.9627965688705444
606_class-0,2,0.23195208609104156,0,0.9170041084289551,1.0015323162078857,0.9244481361962379,0.9816268682479858
606_class-0,3,0.2324100136756897,0,0.9206216931343079,0.9966695308685303,0.9892823526620105,0.978213906288147
606_class-0,4,0.35696864128112793,0,0.9346187114715576,0.8852503299713135,0.563942421624762,0.5343886613845825
606_class-0,5,0.26042449474334717,1,0.9546159505844116,0.9872673749923706,0.5758720350070591,0.9664638042449951
607_class-0,0,0.6896873712539673,0,0.974985659122467,0.9210811853408813,1.0,0.9214848279953003
607_class-0,1,0.5144504308700562,0,0.9702166318893433,0.9526146650314331,0.1878815668806498,0.880739152431488
607_class-0,2,0.6432691812515259,1,0.9776845574378967,0.9745420217514038,0.18267780561056537,0.9527726769447327
607_class-0,3,0.780977189540863,0,0.9241851568222046,0.9704208374023438,0.438720686997688,0.9391741156578064
607_class-0,4,0.7802549600601196,0,0.9248179793357849,0.9861717224121094,0.9917779269809472,0.941596269607544
607_class-0,5,0.7848149538040161,0,0.9274412989616394,0.9888230562210083,0.9862997222768921,0.9539189338684082
608_class-2,0,0.6969144940376282,0,0.9978500604629517,0.9721221923828125,1.0,0.9265010952949524
608_class-2,1,0.8844112753868103,0,0.9980118274688721,0.9734472036361694,0.49028614661298603,0.9894981384277344
608_class-2,2,0.8862985372543335,1,0.9980267882347107,1.0024315118789673,0.9878824104765528,0.9918000102043152
608_class-2,3,0.8853934407234192,0,0.9981210231781006,1.001230001449585,0.992958899623383,0.9919354319572449
608_class-2,4,0.6334814429283142,0,0.9968239068984985,0.9620633125305176,0.42921887496667555,0.8953861594200134
608_class-2,5,0.6345123052597046,0,0.9968541264533997,0.9457094669342041,0.979792530102754,0.8790544271469116
609_class-2,0,0.9783242344856262,0,0.9592384099960327,0.9899946451187134,1.0,0.9726821780204773
609_class-2,1,0.9184269905090332,0,0.956953763961792,0.9889265298843384,0.9948322797951368,0.9733046293258667
609_class-2,2,0.9191351532936096,1,0.9598833918571472,0.9883488416671753,0.9832338371649942,0.9758602380752563
609_class-2,3,0.9184086322784424,0,0.9562433958053589,0.9895625114440918,0.9815794630609446,0.9721491932868958
609_class-2,4,0.919299840927124,0,0.9568366408348083,0.9890134334564209,0.9945021380574222,0.9724820852279663
609_class-2,5,0.9180150032043457,0,0.954531729221344,0.9887239933013916,0.9908485474796188,0.970954179763794
610_class-0,0,0.8790401220321655,0,0.9903072118759155,0.9700378179550171,1.0,0.9231484532356262
610_class-0,1,0.5709205269813538,1,0.9945870637893677,0.9855353832244873,0.45355584082156614,0.9867820143699646
610_class-0,2,0.836602509021759,0,0.9890674352645874,0.9654206037521362,0.45693445760695256,0.9049257636070251
610_class-0,3,0.8391842842102051,0,0.9908148646354675,0.9624149799346924,0.9608181411011396,0.9423840641975403
610_class-0,4,0.8194359540939331,0,0.9948049187660217,0.9661567211151123,0.9230284643822217,0.8981124758720398
610_class-0,5,0.8274365663528442,0,0.9946922063827515,0.9658277034759521,0.9685170277554164,0.9567879438400269
611_class-2,0,0.9944212436676025,1,0.9954628944396973,1.0034420490264893,1.0,0.9936234354972839
611_class-2,1,0.972470223903656,0,0.9954345226287842,1.0031006336212158,0.9988070892978869,0.9932345747947693
611_class-2,2,0.9709087610244751,0,0.9954282641410828,0.9998472929000854,0.9925516307414513,0.9950206875801086
611_class-2,3,0.9723906517028809,0,0.9954982995986938,1.0013127326965332,0.9888242930518711,0.9925665855407715
611_class-2,4,0.9719142913818359,0,0.995425283908844,1.0027581453323364,0.9933095197595962,0.9932501316070557
611_class-2,5,0.9720388650894165,0,0.9954191446304321,1.0026088953018188,0.9972217497306798,0.9930819272994995
612_class-4,0,0.9993910789489746,0,0.9875994920730591,1.011157512664795,1.0,0.9942383766174316
612_class-4,1,0.8296644687652588,0,0.9875403046607971,0.9990992546081543,0.9955033780042086,0.990976870059967
612_class-4,2,0.828658401966095,0,0.9876903295516968,1.0106358528137207,0.9963563289462062,0.9960012435913086
612_class-4,3,0.828521728515625,0,0.9876363277435303,1.0122570991516113,0.9994699880747316,0.996131956577301
612_class-4,4,0.8287276029586792,0,0.9876363277435303,1.0108888149261475,0.9994920494699646,0.9961682558059692
612_class-4,5,0.48602622747421265,1,0.9923223257064819,1.0016337633132935,0.4846082492018293,0.9760844707489014
613_class-2,0,0.9915686845779419,0,0.9848427772521973,1.0058422088623047,1.0,0.9887416958808899
613_class-2,1,0.9611659646034241,0,0.9847925305366516,1.0041728019714355,0.9983700659060307,0.9882801175117493
613_class-2,2,0.6383191347122192,0,0.9772318601608276,0.9931681156158447,0.5428296064095949,0.96718829870224
613_class-2,3,0.9611692428588867,0,0.984840989112854,1.005600929260254,0.5427765072259257,0.9885597825050354
613_class-2,4,0.9609097242355347,1,0.9848693609237671,1.006007432937622,0.9986185399029436,0.9885225892066956
613_class-2,5,0.9612851142883301,0,0.9847866892814636,1.0054455995559692,0.9975768509674909,0.9886490702629089
614_class-0,0,0.9958236217498779,0,0.9895780682563782,0.9983065128326416,1.0,0.9882735013961792
614_class-0,1,0.9524389505386353,0,0.9895915389060974,0.999407172203064,0.9978085999091371,0.9888587594032288
614_class-0,2,0.95255047082901,0,0.9896078109741211,1.0005595684051514,0.9985031940769251,0.9888755083084106
614_class-0,3,0.9523137807846069,0,0.9895623922348022,0.999627947807312,0.9984757728099262,0.9882267713546753
614_class-0,4,0.9523314237594604,0,0.9895551204681396,1.0009797811508179,0.9978873616088142,0.9888433218002319
614_class-0,5,0.9522864818572998,1,0.9895630478858948,1.0027683973312378,0.997302062186131,0.9898883700370789
615_class-3,0,0.9849539399147034,0,0.9733087420463562,0.9984135627746582,1.0,0.9903255105018616
615_class-3,1,0.8890993595123291,0,0.9728794097900391,0.998775839805603,0.9979830466897435,0.9905849099159241
615_class-3,2,0.889418363571167,0,0.973198652267456,0.9991379976272583,0.9984187568157034,0.9903136491775513
615_class-3,3,0.8892892599105835,0,0.9730575680732727,0.9986907243728638,0.9990727104129166,0.990513801574707
615_class-3,4,0.8894859552383423,0,0.9729520082473755,0.9996017217636108,0.998528289545405,0.9904789924621582
615_class-3,5,0.8894766569137573,1,0.9732642769813538,1.0000659227371216,0.9985301322880941,0.9906064867973328
616_class-0,0,0.9930388331413269,1,0.9922834634780884,1.0052013397216797,1.0,0.9905276298522949
616_class-0,1,0.9578745365142822,0,0.9921439290046692,1.005670428276062,0.9991788184940029,0.9904993772506714
616_class-0,2,0.9579951763153076,0,0.9921392798423767,1.0042396783828735,0.9988305839615834,0.9905847311019897
616_class-0,3,0.9577224254608154,0,0.9921585321426392,1.0047811269760132,0.9985574651180142,0.9903250932693481
616_class-0,4,0.9578456878662109,0,0.9922173023223877,1.004599690437317,0.9991290715903153,0.9904425144195557
616_class-0,5,0.9581097364425659,0,0.9922278523445129,1.0032974481582642,0.9985569267515924,0.9905759692192078
617_class-2,0,0.9950245022773743,0,0.9985733032226562,1.0004205703735352,1.0,0.9909132122993469
617_class-2,1,0.47386524081230164,0,0.9770115613937378,1.0016571283340454,0.27594627594627597,0.9925866723060608
617_class-2,2,0.47376787662506104,0,0.9769418835639954,1.0024343729019165,0.999423901262535,0.9926722049713135
617_class-2,3,0.9527761936187744,1,0.9985837936401367,1.000582218170166,0.27593411636058307,0.9906479120254517
617_class-2,4,0.4741355776786804,0,0.9773656129837036,0.9994250535964966,0.2762280169799879,0.990894615650177
617_class-2,5,0.4737895131111145,0,0.976932168006897,1.0029499530792236,0.9979689483448881,0.9925996661186218
618_class-4,0,0.4550318121910095,1,0.9981875419616699,0.978785514831543,1.0,0.9647735953330994
618_class-4,1,0.3830949664115906,0,0.9817609786987305,0.911931037902832,0.36016749671696524,0.6385241746902466
618_class-4,2,0.4353170096874237,0,0.9979371428489685,0.9555521607398987,0.11318955966092087,0.9879581332206726
618_class-4,3,0.35150477290153503,0,0.9882563352584839,0.9592219591140747,0.07435928707075283,0.9062060713768005
618_class-4,4,0.35790014266967773,0,0.9839540719985962,0.9522737264633179,0.8599587101848211,0.8383909463882446
618_class-4,5,0.3441755473613739,0,0.9858769774436951,0.9590479135513306,0.8515805585056537,0.9282621741294861
619_class-2,0,0.4178950786590576,0,0.981387197971344,0.999671220779419,1.0,0.988050639629364
619_class-2,1,0.4148027002811432,1,0.9816091656684875,0.9998781681060791,0.9988031417528986,0.9876738786697388
619_class-2,2,0.4148249924182892,0,0.9810895323753357,1.0004351139068604,0.9990019462049005,0.9879387617111206
619_class-2,3,0.4149410128593445,0,0.9804664850234985,1.000256896018982,0.9980776912322749,0.9862066507339478
619_class-2,4,0.4148121476173401,0,0.9804675579071045,1.000093698501587,0.9979531214897281,0.9872325658798218
619_class-2,5,0.4147655665874481,0,0.9811683297157288,1.0005249977111816,0.9987278305769662,0.9880579710006714
620_class-1,0,0.7821317315101624,0,0.9653569459915161,0.99004065990448,1.0,0.9775345325469971
620_class-1,1,0.5786546468734741,0,0.9715471267700195,0.9674696922302246,0.427287988636154,0.9683010578155518
620_class-1,2,0.6864038705825806,0,0.966385006904602,0.9906471967697144,0.4348340342445179,0.980014443397522
620_class-1,3,0.6805258989334106,0,0.9652400612831116,0.9893660545349121,0.9787523434915266,0.9764037132263184
620_class-1,4,0.6863753795623779,1,0.967414379119873,0.9907690286636353,0.9767501700086383,0.9802798628807068
620_class-1,5,0.6853176951408386,0,0.967595100402832,0.987873911857605,0.9930916988055566,0.9785537123680115
621_class-0,0,0.017404546961188316,0,0.9828122854232788,1.006554365158081,1.0,0.5205836296081543
621_class-0,1,0.9387131929397583,1,0.9878793954849243,0.9905825853347778,0.0368519326021087,0.9875332117080688
621_class-0,2,0.9390793442726135,0,0.9878673553466797,0.9890838861465454,0.9954614220877458,0.9867240190505981
621_class-0,3,0.0013086453545838594,0,0.9819937944412231,0.9948341846466064,0.002561877762901018,0.7180483341217041
621_class-0,4,0.4741338789463043,0,0.9829025864601135,0.9030169248580933,0.0,0.0
621_class-0,5,0.9388896226882935,0,0.9878920316696167,0.990099310874939,0.0,0.9874831438064575
622_class-3,0,0.5845890641212463,1,0.9981842637062073,0.9994765520095825,1.0,0.9909306764602661
622_class-3,1,0.5650140047073364,0,0.9981569051742554,0.9899290204048157,0.9837841877148409,0.9859448671340942
622_class-3,2,0.5671395063400269,0,0.9984725713729858,0.9604721665382385,0.9784028499332047,0.9825894236564636
622_class-3,3,0.9352858662605286,0,0.9887891411781311,0.9707111120223999,0.27539316786873047,0.9753608107566833
622_class-3,4,0.7237143516540527,0,0.9985266923904419,0.9595195055007935,0.5644321375433956,0.9591273069381714
622_class-3,5,0.5703818798065186,0,0.9985531568527222,0.9896613359451294,0.5094174969093157,0.9927313923835754
623_class-4,0,0.3143686354160309,0,0.9833292961120605,0.9828704595565796,1.0,0.955946683883667
623_class-4,1,0.31039711833000183,0,0.9837343692779541,0.9864616394042969,0.997530323491125,0.9532925486564636
623_class-4,2,0.3135758936405182,0,0.9801291227340698,0.9905914068222046,0.9682147422241159,0.939410388469696
623_class-4,3,0.31374841928482056,1,0.9830193519592285,0.9913090467453003,0.9940814304881566,0.9501971006393433
623_class-4,4,0.31604400277137756,0,0.9819880723953247,0.9906182289123535,0.9811958721419862,0.9487711787223816
623_class-4,5,0.3187318742275238,0,0.9819290637969971,0.9900462627410889,0.9800987389046633,0.9524851441383362
624_class-3,0,0.9103423953056335,0,0.999687135219574,0.9908576011657715,1.0,0.9914240837097168
624_class-3,1,0.6661600470542908,0,0.9959256649017334,0.9890599250793457,0.305298273155416,0.9875587224960327
624_class-3,2,0.6663001179695129,0,0.9958546757698059,0.9916876554489136,0.9980791846334771,0.9879906177520752
624_class-3,3,0.7902572154998779,1,0.9997364282608032,0.993558406829834,0.2460917603729969,0.9937834143638611
624_class-3,4,0.6661138534545898,0,0.9959245920181274,0.9881424903869629,0.24630290668026517,0.9873760342597961
624_class-3,5,0.8142870664596558,0,0.999377965927124,0.9496369361877441,0.29772381270654635,0.969176709651947
625_class-0,0,0.8797058463096619,0,0.9930397272109985,0.992020845413208,1.0,0.983406662940979
625_class-0,1,0.7931864261627197,0,0.993246853351593,0.9792746305465698,0.8759402030838661,0.978365421295166
625_class-0,2,0.8165900707244873,0,0.9929324388504028,0.9905048608779907,0.8720007468957147,0.9866874814033508
625_class-0,3,0.7727396488189697,1,0.9966386556625366,0.9917894601821899,0.8115389018201244,0.9697749018669128
625_class-0,4,0.8171820640563965,0,0.9928246140480042,0.9966528415679932,0.8140228741919443,0.9840613603591919
625_class-0,5,0.8182217478752136,0,0.9928990006446838,0.9921277761459351,0.9893969825774207,0.9836464524269104
626_class-0,0,0.9986025094985962,0,0.9925745129585266,0.9983400106430054,1.0,0.9913226962089539
626_class-0,1,0.9499655961990356,0,0.9925594329833984,0.9977396726608276,0.9990482159853286,0.9916707873344421
626_class-0,2,0.9505860805511475,0,0.9926495552062988,0.9953545331954956,0.9976075999349638,0.988805890083313
626_class-0,3,0.9496872425079346,0,0.9926527738571167,1.0007352828979492,0.9962658007653948,0.9920037388801575
626_class-0,4,0.9500657320022583,0,0.9926121234893799,0.9985790252685547,0.9980287569573284,0.9912331104278564
626_class-0,5,0.9518842697143555,1,0.9928607940673828,1.0047551393508911,0.9913104089219331,0.9863770604133606
627_class-4,0,0.5352613925933838,0,0.9821450710296631,0.9442625045776367,1.0,0.8452182412147522
627_class-4,1,0.4293091297149658,1,0.9850503206253052,0.9733705520629883,0.5452516104343389,0.9834346771240234
627_class-4,2,0.4769311547279358,0,0.9846609234809875,0.9258636236190796,0.7001260316298735,0.8187541961669922
627_class-4,3,0.5601133108139038,0,0.9800875782966614,0.9536106586456299,0.6524747925283162,0.8423008918762207
627_class-4,4,0.39386799931526184,0,0.9882914423942566,0.9632327556610107,0.3248758514015902,0.9683739542961121
627_class-4,5,0.4015786349773407,0,0.9859976172447205,0.9523227214813232,0.3636608489549666,0.9449517130851746
628_class-4,0,0.9845598936080933,0,0.8823357820510864,1.0096052885055542,1.0,0.9951308369636536
628_class-4,1,0.9591853618621826,1,0.8824234008789062,1.0096937417984009,0.999499506457757,0.9951766729354858
628_class-4,2,0.9591797590255737,0,0.88238924741745,1.0090034008026123,0.9996940620219719,0.994975745677948
628_class-4,3,0.9592118859291077,0,0.8824329376220703,1.0095183849334717,0.9998053013656718,0.9950644969940186
628_class-4,4,0.9591729640960693,0,0.882402777671814,1.0097599029541016,0.9997914030232655,0.9950926303863525
628_class-4,5,0.9591877460479736,0,0.8823224306106567,1.0097196102142334,0.9996801824350632,0.9951967000961304
629_class-4,0,0.4973772168159485,0,0.9790856838226318,1.0122017860412598,1.0,0.995404839515686
629_class-4,1,0.4829169511795044,0,0.9790430068969727,1.011579155921936,0.9997673259099219,0.995417594909668
629_class-4,2,0.48290324211120605,0,0.9790082573890686,1.01326584815979,0.9995458019918244,0.9954760670661926
629_class-4,3,0.34469887614250183,1,0.9918724298477173,1.00876784324646,0.6989829832491359,0.9797624349594116
629_class-4,4,0.45531830191612244,0,0.9834904670715332,1.0022341012954712,0.7499613569076014,0.9761161208152771
629_class-4,5,0.48287683725357056,0,0.9790408611297607,1.0127109289169312,0.9314604127662874,0.9954279661178589
630_class-2,0,0.7305123805999756,0,0.9964997172355652,0.9385033845901489,1.0,0.9372339248657227
630_class-2,1,0.7385684847831726,0,0.9957569241523743,0.893958330154419,0.8961858664085188,0.8947156071662903
630_class-2,2,0.7495275139808655,0,0.9968932867050171,0.9210275411605835,0.8122792395920149,0.9293482899665833
630_class-2,3,0.6504725217819214,0,0.9975827932357788,0.9519516229629517,0.3411675881049222,0.9539527297019958
630_class-2,4,0.7511985898017883,0,0.9987037777900696,0.935578465461731,0.2714701824313966,0.9583304524421692
630_class-2,5,0.9291011095046997,1,0.9992702007293701,0.990568995475769,0.5638451488688716,0.9858267307281494
631_class-2,0,0.8824746608734131,0,0.9925267696380615,0.9986978769302368,1.0,0.9865326881408691
631_class-2,1,0.44176340103149414,0,0.998759925365448,0.9720562696456909,0.026463190704707824,0.9764444231987
631_class-2,2,0.4401547312736511,1,0.9974765777587891,1.0066933631896973,0.8382034632034632,0.9955102801322937
631_class-2,3,0.9189378023147583,0,0.9849666357040405,1.0021480321884155,0.14579330330424922,0.9820521473884583
631_class-2,4,0.9176985621452332,0,0.9845792055130005,1.002434492111206,0.9908724328717452,0.9831362366676331
631_class-2,5,0.9238581657409668,0,0.9842956066131592,1.0010710954666138,0.965499460929077,0.9789161086082458
632_class-3,0,0.9682629108428955,0,0.9692336320877075,0.9892779588699341,1.0,0.9424713850021362
632_class-3,1,0.6722517013549805,0,0.9528644680976868,0.9428602457046509,0.5438812977788479,0.9413187503814697
632_class-3,2,0.6781764030456543,0,0.9467791318893433,0.9573866128921509,0.9740969962119191,0.9472095370292664
632_class-3,3,0.9323246479034424,1,0.969301164150238,0.9904874563217163,0.5518190521780756,0.9550378918647766
632_class-3,4,0.929213285446167,0,0.9694488644599915,0.9862527847290039,0.9867493021999459,0.9346495866775513
632_class-3,5,0.941532552242279,0,0.9685866832733154,0.9857833385467529,0.9681342953909586,0.956623375415802
633_class-3,0,0.6974477767944336,0,0.9868487119674683,0.9875260591506958,1.0,0.9767979979515076
633_class-3,1,0.6412864327430725,1,0.9874318242073059,0.9893468618392944,0.8399540997287711,0.9808380007743835
633_class-3,2,0.5654551386833191,0,0.9868906736373901,0.9880074262619019,0.8397738769465044,0.977207601070404
633_class-3,3,0.6410495042800903,0,0.9872709512710571,0.9887135028839111,0.8384987086561693,0.980114221572876
633_class-3,4,0.5654844045639038,0,0.9868348836898804,0.9868683815002441,0.8388434056204821,0.9767516851425171
633_class-3,5,0.6413865685462952,0,0.9873324632644653,0.98862624168396,0.8402733580259795,0.9790109395980835
634_class-4,0,0.9010242819786072,0,0.9934905767440796,0.9661960601806641,1.0,0.9218595027923584
634_class-4,1,0.4445812702178955,0,0.9749307632446289,0.9519351720809937,0.640513239425395,0.8665998578071594
634_class-4,2,0.5324596166610718,0,0.991378128528595,0.970732569694519,0.588043977093601,0.9185944199562073
634_class-4,3,0.42021864652633667,1,0.9963453412055969,1.0005720853805542,0.7240040130748568,0.9835982322692871
634_class-4,4,0.5814696550369263,0,0.9942504167556763,0.9678871631622314,0.6455149788483122,0.9602267742156982
634_class-4,5,0.5807896852493286,0,0.9934706091880798,0.9146842956542969,0.9710749748165204,0.8370158672332764
635_class-2,0,0.7561131119728088,1,0.9972101449966431,1.0030299425125122,1.0,0.9879871010780334
635_class-2,1,0.236333966255188,0,0.8666883707046509,0.9723293781280518,0.27133490857228004,0.7208074331283569
635_class-2,2,0.7240430116653442,0,0.9972056150436401,1.0015887022018433,0.27170210954296786,0.9883067607879639
635_class-2,3,0.7235657572746277,0,0.997144341468811,1.0005568265914917,0.9954404915658879,0.9868186712265015
635_class-2,4,0.7238632440567017,0,0.997198224067688,1.0027929544448853,0.9969042674085975,0.9885624051094055
635_class-2,5,0.5234925746917725,0,0.9967138767242432,1.000490427017212,0.4709914178090171,0.9909371733665466
636_class-3,0,0.7756291627883911,1,0.9944631457328796,0.9721274375915527,1.0,0.922489583492279
636_class-3,1,0.8545746803283691,0,0.987883448600769,0.9727644920349121,0.5427680744758082,0.9739866852760315
636_class-3,2,0.8477997779846191,0,0.9880561828613281,0.9440093040466309,0.9661566991191469,0.9645653963088989
636_class-3,3,0.8178656101226807,0,0.9934325814247131,0.8873106241226196,0.6392494875702949,0.876021683216095
636_class-3,4,0.7918732166290283,0,0.9894528388977051,0.9022022485733032,0.9062160292519024,0.8102226257324219
636_class-3,5,0.5365864634513855,0,0.9917768239974976,0.9615782499313354,0.2829084901207094,0.9069427251815796
637_class-3,0,0.8517463207244873,0,0.9643442034721375,0.9516880512237549,1.0,0.7523979544639587
637_class-3,1,0.793062686920166,0,0.9689302444458008,0.9690084457397461,0.8340915050563783,0.9065806865692139
637_class-3,2,0.8024012446403503,0,0.9687666893005371,0.9672613143920898,0.9782409169259698,0.9143322706222534
637_class-3,3,0.6063496470451355,0,0.9862004518508911,0.9268640279769897,0.46385271665918276,0.8542234301567078
637_class-3,4,0.8041486740112305,1,0.9701892137527466,0.9755576848983765,0.46359547284943525,0.9250271916389465
637_class-3,5,0.7639275789260864,0,0.9658082127571106,0.9516052007675171,0.9163358675906613,0.8173505067825317
638_class-2,0,0.8590072393417358,0,0.9961457848548889,0.9462554454803467,1.0,0.9387112259864807
638_class-2,1,0.7952790856361389,0,0.9950275421142578,0.9640361070632935,0.9390152126001182,0.9385747313499451
638_class-2,2,0.9099252820014954,0,0.9916772842407227,0.9634156227111816,0.7234321645706671,0.9484170079231262
638_class-2,3,0.9124324321746826,1,0.9919196963310242,0.981803297996521,0.9829306506143316,0.9788167476654053
638_class-2,4,0.9130381345748901,0,0.9915658235549927,0.971335768699646,0.9931195022969326,0.9703647494316101
638_class-2,5,0.7110662460327148,0,0.9956084489822388,0.9618405103683472,0.6000743893871141,0.9595144391059875
639_class-4,0,0.998728334903717,0,0.9848109483718872,1.0112628936767578,1.0,0.9960018396377563
639_class-4,1,0.9744635820388794,0,0.9848216772079468,1.0115782022476196,0.9994516971279374,0.9960551857948303
639_class-4,2,0.9744910001754761,0,0.9848201274871826,1.0115797519683838,0.999686675892321,0.9960188865661621
639_class-4,3,0.9744787812232971,0,0.984813928604126,1.0115658044815063,0.9996083653168325,0.9960454106330872
639_class-4,4,0.9746208190917969,0,0.9847951531410217,1.0108156204223633,0.9994516828115617,0.9960320591926575
639_class-4,5,0.9744549989700317,1,0.9848119020462036,1.0116428136825562,0.9996082630383119,0.9960545897483826
640_class-2,0,0.6940069794654846,0,0.9986917972564697,1.0024685859680176,1.0,0.9905153512954712
640_class-2,1,0.675066351890564,0,0.9987162351608276,1.0041053295135498,0.9967223012895157,0.9926041960716248
640_class-2,2,0.6754460334777832,0,0.9986832141876221,1.0023155212402344,0.9965077175131499,0.9901435375213623
640_class-2,3,0.6754786968231201,0,0.9986832141876221,1.003491997718811,0.9985739596387364,0.9908637404441833
640_class-2,4,0.6755936145782471,0,0.9986977577209473,0.9990609884262085,0.9974946004319655,0.9873127341270447
640_class-2,5,0.4578186869621277,1,0.9980109333992004,1.005730390548706,0.5580812445980985,0.9958083629608154
641_class-0,0,0.9933639168739319,0,0.9919447898864746,0.9944223165512085,1.0,0.9845439791679382
641_class-0,1,0.936598539352417,0,0.9916715621948242,0.9991683959960938,0.99198606271777,0.9893588423728943
641_class-0,2,0.9333533048629761,1,0.9919105172157288,1.003329873085022,0.9789702683103698,0.9915205240249634
641_class-0,3,0.9343811273574829,0,0.9919579029083252,0.9984942674636841,0.9939706162946003,0.9915813207626343
641_class-0,4,0.9343692064285278,0,0.99190354347229,0.9976712465286255,0.9987723000191828,0.9920058846473694
641_class-0,5,0.9362555742263794,0,0.991753339767456,0.9993771314620972,0.9871071716357775,0.9891746044158936
642_class-4,0,0.33951011300086975,0,0.9705332517623901,1.0029476881027222,1.0,0.9898137450218201
642_class-4,1,0.4840512275695801,0,0.9883178472518921,0.9312241077423096,0.18267246611369614,0.9505324959754944
642_class-4,2,0.32957959175109863,0,0.97103351354599,1.0014939308166504,0.18387386835060185,0.9763094186782837
642_class-4,3,0.3449130654335022,1,0.9850046634674072,0.9720161557197571,0.7095707550058171,0.9406797289848328
642_class-4,4,0.34975218772888184,0,0.9773834943771362,0.967743992805481,0.7878534362881983,0.9248919486999512
642_class-4,5,0.48093467950820923,0,0.9882165193557739,0.9473135471343994,0.2026058042480038,0.9539641737937927
643_class-1,0,0.6193680763244629,0,0.9755114912986755,0.9308362007141113,1.0,0.6884322166442871
643_class-1,1,0.6503049731254578,0,0.9484992027282715,0.9411389827728271,0.2894070351758794,0.8666214942932129
643_class-1,2,0.6135282516479492,0,0.9616717100143433,0.9399561882019043,0.38683830557419724,0.709682047367096
643_class-1,3,0.3466280698776245,0,0.9288803339004517,0.942775309085846,0.07122928450549618,0.9824948906898499
643_class-1,4,0.5472657680511475,1,0.9381898641586304,0.9731199741363525,0.0001791954125974375,0.9751691222190857
643_class-1,5,0.5840357542037964,0,0.9386887550354004,0.947274923324585,0.8049018099779521,0.9145346283912659
644_class-3,0,0.4527128338813782,0,0.9717709422111511,0.7912307977676392,1.0,0.5201605558395386
644_class-3,1,0.7526141405105591,1,0.9903701543807983,0.9847486019134521,0.01711113893410125,0.983461320400238
644_class-3,2,0.7528615593910217,0,0.9906008243560791,0.9826761484146118,0.982067771456839,0.9814851880073547
644_class-3,3,0.42697465419769287,0,0.9740296602249146,0.938167929649353,0.10233084408237157,0.81788170337677
644_class-3,4,0.7419791221618652,0,0.990321159362793,0.8207440972328186,0.10659443971885213,0.9619011282920837
644_class-3,5,0.4882422685623169,0,0.9819514751434326,0.9185479879379272,0.19908302491299784,0.7604998350143433
645_class-0,0,0.43271034955978394,0,0.9799917936325073,0.952942967414856,1.0,0.94318026304245
645_class-0,1,0.419577032327652,0,0.9825245141983032,0.9666686058044434,0.9861782275061424,0.9560133218765259
645_class-0,2,0.4255395531654358,0,0.9741390943527222,0.9692928791046143,0.8894714394199461,0.9326333999633789
645_class-0,3,0.47624340653419495,0,0.9792658090591431,0.9347294569015503,0.6171811577610791,0.5969748497009277
645_class-0,4,0.4169526696205139,1,0.983083188533783,0.9821796417236328,0.6489750425150527,0.948512613773346
645_class-0,5,0.5304542779922485,0,0.9676655530929565,0.9328110218048096,0.32192067290935705,0.7132890820503235
646_class-4,0,0.9983268976211548,0,0.9802643060684204,1.0075474977493286,1.0,0.9891647696495056
646_class-4,1,0.9819685220718384,0,0.9802165031433105,1.00859797000885,0.9991592639593908,0.9886108040809631
646_class-4,2,0.9815977811813354,0,0.9805095791816711,0.986540675163269,0.9971836334293218,0.9800333976745605
646_class-4,3,0.9821184277534485,0,0.980239987373352,1.007575511932373,0.9967564830783349,0.9886634945869446
646_class-4,4,0.5206088423728943,1,0.997421145439148,0.9971540570259094,0.24765148514851484,0.9941052794456482
646_class-4,5,0.9819895625114441,0,0.9803799390792847,1.008994221687317,0.24763639243012114,0.9888763427734375
647_class-0,0,0.9882067441940308,0,0.9932504296302795,0.9034277200698853,1.0,0.9525363445281982
647_class-0,1,0.20089943706989288,0,0.9130481481552124,1.000564694404602,0.10151748931107751,0.9578642249107361
647_class-0,2,0.18662729859352112,0,0.9040507674217224,0.9773324728012085,0.9694438451026929,0.7910169363021851
647_class-0,3,0.9532070755958557,1,0.9928213357925415,1.0005921125411987,0.07940806953226372,0.9925926327705383
647_class-0,4,0.9529811143875122,0,0.9926928281784058,1.0001661777496338,0.9989344131280302,0.9925417900085449
647_class-0,5,0.2072083204984665,0,0.9184398651123047,1.0047924518585205,0.0973253336025891,0.9447986483573914
648_class-0,0,0.709446132183075,0,0.9857004880905151,0.9541845321655273,1.0,0.5753084421157837
648_class-0,1,0.8974049091339111,0,0.9906933903694153,0.9878668189048767,0.42602653190145295,0.9686844348907471
648_class-0,2,0.9002047777175903,0,0.9912235736846924,0.9936660528182983,0.9502493613915582,0.9909946918487549
648_class-0,3,0.8924587965011597,0,0.9913643598556519,0.9586716890335083,0.9317239697634723,0.7092112302780151
648_class-0,4,0.892114520072937,0,0.9914266467094421,0.9912229776382446,0.9173642669217891,0.9906540513038635
648_class-0,5,0.9006845355033875,1,0.9912108182907104,0.9941930770874023,0.9761390887290168,0.9901559948921204
649_class-0,0,0.9787756204605103,0,0.9646280407905579,0.8890541791915894,1.0,0.8423882722854614
649_class-0,1,0.9212623238563538,0,0.9627229571342468,0.9911000728607178,0.9819117737536146,0.9797374606132507
649_class-0,2,0.9240224361419678,0,0.9638218879699707,0.901358962059021,0.9859370160041301,0.908113420009613
649_class-0,3,0.39194902777671814,1,0.9814532399177551,0.9941152334213257,0.30985551281636875,0.9582621455192566
649_class-0,4,0.9207504987716675,0,0.9628304243087769,0.9924945831298828,0.3119850477927386,0.9801655411720276
649_class-0,5,0.3953666687011719,0,0.9806262254714966,0.9939068555831909,0.3145975834795026,0.9459380507469177
650_class-1,0,0.541680634021759,0,0.9872980117797852,0.9720488786697388,1.0,0.9526736736297607
650_class-1,1,0.43229395151138306,0,0.9949934482574463,0.9985859394073486,0.37186488934903583,0.9785552024841309
650_class-1,2,0.45934128761291504,0,0.9873374700546265,0.9727915525436401,0.3729620976116303,0.949409544467926
650_class-1,3,0.46001094579696655,0,0.9872753024101257,0.9720439910888672,0.994229002497315,0.9503382444381714
650_class-1,4,0.4613893926143646,0,0.9872082471847534,0.9732822179794312,0.9932427204497976,0.952187180519104
650_class-1,5,0.43055930733680725,1,0.9947764873504639,0.9994840621948242,0.3673213916993599,0.981683611869812
651_class-4,0,0.7809226512908936,1,0.9332353472709656,1.0047465562820435,1.0,0.9597763419151306
651_class-4,1,0.7597870826721191,0,0.9338148236274719,1.000577688217163,0.9891189073543926,0.948209285736084
651_class-4,2,0.7765680551528931,0,0.9313465356826782,0.990626335144043,0.9817207957830301,0.9227035641670227
651_class-4,3,0.7664979696273804,0,0.933340311050415,1.0010641813278198,0.9888448973147597,0.9513939023017883
651_class-4,4,0.7702140808105469,0,0.9333105087280273,1.0023810863494873,0.9958111917618067,0.9545400142669678
651_class-4,5,0.7565592527389526,0,0.9337447881698608,1.0037285089492798,0.9850917851945161,0.9505941867828369
652_class-2,0,0.3828354775905609,1,0.9369476437568665,1.0052968263626099,1.0,0.9931895732879639
652_class-2,1,0.01464098785072565,0,0.8407964706420898,0.992998480796814,0.19386232672852804,0.5755715370178223
652_class-2,2,0.0033221973571926355,0,0.8484315872192383,0.9994839429855347,0.958104753323677,0.9019423127174377
652_class-2,3,0.0030307488050311804,0,0.8480278253555298,0.9968775510787964,0.9991841939559069,0.9085209965705872
652_class-2,4,0.0026029860600829124,0,0.8472226858139038,0.9962214231491089,0.9988132395001365,0.9046645164489746
652_class-2,5,0.0027278414927423,0,0.8483291864395142,0.9968041181564331,0.9991298707462545,0.9105250239372253
653_class-2,0,0.3294718563556671,0,0.9866189956665039,1.0028462409973145,1.0,0.991108238697052
653_class-2,1,0.39188045263290405,0,0.9914665818214417,1.0065923929214478,0.7043659890977635,0.9919110536575317
653_class-2,2,0.3916435241699219,0,0.9913691282272339,1.0069053173065186,0.9985037321680581,0.9916213154792786
653_class-2,3,0.8824608325958252,0,0.9416028261184692,0.9898388385772705,0.3707271499182517,0.9204567670822144
653_class-2,4,0.8800703287124634,0,0.9433535933494568,0.9886525869369507,0.9968512383656728,0.9415674805641174
653_class-2,5,0.39165303111076355,1,0.991435170173645,1.0078108310699463,0.37107188707525157,0.9914631843566895
654_class-3,0,0.9891183972358704,1,0.964952826499939,1.0040768384933472,1.0,0.9888176321983337
654_class-3,1,0.9324678182601929,0,0.9640448689460754,0.9947806596755981,0.9920952824539224,0.9812207221984863
654_class-3,2,0.9312208890914917,0,0.9640865921974182,1.00153386592865,0.9947669643093717,0.9880678653717041
654_class-3,3,0.9304429292678833,0,0.9647621512413025,0.998568058013916,0.9863344157995891,0.9865962266921997
654_class-3,4,0.931413471698761,0,0.9640518426895142,1.0024511814117432,0.9882201386491009,0.9883092045783997
654_class-3,5,0.9314747452735901,0,0.9643750190734863,0.9959288835525513,0.996493930781694,0.9877653121948242
655_class-3,0,0.9926491975784302,0,0.9900528192520142,1.005008339881897,1.0,0.991410493850708
655_class-3,1,0.7288941144943237,0,0.9922460317611694,0.9974050521850586,0.5238779747644147,0.9879236817359924
655_class-3,2,0.9118144512176514,0,0.9898748397827148,1.0048530101776123,0.5233251560661362,0.9915447235107422
655_class-3,3,0.9117753505706787,0,0.9899261593818665,1.0045039653778076,0.9994413519283334,0.9908700585365295
655_class-3,4,0.7290458679199219,1,0.9927377104759216,0.997441291809082,0.5240537143085181,0.9872053265571594
655_class-3,5,0.7294056415557861,0,0.9925025701522827,0.9978091716766357,0.9976458974066902,0.9879149794578552
656_class-1,0,0.5782318115234375,0,0.9821349382400513,0.9693940877914429,1.0,0.9252911806106567
656_class-1,1,0.4838535785675049,0,0.9790953397750854,0.9898135662078857,0.6435102522152923,0.9528529644012451
656_class-1,2,0.4929579794406891,1,0.9833228588104248,0.9909558296203613,0.9172161780583008,0.9494068622589111
656_class-1,3,0.4715690016746521,0,0.9725258350372314,0.9848387241363525,0.8835501368021889,0.9444306492805481
656_class-1,4,0.4590056836605072,0,0.9782618880271912,0.9779475927352905,0.8497216623476341,0.9065308570861816
656_class-1,5,0.481370747089386,0,0.9858790636062622,0.9623925685882568,0.6495496862531576,0.8156685829162598
657_class-3,0,0.31401750445365906,1,0.9907389283180237,0.9247518181800842,1.0,0.9489330649375916
657_class-3,1,0.736952543258667,0,0.96671462059021,0.963202953338623,0.028282467888901087,0.942696213722229
657_class-3,2,0.7788242101669312,0,0.9701958894729614,0.9550586938858032,0.9108368655988597,0.9542989730834961
657_class-3,3,0.7864565253257751,0,0.9496862888336182,0.9524625539779663,0.8931403413260113,0.8911368250846863
657_class-3,4,0.7795257568359375,0,0.9315202236175537,0.9512507915496826,0.9772914123421111,0.8848140239715576
657_class-3,5,0.7906222343444824,0,0.9429816007614136,0.9361220598220825,0.9616524615971171,0.9043049216270447
658_class-2,0,0.2440768927335739,0,0.9504837989807129,1.0095783472061157,1.0,0.9930413365364075
658_class-2,1,0.24063429236412048,1,0.9506790637969971,1.011455774307251,0.9997044940858884,0.9927255511283875
658_class-2,2,0.24062690138816833,0,0.9506101608276367,1.0097676515579224,0.999832261671792,0.9928573369979858
658_class-2,3,0.2405601143836975,0,0.9501178860664368,1.0121901035308838,0.9995847275573195,0.9931647777557373
658_class-2,4,0.24058301746845245,0,0.9504075050354004,1.0114394426345825,0.9996965413701956,0.9931060075759888
658_class-2,5,0.2406081259250641,0,0.9502689242362976,1.0100961923599243,0.9996406468356958,0.9928969740867615
659_class-2,0,0.9981932044029236,0,0.9736406207084656,1.0135600566864014,1.0,0.9926122426986694
659_class-2,1,0.9652706384658813,0,0.9733936190605164,1.010898232460022,0.9929755501637342,0.9885193705558777
659_class-2,2,0.9678394794464111,0,0.9736865162849426,1.0142390727996826,0.9927565733672604,0.9927568435668945
659_class-2,3,0.9652076959609985,0,0.9735738039016724,1.0120258331298828,0.9923579304495335,0.9883748292922974
659_class-2,4,0.9678022861480713,0,0.9736672639846802,1.0136693716049194,0.9925515579799282,0.9927249550819397
659_class-2,5,0.9679157137870789,1,0.9738045930862427,1.0144678354263306,0.9995336176852174,0.9928349256515503
660_class-1,0,0.637946367263794,0,0.9580968618392944,0.9530977010726929,1.0,0.9305747747421265
660_class-1,1,0.7065480947494507,0,0.9494391679763794,0.9800348281860352,0.6339832520934883,0.9728783965110779
660_class-1,2,0.7068003416061401,1,0.9498838186264038,0.9815771579742432,0.9823542768172824,0.972094714641571
660_class-1,3,0.7077066898345947,0,0.9488809704780579,0.9786288738250732,0.99174359641139,0.973944365978241
660_class-1,4,0.7054986357688904,0,0.9503211379051208,0.978742241859436,0.983374464216132,0.9726893901824951
660_class-1,5,0.7066677212715149,0,0.9492067694664001,0.9799584150314331,0.9855953697080054,0.9746469855308533
661_class-2,0,0.9003937244415283,0,0.9976542592048645,0.9885149002075195,1.0,0.9856657385826111
661_class-2,1,0.9228337407112122,1,0.9977513551712036,0.9934654235839844,0.799027298399749,0.9936537742614746
661_class-2,2,0.920127272605896,0,0.9977485537528992,0.9704558849334717,0.9892001878228205,0.9883931279182434
661_class-2,3,0.002749358071014285,0,0.9939590692520142,0.9990872144699097,0.0066462777860659406,0.6417042016983032
661_class-2,4,0.8479340672492981,0,0.9976327419281006,0.9866917133331299,0.00653780876628364,0.9881129264831543
661_class-2,5,0.7216282486915588,0,0.9972134232521057,0.9909653663635254,0.6331087584215592,0.9931086301803589
662_class-4,0,0.3759020268917084,0,0.979699432849884,0.9047656059265137,1.0,0.8553196787834167
662_class-4,1,0.36181867122650146,0,0.9791100025177002,0.9710049629211426,0.9300320114980074,0.9213120937347412
662_class-4,2,0.45004040002822876,1,0.9863057136535645,0.9470310211181641,0.07155136064350816,0.953558087348938
662_class-4,3,0.3597619831562042,0,0.972854733467102,0.9836729764938354,0.1163575042158516,0.9433915615081787
662_class-4,4,0.3581896126270294,0,0.9779142141342163,0.944894552230835,0.9222134667031182,0.8832919597625732
662_class-4,5,0.3569132685661316,0,0.9780198335647583,0.9657440185546875,0.9559272234150752,0.9198250770568848
663_class-0,0,0.9961155652999878,0,0.9832751750946045,1.0016652345657349,1.0,0.9916493892669678
663_class-0,1,0.9518256187438965,0,0.9825506806373596,1.0044583082199097,0.9914195621854345,0.9907249212265015
663_class-0,2,0.37383145093917847,0,0.9850718379020691,0.9898539781570435,0.23167595989945974,0.9361947774887085
663_class-0,3,0.952128529548645,1,0.9828747510910034,1.0042122602462769,0.2314437606541273,0.9906268119812012
663_class-0,4,0.9496539831161499,0,0.982830286026001,0.9978429079055786,0.989636677676434,0.9922244548797607
663_class-0,5,0.9497092962265015,0,0.9824596047401428,1.002562165260315,0.9973651533965293,0.9912757873535156
664_class-0,0,0.9997662901878357,0,0.9935970902442932,1.0053071975708008,1.0,0.9945868849754333
664_class-0,1,0.8147684335708618,0,0.9891691207885742,0.9702348709106445,0.7554196373638304,0.9144186973571777
664_class-0,2,0.9279588460922241,0,0.9935630559921265,1.0037155151367188,0.755994204998189,0.9946898221969604
664_class-0,3,0.9274342656135559,1,0.9935440421104431,1.0068217515945435,0.9982035645062166,0.9946389198303223
664_class-0,4,0.9274568557739258,0,0.9935752153396606,1.0059219598770142,0.9990074676245392,0.9944986701011658
664_class-0,5,0.9280781745910645,0,0.9936966896057129,1.0052894353866577,0.995655253837072,0.9938911199569702
665_class-3,0,0.3767651915550232,0,0.9835517406463623,0.9661880731582642,1.0,0.8758624196052551
665_class-3,1,0.3583744764328003,1,0.9863513112068176,0.9993802309036255,0.8721334774305298,0.944615364074707
665_class-3,2,0.364195853471756,0,0.9844934940338135,0.9977571964263916,0.946782325029656,0.9303048849105835
665_class-3,3,0.15036138892173767,0,0.8833370208740234,0.9302229881286621,0.3544118381410523,0.4017437994480133
665_class-3,4,0.36458271741867065,0,0.9832708835601807,1.0029138326644897,0.35344416207038143,0.9596365690231323
665_class-3,5,0.15199588239192963,0,0.8829419016838074,0.9106274843215942,0.3496627091943992,0.33953696489334106
666_class-0,0,0.6451119184494019,0,0.9926663637161255,0.9503557682037354,1.0,0.9429722428321838
666_class-0,1,0.7674446702003479,0,0.9823184609413147,0.9702538251876831,0.4393518150766542,0.9880859851837158
666_class-0,2,0.5354506969451904,0,0.9902525544166565,0.9483158588409424,0.233288261641173,0.9366145133972168
666_class-0,3,0.6360442042350769,0,0.9839844107627869,0.9450956583023071,0.461551461889471,0.9545719027519226
666_class-0,4,0.5545221567153931,0,0.9882197380065918,0.9228940010070801,0.5533754740834387,0.9048363566398621
666_class-0,5,0.5211162567138672,1,0.9917936325073242,0.9605882167816162,0.5537857606823124,0.9449402093887329
667_class-2,0,0.9994671940803528,0,0.9850371479988098,1.0073026418685913,1.0,0.9916830062866211
667_class-2,1,0.9566100835800171,0,0.984764575958252,1.0075448751449585,0.9987564800310073,0.9918376803398132
667_class-2,2,0.9563672542572021,0,0.9849569797515869,1.0077898502349854,0.9990793681558291,0.9918593764305115
667_class-2,3,0.9563772678375244,0,0.9849237203598022,1.0085954666137695,0.999580123702017,0.9921757578849792
667_class-2,4,0.9563565254211426,1,0.9849850535392761,1.0083240270614624,0.9996770182323208,0.992289662361145
667_class-2,5,0.9564802646636963,0,0.9848009943962097,1.0078717470169067,0.9995154960512929,0.9920898079872131
668_class-0,0,0.9976109266281128,0,0.9579176902770996,1.0019487142562866,1.0,0.9895697832107544
668_class-0,1,0.9497457146644592,0,0.9580841064453125,1.00147545337677,0.9985456276277864,0.9897361993789673
668_class-0,2,0.9497247338294983,0,0.957927942276001,1.0020827054977417,0.998678122934567,0.9900548458099365
668_class-0,3,0.9500194787979126,0,0.9581077098846436,0.9997718334197998,0.9972516582542744,0.9901151061058044
668_class-0,4,0.950335681438446,1,0.9580106735229492,1.0051448345184326,0.9940129236449954,0.9895536303520203
668_class-0,5,0.9497404098510742,0,0.9581137895584106,1.0012710094451904,0.992989299457066,0.9896710515022278
669_class-2,0,0.9571878910064697,0,0.999157190322876,0.9834253787994385,1.0,0.9782122373580933
669_class-2,1,0.8553853034973145,0,0.9991330504417419,0.9764819145202637,0.8506163328197226,0.9807884693145752
669_class-2,2,0.8562523126602173,0,0.9991235136985779,0.9757851362228394,0.9927723744088516,0.9807124733924866
669_class-2,3,0.8563854694366455,1,0.9991491436958313,0.9829808473587036,0.9920521521700304,0.9816070795059204
669_class-2,4,0.6293834447860718,0,0.9716180562973022,0.8846971988677979,0.3857427175683011,0.47823095321655273
669_class-2,5,0.8810819983482361,0,0.9990742802619934,0.9515005350112915,0.37368314424635335,0.967850387096405
670_class-0,0,0.9988934993743896,0,0.9732952117919922,1.007215142250061,1.0,0.9822689890861511
670_class-0,1,0.9230273962020874,1,0.9735092520713806,1.0096489191055298,0.9978146890166948,0.9839221239089966
670_class-0,2,0.9229816198348999,0,0.9732967615127563,1.0085487365722656,0.9979411141707265,0.9814674854278564
670_class-0,3,0.9229996204376221,0,0.9734445214271545,1.0054707527160645,0.9979861228634287,0.9844748973846436
670_class-0,4,0.9230428338050842,0,0.9734062552452087,1.0080815553665161,0.9974694685884036,0.9828848242759705
670_class-0,5,0.9230084419250488,0,0.9733080863952637,1.0049831867218018,0.9973933869889389,0.983854353427887
671_class-3,0,0.493020236492157,0,0.9453470706939697,0.9831688404083252,1.0,0.9408687949180603
671_class-3,1,0.6389560103416443,0,0.9414644241333008,0.9993112087249756,0.1292086448949462,0.9786263108253479
671_class-3,2,0.6388997435569763,0,0.941399872303009,0.9977893829345703,0.9969952363503115,0.9764442443847656
671_class-3,3,0.5747804641723633,0,0.9457157850265503,0.9708659648895264,0.6989381140269576,0.6642460823059082
671_class-3,4,0.5106671452522278,1,0.9727326035499573,0.9893151521682739,0.42201644447992337,0.8490784168243408
671_class-3,5,0.46164408326148987,0,0.9414007663726807,0.9104522466659546,0.16378783246713544,0.4512832760810852
672_class-0,0,0.995639443397522,0,0.9911162853240967,0.9614066481590271,1.0,0.9390206933021545
672_class-0,1,0.883448600769043,1,0.9911872148513794,0.9968482255935669,0.9690882713982815,0.9904844760894775
672_class-0,2,0.884239137172699,0,0.9911805987358093,0.9959771633148193,0.9960836969900414,0.9905455708503723
672_class-0,3,0.8847402334213257,0,0.9912208914756775,0.9922256469726562,0.9952941176470588,0.98978191614151
672_class-0,4,0.47369158267974854,0,0.98886638879776,0.9983290433883667,0.13449672795263323,0.9751378297805786
672_class-0,5,0.4743835926055908,0,0.9879734516143799,1.0033118724822998,0.9893400355332149,0.9791756868362427
673_class-3,0,0.790534257888794,0,0.9706823825836182,0.9404729604721069,1.0,0.9068657159805298
673_class-3,1,0.6717817783355713,0,0.9922623634338379,0.9471455812454224,0.4572056140873385,0.9705126881599426
673_class-3,2,0.7554383277893066,0,0.9895238876342773,0.9554888010025024,0.6050644158151932,0.9409360885620117
673_class-3,3,0.7454255819320679,0,0.979977548122406,0.9407936334609985,0.7842263144737939,0.9297219514846802
673_class-3,4,0.7450745701789856,0,0.9894534945487976,0.9305548667907715,0.7549323188534017,0.9544556140899658
673_class-3,5,0.654404878616333,1,0.9914711713790894,0.9922431707382202,0.6420106252554147,0.9895479679107666
674_class-0,0,0.7079999446868896,1,0.9963091015815735,0.9902567863464355,1.0,0.9790508151054382
674_class-0,1,0.6560726761817932,0,0.994097888469696,0.9813315868377686,0.8668472128187767,0.9645428657531738
674_class-0,2,0.6409250497817993,0,0.9950235486030579,0.9810503721237183,0.9447975576797958,0.9693912267684937
674_class-0,3,0.6418760418891907,0,0.9943712949752808,0.9801230430603027,0.9912805967013342,0.9677732586860657
674_class-0,4,0.6496018171310425,0,0.9952264428138733,0.9679940938949585,0.9474351346457304,0.9632431268692017
674_class-0,5,0.6426115036010742,0,0.9946155548095703,0.9788540601730347,0.9537449497565523,0.9680216908454895
675_class-1,0,0.3984487056732178,0,0.9754493236541748,0.9591840505599976,1.0,0.5935176014900208
675_class-1,1,0.2890901267528534,0,0.9761561155319214,0.9874565601348877,0.5976920692379228,0.9452515840530396
675_class-1,2,0.276027113199234,1,0.970115065574646,1.0131447315216064,0.9077001529831719,0.9961677193641663
675_class-1,3,0.2759913504123688,0,0.970434844493866,1.0117716789245605,0.9976342489482801,0.9943715929985046
675_class-1,4,0.276017963886261,0,0.9705355763435364,1.0057123899459839,0.9993850060507469,0.991369903087616
675_class-1,5,0.2759964168071747,0,0.9703593254089355,1.000775933265686,0.9990482799643104,0.9916592240333557
676_class-1,0,0.7351910471916199,0,0.9749626517295837,0.9764230251312256,1.0,0.9511573314666748
676_class-1,1,0.560465931892395,0,0.9724153876304626,0.9538015127182007,0.869687529800693,0.941334068775177
676_class-1,2,0.5671712160110474,1,0.9747135639190674,0.9763638973236084,0.8381952309528912,0.9643596410751343
676_class-1,3,0.5621941685676575,0,0.9751132130622864,0.955182671546936,0.936288385329804,0.9418743252754211
676_class-1,4,0.5696990489959717,0,0.9751686453819275,0.9763855934143066,0.9408471846512283,0.9493221044540405
676_class-1,5,0.5606661438941956,0,0.9716782569885254,0.9522265195846558,0.8662165382476765,0.9398718476295471
677_class-4,0,0.3806796371936798,0,0.9916226267814636,1.0111310482025146,1.0,0.9933201670646667
677_class-4,1,0.3690941631793976,1,0.9916592836380005,1.0112295150756836,0.9996023100598264,0.9933030009269714
677_class-4,2,0.36909180879592896,0,0.9916131496429443,1.011002779006958,0.9996714621662747,0.993247926235199
677_class-4,3,0.36907899379730225,0,0.9916293025016785,1.0108988285064697,0.9994293619228773,0.9931071400642395
677_class-4,4,0.3057054579257965,0,0.9759814739227295,0.9827330112457275,0.6013277202072539,0.8997763395309448
677_class-4,5,0.36911898851394653,0,0.9911664724349976,1.0097230672836304,0.6014250242901867,0.9920234084129333
678_class-1,0,0.4631219208240509,0,0.9700175523757935,0.9174039959907532,1.0,0.9565909504890442
678_class-1,1,0.4293186664581299,0,0.96486496925354,0.9834562540054321,0.6946507372726294,0.9854477047920227
678_class-1,2,0.42898884415626526,0,0.9646561145782471,1.0030230283737183,0.9841447789878283,0.9908329248428345
678_class-1,3,0.4288826286792755,0,0.9646424055099487,0.9925975799560547,0.9910034602076124,0.9790305495262146
678_class-1,4,0.4993762671947479,1,0.9840545654296875,0.9559459686279297,0.4674390029840267,0.9253405332565308
678_class-1,5,0.45254743099212646,0,0.9763551950454712,0.9556699991226196,0.8234645550905856,0.943962574005127
679_class-2,0,0.3370913565158844,1,0.9796783924102783,1.0060529708862305,1.0,0.9936421513557434
679_class-2,1,0.331806480884552,0,0.9786438941955566,1.0060992240905762,0.9992231935959554,0.9936132431030273
679_class-2,2,0.3323245644569397,0,0.9765697717666626,0.9979556798934937,0.9962739625026332,0.9920507073402405
679_class-2,3,0.33406201004981995,0,0.9780917167663574,0.9870321750640869,0.9868327214136665,0.9759328365325928
679_class-2,4,0.33124062418937683,0,0.9784798622131348,0.9902029037475586,0.9794744085457763,0.982087254524231
679_class-2,5,0.33266186714172363,0,0.9763877391815186,0.9808833599090576,0.9899546253311302,0.9736748337745667
680_class-0,0,0.9488889575004578,0,0.9894198775291443,0.9749600887298584,1.0,0.9311975836753845
680_class-0,1,0.926518440246582,0,0.9920333027839661,0.9843292236328125,0.9013446610229064,0.9559943675994873
680_class-0,2,0.9279003143310547,0,0.9919493794441223,0.9815304279327393,0.9908338327008012,0.9621573686599731
680_class-0,3,0.8898388147354126,0,0.9899232983589172,0.9740246534347534,0.8950637006270219,0.9265831112861633
680_class-0,4,0.9288492202758789,0,0.9917935132980347,0.9756385087966919,0.9002056791405407,0.9573161602020264
680_class-0,5,0.9264335632324219,1,0.9917680621147156,0.9877181053161621,0.9846411462029808,0.957172691822052
681_class-0,0,0.4982313811779022,0,0.9947691559791565,0.9758104085922241,1.0,0.9630481004714966
681_class-0,1,0.48780322074890137,0,0.9946436882019043,0.9705374240875244,0.9808652089571915,0.9466060996055603
681_class-0,2,0.45380133390426636,0,0.9942409992218018,0.9741045236587524,0.5972837713936431,0.969140350818634
681_class-0,3,0.4867978096008301,0,0.994740903377533,0.9746170043945312,0.5933301662707838,0.9533041715621948
681_class-0,4,0.5390884876251221,0,0.9955589771270752,0.981569766998291,0.7343339445379105,0.9765372276306152
681_class-0,5,0.41643819212913513,1,0.9955075979232788,0.9867250919342041,0.6944471340046475,0.971413791179657
682_class-0,0,0.8970091342926025,0,0.992612361907959,0.992446780204773,1.0,0.9776278138160706
682_class-0,1,0.8354632258415222,1,0.9926329851150513,0.9924032688140869,0.9953815379184562,0.977999210357666
682_class-0,2,0.700129508972168,0,0.9919755458831787,0.9454983472824097,0.6651809052139221,0.9474517703056335
682_class-0,3,0.7270588874816895,0,0.9912195801734924,0.9918817281723022,0.8342632557813103,0.9834706783294678
682_class-0,4,0.7288403511047363,0,0.990186870098114,0.9395089745521545,0.9582831325301204,0.9465275406837463
682_class-0,5,0.5314162969589233,0,0.9513390064239502,0.925117015838623,0.30401762421009915,0.7245081663131714
683_class-1,0,0.759919285774231,0,0.9929549694061279,0.988539457321167,1.0,0.9684305191040039
683_class-1,1,0.6406945586204529,0,0.9927458763122559,0.9878255128860474,0.9739695824334054,0.9695011377334595
683_class-1,2,0.6404258012771606,0,0.9926430583000183,0.9883178472518921,0.9955089149717767,0.9693533778190613
683_class-1,3,0.6411740779876709,0,0.9930623173713684,0.9878959655761719,0.9654569892473118,0.9688568711280823
683_class-1,4,0.6404603719711304,1,0.992671012878418,0.9900851249694824,0.9670930102098059,0.9707117676734924
683_class-1,5,0.6415790915489197,0,0.9930437803268433,0.9884529113769531,0.9646134859194435,0.9645068049430847
684_class-3,0,0.849755048751831,0,0.9943034648895264,0.9583643674850464,1.0,0.968845546245575
684_class-3,1,0.6890232563018799,0,0.9956777095794678,0.9459118843078613,0.5781120236227738,0.971673309803009
684_class-3,2,0.9584681987762451,1,0.9925946593284607,0.9980214834213257,0.3988225715538298,0.9940986037254333
684_class-3,3,0.3995437026023865,0,0.9897928833961487,0.9430177211761475,0.0011531365313653136,0.5802224278450012
684_class-3,4,0.32243555784225464,0,0.9805327653884888,0.9696803092956543,0.46177099745097283,0.9673808217048645
684_class-3,5,0.7591090202331543,0,0.9947888255119324,0.9367064237594604,0.0,0.9536346197128296
685_class-4,0,0.4846842288970947,0,0.992047131061554,0.9793775081634521,1.0,0.955812394618988
685_class-4,1,0.48580434918403625,0,0.9875800013542175,0.9915438890457153,0.4369931211691336,0.9620856642723083
685_class-4,2,0.48570799827575684,0,0.9782130718231201,0.8776730298995972,0.8246816584492457,0.547227680683136
685_class-4,3,0.4335724711418152,0,0.9955375790596008,0.9894610047340393,0.4463410399219992,0.9141989350318909
685_class-4,4,0.48421359062194824,0,0.9874085187911987,0.9835988283157349,0.4555106597260141,0.9415485858917236
685_class-4,5,0.44815725088119507,1,0.9956015944480896,0.9986342191696167,0.5030643650475044,0.9851043820381165
686_class-0,0,0.9983886480331421,0,0.9981570243835449,1.005223274230957,1.0,0.9918361306190491
686_class-0,1,0.9297939538955688,0,0.9981869459152222,1.004896879196167,0.9980602721241426,0.991992712020874
686_class-0,2,0.9294289946556091,0,0.998201847076416,1.005005121231079,0.9988200258470529,0.9917988181114197
686_class-0,3,0.9296010732650757,1,0.998275101184845,1.0057786703109741,0.9991572323510408,0.9921451210975647
686_class-0,4,0.9294230937957764,0,0.9982282519340515,1.0052483081817627,0.9988202909948879,0.9918792843818665
686_class-0,5,0.9295772910118103,0,0.9982631206512451,1.0052777528762817,0.9986799606796798,0.9920514822006226
687_class-3,0,0.8962470889091492,0,0.9938127994537354,0.9711757898330688,1.0,0.9514318704605103
687_class-3,1,0.4608437120914459,0,0.9929553270339966,0.9755498170852661,0.2811472039473684,0.9695104956626892
687_class-3,2,0.7659494280815125,1,0.993340253829956,0.9811079502105713,0.29889743758356896,0.9622964859008789
687_class-3,3,0.5031419396400452,0,0.9960944652557373,0.8693515062332153,0.2974346987670192,0.8212877511978149
687_class-3,4,0.458388090133667,0,0.9920676946640015,0.9685403108596802,0.5777838802691199,0.9712269306182861
687_class-3,5,0.4547497630119324,0,0.9919757843017578,0.9720959663391113,0.9158007882479398,0.9785235524177551
688_class-1,0,0.5389543771743774,0,0.9341690540313721,0.9931185245513916,1.0,0.9900850653648376
688_class-1,1,0.4987795352935791,0,0.9425984025001526,0.9824261665344238,0.6772983114446529,0.9798654317855835
688_class-1,2,0.7128801345825195,1,0.9596725702285767,0.9539190530776978,0.3470779359582746,0.9340373277664185
688_class-1,3,0.4889935255050659,0,0.936781644821167,1.0019056797027588,0.4079671355657911,0.9928533434867859
688_class-1,4,0.6304360032081604,0,0.944533109664917,0.9914427995681763,0.4700224430907342,0.9771996140480042
688_class-1,5,0.6289830803871155,0,0.9418627023696899,0.9962800741195679,0.7776900815574849,0.9777442216873169
689_class-2,0,0.45319926738739014,0,0.9875544905662537,0.9945272207260132,1.0,0.9738743305206299
689_class-2,1,0.4360436499118805,1,0.9868326187133789,0.9998880624771118,0.9613718768076072,0.980234682559967
689_class-2,2,0.4363827109336853,0,0.9869725108146667,0.993924617767334,0.998388089446382,0.9743119478225708
689_class-2,3,0.43663081526756287,0,0.9868583679199219,0.9949660897254944,0.9982435082994233,0.9343061447143555
689_class-2,4,0.43843913078308105,0,0.9866361021995544,0.9938415288925171,0.9919908134193849,0.9744775295257568
689_class-2,5,0.4359196424484253,0,0.9863466024398804,1.0006773471832275,0.9907059952875469,0.9802613258361816
690_class-2,0,0.7084901332855225,0,0.9968787431716919,0.9681962728500366,1.0,0.8286544680595398
690_class-2,1,0.7310409545898438,0,0.9972493648529053,0.968082070350647,0.654201959483196,0.9524272680282593
690_class-2,2,0.9232101440429688,1,0.999111533164978,0.9981018304824829,0.5831199477833007,0.9924507141113281
690_class-2,3,0.7502700686454773,0,0.9990410208702087,0.9789884090423584,0.6226699709083073,0.969526469707489
690_class-2,4,0.45140203833580017,0,0.9966203570365906,0.9387291669845581,0.23547065741979964,0.9101654291152954
690_class-2,5,0.038091905415058136,0,0.9691638946533203,0.9849892854690552,0.02646859154021489,0.6838254928588867
691_class-4,0,0.9963233470916748,0,0.9401606917381287,1.013716459274292,1.0,0.9905140399932861
691_class-4,1,0.9815750122070312,0,0.939712643623352,1.0143681764602661,0.9991983383740844,0.9911542534828186
691_class-4,2,0.9781099557876587,1,0.9414345026016235,1.013657808303833,0.9958279436681302,0.98233962059021
691_class-4,3,0.9851102232933044,0,0.9384274482727051,1.017063856124878,0.9905889459377831,0.9942439794540405
691_class-4,4,0.9811437129974365,0,0.9399110078811646,1.0134018659591675,0.9940138930836605,0.9902250170707703
691_class-4,5,0.9821375608444214,0,0.9390115737915039,1.017099380493164,0.9980709853140108,0.9923419952392578
692_class-0,0,0.9117892980575562,1,0.9798769950866699,0.9903172254562378,1.0,0.9804900884628296
692_class-0,1,0.8725976943969727,0,0.9806951284408569,0.9940028190612793,0.9730113997004087,0.9498206973075867
692_class-0,2,0.8854161500930786,0,0.9794325828552246,0.9847465753555298,0.9594377912511901,0.9801597595214844
692_class-0,3,0.8703616857528687,0,0.9807379245758057,0.991686224937439,0.9544099596703489,0.9496734738349915
692_class-0,4,0.8660199642181396,0,0.9806817770004272,0.9437323808670044,0.9032641796726304,0.9498170614242554
692_class-0,5,0.884719967842102,0,0.9792515635490417,0.9779939651489258,0.939311163895487,0.9774519801139832
693_class-3,0,0.3839755654335022,0,0.9886190295219421,0.9897350072860718,1.0,0.9773914813995361
693_class-3,1,0.35061419010162354,0,0.9807337522506714,0.9332724809646606,0.7771222665771718,0.902535617351532
693_class-3,2,0.42796701192855835,1,0.9942095279693604,0.9924436807632446,0.2390398134736991,0.985905110836029
693_class-3,3,0.37259408831596375,0,0.9886236190795898,0.9896782636642456,0.3057918552036199,0.9768854975700378
693_class-3,4,0.37290897965431213,0,0.9880848526954651,0.9901754856109619,0.9931715920139281,0.9784553050994873
693_class-3,5,0.3650241196155548,0,0.9882199168205261,0.9492310285568237,0.9056813732561254,0.9521663784980774
694_class-1,0,0.7205380797386169,0,0.9922744035720825,0.9381997585296631,1.0,0.9036329984664917
694_class-1,1,0.6838762164115906,0,0.9845908284187317,0.9833710193634033,0.5266137900376687,0.9722602367401123
694_class-1,2,0.77998948097229,0,0.9857343435287476,0.9857785701751709,0.7801421734888259,0.9654678702354431
694_class-1,3,0.6866665482521057,1,0.9838553667068481,0.9909650087356567,0.7847405758798164,0.9771543741226196
694_class-1,4,0.6772087216377258,0,0.9850039482116699,0.9492014646530151,0.9435695917246959,0.9524405002593994
694_class-1,5,0.6894825100898743,0,0.9829645156860352,0.9922773838043213,0.9506932409012132,0.9761304259300232
695_class-4,0,0.32083001732826233,0,0.9896724820137024,1.0135598182678223,1.0,0.9933330416679382
695_class-4,1,0.3101862967014313,1,0.989678144454956,1.01381516456604,0.9992048694889231,0.9929332733154297
695_class-4,2,0.31018197536468506,0,0.9897502064704895,1.012178897857666,0.9989851335783642,0.9926834106445312
695_class-4,3,0.31018611788749695,0,0.9897059202194214,1.0131819248199463,0.9994786950915028,0.9928282499313354
695_class-4,4,0.3102220892906189,0,0.9896242618560791,1.0124622583389282,0.9987798357576672,0.9930776953697205
695_class-4,5,0.3102230131626129,0,0.9897067546844482,1.0133326053619385,0.9986568534736784,0.993445634841919
696_class-3,0,0.4608457088470459,0,0.9811881184577942,0.9957172870635986,1.0,0.9816393256187439
696_class-3,1,0.39250150322914124,1,0.98480623960495,0.998462438583374,0.45930618401206635,0.9899327754974365
696_class-3,2,0.39252811670303345,0,0.9847849011421204,0.9972443580627441,0.9982483896485479,0.9890644550323486
696_class-3,3,0.4189537763595581,0,0.9802558422088623,0.9953558444976807,0.5199565012932048,0.9792364835739136
696_class-3,4,0.3926330804824829,0,0.9847437143325806,0.9969419240951538,0.5219256995062309,0.9915145635604858
696_class-3,5,0.4181008040904999,0,0.9796620607376099,1.001543641090393,0.5275236193484935,0.9853770136833191
697_class-4,0,0.436767041683197,0,0.9666261672973633,0.9910874366760254,1.0,0.9726645946502686
697_class-4,1,0.32973456382751465,0,0.9750897288322449,0.9943108558654785,0.3437643183534977,0.964572012424469
697_class-4,2,0.32834160327911377,0,0.9771600961685181,0.9889620542526245,0.98719909234412,0.9507904648780823
697_class-4,3,0.28586331009864807,1,0.9826924204826355,0.9987591505050659,0.7768668121221441,0.9637870192527771
697_class-4,4,0.46991509199142456,0,0.9626684784889221,0.909334123134613,0.03368554400714018,0.9835536479949951
697_class-4,5,0.33427366614341736,0,0.9765794277191162,0.9838300943374634,0.04463221058300104,0.90587317943573
698_class-1,0,0.6431080102920532,0,0.9694653153419495,0.9351745843887329,1.0,0.901595950126648
698_class-1,1,0.5788987874984741,0,0.9681283235549927,0.9382039308547974,0.8311546840958606,0.9000176191329956
698_class-1,2,0.5012054443359375,0,0.987514317035675,0.9171490669250488,0.14241274186523983,0.6603934168815613
698_class-1,3,0.5197559595108032,0,0.9804142117500305,0.9235777854919434,0.2446035242290749,0.9554557800292969
698_class-1,4,0.5266766548156738,1,0.9752624034881592,0.9891189336776733,0.04754547369899571,0.9848549365997314
698_class-1,5,0.5623060464859009,0,0.9691349864006042,0.9491176605224609,0.2478161013821105,0.9213025569915771
699_class-4,0,0.4228192865848541,0,0.9980229139328003,0.9483988285064697,1.0,0.9479870796203613
699_class-4,1,0.38175252079963684,0,0.9946356415748596,0.8526216745376587,0.5753289878243758,0.8267773389816284
699_class-4,2,0.37212905287742615,1,0.9963338375091553,0.963529109954834,0.4374296531259593,0.9434959292411804
699_class-4,3,0.39463138580322266,0,0.9956666231155396,0.856323778629303,0.2915145813734713,0.8750776052474976
699_class-4,4,0.38625118136405945,0,0.9967814087867737,0.92133629322052,0.6038024015167475,0.9389223456382751
699_class-4,5,0.41416558623313904,0,0.9853415489196777,0.9212971925735474,0.6151355187863194,0.6618735790252686
700_class-0,0,0.9114248752593994,1,0.9968998432159424,0.9965773820877075,1.0,0.9876554012298584
700_class-0,1,0.8439923524856567,0,0.9969875812530518,0.9943679571151733,0.9950795947901592,0.9869719743728638
700_class-0,2,0.8441881537437439,0,0.9968748092651367,0.9957237243652344,0.9957662384657138,0.9879132509231567
700_class-0,3,0.8439260721206665,0,0.9969161748886108,0.9953955411911011,0.9980442577233711,0.9870418906211853
700_class-0,4,0.7630300521850586,0,0.996619462966919,0.9764984846115112,0.782354458680884,0.9701942801475525
700_class-0,5,0.860101580619812,0,0.9969289898872375,0.9583865404129028,0.7495455296645183,0.9681680202484131
701_class-2,0,0.9094424247741699,0,0.9968153834342957,0.8674966096878052,1.0,0.5359786748886108
701_class-2,1,0.9149179458618164,0,0.9970998764038086,0.9974514245986938,0.8036800249493217,0.9914891123771667
701_class-2,2,0.917451024055481,1,0.997057318687439,0.9988040924072266,0.9922462406015038,0.9924054145812988
701_class-2,3,0.9176260232925415,0,0.997081458568573,0.986932635307312,0.994649039974819,0.9923791885375977
701_class-2,4,0.9167293310165405,0,0.9970967173576355,0.9987956285476685,0.9953598112465591,0.9916972517967224
701_class-2,5,0.916135311126709,0,0.9970971941947937,0.998428463935852,0.9974070872947277,0.9924594163894653
702_class-1,0,0.5913567543029785,0,0.991013765335083,0.9542380571365356,1.0,0.9759024977684021
702_class-1,1,0.6393040418624878,0,0.9900089502334595,0.9560157060623169,0.47473247800997254,0.9377090930938721
702_class-1,2,0.6635028123855591,0,0.9886400699615479,0.9586567878723145,0.9050161769734593,0.9310120940208435
702_class-1,3,0.6107388138771057,0,0.9912363886833191,0.930458664894104,0.8337990685296075,0.9145929217338562
702_class-1,4,0.5379660725593567,1,0.9897844195365906,0.9796651601791382,0.5059112862603337,0.9752975702285767
702_class-1,5,0.6160057783126831,0,0.9898330569267273,0.9403338432312012,0.5128489609883354,0.9237183928489685
703_class-4,0,0.5543394088745117,0,0.9921769499778748,0.9707821607589722,1.0,0.9147562980651855
703_class-4,1,0.40775302052497864,0,0.9821025729179382,0.9069385528564453,0.6894323767242746,0.9174724817276001
703_class-4,2,0.45037001371383667,0,0.9818414449691772,0.9666149616241455,0.8796237040829387,0.9221794009208679
703_class-4,3,0.5348970890045166,0,0.9928898811340332,0.9928940534591675,0.7550600277050946,0.9464061856269836
703_class-4,4,0.8146926164627075,1,0.9993165731430054,1.0022823810577393,0.27497464503042596,0.9938051700592041
703_class-4,5,0.49795830249786377,0,0.9852080345153809,0.9622089862823486,0.22885093562262918,0.9077675342559814
704_class-0,0,0.5950304269790649,0,0.9895936846733093,0.98299241065979,1.0,0.9632798433303833
704_class-0,1,0.649572491645813,0,0.9891543984413147,1.0016082525253296,0.771417932281831,0.9880180954933167
704_class-0,2,0.6495482325553894,0,0.989067018032074,0.9987335205078125,0.9987224868921832,0.9875065088272095
704_class-0,3,0.5623977184295654,0,0.9892994165420532,0.9804794192314148,0.7172211871173809,0.9708346128463745
704_class-0,4,0.6492228507995605,0,0.988995373249054,1.0020527839660645,0.718619218979075,0.9859135746955872
704_class-0,5,0.6493275761604309,1,0.9891155362129211,1.003090500831604,0.9982418753329781,0.9880382418632507
705_class-1,0,0.3762417733669281,0,0.9857857823371887,0.9661424160003662,1.0,0.8617828488349915
705_class-1,1,0.37253108620643616,0,0.9652459621429443,0.9979852437973022,0.5706733216214885,0.9872741103172302
705_class-1,2,0.37252312898635864,0,0.9711771011352539,0.9669370651245117,0.992808890825888,0.9686665534973145
705_class-1,3,0.32922759652137756,1,0.9881957769393921,0.9776358604431152,0.5366232434714432,0.8948357701301575
705_class-1,4,0.571536123752594,0,0.9309271574020386,0.9429457187652588,0.15783275998941518,0.8174530863761902
705_class-1,5,0.45859941840171814,0,0.9551337957382202,0.9890545606613159,0.43604333767269976,0.9441773891448975
706_class-0,0,0.9826967120170593,1,0.9854425191879272,1.01121985912323,1.0,0.9914341568946838
706_class-0,1,0.9606342911720276,0,0.9858876466751099,1.0090395212173462,0.9989923856414954,0.9913515448570251
706_class-0,2,0.9603865146636963,0,0.9854066967964172,1.009771466255188,0.9988201063049853,0.9909223318099976
706_class-0,3,0.960564374923706,0,0.9850542545318604,1.0093687772750854,0.9995300320953691,0.9911803007125854
706_class-0,4,0.9607605338096619,0,0.9856804609298706,1.0094419717788696,0.9990379219113285,0.9914751052856445
706_class-0,5,0.960643470287323,0,0.9848244190216064,1.0099159479141235,0.9992555518651289,0.9904596209526062
707_class-0,0,0.6371798515319824,0,0.9848620891571045,0.9625773429870605,1.0,0.9113324284553528
707_class-0,1,0.6503358483314514,0,0.9833627343177795,0.955035924911499,0.6835293822577814,0.8871805667877197
707_class-0,2,0.7761368751525879,1,0.9801548719406128,0.9758082628250122,0.34340274919746483,0.9672524929046631
707_class-0,3,0.6185386180877686,0,0.9838396906852722,0.9323610067367554,0.4839007857032815,0.8973487615585327
707_class-0,4,0.6767752766609192,0,0.9834682941436768,0.9578311443328857,0.7148117112313044,0.9292818903923035
707_class-0,5,0.6493246555328369,0,0.9822043180465698,0.9487032890319824,0.5885365173523969,0.8791974186897278
708_class-2,0,0.7297216057777405,0,0.9984310865402222,0.9907041788101196,1.0,0.9865054488182068
708_class-2,1,0.709417462348938,0,0.9982433319091797,0.99159836769104,0.9948655413644824,0.9892994165420532
708_class-2,2,0.9429229497909546,0,0.9963598847389221,1.0010244846343994,0.5003216675244467,0.993454098701477
708_class-2,3,0.7092607021331787,0,0.998378336429596,0.9924612045288086,0.5005790015440041,0.9891697764396667
708_class-2,4,0.943347692489624,0,0.9964168071746826,0.9950498342514038,0.5009181996842682,0.9924281239509583
708_class-2,5,0.654748797416687,1,0.9982754588127136,0.9957070350646973,0.40195257120762984,0.9935126900672913
709_class-0,0,0.9085540771484375,0,0.9959518909454346,1.0014300346374512,1.0,0.9916852116584778
709_class-0,1,0.8760693073272705,1,0.9959671497344971,1.0025993585586548,0.999220478776906,0.9916253685951233
709_class-0,2,0.8761467337608337,0,0.9959180951118469,1.0015493631362915,0.9992707888053509,0.9919076561927795
709_class-0,3,0.8761732578277588,0,0.9958825707435608,1.0027614831924438,0.9990697440539046,0.991942822933197
709_class-0,4,0.8745722770690918,0,0.9957178831100464,1.0013067722320557,0.9864922651238838,0.9887276887893677
709_class-0,5,0.8762671947479248,0,0.9959306716918945,1.0023778676986694,0.986194583448588,0.9917598962783813
710_class-0,0,0.9562233686447144,0,0.9970267415046692,0.9760395288467407,1.0,0.9608142971992493
710_class-0,1,0.8850207328796387,0,0.9973333477973938,0.9860602617263794,0.9351662641649637,0.9688838720321655
710_class-0,2,0.9373233318328857,0,0.9954265356063843,0.9925251007080078,0.849857579913493,0.9827095866203308
710_class-0,3,0.9369297027587891,1,0.9953517913818359,0.9944758415222168,0.9985872430152873,0.9838756322860718
710_class-0,4,0.9241591691970825,0,0.9959259033203125,0.9902422428131104,0.9687611604798219,0.9844586253166199
710_class-0,5,0.9093788862228394,0,0.9963871836662292,0.9800043106079102,0.9480046543699362,0.9762571454048157
711_class-2,0,0.2979399859905243,0,0.9947905540466309,1.002462387084961,1.0,0.9825924038887024
711_class-2,1,0.9543156623840332,0,0.8748317360877991,1.0132719278335571,0.24051026927844735,0.9882003664970398
711_class-2,2,0.2923203706741333,1,0.9943684935569763,1.003099799156189,0.2413614365141289,0.9882301092147827
711_class-2,3,0.29230567812919617,0,0.9944007396697998,1.0026843547821045,0.9995057845669999,0.9882982969284058
711_class-2,4,0.2923208773136139,0,0.993962287902832,1.002386450767517,0.9989893999281351,0.9884960055351257
711_class-2,5,0.29211825132369995,0,0.9944518208503723,1.0027875900268555,0.9982253571749483,0.988027811050415
712_class-0,0,0.9975972175598145,0,0.9927144050598145,1.0074445009231567,1.0,0.9897750020027161
712_class-0,1,0.957735002040863,0,0.9927505850791931,1.0082086324691772,0.9994316951721152,0.9893661737442017
712_class-0,2,0.9577521681785583,1,0.9927335381507874,1.0080857276916504,0.9994994046974781,0.989919126033783
712_class-0,3,0.9578626155853271,0,0.9926791191101074,1.0077415704727173,0.9981328642944122,0.9885894656181335
712_class-0,4,0.9578018188476562,0,0.9927160739898682,1.0080986022949219,0.9992144114858459,0.9890632033348083
712_class-0,5,0.9577875137329102,0,0.992719292640686,1.0070854425430298,0.9987416958692447,0.9898051619529724
713_class-3,0,0.9003413915634155,0,0.9913464188575745,0.9862656593322754,1.0,0.9738851189613342
713_class-3,1,0.8414216041564941,1,0.9913655519485474,0.9952600002288818,0.9776652860868231,0.9719035625457764
713_class-3,2,0.8388866186141968,0,0.9913686513900757,0.9855395555496216,0.9737212002688993,0.9685580730438232
713_class-3,3,0.8393510580062866,0,0.991222083568573,0.9868501424789429,0.993802378299165,0.9698681831359863
713_class-3,4,0.8393241167068481,0,0.9912800788879395,0.9875195026397705,0.9962211614956245,0.972192108631134
713_class-3,5,0.8383834362030029,0,0.9913092851638794,0.9865481853485107,0.9951758671226185,0.9673317670822144
714_class-4,0,0.40138357877731323,0,0.9060970544815063,0.9864829778671265,1.0,0.9777352213859558
714_class-4,1,0.3928042948246002,1,0.90660560131073,0.9862309694290161,0.9989319899244332,0.9774538278579712
714_class-4,2,0.3928220868110657,0,0.9059545993804932,0.9854191541671753,0.9983083955937733,0.9771057963371277
714_class-4,3,0.3928433656692505,0,0.9058852195739746,0.9849488735198975,0.9985297079556898,0.9763685464859009
714_class-4,4,0.39284858107566833,0,0.9054683446884155,0.9851577281951904,0.9982474164501118,0.9763121008872986
714_class-4,5,0.3943968415260315,0,0.9058354496955872,0.9828063249588013,0.9811682158195052,0.9700562953948975
715_class-3,0,0.2837354838848114,0,0.9264307022094727,0.961027979850769,1.0,0.8743213415145874
715_class-3,1,0.26390278339385986,0,0.8962300419807434,0.9600124359130859,0.8718897328444212,0.8436406850814819
715_class-3,2,0.35061773657798767,0,0.9701569676399231,0.9570178985595703,0.6078697991421784,0.8539447784423828
715_class-3,3,0.34645241498947144,0,0.9664323925971985,0.926956295967102,0.4516237291481591,0.6781934499740601
715_class-3,4,0.323623389005661,0,0.9473501443862915,0.9597232341766357,0.4421466598892426,0.8153764605522156
715_class-3,5,0.3686084747314453,1,0.9777387380599976,0.9685797691345215,0.33189915727340613,0.9384273886680603
716_class-1,0,0.8312379717826843,1,0.9906704425811768,0.9635039567947388,1.0,0.9314258098602295
716_class-1,1,0.662908136844635,0,0.9877306818962097,0.9649590253829956,0.902659449282184,0.9372891187667847
716_class-1,2,0.5344862341880798,0,0.9936426877975464,0.9519497156143188,0.5951025501052796,0.823070228099823
716_class-1,3,0.5309337377548218,0,0.9939149618148804,0.9526610374450684,0.9422356040647346,0.8436956405639648
716_class-1,4,0.5129437446594238,0,0.9906985759735107,0.941227912902832,0.9087871043837232,0.8449089527130127
716_class-1,5,0.6584568619728088,0,0.9906915426254272,0.9589202404022217,0.5650888403116417,0.9236360192298889
717_class-2,0,0.9613305330276489,0,0.995128333568573,0.9933285713195801,1.0,0.9819045662879944
717_class-2,1,0.9446671009063721,0,0.9947453737258911,1.0017317533493042,0.9886416783590566,0.9817268252372742
717_class-2,2,0.7198647260665894,1,0.9974462985992432,0.9987729787826538,0.5879167221556355,0.9854105710983276
717_class-2,3,0.9321326017379761,0,0.9949066638946533,1.000757098197937,0.6052757575066688,0.9826371669769287
717_class-2,4,0.9449198246002197,0,0.9947934150695801,0.9976946115493774,0.9643799179873657,0.9851583242416382
717_class-2,5,0.9449626207351685,0,0.9946892857551575,1.0005308389663696,0.9873728982521432,0.9793873429298401
718_class-3,0,0.9847133159637451,0,0.9428228139877319,1.0018020868301392,1.0,0.9871686697006226
718_class-3,1,0.38922205567359924,0,0.9629900455474854,0.9503339529037476,0.1433799219195826,0.9045026898384094
718_class-3,2,0.40919768810272217,0,0.9665750861167908,0.9837687015533447,0.931903573485451,0.9508147239685059
718_class-3,3,0.9710184931755066,0,0.942914605140686,0.9647929072380066,0.15593217061757994,0.9637272357940674
718_class-3,4,0.4430552124977112,1,0.9650315642356873,0.989717960357666,0.18132296551061172,0.9696589112281799
718_class-3,5,0.40850892663002014,0,0.9660609364509583,0.969528317451477,0.8918284575121036,0.8825452327728271
719_class-1,0,0.5285344123840332,0,0.9807542562484741,0.9160939455032349,1.0,0.7935572862625122
719_class-1,1,0.4012008011341095,0,0.9801993370056152,0.9436254501342773,0.23345333702575463,0.8482909202575684
719_class-1,2,0.29923972487449646,0,0.929841160774231,0.9677363634109497,0.38103578121442455,0.8423839807510376
719_class-1,3,0.5275586247444153,1,0.9704194664955139,0.9750179052352905,0.14759539989545217,0.9668967127799988
719_class-1,4,0.523576021194458,0,0.9749951362609863,0.7833391427993774,0.8098464317976513,0.6739872694015503
719_class-1,5,0.5064927935600281,0,0.9872420430183411,0.9226042032241821,0.3739432039887275,0.6534935832023621
720_class-2,0,0.4056512117385864,0,0.9926812648773193,1.0045433044433594,1.0,0.9947211742401123
720_class-2,1,0.39861980080604553,1,0.9925943613052368,1.0055941343307495,0.9990790111488124,0.9950473308563232
720_class-2,2,0.3984881043434143,0,0.9928222894668579,1.0017411708831787,0.9972894482090997,0.9946809411048889
720_class-2,3,0.39855489134788513,0,0.992698609828949,1.0046963691711426,0.9981364505433336,0.9949721693992615
720_class-2,4,0.39858874678611755,0,0.9926701784133911,0.9978570342063904,0.997845401505798,0.9928553104400635
720_class-2,5,0.398490309715271,0,0.9927353858947754,1.0022190809249878,0.9986445600871354,0.994567334651947
721_class-3,0,0.9682666063308716,0,0.9941991567611694,0.9979332685470581,1.0,0.9882895946502686
721_class-3,1,0.9370596408843994,1,0.9943846464157104,0.9983124732971191,0.9965941343424787,0.9883637428283691
721_class-3,2,0.937450647354126,0,0.9943143129348755,0.9980040788650513,0.9978920628057184,0.9882314801216125
721_class-3,3,0.9374685287475586,0,0.9943565130233765,0.997733473777771,0.9984572495737137,0.9880219101905823
721_class-3,4,0.9374388456344604,0,0.9942150712013245,0.9959393739700317,0.9975884026554668,0.9879603981971741
721_class-3,5,0.9374356269836426,0,0.994220495223999,0.9958480596542358,0.998535195985352,0.9881302118301392
722_class-0,0,0.993513286113739,0,0.9935479760169983,0.9996697902679443,1.0,0.990513265132904
722_class-0,1,0.9476090669631958,0,0.9938939809799194,1.0007503032684326,0.9890052159555706,0.9937614798545837
722_class-0,2,0.9473364353179932,1,0.9942277073860168,1.0006072521209717,0.9982763143103384,0.9936694502830505
722_class-0,3,0.9477561712265015,0,0.993757426738739,1.0000486373901367,0.9976015589866587,0.993733823299408
722_class-0,4,0.949485182762146,0,0.9934766292572021,0.9999445676803589,0.9901220657276996,0.9906995296478271
722_class-0,5,0.9499560594558716,0,0.9934927225112915,0.9979913234710693,0.9975728155339806,0.9892840385437012
723_class-2,0,0.07178384810686111,0,0.8125280141830444,1.0084068775177002,1.0,0.9078524112701416
723_class-2,1,0.9626731872558594,0,0.9876552224159241,1.0002037286758423,0.00014535395891328095,0.9927301406860352
723_class-2,2,0.9610084295272827,0,0.988240122795105,0.976127028465271,0.992146641454149,0.9813275933265686
723_class-2,3,0.9428852796554565,0,0.9893416166305542,0.9781696796417236,0.9650813061872026,0.9698284268379211
723_class-2,4,0.9625017046928406,1,0.987682044506073,1.0002145767211914,0.9652463777682432,0.9938479065895081
723_class-2,5,0.9628552198410034,0,0.9876858592033386,1.0009729862213135,0.993752986959787,0.9895283579826355
724_class-3,0,0.4988519549369812,0,0.9513113498687744,0.9694219827651978,1.0,0.6542977094650269
724_class-3,1,0.28560006618499756,0,0.9442145824432373,0.9823859930038452,0.6468206908704701,0.7229584455490112
724_class-3,2,0.640093207359314,0,0.9503622055053711,0.9863139390945435,0.5389935221014855,0.9364722967147827
724_class-3,3,0.6382110118865967,1,0.952116847038269,0.9890015125274658,0.9906558409743124,0.943504273891449
724_class-3,4,0.6675056219100952,0,0.936919093132019,0.9917899370193481,0.9359422499058232,0.9461730122566223
724_class-3,5,0.6725566387176514,0,0.9338860511779785,0.9943692684173584,0.9852480332270044,0.9520525932312012
725_class-4,0,0.9984608888626099,1,0.921494722366333,1.0112454891204834,1.0,0.988801121711731
725_class-4,1,0.9321437478065491,0,0.9212164878845215,1.0111991167068481,0.9996880728924399,0.9886459112167358
725_class-4,2,0.9327958226203918,0,0.9202392101287842,1.0085898637771606,0.9988681164254352,0.9898390173912048
725_class-4,3,0.9324826598167419,0,0.9209114909172058,1.0112217664718628,0.9991525609062678,0.9895424842834473
725_class-4,4,0.93221116065979,0,0.9211981296539307,1.0105613470077515,0.9995295353340846,0.9890416860580444
725_class-4,5,0.932625412940979,0,0.9205125570297241,1.007277011871338,0.9991905491139794,0.9885897040367126
726_class-3,0,0.8665883541107178,0,0.9868930578231812,0.986586332321167,1.0,0.9851487278938293
726_class-3,1,0.8459856510162354,0,0.9861599206924438,0.9690067768096924,0.975035578747628,0.9811815023422241
726_class-3,2,0.6883871555328369,1,0.9870554208755493,0.9906357526779175,0.6498602770676021,0.989689826965332
726_class-3,3,0.8494901657104492,0,0.9914371371269226,0.9554414749145508,0.6413279371224119,0.9633876085281372
726_class-3,4,0.838182270526886,0,0.9869312047958374,0.9858338832855225,0.9629542858816295,0.9838688969612122
726_class-3,5,0.699066698551178,0,0.9863893985748291,0.9848695993423462,0.6835243943014427,0.9837338924407959
727_class-1,0,0.47717636823654175,0,0.9717320203781128,0.9551427364349365,1.0,0.9723259806632996
727_class-1,1,0.5844644904136658,0,0.9580774307250977,0.9752113819122314,0.11906496258525925,0.9620372653007507
727_class-1,2,0.45477765798568726,1,0.9749470353126526,0.9672486782073975,0.3475256960043564,0.9682382941246033
727_class-1,3,0.6133998036384583,0,0.9622636437416077,0.9429153203964233,0.21085092683588058,0.8990357518196106
727_class-1,4,0.5548087954521179,0,0.9792689085006714,0.9076554775238037,0.6633117287797582,0.7952898740768433
727_class-1,5,0.6358848810195923,0,0.9601067900657654,0.9507304430007935,0.5896593135705708,0.9372400641441345
728_class-4,0,0.5596751570701599,0,0.9845592975616455,0.8996813297271729,1.0,0.5524521470069885
728_class-4,1,0.3598766624927521,0,0.9984408020973206,0.7485638856887817,0.1919948439861321,0.6433442234992981
728_class-4,2,0.33096081018447876,0,0.9951381087303162,0.8256441354751587,0.13655936900447666,0.7146369814872742
728_class-4,3,0.2898472845554352,1,0.9906361103057861,0.8912376165390015,0.2259515282751728,0.8536063432693481
728_class-4,4,0.29773250222206116,0,0.9963672161102295,0.8120619058609009,0.41703643942449914,0.8590308427810669
728_class-4,5,0.41461366415023804,0,0.9894547462463379,0.8643524646759033,0.0,0.5232946872711182
729_class-4,0,0.213577002286911,0,0.9261758327484131,1.0014833211898804,1.0,0.9791468381881714
729_class-4,1,0.20665515959262848,0,0.9227414131164551,1.0044384002685547,0.994772770130115,0.9602052569389343
729_class-4,2,0.37940579652786255,0,0.9875460863113403,0.9536091089248657,0.24876370199715322,0.9594453573226929
729_class-4,3,0.38450103998184204,1,0.9828002452850342,1.0076465606689453,0.895837729478793,0.9969545602798462
729_class-4,4,0.2068203091621399,0,0.9263582825660706,1.0014379024505615,0.25921117564438373,0.9814131855964661
729_class-4,5,0.20674529671669006,0,0.9263437986373901,1.0008119344711304,0.9990430694685998,0.9822328090667725
730_class-4,0,0.4331647753715515,0,0.998139500617981,0.9836753606796265,1.0,0.9874711632728577
730_class-4,1,0.39070749282836914,0,0.9964826703071594,0.9833056926727295,0.49969949665690033,0.9701419472694397
730_class-4,2,0.4273931682109833,0,0.998120129108429,0.9968482255935669,0.4994751049790042,0.9936191439628601
730_class-4,3,0.7106904983520508,0,0.9896606802940369,0.9960488080978394,0.25773452615850273,0.9851497411727905
730_class-4,4,0.4261133670806885,1,0.9981553554534912,0.9984568357467651,0.25432462979636405,0.9926831126213074
730_class-4,5,0.8708136081695557,0,0.9863406419754028,0.9620552062988281,0.18391632610653183,0.9095968008041382
731_class-0,0,0.9609521627426147,0,0.9974454641342163,0.9864825010299683,1.0,0.9706576466560364
731_class-0,1,0.8652527332305908,0,0.9970569610595703,0.9474397897720337,0.9654498681168387,0.9629440903663635
731_class-0,2,0.8686660528182983,1,0.9974333643913269,0.9868661165237427,0.9660823667405187,0.9714745879173279
731_class-0,3,0.8690059781074524,0,0.9974247813224792,0.9837517738342285,0.9905004867241785,0.9692449569702148
731_class-0,4,0.8699918985366821,0,0.9973688125610352,0.983900785446167,0.9917082378320076,0.9704501628875732
731_class-0,5,0.8686138987541199,0,0.9974465370178223,0.9855997562408447,0.9888986072798224,0.970131516456604
732_class-0,0,0.6613528728485107,0,0.9855908751487732,0.9027711153030396,1.0,0.7657470703125
732_class-0,1,0.48670291900634766,1,0.9857337474822998,0.8996938467025757,0.20904600987782687,0.7795165777206421
732_class-0,2,0.41264382004737854,0,0.9122865200042725,0.8928643465042114,0.20514958824142604,0.8018848896026611
732_class-0,3,0.4166109561920166,0,0.9294919967651367,0.9373824596405029,0.7411536960893184,0.8070520758628845
732_class-0,4,0.41449037194252014,0,0.9266746640205383,0.901363730430603,0.9001027781238321,0.7824028730392456
732_class-0,5,0.17771564424037933,0,0.8541170954704285,0.9566037654876709,0.2903013048114234,0.48350054025650024
733_class-3,0,0.6379895210266113,1,0.9855543971061707,0.9905592203140259,1.0,0.9813740253448486
733_class-3,1,0.5905003547668457,0,0.9851659536361694,0.9872150421142578,0.993601143773756,0.9787588715553284
733_class-3,2,0.5970038175582886,0,0.9861303567886353,0.9864084720611572,0.9635611272130461,0.9625065326690674
733_class-3,3,0.590965747833252,0,0.9856677055358887,0.9724078178405762,0.9720542341802282,0.96795654296875
733_class-3,4,0.5895153284072876,0,0.9849103689193726,0.9582692384719849,0.9782228608028806,0.9375859498977661
733_class-3,5,0.5972341895103455,0,0.9861330986022949,0.9854559898376465,0.9580513034121282,0.9581816792488098
734_class-0,0,0.9798225164413452,1,0.99410080909729,0.9930294752120972,1.0,0.9800650477409363
734_class-0,1,0.9473943710327148,0,0.9948948621749878,0.9803922176361084,0.9765662633532629,0.9736868739128113
734_class-0,2,0.945012629032135,0,0.9933871030807495,0.9319939613342285,0.9605903161618395,0.9626392126083374
734_class-0,3,0.9501428604125977,0,0.9941357970237732,0.9918876886367798,0.9659664098442436,0.9787617325782776
734_class-0,4,0.7034362554550171,0,0.9932330250740051,0.9782156944274902,0.5673413108780223,0.8502218723297119
734_class-0,5,0.948275089263916,0,0.994398295879364,0.9804883003234863,0.5643336781099674,0.9688735008239746
735_class-2,0,0.37084299325942993,0,0.9949392080307007,0.985114336013794,1.0,0.9677063226699829
735_class-2,1,0.36309903860092163,0,0.9949477910995483,0.9852191209793091,0.9955351755762037,0.9670100808143616
735_class-2,2,0.36277949810028076,0,0.9947920441627502,0.9859241247177124,0.9958288158053247,0.9680056571960449
735_class-2,3,0.36266207695007324,1,0.9947748780250549,0.9855389595031738,0.9955456236126943,0.9696040153503418
735_class-2,4,0.36839374899864197,0,0.9944406151771545,0.982450544834137,0.9293764988009592,0.9385366439819336
735_class-2,5,0.3623395562171936,0,0.9949027299880981,0.9825270175933838,0.921969696969697,0.972493052482605
736_class-4,0,0.45984071493148804,0,0.9940616488456726,0.8927994966506958,1.0,0.9645770788192749
736_class-4,1,0.44000330567359924,0,0.994853138923645,0.9440499544143677,0.9763774331903662,0.9848390817642212
736_class-4,2,0.4412088096141815,0,0.9947066307067871,0.9127867221832275,0.9450374593913677,0.9459314942359924
736_class-4,3,0.44013404846191406,0,0.9951621294021606,0.8745006322860718,0.9485387124692097,0.9835753440856934
736_class-4,4,0.4401467740535736,1,0.9951698780059814,0.9738714694976807,0.9952764287139911,0.9868934750556946
736_class-4,5,0.4505762457847595,0,0.9934969544410706,0.8529762029647827,0.0,0.9295265078544617
737_class-1,0,0.5096126794815063,1,0.9884623885154724,0.986746072769165,1.0,0.9818887114524841
737_class-1,1,0.5407775044441223,0,0.9568420648574829,0.9916220903396606,0.4817514434255558,0.9692200422286987
737_class-1,2,0.5407655239105225,0,0.9584196209907532,0.9924057722091675,0.9964297532175761,0.9723808169364929
737_class-1,3,0.5408777594566345,0,0.9586752653121948,0.9925593137741089,0.9980358608167327,0.9708713293075562
737_class-1,4,0.5346294045448303,0,0.9594414234161377,0.9893070459365845,0.9803032289072399,0.966995894908905
737_class-1,5,0.5409915447235107,0,0.9585700631141663,0.9910417795181274,0.9798240940494178,0.9738266468048096
738_class-0,0,0.9992464780807495,0,0.9843298196792603,1.0011011362075806,1.0,0.9877893328666687
738_class-0,1,0.9438309073448181,0,0.984014630317688,1.0007270574569702,0.9829524579322507,0.9808810949325562
738_class-0,2,0.9402137994766235,0,0.9843239188194275,1.0014119148254395,0.9827213822894169,0.9879451394081116
738_class-0,3,0.9434642195701599,0,0.9841815233230591,1.0044509172439575,0.9857480789291959,0.98268723487854
738_class-0,4,0.9437147974967957,0,0.9841244220733643,1.004340648651123,0.9988525103199559,0.9828561544418335
738_class-0,5,0.9435622692108154,1,0.9842175245285034,1.0045956373214722,0.9979134063641106,0.9827686548233032
739_class-2,0,0.9961410760879517,0,0.9994367957115173,0.9898239374160767,1.0,0.9851916432380676
739_class-2,1,0.9232747554779053,1,0.9995878338813782,0.998481035232544,0.9104702891642834,0.9899508357048035
739_class-2,2,0.9227724075317383,0,0.999619722366333,0.9982655048370361,0.9969139827009171,0.989372730255127
739_class-2,3,0.912881076335907,0,0.9994299411773682,0.9825186729431152,0.9122346768423563,0.9840900301933289
739_class-2,4,0.9261720180511475,0,0.9990814924240112,1.0018335580825806,0.8989645559538033,0.985191285610199
739_class-2,5,0.913033127784729,0,0.9994344115257263,0.9796977043151855,0.9002671770945488,0.9828544855117798
740_class-1,0,0.6131565570831299,1,0.99344801902771,1.0038493871688843,1.0,0.9947265386581421
740_class-1,1,0.6970057487487793,0,0.9960387945175171,0.9727623462677002,0.5253248567835686,0.974151074886322
740_class-1,2,0.6961698532104492,0,0.9960881471633911,0.9747574329376221,0.9945608591053311,0.9751284718513489
740_class-1,3,0.6968660950660706,0,0.9960346221923828,0.9733693599700928,0.9932855552463122,0.9750628471374512
740_class-1,4,0.6975213289260864,0,0.9958613514900208,0.9697561264038086,0.97561142466222,0.969918966293335
740_class-1,5,0.6971739530563354,0,0.9960232377052307,0.9728116989135742,0.9756406308802901,0.9747449159622192
741_class-0,0,0.9048104286193848,0,0.9834352731704712,0.9423762559890747,1.0,0.8935515284538269
741_class-0,1,0.9498355388641357,0,0.9669504761695862,0.98936927318573,0.8375429000429,0.9762353897094727
741_class-0,2,0.9486571550369263,0,0.9665679931640625,0.9605106115341187,0.9681137030743087,0.9679571986198425
741_class-0,3,0.95246422290802,0,0.9664167761802673,0.9108431935310364,0.9782910786523793,0.9768449068069458
741_class-0,4,0.6761566400527954,1,0.9828088283538818,0.9682267904281616,0.5165618012583849,0.8947036266326904
741_class-0,5,0.4032435417175293,0,0.9832574129104614,0.9351438283920288,0.49040160573673464,0.601264238357544
742_class-0,0,0.8320136070251465,0,0.9962505102157593,0.979598879814148,1.0,0.9618725180625916
742_class-0,1,0.9214669466018677,0,0.9967033863067627,0.9671226739883423,0.7336359884440776,0.9211455583572388
742_class-0,2,0.9433393478393555,1,0.9965111017227173,0.9966541528701782,0.9100571125988124,0.9909824132919312
742_class-0,3,0.9428678750991821,0,0.9965548515319824,0.9932280778884888,0.9973189336152859,0.9907845854759216
742_class-0,4,0.9459190368652344,0,0.9965726733207703,0.9978346824645996,0.9894569776669312,0.9869843125343323
742_class-0,5,0.743651270866394,0,0.9967954158782959,0.9880516529083252,0.5625954198473282,0.9822114706039429
743_class-3,0,0.28787508606910706,0,0.9502553343772888,0.9336071014404297,1.0,0.7325318455696106
743_class-3,1,0.2370835244655609,1,0.9491144418716431,0.9437352418899536,0.7780416585555772,0.8053581714630127
743_class-3,2,0.26849254965782166,0,0.9444772005081177,0.9374735355377197,0.8498064435564435,0.6603955030441284
743_class-3,3,0.24020184576511383,0,0.9427133202552795,0.9360052347183228,0.672673720822005,0.7752459049224854
743_class-3,4,0.24425621330738068,0,0.9456204175949097,0.9244673252105713,0.9805060242436838,0.7414631247520447
743_class-3,5,0.2360306978225708,0,0.9411306381225586,0.9429956674575806,0.9740343178553462,0.7955876588821411
744_class-1,0,0.8252357244491577,0,0.9685064554214478,0.9838379621505737,1.0,0.9757094383239746
744_class-1,1,0.7277653813362122,0,0.9684267044067383,0.9823682308197021,0.9938002594033722,0.9738613963127136
744_class-1,2,0.7281888723373413,0,0.9686866998672485,0.9794255495071411,0.9871153945266196,0.9738014340400696
744_class-1,3,0.7277696132659912,1,0.9684947729110718,0.9839354753494263,0.9944008669625348,0.9762670993804932
744_class-1,4,0.7282705307006836,0,0.968539297580719,0.9688862562179565,0.9872490295380344,0.9653481841087341
744_class-1,5,0.692939043045044,0,0.9688180088996887,0.8931382894515991,0.6327483870967742,0.8387736678123474
745_class-2,0,0.9988313913345337,0,0.9850279092788696,0.9871914386749268,1.0,0.9851713180541992
745_class-2,1,0.7683749198913574,0,0.9718501567840576,1.0018329620361328,0.6846534522454812,0.9725498557090759
745_class-2,2,0.766567587852478,0,0.9710660576820374,1.0046354532241821,0.9958061016590374,0.9780997633934021
745_class-2,3,0.9694436192512512,1,0.984991192817688,1.007946252822876,0.6826907863509308,0.991485595703125
745_class-2,4,0.9698889255523682,0,0.9851894378662109,1.0040221214294434,0.9975424786406835,0.9886087775230408
745_class-2,5,0.9344624876976013,0,0.982554018497467,0.9936820268630981,0.9388580821126022,0.9910509586334229
746_class-2,0,0.5298539400100708,0,0.9867891669273376,0.9888427257537842,1.0,0.9781684279441833
746_class-2,1,0.5211470723152161,0,0.9909988641738892,0.9957020282745361,0.9845927719176898,0.9715953469276428
746_class-2,2,0.5212645530700684,0,0.9876013398170471,0.9898566007614136,0.9850707539009791,0.9762726426124573
746_class-2,3,0.8872117400169373,1,0.99813312292099,0.9799264669418335,0.2533390557939914,0.9760603904724121
746_class-2,4,0.5077653527259827,0,0.988867461681366,0.995367169380188,0.2279530638852673,0.9265071153640747
746_class-2,5,0.5089000463485718,0,0.9889100790023804,0.9938391447067261,0.9921978930715852,0.9228574633598328
747_class-4,0,0.35134419798851013,0,0.9751871228218079,0.9937443733215332,1.0,0.9916274547576904
747_class-4,1,0.34435510635375977,0,0.9750679731369019,0.98518967628479,0.9982748475446668,0.9858089089393616
747_class-4,2,0.3440697193145752,1,0.9750558137893677,0.9976129531860352,0.9975411588625187,0.9931336045265198
747_class-4,3,0.34411540627479553,0,0.9751132726669312,0.9951943159103394,0.9996525550566603,0.9924378395080566
747_class-4,4,0.34521809220314026,0,0.975159227848053,0.9964706897735596,0.9905488864529584,0.9748218059539795
747_class-4,5,0.3444048762321472,0,0.9750807285308838,0.9802687168121338,0.99317767531632,0.9839794635772705
748_class-2,0,0.713867723941803,1,0.9906572699546814,0.9939230680465698,1.0,0.9876589775085449
748_class-2,1,0.3923838436603546,0,0.9408687353134155,0.9536170959472656,0.17355518777282875,0.6781065464019775
748_class-2,2,0.22287636995315552,0,0.9369223713874817,1.0047228336334229,0.43638633693637896,0.9760844111442566
748_class-2,3,0.21666958928108215,0,0.9300591945648193,1.0025852918624878,0.9882779861259545,0.9686481356620789
748_class-2,4,0.25799819827079773,0,0.9305235743522644,0.9790537357330322,0.920710024677924,0.8370351791381836
748_class-2,5,0.22276785969734192,0,0.9352580904960632,1.0049667358398438,0.9269874733410144,0.9772433638572693
749_class-2,0,0.9732973575592041,0,0.9332078695297241,0.9845026731491089,1.0,0.9337972402572632
749_class-2,1,0.4249270260334015,1,0.9844591617584229,0.9807939529418945,0.20505891564654433,0.9740448594093323
749_class-2,2,0.9509302377700806,0,0.9401540756225586,0.9911298751831055,0.2061810962917277,0.9598649144172668
749_class-2,3,0.423337459564209,0,0.9308238625526428,0.9985332489013672,0.21698866937826844,0.9808758497238159
749_class-2,4,0.42337939143180847,0,0.9300299286842346,0.998123049736023,0.9981919789612097,0.9792740345001221
749_class-2,5,0.9148814678192139,0,0.9190255999565125,0.9976986646652222,0.2729396062729396,0.9666558504104614
750_class-1,0,0.638270378112793,0,0.9961753487586975,0.953391432762146,1.0,0.9371480941772461
750_class-1,1,0.6108341813087463,0,0.9904723167419434,0.9719233512878418,0.5601179605401035,0.9410427808761597
750_class-1,2,0.6126183271408081,0,0.9894197583198547,0.9716707468032837,0.9871863730530193,0.9642089009284973
750_class-1,3,0.6124587059020996,0,0.990139365196228,0.9680534601211548,0.99403414305819,0.9614362120628357
750_class-1,4,0.6122673749923706,0,0.9890772700309753,0.9689139127731323,0.995115622376555,0.9613493084907532
750_class-1,5,0.494742214679718,1,0.9913469552993774,1.0050129890441895,0.48583954539899793,0.9915950298309326
751_class-2,0,0.01806742325425148,0,0.8736432194709778,0.9806660413742065,1.0,0.7339364290237427
751_class-2,1,0.09264352917671204,0,0.7494507431983948,0.8945447206497192,0.7609732787655976,0.2962184250354767
751_class-2,2,0.19588887691497803,0,0.7229025363922119,0.8996038436889648,0.7029114437934474,0.24238163232803345
751_class-2,3,0.9444102048873901,0,0.9981863498687744,0.9595208168029785,0.0,0.9569243788719177
751_class-2,4,0.3102506697177887,0,0.8007209300994873,0.8937172889709473,0.0,0.23213401436805725
751_class-2,5,0.9478796720504761,1,0.9981250762939453,0.9791978597640991,0.0,0.9837791323661804
752_class-4,0,0.4137365520000458,1,0.9433953762054443,1.0070242881774902,1.0,0.9949092268943787
752_class-4,1,0.3737943768501282,0,0.9504784941673279,0.9504283666610718,0.5372244681164979,0.9076858162879944
752_class-4,2,0.41716358065605164,0,0.9486028552055359,0.916663646697998,0.3059470911926552,0.969914436340332
752_class-4,3,0.3901980519294739,0,0.9544621706008911,0.8940341472625732,0.4062055335968379,0.834138035774231
752_class-4,4,0.37050068378448486,0,0.962977409362793,0.8457756042480469,0.23411829933759373,0.6749424934387207
752_class-4,5,0.3700433075428009,0,0.9517210721969604,0.9477193355560303,0.2950695047784535,0.9041652679443359
753_class-4,0,0.46068474650382996,0,0.9718921184539795,0.7546486854553223,1.0,0.7360595464706421
753_class-4,1,0.28173309564590454,0,0.7481229901313782,0.8914220333099365,0.07936876305407287,0.7360312938690186
753_class-4,2,0.45436030626296997,0,0.9496115446090698,0.8788822889328003,0.3079572284337255,0.7751504182815552
753_class-4,3,0.5218183398246765,0,0.9582988023757935,0.8726568222045898,0.8017341040462428,0.7798963785171509
753_class-4,4,0.4067426323890686,1,0.9628742933273315,0.9502710103988647,0.4394326360892416,0.9151073694229126
753_class-4,5,0.37988609075546265,0,0.934180736541748,0.924665093421936,0.6179646220997014,0.8692244291305542
754_class-2,0,0.9465911984443665,0,0.9867748022079468,0.9238568544387817,1.0,0.8939570784568787
754_class-2,1,0.9249664545059204,0,0.9838702082633972,0.9815248250961304,0.9848921028995187,0.975909948348999
754_class-2,2,0.9286194443702698,0,0.9837505221366882,0.9824018478393555,0.9915110356536503,0.9799611568450928
754_class-2,3,0.8951522707939148,1,0.9840531945228577,0.9926413297653198,0.9327306933418987,0.9770000576972961
754_class-2,4,0.9253661632537842,0,0.9842301607131958,0.9839410781860352,0.938560791749526,0.9724688529968262
754_class-2,5,0.9231126308441162,0,0.9843361377716064,0.977653980255127,0.9897302162424131,0.9686463475227356
755_class-0,0,0.9908775091171265,0,0.9435799717903137,1.0018537044525146,1.0,0.9928106665611267
755_class-0,1,0.9647238850593567,1,0.9438002109527588,1.005664587020874,0.994257191927866,0.9937058687210083
755_class-0,2,0.9648345112800598,0,0.9436425566673279,1.0053502321243286,0.998550646840947,0.9936748743057251
755_class-0,3,0.9647006988525391,0,0.9435343146324158,1.0050606727600098,0.9984970477724101,0.9938149452209473
755_class-0,4,0.9651435613632202,0,0.9435514807701111,1.0009278059005737,0.9952815013404825,0.991561770439148
755_class-0,5,0.9458740949630737,0,0.9467246532440186,0.9600638151168823,0.9274622535059911,0.6249723434448242
756_class-3,0,0.8806219696998596,0,0.9726729989051819,0.9875838756561279,1.0,0.9533489346504211
756_class-3,1,0.843801736831665,0,0.9783572554588318,0.9843664169311523,0.6515037558193779,0.9618085622787476
756_class-3,2,0.7999035120010376,0,0.9690685272216797,0.9917188882827759,0.645377897655469,0.9562275409698486
756_class-3,3,0.7899583578109741,0,0.9672000408172607,0.9963400363922119,0.9837001420204027,0.9659971594810486
756_class-3,4,0.8650854825973511,1,0.9800132513046265,0.9907838106155396,0.8733423043014246,0.9657134413719177
756_class-3,5,0.851340651512146,0,0.9770758152008057,0.9895808696746826,0.963862698729564,0.971473217010498
757_class-2,0,0.9427428245544434,0,0.9930972456932068,0.916843056678772,1.0,0.9828633069992065
757_class-2,1,0.952979564666748,1,0.9891142845153809,1.0059468746185303,0.8921104536489152,0.9965739250183105
757_class-2,2,0.8924129009246826,0,0.9926046133041382,0.9555634260177612,0.8617366412213741,0.9872202277183533
757_class-2,3,0.5294356346130371,0,0.9897207021713257,0.9195318222045898,0.21632314466211475,0.6731079816818237
757_class-2,4,0.7991651296615601,0,0.989711582660675,0.9641140699386597,0.12399270183974456,0.9494654536247253
757_class-2,5,0.6243141889572144,0,0.9924346208572388,0.9417306184768677,0.2731124982913382,0.8723622560501099
758_class-2,0,0.8048412203788757,0,0.9969020485877991,0.984650731086731,1.0,0.9745472073554993
758_class-2,1,0.9647822976112366,1,0.9988541603088379,1.0067920684814453,0.652275974688712,0.9951580166816711
758_class-2,2,0.9645954966545105,0,0.9988511800765991,1.0064754486083984,0.997902307461792,0.9953334927558899
758_class-2,3,0.9606232643127441,0,0.9982243180274963,0.9262831807136536,0.9860520328420219,0.97101229429245
758_class-2,4,0.9636675119400024,0,0.9988965392112732,0.971296489238739,0.9834018728633008,0.9869151711463928
758_class-2,5,0.9643326997756958,0,0.9988476634025574,0.9999504089355469,0.991706220334749,0.9937447905540466
759_class-1,0,0.4715641736984253,0,0.9466611742973328,0.9560431241989136,1.0,0.9775331616401672
759_class-1,1,0.3670707046985626,0,0.9465579986572266,0.9038888216018677,0.1859652283578056,0.8207589387893677
759_class-1,2,0.45156440138816833,1,0.9447741508483887,0.9662789106369019,0.18634123445200657,0.980266273021698
759_class-1,3,0.42617350816726685,0,0.945284366607666,0.9268978834152222,0.19462847823871166,0.7978590726852417
759_class-1,4,0.29745155572891235,0,0.9356440901756287,0.9276770353317261,0.4606430548654979,0.6514501571655273
759_class-1,5,0.30016520619392395,0,0.9336048364639282,0.9390509128570557,0.9021201141006862,0.8033557534217834
760_class-4,0,0.5335370302200317,0,0.9742093086242676,0.9051522016525269,1.0,0.5390270948410034
760_class-4,1,0.6735510230064392,0,0.9850932955741882,0.942145586013794,0.4068007464233879,0.5737587809562683
760_class-4,2,0.4734812378883362,0,0.9783937931060791,0.96932053565979,0.3337535761043495,0.849180281162262
760_class-4,3,0.4303283095359802,0,0.9981446862220764,0.8662375211715698,0.146851016462593,0.9101897478103638
760_class-4,4,0.37489840388298035,0,0.9887080788612366,0.9150633811950684,0.0,0.9134741425514221
760_class-4,5,0.369182288646698,1,0.9892830848693848,0.985740065574646,0.9495478914939586,0.970149576663971
761_class-3,0,0.895742654800415,0,0.939655065536499,0.9808295965194702,1.0,0.9374037384986877
761_class-3,1,0.6969366073608398,0,0.9685022830963135,0.9865835905075073,0.7987183162032677,0.9717303514480591
761_class-3,2,0.6967546939849854,0,0.9691128730773926,0.9828990697860718,0.9925733805668017,0.9728748202323914
761_class-3,3,0.62592613697052,0,0.9828033447265625,0.9830693006515503,0.7738613911545671,0.964709997177124
761_class-3,4,0.6274725794792175,1,0.98244309425354,0.987015962600708,0.9757681698633652,0.9721696376800537
761_class-3,5,0.8080968856811523,0,0.936039388179779,0.9795240163803101,0.6213715019873931,0.9375167489051819
762_class-3,0,0.3387211561203003,0,0.9677392840385437,1.0098072290420532,1.0,0.9823537468910217
762_class-3,1,0.9616100788116455,1,0.9866830110549927,1.005210518836975,0.18369988789836117,0.9932050704956055
762_class-3,2,0.33450502157211304,0,0.9679884314537048,1.0164222717285156,0.1841349940593002,0.9864449501037598
762_class-3,3,0.9680370688438416,0,0.9869296550750732,0.9915481805801392,0.18601642066789834,0.9912386536598206
762_class-3,4,0.9631456136703491,0,0.9867286682128906,1.0007191896438599,0.9878461702961828,0.9919342994689941
762_class-3,5,0.9667131900787354,0,0.9868979454040527,0.9995574951171875,0.991485403548941,0.9926736950874329
763_class-3,0,0.9774082899093628,1,0.9913683533668518,0.9961868524551392,1.0,0.9889148473739624
763_class-3,1,0.912618100643158,0,0.9906827211380005,0.9896942377090454,0.9887113810404013,0.9851787090301514
763_class-3,2,0.8389661312103271,0,0.980269193649292,0.9885367155075073,0.6908874329958309,0.977857768535614
763_class-3,3,0.9009957313537598,0,0.9885334968566895,0.9819983243942261,0.6780951141760458,0.9777639508247375
763_class-3,4,0.7614707350730896,0,0.9868848919868469,0.9784907102584839,0.6499035426166258,0.9817425012588501
763_class-3,5,0.72408527135849,0,0.9809249043464661,0.9902609586715698,0.8722513915755399,0.9678754210472107
764_class-3,0,0.7408478856086731,1,0.9913095831871033,0.9930342435836792,1.0,0.9869405031204224
764_class-3,1,0.7146747708320618,0,0.9911483526229858,0.9923413991928101,0.9953648680770145,0.9864038825035095
764_class-3,2,0.8047673106193542,0,0.9961210489273071,0.9615429639816284,0.5855917911688558,0.9089605808258057
764_class-3,3,0.715074360370636,0,0.9907976984977722,0.9928337335586548,0.5854515248605672,0.9870154857635498
764_class-3,4,0.7155227661132812,0,0.9912410378456116,0.9929308891296387,0.9976622553292654,0.9869592189788818
764_class-3,5,0.7151732444763184,0,0.9910364747047424,0.9925758838653564,0.9952880617699466,0.9870448708534241
765_class-1,0,0.8462502956390381,0,0.9782356023788452,0.9831947088241577,1.0,0.9746372699737549
765_class-1,1,0.796467661857605,0,0.9854762554168701,0.9447349309921265,0.7905659645447846,0.9392622709274292
765_class-1,2,0.7383612394332886,0,0.9775680899620056,0.9711111783981323,0.7750533462657614,0.9506325721740723
765_class-1,3,0.5806767344474792,0,0.9831599593162537,0.9509236812591553,0.5212835018084021,0.9340505599975586
765_class-1,4,0.49764421582221985,0,0.9851056337356567,0.9541558027267456,0.01549980296860633,0.9859877228736877
765_class-1,5,0.5371080040931702,1,0.9850496053695679,0.9752922058105469,0.06250887910214518,0.9744252562522888
766_class-2,0,0.4758254587650299,0,0.9840087294578552,0.9341644048690796,1.0,0.3350563049316406
766_class-2,1,0.8636332750320435,1,0.990715742111206,0.9790974855422974,0.0,0.9798569679260254
766_class-2,2,0.4235082268714905,0,0.8749299049377441,0.9342703819274902,0.0,0.22046956419944763
766_class-2,3,0.8642975687980652,0,0.9907355308532715,0.9786660671234131,0.0,0.977414071559906
766_class-2,4,0.8649251461029053,0,0.990696907043457,0.977466344833374,0.9961996779388084,0.9785164594650269
766_class-2,5,0.4229303002357483,0,0.9732319116592407,1.0047149658203125,5.350741077639253e-05,0.3643189072608948
767_class-1,0,0.535457968711853,1,0.9931597709655762,0.9485312700271606,1.0,0.9453496336936951
767_class-1,1,0.428495317697525,0,0.981701135635376,0.9378550052642822,0.5840867430950384,0.6900928616523743
767_class-1,2,0.5658209323883057,0,0.994035542011261,0.9088836908340454,0.20637095123372226,0.7019287943840027
767_class-1,3,0.13695645332336426,0,0.9500531554222107,0.9914731979370117,0.053544918637667374,0.8848758935928345
767_class-1,4,0.5307408571243286,0,0.9925389289855957,0.8691056966781616,0.11621262490812895,0.7036543488502502
767_class-1,5,0.8014455437660217,0,0.9961692094802856,0.9009177684783936,0.2151173400489069,0.9067631959915161
768_class-0,0,0.9968600273132324,1,0.9973636269569397,1.0086060762405396,1.0,0.9942646622657776
768_class-0,1,0.9600712656974792,0,0.9974985122680664,1.005210280418396,0.9983668367038329,0.9942359328269958
768_class-0,2,0.9597378969192505,0,0.9973805546760559,1.0082579851150513,0.9983265791649025,0.9942389726638794
768_class-0,3,0.8729233741760254,0,0.9969862699508667,1.007295846939087,0.8385484878402611,0.9929215312004089
768_class-0,4,0.960254430770874,0,0.9975247979164124,1.003402829170227,0.8395129043984005,0.9940556883811951
768_class-0,5,0.9602395296096802,0,0.9975433349609375,1.0041447877883911,0.9995550521802443,0.994069516658783
769_class-3,0,0.4382137358188629,0,0.9663822054862976,0.9466831684112549,1.0,0.8043873310089111
769_class-3,1,0.8115391135215759,0,0.9726206064224243,0.8421581387519836,0.16415525478979243,0.8364986181259155
769_class-3,2,0.7935890555381775,1,0.9618701934814453,0.9560890197753906,0.5349257748433491,0.9745900630950928
769_class-3,3,0.5448577404022217,0,0.9724372625350952,0.9176300764083862,0.375218809675366,0.821073055267334
769_class-3,4,0.4581196904182434,0,0.9667035937309265,0.9287867546081543,0.5536591268203106,0.7801913022994995
769_class-3,5,0.933387279510498,0,0.9628375768661499,0.8877143263816833,0.1460901128383177,0.9844194054603577
770_class-2,0,0.9263100624084473,1,0.9970923662185669,1.0021088123321533,1.0,0.9931175112724304
770_class-2,1,0.5017598271369934,0,0.9887312054634094,0.9517172574996948,0.3702058547276143,0.9064788222312927
770_class-2,2,0.5184520483016968,0,0.9923228025436401,0.9441304206848145,0.9295071985543967,0.8948443531990051
770_class-2,3,0.6373481750488281,0,0.9962100982666016,0.9362879991531372,0.669620627083597,0.8318934440612793
770_class-2,4,0.7890797257423401,0,0.9970738291740417,1.0017982721328735,0.5773967939592746,0.9932593703269958
770_class-2,5,0.5889018177986145,0,0.9941192269325256,0.9292142391204834,0.5086978870762655,0.8341261744499207
771_class-0,0,0.9944353103637695,0,0.999121904373169,0.9906421899795532,1.0,0.9895862936973572
771_class-0,1,0.2788892984390259,0,0.9518730640411377,0.9913517236709595,0.07337221288673623,0.9718823432922363
771_class-0,2,0.9477666616439819,0,0.99894118309021,0.960983395576477,0.0744413545827981,0.9912092685699463
771_class-0,3,0.951001763343811,0,0.9991213083267212,0.9988192319869995,0.9870203160270881,0.9930926561355591
771_class-0,4,0.9525519609451294,0,0.9991455674171448,0.9969873428344727,0.9888825541619156,0.9913762211799622
771_class-0,5,0.9540798664093018,1,0.9990264773368835,1.0022085905075073,0.9941531678328381,0.9940217733383179
772_class-2,0,0.9953223466873169,1,0.9915842413902283,1.0060867071151733,1.0,0.9896827936172485
772_class-2,1,0.9561796188354492,0,0.9915686845779419,1.0060415267944336,0.9996669744629963,0.9898177981376648
772_class-2,2,0.9562609791755676,0,0.9915714859962463,1.0056495666503906,0.9996215618897686,0.9895510673522949
772_class-2,3,0.9562733769416809,0,0.9915852546691895,1.0059653520584106,0.9995306656977184,0.9895809888839722
772_class-2,4,0.9562476873397827,0,0.9915960431098938,1.005749225616455,0.9994852930045264,0.9896944165229797
772_class-2,5,0.9562218189239502,0,0.9915835857391357,1.005918025970459,0.999515613883717,0.9894644618034363
773_class-1,0,0.5654032826423645,0,0.9868698120117188,0.9337538480758667,1.0,0.8177649974822998
773_class-1,1,0.6147102117538452,1,0.9814877510070801,0.9842040538787842,0.6149363010689706,0.951379120349884
773_class-1,2,0.6570773720741272,0,0.9785436391830444,0.9692623615264893,0.6638413803541698,0.9518126845359802
773_class-1,3,0.6208908557891846,0,0.9796037077903748,0.9880725145339966,0.6788546552829615,0.9555026292800903
773_class-1,4,0.47526246309280396,0,0.9867750406265259,0.9359291791915894,0.5205145935978333,0.83382648229599
773_class-1,5,0.5157324075698853,0,0.9769739508628845,0.9801476001739502,0.590083425544877,0.9407019019126892
774_class-0,0,0.9799346923828125,0,0.9980059266090393,1.0050199031829834,1.0,0.9932346343994141
774_class-0,1,0.9392049312591553,0,0.9980276823043823,1.005031943321228,0.9991399948864561,0.9932886362075806
774_class-0,2,0.9395861625671387,0,0.998332679271698,1.0051876306533813,0.9979569567942794,0.9928491711616516
774_class-0,3,0.9396365880966187,0,0.998286783695221,1.0050218105316162,0.9986533550034827,0.9925269484519958
774_class-0,4,0.9396225214004517,0,0.9983322620391846,1.004724144935608,0.9983058714318868,0.9926989674568176
774_class-0,5,0.9392386674880981,1,0.9983165264129639,1.0053240060806274,0.9973783119112802,0.9930390119552612
775_class-2,0,0.9885077476501465,0,0.9934180974960327,0.9933356046676636,1.0,0.9678879976272583
775_class-2,1,0.9163856506347656,0,0.990449070930481,1.0031095743179321,0.9227730441518203,0.9926706552505493
775_class-2,2,0.9164482355117798,1,0.9912158846855164,1.0036811828613281,0.9995193312434691,0.9930317401885986
775_class-2,3,0.9510377645492554,0,0.9935640096664429,0.9959917068481445,0.9106312991260113,0.9683896899223328
775_class-2,4,0.9460290670394897,0,0.9933009147644043,0.996375322341919,0.9875180028804609,0.9650393724441528
775_class-2,5,0.9165858030319214,0,0.9894835352897644,1.0019499063491821,0.9213439653170241,0.9920358657836914
776_class-4,0,0.8142951130867004,0,0.9899007678031921,0.9940704107284546,1.0,0.9691819548606873
776_class-4,1,0.5995518565177917,0,0.9936374425888062,0.9557191133499146,0.40031584325504344,0.7757018208503723
776_class-4,2,0.8126867413520813,0,0.9808355569839478,0.9303743839263916,0.5639151062859844,0.7944439053535461
776_class-4,3,0.3992721736431122,1,0.9981814622879028,0.9731276035308838,0.13634827283174475,0.9804614186286926
776_class-4,4,0.4885559380054474,0,0.996849000453949,0.9746156930923462,0.11387445021991204,0.9525737762451172
776_class-4,5,0.42006993293762207,0,0.9967848062515259,0.9451260566711426,0.2040414385315319,0.9203177690505981
777_class-3,0,0.9955741167068481,1,0.961797833442688,1.0078030824661255,1.0,0.9920473694801331
777_class-3,1,0.9710967540740967,0,0.9615084528923035,1.0069811344146729,0.9977482834625692,0.9897453784942627
777_class-3,2,0.9712647199630737,0,0.9618958234786987,1.0074446201324463,0.9974460659898478,0.9917334318161011
777_class-3,3,0.971186637878418,0,0.9613950252532959,1.0059125423431396,0.9970495391887819,0.9899100065231323
777_class-3,4,0.971110463142395,0,0.9613316059112549,1.0061724185943604,0.9992380589551884,0.9899618029594421
777_class-3,5,0.9712610840797424,0,0.9615818858146667,1.0068471431732178,0.9989364235256767,0.9897270798683167
778_class-4,0,0.9950839877128601,0,0.998595118522644,0.9981812238693237,1.0,0.9957349896430969
778_class-4,1,0.7027785778045654,0,0.997336745262146,0.9508756399154663,0.5228296340246501,0.9017950296401978
778_class-4,2,0.9617801904678345,0,0.9985371828079224,1.010389804840088,0.5226256531810591,0.9969230890274048
778_class-4,3,0.5537139773368835,0,0.9915618896484375,0.9680963754653931,0.31437195650723765,0.9183582663536072
778_class-4,4,0.9625416398048401,1,0.9985955953598022,1.0110855102539062,0.31457727895246684,0.9958904385566711
778_class-4,5,0.7976187467575073,0,0.9988821148872375,0.9580031633377075,0.6873184555437478,0.9415181279182434
779_class-4,0,0.42152175307273865,0,0.9765334129333496,0.9290070533752441,1.0,0.7496610879898071
779_class-4,1,0.3719470500946045,0,0.9842755794525146,0.9619386196136475,0.03432096413090078,0.9603366851806641
779_class-4,2,0.3721814751625061,0,0.9844473600387573,0.867462158203125,0.9590963450183123,0.9444762468338013
779_class-4,3,0.3136894702911377,0,0.8944429755210876,0.8899571895599365,0.26898391684075407,0.638411283493042
779_class-4,4,0.3716633915901184,0,0.9079960584640503,0.9734488725662231,0.08680076543099996,0.9523515105247498
779_class-4,5,0.37229934334754944,1,0.9839307069778442,0.972723126411438,0.0,0.9772652387619019
780_class-3,0,0.7850068807601929,0,0.9815532565116882,0.9724639654159546,1.0,0.9530282616615295
780_class-3,1,0.7173138856887817,0,0.9831961393356323,0.9761382341384888,0.9229681866552311,0.929695725440979
780_class-3,2,0.7336814403533936,0,0.9820055365562439,0.9746763706207275,0.9186352956118625,0.9519816040992737
780_class-3,3,0.7388324737548828,0,0.9821164608001709,0.9754444360733032,0.982154001855444,0.9582286477088928
780_class-3,4,0.36843836307525635,0,0.989111065864563,0.970655083656311,0.30291063086075354,0.9773892760276794
780_class-3,5,0.31966379284858704,1,0.9884504079818726,0.9857127666473389,0.40963063576216974,0.9870970249176025
781_class-4,0,0.4184471666812897,1,0.9906455278396606,1.0100643634796143,1.0,0.993037223815918
781_class-4,1,0.40374699234962463,0,0.9905388355255127,0.9933745861053467,0.9958652108247295,0.9906942844390869
781_class-4,2,0.4035663604736328,0,0.9906817674636841,1.0040671825408936,0.9932648260492757,0.991857647895813
781_class-4,3,0.41577503085136414,0,0.9861088395118713,0.9301497936248779,0.02257882086808992,0.8277539014816284
781_class-4,4,0.4035373628139496,0,0.9906814098358154,1.006354808807373,0.022593514798257032,0.9920702576637268
781_class-4,5,0.40359893441200256,0,0.9904055595397949,0.9473240375518799,0.9947780678851175,0.9847890138626099
782_class-1,0,0.32586735486984253,0,0.9722331762313843,0.9909956455230713,1.0,0.9652715921401978
782_class-1,1,0.3521049916744232,0,0.9810778498649597,0.9695736169815063,0.5696188734543605,0.8873262405395508
782_class-1,2,0.3543143570423126,1,0.9847713708877563,0.9810841083526611,0.5748793889037791,0.9657617211341858
782_class-1,3,0.327528715133667,0,0.9902496337890625,0.9614083766937256,0.6605116456662848,0.7225961089134216
782_class-1,4,0.3699164390563965,0,0.9882490634918213,0.9654874801635742,0.5895016504307221,0.9305845499038696
782_class-1,5,0.3325057625770569,0,0.9812233448028564,0.9893440008163452,0.6290971039182283,0.9567562937736511
783_class-2,0,0.8565032482147217,0,0.9898886680603027,0.9792537689208984,1.0,0.9743828177452087
783_class-2,1,0.9079928994178772,0,0.9867362976074219,0.9640980958938599,0.8090128755364807,0.935680091381073
783_class-2,2,0.9072401523590088,0,0.9865549206733704,0.9657144546508789,0.9873066894074816,0.9346054196357727
783_class-2,3,0.8932853937149048,0,0.9869602918624878,0.9625399112701416,0.9688664621879226,0.9226166605949402
783_class-2,4,0.817756175994873,1,0.9897361993789673,0.9890458583831787,0.8260199638239432,0.9758267402648926
783_class-2,5,0.9096958637237549,0,0.9865549802780151,0.9653383493423462,0.8048772562590372,0.937794029712677
784_class-0,0,0.9945518374443054,0,0.9948219060897827,0.9996942281723022,1.0,0.9818670153617859
784_class-0,1,0.9443987607955933,0,0.9947953224182129,0.9997848272323608,0.9975947083583885,0.9809521436691284
784_class-0,2,0.9442000389099121,0,0.994835615158081,0.9991943836212158,0.9986458310942975,0.9810994267463684
784_class-0,3,0.9444969296455383,0,0.9948079586029053,0.9996473789215088,0.9982159745507695,0.9800105690956116
784_class-0,4,0.9442711472511292,0,0.9947044849395752,0.99825119972229,0.9972730395946062,0.9805272817611694
784_class-0,5,0.9444490671157837,1,0.9949616193771362,1.00015127658844,0.9962641703881827,0.9811432957649231
785_class-1,0,0.6135345101356506,0,0.9828323125839233,0.971471905708313,1.0,0.9196087718009949
785_class-1,1,0.5201932191848755,0,0.9814271926879883,0.9660508632659912,0.958927476234284,0.9143683314323425
785_class-1,2,0.5227048993110657,0,0.983492910861969,0.9659631252288818,0.9867114543520233,0.9054833650588989
785_class-1,3,0.5384764671325684,1,0.9826523661613464,0.981487512588501,0.9520344436033308,0.9560588598251343
785_class-1,4,0.4440610408782959,0,0.98060542345047,0.972399115562439,0.47062404291543414,0.9653101563453674
785_class-1,5,0.4978558123111725,0,0.9855469465255737,0.9726731777191162,0.5215823165265812,0.9415455460548401
786_class-0,0,0.9931929111480713,0,0.9894018769264221,1.0085550546646118,1.0,0.9916485548019409
786_class-0,1,0.963494598865509,0,0.9897797107696533,1.0082676410675049,0.9993705359436822,0.991730809211731
786_class-0,2,0.9635171294212341,0,0.989625871181488,1.0083072185516357,0.9994990494784977,0.9920389652252197
786_class-0,3,0.9640935659408569,1,0.9898358583450317,1.00935959815979,0.9920597494296529,0.9948517084121704
786_class-0,4,0.9634711742401123,0,0.9897414445877075,1.0077844858169556,0.9919577879456035,0.9917344450950623
786_class-0,5,0.9635580778121948,0,0.9897119998931885,1.0080159902572632,0.9994349629515481,0.9921606779098511
787_class-3,0,0.9789080619812012,0,0.9776087999343872,1.0074903964996338,1.0,0.9926031827926636
787_class-3,1,0.9554036855697632,0,0.977783739566803,1.0103435516357422,0.9983475592331681,0.9942727088928223
787_class-3,2,0.9613308906555176,0,0.9801609516143799,1.0099384784698486,0.9741899522574704,0.992881715297699
787_class-3,3,0.9613264203071594,1,0.9799693822860718,1.011033535003662,0.9992976252467394,0.9931195378303528
787_class-3,4,0.9553370475769043,0,0.9780272245407104,1.0100104808807373,0.9733696639418711,0.994307279586792
787_class-3,5,0.9553232789039612,0,0.9777100682258606,1.0101449489593506,0.9994403472334499,0.9943012595176697
788_class-0,0,0.9996649026870728,1,0.9926316142082214,1.0083510875701904,1.0,0.9944173097610474
788_class-0,1,0.9388921856880188,0,0.9925731420516968,1.00706946849823,0.9990793537657401,0.9943767786026001
788_class-0,2,0.9389488697052002,0,0.9925676584243774,1.0080511569976807,0.9990789981877061,0.9944180846214294
788_class-0,3,0.9394036531448364,0,0.9925719499588013,1.005662441253662,0.9985435306007193,0.9943253397941589
788_class-0,4,0.9389375448226929,0,0.9925633668899536,1.0075796842575073,0.9985732544660108,0.9942908883094788
788_class-0,5,0.9392443895339966,0,0.9925780296325684,1.0050138235092163,0.9986329460013671,0.994062602519989
789_class-3,0,0.9841808676719666,0,0.9891268610954285,1.0069364309310913,1.0,0.9931680560112
789_class-3,1,0.6314760446548462,0,0.9873839616775513,0.9741659164428711,0.4702055645261458,0.8198279142379761
789_class-3,2,0.9455519914627075,0,0.9895844459533691,0.989080548286438,0.4685883452789031,0.9829590320587158
789_class-3,3,0.9490262269973755,1,0.9891111850738525,1.0072221755981445,0.9842875259039312,0.9933943748474121
789_class-3,4,0.948936402797699,0,0.9890965223312378,1.006659984588623,0.9986704183544108,0.9930833578109741
789_class-3,5,0.9489083290100098,0,0.9890857934951782,1.006852149963379,0.9989794656110836,0.9932482242584229
790_class-0,0,0.9936497211456299,0,0.9620643258094788,1.005587100982666,1.0,0.9926738142967224
790_class-0,1,0.9591084718704224,0,0.9624112844467163,1.008504867553711,0.9987623990985832,0.9926242828369141
790_class-0,2,0.9592012166976929,0,0.9622646570205688,1.0084813833236694,0.9992612293144209,0.9928318858146667
790_class-0,3,0.959044873714447,0,0.9622973203659058,1.0071852207183838,0.9991136879812398,0.9925829768180847
790_class-0,4,0.9591164588928223,0,0.962358832359314,1.00852370262146,0.9992060707889441,0.9925246238708496
790_class-0,5,0.9591766595840454,1,0.962558388710022,1.0102663040161133,0.9985608856088561,0.9932845830917358
791_class-0,0,0.9982088804244995,0,0.9446033835411072,1.0008219480514526,1.0,0.993279755115509
791_class-0,1,0.9555385112762451,0,0.9445153474807739,0.9711345434188843,0.9956549900145734,0.987648069858551
791_class-0,2,0.9577587842941284,0,0.9436862468719482,1.0046390295028687,0.9891486260325001,0.9920750260353088
791_class-0,3,0.9577552080154419,0,0.9438490867614746,1.0042290687561035,0.9990179496972011,0.9920881986618042
791_class-0,4,0.9578614234924316,0,0.9437417387962341,1.0048290491104126,0.9992086448725646,0.9920605421066284
791_class-0,5,0.9576237201690674,1,0.9440857172012329,1.0042922496795654,0.9986079266295447,0.9918107986450195
792_class-1,0,0.4629009962081909,0,0.9960156083106995,0.9386309385299683,1.0,0.7544661164283752
792_class-1,1,0.42637258768081665,0,0.9957165718078613,0.9346053600311279,0.1067771818625061,0.9858741760253906
792_class-1,2,0.5342410802841187,0,0.9946922063827515,0.9866702556610107,0.05387421468621226,0.9195111989974976
792_class-1,3,0.6287176609039307,0,0.9980257749557495,0.9664108753204346,0.6609885983477846,0.918679416179657
792_class-1,4,0.534288763999939,0,0.9946780204772949,0.9831395149230957,0.6574121416641102,0.9066828489303589
792_class-1,5,0.6306068301200867,1,0.9977282881736755,0.9770830869674683,0.6543060776675909,0.9251290559768677
793_class-1,0,0.4874616265296936,0,0.9239693880081177,0.9756309986114502,1.0,0.9218535423278809
793_class-1,1,0.8007842302322388,1,0.9858016967773438,0.967348575592041,0.1849010280804051,0.969942569732666
793_class-1,2,0.6423102617263794,0,0.9753208160400391,0.9566975831985474,0.5391504739957053,0.923387348651886
793_class-1,3,0.6398308873176575,0,0.9734452962875366,0.9580649137496948,0.9804238880768428,0.9390237927436829
793_class-1,4,0.45470595359802246,0,0.9097189903259277,0.9702497720718384,0.29128608825024954,0.9060468077659607
793_class-1,5,0.5110387206077576,0,0.9280452728271484,0.9515533447265625,0.21447186430807308,0.8809287548065186
794_class-4,0,0.8010447025299072,0,0.9844597578048706,0.9894468784332275,1.0,0.9606356024742126
794_class-4,1,0.7868503332138062,0,0.9843714833259583,0.991675853729248,0.9977961590200063,0.9635306000709534
794_class-4,2,0.5305147767066956,1,0.9882094264030457,1.007330060005188,0.47170592433975733,0.9934911131858826
794_class-4,3,0.7871793508529663,0,0.9844278693199158,0.9900280237197876,0.4711797680688091,0.9612812399864197
794_class-4,4,0.9054997563362122,0,0.9842761754989624,1.0034148693084717,0.8083698387547767,0.9830220937728882
794_class-4,5,0.9681028723716736,0,0.9794784188270569,1.0065069198608398,0.9114741844198836,0.9923985600471497
795_class-0,0,0.9937442541122437,0,0.9640823602676392,0.9950225353240967,1.0,0.9762588739395142
795_class-0,1,0.6235925555229187,1,0.993389368057251,0.9917763471603394,0.49318130123913406,0.9735000729560852
795_class-0,2,0.90552818775177,0,0.9641207456588745,0.9949657917022705,0.4962929052675577,0.9719783663749695
795_class-0,3,0.9076437950134277,0,0.9637147784233093,1.0006400346755981,0.9810083766091645,0.9746231436729431
795_class-0,4,0.907585084438324,0,0.963437020778656,0.9999023675918579,0.9969938662725966,0.9748196005821228
795_class-0,5,0.9077439308166504,0,0.9643572568893433,0.9941352605819702,0.9968498354013674,0.9736090302467346
796_class-1,0,0.5641556978225708,0,0.953507661819458,0.9860067367553711,1.0,0.9607622027397156
796_class-1,1,0.46893373131752014,0,0.9466965198516846,0.9907691478729248,0.5752980521304026,0.9770050644874573
796_class-1,2,0.5045487880706787,0,0.9498840570449829,0.9692533016204834,0.8613088925920315,0.9710454344749451
796_class-1,3,0.5133184790611267,0,0.9537272453308105,0.9859424829483032,0.568072739550925,0.9572209715843201
796_class-1,4,0.5240498781204224,0,0.9534317255020142,0.9807416200637817,0.9547839429787656,0.9537054300308228
796_class-1,5,0.6048564314842224,1,0.9803097248077393,0.9378416538238525,0.7041292012221737,0.8995261788368225
797_class-1,0,0.6554691195487976,1,0.9891098737716675,0.9810948371887207,1.0,0.9886016845703125
797_class-1,1,0.6106035709381104,0,0.9895086884498596,0.9731405973434448,0.9705952952472395,0.9782077670097351
797_class-1,2,0.7289550304412842,0,0.9925205707550049,0.9791444540023804,0.371651836126293,0.9350313544273376
797_class-1,3,0.6022516489028931,0,0.9918056726455688,0.959013819694519,0.3602990856267736,0.977849006652832
797_class-1,4,0.5103157162666321,0,0.9912848472595215,0.9292271137237549,0.447691910943007,0.8727444410324097
797_class-1,5,0.8052113056182861,0,0.9890472888946533,0.9804902076721191,0.2442404944746207,0.9776071906089783
798_class-4,0,0.45602327585220337,0,0.9743220210075378,0.9401623010635376,1.0,0.32552462816238403
798_class-4,1,0.7618604898452759,0,0.9943000078201294,0.9453461170196533,0.0,0.966939389705658
798_class-4,2,0.798632025718689,0,0.9942125678062439,0.9618420600891113,0.8465030674846625,0.9774516224861145
798_class-4,3,0.9142963886260986,1,0.9933249354362488,0.9949812889099121,0.7260865098119799,0.9938244223594666
798_class-4,4,0.9148480296134949,0,0.9934028387069702,0.9875109195709229,0.9943714821763602,0.9925051331520081
798_class-4,5,0.8978254795074463,0,0.9932012557983398,0.9837781190872192,0.9280425487537803,0.9878037571907043
799_class-0,0,0.9815030097961426,1,0.9571542739868164,0.9847375154495239,1.0,0.9289517998695374
799_class-0,1,0.9134392738342285,0,0.9535769820213318,0.9789955615997314,0.9789023149432826,0.9233716726303101
799_class-0,2,0.914888858795166,0,0.9548143148422241,0.9817569255828857,0.989404616013072,0.9284301400184631
799_class-0,3,0.9182851314544678,0,0.9536340832710266,0.9793815612792969,0.9872593504063165,0.9248149394989014
799_class-0,4,0.9151216745376587,0,0.9540002346038818,0.9809837341308594,0.9895174067571618,0.9267335534095764
799_class-0,5,0.9185589551925659,0,0.9516317844390869,0.9804881811141968,0.988069850894547,0.9275619983673096
800_class-3,0,0.6139697432518005,0,0.9453976154327393,0.9575150012969971,1.0,0.9171836972236633
800_class-3,1,0.22591759264469147,0,0.9601142406463623,0.9783079624176025,0.19403911101746008,0.8920353651046753
800_class-3,2,0.7290329337120056,0,0.9723552465438843,0.9569345712661743,0.08507197722039618,0.9585422277450562
800_class-3,3,0.8170305490493774,0,0.9700942039489746,0.9680378437042236,0.6328750381912618,0.9760255217552185
800_class-3,4,0.018452538177371025,0,0.9558946490287781,0.9416344165802002,0.03503020105109467,0.48038023710250854
800_class-3,5,0.8077131509780884,1,0.9654630422592163,0.9859107732772827,0.034078956861166694,0.9872834086418152
801_class-1,0,0.7615773677825928,1,0.9705921411514282,0.9897178411483765,1.0,0.960921049118042
801_class-1,1,0.5140630006790161,0,0.9566393494606018,0.9831249713897705,0.8374590436050288,0.955780565738678
801_class-1,2,0.5090837478637695,0,0.9569711089134216,0.9713265895843506,0.9463330945916685,0.9154198169708252
801_class-1,3,0.4521542191505432,0,0.9483347535133362,0.9851998090744019,0.5011927924879451,0.9810112714767456
801_class-1,4,0.46624037623405457,0,0.9515494704246521,0.9824488162994385,0.9149105611369762,0.9686158299446106
801_class-1,5,0.5403610467910767,0,0.9651851654052734,0.971295952796936,0.498517408981139,0.9662348031997681
802_class-4,0,0.5402593612670898,0,0.974692165851593,0.9793486595153809,1.0,0.9722397327423096
802_class-4,1,0.4460974633693695,0,0.9601485729217529,0.9274947643280029,0.03082649190604242,0.7434599995613098
802_class-4,2,0.6709672212600708,0,0.9903116822242737,1.00008225440979,0.047377151150736055,0.9910143613815308
802_class-4,3,0.39503660798072815,0,0.9662457704544067,0.9655579328536987,0.05338868360628317,0.9406930208206177
802_class-4,4,0.49405983090400696,0,0.9740278720855713,0.9457085132598877,0.30187591938247826,0.6841915249824524
802_class-4,5,0.7251466512680054,1,0.9985884428024292,0.9912794828414917,0.2859107937251229,0.9891557097434998
803_class-4,0,0.9979361295700073,0,0.9900753498077393,1.0151927471160889,1.0,0.9963668584823608
803_class-4,1,0.9782105684280396,1,0.9902647733688354,1.015903353691101,0.9997041322857425,0.9963899850845337
803_class-4,2,0.9781580567359924,0,0.9901366233825684,1.0151615142822266,0.9996932112021738,0.996447741985321
803_class-4,3,0.9781689643859863,0,0.9901831746101379,1.0150976181030273,0.9995397764628534,0.9963637590408325
803_class-4,4,0.9781709313392639,0,0.9900022149085999,1.0152922868728638,0.99959454276478,0.9964196681976318
803_class-4,5,0.9780855178833008,0,0.9901862740516663,1.0155742168426514,0.9997479728248959,0.9963646531105042
804_class-0,0,0.7518728971481323,0,0.99363112449646,0.8827931880950928,1.0,0.7492705583572388
804_class-0,1,0.3134252727031708,0,0.8983392715454102,0.964738130569458,0.17467858924665158,0.8086920976638794
804_class-0,2,0.8634190559387207,0,0.9949224591255188,0.9439708590507507,0.10318392154154292,0.9694156646728516
804_class-0,3,0.8703027963638306,1,0.9943475723266602,0.9965380430221558,0.952744349867919,0.987920343875885
804_class-0,4,0.42230093479156494,0,0.9378467798233032,0.9299967288970947,0.147129055278037,0.6835015416145325
804_class-0,5,0.8721294403076172,0,0.9943240880966187,0.991449236869812,0.14745135653603728,0.9866219162940979
805_class-3,0,0.06218893453478813,0,0.918891429901123,0.9656392335891724,1.0,0.5531589984893799
805_class-3,1,0.8662291765213013,1,0.9818816184997559,0.9743634462356567,0.11681930203547632,0.9680068492889404
805_class-3,2,0.8687137365341187,0,0.9819304943084717,0.9748945236206055,0.9855772326315112,0.9609382748603821
805_class-3,3,0.8650479316711426,0,0.9820073246955872,0.9477030038833618,0.9805700727820706,0.9453495740890503
805_class-3,4,0.8653362989425659,0,0.9818146228790283,0.9726303815841675,0.9849204578059745,0.9679957628250122
805_class-3,5,0.8665621280670166,0,0.982079803943634,0.9666163921356201,0.987241954096679,0.9603931307792664
806_class-1,0,0.49656614661216736,0,0.997739315032959,0.9102156162261963,1.0,0.6420580148696899
806_class-1,1,0.5065988898277283,1,0.9879395961761475,0.9542735815048218,0.2544747081712062,0.9834266901016235
806_class-1,2,0.5408680438995361,0,0.9910259246826172,0.9052671194076538,0.8182355025392701,0.930824339389801
806_class-1,3,0.38096678256988525,0,0.9912860989570618,0.9092557430267334,0.07218808118379559,0.5715166330337524
806_class-1,4,0.31729814410209656,0,0.9786931276321411,0.9684667587280273,0.2611303373277338,0.9301965236663818
806_class-1,5,0.31427550315856934,0,0.9756399393081665,0.9592585563659668,0.9552984665936474,0.9367188215255737
807_class-0,0,0.9986181259155273,1,0.9909714460372925,1.0026718378067017,1.0,0.991562008857727
807_class-0,1,0.38550788164138794,0,0.9709869027137756,0.9399690628051758,0.1378049143117684,0.7157806754112244
807_class-0,2,0.7689971327781677,0,0.9946365356445312,0.9498589038848877,0.20644477337280473,0.8430982232093811
807_class-0,3,0.9155415296554565,0,0.990302562713623,0.987067461013794,0.6534311609840311,0.9901520609855652
807_class-0,4,0.45688068866729736,0,0.9661856293678284,0.9127274751663208,0.016262566528681254,0.3919679522514343
807_class-0,5,0.9206666946411133,0,0.9903311729431152,0.9983866214752197,0.01638504864311316,0.9904312491416931
808_class-2,0,0.9128507971763611,0,0.9894497990608215,0.9619177579879761,1.0,0.9351807832717896
808_class-2,1,0.8757909536361694,1,0.9885972738265991,0.978538990020752,0.9802094886013555,0.9744232892990112
808_class-2,2,0.9455008506774902,0,0.9845268130302429,0.9756039381027222,0.8655866252404202,0.9833440184593201
808_class-2,3,0.8774293065071106,0,0.9883806109428406,0.9112621545791626,0.8643812997510906,0.9469397068023682
808_class-2,4,0.8860079050064087,0,0.9884124994277954,0.9775272607803345,0.9723946020488574,0.972552478313446
808_class-2,5,0.6488280892372131,0,0.9888057708740234,0.9013597965240479,0.38419556330282845,0.5494574308395386
809_class-3,0,0.9246281385421753,0,0.9835480451583862,0.975421667098999,1.0,0.981436014175415
809_class-3,1,0.9056845903396606,0,0.9839686155319214,0.9921329021453857,0.9328429046037019,0.9908251166343689
809_class-3,2,0.9067041277885437,0,0.9841049909591675,0.9922534227371216,0.9969566320060868,0.991603434085846
809_class-3,3,0.5253645181655884,0,0.9813644289970398,0.9108357429504395,0.21860177356155908,0.6579936742782593
809_class-3,4,0.9029744267463684,0,0.984604001045227,0.9785429239273071,0.23312171095754444,0.9805595874786377
809_class-3,5,0.9121763706207275,1,0.9839761257171631,0.9933998584747314,0.949266214296986,0.9907724261283875
810_class-4,0,0.7624384760856628,0,0.9970445036888123,0.9384636878967285,1.0,0.9431905150413513
810_class-4,1,0.45266193151474,0,0.9876918792724609,0.8954498767852783,0.4025209733294378,0.7852255702018738
810_class-4,2,0.8097254037857056,1,0.9976643323898315,0.9744499921798706,0.1495707778556412,0.9921615123748779
810_class-4,3,0.6619595885276794,0,0.997559666633606,0.9375444650650024,0.6011493466511596,0.964147686958313
810_class-4,4,0.6220906376838684,0,0.9960935115814209,0.9477829933166504,0.7323425769878964,0.9108684062957764
810_class-4,5,0.3821905851364136,0,0.9899120330810547,0.8801194429397583,0.1844625290061117,0.7847411632537842
811_class-0,0,0.997620165348053,0,0.9915100336074829,1.0035498142242432,1.0,0.9908185005187988
811_class-0,1,0.9510501027107239,0,0.991584300994873,1.004556655883789,0.9980401655949969,0.9910594820976257
811_class-0,2,0.9508562684059143,0,0.9915555715560913,1.004199743270874,0.9980191482337405,0.9911327362060547
811_class-0,3,0.9513835906982422,0,0.9917145371437073,1.0047402381896973,0.9973139586085424,0.990822434425354
811_class-0,4,0.9511710405349731,0,0.9915570020675659,1.0050179958343506,0.9985446206090542,0.9910563230514526
811_class-0,5,0.9513046741485596,1,0.9915507435798645,1.0054898262023926,0.9988530845409029,0.9910975694656372
812_class-2,0,0.9399349689483643,1,0.9953906536102295,0.9997959136962891,1.0,0.9844122529029846
812_class-2,1,0.8752230405807495,0,0.9954389333724976,0.9968322515487671,0.9963078175422275,0.9844589233398438
812_class-2,2,0.5946699976921082,0,0.9730426073074341,1.0011568069458008,0.408983451536643,0.9826894998550415
812_class-2,3,0.5944098234176636,0,0.9731259346008301,1.002752423286438,0.9987832808474091,0.9835198521614075
812_class-2,4,0.5945129990577698,0,0.9730061292648315,1.0016319751739502,0.9993321407274895,0.9828590750694275
812_class-2,5,0.5945685505867004,0,0.9728577136993408,1.0017280578613281,0.9993916549371377,0.9831357002258301
813_class-4,0,0.6152790784835815,0,0.9851223230361938,0.992390513420105,1.0,0.9462020993232727
813_class-4,1,0.8484119772911072,0,0.9847729802131653,1.0079162120819092,0.5811687173554878,0.9835473895072937
813_class-4,2,0.8469786643981934,0,0.9848090410232544,1.0027949810028076,0.9967868952060477,0.9717333912849426
813_class-4,3,0.8489384651184082,1,0.9847745299339294,1.0085742473602295,0.995937711577522,0.9864428043365479
813_class-4,4,0.8451273441314697,0,0.9847269058227539,0.9994337558746338,0.993557347774834,0.9713150262832642
813_class-4,5,0.8453311920166016,0,0.9846424460411072,0.9999457597732544,0.9987325877506953,0.9723204374313354
814_class-2,0,0.990618884563446,1,0.9988637566566467,0.9611433148384094,1.0,0.9886446595191956
814_class-2,1,0.5255459547042847,0,0.9891595244407654,0.9834402799606323,0.2686183283640772,0.9494755268096924
814_class-2,2,0.24150079488754272,0,0.8907343149185181,0.999610424041748,0.36530502945615656,0.9691190123558044
814_class-2,3,0.4212050139904022,0,0.9750256538391113,0.9201651811599731,0.40872368879037135,0.4566313624382019
814_class-2,4,0.2420588880777359,0,0.890757143497467,1.0006123781204224,0.40828178568378415,0.9688183665275574
814_class-2,5,0.4562584459781647,0,0.9837054014205933,0.9890733957290649,0.4884616791213078,0.9500672221183777
815_class-2,0,0.5940624475479126,0,0.9885663986206055,0.8730725049972534,1.0,0.4400638937950134
815_class-2,1,0.01701311394572258,0,0.979724645614624,0.9842188358306885,0.009151749405504218,0.6827335953712463
815_class-2,2,0.6559826135635376,1,0.9949597716331482,0.9565999507904053,0.01698526136385645,0.9679744243621826
815_class-2,3,0.4680919051170349,0,0.9871782064437866,0.8945091962814331,0.030732860520094562,0.4640381932258606
815_class-2,4,0.4576016366481781,0,0.9873256683349609,0.9321675300598145,0.0,0.22831735014915466
815_class-2,5,0.027036337181925774,0,0.9790614247322083,0.9852151870727539,0.011549680358698008,0.6716016530990601
816_class-1,0,0.6090031862258911,0,0.9739791750907898,0.9843158721923828,1.0,0.9762105345726013
816_class-1,1,0.4590778350830078,0,0.9804800152778625,0.9506113529205322,0.7854589623460003,0.9237874746322632
816_class-1,2,0.5940154790878296,1,0.9859955310821533,0.9653298854827881,0.38782128687252027,0.9133278131484985
816_class-1,3,0.4996960461139679,0,0.973000168800354,0.9636561870574951,0.45602415840225113,0.9611024260520935
816_class-1,4,0.5110365152359009,0,0.9727835655212402,0.9805175065994263,0.9487449905083316,0.9683286547660828
816_class-1,5,0.521212100982666,0,0.9779446125030518,0.9658678770065308,0.8757690634516189,0.9407255053520203
817_class-1,0,0.4688698947429657,0,0.955826997756958,0.9774652719497681,1.0,0.9540472030639648
817_class-1,1,0.42789745330810547,0,0.9565106630325317,0.9848297834396362,0.9906455238785311,0.9621525406837463
817_class-1,2,0.4231587052345276,0,0.9579857587814331,0.9901254177093506,0.9691866581022333,0.9560850858688354
817_class-1,3,0.41919058561325073,1,0.9624907970428467,0.9733941555023193,0.9498660616402445,0.9603917598724365
817_class-1,4,0.4176037311553955,0,0.9585779905319214,0.9716646671295166,0.9903080033297658,0.9577614068984985
817_class-1,5,0.4192408621311188,0,0.9619002342224121,0.9752352237701416,0.9899810720550198,0.9613316655158997
818_class-2,0,0.6501126289367676,0,0.984351634979248,1.0002468824386597,1.0,0.9718788266181946
818_class-2,1,0.9636379480361938,0,0.9896717071533203,1.0063741207122803,0.4891433376199426,0.9933446645736694
818_class-2,2,0.9622774124145508,0,0.9896559715270996,1.0059083700180054,0.9920583387443185,0.9916279911994934
818_class-2,3,0.6203396320343018,0,0.9848002195358276,0.9937862157821655,0.46970941513993547,0.9288297891616821
818_class-2,4,0.9636858105659485,1,0.990214467048645,1.0072013139724731,0.4703304273463667,0.9934988617897034
818_class-2,5,0.9636331796646118,0,0.9895696640014648,1.00592839717865,0.9984285357944624,0.9937760233879089
819_class-0,0,0.8319151401519775,1,0.9881852269172668,0.9779013395309448,1.0,0.9511606097221375
819_class-0,1,0.6619300246238708,0,0.9878280162811279,0.9501873254776001,0.9473587786259542,0.9179484248161316
819_class-0,2,0.6548080444335938,0,0.9886792898178101,0.9765214920043945,0.9513689891024703,0.9330027103424072
819_class-0,3,0.6799197196960449,0,0.9884026050567627,0.961834192276001,0.9040014283730434,0.8980579972267151
819_class-0,4,0.4026696979999542,0,0.9740791916847229,0.9759628772735596,0.3900764576042165,0.9016979932785034
819_class-0,5,0.40963485836982727,0,0.9737263917922974,0.9609951972961426,0.9310215740687994,0.8560254573822021
820_class-2,0,0.40278691053390503,0,0.9691177606582642,0.9977397918701172,1.0,0.9743115305900574
820_class-2,1,0.34695661067962646,0,0.9646362662315369,0.9969253540039062,0.9091640769970265,0.954264223575592
820_class-2,2,0.39500531554222107,1,0.9700871706008911,0.9976153373718262,0.9107530248473599,0.9745482802391052
820_class-2,3,0.3962561786174774,0,0.9694948196411133,0.9970362186431885,0.9935883854997156,0.9731397032737732
820_class-2,4,0.3252413272857666,0,0.9610633850097656,0.9922040700912476,0.8726341398089457,0.982694149017334
820_class-2,5,0.32593780755996704,0,0.9598891735076904,1.0014368295669556,0.9949599346705456,0.9830847382545471
821_class-4,0,0.5703280568122864,0,0.985994815826416,1.0059928894042969,1.0,0.9901056289672852
821_class-4,1,0.5515890717506409,0,0.986077070236206,1.0060982704162598,0.9991436812691545,0.9905090928077698
821_class-4,2,0.5514177680015564,0,0.9859459400177002,1.0061652660369873,0.9985578223116907,0.9902116060256958
821_class-4,3,0.5514471530914307,0,0.9859805703163147,1.0062808990478516,0.9993835976847327,0.9902461171150208
821_class-4,4,0.5521305799484253,0,0.9862388968467712,1.005714774131775,0.992699531217342,0.9950721859931946
821_class-4,5,0.5520933866500854,1,0.986260712146759,1.0058016777038574,0.999074778767665,0.9951744079589844
822_class-1,0,0.5265613794326782,0,0.9945936799049377,0.9978268146514893,1.0,0.9876195192337036
822_class-1,1,0.4589376747608185,0,0.9946237802505493,0.9971719980239868,0.9986935028248588,0.9876548647880554
822_class-1,2,0.4988391399383545,0,0.9916846752166748,0.9536670446395874,0.46801810014751954,0.8832176327705383
822_class-1,3,0.4798853397369385,0,0.9922274351119995,0.9794943332672119,0.9241305267267462,0.9677198529243469
822_class-1,4,0.45802587270736694,0,0.9948016405105591,0.9996765851974487,0.4871693235674278,0.9863870739936829
822_class-1,5,0.4589376747608185,1,0.9947870373725891,0.9990843534469604,0.9937273143743173,0.9881865978240967
823_class-4,0,0.6871403455734253,0,0.9963478446006775,0.9678007364273071,1.0,0.9269388318061829
823_class-4,1,0.8468128442764282,1,0.994670033454895,0.9967691898345947,0.6811545068257843,0.9916254281997681
823_class-4,2,0.8292930126190186,0,0.995120644569397,0.9731045961380005,0.9452670067259513,0.9285997152328491
823_class-4,3,0.8470226526260376,0,0.9946686029434204,0.9971452951431274,0.9454208647720598,0.9870284795761108
823_class-4,4,0.8469079732894897,0,0.9947181940078735,0.9927271604537964,0.9988004979065294,0.9851362109184265
823_class-4,5,0.8328293561935425,0,0.9950474500656128,0.9831628799438477,0.9513992495139925,0.9392674565315247
824_class-0,0,0.6691820025444031,0,0.9855239391326904,0.9435120820999146,1.0,0.9366282820701599
824_class-0,1,0.5964359641075134,0,0.9911794066429138,0.933074951171875,0.7491744815744288,0.9267289042472839
824_class-0,2,0.6851139664649963,0,0.99000483751297,0.9444611072540283,0.6314995967883315,0.9364878535270691
824_class-0,3,0.7345572113990784,1,0.9926064014434814,1.0007535219192505,0.701669298443492,0.9796298146247864
824_class-0,4,0.7349482774734497,0,0.9925380945205688,0.9994155168533325,0.9954837322191158,0.9792588949203491
824_class-0,5,0.873431384563446,0,0.9934412240982056,0.9886574745178223,0.5875372744320453,0.9701966047286987
825_class-2,0,0.32242897152900696,0,0.911363959312439,0.987640380859375,1.0,0.963051974773407
825_class-2,1,0.9451315402984619,0,0.9984260201454163,0.9786763191223145,0.1150596724106436,0.965942919254303
825_class-2,2,0.8382562398910522,1,0.9956960678100586,0.9960523843765259,0.7754712239256094,0.9873887896537781
825_class-2,3,0.9457484483718872,0,0.9983788132667542,0.977302074432373,0.774075375119185,0.9666794538497925
825_class-2,4,0.31859442591667175,0,0.9109415411949158,0.9875739812850952,0.1148784924385993,0.9561730623245239
825_class-2,5,0.34482574462890625,0,0.9045615196228027,0.9776802062988281,0.9499781826936098,0.9560821056365967
826_class-1,0,0.6494175791740417,1,0.9690287113189697,0.9834399223327637,1.0,0.918262243270874
826_class-1,1,0.563223659992218,0,0.9683495759963989,0.963524580001831,0.9829127166584868,0.9090984463691711
826_class-1,2,0.5628044009208679,0,0.9692683219909668,0.9715694189071655,0.9851135190918473,0.9122682809829712
826_class-1,3,0.4951993525028229,0,0.9689264297485352,0.9359710216522217,0.7947485819896756,0.8514472246170044
826_class-1,4,0.571452260017395,0,0.97115159034729,0.878576934337616,0.7597471022128557,0.7730256915092468
826_class-1,5,0.5625733733177185,0,0.9724148511886597,0.8885239362716675,0.9106897792226827,0.7256535887718201
827_class-0,0,0.9981563091278076,1,0.9647173881530762,1.0059677362442017,1.0,0.9910793900489807
827_class-0,1,0.8707700967788696,0,0.9633495211601257,1.001732587814331,0.8383294639895911,0.9902112483978271
827_class-0,2,0.8711950778961182,0,0.9634835124015808,0.9944248199462891,0.9965428354814253,0.9893855452537537
827_class-0,3,0.8708791732788086,0,0.9635865688323975,1.000912070274353,0.9965767949106331,0.9906867146492004
827_class-0,4,0.9511699676513672,0,0.9643117189407349,1.002639889717102,0.8434124438742784,0.989488959312439
827_class-0,5,0.870628833770752,0,0.9634050130844116,0.9999005794525146,0.8422307081165586,0.9909420013427734
828_class-3,0,0.10186126828193665,0,0.911009669303894,0.9789085388183594,1.0,0.9477298259735107
828_class-3,1,0.26062270998954773,1,0.9568951725959778,0.9983662366867065,0.5347981752575393,0.9088510274887085
828_class-3,2,0.0893920436501503,0,0.9109349846839905,0.9819133281707764,0.545681296827085,0.9404357075691223
828_class-3,3,0.09558634459972382,0,0.9105899333953857,0.9802416563034058,0.9879537946018295,0.9433543682098389
828_class-3,4,0.08884985744953156,0,0.9090313911437988,0.9762463569641113,0.9809837178387246,0.922382116317749
828_class-3,5,0.18878468871116638,0,0.9336667656898499,0.9897850751876831,0.7388511486113445,0.8486728072166443
829_class-0,0,0.7567498087882996,0,0.9970101118087769,0.9836180210113525,1.0,0.9623064994812012
829_class-0,1,0.9299489259719849,0,0.9943562150001526,0.9994335174560547,0.6090074984863304,0.9921745657920837
829_class-0,2,0.9301841259002686,0,0.9941807389259338,0.9968180656433105,0.9957669132789261,0.991496741771698
829_class-0,3,0.9299994707107544,1,0.9943867921829224,1.0092953443527222,0.994359756097561,0.9940158724784851
829_class-0,4,0.7557945251464844,0,0.9982906579971313,0.9961249828338623,0.6596676966719012,0.9746001958847046
829_class-0,5,0.8444953560829163,0,0.9957400560379028,0.9846768379211426,0.5831936903724557,0.9778814315795898
830_class-3,0,0.9863611459732056,0,0.9914416670799255,0.9562309980392456,1.0,0.9679093360900879
830_class-3,1,0.9312959909439087,0,0.9899251461029053,0.9876971244812012,0.9463190577608991,0.9780795574188232
830_class-3,2,0.9084385633468628,0,0.9924067258834839,0.9704176187515259,0.8680518015371237,0.9688487648963928
830_class-3,3,0.9462447762489319,1,0.9914084076881409,0.9825563430786133,0.90832668012962,0.9777635335922241
830_class-3,4,0.8994108438491821,0,0.9916846752166748,0.9775207042694092,0.8875858255379936,0.9716454744338989
830_class-3,5,0.9302000403404236,0,0.9900567531585693,0.9870836734771729,0.8467872134323539,0.9785269498825073
831_class-1,0,0.5606288313865662,0,0.9900175333023071,0.9629154205322266,1.0,0.971221387386322
831_class-1,1,0.5606010556221008,1,0.9919735193252563,0.9773415327072144,0.5429358754747896,0.97046959400177
831_class-1,2,0.5020055174827576,0,0.9894435405731201,0.9663786888122559,0.5424387328153019,0.9690924286842346
831_class-1,3,0.5370854735374451,0,0.9912816882133484,0.9634498357772827,0.5056310036435906,0.9722880721092224
831_class-1,4,0.47221827507019043,0,0.9926916360855103,0.9538102149963379,0.4415948197460802,0.9762148261070251
831_class-1,5,0.521965503692627,0,0.9902514815330505,0.9731055498123169,0.459046246063963,0.9710351824760437
832_class-3,0,0.7854601144790649,0,0.9927037954330444,0.969284176826477,1.0,0.9462512731552124
832_class-3,1,0.6464249491691589,1,0.9918256402015686,0.9921183586120605,0.777926227127505,0.9861205220222473
832_class-3,2,0.7361348271369934,0,0.9907671213150024,0.9674612283706665,0.7390773669172516,0.9591577053070068
832_class-3,3,0.6592420339584351,0,0.9846237301826477,1.0017768144607544,0.7688550495618446,0.9942070841789246
832_class-3,4,0.7080039978027344,0,0.9920895099639893,0.9778014421463013,0.8478397585057543,0.9363378882408142
832_class-3,5,0.6592574715614319,0,0.9846371412277222,1.0019365549087524,0.8476654614054394,0.9941152334213257
833_class-1,0,0.7532132863998413,0,0.9954349398612976,0.9891102313995361,1.0,0.9816799163818359
833_class-1,1,0.658844530582428,0,0.9954348206520081,0.988592267036438,0.9966424835498566,0.9833873510360718
833_class-1,2,0.6583362817764282,0,0.9952978491783142,0.9880366325378418,0.9954709073394961,0.9809625744819641
833_class-1,3,0.658705472946167,1,0.995374858379364,0.9894968271255493,0.9958417147010599,0.9827020764350891
833_class-1,4,0.6585878729820251,0,0.995361328125,0.9890719652175903,0.9988674397376517,0.9822984933853149
833_class-1,5,0.6582292318344116,0,0.9952433705329895,0.9879622459411621,0.996164698329025,0.9776427745819092
834_class-2,0,0.5573855638504028,0,0.9946850538253784,1.0040295124053955,1.0,0.9873000383377075
834_class-2,1,0.5512884259223938,1,0.9946728944778442,1.009723424911499,0.9883066614623992,0.9831278324127197
834_class-2,2,0.5490120649337769,0,0.9945970773696899,1.0031445026397705,0.9921076380342932,0.9719523191452026
834_class-2,3,0.951885461807251,0,0.9942144155502319,1.0016807317733765,0.29458921107628006,0.9935128688812256
834_class-2,4,0.5513613224029541,0,0.994685173034668,1.0089255571365356,0.2999280198926842,0.9806529879570007
834_class-2,5,0.5512813329696655,0,0.9946902990341187,1.008460521697998,0.9965825446898002,0.9806704521179199
835_class-2,0,0.6750715374946594,0,0.9888983964920044,0.9593110084533691,1.0,0.9737699031829834
835_class-2,1,0.9106029272079468,0,0.9869670867919922,0.9795171022415161,0.44842939513346247,0.9607288241386414
835_class-2,2,0.9107117652893066,1,0.9881437420845032,0.9777984619140625,0.982373308152345,0.9623656272888184
835_class-2,3,0.3339189291000366,0,0.9343831539154053,0.9931094646453857,0.23706675459808016,0.9230092167854309
835_class-2,4,0.34830984473228455,0,0.9270910620689392,0.9935166835784912,0.9525516443662608,0.9578273296356201
835_class-2,5,0.9106668829917908,0,0.9880605340003967,0.9773969650268555,0.2666546329723225,0.9616157412528992
836_class-3,0,0.9812865257263184,0,0.9828072786331177,0.9578772783279419,1.0,0.9314318895339966
836_class-3,1,0.8729284405708313,0,0.9838603734970093,0.9641276597976685,0.8172920977573961,0.9617035388946533
836_class-3,2,0.8674679398536682,0,0.9829599857330322,0.9640183448791504,0.9616243562280662,0.9392285346984863
836_class-3,3,0.6613308787345886,0,0.9847664833068848,0.9574474096298218,0.5336961853815786,0.9648481011390686
836_class-3,4,0.6481581926345825,0,0.9851769804954529,0.9676119089126587,0.9375720568768948,0.9576878547668457
836_class-3,5,0.8730144500732422,1,0.983055830001831,0.9726346731185913,0.5022990872280557,0.9702077507972717
837_class-3,0,0.9962671995162964,0,0.9834986329078674,0.9975636005401611,1.0,0.9873959422111511
837_class-3,1,0.8279925584793091,0,0.9868174195289612,0.9264135360717773,0.701045827202018,0.8818480968475342
837_class-3,2,0.9318683743476868,0,0.9831722974777222,0.9952657222747803,0.6868933913446438,0.9831556677818298
837_class-3,3,0.9404882788658142,0,0.98375403881073,0.9941126108169556,0.9648675777932206,0.9853159785270691
837_class-3,4,0.9424866437911987,0,0.9839183688163757,0.9965376853942871,0.9882318485582683,0.9854995608329773
837_class-3,5,0.941540002822876,1,0.9837573170661926,1.0023260116577148,0.9957925767117781,0.9865491390228271
838_class-4,0,0.035408228635787964,0,0.9486626386642456,0.9604065418243408,1.0,0.3329218924045563
838_class-4,1,0.6740145683288574,0,0.9838749170303345,0.94208824634552,0.1447255012179127,0.8847519159317017
838_class-4,2,0.6690993309020996,0,0.9839721322059631,0.9950577020645142,0.9422359638790734,0.9764743447303772
838_class-4,3,0.39710181951522827,0,0.969511866569519,0.9589579105377197,0.2923342580535583,0.7785805463790894
838_class-4,4,0.032560065388679504,0,0.9475213289260864,0.9654852151870728,0.3624736183485553,0.4306809902191162
838_class-4,5,0.9388681650161743,1,0.9858084321022034,1.0041213035583496,0.0707298214946045,0.9923621416091919
839_class-2,0,0.5861976146697998,0,0.9903831481933594,0.9460374116897583,1.0,0.8233033418655396
839_class-2,1,0.7796330451965332,0,0.9988741278648376,0.9412411451339722,0.4951651507898516,0.9532517194747925
839_class-2,2,0.8242233991622925,0,0.9988088607788086,0.9370036125183105,0.878992369924466,0.9575950503349304
839_class-2,3,0.9469645023345947,0,0.9994097352027893,0.9946271181106567,0.7414493003973053,0.9932765364646912
839_class-2,4,0.8144667148590088,0,0.9972484111785889,0.9290386438369751,0.723245521601686,0.9232936501502991
839_class-2,5,0.9469332695007324,1,0.9994230270385742,1.0077799558639526,0.7230256777838681,0.9955567121505737
840_class-2,0,0.9929494857788086,0,0.989485502243042,0.9969538450241089,1.0,0.9770883917808533
840_class-2,1,0.9535588026046753,0,0.9891301393508911,0.992935061454773,0.9879962356194902,0.9874945282936096
840_class-2,2,0.9532607793807983,0,0.9889078140258789,0.9929714202880859,0.9908305850506128,0.9873623847961426
840_class-2,3,0.9531629085540771,1,0.9898393154144287,0.9968429803848267,0.9904629294066035,0.9865899682044983
840_class-2,4,0.9028807878494263,0,0.9876176714897156,0.9760892391204834,0.903947782871942,0.9544601440429688
840_class-2,5,0.9507627487182617,0,0.9895185232162476,0.9936282634735107,0.8934249504811653,0.9766239523887634
841_class-2,0,0.1909666806459427,0,0.9494394063949585,1.0038423538208008,1.0,0.9813769459724426
841_class-2,1,0.1875799298286438,1,0.9509578943252563,1.0039222240447998,0.9991292890221068,0.9810447096824646
841_class-2,2,0.18752560019493103,0,0.9492446780204773,1.0042059421539307,0.9984674152457527,0.9817388653755188
841_class-2,3,0.18729354441165924,0,0.9496919512748718,1.004018783569336,0.9986764649301682,0.9825742244720459
841_class-2,4,0.18749821186065674,0,0.9491921663284302,1.0031087398529053,0.9986915931008474,0.9807658195495605
841_class-2,5,0.1875441074371338,0,0.9504727721214294,1.0038387775421143,0.9985522424839822,0.9823649525642395
842_class-2,0,0.4247515797615051,0,0.9911075830459595,1.0028529167175293,1.0,0.9733261466026306
842_class-2,1,0.42367881536483765,0,0.9910216927528381,1.0037953853607178,0.9945000229804054,0.9732999205589294
842_class-2,2,0.42212268710136414,0,0.991054892539978,0.9986037015914917,0.9897886089646869,0.972314178943634
842_class-2,3,0.422597199678421,0,0.991108775138855,1.0024551153182983,0.9950211638600445,0.9736233949661255
842_class-2,4,0.4234844148159027,1,0.9913140535354614,1.0041390657424927,0.9943145346171481,0.97339928150177
842_class-2,5,0.4224471151828766,0,0.9912018775939941,1.0005011558532715,0.9931137678835906,0.9738956689834595
843_class-2,0,0.4021688997745514,1,0.9819071888923645,0.987269401550293,1.0,0.9787864089012146
843_class-2,1,0.3921825885772705,0,0.9821361303329468,0.9680222272872925,0.9945861854387057,0.975654661655426
843_class-2,2,0.2958199381828308,0,0.9297056794166565,0.9383577108383179,0.0822518424526004,0.7325765490531921
843_class-2,3,0.5102972984313965,0,0.961602509021759,0.9985357522964478,0.5942654811015088,0.9662385582923889
843_class-2,4,0.5129836201667786,0,0.9646751880645752,0.9976211786270142,0.9894862018196232,0.9589568972587585
843_class-2,5,0.5149815082550049,0,0.9668445587158203,0.991397500038147,0.9908213249631427,0.9334940314292908
844_class-1,0,0.47390860319137573,0,0.9872757792472839,0.9776037931442261,1.0,0.9702382683753967
844_class-1,1,0.39610373973846436,0,0.9899046421051025,0.9438116550445557,0.9253712922203481,0.9503424763679504
844_class-1,2,0.48961755633354187,0,0.9861534237861633,0.9673851728439331,0.48283587558496216,0.9307558536529541
844_class-1,3,0.46290501952171326,0,0.9890270829200745,0.9219911098480225,0.8746406967265863,0.8235102295875549
844_class-1,4,0.3833999037742615,1,0.9862568378448486,0.9814518690109253,0.3442470285504227,0.9782663583755493
844_class-1,5,0.4670693576335907,0,0.985456645488739,0.9457677602767944,0.2990584684703832,0.8565675020217896
845_class-4,0,0.4667797386646271,0,0.9982063174247742,0.9101443290710449,1.0,0.9689891934394836
845_class-4,1,0.5532568097114563,0,0.9947535991668701,0.8230071067810059,0.7152476107732406,0.8028171062469482
845_class-4,2,0.5094310641288757,0,0.9929029941558838,0.8676168918609619,0.45531079372764194,0.6297892332077026
845_class-4,3,0.6865924596786499,1,0.9980542063713074,0.9709993600845337,0.3454219414929208,0.968267023563385
845_class-4,4,0.5142770409584045,0,0.9943424463272095,0.8321672081947327,0.40904030282787796,0.8532537817955017
845_class-4,5,0.44288620352745056,0,0.9975507855415344,0.9489410519599915,0.11238371390600459,0.9723527431488037
846_class-2,0,1.0,0,0.9993031024932861,1.0087705850601196,1.0,0.9964695572853088
846_class-2,1,0.9223606586456299,1,0.9992940425872803,1.0091283321380615,0.9989859297756369,0.996573805809021
846_class-2,2,0.9217613935470581,0,0.9992693662643433,1.0053808689117432,0.9973412673292398,0.9961623549461365
846_class-2,3,0.024989133700728416,0,0.9921417236328125,1.0102640390396118,0.05884062940242548,0.5218885540962219
846_class-2,4,0.9230121374130249,0,0.9993101358413696,1.0089938640594482,0.05865428335035294,0.9966815710067749
846_class-2,5,0.9224106669425964,0,0.9992954730987549,1.0088571310043335,0.99835056778532,0.9965701103210449
847_class-0,0,0.9947320222854614,0,0.9902709722518921,1.0007383823394775,1.0,0.992796003818512
847_class-0,1,0.945875883102417,0,0.9900895953178406,1.0012058019638062,0.9988035282005621,0.9929370880126953
847_class-0,2,0.9461929798126221,0,0.9904624819755554,0.9936338663101196,0.9947494166018447,0.9904889464378357
847_class-0,3,0.9462462067604065,0,0.9902161955833435,1.0021390914916992,0.9946644435181325,0.9928243160247803
847_class-0,4,0.9460453987121582,1,0.9900351762771606,1.0040843486785889,0.9988312880874864,0.9927338361740112
847_class-0,5,0.9469841718673706,0,0.9902448654174805,0.9945957660675049,0.9952424672397964,0.9917365312576294
848_class-2,0,0.9949641823768616,0,0.9776352643966675,1.0103788375854492,1.0,0.9941400289535522
848_class-2,1,0.9599801301956177,0,0.9778265357017517,1.0090054273605347,0.9923204043938952,0.9921982884407043
848_class-2,2,0.958892822265625,0,0.9776241779327393,1.009041428565979,0.9919732571472994,0.994189977645874
848_class-2,3,0.9588844776153564,1,0.9776396155357361,1.0103304386138916,0.9996307811892732,0.9942784309387207
848_class-2,4,0.9599688053131104,0,0.9777900576591492,1.009186863899231,0.9924195303996268,0.9923351407051086
848_class-2,5,0.9589236974716187,0,0.9777135252952576,1.0089243650436401,0.9924774030518029,0.9941501617431641
849_class-2,0,0.8258858323097229,0,0.9966267347335815,0.9894540309906006,1.0,0.986036479473114
849_class-2,1,0.9280794858932495,1,0.9976943731307983,0.9907844066619873,0.654443415245464,0.9901927709579468
849_class-2,2,0.7986210584640503,0,0.9965904951095581,0.981598973274231,0.6607453281182095,0.9881250858306885
849_class-2,3,0.4986637830734253,0,0.9831534624099731,0.994641900062561,0.16493170711897445,0.9805633425712585
849_class-2,4,0.5073335766792297,0,0.9836722612380981,0.9672756195068359,0.9640913889716034,0.9224889278411865
849_class-2,5,0.7996219396591187,0,0.9966001510620117,0.9746531248092651,0.16754301097884156,0.9861297011375427
850_class-2,0,0.9973480701446533,0,0.996756374835968,1.0070475339889526,1.0,0.9937055110931396
850_class-2,1,0.9600330591201782,1,0.9967661499977112,1.0070723295211792,0.9993103108527513,0.9937754273414612
850_class-2,2,0.9606503248214722,0,0.9967430830001831,1.0021780729293823,0.9970671595810228,0.9931419491767883
850_class-2,3,0.9599977731704712,0,0.9967562556266785,1.0071423053741455,0.9966004828299748,0.9936653971672058
850_class-2,4,0.9599595665931702,0,0.9967594742774963,1.0071080923080444,0.9993350900091117,0.993699848651886
850_class-2,5,0.9600013494491577,0,0.9967478513717651,1.006763219833374,0.9993842667848875,0.9936131238937378
851_class-1,0,0.4310000538825989,0,0.9859461188316345,0.9489820003509521,1.0,0.6560776829719543
851_class-1,1,0.6529985666275024,0,0.9959099292755127,0.9333019256591797,0.05764563106796117,0.6384889483451843
851_class-1,2,0.8945019245147705,1,0.9793667793273926,0.9446699619293213,0.406001446131598,0.9435626268386841
851_class-1,3,0.8359442949295044,0,0.9773072600364685,0.931530237197876,0.7978492025132915,0.948330283164978
851_class-1,4,0.895872175693512,0,0.9771454930305481,0.9496524333953857,0.8207488104182319,0.9450274109840393
851_class-1,5,0.8941315412521362,0,0.979473888874054,0.9392950534820557,0.9581297544684272,0.9212480187416077
852_class-2,0,0.9978184700012207,1,0.996573269367218,0.9957230091094971,1.0,0.9900131821632385
852_class-2,1,0.9315052628517151,0,0.9967467784881592,0.9934958219528198,0.9824729563193209,0.9906520843505859
852_class-2,2,0.9271138906478882,0,0.9966106414794922,0.9949350357055664,0.9824056958992264,0.9884814620018005
852_class-2,3,0.02379865199327469,0,0.9708210825920105,1.000526785850525,0.05440171163179043,0.5174095630645752
852_class-2,4,0.023786894977092743,0,0.970981240272522,1.0058162212371826,0.9999180022363027,0.5345673561096191
852_class-2,5,0.9211264848709106,0,0.9966782927513123,0.9817720651626587,0.05545223124601663,0.990540087223053
853_class-4,0,0.25019097328186035,0,0.996688723564148,1.0114307403564453,1.0,0.996361494064331
853_class-4,1,0.17823787033557892,1,0.9967054128646851,1.0127549171447754,0.9995221353722225,0.9961515069007874
853_class-4,2,0.17824533581733704,0,0.9966675639152527,1.012319564819336,0.9993172430273444,0.995976984500885
853_class-4,3,0.1781577467918396,0,0.996642529964447,1.0010348558425903,0.9975120139054565,0.9954174160957336
853_class-4,4,0.21985527873039246,0,0.9920758008956909,0.9930777549743652,0.6295897514777297,0.9410819411277771
853_class-4,5,0.20898011326789856,0,0.9929242134094238,0.9916127920150757,0.9439915624794006,0.9433587789535522
854_class-0,0,0.9976816177368164,1,0.9899419546127319,1.0083093643188477,1.0,0.9937358498573303
854_class-0,1,0.9526874423027039,0,0.9899711608886719,1.007369875907898,0.9980883124672014,0.9938285946846008
854_class-0,2,0.9527236223220825,0,0.9899423122406006,1.0081039667129517,0.9981253046379963,0.993918240070343
854_class-0,3,0.9521121978759766,0,0.9899459481239319,1.008116602897644,0.9964434128261764,0.9937534332275391
854_class-0,4,0.9530113935470581,0,0.9899200201034546,1.0072834491729736,0.9969651554889472,0.9938734769821167
854_class-0,5,0.9528210759162903,0,0.9899039268493652,1.0060572624206543,0.9985363656834046,0.9937670230865479
855_class-0,0,0.9946582913398743,0,0.9804027676582336,0.9989604949951172,1.0,0.9890064001083374
855_class-0,1,0.9521896839141846,0,0.9804351329803467,0.9988374710083008,0.9988198773698658,0.988680362701416
855_class-0,2,0.9492501616477966,1,0.9804917573928833,0.9991557598114014,0.9872516220600163,0.9930819869041443
855_class-0,3,0.9518866539001465,0,0.9805203080177307,0.9987428188323975,0.989000405515004,0.9892310500144958
855_class-0,4,0.9519640207290649,0,0.9804196357727051,0.9997731447219849,0.998796199062572,0.9898054599761963
855_class-0,5,0.9492232799530029,0,0.980486273765564,0.9981902837753296,0.9892497654724779,0.9932785630226135
856_class-3,0,0.8063445687294006,0,0.9842255115509033,0.9908336400985718,1.0,0.9708447456359863
856_class-3,1,0.7588916420936584,0,0.9843864440917969,0.9923286437988281,0.9956060416926725,0.974976122379303
856_class-3,2,0.7583314180374146,0,0.9842475652694702,0.9897376298904419,0.9965291216680192,0.9702672362327576
856_class-3,3,0.552492618560791,1,0.9953268766403198,0.991122841835022,0.5550084974507647,0.9734047651290894
856_class-3,4,0.7571244239807129,0,0.9853259921073914,0.9933891296386719,0.5698351365275631,0.950980544090271
856_class-3,5,0.7581050395965576,0,0.9841004610061646,0.9931955337524414,0.9661591159115912,0.9754801392555237
857_class-4,0,0.13656894862651825,0,0.8585258722305298,1.002848744392395,1.0,0.9702671766281128
857_class-4,1,0.5927552580833435,1,0.9882405996322632,0.9483823776245117,0.01712107002500893,0.8835813999176025
857_class-4,2,0.13117581605911255,0,0.8534690141677856,0.9728285074234009,0.025821661659876382,0.9330409169197083
857_class-4,3,0.12662895023822784,0,0.8580442667007446,1.0007175207138062,0.9882067741826114,0.9620039463043213
857_class-4,4,0.12660610675811768,0,0.856088399887085,0.9981729984283447,0.9983279691387614,0.9678971767425537
857_class-4,5,0.13708239793777466,0,0.8719491362571716,0.9420760869979858,0.9575046754550016,0.7186909317970276
858_class-1,0,0.6103872060775757,0,0.9926608204841614,0.9830646514892578,1.0,0.9730151891708374
858_class-1,1,0.5338403582572937,0,0.9927049279212952,0.9837700128555298,0.9976999023543452,0.9728071689605713
858_class-1,2,0.5349098443984985,1,0.9929003715515137,0.9856551885604858,0.9889206806789579,0.9731537103652954
858_class-1,3,0.5339675545692444,0,0.9927605390548706,0.984150767326355,0.9886789204080754,0.9723254442214966
858_class-1,4,0.5337499380111694,0,0.9927372932434082,0.9846464395523071,0.9976953515675958,0.9713330268859863
858_class-1,5,0.5337169170379639,0,0.9926915168762207,0.9845646619796753,0.9977598956067856,0.971951425075531
859_class-0,0,0.9992400407791138,0,0.9956133961677551,0.998345136642456,1.0,0.9931508302688599
859_class-0,1,0.9059276580810547,0,0.9957525134086609,0.9981849193572998,0.9941449814126394,0.9923905730247498
859_class-0,2,0.9102683067321777,0,0.9954050183296204,0.9999741315841675,0.9879103505998326,0.9936884641647339
859_class-0,3,0.9076756238937378,1,0.995736300945282,1.0012917518615723,0.9928030657070754,0.9942346811294556
859_class-0,4,0.9071637392044067,0,0.9958134889602661,0.9992324113845825,0.9963646532438478,0.9934797883033752
859_class-0,5,0.9028857350349426,0,0.9957659244537354,0.9948084354400635,0.9888376383763837,0.99298495054245
860_class-4,0,0.37009739875793457,0,0.9884114265441895,0.9707529544830322,1.0,0.917843222618103
860_class-4,1,0.3637199103832245,0,0.9917128682136536,0.9467934370040894,0.8767313232779207,0.8445196151733398
860_class-4,2,0.38997477293014526,1,0.9939463138580322,1.001589059829712,0.4662867426514697,0.9913540482521057
860_class-4,3,0.387223482131958,0,0.991492748260498,0.9699618816375732,0.946754516669771,0.9665117859840393
860_class-4,4,0.38989636301994324,0,0.9940991997718811,0.9986122846603394,0.9473402397858224,0.990630030632019
860_class-4,5,0.36843425035476685,0,0.984926700592041,0.9295917749404907,0.0,0.7623650431632996
861_class-4,0,0.994642436504364,0,0.993222713470459,0.9897574186325073,1.0,0.970701277256012
861_class-4,1,0.9552154541015625,0,0.9933880567550659,0.9384926557540894,0.9791662386225884,0.8657966256141663
861_class-4,2,0.4851081669330597,1,0.9987032413482666,1.0034499168395996,0.15135839764944442,0.9969603419303894
861_class-4,3,0.9589799642562866,0,0.9935027360916138,1.0073344707489014,0.15000205990194868,0.9934345483779907
861_class-4,4,0.9578130841255188,0,0.9933677315711975,0.9954643249511719,0.9942065905168872,0.9873105883598328
861_class-4,5,0.9565036296844482,0,0.9934282302856445,1.0080657005310059,0.9948812448812449,0.996616005897522
862_class-4,0,0.8107784986495972,0,0.9983980655670166,0.9901549816131592,1.0,0.9892537593841553
862_class-4,1,0.7923437356948853,1,0.9984992742538452,0.9976520538330078,0.9440072639225182,0.9945200681686401
862_class-4,2,0.6817737817764282,0,0.9940139055252075,0.9359482526779175,0.6580502741579435,0.9229466915130615
862_class-4,3,0.794203519821167,0,0.9984357953071594,0.976164698600769,0.6591867362252555,0.9889755249023438
862_class-4,4,0.7437142133712769,0,0.998803436756134,0.9844673871994019,0.5837974683544304,0.9924351572990417
862_class-4,5,0.6921049952507019,0,0.9990062713623047,0.9531022310256958,0.751047668936616,0.9815597534179688
863_class-2,0,0.9994186162948608,1,0.9967689514160156,0.9978052377700806,1.0,0.9950870275497437
863_class-2,1,0.720850944519043,0,0.996296226978302,0.9906524419784546,0.513941556993085,0.9964916706085205
863_class-2,2,0.7192798256874084,0,0.996174693107605,0.9694067239761353,0.9879828326180258,0.9935604333877563
863_class-2,3,0.8904340267181396,0,0.9967038631439209,0.9763416051864624,0.5142472515144716,0.9941192865371704
863_class-2,4,0.8854358196258545,0,0.9967625737190247,0.9479503631591797,0.9828584149599288,0.9367761611938477
863_class-2,5,0.7212938666343689,0,0.9962773323059082,0.9915449619293213,0.5094591586912975,0.9968841075897217
864_class-4,0,0.9977675080299377,1,0.9964204430580139,1.0091947317123413,1.0,0.994769811630249
864_class-4,1,0.7193813323974609,0,0.9964410662651062,1.0091084241867065,0.9997324096510919,0.9947649836540222
864_class-4,2,0.7193804979324341,0,0.996446430683136,1.0089763402938843,0.999687792694349,0.9947312474250793
864_class-4,3,0.7193641066551208,0,0.9964515566825867,1.009108543395996,0.9996580586652394,0.9946613907814026
864_class-4,4,0.7208368182182312,0,0.9963979721069336,0.9952442646026611,0.9910638614229426,0.9875566363334656
864_class-4,5,0.7205138206481934,0,0.9964154958724976,0.987500786781311,0.9976930221409953,0.9859112501144409
865_class-3,0,0.4582650363445282,0,0.8737469911575317,0.9394726157188416,1.0,0.9590457677841187
865_class-3,1,0.4332799017429352,1,0.9194038510322571,0.9001401662826538,0.5575531959896781,0.9042672514915466
865_class-3,2,0.45272547006607056,0,0.8833644390106201,0.8593549728393555,0.4545382165605096,0.9307858943939209
865_class-3,3,0.4246785342693329,0,0.9395490288734436,0.8604539632797241,0.38489100224357903,0.5198794007301331
865_class-3,4,0.5275263786315918,0,0.8937740325927734,0.9623211622238159,0.3202674434517409,0.8192503452301025
865_class-3,5,0.46211642026901245,0,0.9122307300567627,0.8771882057189941,0.35045078538897667,0.9039146900177002
866_class-4,0,0.5435185432434082,0,0.9932618737220764,0.9690176248550415,1.0,0.8870804905891418
866_class-4,1,0.420707106590271,0,0.9952784776687622,0.8918014764785767,0.4825103433453334,0.8125196695327759
866_class-4,2,0.41047403216362,0,0.9971240758895874,0.9769434928894043,0.6747626491783276,0.9592733979225159
866_class-4,3,0.545455813407898,0,0.9967323541641235,0.9850150346755981,0.5896192312326787,0.9584254622459412
866_class-4,4,0.4297237992286682,0,0.998315155506134,0.934535562992096,0.48139692505261655,0.9660773277282715
866_class-4,5,0.4295940697193146,1,0.9980632066726685,0.984696626663208,0.9853869878102511,0.979252278804779
867_class-4,0,0.5000779032707214,0,0.9940613508224487,0.9804089069366455,1.0,0.9899998307228088
867_class-4,1,0.6682935953140259,0,0.9906049966812134,0.9794955253601074,0.3830172945143396,0.9732069373130798
867_class-4,2,0.485008180141449,0,0.9898646473884583,0.9698934555053711,0.3805120394545982,0.979114830493927
867_class-4,3,0.4639142155647278,1,0.9916384220123291,0.990175724029541,0.7554057848918843,0.9904948472976685
867_class-4,4,0.48585963249206543,0,0.9881571531295776,1.0005640983581543,0.7605275553462082,0.9955565333366394
867_class-4,5,0.7421301603317261,0,0.9866820573806763,0.9629729986190796,0.3020746887966805,0.9195464253425598
868_class-0,0,0.9974511861801147,0,0.9341392517089844,0.9993081092834473,1.0,0.9768623113632202
868_class-0,1,0.9493281841278076,1,0.9342254400253296,1.0099208354949951,0.998049874706976,0.9819767475128174
868_class-0,2,0.6043186783790588,0,0.9745988845825195,0.9266743659973145,0.4740921124426571,0.6599873900413513
868_class-0,3,0.9493885040283203,0,0.9346819519996643,0.9997198581695557,0.4753462267113781,0.9759390354156494
868_class-0,4,0.9488607048988342,0,0.9337695837020874,1.0002760887145996,0.9890575680144296,0.9880391359329224
868_class-0,5,0.7338563203811646,0,0.9511682987213135,0.9385035037994385,0.661977052958565,0.6840797066688538
869_class-4,0,0.4141218662261963,1,0.9957360029220581,0.9862686395645142,1.0,0.9874849319458008
869_class-4,1,0.4273203909397125,0,0.9964644908905029,0.9149265289306641,0.26328811534851976,0.9360480308532715
869_class-4,2,0.5938359498977661,0,0.9794934988021851,0.8916218280792236,0.04894426430413358,0.5436359643936157
869_class-4,3,0.38254693150520325,0,0.9825202226638794,0.9183300733566284,0.16009728602864534,0.7896609306335449
869_class-4,4,0.7517565488815308,0,0.9722245931625366,0.8942409753799438,0.15528724140582942,0.6001753807067871
869_class-4,5,0.6276724934577942,0,0.9497302770614624,0.9243682622909546,0.6672346797826059,0.5146059989929199
870_class-0,0,0.9928896427154541,0,0.9822990894317627,0.9892466068267822,1.0,0.963173508644104
870_class-0,1,0.8404505252838135,0,0.9823375940322876,0.9877345561981201,0.9883352484417981,0.9673120379447937
870_class-0,2,0.8434195518493652,0,0.982286810874939,0.9893513917922974,0.9723534315087524,0.9598534107208252
870_class-0,3,0.7068371772766113,0,0.982452392578125,0.9715040922164917,0.6123788368336026,0.9498298764228821
870_class-0,4,0.7357017397880554,1,0.98344886302948,0.9872796535491943,0.385457673095372,0.9728499054908752
870_class-0,5,0.8418010473251343,0,0.9822425842285156,0.989365816116333,0.7265529010238908,0.9607867002487183
871_class-1,0,0.523896336555481,0,0.9902721643447876,0.9108917713165283,1.0,0.6202325820922852
871_class-1,1,0.4874003231525421,0,0.9941333532333374,0.9297206401824951,0.5263538776987094,0.6517732739448547
871_class-1,2,0.4447019696235657,0,0.9740054607391357,0.9771606922149658,0.2846270928462709,0.9526376724243164
871_class-1,3,0.48128747940063477,0,0.9858804941177368,0.9392025470733643,0.8413421568953476,0.869904637336731
871_class-1,4,0.5057389736175537,0,0.9967031478881836,0.9461008310317993,0.39231690064207203,0.9158410429954529
871_class-1,5,0.43790343403816223,1,0.993415117263794,1.0061146020889282,0.7270007976601968,0.9918703436851501
872_class-4,0,0.9998222589492798,0,0.9900336861610413,0.9947993755340576,1.0,0.9852932691574097
872_class-4,1,0.25371336936950684,0,0.9682327508926392,0.9862107038497925,0.0013086132077064654,0.9647480845451355
872_class-4,2,0.403672456741333,0,0.985245406627655,0.8979710340499878,0.37506419092407906,0.5045332312583923
872_class-4,3,0.9228938221931458,0,0.9901254177093506,0.9664883613586426,0.15824974866147623,0.957880973815918
872_class-4,4,0.9223775863647461,1,0.9899824857711792,1.0134564638137817,0.9957658479491902,0.9923117756843567
872_class-4,5,0.31493228673934937,0,0.9893254041671753,0.9888505935668945,0.10882016036655212,0.9697686433792114
873_class-0,0,0.9991600513458252,0,0.9962935447692871,1.0053024291992188,1.0,0.9920259118080139
873_class-0,1,0.9039795398712158,0,0.9963048100471497,1.0048855543136597,0.9992667053683277,0.991769552230835
873_class-0,2,0.9045003652572632,0,0.9962700605392456,1.0017859935760498,0.997677616501146,0.9918662309646606
873_class-0,3,0.9039756059646606,0,0.9963008165359497,1.0051462650299072,0.997708244209497,0.9919106960296631
873_class-0,4,0.9039475917816162,1,0.9963311553001404,1.0053428411483765,0.9990835777126099,0.9920222163200378
873_class-0,5,0.9098544716835022,0,0.9963077306747437,1.0013766288757324,0.9810213624277987,0.9897922277450562
874_class-3,0,0.6530002355575562,0,0.9919664263725281,0.9777289628982544,1.0,0.986541211605072
874_class-3,1,0.8953930139541626,0,0.995344340801239,0.985708475112915,0.3877106819957585,0.9809972047805786
874_class-3,2,0.8904104232788086,0,0.995386004447937,0.9950641393661499,0.9783950617283951,0.9870691895484924
874_class-3,3,0.6083683967590332,0,0.9914671182632446,0.9886170625686646,0.3370293116697771,0.9889928698539734
874_class-3,4,0.8828000426292419,0,0.9954715967178345,0.9953815340995789,0.34428882316834997,0.9730642437934875
874_class-3,5,0.8900034427642822,1,0.995391845703125,0.9955853223800659,0.9672866520787746,0.9871921539306641
875_class-3,0,0.9961325526237488,0,0.9913561344146729,0.9996646642684937,1.0,0.9919523000717163
875_class-3,1,0.9005401134490967,0,0.9912750124931335,1.0025992393493652,0.9887787366569194,0.9913422465324402
875_class-3,2,0.9012705087661743,0,0.9913454055786133,0.9945725202560425,0.9876375912321993,0.9919958710670471
875_class-3,3,0.9010428190231323,1,0.9912405014038086,1.0039705038070679,0.9914560511682299,0.9920859336853027
875_class-3,4,0.7518137693405151,0,0.9908462166786194,0.9615596532821655,0.704482764456027,0.91819167137146
875_class-3,5,0.9010545015335083,0,0.9913487434387207,1.0028371810913086,0.7019063245318764,0.9914302229881287
876_class-1,0,0.5778980255126953,0,0.9906389117240906,0.970416784286499,1.0,0.9587200284004211
876_class-1,1,0.5336199402809143,1,0.9926316142082214,0.9800451993942261,0.860445646573931,0.9625011086463928
876_class-1,2,0.5121093392372131,0,0.9904835224151611,0.9753290414810181,0.8653338484321679,0.9608052968978882
876_class-1,3,0.5119583606719971,0,0.9905586242675781,0.9636298418045044,0.9793905490946563,0.9581383466720581
876_class-1,4,0.46312594413757324,0,0.9804009795188904,0.9631359577178955,0.8217724248169213,0.9641053080558777
876_class-1,5,0.4557259678840637,0,0.9792618751525879,0.9748376607894897,0.9659008683068018,0.9639514684677124
877_class-1,0,0.7999059557914734,1,0.9863824844360352,0.9900422096252441,1.0,0.9648441076278687
877_class-1,1,0.5712032914161682,0,0.9856394529342651,0.9373586177825928,0.5869415571005714,0.9423398375511169
877_class-1,2,0.5009663105010986,0,0.9915863871574402,0.9286618232727051,0.16446278886086269,0.5760930180549622
877_class-1,3,0.5881384611129761,0,0.985641598701477,0.9560915231704712,0.1553788481199591,0.9372838735580444
877_class-1,4,0.5763040781021118,0,0.9860852956771851,0.9590126276016235,0.7975994351612145,0.9306224584579468
877_class-1,5,0.6065293550491333,0,0.9835852980613708,0.941494345664978,0.7746929945491952,0.9358251094818115
878_class-4,0,0.7536676526069641,0,0.9964334964752197,0.9358952045440674,1.0,0.9209580421447754
878_class-4,1,0.7447551488876343,1,0.9966868758201599,0.9529105424880981,0.7377308132251212,0.937317430973053
878_class-4,2,0.9220375418663025,0,0.9979103207588196,0.9139717817306519,0.5694435509810228,0.8663585186004639
878_class-4,3,0.5109831690788269,0,0.9986623525619507,0.9214352369308472,0.1023413341186865,0.9205644726753235
878_class-4,4,0.8434724807739258,0,0.9979778528213501,0.9406059980392456,0.09076079864282918,0.8669911026954651
878_class-4,5,0.5134082436561584,0,0.9850070476531982,0.9418532848358154,0.13859781786755968,0.7645108699798584
879_class-2,0,0.9879149198532104,0,0.964672327041626,1.0057271718978882,1.0,0.988274335861206
879_class-2,1,0.943527102470398,0,0.9636212587356567,1.0062713623046875,0.9977645442052222,0.989307701587677
879_class-2,2,0.9265954494476318,1,0.9667715430259705,1.0053215026855469,0.96530494452639,0.9695693254470825
879_class-2,3,0.9433580636978149,0,0.9644089937210083,1.005897045135498,0.9672627790834313,0.988334596157074
879_class-2,4,0.9433671236038208,0,0.9645425081253052,1.0062205791473389,0.9995411286399971,0.9884799122810364
879_class-2,5,0.9265880584716797,0,0.9663177728652954,1.0052671432495117,0.9669866735195859,0.970532238483429
880_class-1,0,0.4617290496826172,0,0.9561869502067566,1.0086605548858643,1.0,0.991766631603241
880_class-1,1,0.42641571164131165,0,0.9567733407020569,1.0092576742172241,0.9980939534338162,0.9915087819099426
880_class-1,2,0.42658737301826477,0,0.9564727544784546,1.0089573860168457,0.9989295873779289,0.9919467568397522
880_class-1,3,0.4273145794868469,1,0.9571030139923096,1.009390950202942,0.9969729318690318,0.9916534423828125
880_class-1,4,0.4341028332710266,0,0.9539276957511902,1.005017638206482,0.9789693852699741,0.9826434850692749
880_class-1,5,0.42614832520484924,0,0.9562737941741943,1.008487582206726,0.9752916559176771,0.991537868976593
881_class-2,0,0.9940557479858398,0,0.996964693069458,1.0085055828094482,1.0,0.9942390322685242
881_class-2,1,0.8579508066177368,0,0.9952900409698486,0.9540830850601196,0.8060515873015873,0.9162391424179077
881_class-2,2,0.9620894193649292,0,0.9969742298126221,0.9996867179870605,0.807842161982923,0.9930522441864014
881_class-2,3,0.9613733291625977,0,0.9971860647201538,1.007876992225647,0.9952246197382384,0.9944400191307068
881_class-2,4,0.9612855315208435,1,0.9971302151679993,1.0081762075424194,0.9994187515794795,0.9944494962692261
881_class-2,5,0.9613441228866577,0,0.9970332384109497,1.0085335969924927,0.9992419456727732,0.9941809177398682
882_class-2,0,0.9947186708450317,1,0.9960067868232727,1.0090841054916382,1.0,0.9953822493553162
882_class-2,1,0.9640320539474487,0,0.9960118532180786,1.0078418254852295,0.9995190238716047,0.9953768849372864
882_class-2,2,0.964043140411377,0,0.9960010051727295,1.0080046653747559,0.9996202339358955,0.9952844977378845
882_class-2,3,0.9652270078659058,0,0.9961290955543518,1.0062521696090698,0.9950117742384726,0.9956198930740356
882_class-2,4,0.9641259908676147,0,0.9960079193115234,1.008091688156128,0.9952888731288468,0.9954323768615723
882_class-2,5,0.9641549587249756,0,0.9960042238235474,1.0070940256118774,0.9997720480218834,0.9953562021255493
883_class-2,0,0.9872418642044067,1,0.9921876788139343,1.002687931060791,1.0,0.9914357662200928
883_class-2,1,0.936906099319458,0,0.9912962913513184,0.9847327470779419,0.9880759826970096,0.9895864129066467
883_class-2,2,0.8905863761901855,0,0.9907186627388,0.9841070175170898,0.8807480996462708,0.9896590709686279
883_class-2,3,0.8931629657745361,0,0.9921135902404785,0.9964770078659058,0.9886047100531781,0.9926813840866089
883_class-2,4,0.9138929843902588,0,0.9913492202758789,0.9345501661300659,0.859915365533343,0.9521337747573853
883_class-2,5,0.9369768500328064,0,0.9910327196121216,0.9881172180175781,0.9399444865001262,0.9901317954063416
884_class-3,0,0.91548752784729,1,0.9860392808914185,0.9981497526168823,1.0,0.9900212287902832
884_class-3,1,0.8734457492828369,0,0.9860356450080872,0.998145580291748,0.9990777926520898,0.989900529384613
884_class-3,2,0.8589452505111694,0,0.9864277243614197,0.990149736404419,0.9387562071411681,0.9660525321960449
884_class-3,3,0.8758686780929565,0,0.9864277243614197,0.9883184432983398,0.935814171201217,0.9870047569274902
884_class-3,4,0.8742865324020386,0,0.9861276745796204,0.985443115234375,0.9919555360538248,0.9857296347618103
884_class-3,5,0.8738473653793335,0,0.9861287474632263,0.9875372648239136,0.9951976901773614,0.9897278547286987
885_class-4,0,0.9970498085021973,0,0.9922367334365845,1.003553867340088,1.0,0.9864065051078796
885_class-4,1,0.8004598021507263,0,0.9950531125068665,0.9676750898361206,0.7143445594147498,0.9401308298110962
885_class-4,2,0.9609125852584839,0,0.992465615272522,0.9958764314651489,0.729022039495855,0.9794817566871643
885_class-4,3,0.9612582325935364,0,0.9924408793449402,0.9982359409332275,0.998077668920628,0.980488657951355
885_class-4,4,0.9722985029220581,0,0.9922367930412292,0.9880064725875854,0.9719972456307178,0.9867702126502991
885_class-4,5,0.6217992901802063,1,0.9972138404846191,0.9945060014724731,0.4185558560773707,0.9751759767532349
886_class-2,0,0.9971522092819214,0,0.9958668351173401,1.006271481513977,1.0,0.9945284128189087
886_class-2,1,0.9683159589767456,0,0.9959490895271301,1.0042953491210938,0.9951438630569382,0.9926473498344421
886_class-2,2,0.9577338695526123,0,0.9955432415008545,1.0047521591186523,0.9681353864918433,0.9926780462265015
886_class-2,3,0.9577389359474182,0,0.9955783486366272,1.0049537420272827,0.9994962533845476,0.9926517009735107
886_class-2,4,0.9576805830001831,0,0.995513916015625,1.005391240119934,0.9991817209038837,0.9927788972854614
886_class-2,5,0.9681105613708496,1,0.9958763122558594,1.0062235593795776,0.9641241994718791,0.9946388006210327
887_class-0,0,0.918143093585968,0,0.9958999156951904,0.984183669090271,1.0,0.9641928672790527
887_class-0,1,0.8683520555496216,0,0.995842695236206,0.9823836088180542,0.9579902386441896,0.9705876111984253
887_class-0,2,0.9139927625656128,1,0.9949659109115601,0.9981435537338257,0.8617492316507788,0.9810662269592285
887_class-0,3,0.8316776752471924,0,0.994651734828949,0.9697655439376831,0.751655456488868,0.9626902341842651
887_class-0,4,0.8748257160186768,0,0.9963824152946472,0.9724061489105225,0.8495614293283099,0.9630313515663147
887_class-0,5,0.8674215078353882,0,0.9955493807792664,0.9811018705368042,0.9586095153925468,0.9669251441955566
888_class-3,0,0.5062195658683777,0,0.9677459001541138,0.9065637588500977,1.0,0.5491769909858704
888_class-3,1,0.5125626921653748,0,0.9169619679450989,0.9625887870788574,0.6007171978057162,0.8666567206382751
888_class-3,2,0.6128129959106445,0,0.9860068559646606,0.9797248840332031,0.23332647885393104,0.9737833142280579
888_class-3,3,0.6129866242408752,1,0.9852014780044556,0.9900052547454834,0.9697709246214432,0.9766255617141724
888_class-3,4,0.6129336357116699,0,0.9849198460578918,0.9882198572158813,0.9926111174263954,0.9774941205978394
888_class-3,5,0.22761572897434235,0,0.9311624765396118,1.0011664628982544,0.11190861688700773,0.9460874199867249
889_class-0,0,0.9995642900466919,0,0.9343772530555725,1.0087188482284546,1.0,0.9936601519584656
889_class-0,1,0.938079833984375,0,0.9347684383392334,0.9699841737747192,0.9935502228967087,0.9866257905960083
889_class-0,2,0.936091959476471,0,0.9342389106750488,0.9691200256347656,0.9935863005908186,0.9875789284706116
889_class-0,3,0.9379473924636841,0,0.9347504377365112,0.9955923557281494,0.9936814835876536,0.991067111492157
889_class-0,4,0.38152310252189636,0,0.9643015265464783,0.948684573173523,0.10289445048966267,0.45009568333625793
889_class-0,5,0.3473486006259918,1,0.9673896431922913,1.00812566280365,0.4742817203425485,0.9636579751968384
890_class-2,0,0.24803592264652252,0,0.8928287029266357,0.9393951892852783,1.0,0.5025584101676941
890_class-2,1,0.6895498037338257,0,0.998350977897644,0.9773070812225342,0.2087010018275361,0.9402807950973511
890_class-2,2,0.48031994700431824,0,0.9801188111305237,0.932174801826477,0.48475803745994284,0.7219710350036621
890_class-2,3,0.8699796795845032,0,0.9971542358398438,0.9725137948989868,0.28772859241437543,0.9737871885299683
890_class-2,4,0.9370551705360413,1,0.9949623346328735,1.0035228729248047,0.7652578426305117,0.9923247694969177
890_class-2,5,0.9535843133926392,0,0.9953586459159851,0.9867558479309082,0.9483200315302001,0.9849904775619507
891_class-1,0,0.7155749797821045,1,0.9898088574409485,0.9731771945953369,1.0,0.8992807865142822
891_class-1,1,0.5581556558609009,0,0.994292140007019,0.942044734954834,0.6668283220174588,0.9088146090507507
891_class-1,2,0.6467894315719604,0,0.9920797348022461,0.9508723020553589,0.6460659441406633,0.8353232145309448
891_class-1,3,0.5257943272590637,0,0.9936709403991699,0.9358985424041748,0.5343537863309826,0.877520740032196
891_class-1,4,0.6663031578063965,0,0.9931823015213013,0.9647045135498047,0.5365671134090755,0.8550121784210205
891_class-1,5,0.5434483289718628,0,0.9933527708053589,0.9442142248153687,0.6056828410808608,0.8948142528533936
892_class-2,0,0.3558904230594635,0,0.9184105396270752,0.8586442470550537,1.0,0.23023030161857605
892_class-2,1,0.9193326234817505,1,0.9952940940856934,0.9863446950912476,0.0,0.9857751727104187
892_class-2,2,0.8735750913619995,0,0.9974518418312073,0.979494571685791,0.8993587838124761,0.975512683391571
892_class-2,3,0.912616491317749,0,0.99546217918396,0.972393274307251,0.8879206104323896,0.980394184589386
892_class-2,4,0.9152599573135376,0,0.9958233833312988,0.9833557605743408,0.9894442149708569,0.984216570854187
892_class-2,5,0.03993764892220497,0,0.9115577340126038,1.0016522407531738,0.08123570654790563,0.5383974313735962
893_class-2,0,0.4479060769081116,0,0.9977689385414124,0.9598989486694336,1.0,0.8519591689109802
893_class-2,1,0.9290380477905273,0,0.9964649677276611,1.005568265914917,0.0032690930601824465,0.9929360151290894
893_class-2,2,0.9296544790267944,1,0.9964903593063354,1.0059069395065308,0.9953633567460864,0.992021918296814
893_class-2,3,0.920879602432251,0,0.9968811273574829,0.98664391040802,0.9741976085588421,0.9840278029441833
893_class-2,4,0.9291394948959351,0,0.9964419603347778,1.0051277875900269,0.976950035945363,0.9929805994033813
893_class-2,5,0.7540793418884277,0,0.9947059154510498,0.953130841255188,0.6441741509546185,0.9429387450218201
894_class-3,0,0.8458760976791382,1,0.9930857419967651,0.9779444932937622,1.0,0.952023446559906
894_class-3,1,0.7527599334716797,0,0.9956228137016296,0.9289344549179077,0.9274325941178108,0.8673318028450012
894_class-3,2,0.07623724639415741,0,0.7955095767974854,0.9616571664810181,0.137116264205964,0.42388075590133667
894_class-3,3,0.7581138014793396,0,0.9938747882843018,0.9291119575500488,0.13458872781455103,0.8360645174980164
894_class-3,4,0.7549171447753906,0,0.9931231141090393,0.9758478403091431,0.9480979736488611,0.9523012042045593
894_class-3,5,0.05475952476263046,0,0.831025242805481,0.9192413091659546,0.13101350285940644,0.43515580892562866
895_class-4,0,0.8212242722511292,0,0.9932355880737305,0.945722758769989,1.0,0.9883345365524292
895_class-4,1,0.7192493081092834,0,0.9919514060020447,0.9062647819519043,0.6804146256123164,0.8826304078102112
895_class-4,2,0.7815399765968323,0,0.9933415055274963,0.9307120442390442,0.6794821327034948,0.9870300889015198
895_class-4,3,0.8888009786605835,1,0.9886374473571777,0.9979292154312134,0.7253213367609255,0.9921491146087646
895_class-4,4,0.647391676902771,0,0.9907168745994568,0.9593819379806519,0.3755561458264161,0.9568594694137573
895_class-4,5,0.8832144737243652,0,0.9878733158111572,0.9801995754241943,0.3719370476127233,0.9772476553916931
896_class-4,0,0.7888758182525635,0,0.9189642071723938,0.9778169393539429,1.0,0.9526751637458801
896_class-4,1,0.8100686073303223,0,0.9180879592895508,0.9907580614089966,0.49798934252491034,0.9567818641662598
896_class-4,2,0.9345076084136963,0,0.9055789709091187,1.0108734369277954,0.6515061100588952,0.992303729057312
896_class-4,3,0.5924237966537476,1,0.9329661130905151,0.9569613933563232,0.38979582123649514,0.9001972675323486
896_class-4,4,0.9347898960113525,0,0.9054083228111267,1.0037288665771484,0.38949657876772137,0.9911180734634399
896_class-4,5,0.9648104906082153,0,0.9069668054580688,0.9763501882553101,0.9018078568091148,0.9812890887260437
897_class-2,0,0.44766712188720703,0,0.9855501055717468,0.9486706256866455,1.0,0.941581130027771
897_class-2,1,0.5156304836273193,1,0.9840297102928162,0.9805676937103271,0.0,0.9766345024108887
897_class-2,2,0.07256466150283813,0,0.7424324154853821,0.9483530521392822,0.16051868353579085,0.4922725558280945
897_class-2,3,0.01290044840425253,0,0.7176146507263184,0.9883973598480225,0.8866184165411964,0.0
897_class-2,4,0.01290044840425253,0,0.7176146507263184,1.0008753538131714,1.0,0.0
897_class-2,5,0.29587623476982117,0,0.8652847409248352,0.9513977766036987,0.44865535695651526,0.29868489503860474
898_class-2,0,0.9886936545372009,0,0.9952082633972168,0.9635138511657715,1.0,0.9717724919319153
898_class-2,1,0.9267712831497192,0,0.999030351638794,1.0047297477722168,0.8980738362760835,0.992758572101593
898_class-2,2,0.9130584001541138,0,0.9956307411193848,0.9143949747085571,0.874885004599816,0.9521955251693726
898_class-2,3,0.9269921779632568,1,0.9990476369857788,1.0057563781738281,0.874723960250276,0.9936623573303223
898_class-2,4,0.9269921779632568,0,0.999038815498352,1.0048176050186157,0.9989507921519253,0.9930320978164673
898_class-2,5,0.924286961555481,0,0.9989763498306274,0.9812500476837158,0.9928087545596664,0.992685854434967
899_class-2,0,0.4293674826622009,0,0.9958722591400146,1.0089226961135864,1.0,0.9977886080741882
899_class-2,1,0.40878236293792725,0,0.9958787560462952,1.0076593160629272,0.9972777719610512,0.9960760474205017
899_class-2,2,0.40432336926460266,0,0.9963915348052979,0.9791501760482788,0.8845366579828805,0.9920561909675598
899_class-2,3,0.40884724259376526,0,0.9958765506744385,1.0045979022979736,0.883877873964442,0.9958850145339966
899_class-2,4,0.408732533454895,1,0.9958921670913696,1.0091766119003296,0.9963859208045255,0.9977685213088989
899_class-2,5,0.40883979201316833,0,0.9958723783493042,1.0050822496414185,0.9962817491489919,0.9954936504364014
900_class-4,0,0.563398003578186,1,0.9946673512458801,1.0058354139328003,1.0,0.9903141856193542
900_class-4,1,0.3569095730781555,0,0.9746659994125366,1.002771258354187,0.43395833333333333,0.9931312203407288
900_class-4,2,0.3803119957447052,0,0.9758298397064209,1.0010061264038086,0.830660296877666,0.9926106333732605
900_class-4,3,0.5391762256622314,0,0.9947320222854614,1.0032953023910522,0.518135945384387,0.9854549169540405
900_class-4,4,0.3802485466003418,0,0.975893497467041,0.9997761249542236,0.5181611720524276,0.9924598336219788
900_class-4,5,0.6629074811935425,0,0.976180911064148,0.952767014503479,0.38263232281178444,0.7458518743515015
901_class-3,0,0.27492642402648926,0,0.9440999031066895,0.9524680376052856,1.0,0.961292564868927
901_class-3,1,0.23803900182247162,1,0.9414094686508179,0.9842113256454468,0.8710394338601903,0.9538045525550842
901_class-3,2,0.23831528425216675,0,0.940081775188446,0.9851149320602417,0.9962961050076365,0.9540548324584961
901_class-3,3,0.2820911109447479,0,0.9510000944137573,0.940785825252533,0.8528658770969169,0.8914269208908081
901_class-3,4,0.23674200475215912,0,0.9384722113609314,0.9839726686477661,0.8482406331844647,0.9735651612281799
901_class-3,5,0.00982484221458435,0,0.9470514059066772,0.9832942485809326,0.5192340793384257,0.7522755265235901
902_class-0,0,0.999748945236206,0,0.9957185387611389,0.9987366199493408,1.0,0.995389461517334
902_class-0,1,0.915733277797699,0,0.995808482170105,0.9758737087249756,0.9791352093342485,0.9935057163238525
902_class-0,2,0.7331917881965637,0,0.9969211220741272,0.965162992477417,0.5768150822302447,0.9656219482421875
902_class-0,3,0.7373751401901245,0,0.9962161183357239,0.9977800846099854,0.9741095119401785,0.9871091842651367
902_class-0,4,0.7490817308425903,0,0.9962630867958069,0.9755072593688965,0.9555628433221284,0.9882657527923584
902_class-0,5,0.9225172996520996,1,0.9957740902900696,0.9989590644836426,0.6096581196581197,0.994836151599884
903_class-1,0,0.4328586757183075,0,0.8894912004470825,0.9904779195785522,1.0,0.9460352659225464
903_class-1,1,0.3372379243373871,0,0.9187455177307129,0.978401780128479,0.4715525255655407,0.9705101847648621
903_class-1,2,0.33836913108825684,1,0.9189094305038452,0.9786950349807739,0.9872717738475473,0.9760345220565796
903_class-1,3,0.41464707255363464,0,0.8897237777709961,0.9462547302246094,0.4159885715886332,0.8789460062980652
903_class-1,4,0.3370365798473358,0,0.9188965559005737,0.9767568111419678,0.412938364919691,0.9677090644836426
903_class-1,5,0.3962578773498535,0,0.879645824432373,1.002817153930664,0.4894587166166214,0.9942231178283691
904_class-1,0,0.5199815034866333,0,0.9719182848930359,0.9577274322509766,1.0,0.9582487344741821
904_class-1,1,0.4757484495639801,0,0.972751259803772,0.9648724794387817,0.9849656716168584,0.9574361443519592
904_class-1,2,0.4744226336479187,0,0.9714157581329346,0.9607118368148804,0.9885241794036582,0.9580702185630798
904_class-1,3,0.4760357439517975,1,0.9732592105865479,0.9660649299621582,0.98097195518133,0.9588480591773987
904_class-1,4,0.3973405063152313,0,0.922311544418335,0.9616458415985107,0.5960413494671047,0.8565635681152344
904_class-1,5,0.4759501516819,0,0.972490668296814,0.9655547142028809,0.5923740445014376,0.9591346979141235
905_class-2,0,0.9978839159011841,1,0.994564950466156,1.003247857093811,1.0,0.9915661811828613
905_class-2,1,0.9076788425445557,0,0.9945801496505737,1.0026787519454956,0.9988951438943547,0.9915865659713745
905_class-2,2,0.9077298641204834,0,0.9944961071014404,1.0031695365905762,0.9987897921599579,0.9913497567176819
905_class-2,3,0.9076818227767944,0,0.9945640563964844,1.002798080444336,0.998947423819799,0.9915247559547424
905_class-2,4,0.8702397346496582,0,0.9933549165725708,0.9516323804855347,0.8986389341512508,0.9541382789611816
905_class-2,5,0.9083563089370728,0,0.9945477843284607,1.0033149719238281,0.89910281629324,0.9910187721252441
906_class-2,0,0.7442759275436401,0,0.9954625964164734,0.9240800142288208,1.0,0.82384192943573
906_class-2,1,0.8154681921005249,0,0.9935119152069092,0.9815003871917725,0.6810878800104422,0.9759833812713623
906_class-2,2,0.8082804083824158,0,0.9930740594863892,0.9864538908004761,0.9712137550922597,0.9698855876922607
906_class-2,3,0.5922189354896545,0,0.9841728210449219,0.9840108156204224,0.3661418219933464,0.9126617312431335
906_class-2,4,0.5980738997459412,0,0.9830690622329712,0.971405029296875,0.9669241697744628,0.9071450233459473
906_class-2,5,0.814121663570404,1,0.9934495687484741,0.9885919094085693,0.36937468678656943,0.9757760167121887
907_class-0,0,0.9433900117874146,0,0.9942464232444763,0.9985066652297974,1.0,0.9857283234596252
907_class-0,1,0.9073621034622192,0,0.9971347451210022,0.9596048593521118,0.881950186881884,0.9678483009338379
907_class-0,2,0.8702870011329651,0,0.9948239326477051,0.9976820945739746,0.871750720222524,0.9771274924278259
907_class-0,3,0.8705302476882935,1,0.9945518374443054,0.9983474016189575,0.9946086563112653,0.9877852201461792
907_class-0,4,0.8131806254386902,0,0.9981905817985535,0.9789364337921143,0.7244928769454585,0.9631093740463257
907_class-0,5,0.9086101055145264,0,0.9970011711120605,0.9876164197921753,0.8034455542552323,0.9778956174850464
908_class-4,0,0.31609708070755005,0,0.9738844633102417,1.005413293838501,1.0,0.9859037399291992
908_class-4,1,0.2990095615386963,0,0.973680317401886,1.0064165592193604,0.9988444930973667,0.985768735408783
908_class-4,2,0.2989424765110016,0,0.9731568098068237,0.9791980981826782,0.9930731932579081,0.9748132228851318
908_class-4,3,0.2989911139011383,0,0.9734920859336853,1.0064191818237305,0.9922772421497438,0.985447347164154
908_class-4,4,0.29896363615989685,0,0.9739741086959839,1.0055327415466309,0.9978233112421718,0.9858291745185852
908_class-4,5,0.2990376949310303,1,0.9741185903549194,1.0058051347732544,0.9987708558980662,0.9856449961662292
909_class-2,0,0.9710568189620972,1,0.9935161471366882,1.0034945011138916,1.0,0.9911271929740906
909_class-2,1,0.6468693614006042,0,0.9926117062568665,0.9803808927536011,0.38045956849675494,0.9832584857940674
909_class-2,2,0.3691443204879761,0,0.9730015397071838,0.9349603652954102,0.07723233178163352,0.8392240405082703
909_class-2,3,0.9575033187866211,0,0.9930875301361084,0.9882626533508301,0.08181238712418995,0.9905698895454407
909_class-2,4,0.9400196671485901,0,0.9934340715408325,1.0001345872879028,0.9293376962266495,0.9899930953979492
909_class-2,5,0.3202884793281555,0,0.8409223556518555,0.9098910093307495,0.13485207552939377,0.5455201864242554
910_class-1,0,0.4308611750602722,0,0.9648270606994629,1.0034990310668945,1.0,0.9804269671440125
910_class-1,1,0.4052889347076416,1,0.9657957553863525,1.0038087368011475,0.9987805524627539,0.9799718260765076
910_class-1,2,0.4052852988243103,0,0.9650536775588989,1.0033233165740967,0.9988123641376385,0.9796691536903381
910_class-1,3,0.40537992119789124,0,0.9646931290626526,1.0034676790237427,0.99826188331302,0.9803378582000732
910_class-1,4,0.4053874909877777,0,0.9647805690765381,1.003703236579895,0.9989715206650126,0.9803951978683472
910_class-1,5,0.4058135151863098,0,0.9644286036491394,1.0058966875076294,0.9710171074415248,0.9510237574577332
911_class-0,0,0.9191803932189941,0,0.9923856258392334,0.9819282293319702,1.0,0.9725989103317261
911_class-0,1,0.8331907987594604,0,0.992575466632843,0.983299732208252,0.9353844460344543,0.9738572835922241
911_class-0,2,0.8813493251800537,1,0.9932305812835693,0.9903131723403931,0.7316894741371891,0.9849710464477539
911_class-0,3,0.8886992931365967,0,0.9927883148193359,0.9729760885238647,0.8998752205154683,0.9658852815628052
911_class-0,4,0.8874068260192871,0,0.9933732748031616,0.9887556433677673,0.90227434257285,0.9635167121887207
911_class-0,5,0.8386203050613403,0,0.992134690284729,0.9855899810791016,0.7640404040404041,0.9722217917442322
912_class-4,0,0.923689603805542,0,0.998674750328064,0.9690941572189331,1.0,0.9701032638549805
912_class-4,1,0.9052467942237854,0,0.9989824295043945,0.9867275953292847,0.8523543044485897,0.9819949865341187
912_class-4,2,0.8335831761360168,0,0.9990090131759644,0.987593412399292,0.7935498146816397,0.9922868013381958
912_class-4,3,0.8366799354553223,0,0.9989362955093384,0.9959784746170044,0.985160590865971,0.9859004616737366
912_class-4,4,0.8960864543914795,0,0.9990475177764893,0.9834285974502563,0.797837897162926,0.9878815412521362
912_class-4,5,0.8611733317375183,1,0.999097466468811,0.9967901706695557,0.8736969164929222,0.9880399703979492
913_class-2,0,0.9732788801193237,0,0.9941405057907104,0.9980664253234863,1.0,0.9931092262268066
913_class-2,1,0.929377555847168,0,0.9941152930259705,0.9957503080368042,0.9906119610570236,0.9920972585678101
913_class-2,2,0.9294388294219971,1,0.9941633343696594,0.9985861778259277,0.9838653592043953,0.9923372268676758
913_class-2,3,0.9296292066574097,0,0.9940810203552246,0.9958908557891846,0.9835233592880979,0.9921112060546875
913_class-2,4,0.6113311052322388,0,0.9834191203117371,0.9493310451507568,0.3449390698831137,0.8857676386833191
913_class-2,5,0.9297593832015991,0,0.9941425323486328,0.9719396829605103,0.34585111690039355,0.9900134801864624
914_class-2,0,0.7922573685646057,1,0.9985062479972839,0.9780824184417725,1.0,0.9644498229026794
914_class-2,1,0.8649518489837646,0,0.9954735636711121,0.9647848606109619,0.6388565343272654,0.9741510152816772
914_class-2,2,0.8133825063705444,0,0.9974534511566162,0.9678974151611328,0.8328509165918089,0.9452664852142334
914_class-2,3,0.861962616443634,0,0.9953102469444275,0.9459896087646484,0.8298613414715054,0.9560042023658752
914_class-2,4,0.7593033313751221,0,0.9925438761711121,0.9430767297744751,0.7195280207632414,0.9262492060661316
914_class-2,5,0.839701771736145,0,0.9943897128105164,0.9874892234802246,0.6712226400539967,0.9809397459030151
915_class-4,0,0.21837195754051208,0,0.8848567008972168,0.9838287830352783,1.0,0.9093071818351746
915_class-4,1,0.30788367986679077,0,0.9862484931945801,1.0140609741210938,0.11775077076831694,0.9981309771537781
915_class-4,2,0.1884148120880127,0,0.8739711046218872,0.9538823366165161,0.1812351279000595,0.8378472924232483
915_class-4,3,0.30788254737854004,1,0.9862408638000488,1.0141478776931763,0.18124779238162517,0.998202383518219
915_class-4,4,0.20331716537475586,0,0.8888806104660034,0.9809925556182861,0.11914508309596121,0.9145178198814392
915_class-4,5,0.20470623672008514,0,0.8894829750061035,0.9804234504699707,0.9841931053117471,0.8934019804000854
916_class-1,0,0.33733293414115906,0,0.9790562391281128,1.0009044408798218,1.0,0.9735873341560364
916_class-1,1,0.31529366970062256,0,0.9780678749084473,1.0000760555267334,0.9700805122076744,0.9771139025688171
916_class-1,2,0.3171244263648987,0,0.9782835245132446,0.9995906352996826,0.9963540920166261,0.9770076870918274
916_class-1,3,0.3963034152984619,0,0.9844798445701599,0.9536103010177612,0.735565242560059,0.7876226305961609
916_class-1,4,0.8558948040008545,1,0.9847877025604248,0.9951887130737305,0.13499034804162335,0.9904524683952332
916_class-1,5,0.32385343313217163,0,0.9780781865119934,1.0003104209899902,0.09303617301950982,0.9748058915138245
917_class-1,0,0.40427085757255554,0,0.9199038743972778,0.9601377248764038,1.0,0.9365751147270203
917_class-1,1,0.4596456289291382,1,0.9659194350242615,0.9638692736625671,0.173155998690004,0.5406503677368164
917_class-1,2,0.4087781012058258,0,0.920853853225708,0.9676084518432617,0.14296720849384573,0.761844277381897
917_class-1,3,0.39801397919654846,0,0.9242473840713501,0.9696894884109497,0.9095316553983676,0.9106644988059998
917_class-1,4,0.3983886241912842,0,0.920092761516571,0.9628530740737915,0.9423572172197768,0.9215176701545715
917_class-1,5,0.39330703020095825,0,0.9254449605941772,0.9617248773574829,0.9192545447894949,0.93747878074646
918_class-3,0,0.629642903804779,1,0.9601197242736816,0.9927253723144531,1.0,0.972032904624939
918_class-3,1,0.30799368023872375,0,0.8999830484390259,0.9841804504394531,0.04851988899167438,0.9130819439888
918_class-3,2,0.5655455589294434,0,0.9700407981872559,0.8944553136825562,0.09400334518467064,0.48912858963012695
918_class-3,3,0.029771022498607635,0,0.8360229730606079,0.9227709770202637,0.0791769056236408,0.25053101778030396
918_class-3,4,0.4106675088405609,0,0.9682813882827759,0.9151468276977539,0.14782185818265123,0.5639306306838989
918_class-3,5,0.39319735765457153,0,0.9322494864463806,0.8872073888778687,0.08419549555396898,0.3390806317329407
919_class-0,0,0.5423220992088318,0,0.9652411341667175,0.9562313556671143,1.0,0.6905359029769897
919_class-0,1,0.8997511863708496,0,0.9802100658416748,0.9790852069854736,0.34935296873170163,0.9703324437141418
919_class-0,2,0.40063199400901794,0,0.9783611297607422,0.962807297706604,0.1691457388823799,0.8990265727043152
919_class-0,3,0.4339829683303833,0,0.9787144660949707,0.938035249710083,0.48731217417969946,0.9506478309631348
919_class-0,4,0.46775296330451965,0,0.9751895666122437,0.9018038511276245,0.5338796612033879,0.8928387761116028
919_class-0,5,0.9207319021224976,1,0.982305109500885,0.9821740388870239,0.212074133358442,0.9646010398864746
920_class-2,0,0.9971727132797241,0,0.992755651473999,1.0083733797073364,1.0,0.9936908483505249
920_class-2,1,0.9407526850700378,0,0.9927385449409485,1.0084398984909058,0.9995191537105306,0.9934746623039246
920_class-2,2,0.9406787157058716,0,0.9927523136138916,1.008935570716858,0.9995192436099463,0.9935827255249023
920_class-2,3,0.9406576156616211,0,0.9927703142166138,1.0083929300308228,0.9991989746876001,0.9934278726577759
920_class-2,4,0.9406741857528687,0,0.9927527904510498,1.0086472034454346,0.9992256962059114,0.993562638759613
920_class-2,5,0.9405528903007507,1,0.992796003818512,1.008771300315857,0.9990925589836661,0.9935795664787292
921_class-3,0,0.9898186922073364,0,0.9728187322616577,0.9870293140411377,1.0,0.9793530702590942
921_class-3,1,0.773279070854187,0,0.9660038352012634,0.9730052947998047,0.7088098918083462,0.9418210983276367
921_class-3,2,0.6267223954200745,0,0.9839843511581421,0.9493184089660645,0.6028857308584686,0.9048059582710266
921_class-3,3,0.709060549736023,0,0.9781756401062012,0.9664287567138672,0.6584973317898184,0.9139877557754517
921_class-3,4,0.9311449527740479,1,0.973168671131134,0.9882440567016602,0.5751173308302756,0.9819938540458679
921_class-3,5,0.4974610507488251,0,0.983349084854126,0.9481124877929688,0.2209840094202775,0.9336678385734558
922_class-1,0,0.6020718812942505,1,0.9886727333068848,0.9940445423126221,1.0,0.9800148606300354
922_class-1,1,0.5288350582122803,0,0.9882654547691345,0.9768750667572021,0.9450820407065363,0.970145583152771
922_class-1,2,0.4652366042137146,0,0.9835427403450012,1.0059269666671753,0.6733855155213252,0.9922937750816345
922_class-1,3,0.4652046859264374,0,0.983591616153717,1.0056638717651367,0.998557065723329,0.9922654032707214
922_class-1,4,0.46520328521728516,0,0.9836319088935852,1.0051287412643433,0.9991385532350818,0.9920209050178528
922_class-1,5,0.4655752182006836,0,0.9835515022277832,1.004599928855896,0.998115665565533,0.9924489855766296
923_class-4,0,0.9857190251350403,0,0.8409792184829712,1.0128775835037231,1.0,0.9929388761520386
923_class-4,1,0.9594677090644836,0,0.8425535559654236,1.01108717918396,0.9993463011079922,0.9926129579544067
923_class-4,2,0.960307776927948,0,0.8413324356079102,1.013219952583313,0.9993957106442823,0.9928280115127563
923_class-4,3,0.9593296051025391,0,0.8422946333885193,1.0114095211029053,0.9992803463127362,0.9925032258033752
923_class-4,4,0.9604841470718384,0,0.8414770364761353,1.013546109199524,0.9991431255046497,0.9929753541946411
923_class-4,5,0.959275484085083,1,0.8425215482711792,1.011694312095642,0.9991211543637433,0.9925892949104309
924_class-0,0,0.9995136260986328,0,0.9984897375106812,1.006026268005371,1.0,0.9925564527511597
924_class-0,1,0.8312185406684875,0,0.9985789060592651,0.9958080053329468,0.7631868304483052,0.9834886193275452
924_class-0,2,0.953204870223999,0,0.9984931945800781,1.005715250968933,0.7630223060006284,0.9919750690460205
924_class-0,3,0.8247183561325073,0,0.9986061453819275,0.9608609676361084,0.7512671529237236,0.9739584922790527
924_class-0,4,0.7800167798995972,0,0.9980062246322632,0.9600268602371216,0.878236068451075,0.944938600063324
924_class-0,5,0.9533065557479858,1,0.998497486114502,1.0071018934249878,0.6709402890221325,0.9928982853889465
925_class-0,0,0.9996590614318848,0,0.9794794917106628,1.00883948802948,1.0,0.9947709441184998
925_class-0,1,0.9536168575286865,0,0.9793499112129211,1.008057713508606,0.9992250705185828,0.9947351217269897
925_class-0,2,0.9534039497375488,0,0.9793687462806702,1.0085563659667969,0.9992250464972101,0.9948427081108093
925_class-0,3,0.9532332420349121,0,0.9795660376548767,1.0085293054580688,0.999318315619868,0.9948034882545471
925_class-0,4,0.9535137414932251,0,0.979266881942749,1.0072450637817383,0.9989775051124744,0.9947091341018677
925_class-0,5,0.952733039855957,1,0.9795925617218018,1.0088837146759033,0.9978029459091472,0.9948936700820923
926_class-2,0,0.5017880201339722,0,0.9833509922027588,1.0099762678146362,1.0,0.9933179020881653
926_class-2,1,0.4887637794017792,1,0.9838206171989441,1.00857412815094,0.9989372355862577,0.9927854537963867
926_class-2,2,0.9537205696105957,0,0.9467815160751343,1.0051429271697998,0.3793452765937551,0.9809293746948242
926_class-2,3,0.9542866945266724,0,0.9463073015213013,1.0103120803833008,0.9957517992608442,0.9820876121520996
926_class-2,4,0.9544009566307068,0,0.9458492994308472,1.009767770767212,0.9985518981034537,0.981704831123352
926_class-2,5,0.9539593458175659,0,0.9454574584960938,1.0106076002120972,0.9980301626478352,0.9820796847343445
927_class-3,0,0.9988528490066528,0,0.9870999455451965,0.9939829111099243,1.0,0.9887980818748474
927_class-3,1,0.6097884178161621,0,0.9726226329803467,0.9287545680999756,0.4446172091184609,0.7209998369216919
927_class-3,2,0.38898494839668274,0,0.904845118522644,0.952703595161438,0.37037534111752335,0.9876761436462402
927_class-3,3,0.8114955425262451,0,0.9854079484939575,0.832339882850647,0.0,0.7572929859161377
927_class-3,4,0.8709060549736023,0,0.9862459897994995,0.9639629125595093,0.8076145736603485,0.9847696423530579
927_class-3,5,0.8724697232246399,1,0.9869805574417114,1.0015674829483032,0.9917112007852547,0.9902443289756775
928_class-2,0,0.8350387215614319,0,0.9922094345092773,0.964942455291748,1.0,0.9594518542289734
928_class-2,1,0.9531165361404419,0,0.9919734001159668,0.9946815967559814,0.7021729726132242,0.9866517782211304
928_class-2,2,0.7754521369934082,0,0.9825078248977661,0.9887212514877319,0.6390682517651318,0.974943220615387
928_class-2,3,0.9523195624351501,0,0.9918574094772339,0.9948091506958008,0.6406169821002747,0.9881744980812073
928_class-2,4,0.9527079463005066,1,0.9920967817306519,0.9944660663604736,0.9975573092822247,0.9873534440994263
928_class-2,5,0.6879023909568787,0,0.9728031754493713,0.9919260740280151,0.4977685496766187,0.9665603041648865
929_class-2,0,0.9988186359405518,0,0.9992861747741699,0.9835367202758789,1.0,0.9797924160957336
929_class-2,1,0.9348722100257874,0,0.9992917776107788,0.9902944564819336,0.99482828752397,0.987030029296875
929_class-2,2,0.905084490776062,0,0.9989185333251953,0.9809348583221436,0.9347447480134974,0.9795095324516296
929_class-2,3,0.9350789785385132,1,0.9992984533309937,0.9950082302093506,0.9347778745644599,0.9891932606697083
929_class-2,4,0.37653475999832153,0,0.9132820963859558,0.9612644910812378,0.1384445769849446,0.7253575325012207
929_class-2,5,0.9346314668655396,0,0.999289870262146,0.9810378551483154,0.13821652596756992,0.9744817018508911
930_class-0,0,0.9902712106704712,0,0.9563589096069336,0.9948397874832153,1.0,0.9879275560379028
930_class-0,1,0.9313490986824036,1,0.9565324783325195,0.9959888458251953,0.9924392129908067,0.9889089465141296
930_class-0,2,0.9343420267105103,0,0.9564529657363892,0.9397797584533691,0.9545532498713771,0.7140321135520935
930_class-0,3,0.9289343953132629,0,0.9565201997756958,0.984358549118042,0.9459436595888673,0.9868100881576538
930_class-0,4,0.01130972895771265,0,0.9410282969474792,0.9882650375366211,0.02400038794534447,0.5510472059249878
930_class-0,5,0.019538866356015205,0,0.9473074674606323,0.9792581796646118,0.9800363314894046,0.5123960971832275
931_class-0,0,0.9752242565155029,0,0.9192564487457275,0.9538236856460571,1.0,0.9322535991668701
931_class-0,1,0.8564711809158325,0,0.8953501582145691,0.9680676460266113,0.9409823610035158,0.8797886371612549
931_class-0,2,0.8215727806091309,0,0.8951867818832397,0.9708884954452515,0.9316083014531747,0.941503643989563
931_class-0,3,0.8846158385276794,0,0.9202344417572021,0.964003324508667,0.8873061362103843,0.9397282600402832
931_class-0,4,0.49735963344573975,1,0.9858688116073608,0.9887089729309082,0.3954704934096153,0.9721707701683044
931_class-0,5,0.8210016489028931,0,0.895413875579834,0.9632151126861572,0.35193519351935193,0.9420493245124817
932_class-3,0,0.8997944593429565,1,0.988596498966217,0.9586684703826904,1.0,0.9726524949073792
932_class-3,1,0.8870258927345276,0,0.9881544709205627,0.9609818458557129,0.909778667000125,0.9629709720611572
932_class-3,2,0.9056065678596497,0,0.9879825115203857,0.9599090814590454,0.9480881752619404,0.9749836921691895
932_class-3,3,0.42582738399505615,0,0.9613451957702637,0.9854518175125122,0.16078116946337553,0.9368423223495483
932_class-3,4,0.6759292483329773,0,0.9938386678695679,0.9236667156219482,0.33220835383084124,0.8407446146011353
932_class-3,5,0.4229740500450134,0,0.9574170112609863,0.9388384819030762,0.3297795591182365,0.7943662405014038
933_class-2,0,0.7671110033988953,0,0.9971455931663513,0.9940977692604065,1.0,0.9861409664154053
933_class-2,1,0.7569954991340637,0,0.9969591498374939,0.9941359162330627,0.9943669184483421,0.9848881363868713
933_class-2,2,0.9568589329719543,0,0.9971020817756653,0.9717848300933838,0.5790625231773344,0.9814748764038086
933_class-2,3,0.40609610080718994,0,0.9647698402404785,0.9848018884658813,0.2146826605632991,0.7923181653022766
933_class-2,4,0.7554318904876709,0,0.9970638155937195,0.9937207102775574,0.1282731409719747,0.9855836033821106
933_class-2,5,0.7552902102470398,1,0.9971534609794617,0.9945892095565796,0.9970437017994859,0.9862937331199646
934_class-2,0,0.9894415140151978,0,0.9882239699363708,0.9979588985443115,1.0,0.9834415912628174
934_class-2,1,0.9290574193000793,0,0.9874005913734436,0.9974393844604492,0.9853876050736645,0.9867175817489624
934_class-2,2,0.9235223531723022,0,0.9879674315452576,0.9980854988098145,0.9814742531151479,0.9821858406066895
934_class-2,3,0.9235967397689819,1,0.9886981248855591,1.000542163848877,0.9851969257453871,0.9864687919616699
934_class-2,4,0.9277494549751282,0,0.988381028175354,0.9968806505203247,0.9895617122401709,0.9860036969184875
934_class-2,5,0.9243504405021667,0,0.9881246089935303,0.9976288080215454,0.9897233439816768,0.9830764532089233
935_class-0,0,0.997642993927002,0,0.9881972074508667,1.0065665245056152,1.0,0.9950392246246338
935_class-0,1,0.8014436960220337,0,0.9889594316482544,0.9677270650863647,0.700825284705204,0.9143612384796143
935_class-0,2,0.9585040807723999,0,0.9882893562316895,1.006536841392517,0.7011790581957165,0.995108425617218
935_class-0,3,0.958509087562561,1,0.9883126616477966,1.0068080425262451,0.9994953409152353,0.9950481653213501
935_class-0,4,0.9600027799606323,0,0.987870454788208,1.0038105249404907,0.989724175229854,0.9914578199386597
935_class-0,5,0.9601439833641052,0,0.987937331199646,1.0039794445037842,0.9992169859421662,0.9913172125816345
936_class-1,0,0.2230229675769806,0,0.9419479966163635,0.9413950443267822,1.0,0.8192158341407776
936_class-1,1,0.2831066846847534,0,0.9239630699157715,0.9635645151138306,0.4735306877340396,0.9765092730522156
936_class-1,2,0.31043657660484314,1,0.9733962416648865,0.9471204280853271,0.6816199479290719,0.7772738933563232
936_class-1,3,0.2515653967857361,0,0.9650089144706726,0.9666590690612793,0.815612024354158,0.7838034629821777
936_class-1,4,0.2831979990005493,0,0.9248363971710205,0.9239548444747925,0.569743558037769,0.960451066493988
936_class-1,5,0.2832562327384949,0,0.9237009882926941,0.9754080772399902,0.9939281879995229,0.9809690713882446
937_class-4,0,0.21708950400352478,0,0.7133479118347168,0.9105491638183594,1.0,0.5117688179016113
937_class-4,1,0.3580073118209839,1,0.9867429733276367,1.0010536909103394,0.3583205115054536,0.9803169965744019
937_class-4,2,0.35774877667427063,0,0.9881922602653503,0.9856182336807251,0.985798419561652,0.9755728244781494
937_class-4,3,0.3584083020687103,0,0.9874312877655029,0.9908299446105957,0.9882708901423182,0.9712468981742859
937_class-4,4,0.3583018481731415,0,0.9877258539199829,0.9931423664093018,0.9973242382558556,0.9766894578933716
937_class-4,5,0.3437724709510803,0,0.9560967087745667,0.8744398355484009,0.784119262455865,0.4618369936943054
938_class-0,0,0.999123752117157,1,0.9915733933448792,1.003795862197876,1.0,0.9839656949043274
938_class-0,1,0.9211340546607971,0,0.9915299415588379,1.0027344226837158,0.9981113209643373,0.9832870364189148
938_class-0,2,0.9176220893859863,0,0.9915142059326172,1.0003736019134521,0.9899306701881809,0.9912475347518921
938_class-0,3,0.9175954461097717,0,0.991533637046814,0.9989652633666992,0.9986528468919253,0.9908641576766968
938_class-0,4,0.9214286208152771,0,0.9915899038314819,1.0035425424575806,0.988747971058351,0.9833484888076782
938_class-0,5,0.921196699142456,0,0.9914953112602234,1.0037145614624023,0.9973335555370386,0.9830581545829773
939_class-4,0,0.3406273424625397,0,0.8781431913375854,0.9957925081253052,1.0,0.9621562957763672
939_class-4,1,0.9464951753616333,1,0.9932518601417542,0.9996669292449951,0.3446467908655044,0.9768139719963074
939_class-4,2,0.3346818685531616,0,0.8958810567855835,0.9898474216461182,0.33127795913432473,0.9243566393852234
939_class-4,3,0.9484713077545166,0,0.9935779571533203,0.9961738586425781,0.33186039355740177,0.9760629534721375
939_class-4,4,0.9474525451660156,0,0.9934136271476746,0.9981633424758911,0.9971323050184662,0.9756104946136475
939_class-4,5,0.33691638708114624,0,0.8941776752471924,0.9952270984649658,0.3355359728016061,0.9363572597503662
940_class-2,0,0.9997074604034424,0,0.9803005456924438,1.016155481338501,1.0,0.9971440434455872
940_class-2,1,0.5994932651519775,1,0.9974265694618225,1.0067832469940186,0.4632080623541677,0.9926345944404602
940_class-2,2,0.9778348207473755,0,0.9803444743156433,1.0117826461791992,0.46327341344721423,0.9971015453338623
940_class-2,3,0.9777905941009521,0,0.9803182482719421,1.0165773630142212,0.9997219574197649,0.9971396327018738
940_class-2,4,0.5995308756828308,0,0.9969406127929688,1.0066008567810059,0.46327296556654357,0.9926522374153137
940_class-2,5,0.9777772426605225,0,0.9803450107574463,1.0165834426879883,0.4632323011704905,0.9972277879714966
941_class-4,0,0.5074678659439087,1,0.9980172514915466,1.0067135095596313,1.0,0.9906868934631348
941_class-4,1,0.5826758742332458,0,0.9962318539619446,0.9331182241439819,0.628846451213855,0.779788076877594
941_class-4,2,0.6639625430107117,0,0.9996530413627625,0.9872373342514038,0.15095113572270932,0.995451807975769
941_class-4,3,0.5071452856063843,0,0.994269073009491,0.9634597301483154,0.0803151329467119,0.9590856432914734
941_class-4,4,0.4765654504299164,0,0.9980431199073792,1.0058352947235107,0.6184070215732917,0.9902186393737793
941_class-4,5,0.5098141431808472,0,0.9944320917129517,0.9728626012802124,0.6237825907021658,0.9274002909660339
942_class-1,0,0.6523450016975403,0,0.9868255853652954,0.9930167198181152,1.0,0.967261016368866
942_class-1,1,0.5521817207336426,0,0.9867064356803894,0.9925581216812134,0.996433569031491,0.969585657119751
942_class-1,2,0.5520999431610107,0,0.9866775870323181,0.9908560514450073,0.9967716399079731,0.9684151411056519
942_class-1,3,0.5515055656433105,0,0.9867516756057739,0.9935184717178345,0.9946765048159061,0.9648691415786743
942_class-1,4,0.552126944065094,1,0.986666738986969,0.9930834770202637,0.9927381143839769,0.971324622631073
942_class-1,5,0.5520009994506836,0,0.986607551574707,0.9920022487640381,0.9956098043580421,0.9674918055534363
943_class-2,0,0.38899022340774536,0,0.9564116597175598,0.9633524417877197,1.0,0.8914865851402283
943_class-2,1,0.5700817108154297,1,0.9624170660972595,0.9890539646148682,0.08677754489663596,0.9697771668434143
943_class-2,2,0.38073301315307617,0,0.9556204080581665,0.9655337333679199,0.08385441356840259,0.8906942009925842
943_class-2,3,0.42618149518966675,0,0.95461106300354,0.9647637605667114,0.8794917282066091,0.7116855978965759
943_class-2,4,0.32006049156188965,0,0.9158579707145691,0.9869928359985352,0.6770766737536984,0.9300816655158997
943_class-2,5,0.4858766794204712,0,0.9599238634109497,0.9168750047683716,0.23219821145826364,0.5822086334228516
944_class-0,0,0.9977588653564453,1,0.9896160364151001,1.0037167072296143,1.0,0.9836266040802002
944_class-0,1,0.937374472618103,0,0.9898552894592285,0.9939526319503784,0.9834928229665072,0.9602323174476624
944_class-0,2,0.45216989517211914,0,0.9943941831588745,0.9730216264724731,0.1701414178198592,0.9623244404792786
944_class-0,3,0.942316472530365,0,0.9896656274795532,1.0040682554244995,0.1680121014243137,0.9798850417137146
944_class-0,4,0.9426845908164978,0,0.9896403551101685,1.0032553672790527,0.9961719626168224,0.9842209815979004
944_class-0,5,0.5679963231086731,0,0.9934940338134766,0.9500428438186646,0.36058361391694727,0.8499020338058472
945_class-3,0,0.5589876174926758,0,0.9806157946586609,0.9639798402786255,1.0,0.8985434174537659
945_class-3,1,0.9057775139808655,1,0.9917976260185242,0.9563009738922119,0.2696016385519987,0.9723764061927795
945_class-3,2,0.02496085688471794,0,0.8405816555023193,0.9679552316665649,0.04687670665335869,0.49584120512008667
945_class-3,3,0.5559768676757812,0,0.9841191172599792,0.9701030254364014,0.15749985875972203,0.9285110235214233
945_class-3,4,0.5500822067260742,0,0.9836244583129883,0.9705184698104858,0.9847841640829955,0.9270668029785156
945_class-3,5,0.5329335331916809,0,0.9842759966850281,0.9624947309494019,0.8712877543283205,0.9087146520614624
946_class-0,0,0.9922410249710083,0,0.9947324991226196,0.9820865392684937,1.0,0.9806102514266968
946_class-0,1,0.9429800510406494,0,0.9953581094741821,0.9934972524642944,0.9881224558077287,0.9872136116027832
946_class-0,2,0.46270811557769775,0,0.9638936519622803,0.9017113447189331,0.061046244368851706,0.3975488543510437
946_class-0,3,0.9441890716552734,1,0.9952841401100159,0.9949275255203247,0.06116621119538183,0.9888533353805542
946_class-0,4,0.9427900314331055,0,0.9956497550010681,0.9934509992599487,0.9914019317737703,0.9880229234695435
946_class-0,5,0.9404180645942688,0,0.9953768253326416,0.9948123693466187,0.9747288381974729,0.9875342845916748
947_class-0,0,0.99840247631073,1,0.9972484111785889,1.0025973320007324,1.0,0.9913415312767029
947_class-0,1,0.9526336789131165,0,0.9972665905952454,1.0012184381484985,0.9969165712272047,0.9907940030097961
947_class-0,2,0.9525576829910278,0,0.9972281455993652,1.0022034645080566,0.9987632508833922,0.9902306795120239
947_class-0,3,0.9494369029998779,0,0.9971400499343872,0.9974368810653687,0.9898910332151766,0.9887920618057251
947_class-0,4,0.952315092086792,0,0.9972471594810486,1.0010703802108765,0.9910726007614546,0.9906832575798035
947_class-0,5,0.9520546197891235,0,0.9972628951072693,1.0019451379776,0.9979721389525656,0.990709125995636
948_class-1,0,0.4789348542690277,0,0.997998058795929,0.9924057722091675,1.0,0.9879406094551086
948_class-1,1,0.4196063280105591,1,0.997786819934845,1.001689076423645,0.9579795021961932,0.9869475960731506
948_class-1,2,0.4190690219402313,0,0.9978037476539612,1.0002551078796387,0.9970982029221606,0.9867610335350037
948_class-1,3,0.48415642976760864,0,0.9876390099525452,0.9829951524734497,0.292600207092156,0.9558613896369934
948_class-1,4,0.48890864849090576,0,0.9878146648406982,0.9933285713195801,0.9763430116374751,0.975399374961853
948_class-1,5,0.42161163687705994,0,0.9977244138717651,0.9965883493423462,0.2898224886851231,0.9862422943115234
949_class-3,0,0.36700111627578735,0,0.9925361275672913,1.0045316219329834,1.0,0.9832807779312134
949_class-3,1,0.35007086396217346,0,0.9929813742637634,1.0057915449142456,0.9948867896236318,0.9879428148269653
949_class-3,2,0.35008302330970764,0,0.9929779171943665,1.00590980052948,0.9983067355960141,0.9875906109809875
949_class-3,3,0.3501732647418976,0,0.9928120970726013,1.0064184665679932,0.9963853433923777,0.9849727749824524
949_class-3,4,0.35021865367889404,1,0.992720901966095,1.0102678537368774,0.9839887432422425,0.9947804808616638
949_class-3,5,0.3501850962638855,0,0.9927569627761841,1.0065442323684692,0.9991558181898965,0.9944639205932617
950_class-1,0,0.38194459676742554,0,0.9805094599723816,1.007712483406067,1.0,0.9922820925712585
950_class-1,1,0.3371926546096802,0,0.980682909488678,1.007741928100586,0.9922686496694996,0.9871817231178284
950_class-1,2,0.36807212233543396,0,0.9779937267303467,1.0117131471633911,0.6134748262685858,0.9949703216552734
950_class-1,3,0.3374119997024536,1,0.9805262684822083,1.0081067085266113,0.6096280861770719,0.9914959669113159
950_class-1,4,0.3680776357650757,0,0.9780192375183105,1.011475682258606,0.6097067148922787,0.9948543310165405
950_class-1,5,0.33719566464424133,0,0.9805223941802979,1.0083534717559814,0.6130218943454441,0.9873180985450745
951_class-0,0,0.9790056943893433,0,0.9654252529144287,0.9939510822296143,1.0,0.9651616811752319
951_class-0,1,0.9201215505599976,0,0.964980959892273,0.9938808679580688,0.9985440826454651,0.9649736285209656
951_class-0,2,0.9172279238700867,1,0.9677208065986633,0.9927231073379517,0.9944129831629357,0.9638882279396057
951_class-0,3,0.9220812320709229,0,0.964158296585083,0.9932891130447388,0.9912984175496647,0.9646856784820557
951_class-0,4,0.9168614149093628,0,0.9648978114128113,0.9943544864654541,0.9907157112902003,0.9667612314224243
951_class-0,5,0.9197859764099121,0,0.9662193059921265,0.9940564632415771,0.9948125412206382,0.9644349813461304
952_class-0,0,0.8054142594337463,0,0.9930893182754517,0.9661451578140259,1.0,0.9906723499298096
952_class-0,1,0.7939584255218506,0,0.9948327541351318,0.9382559061050415,0.7651124406849598,0.9542073607444763
952_class-0,2,0.7446130514144897,1,0.9921018481254578,0.9942202568054199,0.7679850513858612,0.9923721551895142
952_class-0,3,0.3867374360561371,0,0.9650547504425049,0.9105998277664185,0.07981176846988562,0.5414956212043762
952_class-0,4,0.7336569428443909,0,0.9956014156341553,0.8346711993217468,0.08133750921149595,0.9390941858291626
952_class-0,5,0.7432941198348999,0,0.9964175224304199,0.9009783864021301,0.9008898776418243,0.9746310114860535
953_class-0,0,0.8462717533111572,0,0.9248857498168945,0.9891800880432129,1.0,0.9522310495376587
953_class-0,1,0.46681341528892517,1,0.9857079982757568,0.9867103099822998,0.17985274576861918,0.9785420894622803
953_class-0,2,0.7829738855361938,0,0.9238134026527405,0.9893636703491211,0.18274881306787372,0.9452528953552246
953_class-0,3,0.6199798583984375,0,0.992643415927887,0.9246950149536133,0.38139726890528075,0.7444042563438416
953_class-0,4,0.7882822155952454,0,0.9263410568237305,0.9866806268692017,0.38410440177568594,0.9571914076805115
953_class-0,5,0.7843797206878662,0,0.9257402420043945,0.9899485111236572,0.9791291015688265,0.9481433629989624
954_class-2,0,0.528438925743103,0,0.9946805834770203,0.9989790916442871,1.0,0.9616827368736267
954_class-2,1,0.5033111572265625,0,0.9952807426452637,0.9980918169021606,0.968908180125364,0.9640347957611084
954_class-2,2,0.5029871463775635,0,0.9952787160873413,0.9962937831878662,0.9880368673472122,0.9679753184318542
954_class-2,3,0.5178763270378113,0,0.9947312474250793,0.9984127283096313,0.9669897310128658,0.9643023610115051
954_class-2,4,0.5180459022521973,0,0.9950449466705322,1.0004756450653076,0.9958318587550627,0.9698544144630432
954_class-2,5,0.8846670985221863,1,0.996040403842926,1.004775047302246,0.2409338317266706,0.9944745898246765
955_class-2,0,0.9522231817245483,1,0.9745867252349854,0.9875897765159607,1.0,0.9491056203842163
955_class-2,1,0.9031317234039307,0,0.9703705906867981,0.9887893199920654,0.9932771024559662,0.9488360285758972
955_class-2,2,0.9188096523284912,0,0.9681655168533325,0.9877978563308716,0.9311657947127182,0.9704332947731018
955_class-2,3,0.9183388352394104,0,0.9693450331687927,0.9909955859184265,0.9717582786439344,0.9534518718719482
955_class-2,4,0.9192180633544922,0,0.9699731469154358,0.9869872331619263,0.9723776102289705,0.9693681001663208
955_class-2,5,0.9185149073600769,0,0.9703962206840515,0.9906330108642578,0.971833269633902,0.9544607400894165
956_class-0,0,0.9944549798965454,1,0.9898141026496887,0.9961296319961548,1.0,0.9655487537384033
956_class-0,1,0.9407470226287842,0,0.989380955696106,0.9939662218093872,0.9948933696840532,0.9656376242637634
956_class-0,2,0.9403911828994751,0,0.9891878962516785,0.9946805238723755,0.9947624443768829,0.9673687219619751
956_class-0,3,0.9403011798858643,0,0.9895463585853577,0.9957222938537598,0.9964101289592135,0.968946635723114
956_class-0,4,0.9409133791923523,0,0.989559531211853,0.9928542375564575,0.9936006413180191,0.9647449851036072
956_class-0,5,0.9376718401908875,0,0.9881322383880615,0.9964288473129272,0.981546438920238,0.9634048342704773
957_class-2,0,0.9943592548370361,1,0.994726836681366,1.0036358833312988,1.0,0.9932793378829956
957_class-2,1,0.972621500492096,0,0.9947570562362671,1.0015357732772827,0.9974977252047316,0.9928197264671326
957_class-2,2,0.9725915193557739,0,0.9947588443756104,1.0019394159317017,0.9985186873290793,0.99280846118927
957_class-2,3,0.9714443683624268,0,0.9947462677955627,1.0020376443862915,0.9927495185227144,0.9933905005455017
957_class-2,4,0.9722797870635986,0,0.9947552680969238,1.0020995140075684,0.9936543909348442,0.9932019114494324
957_class-2,5,0.9723501205444336,0,0.9947612285614014,1.001804232597351,0.9994301669610804,0.9929516315460205
958_class-4,0,0.9996435642242432,0,0.993398904800415,0.9887316226959229,1.0,0.9749464392662048
958_class-4,1,0.8246304988861084,0,0.9944661855697632,0.9530351161956787,0.8102811045168627,0.9483539462089539
958_class-4,2,0.755380392074585,0,0.9933674931526184,0.9946563243865967,0.8094680435785514,0.9808662533760071
958_class-4,3,0.7144002914428711,0,0.9897958040237427,0.97655189037323,0.8367523148837348,0.9404413104057312
958_class-4,4,0.7459947466850281,0,0.9919906258583069,0.9513955116271973,0.8614002948929896,0.8562248349189758
958_class-4,5,0.8287160396575928,1,0.9955096244812012,0.9989631175994873,0.7693456211707769,0.9924586415290833
959_class-2,0,0.9946221113204956,0,0.9875878095626831,1.0045965909957886,1.0,0.9909036755561829
959_class-2,1,0.9614495038986206,0,0.98810213804245,1.0036331415176392,0.9901655408952508,0.9899916052818298
959_class-2,2,0.5684036612510681,0,0.9970772862434387,0.9613451957702637,0.32691900289527576,0.9663114547729492
959_class-2,3,0.7705966234207153,0,0.9908983707427979,0.9924712181091309,0.48243602439151506,0.9786494374275208
959_class-2,4,0.9608204364776611,1,0.9884334802627563,1.0047706365585327,0.6696851563729175,0.9908804297447205
959_class-2,5,0.9609049558639526,0,0.9876443147659302,1.0047458410263062,0.9984092855769399,0.9909312725067139
960_class-0,0,0.997578501701355,1,0.9955580234527588,1.0022246837615967,1.0,0.9926027655601501
960_class-0,1,0.9523807764053345,0,0.9954712390899658,1.0032755136489868,0.9849928913695961,0.9897298812866211
960_class-0,2,0.9487838745117188,0,0.9955615997314453,1.0017573833465576,0.9846299610485314,0.992531418800354
960_class-0,3,0.9493570327758789,0,0.9955503344535828,1.0014499425888062,0.9977633933270182,0.9927484393119812
960_class-0,4,0.9525916576385498,0,0.9954620003700256,1.0004823207855225,0.9853666253592428,0.9888263940811157
960_class-0,5,0.9522907733917236,0,0.9954546689987183,1.0013515949249268,0.997862048691841,0.9889587163925171
961_class-3,0,0.6672547459602356,1,0.9856277704238892,0.9899299144744873,1.0,0.98480623960495
961_class-3,1,0.8892027139663696,0,0.973590612411499,0.9992181062698364,0.4001035337710814,0.9906298518180847
961_class-3,2,0.8893369436264038,0,0.9728744626045227,0.9993093013763428,0.9989102599030132,0.9906211495399475
961_class-3,3,0.8902303576469421,0,0.9723492860794067,1.0002498626708984,0.9941691752773032,0.9907141327857971
961_class-3,4,0.889588475227356,0,0.9732056856155396,1.0000969171524048,0.995550973902664,0.9902766346931458
961_class-3,5,0.8895095586776733,0,0.9733654856681824,0.9996410608291626,0.9989110312534031,0.9907275438308716
962_class-0,0,0.9922237396240234,1,0.9976911544799805,1.0013266801834106,1.0,0.9901353120803833
962_class-0,1,0.7945227026939392,0,0.9979997277259827,0.955870509147644,0.6756400039844606,0.9049968719482422
962_class-0,2,0.7137877941131592,0,0.9975953698158264,0.9779596328735352,0.7846373940794542,0.9475758075714111
962_class-0,3,0.8001822233200073,0,0.9983074069023132,0.9605226516723633,0.7755508121992692,0.9231719970703125
962_class-0,4,0.9046272039413452,0,0.998887300491333,0.9811422824859619,0.7749437570303712,0.9567397832870483
962_class-0,5,0.9575674533843994,0,0.997441291809082,1.0025516748428345,0.8812353906599691,0.98904949426651
963_class-2,0,0.4815845191478729,0,0.9672187566757202,0.9972383975982666,1.0,0.9879837036132812
963_class-2,1,0.7252752780914307,1,0.9878492951393127,0.9714745283126831,0.47432674342394865,0.9157991409301758
963_class-2,2,0.47425514459609985,0,0.9676502346992493,0.9930243492126465,0.47440704014409196,0.9847588539123535
963_class-2,3,0.47453391551971436,0,0.9678993821144104,0.9973973035812378,0.9985605593255192,0.9855438470840454
963_class-2,4,0.5063900351524353,0,0.9747717976570129,0.9396085739135742,0.8888290001077999,0.7558085322380066
963_class-2,5,0.47398659586906433,0,0.9671638607978821,1.0019583702087402,0.8861877589306653,0.9901352524757385
964_class-4,0,0.3995472192764282,0,0.9834763407707214,0.9088300466537476,1.0,0.7637208104133606
964_class-4,1,0.4271785020828247,1,0.999001145362854,0.9535313844680786,0.1472790412911255,0.9016456007957458
964_class-4,2,0.3777756989002228,0,0.9838321208953857,0.9314397573471069,0.12992733642023482,0.8613834977149963
964_class-4,3,0.36857783794403076,0,0.9924914836883545,0.9569673538208008,0.797751783791675,0.9543293714523315
964_class-4,4,0.34915003180503845,0,0.9877971410751343,0.9207301139831543,0.7724443972985396,0.8296866416931152
964_class-4,5,0.3677910268306732,0,0.9908479452133179,0.9236719608306885,0.781036289677958,0.9127631187438965
965_class-2,0,0.41785648465156555,1,0.98133784532547,0.9996864795684814,1.0,0.988023579120636
965_class-2,1,0.4147579073905945,0,0.98045814037323,1.0004527568817139,0.9986538701233952,0.9881054162979126
965_class-2,2,0.4147336781024933,0,0.9810276031494141,0.9996976852416992,0.9970888280666833,0.9882075786590576
965_class-2,3,0.4147421419620514,0,0.9810279607772827,1.0000535249710083,0.9983089204446545,0.9880120754241943
965_class-2,4,0.4146789312362671,0,0.9816305041313171,0.9945565462112427,0.9909709887507401,0.9833009839057922
965_class-2,5,0.41473662853240967,0,0.9804174304008484,0.9997868537902832,0.9897624392530281,0.9880562424659729
966_class-1,0,0.7838812470436096,0,0.9509021043777466,0.9923833608627319,1.0,0.9785247445106506
966_class-1,1,0.6904844641685486,0,0.9523892998695374,0.9915703535079956,0.9618706902943576,0.9786145687103271
966_class-1,2,0.5562463402748108,0,0.9495307803153992,0.9670442342758179,0.5332035766592153,0.9567291736602783
966_class-1,3,0.684184730052948,0,0.9516918659210205,0.9932866096496582,0.5165011573209886,0.9793336987495422
966_class-1,4,0.6333996653556824,0,0.9446512460708618,0.966667652130127,0.5843351004255954,0.9494861364364624
966_class-1,5,0.6873635053634644,1,0.9524054527282715,0.9923199415206909,0.5907195289943955,0.9813559651374817
967_class-0,0,0.01740833930671215,0,0.9218944311141968,1.0040441751480103,1.0,0.5097103118896484
967_class-0,1,0.9359108209609985,1,0.9368784427642822,0.9909030199050903,0.0374146997767566,0.9890221357345581
967_class-0,2,0.017002098262310028,0,0.9198488593101501,0.9741649627685547,0.03710136716711643,0.517886221408844
967_class-0,3,0.01640273444354534,0,0.9194371700286865,0.9898862838745117,0.9985159664116217,0.5231050252914429
967_class-0,4,0.017071925103664398,0,0.9202229380607605,1.002055048942566,0.9981958676422897,0.5154886245727539
967_class-0,5,0.0074799866415560246,0,0.9225780963897705,1.0050151348114014,0.9775564443682369,0.6043366193771362
968_class-3,0,0.8408942818641663,0,0.9901018738746643,0.8738623857498169,1.0,0.7085471749305725
968_class-3,1,0.6720702052116394,0,0.9929052591323853,0.9623926877975464,0.6442375796822827,0.8700300455093384
968_class-3,2,0.5824425220489502,0,0.9939186573028564,0.9082834720611572,0.6230513338986368,0.7474769949913025
968_class-3,3,0.48333656787872314,0,0.9894716739654541,0.9450973272323608,0.34642627173213136,0.9118301272392273
968_class-3,4,0.6786328554153442,0,0.9941248893737793,0.886886477470398,0.1710626852898927,0.9049515724182129
968_class-3,5,0.5533170700073242,1,0.9923505783081055,0.9933152198791504,0.008596120253746438,0.9859001040458679
969_class-4,0,0.31379202008247375,0,0.9762164950370789,0.9912184476852417,1.0,0.9699648022651672
969_class-4,1,0.30950191617012024,0,0.9752867221832275,0.9911495447158813,0.9970314857170666,0.9670602679252625
969_class-4,2,0.3094042241573334,1,0.976800799369812,0.9944860935211182,0.9968370984027347,0.9696051478385925
969_class-4,3,0.30938664078712463,0,0.9751523733139038,0.9908050298690796,0.9975917096428919,0.9690381288528442
969_class-4,4,0.3142347037792206,0,0.9771755933761597,0.9938287734985352,0.9646732181346582,0.9555550217628479
969_class-4,5,0.3092704713344574,0,0.9758899211883545,0.9921092987060547,0.9637139937718957,0.9700682759284973
970_class-3,0,0.9893546104431152,0,0.9942882657051086,0.9907996654510498,1.0,0.9869112372398376
970_class-3,1,0.9238979816436768,0,0.9949302077293396,0.9805589914321899,0.3713461688362304,0.9856416583061218
970_class-3,2,0.6662095785140991,0,0.9942145943641663,0.9928628206253052,0.3718769519050593,0.9890732169151306
970_class-3,3,0.6662973761558533,1,0.9942657947540283,0.9959142208099365,0.9987054254442744,0.9893211722373962
970_class-3,4,0.6662245988845825,0,0.9938802719116211,0.9840458631515503,0.9903544542032622,0.9850941896438599
970_class-3,5,0.6663471460342407,0,0.9942808747291565,0.993249773979187,0.989653550713278,0.9889124631881714
971_class-0,0,0.8815528750419617,0,0.9879132509231567,0.943252444267273,1.0,0.9674023985862732
971_class-0,1,0.7851544618606567,0,0.9853507280349731,0.9602866172790527,0.5874412667372824,0.610231876373291
971_class-0,2,0.7719632387161255,0,0.9903191328048706,0.9908677339553833,0.5172530856713305,0.9656822681427002
971_class-0,3,0.8167953491210938,1,0.988010048866272,0.9992605447769165,0.8129377990430622,0.9873315095901489
971_class-0,4,0.8173477649688721,0,0.9880739450454712,0.9983031749725342,0.9954820680018631,0.9864522814750671
971_class-0,5,0.3240334391593933,0,0.9822888374328613,0.9981369972229004,0.14738644304682041,0.9630817770957947
972_class-0,0,0.9982935190200806,0,0.9943583011627197,0.9900387525558472,1.0,0.9823261499404907
972_class-0,1,0.9607449173927307,0,0.9936835765838623,0.999701976776123,0.9640121438580103,0.9852048754692078
972_class-0,2,0.9502390623092651,0,0.9942727088928223,0.9961293935775757,0.9610295998325854,0.9904358983039856
972_class-0,3,0.9500452876091003,1,0.9942982196807861,0.9969513416290283,0.9990938451172192,0.9913570880889893
972_class-0,4,0.9604251980781555,0,0.9937886595726013,0.999678373336792,0.960751051518602,0.9852450489997864
972_class-0,5,0.9608107209205627,0,0.9938656091690063,0.9986461400985718,0.9983801948601407,0.9847919344902039
973_class-4,0,0.9948304295539856,0,0.9927951693534851,1.010546088218689,1.0,0.9956681132316589
973_class-4,1,0.9689327478408813,0,0.9928275942802429,1.0082941055297852,0.9992248992914925,0.9956272840499878
973_class-4,2,0.9689025282859802,0,0.9928426146507263,1.0081955194473267,0.9997705820660724,0.9955338835716248
973_class-4,3,0.9690560102462769,0,0.9927934408187866,1.010599136352539,0.9990721131803594,0.9956695437431335
973_class-4,4,0.9689342975616455,0,0.9928150773048401,1.0076370239257812,0.9989847826561579,0.9956281781196594
973_class-4,5,0.9690724611282349,1,0.9927781820297241,1.0110782384872437,0.998919355542942,0.995653510093689
974_class-4,0,0.9845694899559021,0,0.972902774810791,1.0105600357055664,1.0,0.9952589273452759
974_class-4,1,0.9592002630233765,1,0.9730959534645081,1.0116053819656372,0.9983617254640621,0.9953253865242004
974_class-4,2,0.9591757655143738,0,0.972909688949585,1.0102187395095825,0.9982923070515224,0.9952192902565002
974_class-4,3,0.959158182144165,0,0.9730725288391113,1.0115107297897339,0.9985141158989599,0.9953256249427795
974_class-4,4,0.9591691493988037,0,0.97305828332901,1.011446475982666,0.9997500416597234,0.9952770471572876
974_class-4,5,0.9591199159622192,0,0.9730482697486877,1.0115493535995483,0.9996528356385047,0.9952870011329651
975_class-4,0,1.1354088201187551e-05,1,0.9967468976974487,0.9908367395401001,1.0,0.9918546080589294
975_class-4,1,0.05866565927863121,0,0.9952504634857178,0.9652459621429443,0.4481986829079327,0.884722113609314
975_class-4,2,1.0118692443938926e-05,0,0.9959965348243713,0.9859895706176758,0.447533786691917,0.9902707934379578
975_class-4,3,0.42792364954948425,0,0.9683294892311096,0.8930109739303589,0.07516037708871498,0.8417996168136597
975_class-4,4,0.11481329053640366,0,0.9934388995170593,0.9566805362701416,0.30340613351890866,0.8409909605979919
975_class-4,5,0.021770989522337914,0,0.9970600605010986,0.9905987977981567,0.43436609993958747,0.9806017875671387
976_class-2,0,0.81241774559021,0,0.9948558211326599,0.9747768640518188,1.0,0.9662010669708252
976_class-2,1,0.9148645997047424,0,0.9948331713676453,0.9203100204467773,0.633484954513646,0.9694162011146545
976_class-2,2,0.768006443977356,1,0.9946498870849609,0.9775223731994629,0.5552866330129314,0.9766777157783508
976_class-2,3,0.520048201084137,0,0.9845239520072937,0.9354082345962524,0.14189774313839845,0.8662969470024109
976_class-2,4,0.8095237016677856,0,0.9952739477157593,0.9399833679199219,0.331360319451561,0.9509472846984863
976_class-2,5,0.5396624207496643,0,0.9862380027770996,0.9210766553878784,0.3618854438327055,0.8279790878295898
977_class-2,0,0.7745025157928467,0,0.9931021332740784,0.9769538640975952,1.0,0.9420791864395142
977_class-2,1,0.8573552370071411,0,0.9842326641082764,1.0031213760375977,0.7725573945541911,0.979983389377594
977_class-2,2,0.34284791350364685,0,0.9947232007980347,0.966180145740509,0.11793703452043114,0.9919459223747253
977_class-2,3,0.34294354915618896,1,0.9946868419647217,0.9942243695259094,0.9926260180497468,0.9927799105644226
977_class-2,4,0.7278802990913391,0,0.9939456582069397,0.9421502351760864,0.15553655563842753,0.8188914060592651
977_class-2,5,0.34291326999664307,0,0.9946873784065247,0.9905940294265747,0.15562431743720423,0.9918864369392395
978_class-3,0,0.8027040958404541,0,0.980243444442749,0.9598411321640015,1.0,0.8987991809844971
978_class-3,1,0.8634328842163086,0,0.9751262664794922,0.9527477025985718,0.6071865143443551,0.8050823211669922
978_class-3,2,0.6519514322280884,0,0.9384514689445496,0.9775774478912354,0.5703097066385167,0.9629198312759399
978_class-3,3,0.7926236987113953,0,0.9788384437561035,0.9666898250579834,0.6591907243661065,0.9060222506523132
978_class-3,4,0.9256236553192139,1,0.9768050312995911,0.9876775741577148,0.7264954745128099,0.9427816867828369
978_class-3,5,0.9045703411102295,0,0.9782831072807312,0.9806898832321167,0.9577717473239862,0.9266111850738525
979_class-3,0,0.6902240514755249,1,0.9800121188163757,0.9832669496536255,1.0,0.9706223607063293
979_class-3,1,0.6412916779518127,0,0.9762792587280273,0.982404351234436,0.8342071048106362,0.979046642780304
979_class-3,2,0.6985257863998413,0,0.9718998670578003,0.9791721105575562,0.8632055402163581,0.9629865884780884
979_class-3,3,0.641137957572937,0,0.9764707088470459,0.9843350648880005,0.8608083149241299,0.981208086013794
979_class-3,4,0.6966761350631714,0,0.9708988070487976,0.9834438562393188,0.8424447555421666,0.9716266989707947
979_class-3,5,0.641101598739624,0,0.9760956764221191,0.9834990501403809,0.8462397221434647,0.9825665950775146
980_class-4,0,0.33129429817199707,0,0.9865831732749939,1.009052038192749,1.0,0.9930271506309509
980_class-4,1,0.1562805473804474,0,0.9849342703819275,0.9541658163070679,0.9905285843920145,0.9830319881439209
980_class-4,2,0.2815452218055725,0,0.9901590943336487,0.9911150932312012,0.6076437100805332,0.9277524948120117
980_class-4,3,0.1562402844429016,0,0.9858629107475281,1.0001118183135986,0.6085063396962519,0.992805004119873
980_class-4,4,0.27640074491500854,0,0.988020122051239,0.9389301538467407,0.458570361431937,0.8741601705551147
980_class-4,5,0.15623058378696442,1,0.9865832924842834,1.0091599225997925,0.4582710656397287,0.9930385947227478
981_class-2,0,0.7484567165374756,0,0.9953926801681519,0.9877972602844238,1.0,0.97264164686203
981_class-2,1,0.7035006284713745,0,0.9940589070320129,0.9845255613327026,0.8984156220046234,0.9677852392196655
981_class-2,2,0.7050545811653137,0,0.9940136075019836,1.0061618089675903,0.9895227249197639,0.9928714036941528
981_class-2,3,0.5217549204826355,1,0.9946802854537964,1.008131742477417,0.5031921067904818,0.9950608611106873
981_class-2,4,0.7047145962715149,0,0.9940086007118225,0.9900436401367188,0.5008618004360917,0.9844148755073547
981_class-2,5,0.7237246036529541,0,0.994843602180481,1.0016164779663086,0.9400219599231403,0.9876322150230408
982_class-3,0,0.6094145774841309,0,0.9961541891098022,0.9319363832473755,1.0,0.8267394304275513
982_class-3,1,0.6417715549468994,0,0.9943174123764038,0.9154579639434814,0.47395299145299147,0.8036651015281677
982_class-3,2,0.7027992010116577,0,0.9945864677429199,0.9209595918655396,0.7357617709546981,0.8618354797363281
982_class-3,3,0.6492264866828918,0,0.991108238697052,0.923891544342041,0.3396817932439846,0.840541660785675
982_class-3,4,0.5395049452781677,1,0.9966471195220947,0.976620078086853,0.44696176249012365,0.9322687387466431
982_class-3,5,0.5581603050231934,0,0.9962367415428162,0.9277994632720947,0.845625149414296,0.8459640741348267
983_class-3,0,0.507171094417572,0,0.9597400426864624,0.9388822317123413,1.0,0.8903221487998962
983_class-3,1,0.4984802305698395,0,0.9638392329216003,0.9939790964126587,0.7804814910691172,0.9729806780815125
983_class-3,2,0.4991185665130615,0,0.9634997844696045,0.9958724975585938,0.9942152858121031,0.9697464108467102
983_class-3,3,0.5146594047546387,0,0.9673117399215698,0.9163782596588135,0.5683832164845724,0.7775635123252869
983_class-3,4,0.4991413950920105,1,0.9638410806655884,0.9954283237457275,0.5688786859573256,0.9719484448432922
983_class-3,5,0.33077406883239746,0,0.9642204642295837,0.9465460777282715,0.3711408025769571,0.9434418678283691
984_class-2,0,0.913749098777771,0,0.9919067621231079,0.9461061954498291,1.0,0.8413838744163513
984_class-2,1,0.8410977125167847,0,0.9911953210830688,0.9506808519363403,0.8503627364567089,0.8221949338912964
984_class-2,2,0.8696456551551819,0,0.9930158853530884,0.9650869369506836,0.8384543554626707,0.9156346321105957
984_class-2,3,0.7814397811889648,0,0.994270920753479,0.9568895101547241,0.7380488467986769,0.7882179617881775
984_class-2,4,0.8352723121643066,1,0.9970505237579346,0.970294713973999,0.8177613553527889,0.9281874895095825
984_class-2,5,0.691884458065033,0,0.9964865446090698,0.9566038846969604,0.6398944671351379,0.9479909539222717
985_class-4,0,0.9987754225730896,0,0.9907619953155518,1.0112172365188599,1.0,0.9960117936134338
985_class-4,1,0.974496603012085,0,0.9907933473587036,1.0069317817687988,0.9947254354126955,0.9942513108253479
985_class-4,2,0.9744871854782104,1,0.9907591342926025,1.0113188028335571,0.9950630828304992,0.9961380958557129
985_class-4,3,0.9745136499404907,0,0.9907580614089966,1.0109245777130127,0.9997649087062143,0.9961329102516174
985_class-4,4,0.9743943214416504,0,0.990766167640686,1.0111958980560303,0.9995037868895273,0.9960667490959167
985_class-4,5,0.9745023250579834,0,0.9907580614089966,1.0112074613571167,0.9995560430377102,0.9960926175117493
986_class-2,0,0.6745218634605408,0,0.9970391392707825,1.0041182041168213,1.0,0.991101861000061
986_class-2,1,0.658178985118866,0,0.9970604181289673,1.0045658349990845,0.9991549295774648,0.9907222986221313
986_class-2,2,0.6582424640655518,0,0.9970675706863403,1.0043556690216064,0.9993156750664198,0.9908473491668701
986_class-2,3,0.6581388115882874,0,0.9970442056655884,1.003741979598999,0.9988730126786074,0.9908226728439331
986_class-2,4,0.658074676990509,1,0.9970424175262451,1.0056488513946533,0.9992753914898757,0.9904903769493103
986_class-2,5,0.44655972719192505,0,0.9950782656669617,0.9520963430404663,0.48059136261015223,0.7393319606781006
987_class-0,0,0.9951441884040833,1,0.9930188655853271,1.0049159526824951,1.0,0.9919794201850891
987_class-0,1,0.9336225986480713,0,0.993048906326294,1.0041518211364746,0.9985472895481305,0.9920806884765625
987_class-0,2,0.9343180060386658,0,0.9930495023727417,0.9978996515274048,0.9955268389662028,0.9919734597206116
987_class-0,3,0.9342815279960632,0,0.9930635094642639,1.000288963317871,0.9986958689731886,0.9919349551200867
987_class-0,4,0.9359903931617737,0,0.9931484460830688,0.9996479749679565,0.9904495243939859,0.989149272441864
987_class-0,5,0.9343088865280151,0,0.9931102991104126,0.998440146446228,0.9907915435675095,0.9920464754104614
988_class-4,0,0.3669995963573456,0,0.9730793237686157,0.95408034324646,1.0,0.7794214487075806
988_class-4,1,0.34076204895973206,0,0.9840630292892456,0.9714754819869995,0.6085131100263933,0.921960711479187
988_class-4,2,0.602445125579834,1,0.9977697134017944,0.9849177598953247,0.0001266289082285767,0.9705348014831543
988_class-4,3,0.5007636547088623,0,0.9928359389305115,0.992937445640564,0.4804715563973614,0.959897518157959
988_class-4,4,0.3291027247905731,0,0.9662685394287109,1.0002861022949219,0.30908682374809776,0.9730463027954102
988_class-4,5,0.4604424238204956,0,0.9942992925643921,0.9900697469711304,0.28377341504087084,0.9639966487884521
989_class-1,0,0.8557003736495972,1,0.9953657388687134,0.9444855451583862,1.0,0.9400544166564941
989_class-1,1,0.5730440616607666,0,0.9912957549095154,0.963955283164978,0.5887268978720271,0.8783431649208069
989_class-1,2,0.27712833881378174,0,0.8122975826263428,0.942918062210083,0.2245198147585788,0.5100973844528198
989_class-1,3,0.21620416641235352,0,0.770276665687561,0.946611762046814,0.874698038457822,0.5429121255874634
989_class-1,4,0.12334548681974411,0,0.7534807920455933,0.9619573354721069,0.8471731703005061,0.8259376287460327
989_class-1,5,0.3148108124732971,0,0.8371003866195679,0.9624811410903931,0.6964461404830417,0.6071971654891968
990_class-3,0,0.4338366687297821,0,0.9585077166557312,1.0009154081344604,1.0,0.9958140254020691
990_class-3,1,0.4009760618209839,1,0.9584755301475525,1.0061850547790527,0.9990233920848254,0.9963049292564392
990_class-3,2,0.40791916847229004,0,0.9600038528442383,0.9973649978637695,0.8266896134703939,0.9944757223129272
990_class-3,3,0.4009332060813904,0,0.9577630758285522,0.992455244064331,0.8258061518446241,0.9932629466056824
990_class-3,4,0.3593003451824188,0,0.9777247309684753,0.9978905916213989,0.4446871414703027,0.7360751628875732
990_class-3,5,0.4007207751274109,0,0.9582312703132629,0.9911346435546875,0.44357146001144415,0.9902668595314026
991_class-0,0,0.34322240948677063,0,0.9720608592033386,0.9811630249023438,1.0,0.9645974636077881
991_class-0,1,0.32554352283477783,0,0.971408486366272,0.9798073768615723,0.9986642708349898,0.9638338088989258
991_class-0,2,0.3237819969654083,1,0.9740968942642212,0.9805558919906616,0.984712836513586,0.9648942351341248
991_class-0,3,0.3242316246032715,0,0.9729853868484497,0.9789941310882568,0.9959856990528758,0.9641631245613098
991_class-0,4,0.32488155364990234,0,0.9706031680107117,0.9823249578475952,0.9938303665580686,0.964417576789856
991_class-0,5,0.32861071825027466,0,0.9691157341003418,0.979232907295227,0.9680074717829383,0.9640767574310303
992_class-4,0,0.5313016772270203,0,0.9969953894615173,0.9542267918586731,1.0,0.9813825488090515
992_class-4,1,0.5208282470703125,1,0.9978090524673462,0.9946245551109314,0.9761875232543719,0.9949970841407776
992_class-4,2,0.47982344031333923,0,0.9975171685218811,0.980545163154602,0.7194116901229872,0.9658046364784241
992_class-4,3,0.46340465545654297,0,0.9971556663513184,0.9820362329483032,0.846702474244959,0.9741401076316833
992_class-4,4,0.9809104800224304,0,0.9821174144744873,0.9734456539154053,0.15228321728234492,0.9687979221343994
992_class-4,5,0.4766547381877899,0,0.9977520704269409,0.9776624441146851,0.17449515379368327,0.9452882409095764
993_class-0,0,0.9962894320487976,0,0.9818183183670044,0.9962664842605591,1.0,0.9921380281448364
993_class-0,1,0.9507060647010803,1,0.9815109968185425,1.0044611692428589,0.9892348284960422,0.9922121167182922
993_class-0,2,0.9418125152587891,0,0.9821639657020569,0.9434806108474731,0.9735920930711418,0.979276180267334
993_class-0,3,0.20289570093154907,0,0.9368641376495361,1.0048373937606812,0.09695503083011471,0.9417862296104431
993_class-0,4,0.945358157157898,0,0.9817056655883789,0.9769107103347778,0.09604707796495565,0.9764986634254456
993_class-0,5,0.5158509016036987,0,0.957507848739624,0.9760301113128662,0.2600514109610441,0.8737505078315735
994_class-0,0,0.99930739402771,1,0.9996066689491272,0.9837758541107178,1.0,0.9893866181373596
994_class-0,1,2.0682688045781106e-05,0,0.9832655787467957,0.9988315105438232,0.00018675391809720168,0.8196232914924622
994_class-0,2,0.8889515399932861,0,0.9996067881584167,0.982620120048523,0.00017928041324135252,0.9887697696685791
994_class-0,3,5.643043550662696e-06,0,0.9835007190704346,0.9952676296234131,0.0,0.8971454501152039
994_class-0,4,0.6394904851913452,0,0.9975007772445679,0.9396737813949585,0.0,0.5705868005752563
994_class-0,5,0.8860095739364624,0,0.9996066093444824,0.9699282646179199,0.33459045374189744,0.9904782176017761
995_class-0,0,0.9692246913909912,0,0.9938735961914062,0.9954490661621094,1.0,0.9777683019638062
995_class-0,1,0.9211695790290833,0,0.995344340801239,0.99383544921875,0.9619928094504365,0.9809325337409973
995_class-0,2,0.9209429025650024,0,0.9951832294464111,0.9942171573638916,0.9952984170653089,0.9823299050331116
995_class-0,3,0.9208657741546631,0,0.9952921867370605,0.9940803050994873,0.9978999382334774,0.9816534519195557
995_class-0,4,0.9176983833312988,0,0.9933735132217407,0.9951908588409424,0.963979558193208,0.978143572807312
995_class-0,5,0.9212019443511963,1,0.9953404664993286,0.9946475028991699,0.9612855498931449,0.9809949398040771
996_class-1,0,0.5434571504592896,0,0.9867807626724243,0.97382652759552,1.0,0.9573718905448914
996_class-1,1,0.46267908811569214,0,0.986792802810669,0.976845383644104,0.9927380035925071,0.9560361504554749
996_class-1,2,0.4622047245502472,0,0.9868158102035522,0.9754588603973389,0.9946197899278358,0.9560378193855286
996_class-1,3,0.5048946142196655,0,0.9719201922416687,0.9783822298049927,0.8382154172208346,0.9449140429496765
996_class-1,4,0.46274957060813904,1,0.9867888689041138,0.9776830673217773,0.840708825723584,0.9563562870025635
996_class-1,5,0.4622591733932495,0,0.9868067502975464,0.9762308597564697,0.9951045896078532,0.9559754729270935
997_class-4,0,0.7772274017333984,1,0.9773209691047668,1.0045582056045532,1.0,0.9532375931739807
997_class-4,1,0.8703375458717346,0,0.9514518976211548,0.9949549436569214,0.9010267921634867,0.9254506826400757
997_class-4,2,0.9058732986450195,0,0.9380176067352295,0.9982885122299194,0.9727547985942147,0.9333364367485046
997_class-4,3,0.8095724582672119,0,0.9692116975784302,0.9952894449234009,0.9216265333939119,0.92759770154953
997_class-4,4,0.7726461887359619,0,0.9764251708984375,0.9992462396621704,0.9623052319610317,0.9426219463348389
997_class-4,5,0.9038446545600891,0,0.9417141675949097,0.9975991249084473,0.889624340806007,0.9097650051116943
998_class-2,0,0.41930848360061646,0,0.9753868579864502,0.9201055765151978,1.0,0.9186710119247437
998_class-2,1,0.07219189405441284,0,0.7428587675094604,0.9079124927520752,0.23171695224927163,0.446002334356308
998_class-2,2,0.8550125360488892,0,0.9955146908760071,0.9217584133148193,0.05388048956083513,0.9466655850410461
998_class-2,3,0.4218878149986267,0,0.974411129951477,0.9498357772827148,0.0791494664693512,0.9389269948005676
998_class-2,4,0.8956575393676758,1,0.9952566623687744,0.99129319190979,0.07846937818488761,0.9851340055465698
998_class-2,5,0.46980828046798706,0,0.9771214723587036,0.942144513130188,0.16879977246871444,0.8975696563720703
999_class-2,0,0.9286260008811951,0,0.9532777070999146,0.9974993467330933,1.0,0.9332916140556335
999_class-2,1,0.9728869199752808,0,0.9525096416473389,1.0107063055038452,0.9427114332061292,0.985538125038147
999_class-2,2,0.9732993841171265,0,0.9523677825927734,1.013846516609192,0.9991419265208915,0.9901685118675232
999_class-2,3,0.9733709692955017,1,0.9525009393692017,1.0140992403030396,0.9998307488488004,0.9912407994270325
999_class-2,4,0.9732526540756226,0,0.95235276222229,1.0133607387542725,0.9997315326567178,0.9901732206344604
999_class-2,5,0.9732857346534729,0,0.9525294303894043,1.0137317180633545,0.9998599088239929,0.9903444051742554
