obj_name,iteration,miou,selected,support_query,decoder_confidence,temporal_stability,foreground_background_separation
0_class-0,0,0.9353439807891846,0,0.9811973571777344,1.0092648267745972,1.0,0.9929987788200378
0_class-0,1,0.9346691370010376,1,0.9813481569290161,1.0130599737167358,0.9987461544427497,0.9937268495559692
0_class-0,2,0.9351645708084106,0,0.981292724609375,1.0101174116134644,0.9984230187557359,0.9938274025917053
0_class-0,3,0.9348731637001038,0,0.9813084602355957,1.0131101608276367,0.9987590646449761,0.9935632348060608
0_class-0,4,0.9350870847702026,0,0.9812780618667603,1.0119035243988037,0.9991336953710886,0.9940748810768127
0_class-0,5,0.9351735711097717,0,0.9812624454498291,1.0130022764205933,0.999405315958217,0.9941118359565735
1_class-72,0,0.4659702479839325,0,0.9684634804725647,0.8564723134040833,1.0,0.9864150881767273
1_class-72,1,0.46622365713119507,1,0.9718249440193176,1.0019853115081787,0.984524449220849,0.9956600666046143
1_class-72,2,0.4627111256122589,0,0.9704785346984863,0.9190663695335388,0.8198595606769895,0.8390935063362122
1_class-72,3,0.46757277846336365,0,0.9720247387886047,0.9365286827087402,0.7587980508933405,0.7450531125068665
1_class-72,4,0.43845874071121216,0,0.9677768349647522,0.9525250196456909,0.13792620597913605,0.6647276282310486
1_class-72,5,0.46622365713119507,0,0.9717366099357605,0.9686880707740784,0.1344781673551603,0.9933395981788635
2_class-68,0,0.16492187976837158,0,0.8589603900909424,0.9923927783966064,1.0,0.9757649302482605
2_class-68,1,0.1636268049478531,0,0.8615899682044983,0.9911426305770874,0.9898424514497592,0.9759854674339294
2_class-68,2,0.16505791246891022,0,0.8610372543334961,0.9863650798797607,0.9885793832298754,0.9675634503364563
2_class-68,3,0.16495542228221893,1,0.8625928163528442,0.9893507957458496,0.9978054133138259,0.9738744497299194
2_class-68,4,0.17853416502475739,0,0.8509533405303955,1.0119829177856445,0.8932570576512251,0.9922956228256226
2_class-68,5,0.16500946879386902,0,0.8548551797866821,0.9923398494720459,0.8936829422227323,0.9762736558914185
3_class-76,0,0.17191265523433685,0,0.9274110794067383,0.9862407445907593,1.0,0.911891520023346
3_class-76,1,0.1675168126821518,0,0.9267947673797607,0.9972870349884033,0.9798475037616866,0.8925483822822571
3_class-76,2,0.17185039818286896,0,0.9257352948188782,0.9940706491470337,0.9852387909007327,0.8941564559936523
3_class-76,3,0.1524020880460739,0,0.9250904321670532,0.9221558570861816,0.9386754497956206,0.7312062382698059
3_class-76,4,0.17220595479011536,1,0.927338719367981,0.9961916208267212,0.9334734719704851,0.9095862507820129
3_class-76,5,0.16957329213619232,0,0.9252297878265381,0.9982461929321289,0.9853924814075821,0.9032456874847412
4_class-36,0,0.5165452361106873,0,0.9676766991615295,0.743999719619751,1.0,0.4468969404697418
4_class-36,1,0.48651444911956787,1,0.9961968064308167,0.9334590435028076,0.1478568619740464,0.9718409776687622
4_class-36,2,0.48559892177581787,0,0.9834083318710327,0.6167676448822021,0.12151437151437151,0.6226970553398132
4_class-36,3,0.5500093698501587,0,0.9713422060012817,0.8191235065460205,0.044899544899544896,0.5767698287963867
4_class-36,4,0.4892060160636902,0,0.9709645509719849,0.7584983110427856,0.1680992141453831,0.5429561138153076
4_class-36,5,0.48851388692855835,0,0.9962061643600464,0.8557584285736084,0.03551868119950111,0.9469868540763855
5_class-56,0,0.35183829069137573,0,0.9869089126586914,0.9783918857574463,1.0,0.9076773524284363
5_class-56,1,0.35736745595932007,0,0.9861433506011963,0.9758412837982178,0.9219163401319536,0.9225295782089233
5_class-56,2,0.354209303855896,0,0.9845067262649536,0.9565085172653198,0.8035479110800818,0.8244948387145996
5_class-56,3,0.4186403751373291,0,0.9942920207977295,0.9583029747009277,0.3336521810835326,0.9379037022590637
5_class-56,4,0.42031505703926086,1,0.9942957162857056,0.9708092212677002,0.9397559409120103,0.9176005721092224
5_class-56,5,0.35408300161361694,0,0.9863746762275696,0.9810348749160767,0.32947130110534023,0.891800582408905
6_class-48,0,0.4342132806777954,0,0.9911741018295288,1.0036574602127075,1.0,0.9837549924850464
6_class-48,1,0.43431025743484497,1,0.9910967350006104,1.005650520324707,0.9974390881711122,0.9863386750221252
6_class-48,2,0.4344537854194641,0,0.9911767244338989,1.0053439140319824,0.997188327956311,0.9846298098564148
6_class-48,3,0.7031234502792358,0,0.9912281632423401,0.9754008054733276,0.21678559755964702,0.9462918043136597
6_class-48,4,0.6580531001091003,0,0.982510507106781,0.997116208076477,0.35453732442527225,0.9708757996559143
6_class-48,5,0.4338601529598236,0,0.9915284514427185,0.9793436527252197,0.5841388377596635,0.9688200354576111
7_class-36,0,0.5452542304992676,0,0.9610308408737183,0.9171921014785767,1.0,0.8050256967544556
7_class-36,1,0.4786750376224518,0,0.9902997612953186,0.9927241206169128,0.35831346085544674,0.9912528991699219
7_class-36,2,0.4786265790462494,1,0.99042809009552,0.9954307079315186,0.991869918699187,0.9941311478614807
7_class-36,3,0.5131351947784424,0,0.9866732358932495,0.9152116775512695,0.6151378533032773,0.932962954044342
7_class-36,4,0.7273309230804443,0,0.9921233654022217,0.8359740972518921,0.1355295017204027,0.7784695029258728
7_class-36,5,0.47867316007614136,0,0.9902567863464355,0.9956625699996948,0.08605461469897091,0.9943181276321411
8_class-40,0,0.9569554328918457,0,0.9743176698684692,0.9969842433929443,1.0,0.9768589735031128
8_class-40,1,0.9544506072998047,0,0.9739373922348022,0.9959310293197632,0.9950738445056627,0.9773423075675964
8_class-40,2,0.9665600061416626,1,0.9767294526100159,1.0008201599121094,0.9766927868193691,0.9826422929763794
8_class-40,3,0.9588758945465088,0,0.9744744300842285,0.9983690977096558,0.9822464709448342,0.9773079752922058
8_class-40,4,0.9570801258087158,0,0.9745998382568359,0.9977589845657349,0.9961313609353851,0.9766090512275696
8_class-40,5,0.9570395946502686,0,0.9744394421577454,0.9962700605392456,0.9980015180776142,0.9761830568313599
9_class-4,0,0.8519080877304077,0,0.9929465055465698,0.9578677415847778,1.0,0.8852151036262512
9_class-4,1,0.9416700005531311,0,0.9907580018043518,0.9997133016586304,0.8358378964414619,0.9698785543441772
9_class-4,2,0.8443801403045654,0,0.9926903247833252,0.9877947568893433,0.8282356840055787,0.9138644337654114
9_class-4,3,0.9147897958755493,0,0.9922210574150085,0.9758360385894775,0.8622103488671105,0.8985429406166077
9_class-4,4,0.9385080933570862,0,0.9908708930015564,0.9984174966812134,0.9366524368073044,0.9683754444122314
9_class-4,5,0.9431995153427124,1,0.9908121824264526,0.9997516870498657,0.9712367519863561,0.973380982875824
10_class-0,0,0.2711796164512634,0,0.9465872049331665,1.0181317329406738,1.0,0.9977976679801941
10_class-0,1,0.27115538716316223,0,0.9467042088508606,1.017789602279663,0.999888435957949,0.9978148341178894
10_class-0,2,0.2711535394191742,1,0.9466969966888428,1.0178231000900269,0.9999742548937156,0.9978083372116089
10_class-0,3,0.27114981412887573,0,0.9465329051017761,1.017850399017334,0.9999485111130181,0.9978598356246948
10_class-0,4,0.2711665630340576,0,0.9466317892074585,1.0179187059402466,0.9999227653439516,0.9978270530700684
10_class-0,5,0.2711423635482788,0,0.9465526342391968,1.017689824104309,0.999888442659527,0.9979100823402405
11_class-68,0,0.4674793481826782,0,0.9887254238128662,0.9985699653625488,1.0,0.9883910417556763
11_class-68,1,0.40611451864242554,0,0.9639865159988403,0.9738545417785645,0.7512882949204371,0.9585038423538208
11_class-68,2,0.4570169448852539,0,0.9884049296379089,0.9971950054168701,0.7383960030362423,0.9690483808517456
11_class-68,3,0.40367990732192993,0,0.9649259448051453,0.9806618690490723,0.7316928517076228,0.9661787152290344
11_class-68,4,0.7372704744338989,1,0.9932715892791748,0.9827883243560791,0.10713453609813912,0.9829269647598267
11_class-68,5,0.40635132789611816,0,0.964055061340332,0.9879233837127686,0.1045399127973054,0.9521751999855042
12_class-40,0,0.47883716225624084,0,0.9952346682548523,0.9059209823608398,1.0,0.8920614123344421
12_class-40,1,0.48054590821266174,0,0.9989485740661621,0.9332822561264038,0.4395056997796724,0.9268918037414551
12_class-40,2,0.4874331057071686,0,0.9970797300338745,0.7852771282196045,0.28046231402926347,0.8900707364082336
12_class-40,3,0.48348450660705566,1,0.9992793798446655,0.9614707231521606,0.34771999389964925,0.9848588705062866
12_class-40,4,0.4840454161167145,0,0.9947830438613892,0.7981033325195312,0.5822690822690822,0.8778965473175049
12_class-40,5,0.48330003023147583,0,0.9991830587387085,0.9325522184371948,0.5674099985424865,0.9526199698448181
13_class-36,0,0.8204818964004517,1,0.9969649314880371,0.9668586254119873,1.0,0.9568877816200256
13_class-36,1,0.48147153854370117,0,0.9949980974197388,0.9278210401535034,0.08820428336079078,0.8851468563079834
13_class-36,2,0.3978157639503479,0,0.971795916557312,0.8444801568984985,0.2735957885843339,0.7201353311538696
13_class-36,3,0.6529717445373535,0,0.9929240942001343,0.8729310035705566,0.0308839190628328,0.8331076502799988
13_class-36,4,0.43091249465942383,0,0.9520223140716553,0.721615731716156,0.005017485175611981,0.7882319688796997
13_class-36,5,0.4093613922595978,0,0.9897022247314453,0.865515947341919,0.24420249186216186,0.8985571265220642
14_class-28,0,0.46236667037010193,0,0.9914695024490356,0.851844310760498,1.0,0.5808093547821045
14_class-28,1,0.4669286608695984,0,0.9965284466743469,0.9564535617828369,0.66196295388494,0.8981297612190247
14_class-28,2,0.3901573419570923,0,0.8954141139984131,0.9562075138092041,0.04676031558402287,0.7575936913490295
14_class-28,3,0.39647817611694336,0,0.960350513458252,0.874182939529419,0.033259815650943596,0.8921250700950623
14_class-28,4,0.48565474152565,1,0.9970216155052185,0.9788548946380615,0.0890622165789951,0.958791971206665
14_class-28,5,0.545630156993866,0,0.9751096963882446,0.7544187307357788,0.5444031524316012,0.6322873830795288
15_class-72,0,0.43832674622535706,0,0.9954527616500854,0.9172103404998779,1.0,0.920122504234314
15_class-72,1,0.4342958629131317,1,0.9962769746780396,1.0021822452545166,0.9589381207028266,0.9894770383834839
15_class-72,2,0.48056337237358093,0,0.9848677515983582,0.9015966653823853,0.21273364199799122,0.7700695991516113
15_class-72,3,0.4428265690803528,0,0.9955408573150635,0.9992374181747437,0.2395364877914195,0.994049608707428
15_class-72,4,0.708996593952179,0,0.989015519618988,0.9015573263168335,0.24852800986934334,0.8181241154670715
15_class-72,5,0.5233333706855774,0,0.9686697721481323,0.8833754062652588,0.3643830502146724,0.6280142068862915
16_class-52,0,0.3193974196910858,1,0.9889878034591675,0.9935554265975952,1.0,0.9468242526054382
16_class-52,1,0.31648293137550354,0,0.9893566370010376,0.967923641204834,0.9712206115239371,0.9488105773925781
16_class-52,2,0.21161647140979767,0,0.990379810333252,0.9333139657974243,0.5142903580716143,0.6853062510490417
16_class-52,3,0.29309356212615967,0,0.9786721467971802,0.9780920743942261,0.630649903046225,0.8579002618789673
16_class-52,4,0.3341657221317291,0,0.9904969930648804,0.9600472450256348,0.7480103318517353,0.8975968956947327
16_class-52,5,0.21136298775672913,0,0.9896908402442932,0.9408746957778931,0.4441009135949518,0.7251830101013184
17_class-32,0,0.419611394405365,0,0.9451048970222473,0.8976231217384338,1.0,0.950909435749054
17_class-32,1,0.3967425525188446,0,0.9745317697525024,0.9519245624542236,0.5741097132314348,0.7072323560714722
17_class-32,2,0.42213886976242065,0,0.9696595668792725,0.9081560373306274,0.7796064400715563,0.6744795441627502
17_class-32,3,0.38902682065963745,1,0.9726009368896484,0.9594916105270386,0.7671545842721414,0.792019248008728
17_class-32,4,0.4889129102230072,0,0.9807186126708984,0.9243859052658081,0.24533734082100767,0.6514577269554138
17_class-32,5,0.49477070569992065,0,0.9739812612533569,0.821857213973999,0.2172211350293542,0.47585529088974
18_class-72,0,0.14877842366695404,1,0.9824407696723938,0.9708186388015747,1.0,0.9503567814826965
18_class-72,1,0.2698599100112915,0,0.9698929786682129,0.9973428249359131,0.00985264626384166,0.9884677529335022
18_class-72,2,0.10603653639554977,0,0.9753620624542236,0.9816125631332397,0.21670468503246185,0.9238055944442749
18_class-72,3,0.11197706311941147,0,0.9757868647575378,0.9808381795883179,0.9644993247154158,0.8538267612457275
18_class-72,4,0.14778104424476624,0,0.9812628030776978,0.9781867265701294,0.7598726114649682,0.9417492747306824
18_class-72,5,0.10633688420057297,0,0.97490394115448,0.9881877899169922,0.787046252160704,0.8959006071090698
19_class-12,0,0.43689531087875366,0,0.9879216551780701,0.8881687521934509,1.0,0.9475411772727966
19_class-12,1,0.8891488313674927,0,0.997911810874939,0.9645792245864868,0.12569421512413317,0.9707547426223755
19_class-12,2,0.5424111485481262,0,0.9940955638885498,0.9560186862945557,0.30351160910246044,0.8844289779663086
19_class-12,3,0.9006432294845581,1,0.9980538487434387,0.965956449508667,0.3050450661360178,0.9666479825973511
19_class-12,4,0.6969403028488159,0,0.9958640336990356,0.9298030138015747,0.5197877143268815,0.8859853744506836
19_class-12,5,0.4084765315055847,0,0.9837645292282104,0.812516450881958,0.18057934321245067,0.5058071613311768
20_class-48,0,0.278247594833374,0,0.978082537651062,0.9565802812576294,1.0,0.7881723642349243
20_class-48,1,0.372291624546051,1,0.9907161593437195,0.9308227300643921,0.47731755424063116,0.822689414024353
20_class-48,2,0.8569332957267761,0,0.8500325679779053,0.9606388807296753,0.2620497010576105,0.7770403027534485
20_class-48,3,0.7963670492172241,0,0.8062088489532471,0.9656423330307007,0.9389390922550671,0.7879541516304016
20_class-48,4,0.24564945697784424,0,0.9723141193389893,0.9452877044677734,0.24475742109253873,0.8384803533554077
20_class-48,5,0.46718159317970276,0,0.9744877219200134,0.8657499551773071,0.008555907650520597,0.4681546688079834
21_class-60,0,0.6859480142593384,0,0.9614484310150146,0.981469988822937,1.0,0.9036521911621094
21_class-60,1,0.680690586566925,0,0.961615800857544,0.9788796901702881,0.9856112183721166,0.8963600397109985
21_class-60,2,0.7263400554656982,0,0.9583719968795776,0.9852575063705444,0.9210653477729456,0.9333295822143555
21_class-60,3,0.7806012630462646,0,0.9535976648330688,1.0091699361801147,0.9159333506899245,0.9854649901390076
21_class-60,4,0.7813087701797485,1,0.9534359574317932,1.0117944478988647,0.9983795634353255,0.9852387309074402
21_class-60,5,0.5391877889633179,0,0.9626437425613403,0.9946209192276001,0.6038046539844867,0.9137245416641235
22_class-4,0,0.3391900062561035,0,0.9218666553497314,0.9307774305343628,1.0,0.48610496520996094
22_class-4,1,0.9082505702972412,1,0.9962548017501831,0.9988994598388672,0.06786614092105386,0.992059588432312
22_class-4,2,0.9081220626831055,0,0.9962645769119263,0.9982174634933472,0.9985332387035722,0.9918855428695679
22_class-4,3,0.9079087972640991,0,0.9962665438652039,0.9973458051681519,0.9991002083727979,0.9916996955871582
22_class-4,4,0.4370990991592407,0,0.9698314666748047,0.950361967086792,0.2019549439946302,0.7877135276794434
22_class-4,5,0.9080020189285278,0,0.9962809085845947,0.9979438781738281,0.20196935854280051,0.9917078614234924
23_class-60,0,0.28834715485572815,0,0.9632257223129272,0.9455142021179199,1.0,0.8458776473999023
23_class-60,1,0.28849244117736816,0,0.965394139289856,0.9910041093826294,0.9816233595888798,0.9217109084129333
23_class-60,2,0.28293436765670776,0,0.9649304151535034,0.9855711460113525,0.9657225608729331,0.9389185309410095
23_class-60,3,0.35532671213150024,0,0.9427110552787781,0.9269449710845947,0.7971275081905729,0.7210903763771057
23_class-60,4,0.28128254413604736,1,0.9661439061164856,0.9989756345748901,0.792142608945049,0.944119393825531
23_class-60,5,0.29512569308280945,0,0.9602646827697754,0.9313442707061768,0.9376736408284725,0.7933241128921509
24_class-32,0,0.464122474193573,0,0.988541841506958,0.8367452621459961,1.0,0.6926835179328918
24_class-32,1,0.4964117407798767,0,0.9928596019744873,0.8879595994949341,0.6698056673230032,0.6535954475402832
24_class-32,2,0.4726567566394806,0,0.9932601451873779,0.9538141489028931,0.6865551556214271,0.9495994448661804
24_class-32,3,0.47372445464134216,0,0.9953906536102295,0.9872497320175171,0.9648378711178,0.9800807237625122
24_class-32,4,0.4842694103717804,0,0.993231475353241,0.9803494215011597,0.8224824355971897,0.9643536806106567
24_class-32,5,0.45941200852394104,1,0.995780348777771,0.9977690577507019,0.788485015555468,0.9636842608451843
25_class-60,0,0.3692680895328522,0,0.9234713315963745,1.0018424987792969,1.0,0.9931859374046326
25_class-60,1,0.36926618218421936,0,0.9236388206481934,1.0010050535202026,0.9995901141607967,0.9930445551872253
25_class-60,2,0.3749697506427765,0,0.9192294478416443,0.9957275986671448,0.9515328201157017,0.983951985836029
25_class-60,3,0.3692241907119751,1,0.9240626096725464,1.0026048421859741,0.9511284471898858,0.9934579730033875
25_class-60,4,0.3692231774330139,0,0.9237261414527893,1.0011924505233765,0.9995295902883157,0.9934906363487244
25_class-60,5,0.3698371946811676,0,0.9228661060333252,0.992396354675293,0.9938374669864303,0.9910150170326233
26_class-52,0,0.6893166303634644,1,0.9984518885612488,0.9781246185302734,1.0,0.9876068830490112
26_class-52,1,0.33195915818214417,0,0.9734824895858765,1.002466082572937,0.0008465160573514628,0.9879463315010071
26_class-52,2,0.5792532563209534,0,0.9982691407203674,0.9670991897583008,0.1030914112675119,0.9758549332618713
26_class-52,3,0.3407709002494812,0,0.9745545983314514,0.9874143600463867,0.12286204464840172,0.9778376817703247
26_class-52,4,0.5064857602119446,0,0.9828548431396484,0.9206993579864502,0.2252834598418731,0.6988350749015808
26_class-52,5,0.5158929824829102,0,0.984574019908905,0.9165470600128174,0.747247288682838,0.615285336971283
27_class-24,0,0.43636611104011536,0,0.9898306131362915,0.903014063835144,1.0,0.8079725503921509
27_class-24,1,0.373770147562027,0,0.9920977354049683,0.9975234270095825,0.33886452870203193,0.9754691123962402
27_class-24,2,0.37510061264038086,0,0.9922977685928345,0.9886687994003296,0.9861938831669156,0.9640160799026489
27_class-24,3,0.37426766753196716,0,0.9920939207077026,0.9948562383651733,0.9854921790085535,0.96658855676651
27_class-24,4,0.37445029616355896,0,0.9921999573707581,0.9939194917678833,0.9840826321738039,0.9704160094261169
27_class-24,5,0.45567670464515686,1,0.9982942342758179,0.9791066646575928,0.3039557286329166,0.9803181886672974
28_class-64,0,0.38572317361831665,0,0.9905586242675781,0.9626867771148682,1.0,0.9318803548812866
28_class-64,1,0.32879024744033813,0,0.9527651071548462,0.8307790756225586,0.7216758912338151,0.6388912200927734
28_class-64,2,0.3515317142009735,1,0.99049973487854,0.9750789403915405,0.7317809445491168,0.9540272951126099
28_class-64,3,0.431852251291275,0,0.9889601469039917,0.9609535932540894,0.694890492874918,0.9520546793937683
28_class-64,4,0.36123573780059814,0,0.9900051355361938,0.9655246734619141,0.7183320811419985,0.9246436953544617
28_class-64,5,0.4017275869846344,0,0.9747120141983032,0.907323956489563,0.6233711001821096,0.8421664834022522
29_class-40,0,0.4480994939804077,0,0.9883899688720703,0.9388339519500732,1.0,0.9101365208625793
29_class-40,1,0.43148207664489746,1,0.9900305271148682,0.9964247941970825,0.8533097686375322,0.9836055636405945
29_class-40,2,0.4314597249031067,0,0.9897758960723877,0.9965808391571045,0.9984502371137216,0.9848813414573669
29_class-40,3,0.3550642430782318,0,0.9753477573394775,0.9509274959564209,0.423078941843376,0.877984344959259
29_class-40,4,0.36628666520118713,0,0.9773645401000977,1.0048890113830566,0.8819461757489077,0.9897770881652832
29_class-40,5,0.43142247200012207,0,0.9889702200889587,0.996391773223877,0.47998333804430293,0.9822384119033813
30_class-40,0,0.4820347726345062,0,0.9915952682495117,0.9882718324661255,1.0,0.9938677549362183
30_class-40,1,0.3970152735710144,0,0.9888242483139038,0.9599928855895996,0.08777356288298803,0.874441921710968
30_class-40,2,0.5373803973197937,1,0.9922463893890381,0.9940688610076904,0.17072189525441406,0.975085437297821
30_class-40,3,0.39405059814453125,0,0.9886073470115662,0.9666831493377686,0.3574198096580895,0.915015459060669
30_class-40,4,0.44992390275001526,0,0.9950554966926575,0.7656034231185913,0.21769152852237073,0.7357046008110046
30_class-40,5,0.40454405546188354,0,0.9869996309280396,0.8573158979415894,0.0830727428176569,0.7718319296836853
31_class-24,0,0.8843000531196594,0,0.9932593107223511,0.9906531572341919,1.0,0.9751997590065002
31_class-24,1,0.8190399408340454,0,0.9946969747543335,0.9635986089706421,0.6326820823543959,0.9602341055870056
31_class-24,2,0.8569470047950745,0,0.9929391145706177,0.9726823568344116,0.5957167410153912,0.9301649928092957
31_class-24,3,0.8834828734397888,0,0.9932762384414673,0.9872926473617554,0.9272688678335038,0.9638325572013855
31_class-24,4,0.8824129104614258,1,0.9935050010681152,0.9936074018478394,0.9810192460762904,0.9752761721611023
31_class-24,5,0.7599856853485107,0,0.9942018985748291,0.9893214702606201,0.7328459402058487,0.9634955525398254
32_class-28,0,0.4599979817867279,1,0.9978498220443726,0.9801030158996582,1.0,0.9778494834899902
32_class-28,1,0.7115805149078369,0,0.9980065226554871,0.914289116859436,0.1954090411387455,0.779190719127655
32_class-28,2,0.5377928018569946,0,0.9985016584396362,0.9477641582489014,0.14287671702120372,0.9682797789573669
32_class-28,3,0.6359397768974304,0,0.9985833168029785,0.9669452905654907,0.1799850411368736,0.9388541579246521
32_class-28,4,0.5304588079452515,0,0.997809886932373,0.9446980953216553,0.17047431619178005,0.9291097521781921
32_class-28,5,0.5170000195503235,0,0.9981815814971924,0.9590617418289185,0.7520853540252183,0.919089138507843
33_class-16,0,0.3830760717391968,0,0.9766960144042969,1.0049232244491577,1.0,0.9866554141044617
33_class-16,1,0.49289631843566895,0,0.9823789596557617,0.983177661895752,0.5007733180332776,0.9097983241081238
33_class-16,2,0.3827182948589325,1,0.9768862128257751,1.007484793663025,0.5006786456971373,0.9929921627044678
33_class-16,3,0.34918874502182007,0,0.9803758859634399,0.9734108448028564,0.6807448520476863,0.9561228156089783
33_class-16,4,0.34720709919929504,0,0.9782914519309998,0.9979164600372314,0.987672309354638,0.9784572124481201
33_class-16,5,0.48907798528671265,0,0.9825523495674133,0.9898884296417236,0.74390908865591,0.9320066571235657
34_class-52,0,0.61459881067276,1,0.9912278652191162,0.9971622228622437,1.0,0.9779151082038879
34_class-52,1,0.7733933925628662,0,0.9919020533561707,0.9358351230621338,0.2989632422243167,0.8909043073654175
34_class-52,2,0.5751944780349731,0,0.9922163486480713,0.9567500352859497,0.37042184434270764,0.9289879202842712
34_class-52,3,0.8169463872909546,0,0.9943175315856934,0.97428297996521,0.3483954966684537,0.9375026822090149
34_class-52,4,0.7612565755844116,0,0.992824375629425,0.9504859447479248,0.8516358797745773,0.9018884897232056
34_class-52,5,0.6454570293426514,0,0.9867488741874695,0.90093994140625,0.41400870597546496,0.8002911806106567
35_class-76,0,0.4663378894329071,0,0.9922085404396057,0.9252749681472778,1.0,0.8876541256904602
35_class-76,1,0.5131462812423706,0,0.9940102696418762,0.9661833047866821,0.8241378054554063,0.9093420505523682
35_class-76,2,0.6579409837722778,1,0.9954059720039368,0.961621880531311,0.2667369160519845,0.9597973227500916
35_class-76,3,0.5187398195266724,0,0.9838978052139282,0.8853850364685059,0.26827845239397585,0.8173616528511047
35_class-76,4,0.5179745554924011,0,0.9893056154251099,0.8265529870986938,0.1581947011706716,0.7454334497451782
35_class-76,5,0.47930803894996643,0,0.9805521965026855,0.9291144609451294,0.7817143981891546,0.7980462312698364
36_class-76,0,0.5267312526702881,0,0.9693034887313843,1.0069565773010254,1.0,0.989634096622467
36_class-76,1,0.526753306388855,0,0.9694206714630127,1.0062060356140137,0.9986589671310107,0.9895188808441162
36_class-76,2,0.4583973288536072,1,0.978201150894165,1.0053465366363525,0.6398779247202442,0.9852652549743652
36_class-76,3,0.5266155004501343,0,0.969412088394165,1.0072535276412964,0.6406145858911846,0.9902043342590332
36_class-76,4,0.5268065929412842,0,0.9694328308105469,1.0068862438201904,0.9988784944471798,0.9897926449775696
36_class-76,5,0.5252063274383545,0,0.9694628715515137,0.9910047054290771,0.9936533989878266,0.9763500690460205
37_class-36,0,0.5607204437255859,0,0.9716421961784363,0.8726558685302734,1.0,0.7105568647384644
37_class-36,1,0.4762361943721771,0,0.9862098693847656,0.8218023777008057,0.39324110342528545,0.9043782949447632
37_class-36,2,0.47567465901374817,0,0.9939653277397156,0.9694831371307373,0.8277925531914894,0.9802927374839783
37_class-36,3,0.7576875686645508,1,0.9981064796447754,0.9810453653335571,0.15902037511806774,0.9873015880584717
37_class-36,4,0.4914591908454895,0,0.9991968870162964,0.8620079755783081,0.41269656377402447,0.9362529516220093
37_class-36,5,0.6274170279502869,0,0.9923603534698486,0.9674555063247681,0.24483875320469572,0.9792329668998718
38_class-60,0,0.26962408423423767,0,0.9907227158546448,1.0009311437606812,1.0,0.9881598949432373
38_class-60,1,0.26958975195884705,0,0.9905372262001038,0.9990849494934082,0.9987966305655837,0.9877751469612122
38_class-60,2,0.26955050230026245,0,0.9905030131340027,0.999433159828186,0.9988486196519691,0.9873044490814209
38_class-60,3,0.26967740058898926,0,0.9906675219535828,1.000608205795288,0.9982736071148313,0.9882671236991882
38_class-60,4,0.2695951461791992,1,0.991072416305542,0.9999698400497437,0.9987445400570188,0.9880803823471069
38_class-60,5,0.38683098554611206,0,0.9519814252853394,0.9815491437911987,0.5046674600026445,0.9456356763839722
39_class-48,0,0.9073806405067444,0,0.9920620918273926,0.9865844249725342,1.0,0.938791036605835
39_class-48,1,0.8989063501358032,0,0.9926063418388367,0.9837579727172852,0.980078492067879,0.9414060711860657
39_class-48,2,0.918550968170166,0,0.9920887351036072,0.9815511703491211,0.9650224700850073,0.9624264240264893
39_class-48,3,0.5892033576965332,1,0.9890269637107849,0.999653697013855,0.45952929523481406,0.9857935905456543
39_class-48,4,0.9076447486877441,0,0.9924925565719604,0.9860327243804932,0.45108317382982427,0.9485750198364258
39_class-48,5,0.9059361815452576,0,0.9925286173820496,0.9841794967651367,0.9954931511400003,0.9444952607154846
40_class-64,0,0.2836719751358032,0,0.9654933214187622,0.9774659872055054,1.0,0.9340146780014038
40_class-64,1,0.4582165479660034,0,0.9925646781921387,0.9672738313674927,0.15824008901998535,0.9190626740455627
40_class-64,2,0.6504273414611816,1,0.9992369413375854,0.9834194183349609,0.2895907861443155,0.9862891435623169
40_class-64,3,0.48119065165519714,0,0.9992884993553162,0.981987714767456,0.5828587176189601,0.9876356720924377
40_class-64,4,0.2728939652442932,0,0.9607090353965759,0.973816990852356,0.053011416933568825,0.9402225017547607
40_class-64,5,0.27708664536476135,0,0.9624896049499512,0.9586379528045654,0.9797072774776145,0.9357324242591858
41_class-12,0,0.4870889186859131,0,0.9908700585365295,0.947152853012085,1.0,0.8491793870925903
41_class-12,1,0.39084863662719727,0,0.9920790195465088,0.9483747482299805,0.4722489476849068,0.935895562171936
41_class-12,2,0.36379411816596985,1,0.9939879179000854,0.9564131498336792,0.680832170493467,0.989225447177887
41_class-12,3,0.4835403561592102,0,0.9874127507209778,0.9406658411026001,0.3435979513444302,0.9209713935852051
41_class-12,4,0.4299084544181824,0,0.9919171333312988,0.9442445039749146,0.6486353577575609,0.8923415541648865
41_class-12,5,0.433016836643219,0,0.9901504516601562,0.9334038496017456,0.15076270214474136,0.6413511633872986
42_class-36,0,0.1630725860595703,0,0.9204436540603638,0.8734172582626343,1.0,0.6115891933441162
42_class-36,1,0.19989347457885742,0,0.8819030523300171,0.8941534757614136,0.5976658857658156,0.717822790145874
42_class-36,2,0.1113925576210022,1,0.9031571745872498,0.9815131425857544,0.7104252542229651,0.8381345868110657
42_class-36,3,0.20210570096969604,0,0.8671528697013855,1.0003106594085693,0.7007046374979516,0.9680722951889038
42_class-36,4,0.20289023220539093,0,0.8716756105422974,1.0096668004989624,0.9964700309521183,0.9757981896400452
42_class-36,5,0.2023581564426422,0,0.8683872818946838,0.9981470108032227,0.9959055485980884,0.9708905220031738
43_class-44,0,0.4166325032711029,0,0.9960342049598694,0.9649546146392822,1.0,0.830560028553009
43_class-44,1,0.4723431468009949,1,0.9982199668884277,0.9987167119979858,0.12443695329981692,0.9948393702507019
43_class-44,2,0.42761921882629395,0,0.99298495054245,0.9096161127090454,0.1387847222222222,0.6420698165893555
43_class-44,3,0.46328505873680115,0,0.997900664806366,0.9872269630432129,0.31560927892677476,0.9635756015777588
43_class-44,4,0.5718888640403748,0,0.9962002038955688,0.9569306373596191,0.31699346405228757,0.8305415511131287
43_class-44,5,0.6004341244697571,0,0.9972038269042969,0.9915515184402466,0.39483625021660024,0.9899722337722778
44_class-32,0,0.45124009251594543,0,0.9854929447174072,0.9202271699905396,1.0,0.8230834007263184
44_class-32,1,0.9090709686279297,0,0.997734546661377,0.9492505788803101,0.027352498439622574,0.9530128240585327
44_class-32,2,0.9668958187103271,0,0.999613881111145,0.9066099524497986,0.8627260353879059,0.9939897060394287
44_class-32,3,0.9663692712783813,0,0.9996205568313599,0.9836991429328918,0.9948934280639432,0.9965168237686157
44_class-32,4,0.9654296636581421,1,0.9996183514595032,1.0026476383209229,0.9953416149068323,0.9967608451843262
44_class-32,5,0.9657400846481323,0,0.9996230602264404,0.9697250127792358,0.99622892635315,0.995721161365509
45_class-56,0,0.4437042474746704,0,0.9811922311782837,1.011217474937439,1.0,0.9992550611495972
45_class-56,1,0.45032310485839844,0,0.9824255108833313,0.9956679344177246,0.7970285714285714,0.9821224808692932
45_class-56,2,0.4437154233455658,1,0.9814698696136475,1.0110578536987305,0.7973019320910026,0.9989445209503174
45_class-56,3,0.4437228739261627,0,0.9815074801445007,1.0101178884506226,0.9997713501772036,0.9988424777984619
45_class-56,4,0.4306472837924957,0,0.9883978962898254,0.9542731046676636,0.7135338039087682,0.9619194269180298
45_class-56,5,0.43394553661346436,0,0.9824712872505188,0.9743230938911438,0.927461139896373,0.9842471480369568
46_class-4,0,0.0006451471708714962,0,0.9730654954910278,1.0109812021255493,1.0,0.8062112927436829
46_class-4,1,0.0007512156153097749,1,0.9730103611946106,1.0048980712890625,0.9990985520256177,0.9667056798934937
46_class-4,2,0.0007568122819066048,0,0.973003089427948,1.0045738220214844,0.9999886745869055,0.9658423662185669
46_class-4,3,0.0007549356087110937,0,0.9730074405670166,1.0039184093475342,0.9999811241689915,0.9653213024139404
46_class-4,4,0.0007586764404550195,0,0.9730101823806763,1.004167914390564,0.9999848992781855,0.9664620757102966
46_class-4,5,0.0007810333627276123,0,0.9730361700057983,1.0045465230941772,0.9999320467518348,0.9651464223861694
47_class-24,0,0.5983036160469055,1,0.9895049333572388,0.9846017360687256,1.0,0.979478120803833
47_class-24,1,0.4099384844303131,0,0.9839147925376892,0.946273684501648,0.038307378934226956,0.911902666091919
47_class-24,2,0.5074018239974976,0,0.9918931722640991,0.947048544883728,0.07105381502023685,0.8823340535163879
47_class-24,3,0.5672194957733154,0,0.9918843507766724,0.9009848833084106,0.5862775217613927,0.8693758249282837
47_class-24,4,0.4912029802799225,0,0.988685131072998,0.9854680299758911,0.5036177754342795,0.9511182308197021
47_class-24,5,0.5543345212936401,0,0.9905564785003662,0.9269770383834839,0.5448771375197586,0.8558056354522705
48_class-64,0,0.3793114125728607,0,0.9635747075080872,0.954155445098877,1.0,0.7860850691795349
48_class-64,1,0.5097163915634155,0,0.9912211894989014,0.882300615310669,0.17966875906746915,0.8523167371749878
48_class-64,2,0.5166165828704834,0,0.9906941652297974,0.7884691953659058,0.7338714571827396,0.8183298110961914
48_class-64,3,0.7295830249786377,0,0.9961385726928711,0.8456219434738159,0.08381959640165329,0.9073576331138611
48_class-64,4,0.5056192278862,1,0.9963485598564148,0.9172376394271851,0.13523284841181027,0.9048506617546082
48_class-64,5,0.4043388366699219,0,0.9738286137580872,0.8632372617721558,0.062481640834240494,0.641611635684967
49_class-36,0,0.2915327847003937,0,0.9050652980804443,0.9631967544555664,1.0,0.9222489595413208
49_class-36,1,0.30332911014556885,0,0.9199453592300415,0.9738097190856934,0.9376562485691523,0.9327399134635925
49_class-36,2,0.30396440625190735,0,0.9253576397895813,0.9737259149551392,0.9918163594963315,0.936856210231781
49_class-36,3,0.4235804080963135,1,0.9755639433860779,0.970192551612854,0.3199871877001922,0.9344298243522644
49_class-36,4,0.30451062321662903,0,0.9213321208953857,0.9725135564804077,0.3190401629911902,0.9387779235839844
49_class-36,5,0.29662609100341797,0,0.8994163274765015,0.9575977325439453,0.9581628526011833,0.9174638986587524
50_class-60,0,0.29906755685806274,0,0.9060258269309998,0.9862828254699707,1.0,0.984430730342865
50_class-60,1,0.18229325115680695,0,0.9172853231430054,0.9466073513031006,0.37017739008254785,0.7436614632606506
50_class-60,2,0.29921847581863403,0,0.9033132791519165,0.9925750494003296,0.3699752054821265,0.9842697978019714
50_class-60,3,0.29921475052833557,0,0.9029160141944885,0.9910891056060791,0.9976765199432038,0.9830366969108582
50_class-60,4,0.3139916658401489,1,0.9096200466156006,0.9892338514328003,0.7847102659642812,0.9777476191520691
50_class-60,5,0.24503399431705475,0,0.8583896160125732,0.9482532739639282,0.44380293660795406,0.9082692265510559
51_class-16,0,0.4379146099090576,0,0.9933891892433167,0.965057373046875,1.0,0.9364540576934814
51_class-16,1,0.436733216047287,0,0.9922836422920227,0.9618403911590576,0.9694416970771802,0.94194495677948
51_class-16,2,0.45358744263648987,0,0.9886780381202698,0.8629959225654602,0.19347281118946652,0.6357811093330383
51_class-16,3,0.4404563009738922,0,0.9937236309051514,0.9503085613250732,0.1598416986587042,0.9471682906150818
51_class-16,4,0.5676891803741455,1,0.9920445084571838,0.9740426540374756,0.19753970147670935,0.9409985542297363
51_class-16,5,0.45948368310928345,0,0.9875937700271606,0.9035637378692627,0.5543550753634787,0.905945360660553
52_class-76,0,0.691683828830719,0,0.9958078861236572,0.9664177894592285,1.0,0.9451073408126831
52_class-76,1,0.6083245277404785,0,0.9929829835891724,0.9997056722640991,0.7424640564585758,0.9838908910751343
52_class-76,2,0.5905696153640747,0,0.9967041015625,0.9583113193511963,0.5941532488295078,0.9222930669784546
52_class-76,3,0.6897150278091431,0,0.9956480860710144,0.9803838729858398,0.7767974749608569,0.9744014143943787
52_class-76,4,0.593030571937561,1,0.9986492991447449,1.0021729469299316,0.32277994193980597,0.9884247183799744
52_class-76,5,0.43416354060173035,0,0.9982030391693115,1.0014567375183105,0.24091880341880342,0.990011990070343
53_class-0,0,0.4784431755542755,1,0.9937648773193359,1.0034757852554321,1.0,0.9957916140556335
53_class-0,1,0.3273667097091675,0,0.7993075251579285,0.9530858993530273,0.0007549577330001595,0.9323501586914062
53_class-0,2,0.3278648257255554,0,0.7901820540428162,0.9582028388977051,0.9787744659655637,0.9320415258407593
53_class-0,3,0.47846049070358276,0,0.992945671081543,0.9873833656311035,0.0028967227483592366,0.99442058801651
53_class-0,4,0.4464428424835205,0,0.9767295122146606,0.9147311449050903,0.10520349581306908,0.9309715032577515
53_class-0,5,0.47857969999313354,0,0.9937620759010315,0.9958059787750244,0.10525738118757545,0.9952455163002014
54_class-52,0,0.5517721176147461,0,0.9968793988227844,0.9846612215042114,1.0,0.963498055934906
54_class-52,1,0.5005497932434082,0,0.9969105124473572,0.9988303184509277,0.7750568479972013,0.9891067147254944
54_class-52,2,0.500590443611145,1,0.996929943561554,0.9993218183517456,0.9979788149867126,0.9892570376396179
54_class-52,3,0.5023655891418457,0,0.9971373081207275,0.971118152141571,0.9897633706698317,0.9860265254974365
54_class-52,4,0.5011662244796753,0,0.9970347881317139,0.9857605695724487,0.9920293616074739,0.9861817359924316
54_class-52,5,0.5606709122657776,0,0.9950966835021973,0.9779024124145508,0.7413392981965609,0.9452667832374573
55_class-28,0,0.8691588640213013,0,0.939547061920166,1.0010569095611572,1.0,0.9867873191833496
55_class-28,1,0.713581919670105,0,0.973969578742981,0.9742881059646606,0.7793908419089716,0.8818480968475342
55_class-28,2,0.22921188175678253,1,0.9984175562858582,0.9991315603256226,0.11751400723455319,0.9921051859855652
55_class-28,3,0.869292676448822,0,0.9397419691085815,0.9999047517776489,0.11134772301246003,0.986677348613739
55_class-28,4,0.8677629232406616,0,0.9409116506576538,0.9992853403091431,0.9976641972578505,0.9823371767997742
55_class-28,5,0.86928391456604,0,0.9393388032913208,1.0012037754058838,0.9973267757600038,0.9869701266288757
56_class-76,0,0.46442848443984985,0,0.9594807028770447,0.831950306892395,1.0,0.3458985686302185
56_class-76,1,0.7784476280212402,0,0.9958005547523499,0.9423830509185791,0.12719448456601695,0.9190323352813721
56_class-76,2,0.3219643235206604,0,0.8801112174987793,0.9511398077011108,0.18994926281129315,0.7272749543190002
56_class-76,3,0.4908987879753113,0,0.9794637560844421,0.9685924053192139,0.5339253843936486,0.89761883020401
56_class-76,4,0.8125960230827332,1,0.9967051148414612,0.9569730758666992,0.3355746958418603,0.9529132843017578
56_class-76,5,0.32216036319732666,0,0.863028883934021,0.9379806518554688,0.18521933316968908,0.669401228427887
57_class-60,0,0.7195996046066284,0,0.8506947755813599,0.9470196962356567,1.0,0.9593218564987183
57_class-60,1,0.42227494716644287,0,0.7949888706207275,0.9848041534423828,0.36719851016710287,0.987848162651062
57_class-60,2,0.7134876251220703,0,0.8519092798233032,0.9440432786941528,0.37369775083420365,0.9294167160987854
57_class-60,3,0.7189627289772034,0,0.8462363481521606,0.9510776996612549,0.9824825719465795,0.9541087746620178
57_class-60,4,0.6552035808563232,1,0.8680688142776489,0.9659470319747925,0.7979590983229476,0.9069435000419617
57_class-60,5,0.39189374446868896,0,0.8367569446563721,0.9511983394622803,0.3940780953394717,0.9108374118804932
58_class-20,0,0.8378621339797974,0,0.9818744659423828,0.9774022102355957,1.0,0.959025502204895
58_class-20,1,0.6984676718711853,0,0.976245641708374,0.9507648944854736,0.5572235959025079,0.9183968305587769
58_class-20,2,0.8689610958099365,0,0.9831844568252563,0.9662054777145386,0.6174937213128951,0.9517271518707275
58_class-20,3,0.7711104154586792,1,0.9860730171203613,0.9899841547012329,0.7671801973342566,0.9838963150978088
58_class-20,4,0.723694920539856,0,0.982720136642456,0.9560468196868896,0.812298095132004,0.8678346276283264
58_class-20,5,0.7092065811157227,0,0.9804242849349976,0.986463189125061,0.6172763127368339,0.966444730758667
59_class-76,0,0.4810824990272522,1,0.9970545172691345,0.989672064781189,1.0,0.9869071245193481
59_class-76,1,0.4980323910713196,0,0.997505247592926,0.9688297510147095,0.812831523111897,0.9811826348304749
59_class-76,2,0.5859438180923462,0,0.9797368049621582,0.9468076229095459,0.15549032741026753,0.758892297744751
59_class-76,3,0.5637500286102295,0,0.9972487688064575,0.9886064529418945,0.27528542514099313,0.981194257736206
59_class-76,4,0.5639560222625732,0,0.9971973896026611,0.9623442888259888,0.9919139361552525,0.9745954275131226
59_class-76,5,0.5151141881942749,0,0.996976375579834,0.9636250734329224,0.49349150368707917,0.960980236530304
60_class-56,0,0.35252344608306885,0,0.9013892412185669,1.0075652599334717,1.0,0.9844111204147339
60_class-56,1,0.32513678073883057,0,0.8972251415252686,0.9763888120651245,0.8260076493086201,0.9317755103111267
60_class-56,2,0.35239487886428833,0,0.9008890390396118,1.0059767961502075,0.8261749308864185,0.983729898929596
60_class-56,3,0.38037410378456116,0,0.9427030086517334,1.0052305459976196,0.785713270108487,0.9873639345169067
60_class-56,4,0.37843987345695496,1,0.9425883889198303,1.006376028060913,0.9815363857475101,0.9867857694625854
60_class-56,5,0.37837091088294983,0,0.9402569532394409,1.0062764883041382,0.9982799283599029,0.9863131046295166
61_class-60,0,0.37729084491729736,0,0.9930570125579834,0.9615033864974976,1.0,0.9766400456428528
61_class-60,1,0.4210548400878906,0,0.9926339983940125,0.9828964471817017,0.4860842140209152,0.977212131023407
61_class-60,2,0.37059730291366577,0,0.9923853278160095,0.9735230207443237,0.4923738682895676,0.9842976331710815
61_class-60,3,0.4234960079193115,1,0.9940382838249207,0.9791408777236938,0.4951583355142633,0.9749106168746948
61_class-60,4,0.4435954689979553,0,0.995374321937561,0.9810866117477417,0.9216826265389877,0.9212533831596375
61_class-60,5,0.421826034784317,0,0.9915015697479248,0.9816242456436157,0.9078929353778752,0.9760249257087708
62_class-32,0,0.9381482005119324,1,0.999378502368927,0.9933857917785645,1.0,0.9932202696800232
62_class-32,1,0.9379748106002808,0,0.9996663331985474,0.9447727799415588,0.9710324337707353,0.9917516112327576
62_class-32,2,0.6840190291404724,0,0.9985218048095703,0.9357216358184814,0.4221328819297503,0.906928300857544
62_class-32,3,0.7615643739700317,0,0.9879278540611267,0.9017922878265381,0.45248827984132706,0.9073970317840576
62_class-32,4,0.7829477787017822,0,0.9926557540893555,0.8693795204162598,0.853969618801949,0.9028687477111816
62_class-32,5,0.5763595700263977,0,0.9863594770431519,0.9311439990997314,0.1905049589689372,0.8950119018554688
63_class-36,0,0.4814068078994751,0,0.9976257085800171,0.905242919921875,1.0,0.9502665400505066
63_class-36,1,0.39435550570487976,0,0.9589995741844177,0.8215500116348267,0.0010973456957012674,0.7649971842765808
63_class-36,2,0.4988836646080017,1,0.9979138970375061,0.9681304693222046,0.034915170887632165,0.9597470164299011
63_class-36,3,0.49216827750205994,0,0.9977985620498657,0.9432907104492188,0.8814335333122829,0.9555980563163757
63_class-36,4,0.4959390163421631,0,0.9958600997924805,0.8874657154083252,0.0839458178946729,0.8848031163215637
63_class-36,5,0.46989238262176514,0,0.996687650680542,0.9029747247695923,0.11625865096580931,0.8559746146202087
64_class-52,0,0.9669202566146851,0,0.9954211711883545,1.0080890655517578,1.0,0.9913371801376343
64_class-52,1,0.9670462608337402,0,0.995464026927948,1.0076806545257568,0.9990788404226497,0.9911929368972778
64_class-52,2,0.9670999646186829,0,0.9953188896179199,1.0082998275756836,0.9989705802676492,0.9916008114814758
64_class-52,3,0.9671013951301575,0,0.9954403638839722,1.0091016292572021,0.9992412540985828,0.9916737675666809
64_class-52,4,0.9670050144195557,0,0.9954425096511841,1.008540391921997,0.9992410895785336,0.9917011857032776
64_class-52,5,0.9670441150665283,1,0.9955758452415466,1.0086734294891357,0.9991327913279133,0.9915687441825867
65_class-12,0,0.002856678329408169,0,0.9404333829879761,1.0041782855987549,1.0,0.9862918257713318
65_class-12,1,0.0028380081057548523,0,0.940584659576416,1.0042283535003662,0.9999356307781434,0.9861757755279541
65_class-12,2,0.0028565949760377407,0,0.9405612349510193,1.0051583051681519,0.9998793145063963,0.9862368702888489
65_class-12,3,0.0028584147803485394,0,0.9405831098556519,1.0054404735565186,0.9999316145797716,0.9863865375518799
65_class-12,4,0.003036932088434696,0,0.9406458139419556,1.003232717514038,0.9991559383754627,0.9677019715309143
65_class-12,5,0.0028565949760377407,1,0.9406307339668274,1.005287766456604,0.9991117291939646,0.9863247871398926
66_class-24,0,0.445942223072052,0,0.9953497648239136,0.9654973745346069,1.0,0.9644855260848999
66_class-24,1,0.373386949300766,0,0.985751211643219,0.910732626914978,0.2875469201674025,0.6652126908302307
66_class-24,2,0.43623754382133484,1,0.9949400424957275,0.9869980812072754,0.24200272693901095,0.9758849143981934
66_class-24,3,0.4356580078601837,0,0.993222177028656,0.900083065032959,0.8846225018504811,0.7355551719665527
66_class-24,4,0.46200117468833923,0,0.9968366622924805,0.9747358560562134,0.48766597445094706,0.9645796418190002
66_class-24,5,0.43350204825401306,0,0.9930754899978638,0.8940582275390625,0.4985613959100331,0.9019810557365417
67_class-56,0,0.41265225410461426,1,0.9843920469284058,0.999688982963562,1.0,0.9928190112113953
67_class-56,1,0.40725019574165344,0,0.9647058844566345,0.9987363815307617,0.9222731291696808,0.99265456199646
67_class-56,2,0.4106826186180115,0,0.9916256666183472,0.9001423120498657,0.8443493020545689,0.8424565196037292
67_class-56,3,0.4074532985687256,0,0.9733011722564697,0.9944387674331665,0.8457495429616088,0.9848406314849854
67_class-56,4,0.4126075208187103,0,0.9822263121604919,1.0006580352783203,0.9243266467950267,0.9935206770896912
67_class-56,5,0.405848890542984,0,0.9872267246246338,0.9643683433532715,0.8751874644463981,0.9615494012832642
68_class-0,0,0.31825733184814453,1,0.9554315805435181,1.0081701278686523,1.0,0.9882926344871521
68_class-0,1,0.31843438744544983,0,0.9548140168190002,1.0071161985397339,0.9985625506619833,0.9916156530380249
68_class-0,2,0.319798082113266,0,0.9537127017974854,0.9981999397277832,0.9919381891766131,0.9885441660881042
68_class-0,3,0.3182007074356079,0,0.9550554156303406,1.0059983730316162,0.9906410755198202,0.9880448579788208
68_class-0,4,0.31992480158805847,0,0.9548782706260681,0.9982444047927856,0.9899061946137553,0.9884358048439026
68_class-0,5,0.31842392683029175,0,0.9548406600952148,1.0076837539672852,0.9910950974345657,0.9910421967506409
69_class-36,0,0.44076627492904663,0,0.9877307415008545,0.9840703010559082,1.0,0.9553545713424683
69_class-36,1,0.8265372514724731,0,0.9948557019233704,0.9559034109115601,0.06703481873237792,0.9798434376716614
69_class-36,2,0.4398159384727478,0,0.9907703399658203,0.9875044822692871,0.06893589017055737,0.9763290882110596
69_class-36,3,0.7264963388442993,0,0.9969334602355957,0.8771461248397827,0.07240038872691934,0.8747988939285278
69_class-36,4,0.4871959686279297,0,0.9979918599128723,0.9408808946609497,0.05012952460967584,0.782767117023468
69_class-36,5,0.7343185544013977,1,0.9967623353004456,0.9950015544891357,0.04898806434872859,0.9786521196365356
70_class-0,0,0.2398126870393753,0,0.9439855813980103,1.0106449127197266,1.0,0.9910468459129333
70_class-0,1,0.23977355659008026,1,0.9440551996231079,1.0109952688217163,0.9996640963819448,0.9909387826919556
70_class-0,2,0.23972325026988983,0,0.9439692497253418,1.0107805728912354,0.9996940047317318,0.9910135269165039
70_class-0,3,0.2397642433643341,0,0.9438686966896057,1.010654091835022,0.9997611708598595,0.9909135103225708
70_class-0,4,0.23975305259227753,0,0.9439611434936523,1.0109130144119263,0.9996716050304139,0.9910303950309753
70_class-0,5,0.23974932730197906,0,0.9439212083816528,1.0104535818099976,0.9998357939363179,0.990943193435669
71_class-32,0,0.4707161486148834,1,0.9941474795341492,0.9664877653121948,1.0,0.9788572192192078
71_class-32,1,0.4888092577457428,0,0.9822590947151184,0.9487320184707642,0.0039937960449786735,0.9617013931274414
71_class-32,2,0.44602394104003906,0,0.9829005599021912,0.9242812395095825,0.3344858634972087,0.7228386402130127
71_class-32,3,0.420806348323822,0,0.9530564546585083,0.9627434015274048,0.5583744743097458,0.9548522233963013
71_class-32,4,0.5575435757637024,0,0.9906713962554932,0.7274977564811707,2.377612401626287e-05,0.8728329539299011
71_class-32,5,0.4081946015357971,0,0.9472382068634033,0.9490742683410645,0.003101953614494957,0.8919594287872314
72_class-72,0,0.2830709218978882,0,0.8787753582000732,0.9044473171234131,1.0,0.5868301391601562
72_class-72,1,0.40282395482063293,0,0.9325796961784363,0.9004319906234741,0.6276607616124983,0.6345325708389282
72_class-72,2,0.5565606355667114,0,0.9074110984802246,0.8536187410354614,0.35117029781119397,0.43221837282180786
72_class-72,3,0.43199098110198975,1,0.9202407002449036,0.9623148441314697,0.4031846609611587,0.9639996886253357
72_class-72,4,0.6059938669204712,0,0.9293070435523987,0.9606140851974487,0.573026656844288,0.8423853516578674
72_class-72,5,0.3549922704696655,0,0.9330769777297974,0.9405837059020996,0.28042823084881474,0.7358592748641968
73_class-32,0,0.4205138385295868,0,0.9797396063804626,1.0013031959533691,1.0,0.9637475609779358
73_class-32,1,0.5730300545692444,0,0.9931914806365967,0.8888651132583618,0.382621735562912,0.647002637386322
73_class-32,2,0.5643553733825684,1,0.995150089263916,0.992982029914856,0.12717047740240547,0.9405778050422668
73_class-32,3,0.7322310209274292,0,0.9904986619949341,0.8462709188461304,0.16213613346174158,0.5654240250587463
73_class-32,4,0.7562646269798279,0,0.9932403564453125,0.921148419380188,0.4622249896222499,0.8571901321411133
73_class-32,5,0.7286162972450256,0,0.9953268766403198,0.8921166658401489,0.38894009216589864,0.6649737358093262
74_class-20,0,0.8960608243942261,0,0.9584361910820007,1.00745689868927,1.0,0.9786686897277832
74_class-20,1,0.8964649438858032,0,0.9586514830589294,1.0082756280899048,0.9982715314102232,0.9785866141319275
74_class-20,2,0.8957871198654175,0,0.958706259727478,1.0087602138519287,0.9987435070402466,0.9788676500320435
74_class-20,3,0.8963499069213867,0,0.9589792490005493,1.0084158182144165,0.9990868526206035,0.9790632128715515
74_class-20,4,0.8963158130645752,0,0.9587994813919067,1.0081919431686401,0.9992614954070197,0.9788213968276978
74_class-20,5,0.8956339359283447,1,0.9590249061584473,1.0087577104568481,0.998608171007231,0.9786520600318909
75_class-24,0,0.34241601824760437,0,0.9740099906921387,0.958754301071167,1.0,0.9224635362625122
75_class-24,1,0.5430114269256592,0,0.9919045567512512,0.8747749328613281,0.17766420676167735,0.729289174079895
75_class-24,2,0.4035494327545166,0,0.9914970397949219,0.931359052658081,0.17367934433422658,0.5910521149635315
75_class-24,3,0.4767165780067444,1,0.9985459446907043,0.9798691272735596,0.12260239551051177,0.9807436466217041
75_class-24,4,0.3734078109264374,0,0.9860867261886597,0.9795131683349609,0.11403228894135664,0.9425446391105652
75_class-24,5,0.4637937843799591,0,0.9974399209022522,0.9381160140037537,0.2078069195550591,0.970690131187439
76_class-0,0,0.1881953328847885,1,0.9355201721191406,0.9997154474258423,1.0,0.9835861921310425
76_class-0,1,0.19087184965610504,0,0.9369022846221924,0.9785414934158325,0.9908730158730159,0.9503923058509827
76_class-0,2,0.1909724771976471,0,0.9368997812271118,0.9723974466323853,0.9988053166536357,0.954692006111145
76_class-0,3,0.15311355888843536,0,0.9397984743118286,0.9702738523483276,0.8790810290273765,0.9491008520126343
76_class-0,4,0.18772929906845093,0,0.935229480266571,0.9993346929550171,0.8887892327331954,0.9842284321784973
76_class-0,5,0.1912464201450348,0,0.9370476007461548,0.9697740077972412,0.9880212460380349,0.9514950513839722
77_class-0,0,0.3247002065181732,1,0.9969956874847412,0.9818369150161743,1.0,0.9840407371520996
77_class-0,1,0.5482957363128662,0,0.9690800905227661,0.8534603118896484,0.0,0.5256030559539795
77_class-0,2,0.4205036163330078,0,0.9978349208831787,0.9385013580322266,0.12403304626038174,0.8850058317184448
77_class-0,3,0.4244830310344696,0,0.9956605434417725,0.9220319986343384,0.8730464450803433,0.9376712441444397
77_class-0,4,0.44062185287475586,0,0.9945920705795288,0.8174608945846558,0.8024538556745412,0.7428185343742371
77_class-0,5,0.32492774724960327,0,0.9968104362487793,0.9760288000106812,0.014008133755083597,0.9817248582839966
78_class-44,0,0.4492720663547516,0,0.9904613494873047,0.9218431711196899,1.0,0.9452627897262573
78_class-44,1,0.45155179500579834,1,0.9901882410049438,0.9877409934997559,0.95781240741838,0.9630405306816101
78_class-44,2,0.4487639367580414,0,0.9879196286201477,0.9665836095809937,0.9548137056284682,0.9563425779342651
78_class-44,3,0.44613349437713623,0,0.9874469041824341,0.9824923276901245,0.9556526806526806,0.9546047449111938
78_class-44,4,0.4517822265625,0,0.9904224872589111,0.9746516942977905,0.9356695795937647,0.9542964100837708
78_class-44,5,0.4729227125644684,0,0.9906924962997437,0.9874050617218018,0.8982089380327114,0.9363803267478943
79_class-36,0,0.4664066433906555,0,0.9942797422409058,0.9925093650817871,1.0,0.992656946182251
79_class-36,1,0.35649728775024414,0,0.9657367467880249,0.9899983406066895,0.2060239674727156,0.9570221900939941
79_class-36,2,0.528152585029602,0,0.9937584400177002,0.9478312730789185,0.19137388944697395,0.6206047534942627
79_class-36,3,0.4663732349872589,1,0.9943597316741943,1.0006111860275269,0.827830586647168,0.9928722977638245
79_class-36,4,0.3640730679035187,0,0.9674238562583923,0.9883898496627808,0.19876604969151243,0.9567503333091736
79_class-36,5,0.37129250168800354,0,0.9690156579017639,0.9941049814224243,0.977830402579735,0.9648020267486572
80_class-56,0,0.3771895170211792,0,0.9831146001815796,0.9252759218215942,1.0,0.9220759868621826
80_class-56,1,0.30114713311195374,0,0.9831371903419495,0.9661166667938232,0.3045793397231097,0.8173083066940308
80_class-56,2,0.44048240780830383,1,0.9905973076820374,0.9701017141342163,0.13610001430662397,0.9731829762458801
80_class-56,3,0.40523210167884827,0,0.9884529709815979,0.853771448135376,0.007314013564943763,0.6328833699226379
80_class-56,4,0.4015667736530304,0,0.9939634203910828,0.9623986482620239,0.23252622645938284,0.8857319355010986
80_class-56,5,0.37926721572875977,0,0.9831392168998718,0.9399726390838623,0.20010220470141626,0.9115505218505859
81_class-52,0,0.1196548193693161,0,0.9933640956878662,0.9114266633987427,1.0,0.9051876068115234
81_class-52,1,0.133009135723114,0,0.9966674447059631,0.936630368232727,0.2757216876387861,0.8818706274032593
81_class-52,2,0.1387280821800232,0,0.9909355640411377,0.8253171443939209,0.889449308463393,0.7959198355674744
81_class-52,3,0.13145214319229126,1,0.995521605014801,0.9489545822143555,0.8495339129343084,0.8946661353111267
81_class-52,4,0.13178084790706635,0,0.996588945388794,0.9246922731399536,0.8920460297641143,0.8762246966362
81_class-52,5,0.1056768000125885,0,0.9975046515464783,0.8831188082695007,0.287853011228309,0.9546970725059509
82_class-32,0,0.42767417430877686,1,0.9949493408203125,0.99739670753479,1.0,0.9812830686569214
82_class-32,1,0.46574994921684265,0,0.9950510859489441,0.9489529132843018,0.8143664040931081,0.8555824756622314
82_class-32,2,0.42956623435020447,0,0.9884514808654785,0.9437780380249023,0.57873293037833,0.4353027939796448
82_class-32,3,0.4125817120075226,0,0.9901998043060303,0.9398959875106812,0.7225492271861105,0.8268934488296509
82_class-32,4,0.3484615087509155,0,0.9785543084144592,0.9930037260055542,0.4070148282746708,0.9429143071174622
82_class-32,5,0.3547072410583496,0,0.9787591695785522,0.9865281581878662,0.9510668919341718,0.8648181557655334
83_class-28,0,0.4391854703426361,0,0.9858280420303345,1.0038816928863525,1.0,0.9938387870788574
83_class-28,1,0.44353654980659485,0,0.9722766876220703,0.9330358505249023,0.4663124452234882,0.5389494895935059
83_class-28,2,0.45112350583076477,0,0.979216456413269,0.952150821685791,0.4364473218350109,0.5662273168563843
83_class-28,3,0.4392376244068146,0,0.9860117435455322,0.9962456226348877,0.8896615384615385,0.9913119077682495
83_class-28,4,0.37309184670448303,0,0.9849785566329956,0.9410545825958252,0.21334310850439883,0.7197921276092529
83_class-28,5,0.43909600377082825,1,0.9857551455497742,1.006658673286438,0.21335761763490932,0.99300217628479
84_class-44,0,0.3945324718952179,0,0.9814553260803223,0.9654965400695801,1.0,0.95609050989151
84_class-44,1,0.3956001102924347,0,0.9703956842422485,0.921587347984314,0.8611409171665289,0.8940735459327698
84_class-44,2,0.39792004227638245,1,0.9830490946769714,0.9645646810531616,0.8930684776869435,0.9659267067909241
84_class-44,3,0.39156392216682434,0,0.9627660512924194,0.9310388565063477,0.8701918841294733,0.8981959819793701
84_class-44,4,0.3985182046890259,0,0.9818921089172363,0.9593676328659058,0.8759728402503235,0.9788598418235779
84_class-44,5,0.47252988815307617,0,0.9856717586517334,0.7431720495223999,0.018627866766711253,0.7414684891700745
85_class-60,0,0.4459497928619385,1,0.9120972752571106,0.9763696193695068,1.0,0.9618562459945679
85_class-60,1,0.4690532386302948,0,0.8995431661605835,0.9321750402450562,0.18178799149840594,0.8385772109031677
85_class-60,2,0.5688515901565552,0,0.9042975902557373,0.8375463485717773,0.41070399077573505,0.6243239045143127
85_class-60,3,0.6356877684593201,0,0.8932009935379028,0.9063163995742798,0.4932006010518407,0.8753684163093567
85_class-60,4,0.5037453174591064,0,0.8970351219177246,0.786900520324707,0.3449327714228376,0.8419439196586609
85_class-60,5,0.4023866653442383,0,0.9130787253379822,0.9749071598052979,0.2752648856912583,0.943132758140564
86_class-72,0,0.7071146965026855,0,0.9867540597915649,0.9467931985855103,1.0,0.832044243812561
86_class-72,1,0.7377892732620239,0,0.9853497743606567,0.9802942276000977,0.9214193510532184,0.9355018138885498
86_class-72,2,0.7136421799659729,1,0.984139084815979,0.9870955944061279,0.9104996108052008,0.9581425786018372
86_class-72,3,0.727411150932312,0,0.9845972657203674,0.982184886932373,0.9572299664124778,0.9520907402038574
86_class-72,4,0.9251953363418579,0,0.9743432402610779,0.9966056942939758,0.5691073971370756,0.9753208756446838
86_class-72,5,0.3234758973121643,0,0.9496179819107056,0.974513053894043,0.002594831179658191,0.9657372236251831
87_class-56,0,0.46391862630844116,0,0.9970443248748779,0.8948118686676025,1.0,0.787199079990387
87_class-56,1,0.24856002628803253,0,0.9431518316268921,0.9467252492904663,0.05840333921470518,0.6101016998291016
87_class-56,2,0.4275689125061035,1,0.9941467046737671,0.9567117691040039,0.06117331261258079,0.9178517460823059
87_class-56,3,0.42904728651046753,0,0.9959831833839417,0.9029208421707153,0.2063144791686313,0.7445749640464783
87_class-56,4,0.45987874269485474,0,0.9965410232543945,0.886644721031189,0.4242813063269483,0.8910415172576904
87_class-56,5,0.4411364495754242,0,0.9910033345222473,0.8763251304626465,0.24832592778021154,0.7426670789718628
88_class-44,0,0.4124791920185089,0,0.9871140718460083,0.9452012777328491,1.0,0.9456362724304199
88_class-44,1,0.35262778401374817,0,0.978212833404541,0.9693591594696045,0.167974193799885,0.8594790101051331
88_class-44,2,0.3221515715122223,0,0.9583719968795776,0.9681241512298584,0.804903422314218,0.8337644338607788
88_class-44,3,0.41911277174949646,0,0.9872167110443115,0.9631366729736328,0.28173787110789283,0.9793744683265686
88_class-44,4,0.41914623975753784,1,0.9870766401290894,0.9691922664642334,0.9983199090774324,0.9795181751251221
88_class-44,5,0.30791547894477844,0,0.9631699323654175,0.9589855670928955,0.36608098379156695,0.8724015951156616
89_class-4,0,0.9114240407943726,0,0.9554622173309326,0.9908136129379272,1.0,0.9694768786430359
89_class-4,1,0.9117430448532104,0,0.9528135657310486,0.992721438407898,0.9981317019760511,0.9737342596054077
89_class-4,2,0.9115846753120422,0,0.9539324045181274,0.9921046495437622,0.9985662272660126,0.9720039963722229
89_class-4,3,0.9111395478248596,0,0.9578750133514404,0.9945155382156372,0.9973845645864832,0.9716557264328003
89_class-4,4,0.9112783670425415,0,0.9583105444908142,0.9930813312530518,0.9986857794372351,0.9723591208457947
89_class-4,5,0.9075510501861572,1,0.9599313735961914,0.9930713176727295,0.9909251630770839,0.9664602875709534
90_class-20,0,0.858484148979187,0,0.9867662787437439,0.880828857421875,1.0,0.881860613822937
90_class-20,1,0.9301143884658813,1,0.9843902587890625,0.9939107894897461,0.8213391027100888,0.9823614358901978
90_class-20,2,0.786242663860321,0,0.9889171123504639,0.934951663017273,0.6519397039518355,0.9266482591629028
90_class-20,3,0.8635046482086182,0,0.9896533489227295,0.9244158864021301,0.5736664230909755,0.9586904048919678
90_class-20,4,0.5609338283538818,0,0.9781560301780701,0.9823507070541382,0.23831730676584512,0.96726393699646
90_class-20,5,0.9306368231773376,0,0.9844622611999512,0.9888771772384644,0.2790047256244575,0.985543429851532
91_class-76,0,0.5321015119552612,0,0.994870662689209,0.9856323003768921,1.0,0.9657021164894104
91_class-76,1,0.6972540616989136,1,0.9986178278923035,0.9963788986206055,0.3802355875214322,0.9877086877822876
91_class-76,2,0.6592614054679871,0,0.9983701705932617,0.9782295227050781,0.7756699389758557,0.9573161602020264
91_class-76,3,0.5314831733703613,0,0.9948639869689941,0.9888256788253784,0.4780752726622564,0.9662411212921143
91_class-76,4,0.6863431334495544,0,0.9960747957229614,0.9857938289642334,0.6047241398984424,0.9501610994338989
91_class-76,5,0.6838186979293823,0,0.9959795475006104,0.9761592149734497,0.9793188824428963,0.961927056312561
92_class-28,0,0.34354355931282043,1,0.9657899141311646,0.9522651433944702,1.0,0.8376731872558594
92_class-28,1,0.3058164119720459,0,0.9293614625930786,0.9554890394210815,0.8741379175985599,0.746645987033844
92_class-28,2,0.35567447543144226,0,0.9741451740264893,0.908096432685852,0.05251177022891997,0.8083605170249939
92_class-28,3,0.34323209524154663,0,0.9628018140792847,0.9526524543762207,0.05881596368450917,0.8261508941650391
92_class-28,4,0.3772602379322052,0,0.9524227380752563,0.921174168586731,0.8551085484645962,0.7311453819274902
92_class-28,5,0.3404068648815155,0,0.9649815559387207,0.9520469903945923,0.8305731610048114,0.8246638178825378
93_class-64,0,0.49040403962135315,0,0.9610768556594849,0.8986954689025879,1.0,0.7842230796813965
93_class-64,1,0.42260104417800903,0,0.9682607650756836,0.8849754333496094,0.05349915982297115,0.7098159193992615
93_class-64,2,0.4078643023967743,0,0.950852632522583,0.8957960605621338,0.6994860930185951,0.6122541427612305
93_class-64,3,0.4288942813873291,0,0.9785630702972412,0.9217181205749512,0.5004449144345718,0.6348325610160828
93_class-64,4,0.38084402680397034,1,0.9732615351676941,0.908676028251648,0.6435064282844516,0.7221170663833618
93_class-64,5,0.4340302646160126,0,0.9704577326774597,0.9161456823348999,0.49067301298428584,0.6203823089599609
94_class-32,0,0.7087681293487549,0,0.9745075702667236,0.7037541270256042,1.0,0.6954450607299805
94_class-32,1,0.4393606185913086,0,0.8905845880508423,0.9008088111877441,0.0,0.8085631132125854
94_class-32,2,0.4405207335948944,1,0.9911516904830933,0.7911635637283325,0.02155875835294522,0.6463388800621033
94_class-32,3,0.36772894859313965,0,0.952765166759491,0.854756236076355,0.1629252185480806,0.7304187417030334
94_class-32,4,0.44406256079673767,0,0.9458663463592529,0.8299846649169922,0.376508389860764,0.4985816180706024
94_class-32,5,0.4370518624782562,0,0.876284122467041,0.6864883899688721,0.0,0.57553631067276
95_class-32,0,0.44233277440071106,0,0.9875040650367737,0.9533020257949829,1.0,0.8885117173194885
95_class-32,1,0.46848586201667786,0,0.9978840351104736,0.8638352751731873,0.16674017137096775,0.9436204433441162
95_class-32,2,0.4031059443950653,0,0.9941750764846802,0.9603215456008911,0.2450541206730254,0.9088646173477173
95_class-32,3,0.6753105521202087,0,0.9956417679786682,0.8907296657562256,0.11369721131109417,0.791599452495575
95_class-32,4,0.47594398260116577,1,0.9938254356384277,1.0022920370101929,0.22515521113116993,0.9790836572647095
95_class-32,5,0.4253176152706146,0,0.9932675957679749,0.9404189586639404,0.8458700598670112,0.7572107315063477
96_class-48,0,0.41696420311927795,0,0.9986968040466309,0.9879521131515503,1.0,0.9767912030220032
96_class-48,1,0.42956089973449707,1,0.9989827871322632,1.0012001991271973,0.6227077643386656,0.9938282370567322
96_class-48,2,0.40179967880249023,0,0.9922174215316772,0.9376026391983032,0.4549734724711008,0.8552699089050293
96_class-48,3,0.4130323827266693,0,0.9987587928771973,0.9908279180526733,0.7083446588746942,0.9878569841384888
96_class-48,4,0.40009838342666626,0,0.9981749653816223,0.984290361404419,0.7504274088764276,0.9562784433364868
96_class-48,5,0.4127565920352936,0,0.9987993836402893,0.990852952003479,0.7525516299709848,0.9883894324302673
97_class-28,0,0.32285743951797485,1,0.9905691146850586,0.9989566802978516,1.0,0.9846360683441162
97_class-28,1,0.32360413670539856,0,0.9905495047569275,0.9974163770675659,0.9956406546534132,0.9842285513877869
97_class-28,2,0.3225599527359009,0,0.9907693266868591,0.9919582605361938,0.9930340411949155,0.9819098711013794
97_class-28,3,0.1459326595067978,0,0.9942198395729065,0.9657446146011353,0.012471920208464372,0.9912694692611694
97_class-28,4,0.32024723291397095,0,0.9915157556533813,0.977378249168396,0.024666448540371543,0.9610249400138855
97_class-28,5,0.9386808276176453,0,0.8725030422210693,0.9841907024383545,0.2673581452104942,0.8745546936988831
98_class-24,0,0.962088942527771,1,0.99794602394104,0.9220856428146362,1.0,0.990527868270874
98_class-24,1,0.6994651556015015,0,0.9918832182884216,0.8280471563339233,0.43635701275045535,0.79616379737854
98_class-24,2,0.47911718487739563,0,0.9774023294448853,0.8248748779296875,0.14758508130327028,0.7748756408691406
98_class-24,3,0.8405038118362427,0,0.9921754002571106,0.8832034468650818,0.08889676504704215,0.9120094180107117
98_class-24,4,0.47327297925949097,0,0.9840753078460693,0.7321834564208984,0.11144945188794153,0.7360865473747253
98_class-24,5,0.6978871822357178,0,0.9883094429969788,0.7456282377243042,0.2518241347053321,0.6932400465011597
99_class-48,0,0.6572543382644653,0,0.9894784688949585,0.9422748684883118,1.0,0.9078123569488525
99_class-48,1,0.7539557218551636,0,0.9808239936828613,0.940678596496582,0.7565741092937746,0.80510413646698
99_class-48,2,0.5953226685523987,1,0.9950699210166931,0.998154878616333,0.5357707671942177,0.9729132652282715
99_class-48,3,0.9401242733001709,0,0.9739034175872803,0.9602272510528564,0.4940097341819543,0.8710079789161682
99_class-48,4,0.5945788621902466,0,0.9951366186141968,0.9858665466308594,0.4937994290795077,0.9554591178894043
99_class-48,5,0.9420574903488159,0,0.9721643924713135,0.9604693651199341,0.49135827761533163,0.9058398008346558
100_class-44,0,0.43382999300956726,0,0.988350510597229,0.9673137664794922,1.0,0.9284307956695557
100_class-44,1,0.4343871474266052,0,0.9890367984771729,0.995235800743103,0.9695016117034466,0.9865356087684631
100_class-44,2,0.4351586103439331,1,0.9890961647033691,1.0007208585739136,0.9806581986143187,0.9887412190437317
100_class-44,3,0.43535053730010986,0,0.9890526533126831,1.001685619354248,0.9953392785056332,0.9862627387046814
100_class-44,4,0.4354567527770996,0,0.989112913608551,0.9969552755355835,0.9945180279617366,0.9831673502922058
100_class-44,5,0.4349256753921509,0,0.9891403317451477,0.9825212955474854,0.9847965582616305,0.9799308776855469
101_class-64,0,0.9713950157165527,0,0.9995191097259521,0.9913259744644165,1.0,0.9915844798088074
101_class-64,1,0.46566343307495117,0,0.9808826446533203,0.9761024713516235,0.18066314667077762,0.8953694701194763
101_class-64,2,0.3037719130516052,0,0.9110649228096008,0.9219506978988647,0.5573056876109743,0.5719454288482666
101_class-64,3,0.5875309109687805,0,0.9937909841537476,1.016755223274231,0.33440728569280664,0.9974451661109924
101_class-64,4,0.9706535339355469,1,0.9995197653770447,1.0069135427474976,0.2979853126940287,0.9975754618644714
101_class-64,5,0.42061513662338257,0,0.9766229391098022,1.002671241760254,0.14942294272371034,0.9871016144752502
102_class-40,0,0.4780770242214203,1,0.9958043098449707,0.9874691963195801,1.0,0.9808687567710876
102_class-40,1,0.4794813394546509,0,0.9883322715759277,0.7938427925109863,0.009706859298913219,0.8247395753860474
102_class-40,2,0.44822409749031067,0,0.9920522570610046,0.8387324810028076,0.008150851581508516,0.8598704934120178
102_class-40,3,0.4493415653705597,0,0.978618323802948,0.7687361240386963,0.007579859231185706,0.6780232787132263
102_class-40,4,0.4334837794303894,0,0.9916752576828003,0.945156455039978,0.06381813567698247,0.8915312886238098
102_class-40,5,0.4646911025047302,0,0.9875373244285583,0.9501383304595947,0.7793156198211652,0.8962070345878601
103_class-48,0,0.8969519138336182,0,0.8979051113128662,0.9493145942687988,1.0,0.6433848142623901
103_class-48,1,0.7036459445953369,0,0.9270193576812744,0.9779218435287476,0.5748474970144918,0.7176365852355957
103_class-48,2,0.6990804076194763,1,0.9094802141189575,0.9934238195419312,0.37184697544755313,0.9819522500038147
103_class-48,3,0.9677693843841553,0,0.8972334265708923,1.000884771347046,0.5405577403195013,0.9904236197471619
103_class-48,4,0.09149373322725296,0,0.9501172304153442,0.9579428434371948,0.12924236160404365,0.5174795389175415
103_class-48,5,0.773341178894043,0,0.9134684801101685,0.9531108140945435,0.18776813676085,0.7816877365112305
104_class-4,0,0.7424888610839844,0,0.9835662245750427,0.9442278146743774,1.0,0.8612465262413025
104_class-4,1,0.9275776743888855,1,0.9825903177261353,0.9852666854858398,0.6111626498040478,0.9702283143997192
104_class-4,2,0.9304307699203491,0,0.9824150800704956,0.9835550785064697,0.9429145443107332,0.9698650240898132
104_class-4,3,0.9368739128112793,0,0.9827907681465149,0.9811615943908691,0.9730442366590268,0.9771274924278259
104_class-4,4,0.8924256563186646,0,0.9820236563682556,0.9600362777709961,0.8860390109046229,0.8713544011116028
104_class-4,5,0.8271974325180054,0,0.9812541604042053,0.94095778465271,0.7817151942760608,0.8623771071434021
105_class-4,0,0.495914101600647,1,0.9899469614028931,0.9779987335205078,1.0,0.9729455709457397
105_class-4,1,0.4958226978778839,0,0.9894095659255981,0.9785720109939575,0.9950924546490229,0.974435567855835
105_class-4,2,0.45549410581588745,0,0.9875656962394714,0.9744943380355835,0.8844328728005711,0.9791749119758606
105_class-4,3,0.4545903503894806,0,0.9837071299552917,0.977009654045105,0.9785055841162914,0.9797057509422302
105_class-4,4,0.4875591993331909,0,0.9818940758705139,0.9647619724273682,0.7202046404381035,0.9598814845085144
105_class-4,5,0.45553696155548096,0,0.9858924150466919,0.9756062030792236,0.7336318261890781,0.9783947467803955
106_class-20,0,0.46524491906166077,0,0.9627110958099365,0.929970383644104,1.0,0.9249837398529053
106_class-20,1,0.4310223460197449,0,0.9177706837654114,0.9159703254699707,0.6380620748390992,0.7923226952552795
106_class-20,2,0.5137112140655518,0,0.9902015328407288,0.9432032108306885,0.4053042223259145,0.9060952663421631
106_class-20,3,0.47365236282348633,0,0.9612172842025757,0.9129194021224976,0.6490512502216705,0.8737506866455078
106_class-20,4,0.7449313998222351,1,0.9884585738182068,0.9813367128372192,0.15915649278579355,0.9742501378059387
106_class-20,5,0.6465758681297302,0,0.9873629212379456,0.9819685220718384,0.2629915913720165,0.967896044254303
107_class-12,0,0.36663326621055603,1,0.9904060363769531,0.9910486936569214,1.0,0.9657366275787354
107_class-12,1,0.3744356036186218,0,0.9901843070983887,0.9851616621017456,0.9770924276620762,0.9608420729637146
107_class-12,2,0.3722001612186432,0,0.9887083172798157,0.9810241460800171,0.9881239962752534,0.9472311735153198
107_class-12,3,0.3726044297218323,0,0.9899250268936157,0.9833345413208008,0.9948681745363708,0.9623031616210938
107_class-12,4,0.36990419030189514,0,0.9905880689620972,0.9901828765869141,0.9873108502408903,0.9649670124053955
107_class-12,5,0.3656587600708008,0,0.9903219938278198,0.990134596824646,0.9908779149519891,0.9659126400947571
108_class-28,0,0.3872520625591278,0,0.8955665826797485,0.9589132070541382,1.0,0.794141948223114
108_class-28,1,0.4178194999694824,0,0.9601074457168579,0.9348024129867554,0.18912445079667567,0.8111076354980469
108_class-28,2,0.26053816080093384,0,0.9312158823013306,0.9598867893218994,0.01987999664145606,0.8146126866340637
108_class-28,3,0.38788533210754395,0,0.8774248957633972,0.9528381824493408,0.3210068601262749,0.810474157333374
108_class-28,4,0.427317351102829,0,0.9621260762214661,0.9705201387405396,0.1909134506883322,0.9678712487220764
108_class-28,5,0.4520542323589325,1,0.9643175601959229,0.9986486434936523,0.38742421714222147,0.9855453968048096
109_class-52,0,0.6156233549118042,0,0.9933726191520691,1.0012176036834717,1.0,0.9889397621154785
109_class-52,1,0.6156686544418335,0,0.993337094783783,1.0016658306121826,0.9983075831195065,0.9889331459999084
109_class-52,2,0.3608008325099945,0,0.9660899639129639,0.9321595430374146,0.08504483656349436,0.509319543838501
109_class-52,3,0.6156299114227295,1,0.99341881275177,1.0021448135375977,0.08501204819277108,0.9890256524085999
109_class-52,4,0.6156038045883179,0,0.9933286905288696,1.0020087957382202,0.9989351826571288,0.9893587231636047
109_class-52,5,0.6182566285133362,0,0.9932841658592224,0.9917919635772705,0.9871895142803204,0.9816593527793884
110_class-60,0,0.5932070016860962,0,0.9811299443244934,0.9677362442016602,1.0,0.9423490166664124
110_class-60,1,0.5903482437133789,1,0.9818710088729858,0.9966034889221191,0.987615338305218,0.9805720448493958
110_class-60,2,0.3050650656223297,0,0.974598228931427,0.9797946214675903,0.1910075364015512,0.9889889359474182
110_class-60,3,0.5862410068511963,0,0.9803692102432251,1.0006557703018188,0.17901083878527488,0.9808463454246521
110_class-60,4,0.584376335144043,0,0.9800076484680176,0.9997762441635132,0.9939358937337569,0.9789194464683533
110_class-60,5,0.5877070426940918,0,0.9804273843765259,0.9907103776931763,0.9869281861765881,0.9794191122055054
111_class-56,0,0.36780473589897156,1,0.9622271060943604,0.9776328802108765,1.0,0.9836259484291077
111_class-56,1,0.36830586194992065,0,0.9582571983337402,0.9779701828956604,0.9918668122270743,0.9784496426582336
111_class-56,2,0.36352670192718506,0,0.9598243236541748,0.9893320798873901,0.95043716514546,0.9731996655464172
111_class-56,3,0.3334587812423706,0,0.9339240193367004,0.9560953378677368,0.7240158987970262,0.7300477027893066
111_class-56,4,0.3680681884288788,0,0.9579035639762878,0.9553700089454651,0.6921389879772757,0.9739342331886292
111_class-56,5,0.3494787812232971,0,0.9464650750160217,0.9460325241088867,0.8230946600088567,0.8853335380554199
112_class-4,0,0.12018874287605286,0,0.8916766047477722,1.0139820575714111,1.0,0.9919186234474182
112_class-4,1,0.12018483132123947,0,0.8921834826469421,1.0142284631729126,0.9999810438219446,0.9919769167900085
112_class-4,2,0.12018678337335587,0,0.8921355605125427,1.0137635469436646,0.9999952609330275,0.9917653799057007
112_class-4,3,0.12018678337335587,0,0.8921355605125427,1.0137550830841064,1.0,0.9921835064888
112_class-4,4,0.12018678337335587,0,0.8921355605125427,1.0141719579696655,1.0,0.9920128583908081
112_class-4,5,0.12016336619853973,1,0.8923189043998718,1.0157002210617065,0.9999431341607313,0.9909025430679321
113_class-28,0,0.6473917365074158,1,0.9900094866752625,0.9815840721130371,1.0,0.9751413464546204
113_class-28,1,0.7340702414512634,0,0.9865716695785522,0.791627049446106,0.2542698902265115,0.8302475214004517
113_class-28,2,0.5497636795043945,0,0.9880164265632629,0.9237078428268433,0.3159826410415375,0.8315058350563049
113_class-28,3,0.5563164949417114,0,0.9855890274047852,0.7994835376739502,0.8681507275214525,0.7455201148986816
113_class-28,4,0.5441120862960815,0,0.9881120324134827,0.9548677206039429,0.8571603008693953,0.8788360953330994
113_class-28,5,0.5897654294967651,0,0.9895363450050354,0.9516657590866089,0.7276548122357622,0.9052137732505798
114_class-52,0,0.8296747803688049,0,0.9930349588394165,0.9121435880661011,1.0,0.7496303915977478
114_class-52,1,0.6739788055419922,0,0.9972826242446899,0.9022886753082275,0.4652624521607956,0.8372984528541565
114_class-52,2,0.6938620209693909,0,0.9947737455368042,0.9178333282470703,0.150581656597933,0.7214467525482178
114_class-52,3,0.7350335121154785,0,0.9960193634033203,0.9410152435302734,0.733344639475395,0.8185015916824341
114_class-52,4,0.8802965879440308,0,0.9949695467948914,0.92606520652771,0.5130391529879912,0.8668591380119324
114_class-52,5,0.677876889705658,1,0.9979385733604431,0.9812542200088501,0.377003676010903,0.9799162149429321
115_class-4,0,0.7521495223045349,1,0.9955610632896423,0.998950719833374,1.0,0.9883249402046204
115_class-4,1,0.785651683807373,0,0.9934353232383728,0.9658745527267456,0.4929412183066036,0.8764595985412598
115_class-4,2,0.8902105093002319,0,0.9949344992637634,0.99863600730896,0.7285244044880189,0.9834033250808716
115_class-4,3,0.892160177230835,0,0.9949461221694946,0.9794151782989502,0.9870802260960433,0.9673154354095459
115_class-4,4,0.7292271256446838,0,0.9945111274719238,0.8806084394454956,0.617206630250518,0.8890472650527954
115_class-4,5,0.739683985710144,0,0.9923628568649292,0.9166483879089355,0.35315712187958886,0.5950354337692261
116_class-20,0,0.8052818775177002,0,0.9149816036224365,1.0068203210830688,1.0,0.9731614589691162
116_class-20,1,0.8055446743965149,0,0.9147930145263672,1.0077754259109497,0.9983593214255959,0.9731913805007935
116_class-20,2,0.8052172660827637,1,0.9155192971229553,1.007347822189331,0.9982247458887166,0.9729059934616089
116_class-20,3,0.8055229783058167,0,0.9154649972915649,1.0075780153274536,0.9984742513895211,0.9725978374481201
116_class-20,4,0.8051861524581909,0,0.9141893982887268,1.0067209005355835,0.9983525535420099,0.9723893404006958
116_class-20,5,0.805526614189148,0,0.9149304032325745,1.0064281225204468,0.9989162845875148,0.9722608923912048
117_class-0,0,0.3330763578414917,0,0.979057252407074,1.0049306154251099,1.0,0.9847539663314819
117_class-0,1,0.33322373032569885,1,0.979210615158081,1.006025791168213,0.9988793523975267,0.9852821826934814
117_class-0,2,0.3331533372402191,0,0.9792382121086121,1.005746603012085,0.9990899618839107,0.9853809475898743
117_class-0,3,0.33319106698036194,0,0.9790974855422974,1.005438208580017,0.9990896377021928,0.9853912591934204
117_class-0,4,0.3331765830516815,0,0.9788916110992432,1.005698323249817,0.9993272655322517,0.9850087761878967
117_class-0,5,0.333164781332016,0,0.9784123301506042,1.0049192905426025,0.9993011603375528,0.9845895171165466
118_class-24,0,0.20879335701465607,0,0.8592116832733154,0.9997693300247192,1.0,0.9710100889205933
118_class-24,1,0.20841343700885773,0,0.8485872149467468,0.9992923736572266,0.995408219378964,0.9710221886634827
118_class-24,2,0.4402289092540741,1,0.9990901947021484,0.9622901678085327,0.021750573205220853,0.9572992324829102
118_class-24,3,0.3706604540348053,0,0.9946629405021667,0.9111484289169312,0.10676739816924491,0.8987522125244141
118_class-24,4,0.2701781690120697,0,0.9473527073860168,0.9602141380310059,0.27674152034595945,0.761997401714325
118_class-24,5,0.20682746171951294,0,0.8455944061279297,0.9902126789093018,0.686764385353095,0.9659044146537781
119_class-48,0,0.32536113262176514,0,0.982811450958252,0.9838026762008667,1.0,0.9456744194030762
119_class-48,1,0.3523595631122589,1,0.97817063331604,0.9986026287078857,0.7861602625798968,0.9865900874137878
119_class-48,2,0.4122733771800995,0,0.9832662343978882,0.9843415021896362,0.6737287255044575,0.9234341382980347
119_class-48,3,0.28447771072387695,0,0.9847705364227295,0.978068470954895,0.6596003898635477,0.8514750003814697
119_class-48,4,0.3561541438102722,0,0.9773585796356201,0.9445641040802002,0.6112176226621802,0.9553624987602234
119_class-48,5,0.35245445370674133,0,0.9780364632606506,0.9978302717208862,0.9686329300497452,0.98576819896698
120_class-8,0,0.4368237257003784,1,0.9760865569114685,0.9329508543014526,1.0,0.966521143913269
120_class-8,1,0.4151635766029358,0,0.9207340478897095,0.9377930164337158,0.09415372003751961,0.6732246279716492
120_class-8,2,0.28403639793395996,0,0.9403781294822693,0.8678497076034546,0.04506255386169802,0.8451516032218933
120_class-8,3,0.2915857434272766,0,0.8077671527862549,0.89543616771698,0.2487348460308947,0.6990212202072144
120_class-8,4,0.3606127202510834,0,0.9783223271369934,0.7613174915313721,0.07219396153478543,0.8402262926101685
120_class-8,5,0.38062775135040283,0,0.9891595840454102,0.7846965193748474,0.2782544287389667,0.7639706134796143
121_class-44,0,0.8237588405609131,0,0.9977712035179138,0.9820072650909424,1.0,0.9827485084533691
121_class-44,1,0.6353268623352051,0,0.9898191094398499,0.9311442375183105,0.4991600578192757,0.9031431674957275
121_class-44,2,0.8139248490333557,0,0.9970674514770508,0.9683226943016052,0.49718981355866504,0.9453790783882141
121_class-44,3,0.8332080245018005,0,0.996985912322998,0.9432858228683472,0.7913049422380204,0.9386439323425293
121_class-44,4,0.7267827987670898,0,0.9955427646636963,0.9658561944961548,0.7140468227424749,0.9462690949440002
121_class-44,5,0.7906843423843384,1,0.9973090291023254,0.9998462200164795,0.7955112219451371,0.9929736256599426
122_class-60,0,0.44527339935302734,0,0.965191125869751,0.98189377784729,1.0,0.9488919973373413
122_class-60,1,0.44546881318092346,0,0.9621971845626831,0.9807852506637573,0.9968183704523447,0.9485681653022766
122_class-60,2,0.4490174353122711,0,0.9736834764480591,0.9540176391601562,0.8093493842315764,0.7763317227363586
122_class-60,3,0.5052539706230164,1,0.9850645065307617,0.9670534133911133,0.6940077466393256,0.9571501016616821
122_class-60,4,0.44639697670936584,0,0.963515043258667,0.9829388856887817,0.6396384110346978,0.9525945782661438
122_class-60,5,0.44872838258743286,0,0.9580539464950562,0.9831866025924683,0.9830775514967613,0.9638319611549377
123_class-72,0,0.18583336472511292,0,0.7557996511459351,0.9951417446136475,1.0,0.9801617860794067
123_class-72,1,0.4166697859764099,0,0.9483435750007629,0.9152477979660034,0.23896869560954084,0.6343924403190613
123_class-72,2,0.4805257320404053,1,0.9929112195968628,0.8907793760299683,0.04940309064020404,0.6573050618171692
123_class-72,3,0.18650765717029572,0,0.7626563310623169,0.9983077049255371,0.05805529484654975,0.9762741327285767
123_class-72,4,0.29792726039886475,0,0.8841008543968201,0.9808688163757324,0.6315139297764721,0.8627846837043762
123_class-72,5,0.3193255364894867,0,0.895281195640564,0.9847791194915771,0.8843410672178393,0.9200323820114136
124_class-8,0,0.34103846549987793,0,0.920811653137207,0.9886198043823242,1.0,0.841568112373352
124_class-8,1,0.41654613614082336,0,0.9552026391029358,0.9357476234436035,0.8049314151890264,0.8919069766998291
124_class-8,2,0.6062735319137573,0,0.9855853915214539,0.9427322149276733,0.5438312225124831,0.7051985859870911
124_class-8,3,0.4164876937866211,0,0.9558220505714417,0.9803019762039185,0.5385670881113398,0.9234535098075867
124_class-8,4,0.9488312005996704,1,0.9907507300376892,0.9966504573822021,0.24011663998431731,0.9924529194831848
124_class-8,5,0.4166107177734375,0,0.9571041464805603,0.979902982711792,0.24018666383347362,0.9228842258453369
125_class-36,0,0.3432193100452423,0,0.9342462420463562,0.9420686960220337,1.0,0.7079136371612549
125_class-36,1,0.49878236651420593,0,0.9957185387611389,0.9523626565933228,0.22332834418183717,0.9398662447929382
125_class-36,2,0.3944706320762634,0,0.9496432542800903,0.9374086856842041,0.33855036735488264,0.6459400653839111
125_class-36,3,0.4715111553668976,1,0.9927605390548706,0.9932875633239746,0.236821976121587,0.9662864804267883
125_class-36,4,0.4726501703262329,0,0.9961298108100891,0.9675779342651367,0.9200914777695567,0.9692564606666565
125_class-36,5,0.46393853425979614,0,0.9862975478172302,0.914244532585144,0.545154142207363,0.9220305681228638
126_class-44,0,0.4730493724346161,0,0.9991320371627808,0.8156876564025879,1.0,0.9316449165344238
126_class-44,1,0.4734649062156677,0,0.9992873668670654,0.906958818435669,0.8474506999080412,0.9547818303108215
126_class-44,2,0.427024781703949,0,0.9901943206787109,0.9091510772705078,0.004885840458517335,0.8080166578292847
126_class-44,3,0.32582345604896545,0,0.961257815361023,0.9630563259124756,0.3573072618620267,0.8343064785003662
126_class-44,4,0.3234562575817108,0,0.957504153251648,0.9523922204971313,0.8718258320813325,0.861149787902832
126_class-44,5,0.47325435280799866,1,0.9995478987693787,0.9434411525726318,0.08331257438622713,0.9340726733207703
127_class-40,0,0.4398954212665558,0,0.9985876679420471,0.9332563877105713,1.0,0.8960699439048767
127_class-40,1,0.41933074593544006,1,0.9950194358825684,0.9416735172271729,0.6688611575120369,0.9131354689598083
127_class-40,2,0.4627782106399536,0,0.992928147315979,0.7798135280609131,0.385373624732414,0.7803705930709839
127_class-40,3,0.4503454864025116,0,0.9934670925140381,0.784093976020813,0.6602264022469998,0.7292011380195618
127_class-40,4,0.4388425946235657,0,0.9922864437103271,0.8880617618560791,0.5534419747169133,0.7385030388832092
127_class-40,5,0.44932058453559875,0,0.9817686676979065,0.7862738370895386,0.592482299674861,0.6918178200721741
128_class-32,0,0.9402250051498413,0,0.9995054006576538,0.9836157560348511,1.0,0.9962587356567383
128_class-32,1,0.6966454982757568,0,0.9975224137306213,0.9400312900543213,0.44979834430057314,0.9295629262924194
128_class-32,2,0.9405035972595215,0,0.9995043873786926,0.9666807055473328,0.4497347010965688,0.9956814050674438
128_class-32,3,0.47125235199928284,0,0.9887923002243042,0.9545329809188843,0.044033161224638205,0.6504868865013123
128_class-32,4,0.942000150680542,0,0.9994932413101196,0.9566057920455933,0.04397559735638028,0.9961931705474854
128_class-32,5,0.9401127099990845,1,0.9995113611221313,0.9849444627761841,0.9924557351809083,0.9947508573532104
129_class-0,0,0.5654075741767883,0,0.9669585227966309,0.8856598138809204,1.0,0.2617388665676117
129_class-0,1,0.48296234011650085,0,0.8804087042808533,0.9182310104370117,0.21924442386354867,0.5966416597366333
129_class-0,2,0.6751216650009155,0,0.9632530212402344,0.9791092872619629,0.2106536409964902,0.8261560797691345
129_class-0,3,0.3948182761669159,0,0.8668287992477417,0.945332407951355,0.22074233051382403,0.3595283329486847
129_class-0,4,0.671832799911499,0,0.966744601726532,0.9699885845184326,0.21836989046008867,0.867307722568512
129_class-0,5,0.48911648988723755,1,0.9730875492095947,1.0040274858474731,0.42215091834476653,0.9912756681442261
130_class-68,0,0.4282117784023285,1,0.983536958694458,0.9636203050613403,1.0,0.9287818074226379
130_class-68,1,0.3942919671535492,0,0.9769920110702515,0.9481966495513916,0.1971821704404671,0.8185224533081055
130_class-68,2,0.29618021845817566,0,0.9027653336524963,0.9585387706756592,0.5039038983411905,0.7877380847930908
130_class-68,3,0.307594895362854,0,0.9043423533439636,0.9516273736953735,0.9290824663275574,0.7787956595420837
130_class-68,4,0.2997108995914459,0,0.9022638201713562,0.9592533111572266,0.9551926536021963,0.8220943808555603
130_class-68,5,0.29902610182762146,0,0.9012070894241333,0.9554157257080078,0.9548388286494062,0.8005516529083252
131_class-24,0,0.8022263050079346,0,0.9960560202598572,0.9832816123962402,1.0,0.9710612297058105
131_class-24,1,0.7650651931762695,0,0.9958973526954651,0.9828014373779297,0.8462056686396228,0.9765809774398804
131_class-24,2,0.9141765236854553,1,0.9966388940811157,0.996774435043335,0.602724506062509,0.9916932582855225
131_class-24,3,0.859743595123291,0,0.9963607788085938,0.9764174222946167,0.7813988468287791,0.9824851155281067
131_class-24,4,0.7050948143005371,0,0.9940814971923828,0.9647343158721924,0.6182575846087939,0.9419965744018555
131_class-24,5,0.7263941764831543,0,0.9935516715049744,0.9280967712402344,0.9016967411796392,0.9256685972213745
132_class-44,0,0.9433969259262085,1,0.9976328015327454,0.9981735944747925,1.0,0.9926677942276001
132_class-44,1,0.617544412612915,0,0.9958500266075134,1.0032501220703125,0.3363741218412499,0.9936985969543457
132_class-44,2,0.7868167161941528,0,0.9989324808120728,0.9839740991592407,0.22782730291907008,0.9928704500198364
132_class-44,3,0.8381752967834473,0,0.9960710406303406,0.9840682744979858,0.5121548265282039,0.981124758720398
132_class-44,4,0.4996807277202606,0,0.9980888366699219,0.9962263107299805,0.09673227472980254,0.9926983118057251
132_class-44,5,0.7821663618087769,0,0.9936865568161011,0.9580210447311401,0.17034500253678336,0.9364666938781738
133_class-20,0,0.11484615504741669,0,0.8404240012168884,0.9628430604934692,1.0,0.5712730884552002
133_class-20,1,0.11761200428009033,0,0.8331959247589111,0.9600564241409302,0.981706258533404,0.5400964021682739
133_class-20,2,0.11264346539974213,0,0.8308531641960144,0.9590286016464233,0.9667643782075868,0.5237098932266235
133_class-20,3,0.029045557603240013,0,0.8295315504074097,0.9718414545059204,0.8142799286520581,0.9076557159423828
133_class-20,4,0.030338717624545097,1,0.8320431709289551,0.9772673845291138,0.9954463509404489,0.9132188558578491
133_class-20,5,0.028039317578077316,0,0.8289635181427002,0.9739264249801636,0.9933900414531129,0.913949728012085
134_class-64,0,0.4244993329048157,0,0.9875096082687378,0.9711889028549194,1.0,0.9514842629432678
134_class-64,1,0.83628910779953,1,0.999777615070343,0.9576898217201233,0.05862475580351643,0.9948983192443848
134_class-64,2,0.48620280623435974,0,0.9873831868171692,0.8923293352127075,0.09426455285548142,0.643422544002533
134_class-64,3,0.6550320386886597,0,0.9915285706520081,0.7985556125640869,0.0680733544901766,0.7258946299552917
134_class-64,4,0.3078402280807495,0,0.9630053043365479,0.968887209892273,0.05581182009363993,0.8771500587463379
134_class-64,5,0.8345947265625,0,0.9997854232788086,0.9591737389564514,0.027375463339661874,0.9897029399871826
135_class-60,0,0.39230453968048096,0,0.966405987739563,0.9359921216964722,1.0,0.7901418805122375
135_class-60,1,0.4694812297821045,0,0.9738226532936096,0.9516545534133911,0.23183674864555381,0.8034023642539978
135_class-60,2,0.5286909937858582,0,0.9766287803649902,0.9817976951599121,0.795182422543159,0.9379960894584656
135_class-60,3,0.5224224328994751,1,0.9773808717727661,0.9858640432357788,0.9220478350246354,0.9552640318870544
135_class-60,4,0.5285208225250244,0,0.9789504408836365,0.976996660232544,0.9252366854279858,0.9223445653915405
135_class-60,5,0.5259259939193726,0,0.9780435562133789,0.9772515296936035,0.9626156885853929,0.9091584086418152
136_class-68,0,0.44867026805877686,0,0.980537474155426,0.8159568309783936,1.0,0.534595251083374
136_class-68,1,0.3940441310405731,1,0.9739965796470642,0.9579513072967529,0.16151350978294626,0.9309901595115662
136_class-68,2,0.37891724705696106,0,0.8822485208511353,0.8958355188369751,0.2143580750338393,0.4975959062576294
136_class-68,3,0.4698249399662018,0,0.9864761829376221,0.8963264226913452,0.07742768487473708,0.813597559928894
136_class-68,4,0.4576445519924164,0,0.9283801317214966,0.9409828186035156,0.09506211668501337,0.8398680090904236
136_class-68,5,0.4241812229156494,0,0.9771248698234558,0.8764098882675171,0.12467523007066023,0.7336967587471008
137_class-56,0,0.43566015362739563,0,0.958134651184082,0.6680377721786499,1.0,0.5843861103057861
137_class-56,1,0.5524631142616272,0,0.960634708404541,0.700933575630188,0.001209316998790683,0.587247371673584
137_class-56,2,0.3580133020877838,0,0.9633471369743347,0.7602442502975464,0.014063016555196704,0.5263399481773376
137_class-56,3,0.4423364996910095,1,0.9972121715545654,0.8900206089019775,0.005535206647714848,0.860828161239624
137_class-56,4,0.44301581382751465,0,0.9758248329162598,0.7914415597915649,0.0,0.7780100107192993
137_class-56,5,0.5832113027572632,0,0.9794870615005493,0.7559516429901123,0.0,0.6944687962532043
138_class-56,0,0.45142626762390137,0,0.9962002635002136,0.9848314523696899,1.0,0.9785131216049194
138_class-56,1,0.4494529068470001,0,0.9959045052528381,0.9530099630355835,0.9550348065403917,0.9625477194786072
138_class-56,2,0.4511001706123352,1,0.9967212677001953,0.9932188987731934,0.9624352331606217,0.9839409589767456
138_class-56,3,0.4631918966770172,0,0.9978001117706299,0.9589307308197021,0.7239253512266722,0.9502738118171692
138_class-56,4,0.4924701452255249,0,0.9921913743019104,0.9754488468170166,0.6368151881967695,0.96888267993927
138_class-56,5,0.3980691134929657,0,0.97176194190979,0.9405505657196045,0.4463238774989986,0.7252551913261414
139_class-36,0,0.6373316049575806,0,0.9799087047576904,0.9297012090682983,1.0,0.7913981080055237
139_class-36,1,0.5084118247032166,0,0.9830921292304993,0.9305561780929565,0.5174092769982909,0.7217826247215271
139_class-36,2,0.5267168283462524,0,0.9813144207000732,0.9284055233001709,0.8784641137448593,0.7019423246383667
139_class-36,3,0.6199866533279419,0,0.979403018951416,0.9203567504882812,0.5617897292555036,0.8348744511604309
139_class-36,4,0.5377216339111328,0,0.9834203720092773,0.9524953365325928,0.6196129576708415,0.8494877815246582
139_class-36,5,0.4982188940048218,1,0.982219934463501,0.9935240745544434,0.8309695226377134,0.9680708646774292
140_class-4,0,0.842422604560852,0,0.9952715039253235,1.0050908327102661,1.0,0.9917399883270264
140_class-4,1,0.8423596620559692,0,0.9952686429023743,1.0048213005065918,0.9994468006638392,0.9918044209480286
140_class-4,2,0.8426174521446228,1,0.995206356048584,1.0075974464416504,0.9973819766783653,0.9922192096710205
140_class-4,3,0.8423450589179993,0,0.9952852725982666,1.004238486289978,0.9976507882596021,0.9918063879013062
140_class-4,4,0.8421742916107178,0,0.9952410459518433,1.0075181722640991,0.9987389659520807,0.9919893145561218
140_class-4,5,0.8423283100128174,0,0.9952569007873535,1.0056896209716797,0.9985970779542845,0.9919306635856628
141_class-60,0,0.39175406098365784,0,0.9611832499504089,1.0085225105285645,1.0,0.9943206906318665
141_class-60,1,0.30769702792167664,1,0.9906547665596008,0.9838954210281372,0.4432702622509301,0.9526366591453552
141_class-60,2,0.3919164538383484,0,0.961050271987915,1.0071972608566284,0.44371080318486616,0.9943874478340149
141_class-60,3,0.3921894133090973,0,0.9642573595046997,1.0078929662704468,0.9958937791984264,0.9944559931755066
141_class-60,4,0.3921830654144287,0,0.9646991491317749,1.0074387788772583,0.9993336459438782,0.9945342540740967
141_class-60,5,0.3921886682510376,0,0.9645421504974365,1.007781982421875,0.9995803608896349,0.9944933652877808
142_class-76,0,0.42706039547920227,1,0.9957586526870728,0.9797734022140503,1.0,0.9146965742111206
142_class-76,1,0.46402668952941895,0,0.9960641860961914,0.8594560027122498,0.09308113489298159,0.9597097635269165
142_class-76,2,0.4293857514858246,0,0.9625075459480286,0.9744992256164551,0.23838189260775344,0.9355507493019104
142_class-76,3,0.41474393010139465,0,0.9902951717376709,0.9856116771697998,0.090238921217547,0.9309302568435669
142_class-76,4,0.3923058807849884,0,0.9829873442649841,0.8867560625076294,0.7737019091698004,0.7764628529548645
142_class-76,5,0.42740121483802795,0,0.9179884195327759,0.9281468391418457,0.19524015350963364,0.8637819290161133
143_class-16,0,0.3305661380290985,0,0.9819729328155518,0.9896805286407471,1.0,0.9691305160522461
143_class-16,1,0.3306799829006195,0,0.9822112917900085,0.9909063577651978,0.9973270351303954,0.9666128754615784
143_class-16,2,0.33073559403419495,0,0.9821719527244568,0.990320086479187,0.9980598473368927,0.9664719700813293
143_class-16,3,0.47051557898521423,0,0.9751418828964233,0.9878108501434326,0.7394110401027574,0.9565950036048889
143_class-16,4,0.3308555483818054,1,0.9822120666503906,0.9922852516174316,0.7417734581486201,0.9699516296386719
143_class-16,5,0.3306025266647339,0,0.9821984171867371,0.9910813570022583,0.9955244952703657,0.9675873517990112
144_class-60,0,0.442484587430954,0,0.964263379573822,0.8986936807632446,1.0,0.555781900882721
144_class-60,1,0.41721686720848083,0,0.9933962821960449,0.9290512800216675,0.07654354932331286,0.8783778548240662
144_class-60,2,0.2707338035106659,1,0.9835168123245239,0.9642806053161621,0.0807141147098054,0.9516406059265137
144_class-60,3,0.2528212070465088,0,0.983360230922699,0.9713283777236938,0.8307073208481659,0.8629895448684692
144_class-60,4,0.4653744697570801,0,0.9696630239486694,0.9733180999755859,0.5532263278471939,0.9457806944847107
144_class-60,5,0.47580111026763916,0,0.9696219563484192,0.997984766960144,0.9718649392662178,0.9634642004966736
145_class-24,0,0.44698068499565125,0,0.9976094365119934,0.9760533571243286,1.0,0.9473795890808105
145_class-24,1,0.6191057562828064,0,0.998199462890625,0.9165191054344177,0.5362017196669852,0.9217779636383057
145_class-24,2,0.6016726493835449,0,0.9979786276817322,0.9589138031005859,0.8668884608649974,0.9165792465209961
145_class-24,3,0.4397500157356262,0,0.9981147050857544,0.8858091831207275,0.5971753986332574,0.9506732821464539
145_class-24,4,0.4567788541316986,1,0.9988144636154175,1.0011961460113525,0.610152784622967,0.989852249622345
145_class-24,5,0.4571358263492584,0,0.9989885091781616,0.9652987122535706,0.9849653808110781,0.9878391027450562
146_class-4,0,0.1392371654510498,0,0.9279986023902893,0.9827395677566528,1.0,0.8727504014968872
146_class-4,1,0.4848383069038391,0,0.9596988558769226,0.9465014934539795,0.3773831205533774,0.8020111322402954
146_class-4,2,0.9488039016723633,1,0.9910498857498169,0.9917353391647339,0.2280551280093055,0.9884030222892761
146_class-4,3,0.2628598213195801,0,0.9201298952102661,0.9265273809432983,0.09596155773857258,0.609337329864502
146_class-4,4,0.46097129583358765,0,0.9573960304260254,0.9598110914230347,0.4471812895541907,0.7927812933921814
146_class-4,5,0.9483217000961304,0,0.9910670518875122,0.9886826276779175,0.2124916008063226,0.9871116280555725
147_class-36,0,0.4657427966594696,0,0.9940036535263062,0.9985284805297852,1.0,0.9864112734794617
147_class-36,1,0.4656499922275543,1,0.9940528869628906,1.006147861480713,0.9945860763032814,0.9897581934928894
147_class-36,2,0.465881884098053,0,0.9938968420028687,0.990747332572937,0.9926877570710405,0.9846051931381226
147_class-36,3,0.4654269516468048,0,0.9934264421463013,0.9858094453811646,0.9932276474318326,0.9731766581535339
147_class-36,4,0.3544488847255707,0,0.8957726955413818,0.8621958494186401,0.001779483600837404,0.7679086327552795
147_class-36,5,0.3743215501308441,0,0.973568320274353,0.9451483488082886,0.29264454785898425,0.8678248524665833
148_class-12,0,0.031171530485153198,0,0.9840368032455444,1.0141609907150269,1.0,0.9958092570304871
148_class-12,1,0.03196929022669792,0,0.984040379524231,1.0022742748260498,0.9885172339466619,0.9774879217147827
148_class-12,2,0.03118017502129078,1,0.9840503334999084,1.0146790742874146,0.9887693302757689,0.9958598613739014
148_class-12,3,0.031166160479187965,0,0.98405522108078,1.0144702196121216,0.9996472870495562,0.9959757924079895
148_class-12,4,0.031181098893284798,0,0.984062671661377,1.0145490169525146,0.9997648626405925,0.9958128929138184
148_class-12,5,0.03117736428976059,0,0.9840657711029053,1.014418601989746,0.9998432264006741,0.9959832429885864
149_class-20,0,0.7345952391624451,0,0.8796957731246948,0.9782493114471436,1.0,0.8709271550178528
149_class-20,1,0.26082301139831543,0,0.9899784326553345,0.9201170206069946,0.3594633275415596,0.7639530897140503
149_class-20,2,0.27553725242614746,0,0.9871278405189514,0.9565520286560059,0.9149220271710502,0.8893343210220337
149_class-20,3,0.13759014010429382,1,0.9878864884376526,0.9893194437026978,0.3154645476772616,0.982549786567688
149_class-20,4,0.5761011242866516,0,0.8853825926780701,0.947138786315918,4.42386527855605e-05,0.8709460496902466
149_class-20,5,0.7341721057891846,0,0.8776476979255676,0.9817771911621094,0.8401896394656135,0.8744818568229675
150_class-60,0,0.399353563785553,0,0.9755517244338989,0.9668729305267334,1.0,0.8133276700973511
150_class-60,1,0.9266797304153442,1,0.9744322299957275,1.0101560354232788,0.2602852707160877,0.9925812482833862
150_class-60,2,0.9266862273216248,0,0.9743316173553467,1.0093142986297607,0.9992542507706076,0.9925403594970703
150_class-60,3,0.4347708225250244,0,0.9775179624557495,0.9659557342529297,0.2981724290333336,0.8905419707298279
150_class-60,4,0.9265338182449341,0,0.9741759896278381,1.0077637434005737,0.2981954105886824,0.9924998879432678
150_class-60,5,0.8517320156097412,0,0.9724330902099609,0.9961615800857544,0.8289263568302951,0.9815707802772522
151_class-4,0,0.9180824160575867,0,0.9851957559585571,0.959758996963501,1.0,0.9397650957107544
151_class-4,1,0.9516634941101074,0,0.983557939529419,0.9984928369522095,0.9113484339563058,0.9785146117210388
151_class-4,2,0.9560660123825073,1,0.9843569993972778,1.0004338026046753,0.986483972967946,0.9903189539909363
151_class-4,3,0.9410597085952759,0,0.9829574227333069,0.9973820447921753,0.9636538282775076,0.9658219218254089
151_class-4,4,0.9548133611679077,0,0.9843587279319763,0.9778740406036377,0.9654315619467653,0.9752902388572693
151_class-4,5,0.8703131675720215,0,0.9846245050430298,0.9639333486557007,0.8224630238290879,0.9340518116950989
152_class-0,0,0.4532686769962311,0,0.9769328832626343,0.9858876466751099,1.0,0.9870047569274902
152_class-0,1,0.4379742443561554,0,0.9768391847610474,0.8465613126754761,0.4009872052997337,0.6061902642250061
152_class-0,2,0.3787771463394165,0,0.9517832398414612,0.8713057041168213,0.21846724241933824,0.4140172004699707
152_class-0,3,0.45345190167427063,0,0.9782207608222961,0.9870567321777344,0.03138109958048134,0.983205258846283
152_class-0,4,0.42943644523620605,1,0.9840017557144165,0.9878343343734741,0.5471783882070265,0.9744142889976501
152_class-0,5,0.07265671342611313,0,0.9041228294372559,0.9056060314178467,0.0,0.8009166717529297
153_class-36,0,0.5420196056365967,0,0.9968724250793457,0.969275712966919,1.0,0.9887058734893799
153_class-36,1,0.5290729403495789,1,0.9968184232711792,0.9908109903335571,0.9613639918661036,0.9919673800468445
153_class-36,2,0.5465573072433472,0,0.9962542057037354,0.9599020481109619,0.9506268379507816,0.9775728583335876
153_class-36,3,0.4418295621871948,0,0.9795172810554504,0.8523498773574829,0.15694857486550606,0.6792302131652832
153_class-36,4,0.5204338431358337,0,0.9962188601493835,0.7808122038841248,0.15960657961675428,0.8679104447364807
153_class-36,5,0.4132131040096283,0,0.9837430715560913,0.9326684474945068,0.11389003272577534,0.8208580613136292
154_class-28,0,0.47798603773117065,0,0.9749981164932251,0.8873361945152283,1.0,0.9489365816116333
154_class-28,1,0.46139660477638245,0,0.9741064310073853,0.9394181966781616,0.12623191905002304,0.698631763458252
154_class-28,2,0.32782918214797974,0,0.9518004655838013,0.955191969871521,0.2981022009863182,0.9327699542045593
154_class-28,3,0.3343292772769928,0,0.9523035287857056,0.979564905166626,0.967387012987013,0.9571214318275452
154_class-28,4,0.48147115111351013,1,0.9714385867118835,0.9699834585189819,0.3207633651402142,0.929129421710968
154_class-28,5,0.45312440395355225,0,0.969089686870575,0.9383022785186768,0.851361645400876,0.7356523275375366
155_class-48,0,0.656543493270874,0,0.9629513621330261,0.9991627931594849,1.0,0.9664591550827026
155_class-48,1,0.656197190284729,0,0.9627629518508911,1.0063540935516357,0.9990979084062349,0.9723312258720398
155_class-48,2,0.6563875675201416,0,0.9625702500343323,1.0057405233383179,0.9990033257446206,0.9762016534805298
155_class-48,3,0.6375091075897217,0,0.9653209447860718,0.9877715110778809,0.9576987978325351,0.9473622441291809
155_class-48,4,0.6366653442382812,0,0.9656221866607666,0.9923750162124634,0.994764455012489,0.9467176795005798
155_class-48,5,0.3231881558895111,1,0.9976853132247925,1.005897879600525,0.2560543801363875,0.9879311919212341
156_class-48,0,0.408597856760025,0,0.9730733633041382,0.9428461790084839,1.0,0.5415297150611877
156_class-48,1,0.7001669406890869,0,0.9575826525688171,0.9850510358810425,0.25584785878401445,0.9712849855422974
156_class-48,2,0.3459206223487854,0,0.9852210879325867,0.8698858022689819,0.1526201581323423,0.6078539490699768
156_class-48,3,0.7041468620300293,0,0.955761194229126,0.9654347896575928,0.14888071335037725,0.9532775282859802
156_class-48,4,0.42600178718566895,0,0.9530544877052307,0.9431406259536743,0.2907681124303368,0.909152626991272
156_class-48,5,0.6177412271499634,1,0.9741765260696411,0.971878170967102,0.16119897671874245,0.9197487831115723
157_class-8,0,0.3637378215789795,0,0.9750479459762573,0.9895733594894409,1.0,0.9841319918632507
157_class-8,1,0.3636147081851959,0,0.975228488445282,0.9934130907058716,0.9929236011007732,0.9854788780212402
157_class-8,2,0.36304423213005066,1,0.9752174615859985,0.999530553817749,0.9944354850426419,0.9863059520721436
157_class-8,3,0.3631589710712433,0,0.9749950766563416,0.9958357810974121,0.9955597475150548,0.9854817390441895
157_class-8,4,0.36549484729766846,0,0.9752342700958252,0.973361611366272,0.9799115584906758,0.9652048349380493
157_class-8,5,0.36355191469192505,0,0.9751502871513367,0.9895148277282715,0.9827136000933612,0.9834702014923096
158_class-4,0,0.9513415098190308,0,0.9772286415100098,1.0008056163787842,1.0,0.9837636351585388
158_class-4,1,0.9511152505874634,0,0.977004885673523,1.0012561082839966,0.9982692435706837,0.9836679697036743
158_class-4,2,0.951384961605072,0,0.9769747257232666,1.0009245872497559,0.9984690821148854,0.9843931198120117
158_class-4,3,0.9504376649856567,0,0.9770066738128662,1.0012016296386719,0.9965392550524658,0.984341561794281
158_class-4,4,0.9514298439025879,0,0.976919412612915,1.001173496246338,0.9964502817588854,0.9842850565910339
158_class-4,5,0.9513598680496216,1,0.9771724343299866,1.001549243927002,0.9980712100385758,0.9849531650543213
159_class-76,0,0.5170528292655945,0,0.9959865212440491,0.8649312257766724,1.0,0.7327919602394104
159_class-76,1,0.44370555877685547,0,0.9970532655715942,0.8960797786712646,0.14454277286135694,0.8416991233825684
159_class-76,2,0.09064629673957825,0,0.8403985500335693,0.9849413633346558,0.01623014439015193,0.919647216796875
159_class-76,3,0.5398526191711426,0,0.9888942241668701,0.8916939496994019,0.042846396515259524,0.870193362236023
159_class-76,4,0.5343709588050842,1,0.9976974725723267,0.9438978433609009,0.6972660762418175,0.8161587119102478
159_class-76,5,0.4410395622253418,0,0.9967452883720398,0.7724705934524536,0.1120807199345514,0.9686256647109985
160_class-56,0,0.4809763431549072,1,0.9949262142181396,0.9850301742553711,1.0,0.9927565455436707
160_class-56,1,0.4670771062374115,0,0.9962422847747803,0.9532814025878906,0.014609323703217334,0.9308580756187439
160_class-56,2,0.47981172800064087,0,0.9953734278678894,0.968722939491272,0.04886456908344733,0.9800140857696533
160_class-56,3,0.4471776783466339,0,0.9893001914024353,0.7776397466659546,0.02789544374418845,0.7313675880432129
160_class-56,4,0.4073232412338257,0,0.9417335987091064,0.8926918506622314,0.47126166224428656,0.6537184715270996
160_class-56,5,0.41809529066085815,0,0.9595479965209961,0.9449869394302368,0.4649741256555413,0.8533933162689209
161_class-24,0,0.27643072605133057,0,0.8421536087989807,0.960075855255127,1.0,0.690218448638916
161_class-24,1,0.3517935872077942,1,0.9633200168609619,0.960372805595398,0.08188792528352234,0.8695535063743591
161_class-24,2,0.3823488652706146,0,0.9673134684562683,0.9103978872299194,0.7623985180212102,0.7914574146270752
161_class-24,3,0.2653287649154663,0,0.8030290603637695,0.9423712491989136,0.11056126321577346,0.6507677435874939
161_class-24,4,0.1349770724773407,0,0.7233823537826538,0.9882336854934692,0.6074754768257243,0.7979471683502197
161_class-24,5,0.2830943167209625,0,0.8323150873184204,0.9674116373062134,0.5583251089829744,0.8544841408729553
162_class-64,0,0.4034394919872284,1,0.9361879825592041,0.9378918409347534,1.0,0.8530340790748596
162_class-64,1,0.418365478515625,0,0.9149770736694336,0.9301130771636963,0.8257924516822487,0.8934631943702698
162_class-64,2,0.2976364493370056,0,0.9012264013290405,0.9220954179763794,0.34519947953891544,0.6700218915939331
162_class-64,3,0.4294099807739258,0,0.9221305251121521,0.8692800998687744,0.29216884046007374,0.7959580421447754
162_class-64,4,0.29354995489120483,0,0.8047446608543396,0.927544116973877,0.32395317632906123,0.606908917427063
162_class-64,5,0.37465527653694153,0,0.9221212863922119,0.92900550365448,0.4669950152265265,0.8064852952957153
163_class-36,0,0.6490095853805542,0,0.9981298446655273,0.8771668076515198,1.0,0.8814321160316467
163_class-36,1,0.4419860541820526,0,0.9838061928749084,0.9010610580444336,0.0015118196811434853,0.537184476852417
163_class-36,2,0.3498693108558655,0,0.9687833786010742,0.9779644012451172,0.24985740446098886,0.933310866355896
163_class-36,3,0.36134961247444153,1,0.9725710153579712,0.9762855768203735,0.9277695022343967,0.9359860420227051
163_class-36,4,0.3512706160545349,0,0.9695720672607422,0.9650064706802368,0.9487882992374057,0.93982994556427
163_class-36,5,0.4537871479988098,0,0.9841024875640869,0.9425221681594849,0.5515545570314846,0.655899703502655
164_class-8,0,0.501364529132843,0,0.9254944920539856,0.8141287565231323,1.0,0.6320356130599976
164_class-8,1,0.8953723907470703,0,0.9912936687469482,0.9636456966400146,0.21123370110330994,0.9545702338218689
164_class-8,2,0.7331985235214233,0,0.9928717017173767,0.9021726846694946,0.5721769866818153,0.8863312005996704
164_class-8,3,0.7712701559066772,0,0.9942789077758789,0.9712220430374146,0.7648247978436657,0.981654942035675
164_class-8,4,0.582895040512085,0,0.9233154654502869,0.8601922988891602,0.24804125259706125,0.5038063526153564
164_class-8,5,0.7358957529067993,1,0.9933947324752808,0.9805009365081787,0.21172251824541025,0.9839301109313965
165_class-36,0,0.7779701948165894,0,0.9984245896339417,0.9680968523025513,1.0,0.9836724996566772
165_class-36,1,0.4691496193408966,0,0.9869363903999329,0.8880506753921509,0.00046593980057776533,0.5249773263931274
165_class-36,2,0.8088099956512451,0,0.9987602829933167,0.9523618221282959,0.0006052222030088189,0.9741997718811035
165_class-36,3,0.9623215198516846,1,0.9989375472068787,0.9835523366928101,0.6767600871590653,0.9888493418693542
165_class-36,4,0.750381350517273,0,0.9956566691398621,0.9556880593299866,0.5666364460562103,0.9748782515525818
165_class-36,5,0.9388999938964844,0,0.9987882971763611,0.9384721517562866,0.5435146748233923,0.7396423816680908
166_class-48,0,0.556875467300415,0,0.9968510866165161,0.948951005935669,1.0,0.9590073227882385
166_class-48,1,0.6193361282348633,0,0.9924969673156738,0.9361734390258789,0.38473749191604445,0.7774389386177063
166_class-48,2,0.5772069096565247,0,0.996894359588623,0.969944179058075,0.28704452229108657,0.9883580803871155
166_class-48,3,0.5559184551239014,1,0.9971944093704224,0.9929441213607788,0.6977272727272728,0.9820927977561951
166_class-48,4,0.5768948793411255,0,0.9968624711036682,0.9889320135116577,0.698032883147387,0.9862084984779358
166_class-48,5,0.5542973279953003,0,0.9960414171218872,0.9661183953285217,0.6776711543970209,0.9456928968429565
167_class-52,0,0.7454266548156738,0,0.9945591688156128,0.9381052255630493,1.0,0.8210209608078003
167_class-52,1,0.6939665079116821,1,0.9995185136795044,0.9789878129959106,0.37302636695963287,0.9766989350318909
167_class-52,2,0.7043769359588623,0,0.9923447966575623,0.9487446546554565,0.24121108484635115,0.8941540122032166
167_class-52,3,0.628553569316864,0,0.9983534812927246,0.9669268131256104,0.24593874163858573,0.9755467772483826
167_class-52,4,0.7172014117240906,0,0.9991441369056702,0.9682666063308716,0.49261344816164293,0.965481162071228
167_class-52,5,0.622579038143158,0,0.9872770309448242,1.0038663148880005,0.23806945481702763,0.983674943447113
168_class-68,0,0.47377169132232666,0,0.9931126832962036,0.8691163063049316,1.0,0.7053555846214294
168_class-68,1,0.39489835500717163,0,0.9476625919342041,0.9432699680328369,0.10884081196581197,0.6640339493751526
168_class-68,2,0.6357361078262329,0,0.9872415661811829,0.8699618577957153,0.19562158113353156,0.7739709615707397
168_class-68,3,0.7515982985496521,1,0.9939026832580566,0.9300670623779297,0.6785983066792097,0.8959757089614868
168_class-68,4,0.3699631690979004,0,0.9727033376693726,0.9795383214950562,0.10103585425195588,0.9054793119430542
168_class-68,5,0.667037844657898,0,0.9925165772438049,0.8641976118087769,0.011884117107008058,0.8993442058563232
169_class-40,0,0.49475255608558655,0,0.989380419254303,0.9282121658325195,1.0,0.8312835097312927
169_class-40,1,0.47161316871643066,0,0.9840536117553711,0.8749849796295166,0.7020279597907877,0.7215226888656616
169_class-40,2,0.6124589443206787,1,0.995943009853363,0.9392414093017578,0.26013554156474317,0.9340687394142151
169_class-40,3,0.7948858737945557,0,0.9951243996620178,0.93732750415802,0.41930994066368765,0.9114701747894287
169_class-40,4,0.6798533201217651,0,0.9953262805938721,0.9094713926315308,0.6228566740503733,0.8364605903625488
169_class-40,5,0.5750405192375183,0,0.9964754581451416,0.9016767740249634,0.37445468560369993,0.8399799466133118
170_class-76,0,0.30058643221855164,0,0.900642991065979,0.9401698112487793,1.0,0.4879710078239441
170_class-76,1,0.4919189512729645,0,0.9947512745857239,0.9654136896133423,0.2049890507474055,0.9446113705635071
170_class-76,2,0.4992559552192688,0,0.9991189241409302,0.9588979482650757,0.6201370621625364,0.957007884979248
170_class-76,3,0.30847594141960144,0,0.9624350070953369,0.9823555946350098,0.16356109735684143,0.9710183143615723
170_class-76,4,0.45246419310569763,1,0.997291088104248,1.0038983821868896,0.21282166215032294,0.9873211979866028
170_class-76,5,0.46079179644584656,0,0.9985086917877197,0.9919354915618896,0.7759638267491671,0.9936522245407104
171_class-0,0,0.7976722717285156,1,0.9895340204238892,0.9850426912307739,1.0,0.9280143976211548
171_class-0,1,0.5040186643600464,0,0.9639954566955566,0.8950141668319702,0.4087440479871375,0.5811563730239868
171_class-0,2,0.7987254858016968,0,0.9896991848945618,0.980915904045105,0.40596837798078944,0.9283298850059509
171_class-0,3,0.47196829319000244,0,0.9862359762191772,0.9088459014892578,0.11934382684665429,0.8867158889770508
171_class-0,4,0.7365627288818359,0,0.9874016046524048,0.9334254264831543,0.2586597311180984,0.6151320338249207
171_class-0,5,0.44385701417922974,0,0.9852868318557739,0.8967423439025879,0.30743936370534836,0.45987144112586975
172_class-76,0,0.4470171630382538,0,0.9778301119804382,0.9574519395828247,1.0,0.9594746828079224
172_class-76,1,0.3485356867313385,0,0.962648332118988,0.9887661933898926,0.1545910446427574,0.9562833309173584
172_class-76,2,0.4572494328022003,1,0.99794602394104,1.0004773139953613,0.24346738205174503,0.9804816842079163
172_class-76,3,0.3490417003631592,0,0.9677202701568604,0.9648014307022095,0.12735503240896978,0.8799579739570618
172_class-76,4,0.37133660912513733,0,0.9754481315612793,0.9733220338821411,0.8364431039770984,0.9128339886665344
172_class-76,5,0.45778653025627136,0,0.9976442456245422,0.940073549747467,0.15286841137283216,0.894752562046051
173_class-24,0,0.4269036650657654,0,0.9934292435646057,0.9429221153259277,1.0,0.8926533460617065
173_class-24,1,0.41181182861328125,1,0.9926729202270508,0.9590301513671875,0.13795437903259233,0.9241534471511841
173_class-24,2,0.375680148601532,0,0.9802852869033813,0.9327065944671631,0.5058257484373286,0.842771589756012
173_class-24,3,0.43111684918403625,0,0.9932452440261841,0.959766149520874,0.4708717766737639,0.8587910532951355
173_class-24,4,0.44117558002471924,0,0.9920338988304138,0.9454308748245239,0.6425799203350016,0.9279285073280334
173_class-24,5,0.4195636510848999,0,0.9932087659835815,0.9529180526733398,0.711643935349221,0.8830305337905884
174_class-72,0,0.5849637389183044,0,0.9338175058364868,0.8914104700088501,1.0,0.7439202070236206
174_class-72,1,0.5537168979644775,0,0.903411865234375,0.9104886054992676,0.6377799862395841,0.9288350343704224
174_class-72,2,0.4956478476524353,1,0.9448484182357788,0.9398407936096191,0.49967708756906737,0.794217586517334
174_class-72,3,0.6155288815498352,0,0.9097315669059753,0.9469703435897827,0.5339835344746936,0.9411153197288513
174_class-72,4,0.3621256351470947,0,0.8983436226844788,0.9819173812866211,0.40223162870006135,0.9519457817077637
174_class-72,5,0.3891292214393616,0,0.9300697445869446,0.8838504552841187,0.19286122727366672,0.5377996563911438
175_class-52,0,0.23617760837078094,0,0.9501556158065796,1.0145995616912842,1.0,0.9904864430427551
175_class-52,1,0.23614540696144104,0,0.9500869512557983,1.012617588043213,0.9995231110500951,0.9903681874275208
175_class-52,2,0.2361626923084259,0,0.9499781727790833,1.014147400856018,0.9996531591421469,0.9903525114059448
175_class-52,3,0.23616623878479004,0,0.9500160813331604,1.0137423276901245,0.9994363876785676,0.9899872541427612
175_class-52,4,0.23616982996463776,1,0.9504485130310059,1.0137758255004883,0.999342514052859,0.9905329942703247
175_class-52,5,0.23618218302726746,0,0.9501401782035828,1.0137733221054077,0.9996965076704073,0.9904471635818481
176_class-24,0,0.3261703848838806,0,0.9638068675994873,0.9732723236083984,1.0,0.8348806500434875
176_class-24,1,0.43573254346847534,1,0.9935667514801025,0.9837591648101807,0.2621181566957951,0.9817072153091431
176_class-24,2,0.43575116991996765,0,0.9935095310211182,0.9839022159576416,0.9986486029933443,0.9818949699401855
176_class-24,3,0.3227560520172119,0,0.9622764587402344,0.975774884223938,0.2642438581529065,0.885639488697052
176_class-24,4,0.435372918844223,0,0.9934072494506836,0.975017786026001,0.2649222622286965,0.9803808331489563
176_class-24,5,0.3274632394313812,0,0.9646164774894714,0.9565566778182983,0.264426006656354,0.8358381390571594
177_class-16,0,0.6477659940719604,0,0.9891295433044434,0.9188815355300903,1.0,0.507999837398529
177_class-16,1,0.5482641458511353,0,0.9909047484397888,0.9252077341079712,0.43368618346787075,0.6286101937294006
177_class-16,2,0.7542605400085449,0,0.992367148399353,0.9350792169570923,0.1302945811613529,0.8826692700386047
177_class-16,3,0.8814995288848877,1,0.9952948093414307,0.9473532438278198,0.46041481720603666,0.9228566288948059
177_class-16,4,0.8542764186859131,0,0.99567049741745,0.9338757991790771,0.7242196492653531,0.8062551617622375
177_class-16,5,0.8071780800819397,0,0.9894700646400452,0.8846344947814941,0.5496024682567936,0.4638882279396057
178_class-48,0,0.43745994567871094,0,0.989650547504425,0.9823883771896362,1.0,0.9857293367385864
178_class-48,1,0.42246493697166443,0,0.9903544187545776,0.9798195362091064,0.5231823624127823,0.9804719686508179
178_class-48,2,0.41216936707496643,0,0.9907119274139404,0.9917474985122681,0.3421066525871172,0.9733925461769104
178_class-48,3,0.39195531606674194,0,0.9892482757568359,0.9835739135742188,0.6908851422550053,0.972567617893219
178_class-48,4,0.4177021086215973,1,0.9902938008308411,0.9924484491348267,0.6096031746031746,0.9888579249382019
178_class-48,5,0.39432546496391296,0,0.9875699281692505,0.9339984655380249,0.6254276720952511,0.8834109902381897
179_class-4,0,0.9480118751525879,1,0.9310536980628967,1.0129334926605225,1.0,0.9854395389556885
179_class-4,1,0.9476829767227173,0,0.9310437440872192,1.0117264986038208,0.9981768523602371,0.9836882948875427
179_class-4,2,0.9476547241210938,0,0.9310052394866943,1.011745810508728,0.998971091911091,0.984865128993988
179_class-4,3,0.9485255479812622,0,0.9297972917556763,1.0113669633865356,0.9924840969369546,0.9894505739212036
179_class-4,4,0.9479385614395142,0,0.9310011267662048,1.0127524137496948,0.9924281125565967,0.9847313761711121
179_class-4,5,0.9486098885536194,0,0.9303333759307861,1.0133657455444336,0.9899687264401195,0.9911383390426636
180_class-0,0,0.6077345609664917,0,0.9424188733100891,0.8756546974182129,1.0,0.9056023955345154
180_class-0,1,0.6042828559875488,0,0.9351276755332947,0.9906060695648193,0.9762697108836373,0.9697037935256958
180_class-0,2,0.7969449758529663,1,0.9794729351997375,0.9382070302963257,0.6645000717943809,0.8723548650741577
180_class-0,3,0.6118130683898926,0,0.9445939660072327,0.9618070125579834,0.6757141900745034,0.9487515687942505
180_class-0,4,0.6084321141242981,0,0.9382108449935913,0.9581738710403442,0.9807052468920969,0.9513780474662781
180_class-0,5,0.6087402105331421,0,0.935097336769104,0.9783457517623901,0.9927435345736827,0.9641069769859314
181_class-16,0,0.5036090612411499,0,0.9923340082168579,0.9845833778381348,1.0,0.959437906742096
181_class-16,1,0.6914610862731934,0,0.9918380975723267,0.9842082262039185,0.10024015279012159,0.976397693157196
181_class-16,2,0.5221327543258667,0,0.9920581579208374,0.9375512599945068,0.17185813561568614,0.9105867147445679
181_class-16,3,0.5608442425727844,0,0.9918673634529114,0.9695234298706055,0.8513053057669152,0.914438009262085
181_class-16,4,0.5941411256790161,1,0.9937212467193604,0.9911980628967285,0.9111623882319008,0.964379072189331
181_class-16,5,0.39958277344703674,0,0.9666829109191895,0.9056452512741089,0.0040613017666662685,0.66706383228302
182_class-68,0,0.43791648745536804,0,0.9896723031997681,0.9415699243545532,1.0,0.9348910450935364
182_class-68,1,0.43046092987060547,0,0.9698643684387207,0.8919914960861206,0.37946535212491045,0.638096809387207
182_class-68,2,0.453241229057312,1,0.9967623949050903,0.9829989671707153,0.34318678649502066,0.9862269163131714
182_class-68,3,0.4590364694595337,0,0.98994380235672,0.9525959491729736,0.3628891996044061,0.9585000276565552
182_class-68,4,0.4602402448654175,0,0.9919795989990234,0.9443109035491943,0.4163113631918639,0.9810285568237305
182_class-68,5,0.46046197414398193,0,0.9947658181190491,0.9862076044082642,0.9818273316931335,0.9864591956138611
183_class-36,0,0.5975477695465088,1,0.9986575841903687,0.990909218788147,1.0,0.9916508793830872
183_class-36,1,0.5302143096923828,0,0.9899649620056152,0.9184661507606506,0.1164890467732386,0.7724568247795105
183_class-36,2,0.9035879373550415,0,0.9976420402526855,0.9892655611038208,0.21887133403335693,0.9753818511962891
183_class-36,3,0.5061344504356384,0,0.9993504881858826,0.9517316818237305,0.10504349575099312,0.9664551615715027
183_class-36,4,0.47599589824676514,0,0.9880961775779724,0.8764082193374634,0.13128415300546448,0.7576874494552612
183_class-36,5,0.9039517641067505,0,0.9977838397026062,0.9803731441497803,0.06596652445027897,0.9461460113525391
184_class-20,0,0.4385300278663635,1,0.8849363327026367,0.9638862609863281,1.0,0.7877897620201111
184_class-20,1,0.7063177227973938,0,0.7869470119476318,0.9609641432762146,0.3317267933521257,0.9559255838394165
184_class-20,2,0.7147310376167297,0,0.7823927998542786,1.0051668882369995,0.9710429508848678,0.9916337132453918
184_class-20,3,0.42356395721435547,0,0.8817757368087769,0.962040901184082,0.32809875168221264,0.7467430233955383
184_class-20,4,0.42851704359054565,0,0.8740297555923462,0.9687191247940063,0.9273499486605059,0.7662560939788818
184_class-20,5,0.4887753129005432,0,0.8592764139175415,0.9487383365631104,0.7779632721202003,0.5862193703651428
185_class-16,0,0.7630170583724976,0,0.9944310188293457,0.8991613388061523,1.0,0.8010264039039612
185_class-16,1,0.9282820224761963,0,0.9855729937553406,0.9740636348724365,0.684687415790892,0.962001621723175
185_class-16,2,0.5067774653434753,1,0.9982778429985046,0.9910368323326111,0.23722639989257419,0.9897003173828125
185_class-16,3,0.4475841224193573,0,0.9911168217658997,0.9121255874633789,0.15216825672159584,0.4893248677253723
185_class-16,4,0.39744624495506287,0,0.9914489984512329,0.9451503753662109,0.3079562314540059,0.5441261529922485
185_class-16,5,0.9461209774017334,0,0.9857847690582275,0.9565049409866333,0.08223171310419633,0.8943678140640259
186_class-72,0,0.44832926988601685,1,0.9890587329864502,0.9949668645858765,1.0,0.9889937043190002
186_class-72,1,0.45810574293136597,0,0.9880580902099609,0.9907678365707397,0.2434422272288381,0.9771720170974731
186_class-72,2,0.1602352261543274,0,0.8494110107421875,0.8956923484802246,0.0008777834621287596,0.7695788145065308
186_class-72,3,0.16143973171710968,0,0.8485840559005737,0.95378577709198,0.9943080712940153,0.9493345618247986
186_class-72,4,0.16327804327011108,0,0.9087600708007812,0.982063889503479,0.794247799196661,0.8267499208450317
186_class-72,5,0.29805758595466614,0,0.9537535905838013,0.9268791675567627,0.5709357708202003,0.588718056678772
187_class-64,0,0.27456730604171753,0,0.945392906665802,0.9090396165847778,1.0,0.5510488748550415
187_class-64,1,0.3972548246383667,1,0.9949873685836792,0.9840949773788452,0.27654161603888217,0.9565709233283997
187_class-64,2,0.29164740443229675,0,0.9766058325767517,0.9113589525222778,0.368296917482884,0.8082743287086487
187_class-64,3,0.409242182970047,0,0.9932240843772888,0.8607083559036255,0.01700758839582852,0.7544994354248047
187_class-64,4,0.28113213181495667,0,0.9685289263725281,0.9459023475646973,0.07391116860715825,0.6981377005577087
187_class-64,5,0.33134010434150696,0,0.9830602407455444,0.9561553001403809,0.45816858808574057,0.806553065776825
188_class-24,0,0.4757941961288452,0,0.9871593117713928,0.8719155192375183,1.0,0.9419596791267395
188_class-24,1,0.47001945972442627,0,0.9951765537261963,0.9220209121704102,0.5849566213782943,0.9753193855285645
188_class-24,2,0.4720580279827118,1,0.9964956045150757,0.9522383213043213,0.3832610524953071,0.9704557657241821
188_class-24,3,0.4716033637523651,0,0.99452805519104,0.92091304063797,0.39839171323429196,0.9432935118675232
188_class-24,4,0.5836065411567688,0,0.9914438128471375,0.7714002132415771,3.9761431411530815e-05,0.9039044380187988
188_class-24,5,0.11119233071804047,0,0.45223426818847656,0.9599124193191528,0.066974306650589,0.7719784379005432
189_class-76,0,0.656794548034668,0,0.9929100871086121,0.9840679168701172,1.0,0.9759383201599121
189_class-76,1,0.6752755045890808,0,0.9907554388046265,0.9823665618896484,0.9373169302870533,0.9703144431114197
189_class-76,2,0.6765449047088623,0,0.9908201694488525,0.9842582941055298,0.9931221402966806,0.9730733633041382
189_class-76,3,0.500265896320343,0,0.9985539317131042,1.0023027658462524,0.38180916831914147,0.9921857118606567
189_class-76,4,0.541414737701416,0,0.9965847134590149,0.9859141111373901,0.7400090569455451,0.974798321723938
189_class-76,5,0.5003519058227539,1,0.9985437989234924,1.003682017326355,0.7395067315307161,0.9923346638679504
190_class-4,0,0.9521092176437378,0,0.985094428062439,1.0043721199035645,1.0,0.9918416738510132
190_class-4,1,0.9522244930267334,0,0.9851664900779724,1.0049480199813843,0.9980693547189426,0.9916521310806274
190_class-4,2,0.952688455581665,0,0.9851702451705933,1.0056824684143066,0.9971813225531284,0.9921126365661621
190_class-4,3,0.946487545967102,0,0.9855973124504089,1.0008171796798706,0.98225620847099,0.9879786372184753
190_class-4,4,0.9463031888008118,0,0.9855679273605347,1.0018501281738281,0.9972827112503302,0.9876121878623962
190_class-4,5,0.952995777130127,1,0.9851987361907959,1.0058985948562622,0.9816731589686515,0.9919490218162537
191_class-24,0,0.3762458860874176,0,0.970309317111969,0.9217336177825928,1.0,0.7449377179145813
191_class-24,1,0.4129447638988495,0,0.981910228729248,0.9179009199142456,0.4802289216120741,0.8913764357566833
191_class-24,2,0.44207942485809326,0,0.9801857471466064,0.7965500354766846,0.30421058813166163,0.7061852812767029
191_class-24,3,0.4911164343357086,1,0.9939358830451965,0.8885238170623779,0.517549569397156,0.8550226092338562
191_class-24,4,0.49587637186050415,0,0.9949679374694824,0.846551239490509,0.6670002382654276,0.8612397313117981
191_class-24,5,0.345586895942688,0,0.9722205400466919,0.9395089149475098,0.15600568977494514,0.8778418898582458
192_class-4,0,0.75766521692276,0,0.97805255651474,0.9703638553619385,1.0,0.9543995261192322
192_class-4,1,0.8187718391418457,1,0.986697793006897,0.9906406402587891,0.6223352619112337,0.9796898365020752
192_class-4,2,0.8217626810073853,0,0.9823672771453857,0.9862204790115356,0.7674238012036497,0.965686559677124
192_class-4,3,0.8666359186172485,0,0.9836175441741943,0.996627688407898,0.8813951693803534,0.9876442551612854
192_class-4,4,0.7938708662986755,0,0.9878606796264648,0.9547981023788452,0.8092568246848658,0.9018860459327698
192_class-4,5,0.870117723941803,0,0.982444167137146,1.0004204511642456,0.7915233090097924,0.9916267991065979
193_class-24,0,0.44074326753616333,0,0.9969213604927063,0.9244720935821533,1.0,0.7641935348510742
193_class-24,1,0.4190046489238739,1,0.9951425790786743,0.9397674798965454,0.5378757244911713,0.8963034749031067
193_class-24,2,0.4377089738845825,0,0.9919914603233337,0.9077692031860352,0.23430749065488615,0.8075699806213379
193_class-24,3,0.047656863927841187,0,0.704175591468811,0.9580487012863159,0.08581678450898604,0.6116642951965332
193_class-24,4,0.42363524436950684,0,0.9955565929412842,0.9217571020126343,0.10115625930206935,0.6985892057418823
193_class-24,5,0.40524381399154663,0,0.9544076919555664,0.9303656816482544,0.3212808258931328,0.6873485445976257
194_class-44,0,0.512033224105835,0,0.976911723613739,0.8771669864654541,1.0,0.7833251357078552
194_class-44,1,0.5791993737220764,0,0.9892951846122742,0.8652133941650391,0.4210213114144382,0.6970403790473938
194_class-44,2,0.43444013595581055,1,0.9921867847442627,0.9328795671463013,0.1374000751113257,0.8870384693145752
194_class-44,3,0.5256500244140625,0,0.9840829372406006,0.9493564367294312,0.16477619613765623,0.9120333790779114
194_class-44,4,0.5897104740142822,0,0.981082558631897,0.9263250827789307,0.5357124003589716,0.9761269092559814
194_class-44,5,0.45608216524124146,0,0.9739276170730591,0.9427400827407837,0.23681138682833153,0.8622982501983643
195_class-36,0,0.8258316516876221,0,0.9983971118927002,0.949189305305481,1.0,0.9605822563171387
195_class-36,1,0.8266839385032654,1,0.9985643625259399,0.9867851734161377,0.9020898469639624,0.9899634718894958
195_class-36,2,0.6072313785552979,0,0.997938334941864,0.9584206342697144,0.24024574755857137,0.9485535025596619
195_class-36,3,0.8313840627670288,0,0.9988976716995239,0.9593253135681152,0.2363536868986274,0.9767588376998901
195_class-36,4,0.4992305338382721,0,0.9935439825057983,0.9516057968139648,0.0866018198933166,0.8394626975059509
195_class-36,5,0.5806025266647339,0,0.9970073699951172,0.9736319780349731,0.6587056792778516,0.9166591763496399
196_class-64,0,0.39647218585014343,1,0.9896465539932251,0.9812971353530884,1.0,0.9272271394729614
196_class-64,1,0.2596334218978882,0,0.954975426197052,0.9973071813583374,0.3996406843330203,0.9852539300918579
196_class-64,2,0.25943076610565186,0,0.9548691511154175,1.0000629425048828,0.9989064348961522,0.9802521467208862
196_class-64,3,0.25951090455055237,0,0.9547401666641235,1.0102661848068237,0.999257173176605,0.9932220578193665
196_class-64,4,0.3524544835090637,0,0.9751806259155273,0.9440281391143799,0.5926264721736716,0.7718108892440796
196_class-64,5,0.2593964636325836,0,0.9553138017654419,0.9950586557388306,0.5923120250116324,0.9854047894477844
197_class-36,0,0.4858556389808655,0,0.9968829154968262,0.9038644433021545,1.0,0.9930101037025452
197_class-36,1,0.4840584397315979,1,0.9964540600776672,1.010498285293579,0.9881017755811825,0.9984074234962463
197_class-36,2,0.5085623264312744,0,0.9972963333129883,0.9740068912506104,0.9260212838997597,0.9858348965644836
197_class-36,3,0.48403236269950867,0,0.9963983297348022,1.0008991956710815,0.9271012006861064,0.9978967905044556
197_class-36,4,0.31699439883232117,0,0.9240986704826355,0.9783022403717041,0.02141902252978414,0.9552028179168701
197_class-36,5,0.48400256037712097,0,0.9963590502738953,0.9382687211036682,0.021415654361756496,0.9982346892356873
198_class-48,0,0.7354114651679993,0,0.9486643075942993,0.996429979801178,1.0,0.9483028054237366
198_class-48,1,0.7358951568603516,1,0.9508335590362549,0.9976293444633484,0.9959517682098141,0.9542399048805237
198_class-48,2,0.7353984117507935,0,0.9500468373298645,0.9972217082977295,0.9981195394318116,0.9433167576789856
198_class-48,3,0.4793134033679962,0,0.9168469905853271,0.9829820394515991,0.4082226092965005,0.9784814119338989
198_class-48,4,0.4690362513065338,0,0.9145450592041016,0.9780669212341309,0.9422001458890549,0.9731753468513489
198_class-48,5,0.4725956916809082,0,0.9245530366897583,0.9714616537094116,0.9686221009549796,0.9631301164627075
199_class-12,0,0.48350098729133606,1,0.9869734644889832,1.01255464553833,1.0,0.9952216148376465
199_class-12,1,0.9076427221298218,0,0.888117253780365,1.0137763023376465,0.5033106986570092,0.9897263050079346
199_class-12,2,0.9032854437828064,0,0.8886837363243103,1.0125072002410889,0.9931794175343293,0.9826377630233765
199_class-12,3,0.903300404548645,0,0.8886431455612183,1.0093762874603271,0.9985913697108058,0.9830668568611145
199_class-12,4,0.9031124114990234,0,0.8888382911682129,1.0127543210983276,0.9983667174664084,0.9842326045036316
199_class-12,5,0.903465986251831,0,0.8892597556114197,1.0125259160995483,0.9987788949302877,0.9821599721908569
200_class-12,0,0.32787784934043884,0,0.985075831413269,0.9977965354919434,1.0,0.9774525761604309
200_class-12,1,0.3360247313976288,0,0.9885175824165344,1.0064697265625,0.9447471160420848,0.9903376698493958
200_class-12,2,0.3255459666252136,0,0.9820278882980347,1.0029963254928589,0.9285598346552975,0.9853513836860657
200_class-12,3,0.3250287175178528,0,0.9818845391273499,1.0042915344238281,0.9980172918156407,0.9878205060958862
200_class-12,4,0.33624833822250366,1,0.9884138107299805,1.01199471950531,0.9294376469823242,0.9933775067329407
200_class-12,5,0.32675421237945557,0,0.9852105379104614,0.9989141225814819,0.9347324193318963,0.9715840816497803
201_class-36,0,0.662152111530304,0,0.9968050718307495,0.9412800073623657,1.0,0.8500235676765442
201_class-36,1,0.7053187489509583,0,0.999176025390625,0.8749755620956421,0.5599562960939634,0.8691060543060303
201_class-36,2,0.5256209969520569,0,0.9949144124984741,0.9310693740844727,0.25101231134197716,0.7103462815284729
201_class-36,3,0.7374923229217529,1,0.994313657283783,0.9853734970092773,0.26056518398360795,0.9871852993965149
201_class-36,4,0.7399670481681824,0,0.99410480260849,0.9829357862472534,0.9790839694656489,0.9874812960624695
201_class-36,5,0.47415509819984436,0,0.9920733571052551,0.895764946937561,0.15802130740587506,0.655021607875824
202_class-64,0,0.9688079953193665,0,0.9967690110206604,1.0144151449203491,1.0,0.997332751750946
202_class-64,1,0.9688223600387573,0,0.9967717528343201,1.0148651599884033,0.999870944428671,0.9973042011260986
202_class-64,2,0.9687066078186035,0,0.99679034948349,1.0148558616638184,0.9996386444002787,0.9972857236862183
202_class-64,3,0.9687504172325134,1,0.9967666864395142,1.0154317617416382,0.9997160484266502,0.9973442554473877
202_class-64,4,0.9687647819519043,0,0.9967623949050903,1.0147926807403564,0.9997676879791435,0.9973247647285461
202_class-64,5,0.8300227522850037,0,0.9912747144699097,0.97547447681427,0.7537681529663764,0.886658251285553
203_class-4,0,0.8671074509620667,1,0.9989377856254578,0.9954484701156616,1.0,0.9884401559829712
203_class-4,1,0.6711573004722595,0,0.996740460395813,0.9538899660110474,0.422138570261728,0.9232538938522339
203_class-4,2,0.6829535961151123,0,0.9904457330703735,0.8630261421203613,0.6147793664308153,0.7865524291992188
203_class-4,3,0.8612394332885742,0,0.9982723593711853,0.9185301065444946,0.4638364779874214,0.9651937484741211
203_class-4,4,0.761181116104126,0,0.9984488487243652,0.9668540954589844,0.6465202434506483,0.9596204161643982
203_class-4,5,0.7636563777923584,0,0.9983910918235779,0.949228048324585,0.9353320932268301,0.9405272603034973
204_class-44,0,0.3450045585632324,0,0.9742971658706665,0.930159330368042,1.0,0.7957879900932312
204_class-44,1,0.46267199516296387,0,0.9965282678604126,0.9507298469543457,0.21663079244909572,0.9508870244026184
204_class-44,2,0.2533821165561676,0,0.9345710873603821,0.9830455780029297,0.13548650292109576,0.9432556629180908
204_class-44,3,0.391591876745224,0,0.9852478504180908,0.9202375411987305,0.34493324737227177,0.8024255633354187
204_class-44,4,0.36615994572639465,0,0.9750829935073853,0.9426959753036499,0.6062792011090004,0.8162285685539246
204_class-44,5,0.4724586606025696,1,0.9987338185310364,0.9884697198867798,0.17794973773704537,0.9723480343818665
205_class-4,0,0.2851608693599701,0,0.9218944907188416,1.0153087377548218,1.0,0.9942777156829834
205_class-4,1,0.2851577699184418,1,0.9253198504447937,1.0144505500793457,0.9998019766332428,0.9944007992744446
205_class-4,2,0.28515195846557617,0,0.9245889782905579,1.0153578519821167,0.9999009820777561,0.9943580031394958
205_class-4,3,0.285186767578125,0,0.923466682434082,1.0152288675308228,0.9996849770033213,0.9942426681518555
205_class-4,4,0.2851927876472473,0,0.9244659543037415,1.0150009393692017,0.999828961345264,0.9943271279335022
205_class-4,5,0.28517910838127136,0,0.9235678911209106,1.014607310295105,0.999774963319021,0.9943047761917114
206_class-64,0,0.47911667823791504,0,0.9896486401557922,0.9853543043136597,1.0,0.9893035292625427
206_class-64,1,0.48101362586021423,1,0.9884142279624939,0.9930579662322998,0.6392470051340559,0.9936057925224304
206_class-64,2,0.44202902913093567,0,0.9891863465309143,0.9642521142959595,0.24111831383768514,0.9247068166732788
206_class-64,3,0.443400502204895,0,0.9862989187240601,0.9369354248046875,0.8553371265033559,0.9093817472457886
206_class-64,4,0.3810701370239258,0,0.9818480014801025,0.9524739980697632,0.21483454172453778,0.9150542616844177
206_class-64,5,0.444250226020813,0,0.9901361465454102,0.947403073310852,0.23311153276323657,0.9289172291755676
207_class-52,0,0.24414491653442383,0,0.9787321090698242,1.0039191246032715,1.0,0.990723729133606
207_class-52,1,0.2447950839996338,0,0.9796807169914246,1.00089430809021,0.9941096833954826,0.9791350960731506
207_class-52,2,0.24466772377490997,0,0.9794756174087524,1.0054147243499756,0.9982191835274477,0.9856093525886536
207_class-52,3,0.41586601734161377,0,0.978722333908081,0.8911610841751099,0.22544316665607725,0.7059194445610046
207_class-52,4,0.2446300983428955,1,0.979377269744873,1.0085936784744263,0.22548801601041948,0.9857075214385986
207_class-52,5,0.24463829398155212,0,0.9794446229934692,1.0070531368255615,0.9994993244854168,0.9861213564872742
208_class-20,0,0.3182421326637268,1,0.9911686778068542,1.0144163370132446,1.0,0.9967873096466064
208_class-20,1,0.31836697459220886,0,0.9911690950393677,1.0115721225738525,0.9988114501739865,0.9965608716011047
208_class-20,2,0.3183092176914215,0,0.9911639094352722,1.0128569602966309,0.9991261245773881,0.9965444207191467
208_class-20,3,0.31831666827201843,0,0.991131067276001,1.0142533779144287,0.9993410686148116,0.9967770576477051
208_class-20,4,0.31832969188690186,0,0.9911407828330994,1.0143107175827026,0.9998137215567147,0.9968051314353943
208_class-20,5,0.31832969188690186,0,0.9911261796951294,1.0144553184509277,0.9997420723057303,0.9967858791351318
209_class-28,0,0.3375895917415619,1,0.9977158904075623,0.9761072993278503,1.0,0.9950544834136963
209_class-28,1,0.337635338306427,0,0.9977080225944519,0.9574954509735107,0.9965769593956563,0.9929614663124084
209_class-28,2,0.3375387191772461,0,0.9975775480270386,0.954971969127655,0.9950419076850431,0.9911782741546631
209_class-28,3,0.33763331174850464,0,0.997747004032135,0.9678305983543396,0.9900164435048155,0.9939224720001221
209_class-28,4,0.33827972412109375,0,0.997876763343811,0.9065626263618469,0.9806309440964973,0.9607031345367432
209_class-28,5,0.3375958204269409,0,0.9978753924369812,0.9389137625694275,0.9831120428604705,0.9894351959228516
210_class-48,0,0.3934944272041321,1,0.987818717956543,1.007959008216858,1.0,0.9926789999008179
210_class-48,1,0.3963286876678467,0,0.9880949854850769,0.9985984563827515,0.9677787934186471,0.9911045432090759
210_class-48,2,0.39634546637535095,0,0.9881060123443604,0.9982078075408936,0.9991633594336587,0.9908573031425476
210_class-48,3,0.3960939049720764,0,0.9880095720291138,0.999474048614502,0.9966407771144917,0.9903928637504578
210_class-48,4,0.39647403359413147,0,0.9882556796073914,0.9988143444061279,0.995121742479353,0.9910928606987
210_class-48,5,0.39800578355789185,0,0.9880808591842651,0.9983469247817993,0.9818623342574088,0.9811702966690063
211_class-36,0,0.6790060997009277,0,0.9781421422958374,0.9293601512908936,1.0,0.8652935028076172
211_class-36,1,0.46268388628959656,0,0.976179301738739,0.9424338340759277,0.4418676086622639,0.9352070093154907
211_class-36,2,0.4400556683540344,0,0.9769140481948853,0.9219775199890137,0.22003306231233763,0.8244379162788391
211_class-36,3,0.4741455316543579,1,0.9801558256149292,0.9625800848007202,0.10172483542348572,0.9825229048728943
211_class-36,4,0.6519535779953003,0,0.9736292362213135,0.9501514434814453,0.22199681205622374,0.8892847895622253
211_class-36,5,0.3775770962238312,0,0.8439695835113525,0.9009978771209717,0.02804074775327342,0.6500092148780823
212_class-64,0,0.4487895369529724,1,0.9980043172836304,0.9985053539276123,1.0,0.9913869500160217
212_class-64,1,0.4474627673625946,0,0.9969388842582703,0.8650712370872498,0.969492352749756,0.9769172072410583
212_class-64,2,0.4243563711643219,0,0.9958212375640869,0.9925881624221802,0.6242542632384773,0.9774683117866516
212_class-64,3,0.4226531982421875,0,0.9912070035934448,0.914516031742096,0.9663189974515934,0.9339215755462646
212_class-64,4,0.4302746057510376,0,0.9921029806137085,0.8742056488990784,0.5014350658873317,0.860287606716156
212_class-64,5,0.44776651263237,0,0.9661887884140015,0.7933896780014038,0.21980924431401322,0.7422549724578857
213_class-52,0,0.9693597555160522,0,0.9847002029418945,0.9577310085296631,1.0,0.8905678987503052
213_class-52,1,0.5997006297111511,0,0.9903374910354614,0.9905200004577637,0.4605921413949773,0.9673793911933899
213_class-52,2,0.6010870337486267,0,0.9908909797668457,0.9938486814498901,0.9931844079895079,0.9738476276397705
213_class-52,3,0.7672751545906067,0,0.9870384335517883,0.9682533740997314,0.6477575689898243,0.8427335619926453
213_class-52,4,0.600929319858551,1,0.9906501173973083,0.9950159788131714,0.6480436786103276,0.9740752577781677
213_class-52,5,0.600627064704895,0,0.9906949400901794,0.9931995868682861,0.9968591343257895,0.9744146466255188
214_class-64,0,0.2595537602901459,1,0.9438558220863342,0.9986261129379272,1.0,0.983456015586853
214_class-64,1,0.25952208042144775,0,0.9459792971611023,0.975116491317749,0.998245341995087,0.9680671095848083
214_class-64,2,0.2482726126909256,0,0.9416127800941467,0.9656387567520142,0.9526433346563626,0.9353152513504028
214_class-64,3,0.4397393763065338,0,0.9868298768997192,0.8586986064910889,0.1617516379245425,0.5646207332611084
214_class-64,4,0.2616165578365326,0,0.945421576499939,0.9532213807106018,0.1251434078289202,0.8613761067390442
214_class-64,5,0.25997114181518555,0,0.9441893100738525,0.9146437048912048,0.9918444473529219,0.8714986443519592
215_class-28,0,0.9785922765731812,1,0.9573348760604858,1.0109899044036865,1.0,0.9930089712142944
215_class-28,1,0.978462815284729,0,0.9574059247970581,1.0076929330825806,0.9982643396974211,0.992279052734375
215_class-28,2,0.39568811655044556,0,0.9478073120117188,0.9810199737548828,0.3888856268982561,0.82975834608078
215_class-28,3,0.9785043001174927,0,0.9573550224304199,1.007952094078064,0.3891252248453438,0.9925675392150879
215_class-28,4,0.978486180305481,0,0.957455039024353,1.0076665878295898,0.9992889277851468,0.9926802515983582
215_class-28,5,0.9758508205413818,0,0.9570173025131226,0.9169758558273315,0.9901827292285068,0.7246821522712708
216_class-40,0,0.36580556631088257,0,0.8818090558052063,1.0005759000778198,1.0,0.9763951301574707
216_class-40,1,0.3451343774795532,0,0.9388233423233032,0.9815690517425537,0.8010488364470665,0.9353264570236206
216_class-40,2,0.34223467111587524,0,0.9451280832290649,0.9870288372039795,0.9704669272676906,0.9595369100570679
216_class-40,3,0.4290354251861572,0,0.9969576001167297,0.9648734331130981,0.2248837724153199,0.9626706838607788
216_class-40,4,0.40653276443481445,1,0.9959625005722046,0.9805536270141602,0.4599120534907536,0.9635744690895081
216_class-40,5,0.3654356896877289,0,0.899289608001709,0.982723593711853,0.030439009797322565,0.9638040661811829
217_class-20,0,0.9653320908546448,0,0.979080319404602,1.0054093599319458,1.0,0.9878426790237427
217_class-20,1,0.9652836918830872,0,0.978969395160675,1.0056812763214111,0.9994627567295316,0.9876550436019897
217_class-20,2,0.9651294946670532,0,0.9795256853103638,1.0068204402923584,0.9942226130709205,0.9892022013664246
217_class-20,3,0.9590457677841187,0,0.9815714955329895,0.9867633581161499,0.9826575663624711,0.9613409638404846
217_class-20,4,0.9652045965194702,0,0.9791756868362427,1.0056275129318237,0.9809219764788485,0.9877814054489136
217_class-20,5,0.9646389484405518,1,0.979893684387207,1.0070445537567139,0.9946823304297523,0.9892677068710327
218_class-0,0,0.03174116834998131,0,0.9722940325737,0.9901031255722046,1.0,0.9193968176841736
218_class-0,1,0.7290012836456299,0,0.9902846217155457,0.9483486413955688,0.0,0.9213654398918152
218_class-0,2,0.8641000986099243,0,0.9895496964454651,0.9960017204284668,0.5902545003103662,0.9910178184509277
218_class-0,3,0.03160089999437332,0,0.9722788333892822,0.986634373664856,0.0,0.9111425876617432
218_class-0,4,0.8639240264892578,1,0.9897077083587646,0.9986903667449951,0.0,0.9910721182823181
218_class-0,5,0.031682707369327545,0,0.9724167585372925,0.9832406044006348,0.0,0.9076976180076599
219_class-24,0,0.47426244616508484,0,0.9876774549484253,0.7983047962188721,1.0,0.6301988959312439
219_class-24,1,0.4635142683982849,0,0.9977322816848755,0.9729108810424805,0.18958378731749836,0.9778062105178833
219_class-24,2,0.4639689326286316,0,0.9987587332725525,0.998276948928833,0.9767357849866339,0.9875286221504211
219_class-24,3,0.48004090785980225,0,0.9952391386032104,0.9566129446029663,0.2678963247394405,0.97496098279953
219_class-24,4,0.5603193044662476,0,0.988710343837738,0.9241676330566406,0.16377015234432776,0.8598170876502991
219_class-24,5,0.4639819860458374,1,0.9987260103225708,0.9995929002761841,0.3916137318199174,0.9880938529968262
220_class-64,0,0.9602885246276855,0,0.9958547353744507,1.0167458057403564,1.0,0.9987180829048157
220_class-64,1,0.9603060483932495,0,0.9958620667457581,1.0169529914855957,0.9999124394372775,0.9987119436264038
220_class-64,2,0.9602700471878052,0,0.995842695236206,1.016759991645813,0.9997665051660732,0.9987275004386902
220_class-64,3,0.9602885246276855,0,0.9958466291427612,1.016973853111267,0.9998540529495898,0.9987407922744751
220_class-64,4,0.9603205919265747,0,0.9958553314208984,1.0171003341674805,0.9999416228838295,0.9987475872039795
220_class-64,5,0.960289478302002,1,0.9958627223968506,1.0171332359313965,0.9998832525830366,0.9986960291862488
221_class-16,0,0.400826096534729,0,0.9986250400543213,0.9664247632026672,1.0,0.9562029242515564
221_class-16,1,0.3947485089302063,0,0.9973615407943726,0.9678623676300049,0.5733729512124988,0.930270791053772
221_class-16,2,0.3856472969055176,0,0.9957361221313477,0.9749191999435425,0.6642073913632056,0.965536892414093
221_class-16,3,0.4017171859741211,1,0.9977147579193115,0.9845020771026611,0.400094123974721,0.9606625437736511
221_class-16,4,0.4009411633014679,0,0.993511438369751,0.9668366312980652,0.9338156072033246,0.9553993940353394
221_class-16,5,0.39598992466926575,0,0.9981322288513184,0.9763280153274536,0.7023331524688009,0.9568542838096619
222_class-40,0,0.4932066798210144,0,0.997199535369873,0.9083781838417053,1.0,0.8229570388793945
222_class-40,1,0.5285917520523071,0,0.9980562925338745,0.9426233768463135,0.6984654645579397,0.842174768447876
222_class-40,2,0.5549991726875305,1,0.998788595199585,0.9728908538818359,0.0,0.972159206867218
222_class-40,3,0.5274306535720825,0,0.9982545375823975,0.9428921937942505,0.0,0.8587923645973206
222_class-40,4,0.5553008317947388,0,0.9988356828689575,0.9497172832489014,0.0,0.9844921231269836
222_class-40,5,0.5390943288803101,0,0.9777770638465881,0.7901269197463989,0.07794511077043316,0.5709231495857239
223_class-12,0,0.7860368490219116,0,0.9843941926956177,0.9240990877151489,1.0,0.6797767281532288
223_class-12,1,0.9677532911300659,0,0.9884784817695618,1.0114593505859375,0.6655991876745231,0.994737446308136
223_class-12,2,0.9681003093719482,0,0.9884582757949829,1.01095712184906,0.9992489890236858,0.994960367679596
223_class-12,3,0.9694839119911194,0,0.9882892966270447,0.9456171989440918,0.994392523364486,0.9594666361808777
223_class-12,4,0.9684982299804688,1,0.988883376121521,1.0107460021972656,0.9945386605346364,0.9948535561561584
223_class-12,5,0.254448264837265,0,0.8762099742889404,0.9772286415100098,0.1797311282840647,0.7888014912605286
224_class-76,0,0.6659822463989258,1,0.995113730430603,0.9894806146621704,1.0,0.9688701033592224
224_class-76,1,0.6631319522857666,0,0.9946861267089844,0.9905167818069458,0.9799890565152818,0.9669380187988281
224_class-76,2,0.5735491514205933,0,0.9841917157173157,0.9054176807403564,0.7484947267497603,0.8954977989196777
224_class-76,3,0.6079016327857971,0,0.9865857362747192,0.9366909265518188,0.6188004790713386,0.8700698614120483
224_class-76,4,0.5624979734420776,0,0.9893025755882263,0.9572595357894897,0.5083351374756441,0.8690723776817322
224_class-76,5,0.49117225408554077,0,0.9903334975242615,0.8620153665542603,0.38591302168191505,0.889949381351471
225_class-24,0,0.596867561340332,0,0.9922010898590088,0.837739109992981,1.0,0.907187819480896
225_class-24,1,0.41434600949287415,0,0.9737764596939087,0.9071270227432251,0.23455246128117502,0.7996248006820679
225_class-24,2,0.4316038191318512,0,0.9715201258659363,0.9038569927215576,0.862652093215096,0.8363423347473145
225_class-24,3,0.6569952368736267,1,0.9950405955314636,0.9401546716690063,0.16172286359028026,0.7868581414222717
225_class-24,4,0.3951602876186371,0,0.953224778175354,0.8648949861526489,0.1436958699483902,0.7992284893989563
225_class-24,5,0.4800778031349182,0,0.9974229335784912,0.8415814638137817,0.042267332280576636,0.6310780644416809
226_class-28,0,0.645237147808075,0,0.9945154190063477,0.975007176399231,1.0,0.9368632435798645
226_class-28,1,0.6354891061782837,0,0.9951359033584595,0.9602116346359253,0.9528893407896967,0.9126699566841125
226_class-28,2,0.7412290573120117,0,0.9916328191757202,0.9630025625228882,0.7697034823197555,0.9509317278862
226_class-28,3,0.7100667953491211,0,0.9929091334342957,0.9802066087722778,0.915398313342069,0.9369519352912903
226_class-28,4,0.9465575218200684,1,0.992232084274292,0.9908404350280762,0.529601756036375,0.9855853319168091
226_class-28,5,0.7196928262710571,0,0.994939386844635,0.9646713733673096,0.5428777432292371,0.9306463003158569
227_class-48,0,0.9696390628814697,0,0.9959477186203003,1.0064821243286133,1.0,0.9895821213722229
227_class-48,1,0.9707961082458496,0,0.9960755109786987,1.0038824081420898,0.99659806089471,0.9857236742973328
227_class-48,2,0.9692965745925903,0,0.995965301990509,1.0064504146575928,0.9955984605243573,0.9897805452346802
227_class-48,3,0.9692243337631226,1,0.9959765672683716,1.0066603422164917,0.9996583970280541,0.9898464679718018
227_class-48,4,0.8392365574836731,0,0.9955518841743469,0.9806989431381226,0.7782706578837655,0.9612966775894165
227_class-48,5,0.9707136154174805,0,0.9959176182746887,0.9967342615127563,0.7781143380211367,0.9810967445373535
228_class-20,0,0.6801769137382507,0,0.9231876134872437,0.9928746223449707,1.0,0.9866005182266235
228_class-20,1,0.6347511410713196,0,0.9218271970748901,0.9551988244056702,0.82501223690651,0.978699803352356
228_class-20,2,0.24271906912326813,1,0.960578978061676,0.9688977003097534,0.0,0.9174461960792542
228_class-20,3,0.6804028749465942,0,0.9228821992874146,0.9999101161956787,0.0,0.9852554798126221
228_class-20,4,0.6802440881729126,0,0.922949492931366,1.0002764463424683,0.998675171736997,0.9852154850959778
228_class-20,5,0.7163518667221069,0,0.9403893947601318,0.9571784734725952,0.5804752858047528,0.6495436429977417
229_class-56,0,0.5220497250556946,1,0.9901235699653625,0.9677423238754272,1.0,0.9835794568061829
229_class-56,1,0.40570077300071716,0,0.9877662658691406,0.9594006538391113,0.08599067196406979,0.8351470828056335
229_class-56,2,0.4732803404331207,0,0.9911662340164185,0.8623823523521423,0.09795356158992523,0.9840618371963501
229_class-56,3,0.4631943702697754,0,0.9917430281639099,0.7760094404220581,0.6428849144634525,0.8126010894775391
229_class-56,4,0.4157114028930664,0,0.9893442988395691,0.9677958488464355,0.12176136995440899,0.9192134141921997
229_class-56,5,0.43574801087379456,0,0.9913559556007385,0.930249810218811,0.6519076226886167,0.8325348496437073
230_class-64,0,0.5901688933372498,0,0.9670634269714355,0.970626711845398,1.0,0.8581222295761108
230_class-64,1,0.6275112628936768,0,0.9666974544525146,0.9550902843475342,0.9149552108367927,0.8369737863540649
230_class-64,2,0.5913815498352051,0,0.9648376107215881,0.9688746929168701,0.9148191791583313,0.8590085506439209
230_class-64,3,0.7005562782287598,1,0.9967224597930908,0.9769033193588257,0.3064897165091718,0.9681155681610107
230_class-64,4,0.8358274698257446,0,0.9924968481063843,0.9571249485015869,0.6118781995064347,0.646287202835083
230_class-64,5,0.9649913311004639,0,0.9911407828330994,0.9800630807876587,0.7657822811812546,0.9676098823547363
231_class-72,0,0.34431320428848267,0,0.9577178955078125,1.005021572113037,1.0,0.9906259179115295
231_class-72,1,0.33217653632164,0,0.9754339456558228,0.9508565664291382,0.5607914002409415,0.943622350692749
231_class-72,2,0.32028311491012573,0,0.976094126701355,1.0070199966430664,0.9058071686579605,0.9916660189628601
231_class-72,3,0.3321225345134735,1,0.9908311367034912,1.0046107769012451,0.8399315488353085,0.988783597946167
231_class-72,4,0.3203352987766266,0,0.9786173105239868,1.0076040029525757,0.8397375341486455,0.9915263056755066
231_class-72,5,0.28975942730903625,0,0.907766580581665,0.9755666255950928,0.5935214052163333,0.9452447295188904
232_class-32,0,0.4621802568435669,0,0.9918246865272522,0.9848666191101074,1.0,0.9853533506393433
232_class-32,1,0.47122135758399963,0,0.9907886981964111,0.8694847822189331,0.03136715391229579,0.8705766797065735
232_class-32,2,0.9284853935241699,1,0.9992269277572632,1.00174880027771,0.0,0.9974240660667419
232_class-32,3,0.42391741275787354,0,0.9822163581848145,0.9718263149261475,0.0035086870251173595,0.9330729842185974
232_class-32,4,0.4369847774505615,0,0.9818811416625977,0.85374915599823,0.7833022853094744,0.8015379309654236
232_class-32,5,0.4228973090648651,0,0.9837548732757568,0.9894841909408569,0.7955297130054412,0.9714082479476929
233_class-20,0,0.9075718522071838,0,0.9592850804328918,1.0133495330810547,1.0,0.9920713901519775
233_class-20,1,0.9074508547782898,0,0.9592760801315308,1.0133512020111084,0.9996782339239373,0.9920923709869385
233_class-20,2,0.9075319170951843,1,0.9593091607093811,1.0133415460586548,0.9997621479439789,0.9920443296432495
233_class-20,3,0.9074580669403076,0,0.9592413902282715,1.0133415460586548,0.9997691371325432,0.9920493364334106
233_class-20,4,0.9069349765777588,0,0.9593747854232788,1.0122350454330444,0.9988524567222246,0.9917629957199097
233_class-20,5,0.9075126051902771,0,0.9592012763023376,1.0137790441513062,0.9988245007626751,0.9919146299362183
234_class-0,0,0.9078890085220337,0,0.9973416328430176,0.9922890663146973,1.0,0.9767383337020874
234_class-0,1,0.945470929145813,0,0.9962728023529053,1.0017424821853638,0.9096161378770075,0.9858556389808655
234_class-0,2,0.8480150699615479,0,0.9971540570259094,0.9739868640899658,0.7825129204439549,0.9334398508071899
234_class-0,3,0.9459631443023682,1,0.9962380528450012,1.0022996664047241,0.7833861762840837,0.9935568571090698
234_class-0,4,0.0755646824836731,0,0.9035105109214783,0.9399409294128418,0.0661126321485394,0.465303897857666
234_class-0,5,0.9456852674484253,0,0.9962207674980164,0.9987962245941162,0.06607008007882696,0.9931418895721436
235_class-68,0,0.3960478603839874,1,0.9927644729614258,0.9892586469650269,1.0,0.9842053055763245
235_class-68,1,0.3989257514476776,0,0.9900720119476318,0.9848625659942627,0.9700270178993583,0.9907331466674805
235_class-68,2,0.36007216572761536,0,0.9833451509475708,0.9416763782501221,0.14158416851034328,0.8194665312767029
235_class-68,3,0.3543619215488434,0,0.990472674369812,0.9663200378417969,0.1955743055002786,0.9112176299095154
235_class-68,4,0.39790016412734985,0,0.9911665916442871,0.9883606433868408,0.5820559619052846,0.9781695008277893
235_class-68,5,0.2782922089099884,0,0.9687011241912842,0.9638746976852417,0.41301673450927184,0.8156657218933105
236_class-28,0,0.7319964170455933,0,0.9827157258987427,1.0169090032577515,1.0,0.9936798214912415
236_class-28,1,0.7319701910018921,0,0.9827316999435425,1.0173916816711426,0.9997278170930866,0.9937425851821899
236_class-28,2,0.7319718599319458,0,0.9826927781105042,1.0172488689422607,0.9998298958111843,0.993811845779419
236_class-28,3,0.9706135988235474,1,0.9872980117797852,1.0136841535568237,0.6818347875585159,0.9943107962608337
236_class-28,4,0.9707071781158447,0,0.987244725227356,1.013486623764038,0.9997885466938654,0.9943563342094421
236_class-28,5,0.9706735610961914,0,0.9871711134910583,1.013437032699585,0.9997512375929749,0.9943264126777649
237_class-0,0,0.8678246736526489,0,0.9768111109733582,1.0059558153152466,1.0,0.9855111837387085
237_class-0,1,0.867216944694519,1,0.976745069026947,1.006806492805481,0.99894083825087,0.9856201410293579
237_class-0,2,0.8673456311225891,0,0.9764750599861145,1.0066943168640137,0.9988139399904106,0.9866204857826233
237_class-0,3,0.8675991296768188,0,0.9767359495162964,1.0063741207122803,0.9980669344942933,0.9852596521377563
237_class-0,4,0.8642293214797974,0,0.9750853776931763,1.0068638324737549,0.9858170725642004,0.983950138092041
237_class-0,5,0.864881157875061,0,0.9751185774803162,1.006261944770813,0.9985084026649872,0.9840584993362427
238_class-44,0,0.5286456346511841,0,0.9955412745475769,0.9903838634490967,1.0,0.9026825428009033
238_class-44,1,0.6229119300842285,0,0.9963912963867188,0.9025014638900757,0.4340309372156506,0.7137839794158936
238_class-44,2,0.5558962225914001,0,0.9978005886077881,0.9508894681930542,0.42777317134720066,0.8124876618385315
238_class-44,3,0.5175016522407532,0,0.9974040985107422,0.9473352432250977,0.7576920343920983,0.8013191819190979
238_class-44,4,0.5821306705474854,0,0.9964494705200195,0.9564645290374756,0.624157073134384,0.8501434326171875
238_class-44,5,0.5527786016464233,1,0.9966009855270386,0.9879297018051147,0.569304571591956,0.942501962184906
239_class-12,0,0.3647235929965973,0,0.9150763750076294,1.0005161762237549,1.0,0.9009292721748352
239_class-12,1,0.36377376317977905,0,0.9152971506118774,0.9984447956085205,0.9866232755006289,0.9143357276916504
239_class-12,2,0.7016301155090332,1,0.9946418404579163,1.0091633796691895,0.41416522778589454,0.9878683686256409
239_class-12,3,0.7018724679946899,0,0.9948886632919312,0.9894387722015381,0.9961739513792669,0.9880528450012207
239_class-12,4,0.3600783348083496,0,0.9124569892883301,0.997199296951294,0.4109437393745305,0.9156566262245178
239_class-12,5,0.700908899307251,0,0.9943583607673645,0.9062720537185669,0.4102422363927112,0.9402596354484558
240_class-56,0,0.47437798976898193,0,0.9846112728118896,0.8350284099578857,1.0,0.8889755010604858
240_class-56,1,0.43744292855262756,0,0.9369856119155884,0.9305644035339355,0.06133073043761184,0.9006709456443787
240_class-56,2,0.5118421316146851,0,0.9645218849182129,0.9272288084030151,0.30855629622865494,0.8091042041778564
240_class-56,3,0.7684293389320374,1,0.9924302101135254,0.9415863752365112,0.17798452308494914,0.9530031085014343
240_class-56,4,0.7317475080490112,0,0.9832037687301636,0.9174147844314575,0.6222640621322664,0.905024528503418
240_class-56,5,0.4397048354148865,0,0.9415537714958191,0.9438241720199585,0.07878936404852346,0.8991938233375549
241_class-64,0,0.4685386121273041,0,0.9938845634460449,0.8491624593734741,1.0,0.625839114189148
241_class-64,1,0.4102409780025482,1,0.9915545582771301,0.980704665184021,0.4331422593230313,0.982255220413208
241_class-64,2,0.404675155878067,0,0.9905520677566528,0.9643056392669678,0.9194231359312672,0.9237115979194641
241_class-64,3,0.40043380856513977,0,0.9895249009132385,0.9403949975967407,0.9312428134318177,0.9130726456642151
241_class-64,4,0.4103740155696869,0,0.9919705390930176,0.8822193145751953,0.8904090712232765,0.8773506283760071
241_class-64,5,0.4243849813938141,0,0.9922338128089905,0.978201150894165,0.9555363285289215,0.9646099209785461
242_class-0,0,0.878961980342865,0,0.9901975989341736,1.0071650743484497,1.0,0.9923049211502075
242_class-0,1,0.8795905113220215,0,0.9902576208114624,0.9879815578460693,0.9935770958398052,0.988493025302887
242_class-0,2,0.8793517351150513,0,0.9901772737503052,1.0070332288742065,0.9933708148023831,0.9922189116477966
242_class-0,3,0.8793190717697144,1,0.9901424050331116,1.0089640617370605,0.9970988900100908,0.9918127059936523
242_class-0,4,0.8790467381477356,0,0.9900885820388794,1.0069292783737183,0.9965524490224932,0.9925068020820618
242_class-0,5,0.8781179189682007,0,0.9902722239494324,1.0015859603881836,0.991890756302521,0.9885593056678772
243_class-48,0,0.062290992587804794,0,0.8303519487380981,0.9763755798339844,1.0,0.9270530939102173
243_class-48,1,0.05020126700401306,0,0.8161495327949524,0.9647574424743652,0.9360622758681011,0.8968123197555542
243_class-48,2,0.09962785243988037,0,0.9032299518585205,0.9839333295822144,0.7438397808836528,0.9614461660385132
243_class-48,3,0.09979506582021713,0,0.9004709124565125,0.9892916679382324,0.9923244759604145,0.9738942384719849
243_class-48,4,0.10019136220216751,0,0.8996891975402832,0.9894726276397705,0.9939053770722369,0.9695278406143188
243_class-48,5,0.1311005800962448,1,0.9501198530197144,0.9936504364013672,0.7800918355332871,0.9820353388786316
244_class-32,0,0.6856851577758789,0,0.9541386961936951,0.9823036193847656,1.0,0.9338020086288452
244_class-32,1,0.8623117804527283,0,0.9956285953521729,0.999394416809082,0.5744169394435352,0.9705330729484558
244_class-32,2,0.8275517225265503,1,0.9952849745750427,1.0055307149887085,0.9182062277080912,0.991569459438324
244_class-32,3,0.8740406632423401,0,0.995140552520752,0.9894981384277344,0.893368162501462,0.9634819626808167
244_class-32,4,0.8634743094444275,0,0.9953442215919495,1.002385139465332,0.974326960593055,0.9786665439605713
244_class-32,5,0.9218612909317017,0,0.9948129057884216,0.9962503910064697,0.8809768182622545,0.9750832915306091
245_class-60,0,0.1364431083202362,0,0.9955459833145142,1.0021108388900757,1.0,0.9847730994224548
245_class-60,1,0.10771031677722931,0,0.9934108257293701,0.9969924688339233,0.7254475489375941,0.9682766199111938
245_class-60,2,0.13623781502246857,1,0.9956116080284119,1.0045881271362305,0.7239611666736411,0.9860737323760986
245_class-60,3,0.10783800482749939,0,0.9935551881790161,0.9976422786712646,0.7247666094528404,0.96750408411026
245_class-60,4,0.13610729575157166,0,0.9956125617027283,1.001630187034607,0.7241018340172515,0.9831388592720032
245_class-60,5,0.10763190686702728,0,0.9935981631278992,0.9972827434539795,0.7235916966602495,0.9682300090789795
246_class-4,0,0.13273915648460388,0,0.9194258451461792,1.0139201879501343,1.0,0.9875989556312561
246_class-4,1,0.2952156960964203,0,0.9563676714897156,0.9472713470458984,0.572459339482748,0.5776073932647705
246_class-4,2,0.13294276595115662,0,0.9196904897689819,1.008406400680542,0.5727306768036327,0.9868313074111938
246_class-4,3,0.1328430026769638,0,0.9192095994949341,1.0119951963424683,0.9997678011240321,0.9872588515281677
246_class-4,4,0.13273915648460388,0,0.9194828867912292,1.0127004384994507,0.9997583820122514,0.986848771572113
246_class-4,5,0.132722869515419,1,0.9197953939437866,1.0132484436035156,0.9999621005755975,0.9875145554542542
247_class-8,0,0.9311386346817017,1,0.9923267364501953,0.997331976890564,1.0,0.9902370572090149
247_class-8,1,0.926068127155304,0,0.9926340579986572,0.9671701192855835,0.9150070126227209,0.9752994775772095
247_class-8,2,0.852211594581604,0,0.9941181540489197,0.9752144813537598,0.7442580840132971,0.9685621857643127
247_class-8,3,0.9349520802497864,0,0.9921146631240845,0.9609358310699463,0.7996051332675223,0.9763281345367432
247_class-8,4,0.9223842024803162,0,0.9926912784576416,0.9677540063858032,0.9639988922736085,0.9805158376693726
247_class-8,5,0.3229152262210846,0,0.9774125814437866,0.9886482954025269,0.06927485466669955,0.967235803604126
248_class-44,0,0.455708384513855,0,0.9975612759590149,0.9853713512420654,1.0,0.9840458631515503
248_class-44,1,0.45576056838035583,1,0.9975631833076477,0.9857792854309082,0.9964485032978183,0.9842909574508667
248_class-44,2,0.39636409282684326,0,0.996407687664032,0.9175844192504883,0.3658896882494005,0.8115012049674988
248_class-44,3,0.37711870670318604,0,0.9938943982124329,0.94399094581604,0.7121891561353445,0.7917485237121582
248_class-44,4,0.4224165678024292,0,0.9953603744506836,0.9119342565536499,0.2158371040723982,0.7988442778587341
248_class-44,5,0.3791368007659912,0,0.994560718536377,0.9350804090499878,0.198561764885124,0.7592819929122925
249_class-8,0,0.8444187641143799,0,0.9710730314254761,0.9843335151672363,1.0,0.9788767099380493
249_class-8,1,0.8397362232208252,0,0.9711857438087463,0.9954646825790405,0.9864759611980457,0.9828042387962341
249_class-8,2,0.8445386290550232,0,0.9719045162200928,0.993278980255127,0.9848618823612634,0.9810458421707153
249_class-8,3,0.8479688763618469,1,0.9709314107894897,0.9995028972625732,0.9891692954784438,0.9896040558815002
249_class-8,4,0.8436044454574585,0,0.9710279107093811,1.000999093055725,0.987585916678356,0.9847070574760437
249_class-8,5,0.8443105220794678,0,0.9710837602615356,0.9973983764648438,0.994199618023626,0.9850655198097229
250_class-72,0,0.34524866938591003,0,0.9776404500007629,0.9959602355957031,1.0,0.9770205020904541
250_class-72,1,0.436563640832901,1,0.9928725957870483,0.9894658327102661,0.3718306684863586,0.9656697511672974
250_class-72,2,0.3457387387752533,0,0.9777806997299194,0.9870320558547974,0.37307639159328165,0.9672811627388
250_class-72,3,0.48041173815727234,0,0.9941648244857788,0.9756665229797363,0.08488597123667134,0.9095392823219299
250_class-72,4,0.34441012144088745,0,0.977502167224884,0.9903039932250977,0.08412726269869127,0.9695562720298767
250_class-72,5,0.3447604477405548,0,0.9773549437522888,0.9932413101196289,0.9940159491230486,0.9715811014175415
251_class-8,0,0.5524666905403137,1,0.9956085085868835,0.9701519012451172,1.0,0.9458077549934387
251_class-8,1,0.46414968371391296,0,0.9936810731887817,0.9257371425628662,0.26552443903287526,0.9386668801307678
251_class-8,2,0.4715285003185272,0,0.9868592619895935,0.8560407161712646,0.13459176711394133,0.8438197374343872
251_class-8,3,0.3314283490180969,0,0.9293236136436462,0.9519195556640625,0.3002054132431126,0.8700056076049805
251_class-8,4,0.4344634711742401,0,0.9850898385047913,0.9502733945846558,0.4768855183877,0.9162724614143372
251_class-8,5,0.4986117482185364,0,0.9910974502563477,0.9239867925643921,0.024378498766026605,0.8727918863296509
252_class-56,0,0.48399126529693604,0,0.9949184656143188,0.893203854560852,1.0,0.9168113470077515
252_class-56,1,0.48128291964530945,0,0.9959931373596191,0.9477294683456421,0.5909140667761358,0.9160259962081909
252_class-56,2,0.4885362386703491,1,0.9965990781784058,0.9629335403442383,0.369775651975857,0.9869745373725891
252_class-56,3,0.2321559339761734,0,0.8803273439407349,0.9840120077133179,0.023487887697490474,0.8568185567855835
252_class-56,4,0.22384968400001526,0,0.9553497433662415,0.9810357093811035,0.12168308172034834,0.8661698698997498
252_class-56,5,0.43714970350265503,0,0.9893772006034851,0.8871901035308838,0.13721373801507955,0.6754007339477539
253_class-72,0,0.4577544331550598,0,0.9860129356384277,0.8971666097640991,1.0,0.8714057207107544
253_class-72,1,0.4063352644443512,0,0.9671595096588135,0.9197944402694702,0.22790622734230243,0.824150800704956
253_class-72,2,0.40629613399505615,0,0.9776811599731445,0.9355378150939941,0.8775142536190416,0.860161542892456
253_class-72,3,0.4575755298137665,0,0.9923489689826965,0.9007049798965454,0.334520350424923,0.8347778916358948
253_class-72,4,0.4090166985988617,0,0.9786365032196045,0.9489091634750366,0.1643461110351696,0.8469032049179077
253_class-72,5,0.4584662616252899,1,0.9893918633460999,0.983649492263794,0.15786073644852494,0.9808522462844849
254_class-64,0,0.38554322719573975,0,0.9888255000114441,0.9596785306930542,1.0,0.9376610517501831
254_class-64,1,0.385984867811203,0,0.9863435626029968,0.9749747514724731,0.9926210102476368,0.960902750492096
254_class-64,2,0.4084874987602234,0,0.9817422032356262,0.911819577217102,0.7486544763068983,0.8655461668968201
254_class-64,3,0.38890111446380615,0,0.9834738373756409,0.9350181818008423,0.7931406346680809,0.8611335754394531
254_class-64,4,0.39312735199928284,0,0.9885821342468262,0.970651388168335,0.9539971849555472,0.9338076114654541
254_class-64,5,0.43188270926475525,1,0.9971640706062317,0.968948483467102,0.6125344455202204,0.9685203433036804
255_class-20,0,0.9532137513160706,1,0.9823288917541504,1.0030957460403442,1.0,0.9835816025733948
255_class-20,1,0.9534950852394104,0,0.9822987914085388,1.0025696754455566,0.999234275732523,0.9831202030181885
255_class-20,2,0.9535360336303711,0,0.9824722409248352,1.0018563270568848,0.9985770826607359,0.9830042123794556
255_class-20,3,0.9531643390655518,0,0.9821156859397888,1.0022733211517334,0.9983615575966323,0.9828072786331177
255_class-20,4,0.9536840915679932,0,0.9824288487434387,1.0025205612182617,0.9989354066985646,0.9834508895874023
255_class-20,5,0.9539321660995483,0,0.9822985529899597,1.002352237701416,0.9978732555916651,0.9837231040000916
256_class-32,0,0.4707888960838318,0,0.9787532091140747,0.7735364437103271,1.0,0.7048984169960022
256_class-32,1,0.48200681805610657,0,0.9888082146644592,0.9022308588027954,0.10954139241183711,0.8913438320159912
256_class-32,2,0.4742960035800934,0,0.9811812043190002,0.8162150382995605,0.5203238866396761,0.8939700722694397
256_class-32,3,0.48167887330055237,0,0.9873489141464233,0.9061567783355713,0.12494806196949011,0.8263520002365112
256_class-32,4,0.47677621245384216,1,0.9927316308021545,0.9587280750274658,0.08604006163328197,0.9667022824287415
256_class-32,5,0.4844553470611572,0,0.9866117238998413,0.8767940998077393,0.09794445956983393,0.8847206830978394
257_class-48,0,0.18342074751853943,0,0.8721802234649658,0.957504391670227,1.0,0.9015212655067444
257_class-48,1,0.18573951721191406,0,0.8793227672576904,0.9664305448532104,0.981501185146168,0.9332295060157776
257_class-48,2,0.6156249642372131,0,0.9517276287078857,0.9676997661590576,0.020673981466828438,0.7665410041809082
257_class-48,3,0.8992691040039062,0,0.9797850847244263,0.9412866830825806,0.6265840567702893,0.8874140381813049
257_class-48,4,0.3382994532585144,0,0.9799755215644836,0.9251896142959595,0.13993200566044248,0.7544405460357666
257_class-48,5,0.6493502259254456,1,0.9862940311431885,0.986754298210144,1.1169565168827978e-05,0.9654598236083984
258_class-68,0,0.4452285170555115,0,0.9831200242042542,0.8131231069564819,1.0,0.6792668104171753
258_class-68,1,0.3699333667755127,0,0.9194203615188599,0.8248257637023926,0.012963043858116372,0.36317533254623413
258_class-68,2,0.46822869777679443,0,0.9865241050720215,0.9810274243354797,0.16566160269047894,0.9886226654052734
258_class-68,3,0.4574562907218933,0,0.9416805505752563,0.8360692858695984,0.6573991475864803,0.41440606117248535
258_class-68,4,0.4680759012699127,1,0.9863046407699585,0.9928785562515259,0.6589964370546318,0.987566351890564
258_class-68,5,0.38918808102607727,0,0.977493405342102,0.9022841453552246,0.24093103875201188,0.6679542660713196
259_class-64,0,0.7779147624969482,0,0.9116874933242798,0.9347493648529053,1.0,0.5173054337501526
259_class-64,1,0.3294450044631958,0,0.9896963834762573,0.8310074806213379,0.0011558717470757259,0.4946739971637726
259_class-64,2,0.31324782967567444,0,0.9927406907081604,0.8133121728897095,0.004089219330855019,0.6966145634651184
259_class-64,3,0.9820436239242554,1,0.9690660238265991,0.9268282651901245,5.978715771852206e-05,0.901785135269165
259_class-64,4,0.1982658952474594,0,0.9782167673110962,0.9481221437454224,0.0,0.705274224281311
259_class-64,5,0.17331531643867493,0,0.6929378509521484,1.0168780088424683,0.26762125265058706,0.7850823402404785
260_class-52,0,0.6920285820960999,0,0.9962186813354492,0.9595702886581421,1.0,0.9161524176597595
260_class-52,1,0.8601095676422119,0,0.997935950756073,0.9710854291915894,0.593028691637936,0.9574019312858582
260_class-52,2,0.8563498258590698,0,0.9980570673942566,0.9660148620605469,0.9773762232341827,0.9307832717895508
260_class-52,3,0.6067684292793274,1,0.9985260367393494,0.9752047061920166,0.4426325554145103,0.9878475666046143
260_class-52,4,0.6919794082641602,0,0.9962405562400818,0.9842201471328735,0.25588747099767983,0.9614371061325073
260_class-52,5,0.697209894657135,0,0.9965352416038513,0.9863816499710083,0.9724457662701189,0.9643598794937134
261_class-8,0,0.06897804886102676,0,0.978103756904602,1.0020627975463867,1.0,0.9663009643554688
261_class-8,1,0.07036414742469788,0,0.9788330793380737,0.9887163639068604,0.9953340076725509,0.949100911617279
261_class-8,2,0.4913272261619568,0,0.985305905342102,0.9279131889343262,6.50291702277879e-05,0.9824807047843933
261_class-8,3,0.8888128399848938,0,0.9862563014030457,0.9569677114486694,0.04510117439488339,0.944965124130249
261_class-8,4,0.06922605633735657,1,0.9785134196281433,1.00307297706604,0.0005056507552347819,0.9679508209228516
261_class-8,5,0.6018791198730469,0,0.984900712966919,0.9518945217132568,0.00042886040783486216,0.9197536110877991
262_class-44,0,0.45273998379707336,0,0.9960688352584839,0.9995326995849609,1.0,0.9903355240821838
262_class-44,1,0.45004361867904663,0,0.9931520819664001,1.0028789043426514,0.22835790612741783,0.9843549728393555
262_class-44,2,0.5252476930618286,0,0.9947412014007568,0.966309666633606,0.20372949082763214,0.9628098607063293
262_class-44,3,0.4388798475265503,0,0.9953564405441284,0.9737037420272827,0.3105058142865326,0.945248544216156
262_class-44,4,0.449639230966568,0,0.9925119876861572,0.9883542060852051,0.18477411707658736,0.9794472455978394
262_class-44,5,0.45274555683135986,1,0.9960673451423645,1.0001736879348755,0.23026936026936026,0.989933431148529
263_class-44,0,0.9322136640548706,1,0.9988746643066406,0.9968885779380798,1.0,0.9956352710723877
263_class-44,1,0.4922749102115631,0,0.9967888593673706,0.9940155744552612,0.11212331620608249,0.9863278865814209
263_class-44,2,0.555159866809845,0,0.9984704852104187,0.994869589805603,0.5994428193341691,0.9799747467041016
263_class-44,3,0.5133164525032043,0,0.9980219006538391,0.960511326789856,0.7230058117799001,0.8873236179351807
263_class-44,4,0.5555544495582581,0,0.998508095741272,0.9919904470443726,0.7224147302622639,0.9768256545066833
263_class-44,5,0.5718547105789185,0,0.9989513754844666,0.9856836795806885,0.1427606585056986,0.9726478457450867
264_class-68,0,0.3986647129058838,0,0.9957517981529236,0.876978874206543,1.0,0.6753612756729126
264_class-68,1,0.5750071406364441,0,0.9803509712219238,1.003222107887268,0.34762248677865015,0.9888064861297607
264_class-68,2,0.57586270570755,0,0.9801063537597656,0.99627685546875,0.9961916262220468,0.9871883988380432
264_class-68,3,0.3669987618923187,0,0.9879350662231445,0.93677818775177,0.18788669651495038,0.6940554976463318
264_class-68,4,0.5496665239334106,0,0.984523355960846,1.0007538795471191,0.20420516875030884,0.9806497693061829
264_class-68,5,0.35911989212036133,1,0.9956010580062866,0.9852809906005859,0.10690121786197564,0.9873093366622925
265_class-24,0,0.43616676330566406,0,0.9674822688102722,0.8503291606903076,1.0,0.49269288778305054
265_class-24,1,0.590623140335083,0,0.9946885108947754,0.8379589319229126,0.20570461278036395,0.7165707945823669
265_class-24,2,0.503777027130127,0,0.994084358215332,0.7657477855682373,0.4618748460211875,0.7415933012962341
265_class-24,3,0.5106946229934692,0,0.9936471581459045,0.7568507194519043,0.09154666865627098,0.8068510890007019
265_class-24,4,0.48811882734298706,1,0.9986650943756104,0.8740115165710449,0.3647373387857817,0.9849038124084473
265_class-24,5,0.5557957291603088,0,0.978081226348877,0.7705053091049194,0.3047834062367716,0.7745373249053955
266_class-20,0,0.6386759281158447,1,0.98323655128479,0.9701486825942993,1.0,0.9648362398147583
266_class-20,1,0.4736082851886749,0,0.9831656217575073,0.9464413523674011,0.3081502936680344,0.9851703643798828
266_class-20,2,0.8363871574401855,0,0.9843941926956177,0.9436018466949463,0.1927273562584706,0.9272463321685791
266_class-20,3,0.6429731845855713,0,0.9823988676071167,0.9573571681976318,0.5441976427923844,0.9526416063308716
266_class-20,4,0.8330078125,0,0.9837414622306824,0.9655205011367798,0.5428341569934491,0.948569655418396
266_class-20,5,0.7406128644943237,0,0.9821398258209229,0.939081072807312,0.7654994659360052,0.8820744156837463
267_class-12,0,0.9625820517539978,0,0.9969891309738159,1.0139389038085938,1.0,0.9939755201339722
267_class-12,1,0.7014784216880798,0,0.9928911924362183,0.8865768909454346,0.5567741935483871,0.9016281366348267
267_class-12,2,0.33046016097068787,0,0.868661642074585,0.9477865695953369,0.3792891251907645,0.7017199993133545
267_class-12,3,0.9627217054367065,1,0.9970104694366455,1.0140701532363892,0.2103460406213549,0.9940297603607178
267_class-12,4,0.3218667507171631,0,0.8549288511276245,0.9520989656448364,0.2054339173184086,0.6705566644668579
267_class-12,5,0.962674617767334,0,0.9970000982284546,1.013724684715271,0.20543033720838372,0.9939590692520142
268_class-56,0,0.4619918465614319,0,0.9919974207878113,0.974471926689148,1.0,0.9774538278579712
268_class-56,1,0.43609777092933655,0,0.9918237924575806,0.9677861928939819,0.4668202422531025,0.9464805722236633
268_class-56,2,0.4556562304496765,1,0.9917445182800293,1.001444935798645,0.1874601899803373,0.9893191456794739
268_class-56,3,0.4366008937358856,0,0.9922516345977783,0.9703656435012817,0.18847451953920394,0.9451101422309875
268_class-56,4,0.502890408039093,0,0.9867773652076721,0.8935282230377197,0.12666213357509823,0.8034975528717041
268_class-56,5,0.6115712523460388,0,0.9907000064849854,0.9671801328659058,0.3595414578519341,0.9545481204986572
269_class-52,0,0.3578973710536957,0,0.9813780784606934,0.9806832075119019,1.0,0.8688979148864746
269_class-52,1,0.4049730896949768,0,0.9863122701644897,0.9088056087493896,0.15661320693461464,0.6936072111129761
269_class-52,2,0.35069939494132996,0,0.9825453162193298,0.9260954856872559,0.1589912487061259,0.7607150077819824
269_class-52,3,0.40691104531288147,0,0.9877411127090454,0.9639140367507935,0.15951578447662,0.8519636988639832
269_class-52,4,0.34862014651298523,0,0.984070897102356,0.965034008026123,0.15606908897014016,0.7761206030845642
269_class-52,5,0.3430876135826111,1,0.982558012008667,0.9789057970046997,0.9631731224902103,0.8781256675720215
270_class-4,0,0.4539155960083008,0,0.9789386987686157,0.8913792371749878,1.0,0.9278352856636047
270_class-4,1,0.6892572641372681,0,0.985232949256897,0.936208963394165,0.35964016667126575,0.8609814643859863
270_class-4,2,0.6321070194244385,1,0.9846084117889404,0.947583794593811,0.7423307396476165,0.938799262046814
270_class-4,3,0.5979077816009521,0,0.9741213321685791,0.9209225177764893,0.8213631176735019,0.8866164088249207
270_class-4,4,0.6748932003974915,0,0.9735767245292664,0.924161434173584,0.53866221433789,0.7816266417503357
270_class-4,5,0.7475637197494507,0,0.9797067642211914,0.9497439861297607,0.7904989067779765,0.8578726053237915
271_class-72,0,0.9160468578338623,1,0.9751939177513123,0.993782639503479,1.0,0.9726023077964783
271_class-72,1,0.5182849764823914,0,0.9597654342651367,0.9925016164779663,0.34205633441613953,0.9654186964035034
271_class-72,2,0.5129079818725586,0,0.9690314531326294,0.9933844804763794,0.9897993657297922,0.964467465877533
271_class-72,3,0.5170358419418335,0,0.9579137563705444,0.9933563470840454,0.9793423180592992,0.967580258846283
271_class-72,4,0.5175617933273315,0,0.9613227248191833,0.9937055110931396,0.9876571157536166,0.9657940864562988
271_class-72,5,0.5152781009674072,0,0.9633175134658813,0.9920793771743774,0.993333260710901,0.9655486345291138
272_class-16,0,0.9260439276695251,0,0.9864223599433899,1.0052114725112915,1.0,0.9836560487747192
272_class-16,1,0.9306522607803345,0,0.9862304925918579,1.0058748722076416,0.9911388771378498,0.9894328713417053
272_class-16,2,0.9305342435836792,0,0.98625648021698,1.006105661392212,0.999448652976141,0.989520251750946
272_class-16,3,0.9305202960968018,1,0.986526608467102,1.0068498849868774,0.9996826931794144,0.9894746541976929
272_class-16,4,0.9306522607803345,0,0.9863457679748535,1.0065535306930542,0.9994938621340888,0.9895898103713989
272_class-16,5,0.9307286739349365,0,0.9862197637557983,1.0061817169189453,0.9995392714446484,0.9896104335784912
273_class-40,0,0.5322105884552002,0,0.9898774027824402,0.7657550573348999,1.0,0.7012630105018616
273_class-40,1,0.6077808141708374,0,0.9701887369155884,0.7401885986328125,0.13907435941334245,0.580952525138855
273_class-40,2,0.5443024635314941,0,0.9945830702781677,0.8552637100219727,0.20964432284541723,0.8062214851379395
273_class-40,3,0.6018966436386108,0,0.9879533052444458,0.9159497022628784,0.06265605493133583,0.915240466594696
273_class-40,4,0.6812688708305359,0,0.9940872192382812,0.802058219909668,0.1644581164221486,0.785415530204773
273_class-40,5,0.596677303314209,1,0.9901355504989624,0.9303942918777466,0.46837146702557203,0.9725680947303772
274_class-48,0,0.4135951101779938,0,0.9756460189819336,0.8680140972137451,1.0,0.7595986127853394
274_class-48,1,0.43914809823036194,1,0.9874218106269836,0.9814530611038208,0.7350289662009356,0.9711312651634216
274_class-48,2,0.474199116230011,0,0.9937192797660828,0.8294468522071838,0.06883484851118567,0.8159499764442444
274_class-48,3,0.43237876892089844,0,0.9856125712394714,0.9363977909088135,0.12474842051838499,0.8535274267196655
274_class-48,4,0.4086175858974457,0,0.9826191663742065,0.9653894901275635,0.7341211663482755,0.9012898802757263
274_class-48,5,0.4663000702857971,0,0.979397177696228,0.7852705717086792,0.11198250934480569,0.7793906331062317
275_class-16,0,0.8454042673110962,0,0.9940053224563599,0.972852349281311,1.0,0.9256092309951782
275_class-16,1,0.5416484475135803,0,0.9883593320846558,1.0019593238830566,0.2831575441323415,0.9855597019195557
275_class-16,2,0.5415669083595276,0,0.9895665645599365,1.0021533966064453,0.9954056123598036,0.9845899939537048
275_class-16,3,0.6168213486671448,0,0.9971276521682739,0.9748097658157349,0.3068162444164081,0.9254007935523987
275_class-16,4,0.9208657145500183,0,0.9897831678390503,0.971368134021759,0.32260323303457106,0.9436786770820618
275_class-16,5,0.924292266368866,1,0.9904100298881531,1.008840799331665,0.9903158819535961,0.9928803443908691
276_class-20,0,0.8449751138687134,1,0.9857298731803894,0.9834251403808594,1.0,0.9402737021446228
276_class-20,1,0.8397181034088135,0,0.9707769155502319,0.98253333568573,0.9863084873335954,0.9432777166366577
276_class-20,2,0.837374210357666,0,0.9711203575134277,0.9849188327789307,0.9927084958790234,0.9450514912605286
276_class-20,3,0.5737969279289246,0,0.9808077812194824,0.9723981618881226,0.436295980996581,0.9553102850914001
276_class-20,4,0.8319138288497925,0,0.9756037592887878,0.9810532331466675,0.4264029754470719,0.9411938786506653
276_class-20,5,0.5792554616928101,0,0.9759523868560791,0.9726889133453369,0.4219496957844415,0.9547600746154785
277_class-44,0,0.6461543440818787,0,0.9990267753601074,0.9844030141830444,1.0,0.9518142938613892
277_class-44,1,0.656688928604126,1,0.998786211013794,0.9985442161560059,0.9591942148760331,0.9914138913154602
277_class-44,2,0.8034228682518005,0,0.997958779335022,0.9982907772064209,0.6726846424384525,0.9927899837493896
277_class-44,3,0.656813383102417,0,0.9988399744033813,0.988889217376709,0.6739434975484474,0.9808689951896667
277_class-44,4,0.6427012085914612,0,0.9990684390068054,0.9897966980934143,0.9450785205526474,0.9631999731063843
277_class-44,5,0.6525489091873169,0,0.9987853765487671,0.9988805055618286,0.9672605986131836,0.9892284274101257
278_class-24,0,0.27089637517929077,0,0.9134794473648071,0.960594892501831,1.0,0.7368032932281494
278_class-24,1,0.4195580780506134,0,0.9945192337036133,0.9694539308547974,0.2879498939860363,0.9536101222038269
278_class-24,2,0.43464991450309753,1,0.9953266382217407,0.9795824289321899,0.73339988504704,0.969906747341156
278_class-24,3,0.43958237767219543,0,0.9939950108528137,0.9652813076972961,0.8868039231579801,0.9626137614250183
278_class-24,4,0.4030928909778595,0,0.9857529401779175,0.9523458480834961,0.5001653986106517,0.9067112803459167
278_class-24,5,0.41909781098365784,0,0.9943628907203674,0.969237208366394,0.46283166722312785,0.9480096101760864
279_class-60,0,0.2283439040184021,0,0.9246229529380798,0.9178194999694824,1.0,0.5518549680709839
279_class-60,1,0.2581484615802765,0,0.9590107202529907,0.9885202646255493,0.3999101950051317,0.9565714597702026
279_class-60,2,0.24490536749362946,0,0.9623078107833862,0.9995466470718384,0.8868375614291406,0.9900702238082886
279_class-60,3,0.27939578890800476,0,0.9620949625968933,0.9874758720397949,0.7570824428175162,0.9460464119911194
279_class-60,4,0.2965637147426605,1,0.963202953338623,0.996764063835144,0.8951034624052449,0.9882220029830933
279_class-60,5,0.5872622132301331,0,0.8131163120269775,0.9917066097259521,0.22676173090177523,0.7810741662979126
280_class-68,0,0.4401209056377411,0,0.9953564405441284,0.9725167751312256,1.0,0.9364061951637268
280_class-68,1,0.3047938346862793,0,0.9537734389305115,0.9526128768920898,0.2833062864649743,0.8506105542182922
280_class-68,2,0.3997294306755066,0,0.9790642857551575,0.9727809429168701,0.278980649219513,0.9449871182441711
280_class-68,3,0.4756954312324524,0,0.9915962815284729,0.9022953510284424,0.10784832451499118,0.9398453831672668
280_class-68,4,0.44782987236976624,1,0.9966267943382263,0.9925458431243896,0.2762390921946677,0.987669050693512
280_class-68,5,0.2608744502067566,0,0.8902856707572937,0.9587002992630005,0.19648875125239093,0.8008589744567871
281_class-76,0,0.4163026809692383,0,0.9976641535758972,0.953368067741394,1.0,0.9241179823875427
281_class-76,1,0.44629254937171936,0,0.9980648756027222,0.9384990930557251,0.5878119736640637,0.8024196624755859
281_class-76,2,0.4712549149990082,1,0.9968549013137817,0.9938993453979492,0.3916408010544666,0.9887444376945496
281_class-76,3,0.46854734420776367,0,0.9955494403839111,0.8988136053085327,0.8235810158785858,0.8641393184661865
281_class-76,4,0.4267154633998871,0,0.9973128437995911,0.9848557710647583,0.09277417777234381,0.9754453897476196
281_class-76,5,0.4713909327983856,0,0.996853768825531,0.9910416603088379,0.09536860804466438,0.986556887626648
282_class-56,0,0.4062122702598572,0,0.9953597784042358,0.8775539398193359,1.0,0.5754175782203674
282_class-56,1,0.40601474046707153,0,0.9969906806945801,1.007311224937439,0.7656790264962653,0.9916643500328064
282_class-56,2,0.4058190882205963,0,0.9970393180847168,0.9866538047790527,0.9957989529698171,0.9858654141426086
282_class-56,3,0.15095993876457214,0,0.801548182964325,0.952704906463623,0.008971483498878564,0.7261847257614136
282_class-56,4,0.24217385053634644,0,0.7798174619674683,0.8407005071640015,0.7193432473970172,0.2627342939376831
282_class-56,5,0.406055748462677,1,0.996993899345398,1.0081475973129272,0.014664372547035075,0.9916860461235046
283_class-24,0,0.460990846157074,0,0.9836671948432922,0.8355202674865723,1.0,0.7015461325645447
283_class-24,1,0.45425018668174744,0,0.9872561097145081,0.7485812902450562,0.3114428800907115,0.752213180065155
283_class-24,2,0.36423566937446594,0,0.8966894149780273,0.8135199546813965,0.1926662946276661,0.49208196997642517
283_class-24,3,0.2707926630973816,0,0.8250970244407654,0.8960468769073486,0.44108291560756024,0.5909209251403809
283_class-24,4,0.470552533864975,0,0.9960982799530029,0.8127138614654541,0.04747849553044358,0.8396949768066406
283_class-24,5,0.45980122685432434,1,0.9933666586875916,0.9174576997756958,0.38836846213895393,0.8153430223464966
284_class-24,0,0.19515614211559296,0,0.816472053527832,0.8892189264297485,1.0,0.5144702792167664
284_class-24,1,0.4063184857368469,1,0.9863871335983276,0.928002655506134,0.19464030788103806,0.9411457777023315
284_class-24,2,0.403946191072464,0,0.9722040891647339,0.9501054286956787,0.9677726377299187,0.9560461044311523
284_class-24,3,0.0986933708190918,0,0.7887252569198608,0.8845152854919434,0.18323367765266116,0.39261242747306824
284_class-24,4,0.406497985124588,0,0.984850287437439,0.8777475357055664,0.18273475933901573,0.8100617527961731
284_class-24,5,0.4085659086704254,0,0.9505496025085449,0.982885479927063,0.7798967338621932,0.9687274098396301
285_class-64,0,0.3273690342903137,0,0.96634441614151,0.9487166404724121,1.0,0.8177351355552673
285_class-64,1,0.45849841833114624,0,0.9872392416000366,0.9120727777481079,0.2286059277401454,0.6085718274116516
285_class-64,2,0.7432156801223755,0,0.999504804611206,0.9741955995559692,0.030189680969158743,0.9946269392967224
285_class-64,3,0.5781086087226868,1,0.998630940914154,0.9880410432815552,0.19927007299270072,0.9921895861625671
285_class-64,4,0.5177714228630066,0,0.9958391189575195,0.9163831472396851,0.06918003648440058,0.8645181655883789
285_class-64,5,0.5565840601921082,0,0.9974755048751831,0.9423043727874756,0.4269613063542776,0.9171966910362244
286_class-72,0,0.39050790667533875,0,0.9715506434440613,0.8895759582519531,1.0,0.8429694175720215
286_class-72,1,0.3853773772716522,0,0.9823535680770874,0.9573838710784912,0.3510154592300697,0.9229338765144348
286_class-72,2,0.39035144448280334,0,0.956565797328949,0.9833714962005615,0.3690656712935962,0.975111722946167
286_class-72,3,0.4950481057167053,0,0.985385000705719,0.7810518741607666,0.0,0.6541529893875122
286_class-72,4,0.39932405948638916,1,0.9913233518600464,0.9891711473464966,0.0,0.985924243927002
286_class-72,5,0.4297373294830322,0,0.9691347479820251,0.8521653413772583,0.4764373029242797,0.7705968618392944
287_class-12,0,0.3791496157646179,0,0.9447190761566162,0.993290901184082,1.0,0.9507474303245544
287_class-12,1,0.7148547768592834,0,0.9875355958938599,0.9690719246864319,0.09448973810123394,0.9920945763587952
287_class-12,2,0.8719773888587952,1,0.9918128252029419,1.002264380455017,0.40861055421522985,0.9936292767524719
287_class-12,3,0.38188785314559937,0,0.945268988609314,0.9959481954574585,0.18435728652404462,0.9522223472595215
287_class-12,4,0.3709441125392914,0,0.9423503875732422,1.0041465759277344,0.9647026402210773,0.9674551486968994
287_class-12,5,0.8718847036361694,0,0.991801381111145,1.0015970468521118,0.2177591782385391,0.9935116767883301
288_class-0,0,0.6940538287162781,0,0.7319839596748352,0.9909316301345825,1.0,0.6383815407752991
288_class-0,1,0.688132643699646,0,0.7335600852966309,0.9870436191558838,0.996168523655535,0.6382712125778198
288_class-0,2,0.6848901510238647,0,0.7350828051567078,0.9900685548782349,0.9943089306599194,0.6291240453720093
288_class-0,3,0.6889855265617371,0,0.7316969633102417,0.9884434938430786,0.995753463927377,0.6321531534194946
288_class-0,4,0.6849370002746582,0,0.7320740818977356,0.9867699146270752,0.9960996799443248,0.6146605014801025
288_class-0,5,0.3088562488555908,1,0.9309716820716858,0.9468787908554077,0.5382468001789682,0.8815938234329224
289_class-56,0,0.31117093563079834,0,0.8981252908706665,0.9000365734100342,1.0,0.4765101671218872
289_class-56,1,0.3556807339191437,1,0.963270902633667,0.9404146671295166,0.5730393790771868,0.8094781041145325
289_class-56,2,0.33272695541381836,0,0.9492197632789612,0.902674674987793,0.7886931523157001,0.566074013710022
289_class-56,3,0.25682756304740906,0,0.8993982076644897,0.9415488243103027,0.282104415656409,0.8248255848884583
289_class-56,4,0.33196014165878296,0,0.9511665105819702,0.8749412298202515,0.24327377153797064,0.5976635217666626
289_class-56,5,0.36061498522758484,0,0.9430233240127563,0.9165582656860352,0.7434930262283989,0.776073157787323
290_class-0,0,0.5957440733909607,0,0.9830604791641235,0.9694081544876099,1.0,0.9323871731758118
290_class-0,1,0.5946743488311768,1,0.983368992805481,0.9680367708206177,0.9917002919660138,0.9436047077178955
290_class-0,2,0.6287912130355835,0,0.9709659218788147,0.9048378467559814,0.7393079078835141,0.7383468747138977
290_class-0,3,0.6406521201133728,0,0.9763648509979248,0.8916844129562378,0.9397742394346809,0.7223223447799683
290_class-0,4,0.5407606363296509,0,0.9856106638908386,0.9236589670181274,0.7633253778838505,0.8306599259376526
290_class-0,5,0.5944204926490784,0,0.9829870462417603,0.9489827156066895,0.7676215701905521,0.9187749028205872
291_class-52,0,0.2497120499610901,0,0.9684990644454956,0.9498250484466553,1.0,0.9012877345085144
291_class-52,1,0.28626585006713867,0,0.9835992455482483,0.9429869651794434,0.7902732366824714,0.7749484181404114
291_class-52,2,0.3123665153980255,0,0.9844664931297302,0.9698965549468994,0.7901645357367428,0.9582186937332153
291_class-52,3,0.2878437936306,1,0.9831457138061523,0.9983847141265869,0.8113788826502714,0.9771324396133423
291_class-52,4,0.378217875957489,0,0.9805523753166199,0.9632213115692139,0.7942069766403145,0.834743082523346
291_class-52,5,0.25067654252052307,0,0.9714204668998718,0.9855427742004395,0.6423415396923524,0.9487393498420715
292_class-32,0,0.43801149725914,0,0.9860309362411499,0.8701159954071045,1.0,0.921886682510376
292_class-32,1,0.4397687017917633,0,0.9850403070449829,0.9127418398857117,0.8869324303524704,0.9531511068344116
292_class-32,2,0.4383767247200012,0,0.9870024919509888,0.9569987058639526,0.8391728372765035,0.8852201700210571
292_class-32,3,0.44334647059440613,1,0.9876396656036377,0.9751012325286865,0.7792375683963683,0.9405724406242371
292_class-32,4,0.44488725066185,0,0.9895157814025879,0.9454026818275452,0.9459383949151359,0.980029284954071
292_class-32,5,0.46677523851394653,0,0.9886571764945984,0.868567943572998,0.007260248389205341,0.8322972059249878
293_class-4,0,0.5339312553405762,0,0.9049670100212097,1.0113242864608765,1.0,0.9863500595092773
293_class-4,1,0.5339019298553467,0,0.904941201210022,1.0104612112045288,0.9998939342891726,0.9852821230888367
293_class-4,2,0.5338717699050903,1,0.9049808979034424,1.0129356384277344,0.9998378020936006,0.9883055686950684
293_class-4,3,0.5319782495498657,0,0.9021304845809937,1.0046054124832153,0.9952255597084425,0.846996545791626
293_class-4,4,0.5339318513870239,0,0.9047601222991943,1.0117484331130981,0.994797163895546,0.984609842300415
293_class-4,5,0.5339157581329346,0,0.9050337076187134,1.0112390518188477,0.9997005166088497,0.9860233068466187
294_class-24,0,0.20816373825073242,0,0.7114326357841492,0.9638168811798096,1.0,0.37647587060928345
294_class-24,1,0.25626668334007263,1,0.9933382272720337,0.9182871580123901,0.11555877062641745,0.8643000721931458
294_class-24,2,0.2316928207874298,0,0.7166420221328735,0.9663063287734985,0.1164944064709917,0.5612493753433228
294_class-24,3,0.18972963094711304,0,0.7717224359512329,0.968523383140564,0.9472719193096057,0.5426027774810791
294_class-24,4,0.9181231260299683,0,0.9699976444244385,0.9751100540161133,0.3812945341559237,0.945050060749054
294_class-24,5,0.2634633183479309,0,0.7174461483955383,0.9503567218780518,0.4187618430442879,0.515713095664978
295_class-8,0,0.20106351375579834,0,0.9786031246185303,0.9541400671005249,1.0,0.6862047910690308
295_class-8,1,0.05962081626057625,0,0.9880443811416626,0.9750058650970459,0.32261283103319655,0.9239481091499329
295_class-8,2,0.3695039451122284,0,0.7957936525344849,0.9453380107879639,0.18634453781512605,0.43712013959884644
295_class-8,3,0.31042394042015076,0,0.8741868734359741,0.9551724195480347,0.5715248981688745,0.4711054563522339
295_class-8,4,0.06887702643871307,0,0.9856882095336914,0.9862339496612549,0.2293334999063027,0.9406940937042236
295_class-8,5,0.10979510843753815,1,0.9910934567451477,0.9943420886993408,0.6437547412513606,0.9346634745597839
296_class-76,0,0.4487435817718506,0,0.9618750214576721,0.9327030181884766,1.0,0.6913553476333618
296_class-76,1,0.46976667642593384,0,0.9575066566467285,0.9479802846908569,0.8944564629529476,0.7749412059783936
296_class-76,2,0.39698633551597595,0,0.9625482559204102,0.9137290716171265,0.7535030412255013,0.6549145579338074
296_class-76,3,0.4948955178260803,0,0.9722087383270264,0.9375988245010376,0.7855818312330515,0.723962664604187
296_class-76,4,0.4978570342063904,0,0.9707541465759277,0.9418497085571289,0.9277753400614305,0.7482338547706604
296_class-76,5,0.4922024607658386,1,0.9702603816986084,0.9501039981842041,0.9558456996050462,0.7370126843452454
297_class-32,0,0.568895697593689,0,0.9974075555801392,0.938706636428833,1.0,0.8866345286369324
297_class-32,1,0.9384762048721313,0,0.9987887740135193,0.9794926643371582,0.17390049080935424,0.9872077107429504
297_class-32,2,0.5146981477737427,0,0.9966164827346802,0.9448904991149902,0.08862275449101796,0.8222311735153198
297_class-32,3,0.9483756422996521,1,0.9987915754318237,0.993369460105896,0.08879202245178242,0.9975253939628601
297_class-32,4,0.5866466760635376,0,0.9983401894569397,0.8958452939987183,0.2073249089740844,0.7335656881332397
297_class-32,5,0.48672857880592346,0,0.9942550659179688,0.8964377641677856,0.5397722748626483,0.6931263208389282
298_class-4,0,0.3118646740913391,0,0.9888601303100586,1.0109449625015259,1.0,0.9957762360572815
298_class-4,1,0.6427361965179443,0,0.9351086020469666,0.9829561710357666,0.2985165028089888,0.9324008822441101
298_class-4,2,0.3118279278278351,1,0.9888170957565308,1.014472246170044,0.2986815771918121,0.99660325050354
298_class-4,3,0.6436779499053955,0,0.9343228936195374,0.9954004287719727,0.2991702411926025,0.949142336845398
298_class-4,4,0.32474634051322937,0,0.9945513010025024,0.9760476350784302,0.32144238205723125,0.9740626811981201
298_class-4,5,0.33087190985679626,0,0.992853581905365,0.9635096788406372,0.9114709179225309,0.8909494876861572
299_class-40,0,0.38250771164894104,0,0.9884532690048218,0.9904052019119263,1.0,0.9775077104568481
299_class-40,1,0.3788982629776001,1,0.9878726005554199,0.9961485862731934,0.9453240368618802,0.9838690161705017
299_class-40,2,0.3790454864501953,0,0.9879207611083984,0.9871609210968018,0.9571893130335168,0.978482186794281
299_class-40,3,0.38684576749801636,0,0.9884299635887146,0.9860332012176514,0.9021798110206755,0.979689359664917
299_class-40,4,0.3809536099433899,0,0.9880711436271667,0.9934384822845459,0.9167317398343015,0.9808580279350281
299_class-40,5,0.38016724586486816,0,0.9880816340446472,0.9896589517593384,0.9839339082100774,0.979040801525116
