obj_name,selector,selected_iter,pre_fallback_iter,fallback_applied,selector_miou,baseline_miou,oracle_miou,support_query_selected,decoder_confidence_selected,temporal_stability_selected,foreground_background_separation_selected
0_class-0,guarded,0,5,True,0.8127138614654541,0.8127138614654541,0.9374632835388184,0.9858164191246033,0.9822067022323608,1.0,0.8909916877746582
1_class-72,guarded,4,4,False,0.4619061350822449,0.42805713415145874,0.5347117185592651,0.9748652577400208,0.9673372507095337,0.5910618944037968,0.9765732884407043
2_class-68,guarded,0,4,True,0.16493307054042816,0.16493307054042816,0.17855465412139893,0.8480739593505859,0.992870569229126,1.0,0.9766204953193665
3_class-76,guarded,1,1,False,0.17093174159526825,0.16769132018089294,0.17093174159526825,0.9253022074699402,0.9995156526565552,0.9878022598870057,0.9110588431358337
4_class-36,guarded,0,5,True,0.46433043479919434,0.46433043479919434,0.48775359988212585,0.9802014231681824,0.8988523483276367,1.0,0.9001187682151794
5_class-56,guarded,5,5,False,0.427062064409256,0.4195394515991211,0.427062064409256,0.9954061508178711,0.9743129014968872,0.22688067817772595,0.9312699437141418
6_class-48,guarded,0,0,False,0.43450912833213806,0.43450912833213806,0.6578211784362793,0.9910930395126343,1.0051078796386719,1.0,0.984687864780426
7_class-36,guarded,3,3,False,0.4757923185825348,0.4577171504497528,0.5250819325447083,0.9933342933654785,0.9693311452865601,0.46209410205434065,0.9751719832420349
8_class-40,guarded,2,2,False,0.9664667248725891,0.9572204947471619,0.9664667248725891,0.9761261343955994,0.988929033279419,0.9730758977874253,0.9796227812767029
9_class-4,guarded,0,0,False,0.9423283934593201,0.9423283934593201,0.9423283934593201,0.9910047054290771,0.9991660118103027,1.0,0.9714479446411133
10_class-0,guarded,2,2,False,0.2711609899997711,0.2711796164512634,0.2711796164512634,0.9467101097106934,1.0175983905792236,0.9998798530774776,0.997844934463501
11_class-68,guarded,0,2,True,0.34721359610557556,0.34721359610557556,0.6159316301345825,0.9695355296134949,0.9683487415313721,1.0,0.9278885126113892
12_class-40,guarded,1,1,False,0.45148029923439026,0.4491305351257324,0.46838897466659546,0.9967790246009827,0.917070746421814,0.2825901341339136,0.9342861175537109
13_class-36,guarded,0,2,True,0.5021387338638306,0.5021387338638306,0.7245436906814575,0.9896035194396973,0.9307960867881775,1.0,0.9340652823448181
14_class-28,guarded,2,2,False,0.5027938485145569,0.4426310956478119,0.5140175223350525,0.9947723150253296,0.9684313535690308,0.23961548353909465,0.9819153547286987
15_class-72,guarded,3,3,False,0.4560512602329254,0.6073088645935059,0.6073088645935059,0.9956854581832886,0.9965876340866089,0.32006071338224135,0.9918198585510254
16_class-52,guarded,1,1,False,0.29570966958999634,0.2792649269104004,0.31323230266571045,0.9988307356834412,0.9865447282791138,0.08824940047961631,0.9854561686515808
17_class-32,guarded,0,5,True,0.4541339874267578,0.4541339874267578,0.4541339874267578,0.9711023569107056,0.900115966796875,1.0,0.5141704678535461
18_class-72,guarded,0,3,True,0.26983076333999634,0.26983076333999634,0.26983076333999634,0.9698985815048218,0.9974851608276367,1.0,0.9890491962432861
19_class-12,guarded,2,2,False,0.8889689445495605,0.48327597975730896,0.8889689445495605,0.9959114193916321,0.9466336965560913,0.36820135355431505,0.913895308971405
20_class-48,guarded,4,4,False,0.21729914844036102,0.792212188243866,0.792212188243866,0.9790086150169373,0.9451174736022949,0.2995226868895676,0.8450853228569031
21_class-60,guarded,5,5,False,0.7796273231506348,0.7811358571052551,0.7811358571052551,0.9535357356071472,1.0095415115356445,0.9076170109187008,0.9863324761390686
22_class-4,guarded,0,0,False,0.9084256887435913,0.9084256887435913,0.9089325666427612,0.9962417483329773,0.9982749223709106,1.0,0.9918571710586548
23_class-60,guarded,2,2,False,0.2825147807598114,0.30468595027923584,0.40563997626304626,0.9644043445587158,0.9927831888198853,0.8904877431462241,0.9337993264198303
24_class-32,guarded,3,3,False,0.4750848412513733,0.5297831892967224,0.5297831892967224,0.9876739978790283,0.8547815084457397,0.5237961751697502,0.8817773461341858
25_class-60,guarded,0,3,True,0.36919787526130676,0.36919787526130676,0.3692128360271454,0.9225990772247314,1.0029624700546265,1.0,0.9931342005729675
26_class-52,guarded,0,2,True,0.46122077107429504,0.46122077107429504,0.5621305704116821,0.9894636869430542,0.9379608631134033,1.0,0.6839169859886169
27_class-24,guarded,1,1,False,0.460283100605011,0.38057348132133484,0.460283100605011,0.9972741007804871,0.9897062182426453,0.2732146402806274,0.9935609698295593
28_class-64,guarded,0,3,True,0.3875276744365692,0.3875276744365692,0.4378603994846344,0.9878599047660828,0.9906740188598633,1.0,0.9770354628562927
29_class-40,guarded,2,2,False,0.4316181242465973,0.4260837733745575,0.4316181242465973,0.9898386597633362,0.9954429864883423,0.8009098951093138,0.9819049835205078
30_class-40,guarded,0,0,False,0.3782339096069336,0.3782339096069336,0.5053117871284485,0.9839672446250916,0.9875413179397583,1.0,0.9661061763763428
31_class-24,guarded,0,5,True,0.7485822439193726,0.7485822439193726,0.7906572818756104,0.9944623708724976,0.9699292182922363,1.0,0.9512225389480591
32_class-28,guarded,0,0,False,0.7637922167778015,0.7637922167778015,0.7637922167778015,0.9990553259849548,0.9270960092544556,1.0,0.888498842716217
33_class-16,guarded,3,3,False,0.5677206516265869,0.3477586805820465,0.5677206516265869,0.981824517250061,1.0017361640930176,0.7441512632274307,0.9740919470787048
34_class-52,guarded,0,0,False,0.5841495990753174,0.5841495990753174,0.6691802144050598,0.9893549680709839,0.9844789505004883,1.0,0.9777167439460754
35_class-76,guarded,5,5,False,0.45002496242523193,0.5876849293708801,0.5876849293708801,0.9969778656959534,0.9948173761367798,0.7512668421259379,0.972370445728302
36_class-76,guarded,3,3,False,0.45846354961395264,0.45830807089805603,0.5267259478569031,0.9782520532608032,1.0042859315872192,0.6405627773976809,0.9833844304084778
37_class-36,guarded,3,3,False,0.7590038776397705,0.4696747362613678,0.9103019833564758,0.998186469078064,0.9990216493606567,0.9806717737183265,0.9886232614517212
38_class-60,guarded,1,1,False,0.26966115832328796,0.26946479082107544,0.3217225968837738,0.9906855821609497,1.000725507736206,0.9978546386897599,0.9881240725517273
39_class-48,guarded,0,2,True,0.9151543378829956,0.9151543378829956,0.9151543378829956,0.9924365282058716,0.9805622100830078,1.0,0.9607314467430115
40_class-64,guarded,2,2,False,0.48051610589027405,0.4363437592983246,0.48051610589027405,0.9993518590927124,0.9898065328598022,0.12487992315081652,0.9924388527870178
41_class-12,guarded,4,4,False,0.3944607079029083,0.3893756568431854,0.6842836141586304,0.9933671355247498,0.9402282238006592,0.1859353119983606,0.9063873291015625
42_class-36,guarded,0,0,False,0.1504586637020111,0.1504586637020111,0.20310531556606293,0.9312148094177246,0.9549580812454224,1.0,0.7128967642784119
43_class-44,guarded,2,2,False,0.45706868171691895,0.51897132396698,0.5774369835853577,0.9975656867027283,1.011595606803894,0.7042150754897009,0.9978520274162292
44_class-32,guarded,1,1,False,0.9645008444786072,0.4057076871395111,0.9655183553695679,0.9996166229248047,1.003828525543213,3.940498473056842e-05,0.9968236088752747
45_class-56,guarded,0,2,True,0.4437750577926636,0.4437750577926636,0.4437750577926636,0.9816209077835083,1.003600835800171,1.0,0.9896345138549805
46_class-4,guarded,0,4,True,0.0006470183143392205,0.0006470183143392205,0.0008108068723231554,0.9730842709541321,1.0112987756729126,1.0,0.7771488428115845
47_class-24,guarded,1,1,False,0.7620677947998047,0.5670497417449951,0.7620677947998047,0.9915536046028137,1.0039483308792114,0.3358845016524613,0.9968348741531372
48_class-64,guarded,2,2,False,0.5395125150680542,0.4090605080127716,0.5395125150680542,0.9972383379936218,0.9795730113983154,0.004474131955384712,0.9751064777374268
49_class-36,guarded,0,1,True,0.46586471796035767,0.46586471796035767,0.46586471796035767,0.9915319681167603,0.9381939172744751,1.0,0.8089160919189453
50_class-60,guarded,0,3,True,0.2991905212402344,0.2991905212402344,0.30847781896591187,0.9035851955413818,0.9914648532867432,1.0,0.9839003086090088
51_class-16,guarded,1,1,False,0.46293845772743225,0.434059202671051,0.4681391716003418,0.9923031330108643,1.0019209384918213,0.3042189281641961,0.9908022880554199
52_class-76,guarded,3,3,False,0.45145606994628906,0.7308215498924255,0.7308215498924255,0.9981460571289062,0.99980628490448,0.9927810864464898,0.9938843846321106
53_class-0,guarded,4,4,False,0.47846952080726624,0.3273107409477234,0.47846952080726624,0.9935551881790161,1.0044246912002563,0.00025459328722366023,0.9956274032592773
54_class-52,guarded,5,5,False,0.500678539276123,0.8144584894180298,0.8328132629394531,0.9970398545265198,0.989307165145874,0.36096655282701795,0.9874907732009888
55_class-28,guarded,4,4,False,0.2292066365480423,0.8693470358848572,0.8693470358848572,0.9984418153762817,0.9994008541107178,0.12613068836657004,0.9923384189605713
56_class-76,guarded,4,4,False,0.7951319813728333,0.32368728518486023,0.7951319813728333,0.9962963461875916,0.9779577255249023,0.19060578267602882,0.9680286645889282
57_class-60,guarded,0,2,True,0.7195800542831421,0.7195800542831421,0.7226236462593079,0.8544196486473083,0.9427943229675293,1.0,0.94624924659729
58_class-20,guarded,2,2,False,0.7767544984817505,0.667595386505127,0.8991696834564209,0.9856254458427429,1.0041695833206177,0.7159913793103448,0.9876916408538818
59_class-76,guarded,5,5,False,0.5627977252006531,0.4575399160385132,0.6924953460693359,0.997266411781311,0.9840883016586304,0.6376388356951359,0.9789767861366272
60_class-56,guarded,2,2,False,0.4389655888080597,0.4125460386276245,0.4389655888080597,0.9689962267875671,0.9956361055374146,0.42578251629867087,0.9806825518608093
61_class-60,guarded,0,5,True,0.422234445810318,0.422234445810318,0.422234445810318,0.9937160015106201,0.9835906028747559,1.0,0.975232720375061
62_class-32,guarded,3,3,False,0.9387953281402588,0.8279687762260437,0.9387953281402588,0.9996733665466309,0.9921112060546875,0.7353914002205072,0.9942411780357361
63_class-36,guarded,5,5,False,0.47667473554611206,0.49395111203193665,0.49395111203193665,0.9983646869659424,0.9811064004898071,0.7515381373788453,0.9787803292274475
64_class-52,guarded,0,1,True,0.9671057462692261,0.9671057462692261,0.9671057462692261,0.995355486869812,1.0084786415100098,1.0,0.991472601890564
65_class-12,guarded,0,5,True,0.0028416384011507034,0.0028416384011507034,0.002864006906747818,0.9405941963195801,1.0048996210098267,1.0,0.9863858819007874
66_class-24,guarded,4,4,False,0.4456552565097809,0.4323299527168274,0.4456552565097809,0.9955596327781677,0.9640228748321533,0.762330323690191,0.9647700190544128
67_class-56,guarded,3,3,False,0.4079098403453827,0.4078371524810791,0.4090651571750641,0.983557939529419,0.9981504678726196,0.9877285721991478,0.9847580194473267
68_class-0,guarded,0,1,True,0.30893993377685547,0.30893993377685547,0.31992107629776,0.9556504487991333,0.9922280311584473,1.0,0.9868678450584412
69_class-36,guarded,0,1,True,0.7999573945999146,0.7999573945999146,0.7999573945999146,0.9944700002670288,0.9557240009307861,1.0,0.9793820381164551
70_class-0,guarded,0,1,True,0.23969529569149017,0.23969529569149017,0.24117112159729004,0.943975567817688,1.0108662843704224,1.0,0.991118848323822
71_class-32,guarded,0,1,True,0.3742321729660034,0.3742321729660034,0.5061765909194946,0.9580509662628174,0.9835551977157593,1.0,0.9530363082885742
72_class-72,guarded,4,4,False,0.3609062433242798,0.2647228240966797,0.3609062433242798,0.9338979721069336,0.9622607231140137,0.9325933827613263,0.792222261428833
73_class-32,guarded,4,4,False,0.7817928791046143,0.6604318618774414,0.952056884765625,0.9972136616706848,0.9889005422592163,0.560438362139469,0.9704853296279907
74_class-20,guarded,5,5,False,0.8958512544631958,0.8963525891304016,0.896522045135498,0.9592447280883789,1.0089747905731201,0.9987185461323392,0.9793229103088379
75_class-24,guarded,5,5,False,0.4648820161819458,0.46831369400024414,0.5611231327056885,0.9976152181625366,0.970815896987915,0.5225597628982568,0.9720823764801025
76_class-0,guarded,4,4,False,0.19032767415046692,0.18785230815410614,0.19060535728931427,0.9370081424713135,1.005983829498291,0.9982767770736428,0.9808130860328674
77_class-0,guarded,1,1,False,0.335448294878006,0.3249901235103607,0.9146692752838135,0.9963506460189819,0.9393105506896973,0.626281112737921,0.9131864309310913
78_class-44,guarded,1,1,False,0.4498092830181122,0.4500298798084259,0.4741092622280121,0.9906673431396484,0.9900515079498291,0.9635620227286393,0.9591333866119385
79_class-36,guarded,1,1,False,0.46643611788749695,0.36976322531700134,0.4664730131626129,0.9942972660064697,1.0044584274291992,0.19408758115761846,0.9933852553367615
80_class-56,guarded,0,4,True,0.38011693954467773,0.38011693954467773,0.4334964454174042,0.9849222898483276,0.9083240032196045,1.0,0.8806266188621521
81_class-52,guarded,4,4,False,0.1405903697013855,0.15162962675094604,0.15162962675094604,0.9956371784210205,0.9702016115188599,0.6691366588888188,0.891737699508667
82_class-32,guarded,2,2,False,0.4274210035800934,0.4292825162410736,0.4292825162410736,0.9949561357498169,0.997075080871582,0.7989237668161435,0.9844345450401306
83_class-28,guarded,0,2,True,0.4390214681625366,0.4390214681625366,0.444032222032547,0.9856875538825989,0.9371927976608276,1.0,0.9902018904685974
84_class-44,guarded,0,4,True,0.48910924792289734,0.48910924792289734,0.48910924792289734,0.9975776076316833,0.7333886027336121,1.0,0.8793348073959351
85_class-60,guarded,0,2,True,0.5338926315307617,0.5338926315307617,0.6630433201789856,0.8854273557662964,0.9849209785461426,1.0,0.9774445295333862
86_class-72,guarded,0,2,True,0.7087881565093994,0.7087881565093994,0.7393445372581482,0.9842509031295776,0.9870122671127319,1.0,0.9590555429458618
87_class-56,guarded,3,3,False,0.4534294307231903,0.4799760580062866,0.4799760580062866,0.99504554271698,0.9736796617507935,0.9583709926099208,0.9536086916923523
88_class-44,guarded,2,2,False,0.3752496838569641,0.37680938839912415,0.3780597448348999,0.9924238920211792,0.9892359972000122,0.967342992155456,0.9725009799003601
89_class-4,guarded,0,2,True,0.9093217849731445,0.9093217849731445,0.9118602275848389,0.9603003263473511,0.9933005571365356,1.0,0.9681710004806519
90_class-20,guarded,4,4,False,0.8807944059371948,0.3110617995262146,0.8969824314117432,0.986892819404602,0.9716154336929321,0.8042435424354244,0.9878849983215332
91_class-76,guarded,0,0,False,0.44308000802993774,0.44308000802993774,0.6868501305580139,0.9994871616363525,0.97803795337677,1.0,0.9818480014801025
92_class-28,guarded,0,3,True,0.34311777353286743,0.34311777353286743,0.3454238772392273,0.9036953449249268,0.9733560085296631,1.0,0.8492550253868103
93_class-64,guarded,2,2,False,0.7422881722450256,0.5078735947608948,0.7422881722450256,0.9983581304550171,0.9632202386856079,0.0001038961038961039,0.9851192235946655
94_class-32,guarded,2,2,False,0.9320812225341797,0.6224991679191589,0.9320812225341797,0.9998130202293396,0.9569982886314392,0.00023442030326584497,0.9919788241386414
95_class-32,guarded,0,0,False,0.4794427752494812,0.4794427752494812,0.5881462693214417,0.9996410012245178,0.9851087331771851,1.0,0.9950436949729919
96_class-48,guarded,4,4,False,0.3996213674545288,0.3860873281955719,0.3996399939060211,0.9975276589393616,1.0016753673553467,0.8026796255113527,0.9909762144088745
97_class-28,guarded,1,1,False,0.9491233229637146,0.023459110409021378,0.950796902179718,0.8833616375923157,1.0088633298873901,0.018615401961889728,0.9797922968864441
98_class-24,guarded,3,3,False,0.9407749176025391,0.703381359577179,0.9573090076446533,0.9977264404296875,0.9129014611244202,0.929295814883588,0.9769482612609863
99_class-48,guarded,2,2,False,0.5953217148780823,0.6576511263847351,0.6576511263847351,0.9950595498085022,0.9968084096908569,0.2517697824946061,0.9720388650894165
100_class-44,guarded,3,3,False,0.43466854095458984,0.3264709711074829,0.4354008734226227,0.9890040159225464,1.0012164115905762,0.5903497701253042,0.9890326261520386
101_class-64,guarded,0,3,True,0.9704840779304504,0.9704840779304504,0.9707209467887878,0.9995200634002686,1.0054199695587158,1.0,0.9972050189971924
102_class-40,guarded,4,4,False,0.4659297466278076,0.4158155918121338,0.5627149343490601,0.9937857389450073,0.9727566242218018,0.0,0.9494338035583496
103_class-48,guarded,0,3,True,0.9673192501068115,0.9673192501068115,0.9679851531982422,0.897436261177063,0.9996267557144165,1.0,0.9885016083717346
104_class-4,guarded,4,4,False,0.4406162202358246,0.7190163135528564,0.807518720626831,0.9968967437744141,0.9313143491744995,0.20879189988051067,0.9711318612098694
105_class-4,guarded,4,4,False,0.4965973496437073,0.4973676800727844,0.4989519715309143,0.9902821183204651,0.9796141386032104,0.9865486570564781,0.9747265577316284
106_class-20,guarded,5,5,False,0.7240926623344421,0.6830812096595764,0.7921479344367981,0.9859583377838135,0.991519570350647,0.7359376467273923,0.9893381595611572
107_class-12,guarded,3,3,False,0.36554408073425293,0.3720521628856659,0.37582218647003174,0.9903968572616577,0.9906641244888306,0.3206722882296498,0.967199444770813
108_class-28,guarded,2,2,False,0.4273005723953247,0.4321901798248291,0.5864264369010925,0.9628920555114746,0.9704020023345947,0.18434938348143556,0.9461762309074402
109_class-52,guarded,5,5,False,0.6157858371734619,0.349824458360672,0.6280558109283447,0.9934738278388977,1.002461552619934,0.9558413104149821,0.989415168762207
110_class-60,guarded,0,2,True,0.5897656679153442,0.5897656679153442,0.5911217927932739,0.9810477495193481,0.9675072431564331,1.0,0.951396107673645
111_class-56,guarded,1,1,False,0.36714717745780945,0.35479646921157837,0.3685527443885803,0.9571331739425659,1.0119572877883911,0.8746220906982324,0.9933010339736938
112_class-4,guarded,0,4,True,0.12019849568605423,0.12019849568605423,0.12020044773817062,0.8917607069015503,1.0147080421447754,1.0,0.9917336702346802
113_class-28,guarded,5,5,False,0.6477567553520203,0.6629911065101624,0.6629911065101624,0.9900380969047546,0.9964945316314697,0.6242569667884605,0.9763963222503662
114_class-52,guarded,0,0,False,0.7499724626541138,0.7499724626541138,0.7800956964492798,0.988757848739624,0.9966721534729004,1.0,0.9519937038421631
115_class-4,guarded,0,2,True,0.6853508353233337,0.6853508353233337,0.8896538019180298,0.9951330423355103,0.9832003116607666,1.0,0.8989571332931519
116_class-20,guarded,0,0,False,0.8053973913192749,0.8053973913192749,0.806023895740509,0.9164313077926636,1.006611943244934,1.0,0.9728605151176453
117_class-0,guarded,0,0,False,0.3338186740875244,0.3338186740875244,0.3426820933818817,0.9814649224281311,1.0045080184936523,1.0,0.9851980209350586
118_class-24,guarded,0,0,False,0.379874050617218,0.379874050617218,0.41691917181015015,0.996491014957428,0.9662256240844727,1.0,0.9430912137031555
119_class-48,guarded,1,1,False,0.32511380314826965,0.2631688117980957,0.32511380314826965,0.9829944372177124,0.980498194694519,0.6746517912224452,0.9433687925338745
120_class-8,guarded,0,0,False,0.35565945506095886,0.35565945506095886,0.36625462770462036,0.9942089319229126,0.9029480218887329,1.0,0.8457769155502319
121_class-44,guarded,0,0,False,0.9417563676834106,0.9417563676834106,0.9417563676834106,0.998519778251648,0.9855540990829468,1.0,0.984539270401001
122_class-60,guarded,3,3,False,0.6262604594230652,0.5753007531166077,0.6294859051704407,0.9950605034828186,0.9734640121459961,0.2807827102803738,0.9808980822563171
123_class-72,guarded,0,2,True,0.18737918138504028,0.18737918138504028,0.31878623366355896,0.7798196077346802,1.0002775192260742,1.0,0.9606149792671204
124_class-8,guarded,5,5,False,0.9521201252937317,0.5201576948165894,0.9521201252937317,0.9912270307540894,0.9977210760116577,0.23451955800176463,0.9886044859886169
125_class-36,guarded,4,4,False,0.4927143156528473,0.35974568128585815,0.499183714389801,0.9959608316421509,0.9777060747146606,0.9689308414761408,0.9621440172195435
126_class-44,guarded,0,5,True,0.38984212279319763,0.38984212279319763,0.4728555679321289,0.9876169562339783,0.9472024440765381,1.0,0.8056755661964417
127_class-40,guarded,1,1,False,0.47271955013275146,0.44974544644355774,0.47271955013275146,0.9993745684623718,0.8443116545677185,0.4143855562026791,0.9198253154754639
128_class-32,guarded,2,2,False,0.9415305852890015,0.5102711915969849,0.9418569207191467,0.9994957447052002,0.9975094795227051,0.4589444923784872,0.9958357214927673
129_class-0,guarded,3,3,False,0.5913523435592651,0.5044490694999695,0.5913523435592651,0.9593693614006042,0.9478878974914551,0.33152415605417423,0.9166600704193115
130_class-68,guarded,4,4,False,0.44902244210243225,0.3105872571468353,0.44902244210243225,0.9961444735527039,1.0033938884735107,0.18638177934946257,0.9935341477394104
131_class-24,guarded,1,1,False,0.8581294417381287,0.5368770360946655,0.8598765730857849,0.9962842464447021,0.9902259111404419,0.30087598500497287,0.9909191131591797
132_class-44,guarded,5,5,False,0.9432249665260315,0.4747953712940216,0.9466387033462524,0.9976416826248169,0.9991284608840942,0.7432111512648425,0.9918474555015564
133_class-20,guarded,2,2,False,0.030133895576000214,0.10792520642280579,0.10792520642280579,0.8337399363517761,0.9764196872711182,0.9964878671775224,0.9144219756126404
134_class-64,guarded,5,5,False,0.836525559425354,0.6307632923126221,0.836525559425354,0.9997915625572205,0.9978795051574707,0.9938452520515827,0.9932977557182312
135_class-60,guarded,2,2,False,0.5291171073913574,0.47075599431991577,0.6248246431350708,0.9779877066612244,0.9709699153900146,0.1052640832688656,0.9143199324607849
136_class-68,guarded,5,5,False,0.7330107092857361,0.5871378779411316,0.7330107092857361,0.9937065243721008,0.9255071878433228,0.12590623762936154,0.9141886830329895
137_class-56,guarded,0,0,False,0.3594079315662384,0.3594079315662384,0.5076706409454346,0.9727879166603088,0.8219541311264038,1.0,0.8718298673629761
138_class-56,guarded,3,3,False,0.4671870470046997,0.449298232793808,0.4944365322589874,0.9972119331359863,1.0037368535995483,0.3165201295696437,0.9954759478569031
139_class-36,guarded,2,2,False,0.8471693992614746,0.5018473863601685,0.8932162523269653,0.9947425127029419,0.9678711891174316,0.7425383740761796,0.9805968403816223
140_class-4,guarded,0,4,True,0.8422545194625854,0.8422545194625854,0.8425393104553223,0.9952629804611206,1.0065362453460693,1.0,0.9919667840003967
141_class-60,guarded,0,1,True,0.3025204539299011,0.3025204539299011,0.3921450078487396,0.989960253238678,0.991418719291687,1.0,0.9726362228393555
142_class-76,guarded,3,3,False,0.41949352622032166,0.3854403495788574,0.42365404963493347,0.9949302673339844,0.9916143417358398,0.9262783568362968,0.9736967086791992
143_class-16,guarded,2,2,False,0.3594992458820343,0.3589891195297241,0.5109004378318787,0.9934228658676147,0.9953645467758179,0.7345386287295002,0.9813051819801331
144_class-60,guarded,0,0,False,0.4173944294452667,0.4173944294452667,0.4768008589744568,0.9859201908111572,0.9784402251243591,1.0,0.9929704070091248
145_class-24,guarded,0,0,False,0.4567354619503021,0.4567354619503021,0.7357617020606995,0.9988225102424622,0.9866137504577637,1.0,0.9871132373809814
146_class-4,guarded,0,0,False,0.948148250579834,0.948148250579834,0.948148250579834,0.9910677671432495,0.989209771156311,1.0,0.9867860078811646
147_class-36,guarded,0,0,False,0.46616145968437195,0.46616145968437195,0.46616145968437195,0.9940496683120728,0.9960155487060547,1.0,0.9854589104652405
148_class-12,guarded,0,5,True,0.03292616829276085,0.03292616829276085,0.03553415462374687,0.9845707416534424,1.0022116899490356,1.0,0.9886249899864197
149_class-20,guarded,1,1,False,0.1366109400987625,0.4499794840812683,0.5820035934448242,0.9879887104034424,0.9944275617599487,0.14725177905794645,0.9796076416969299
150_class-60,guarded,0,0,False,0.9236934185028076,0.9236934185028076,0.9240924119949341,0.9731737375259399,1.0028347969055176,1.0,0.9893244504928589
151_class-4,guarded,0,1,True,0.6122427582740784,0.6122427582740784,0.9395184516906738,0.993044912815094,0.9725214838981628,1.0,0.9897052645683289
152_class-0,guarded,3,3,False,0.4534819424152374,0.5276707410812378,0.5276707410812378,0.9779977798461914,0.9839608669281006,0.4464525683569646,0.9836012721061707
153_class-36,guarded,0,0,False,0.5582606792449951,0.5582606792449951,0.5616313219070435,0.9971767663955688,0.9876320362091064,1.0,0.9906960725784302
154_class-28,guarded,1,1,False,0.49019408226013184,0.3374003469944,0.49019408226013184,0.9716243743896484,0.99305260181427,0.3237632964990189,0.9794783592224121
155_class-48,guarded,0,5,True,0.6002674102783203,0.6002674102783203,0.7302274107933044,0.9692571759223938,0.9671411514282227,1.0,0.8824527263641357
156_class-48,guarded,0,4,True,0.43417659401893616,0.43417659401893616,0.6127080321311951,0.9552140831947327,0.9771934747695923,1.0,0.9706207513809204
157_class-8,guarded,2,2,False,0.363299161195755,0.3631427586078644,0.4606650769710541,0.9751511812210083,0.9946717023849487,0.9763559284996285,0.9856740236282349
158_class-4,guarded,3,3,False,0.9515390396118164,0.9509902000427246,0.9515390396118164,0.9770934581756592,1.0029460191726685,0.9957738687907954,0.9846689701080322
159_class-76,guarded,0,3,True,0.44083645939826965,0.44083645939826965,0.6117836236953735,0.9976927042007446,0.9117591381072998,1.0,0.9700610637664795
160_class-56,guarded,0,5,True,0.4815167486667633,0.4815167486667633,0.4815167486667633,0.9968979358673096,0.7926449775695801,1.0,0.8316109776496887
161_class-24,guarded,0,0,False,0.3549932837486267,0.3549932837486267,0.4113049805164337,0.9611140489578247,0.9781229496002197,1.0,0.9191170930862427
162_class-64,guarded,0,0,False,0.42181652784347534,0.42181652784347534,0.42181652784347534,0.9873312711715698,0.9192564487457275,1.0,0.8832316398620605
163_class-36,guarded,5,5,False,0.34499338269233704,0.35171812772750854,0.5569560527801514,0.9669778943061829,0.9784884452819824,0.9841561718232162,0.9570136070251465
164_class-8,guarded,1,1,False,0.739511251449585,0.6021556854248047,0.739511251449585,0.9951866865158081,0.9296156167984009,0.31515499425947185,0.938949465751648
165_class-36,guarded,0,5,True,0.7930355072021484,0.7930355072021484,0.9225295782089233,0.9995397925376892,0.9542880058288574,1.0,0.9698796272277832
166_class-48,guarded,1,1,False,0.5770838260650635,0.7697218656539917,0.8293904662132263,0.9968469142913818,0.9798205494880676,0.3962648556876061,0.987377405166626
167_class-52,guarded,3,3,False,0.8705334663391113,0.6885113716125488,0.8705334663391113,0.997876763343811,0.9884129762649536,0.5779322007028298,0.9770171642303467
168_class-68,guarded,2,2,False,0.9609249830245972,0.5316500663757324,0.9707379937171936,0.9983575344085693,0.9392638802528381,0.0,0.9780988097190857
169_class-40,guarded,0,0,False,0.6326223611831665,0.6326223611831665,0.8316662311553955,0.9957648515701294,0.9588634967803955,1.0,0.9727088809013367
170_class-76,guarded,4,4,False,0.4608477056026459,0.5041968822479248,0.5041968822479248,0.9984959959983826,0.9908318519592285,0.6992884087791496,0.9890110492706299
171_class-0,guarded,0,1,True,0.5397968292236328,0.5397968292236328,0.8817005157470703,0.9816170930862427,0.8846241235733032,1.0,0.538864016532898
172_class-76,guarded,2,2,False,0.45730090141296387,0.36922064423561096,0.45730090141296387,0.996936023235321,1.0007266998291016,0.2248767448767449,0.9808275103569031
173_class-24,guarded,0,5,True,0.47168534994125366,0.47168534994125366,0.48538148403167725,0.9984737038612366,0.9060605764389038,1.0,0.9725448489189148
174_class-72,guarded,0,3,True,0.6197039484977722,0.6197039484977722,0.6238061189651489,0.9066970348358154,0.9342135190963745,1.0,0.9241380095481873
175_class-52,guarded,0,0,False,0.2361559122800827,0.2361559122800827,0.23623134195804596,0.9502741098403931,1.0147371292114258,1.0,0.9905118942260742
176_class-24,guarded,1,1,False,0.4436315894126892,0.41418665647506714,0.44436389207839966,0.9948496222496033,0.9857789278030396,0.5863300178525886,0.9786888360977173
177_class-16,guarded,0,0,False,0.9641939997673035,0.9641939997673035,0.9654138088226318,0.9912351965904236,1.002245306968689,1.0,0.9933987855911255
178_class-48,guarded,2,2,False,0.41702568531036377,0.3213186264038086,0.41702568531036377,0.9903100728988647,1.0030958652496338,0.9989852866565195,0.9917535781860352
179_class-4,guarded,2,2,False,0.9477696418762207,0.947741687297821,0.9477918744087219,0.931064248085022,1.0129889249801636,0.9993373048045402,0.9841737151145935
180_class-0,guarded,0,3,True,0.6215570569038391,0.6215570569038391,0.7783458232879639,0.9542715549468994,0.9708137512207031,1.0,0.9230852127075195
181_class-16,guarded,0,3,True,0.5447486639022827,0.5447486639022827,0.6717386245727539,0.9941938519477844,0.9712398052215576,1.0,0.9038451313972473
182_class-68,guarded,2,2,False,0.4604675769805908,0.4599383473396301,0.4604675769805908,0.9962314367294312,0.9954720735549927,0.8238961282459923,0.9893234968185425
183_class-36,guarded,3,3,False,0.9035304188728333,0.55860835313797,0.9035304188728333,0.9976711273193359,0.9896191358566284,0.9574309185959672,0.9763728380203247
184_class-20,guarded,0,3,True,0.7147852778434753,0.7147852778434753,0.7147852778434753,0.7828152179718018,1.0051559209823608,1.0,0.9917011260986328
185_class-16,guarded,1,1,False,0.5066261887550354,0.9309767484664917,0.9309767484664917,0.9976871013641357,0.9880055785179138,0.23669927633342266,0.9892022013664246
186_class-72,guarded,0,0,False,0.1618693619966507,0.1618693619966507,0.1618693619966507,0.8515889644622803,0.9844715595245361,1.0,0.971432626247406
187_class-64,guarded,3,3,False,0.41080746054649353,0.36176973581314087,0.41080746054649353,0.998225748538971,0.9922289848327637,0.06879958382104305,0.9826757311820984
188_class-24,guarded,0,0,False,0.46665412187576294,0.46665412187576294,0.49536609649658203,0.9949008822441101,0.9714311361312866,1.0,0.9626205563545227
189_class-76,guarded,3,3,False,0.6347256898880005,0.6414013504981995,0.6925981044769287,0.9941543936729431,1.0021626949310303,0.9039529067284817,0.9880478978157043
190_class-4,guarded,0,4,True,0.9522792100906372,0.9522792100906372,0.9523853659629822,0.9851155281066895,1.0052529573440552,1.0,0.9917292594909668
191_class-24,guarded,3,3,False,0.5074853897094727,0.34777238965034485,0.5074853897094727,0.9955519437789917,0.9005531072616577,0.15774429335620074,0.8462721705436707
192_class-4,guarded,0,3,True,0.8701044321060181,0.8701044321060181,0.8701044321060181,0.9823426008224487,0.998609185218811,1.0,0.9916703701019287
193_class-24,guarded,2,2,False,0.4154511094093323,0.3978866934776306,0.4547748267650604,0.9923593997955322,0.9446039199829102,0.17269030818543227,0.8884552717208862
194_class-44,guarded,0,4,True,0.4302295446395874,0.4302295446395874,0.5952028036117554,0.9873862862586975,0.9276739358901978,1.0,0.7884261608123779
195_class-36,guarded,0,0,False,0.8253819942474365,0.8253819942474365,0.8253819942474365,0.9986727237701416,0.987576961517334,1.0,0.9901748895645142
196_class-64,guarded,0,4,True,0.26016080379486084,0.26016080379486084,0.4467333257198334,0.9549723267555237,0.9998286962509155,1.0,0.9886019825935364
197_class-36,guarded,3,3,False,0.48402491211891174,0.522415816783905,0.5405226945877075,0.9961435794830322,0.9890632629394531,0.23376045559708133,0.9981338977813721
198_class-48,guarded,2,2,False,0.7412092089653015,0.7352073192596436,0.7443875074386597,0.9490780830383301,0.9991273880004883,0.9922394835780662,0.9846382737159729
199_class-12,guarded,4,4,False,0.35932332277297974,0.9072375297546387,0.9072375297546387,0.9984550476074219,1.0121724605560303,0.49566954045717,0.9918466806411743
200_class-12,guarded,4,4,False,0.32462993264198303,0.32612910866737366,0.32612910866737366,0.9843966960906982,1.0026870965957642,0.99678979675943,0.9884408712387085
201_class-36,guarded,0,1,True,0.6964560151100159,0.6964560151100159,0.7693489789962769,0.9974547028541565,0.9322634935379028,1.0,0.8278411626815796
202_class-64,guarded,0,1,True,0.9688805937767029,0.9688805937767029,0.9688805937767029,0.996770977973938,1.0149648189544678,1.0,0.9973708987236023
203_class-4,guarded,0,5,True,0.8596946597099304,0.8596946597099304,0.8711557388305664,0.9989702701568604,0.9828332662582397,1.0,0.9840460419654846
204_class-44,guarded,2,2,False,0.48428207635879517,0.30688831210136414,0.48428207635879517,0.9991008043289185,0.9972892999649048,0.08733592646009061,0.9928189516067505
205_class-4,guarded,0,2,True,0.2851666510105133,0.2851666510105133,0.2851925790309906,0.9257013201713562,1.0151609182357788,1.0,0.9944150447845459
206_class-64,guarded,0,2,True,0.35242095589637756,0.35242095589637756,0.37513741850852966,0.9785315990447998,0.9814140796661377,1.0,0.95606929063797
207_class-52,guarded,0,1,True,0.24417346715927124,0.24417346715927124,0.37716057896614075,0.9785490036010742,1.0039962530136108,1.0,0.9911386966705322
208_class-20,guarded,0,4,True,0.31825143098831177,0.31825143098831177,0.31828683614730835,0.9911423325538635,1.0149636268615723,1.0,0.996866762638092
209_class-28,guarded,0,0,False,0.3377940356731415,0.3377940356731415,0.9133849143981934,0.997538685798645,0.9786665439605713,1.0,0.9930976033210754
210_class-48,guarded,0,1,True,0.39344412088394165,0.39344412088394165,0.39492368698120117,0.9878498315811157,1.0060577392578125,1.0,0.9927427768707275
211_class-36,guarded,1,1,False,0.47946780920028687,0.6154989004135132,0.6154989004135132,0.9929413795471191,0.9465959072113037,0.13844676180021953,0.9707217812538147
212_class-64,guarded,4,4,False,0.42444953322410583,0.45016101002693176,0.45016101002693176,0.9959753751754761,0.9747782945632935,0.7876904964353457,0.9645352959632874
213_class-52,guarded,5,5,False,0.6008964776992798,0.5132715106010437,0.9719998836517334,0.9902459979057312,0.9868001937866211,0.7157708947674294,0.976368248462677
214_class-64,guarded,0,5,True,0.2627550959587097,0.2627550959587097,0.4543922543525696,0.9455857872962952,0.9453620910644531,1.0,0.782471239566803
215_class-28,guarded,0,5,True,0.9785676002502441,0.9785676002502441,0.9786971807479858,0.9573643803596497,1.0075486898422241,1.0,0.9923310875892639
216_class-40,guarded,5,5,False,0.6373671293258667,0.41630080342292786,0.6373671293258667,0.997433602809906,0.9751147031784058,0.03312641083521445,0.9479904174804688
217_class-20,guarded,4,4,False,0.9648330211639404,0.9648797512054443,0.9671545028686523,0.9792279005050659,1.0055696964263916,0.9976423527308483,0.9876946806907654
218_class-0,guarded,2,2,False,0.8646954894065857,0.03737112879753113,0.8646954894065857,0.9894711375236511,0.9968788623809814,0.9954290463328486,0.9901747107505798
219_class-24,guarded,0,0,False,0.46191731095314026,0.46191731095314026,0.6733989119529724,0.9956319332122803,0.9686064720153809,1.0,0.9777485132217407
220_class-64,guarded,0,3,True,0.9603216052055359,0.9603216052055359,0.9603390693664551,0.9958432912826538,1.0168101787567139,1.0,0.9987696409225464
221_class-16,guarded,1,1,False,0.4025622606277466,0.4003151059150696,0.4025622606277466,0.9989103078842163,0.9798828959465027,0.8167417526522308,0.9898361563682556
222_class-40,guarded,5,5,False,0.4554830491542816,0.685018002986908,0.685018002986908,0.9985978007316589,0.995733380317688,0.0,0.9928148984909058
223_class-12,guarded,0,0,False,0.9685980081558228,0.9685980081558228,0.968773603439331,0.988762617111206,1.011246919631958,1.0,0.9952897429466248
224_class-76,guarded,4,4,False,0.45087841153144836,0.6630800366401672,0.6630800366401672,0.996469259262085,0.9999085664749146,0.35894715570374863,0.9895764589309692
225_class-24,guarded,2,2,False,0.5043972134590149,0.6149725914001465,0.6149725914001465,0.9975625276565552,0.9234178066253662,0.00394833048988545,0.949409008026123
226_class-28,guarded,0,1,True,0.7380691170692444,0.7380691170692444,0.9492428302764893,0.9955935478210449,0.9461969137191772,1.0,0.9006255269050598
227_class-48,guarded,0,2,True,0.9692741632461548,0.9692741632461548,0.9695693254470825,0.9959592223167419,1.006683588027954,1.0,0.9901226162910461
228_class-20,guarded,0,4,True,0.7713820338249207,0.7713820338249207,0.7713820338249207,0.933035671710968,0.9636869430541992,1.0,0.9718248248100281
229_class-56,guarded,0,5,True,0.5059956312179565,0.5059956312179565,0.516289234161377,0.9925835728645325,0.9415160417556763,1.0,0.9609655141830444
230_class-64,guarded,0,5,True,0.7011852860450745,0.7011852860450745,0.8618299961090088,0.9967924356460571,0.975013017654419,1.0,0.9666495323181152
231_class-72,guarded,0,3,True,0.3316868543624878,0.3316868543624878,0.3552924692630768,0.9912922382354736,1.000657558441162,1.0,0.9919203519821167
232_class-32,guarded,1,1,False,0.45626741647720337,0.45710209012031555,0.46878862380981445,0.9922795295715332,1.009661316871643,0.2637028136577551,0.9924733638763428
233_class-20,guarded,4,4,False,0.9075585603713989,0.9070193767547607,0.9075650572776794,0.9592940211296082,1.0139036178588867,0.9991326427117506,0.9918020367622375
234_class-0,guarded,0,5,True,0.9100902080535889,0.9100902080535889,0.9460015892982483,0.9967283606529236,0.9760791063308716,1.0,0.9679726362228394
235_class-68,guarded,3,3,False,0.45730721950531006,0.4406314790248871,0.45730721950531006,0.994359016418457,1.0057567358016968,0.2972108108108108,0.9942886829376221
236_class-28,guarded,0,2,True,0.7319622039794922,0.7319622039794922,0.7320040464401245,0.9827131032943726,1.0170212984085083,1.0,0.9936596751213074
237_class-0,guarded,0,0,False,0.8674039840698242,0.8674039840698242,0.8674155473709106,0.9765499830245972,1.0069770812988281,1.0,0.9872310161590576
238_class-44,guarded,1,1,False,0.46414968371391296,0.5283504128456116,0.836220383644104,0.9994311928749084,0.9945333003997803,0.3086327758458906,0.9830474853515625
239_class-12,guarded,1,1,False,0.7014588713645935,0.35867977142333984,0.7014588713645935,0.9949365258216858,0.9767866134643555,0.4105217539758625,0.9700639247894287
240_class-56,guarded,0,3,True,0.4389721751213074,0.4389721751213074,0.46378257870674133,0.9334599375724792,0.9376221895217896,1.0,0.9047847390174866
241_class-64,guarded,0,0,False,0.41013476252555847,0.41013476252555847,0.5140933990478516,0.9919353723526001,0.9824068546295166,1.0,0.9806764721870422
242_class-0,guarded,0,1,True,0.8840625286102295,0.8840625286102295,0.8840625286102295,0.9902536869049072,0.9686827659606934,1.0,0.9844561219215393
243_class-48,guarded,4,4,False,0.1311095952987671,0.06166484206914902,0.1311095952987671,0.9499396681785583,0.9952696561813354,0.6157187626051072,0.9816538095474243
244_class-32,guarded,0,0,False,0.8476249575614929,0.8476249575614929,0.8881255984306335,0.9942669868469238,0.9958862066268921,1.0,0.9768799543380737
245_class-60,guarded,4,4,False,0.13676878809928894,0.13678643107414246,0.15705600380897522,0.9957185387611389,0.9994730949401855,0.9961092833643256,0.9825543165206909
246_class-4,guarded,1,1,False,0.783475399017334,0.7332041263580322,0.7849814891815186,0.9992190599441528,0.9861419200897217,0.7492558110076636,0.9833225011825562
247_class-8,guarded,0,1,True,0.9310780763626099,0.9310780763626099,0.9346588850021362,0.9922839403152466,0.9947496652603149,1.0,0.9886980056762695
248_class-44,guarded,0,0,False,0.4560512602329254,0.4560512602329254,0.4560512602329254,0.997555136680603,0.9581529498100281,1.0,0.9820916652679443
249_class-8,guarded,0,5,True,0.8400322794914246,0.8400322794914246,0.8901466131210327,0.9711297154426575,0.9975079298019409,1.0,0.9837974309921265
250_class-72,guarded,0,4,True,0.34443992376327515,0.34443992376327515,0.35191410779953003,0.9775742292404175,0.9896409511566162,1.0,0.9712218046188354
251_class-8,guarded,2,2,False,0.47867828607559204,0.5169253349304199,0.5169253349304199,0.9968916773796082,0.9623268842697144,0.10313658272169238,0.9764496684074402
252_class-56,guarded,0,4,True,0.4998043179512024,0.4998043179512024,0.4998043179512024,0.9979284405708313,0.8674557209014893,1.0,0.9164226651191711
253_class-72,guarded,0,5,True,0.4574730694293976,0.4574730694293976,0.45969799160957336,0.9874277114868164,0.7835574150085449,1.0,0.8562252521514893
254_class-64,guarded,3,3,False,0.47073128819465637,0.3055415749549866,0.4848858118057251,0.9989291429519653,0.9549109935760498,0.7543937286635478,0.9949299097061157
255_class-20,guarded,4,4,False,0.9547649621963501,0.9537662267684937,0.9564778804779053,0.9823799133300781,1.0023266077041626,0.9966798041323301,0.9845393300056458
256_class-32,guarded,2,2,False,0.4831770658493042,0.4831230044364929,0.4831770658493042,0.9910154938697815,0.9252928495407104,0.1674804060131055,0.9298443794250488
257_class-48,guarded,1,1,False,0.9092143774032593,0.18602819740772247,0.9092143774032593,0.9828895330429077,0.9714926481246948,3.338823843654009e-05,0.9290043115615845
258_class-68,guarded,4,4,False,0.3891116678714752,0.44282472133636475,0.46605411171913147,0.9902504086494446,0.9771198034286499,0.0,0.9162847399711609
259_class-64,guarded,5,5,False,0.3058168590068817,0.29988372325897217,0.3353995978832245,0.9990884065628052,0.9950636625289917,0.05359419165327274,0.990415632724762
260_class-52,guarded,2,2,False,0.6224963665008545,0.7846493124961853,0.8698251247406006,0.9976649284362793,0.9894466400146484,0.7492954368291659,0.9832082390785217
261_class-8,guarded,0,1,True,0.6036453247070312,0.6036453247070312,0.8839606046676636,0.984722375869751,0.9613078832626343,1.0,0.895228922367096
262_class-44,guarded,1,1,False,0.473604679107666,0.4348790943622589,0.473604679107666,0.9956819415092468,0.9965839385986328,0.23075215509267824,0.9921666383743286
263_class-44,guarded,2,2,False,0.9311749339103699,0.9326778650283813,0.9345446825027466,0.9988879561424255,0.9969285130500793,0.986153485097395,0.9955321550369263
264_class-68,guarded,1,1,False,0.5753312110900879,0.5756423473358154,0.5756423473358154,0.9803792834281921,1.0032118558883667,0.998558809855881,0.988020122051239
265_class-24,guarded,3,3,False,0.7657902240753174,0.5634806752204895,0.7657902240753174,0.9982931017875671,0.9542437791824341,0.2088013615365913,0.9750516414642334
266_class-20,guarded,0,0,False,0.5229467749595642,0.5229467749595642,0.8820368051528931,0.9859790802001953,0.9807825088500977,1.0,0.9780080914497375
267_class-12,guarded,1,1,False,0.9626511931419373,0.3594346046447754,0.9626511931419373,0.996993362903595,1.0141478776931763,0.22532064760302775,0.9936614632606506
268_class-56,guarded,0,0,False,0.4731350839138031,0.4731350839138031,0.5127124786376953,0.9910385608673096,1.004411220550537,1.0,0.9970688223838806
269_class-52,guarded,0,1,True,0.4165654182434082,0.4165654182434082,0.4542456269264221,0.9856476783752441,0.9575607776641846,1.0,0.7864061594009399
270_class-4,guarded,5,5,False,0.869806170463562,0.5458306074142456,0.869806170463562,0.9927980899810791,0.9395221471786499,0.07742654226430859,0.9388301968574524
271_class-72,guarded,0,2,True,0.9055801033973694,0.9055801033973694,0.9055801033973694,0.9760373830795288,0.9877022504806519,1.0,0.9764084815979004
272_class-16,guarded,0,1,True,0.9303883910179138,0.9303883910179138,0.9306661486625671,0.9865215420722961,1.0062260627746582,1.0,0.9894392490386963
273_class-40,guarded,0,1,True,0.6038024425506592,0.6038024425506592,0.726171612739563,0.9901195764541626,0.892990231513977,1.0,0.86067795753479
274_class-48,guarded,0,0,False,0.5767541527748108,0.5767541527748108,0.5767541527748108,0.9981627464294434,0.9636654853820801,1.0,0.9790969491004944
275_class-16,guarded,0,4,True,0.697871744632721,0.697871744632721,0.9242300391197205,0.9945619106292725,0.9404093027114868,1.0,0.47758832573890686
276_class-20,guarded,3,3,False,0.8407740592956543,0.8416727781295776,0.844694972038269,0.9837343692779541,0.9838418960571289,0.9898905517719853,0.9508486390113831
277_class-44,guarded,1,1,False,0.8044771552085876,0.43406611680984497,0.8044771552085876,0.9978973865509033,1.004564881324768,0.14504210748551455,0.9945610165596008
278_class-24,guarded,3,3,False,0.4176238477230072,0.41898414492607117,0.43247902393341064,0.9953550100326538,0.9766457080841064,0.7471230881281865,0.9569454789161682
279_class-60,guarded,0,0,False,0.28658244013786316,0.28658244013786316,0.6031155586242676,0.9612636566162109,0.9898921251296997,1.0,0.9577891230583191
280_class-68,guarded,0,0,False,0.4747059643268585,0.4747059643268585,0.4747059643268585,0.9978104829788208,0.9863022565841675,1.0,0.9853928089141846
281_class-76,guarded,0,1,True,0.4117540717124939,0.4117540717124939,0.46517083048820496,0.9972049593925476,0.9977502822875977,1.0,0.9870904684066772
282_class-56,guarded,3,3,False,0.4059569835662842,0.3012278378009796,0.40905025601387024,0.9969979524612427,1.0071909427642822,0.8665589594666449,0.991977334022522
283_class-24,guarded,3,3,False,0.461845338344574,0.48807692527770996,0.48807692527770996,0.9917418956756592,0.8962761163711548,0.0,0.8106079697608948
284_class-24,guarded,0,0,False,0.4054936468601227,0.4054936468601227,0.4350852966308594,0.982975959777832,0.9779899716377258,1.0,0.9661651253700256
285_class-64,guarded,2,2,False,0.5781546235084534,0.5467548370361328,0.6033023595809937,0.9986602663993835,0.9909652471542358,0.3307128133838263,0.9910063743591309
286_class-72,guarded,2,2,False,0.3898649513721466,0.3836960196495056,0.7166783809661865,0.9802897572517395,0.9374167919158936,0.1778449938628792,0.9695349335670471
287_class-12,guarded,2,2,False,0.8722522258758545,0.37063586711883545,0.8722522258758545,0.9917840361595154,1.0090869665145874,0.5899551752241239,0.9929287433624268
288_class-0,guarded,3,3,False,0.30755937099456787,0.682541012763977,0.6894404292106628,0.9319347143173218,0.9974669218063354,0.5371910637287565,0.9660336375236511
289_class-56,guarded,4,4,False,0.41816017031669617,0.41813212633132935,0.41816017031669617,0.9921483397483826,1.002950668334961,0.9342248249215166,0.9892020225524902
290_class-0,guarded,1,1,False,0.5965876579284668,0.645570695400238,0.645570695400238,0.9833506941795349,0.9698011875152588,0.6763336598465755,0.9366739392280579
291_class-52,guarded,2,2,False,0.2896011471748352,0.2886935770511627,0.4268111288547516,0.9842493534088135,0.9972292184829712,0.9769919045590115,0.9754613637924194
292_class-32,guarded,0,0,False,0.47451961040496826,0.47451961040496826,0.6068783402442932,0.9978635311126709,0.9385243058204651,1.0,0.985043466091156
293_class-4,guarded,0,5,True,0.5338634252548218,0.5338634252548218,0.5338914394378662,0.9049311876296997,1.011103868484497,1.0,0.9882680773735046
294_class-24,guarded,0,2,True,0.6257754564285278,0.6257754564285278,0.6257754564285278,0.8697251081466675,0.9141010046005249,1.0,0.49655312299728394
295_class-8,guarded,0,3,True,0.0635053813457489,0.0635053813457489,0.07167147845029831,0.9871262311935425,0.9720069169998169,1.0,0.9639620184898376
296_class-76,guarded,2,2,False,0.8038479089736938,0.48867279291152954,0.8038479089736938,0.9894845485687256,0.965542197227478,0.30643135341267475,0.924670934677124
297_class-32,guarded,0,5,True,0.941543459892273,0.941543459892273,0.941543459892273,0.9988266229629517,0.9317640662193298,1.0,0.9918586611747742
298_class-4,guarded,0,1,True,0.3118194341659546,0.3118194341659546,0.6465747356414795,0.9889137744903564,0.996884822845459,1.0,0.9928684234619141
299_class-40,guarded,0,1,True,0.39014214277267456,0.39014214277267456,0.39014214277267456,0.9878959655761719,0.9721968173980713,1.0,0.9871622323989868
300_class-76,guarded,3,3,False,0.4155867099761963,0.22634460031986237,0.415631502866745,0.9957479238510132,1.0015586614608765,0.21911759136527173,0.9884383082389832
301_class-60,guarded,0,5,True,0.36708810925483704,0.36708810925483704,0.4390173554420471,0.9379357099533081,0.9854216575622559,1.0,0.9138047695159912
302_class-72,guarded,1,1,False,0.40068909525871277,0.4094862937927246,0.4094862937927246,0.9941639304161072,0.9977487325668335,0.8741144836858162,0.9872721433639526
303_class-0,guarded,3,3,False,0.4911397695541382,0.4894382953643799,0.5643774271011353,0.9739182591438293,0.9907076358795166,0.8504117178890658,0.9518834352493286
304_class-68,guarded,0,1,True,0.36051005125045776,0.36051005125045776,0.36051005125045776,0.9563341736793518,1.017871618270874,1.0,0.9980735778808594
305_class-24,guarded,1,1,False,0.4835161864757538,0.43200036883354187,0.6791375279426575,0.9991206526756287,0.9908814430236816,0.0,0.9931806921958923
306_class-40,guarded,0,5,True,0.9489544630050659,0.9489544630050659,0.9489544630050659,0.9911022782325745,0.9591640830039978,1.0,0.9937267303466797
307_class-76,guarded,1,1,False,0.4657559394836426,0.2548288106918335,0.5324274301528931,0.9985092282295227,0.9650806188583374,0.055617375256137115,0.9680224657058716
308_class-20,guarded,0,2,True,0.9523273706436157,0.9523273706436157,0.9523273706436157,0.9548449516296387,1.0099940299987793,1.0,0.9894140362739563
309_class-60,guarded,0,0,False,0.468277245759964,0.468277245759964,0.5330736637115479,0.990374743938446,0.9875587224960327,1.0,0.9907565712928772
310_class-76,guarded,0,4,True,0.4021228849887848,0.4021228849887848,0.42574343085289,0.9955458045005798,0.962098240852356,1.0,0.8817340731620789
311_class-64,guarded,0,5,True,0.9720555543899536,0.9720555543899536,0.9721474647521973,0.9993064999580383,1.0009828805923462,1.0,0.9910232424736023
312_class-24,guarded,5,5,False,0.6267048120498657,0.5783079862594604,0.6267048120498657,0.9975957870483398,0.915787935256958,0.11387584402233593,0.9422176480293274
313_class-12,guarded,0,4,True,0.45461761951446533,0.45461761951446533,0.45473361015319824,0.985390841960907,1.0152034759521484,1.0,0.9929726719856262
314_class-36,guarded,5,5,False,0.7952460646629333,0.4598236083984375,0.8400249481201172,0.9987097382545471,0.969066858291626,0.8573687182382834,0.9748765230178833
315_class-56,guarded,4,4,False,0.3102094233036041,0.31050756573677063,0.31050756573677063,0.9861611127853394,1.0017240047454834,0.998756829602081,0.9843264222145081
316_class-16,guarded,0,3,True,0.4041513204574585,0.4041513204574585,0.40758001804351807,0.9994454979896545,0.9760967493057251,1.0,0.9874536991119385
317_class-72,guarded,0,4,True,0.4484187364578247,0.4484187364578247,0.7740693092346191,0.904087483882904,0.8914728164672852,1.0,0.6622276306152344
318_class-24,guarded,0,0,False,0.46338382363319397,0.46338382363319397,0.46338382363319397,0.9962934255599976,0.9660652875900269,1.0,0.9766928553581238
319_class-20,guarded,0,3,True,0.7951774597167969,0.7951774597167969,0.7990391254425049,0.996326744556427,0.9388691186904907,1.0,0.9665178060531616
320_class-28,guarded,2,2,False,0.33387792110443115,0.47358453273773193,0.6299057006835938,0.9829645156860352,0.9915387630462646,0.6838232917883035,0.9425609111785889
321_class-44,guarded,0,3,True,0.5366227626800537,0.5366227626800537,0.5989612340927124,0.9987267255783081,0.9581228494644165,1.0,0.9532692432403564
322_class-72,guarded,0,5,True,0.6881567239761353,0.6881567239761353,0.6881567239761353,0.9919567108154297,0.8481690883636475,1.0,0.7621240019798279
323_class-76,guarded,2,2,False,0.6058027148246765,0.4960869252681732,0.8988969922065735,0.9975762963294983,0.9761412739753723,0.20948180815876516,0.9929589033126831
324_class-56,guarded,0,5,True,0.20664756000041962,0.20664756000041962,0.43356725573539734,0.8206442594528198,1.0025575160980225,1.0,0.9788598418235779
325_class-12,guarded,5,5,False,0.9749674797058105,0.1724110096693039,0.9749674797058105,0.9947131276130676,1.014936089515686,0.11428879609226929,0.9985442757606506
326_class-68,guarded,5,5,False,0.459943950176239,0.4497659504413605,0.4600464403629303,0.999370813369751,1.004582166671753,0.5827633378932968,0.9952356815338135
327_class-64,guarded,2,2,False,0.4587457776069641,0.10533615201711655,0.506430983543396,0.9944226741790771,0.9095134735107422,0.572531287110624,0.9261825084686279
328_class-48,guarded,1,1,False,0.6088739037513733,0.8928098082542419,0.8928098082542419,0.9989072680473328,0.9862391948699951,0.28318120604518926,0.9908456206321716
329_class-28,guarded,0,2,True,0.4650285243988037,0.4650285243988037,0.604566752910614,0.970977783203125,0.9941204786300659,1.0,0.977867066860199
330_class-48,guarded,0,0,False,0.8802713751792908,0.8802713751792908,0.8802713751792908,0.9784747958183289,1.0093649625778198,1.0,0.9944047927856445
331_class-8,guarded,0,0,False,0.955812931060791,0.955812931060791,0.955812931060791,0.9659046530723572,1.0079350471496582,1.0,0.9919514060020447
332_class-40,guarded,4,4,False,0.4840938448905945,0.47008365392684937,0.4840938448905945,0.9982736110687256,1.0081655979156494,0.2417029511369134,0.9988266229629517
333_class-64,guarded,5,5,False,0.416143536567688,0.3609444200992584,0.49893999099731445,0.9920000433921814,0.9845781326293945,0.44656472200805275,0.9771913290023804
334_class-8,guarded,0,5,True,0.4284053444862366,0.4284053444862366,0.4284053444862366,0.9454342126846313,0.9811190366744995,1.0,0.9664725065231323
335_class-68,guarded,0,2,True,0.40539422631263733,0.40539422631263733,0.7822184562683105,0.9922658205032349,0.9102538824081421,1.0,0.5399269461631775
336_class-76,guarded,0,0,False,0.6592721939086914,0.6592721939086914,0.6831861138343811,0.9974647760391235,0.9749575853347778,1.0,0.962993323802948
337_class-48,guarded,0,5,True,0.9723906517028809,0.9723906517028809,0.9724299907684326,0.9384194612503052,1.0041803121566772,1.0,0.9829972982406616
338_class-48,guarded,4,4,False,0.8719145059585571,0.8718012571334839,0.8747000098228455,0.9831539392471313,1.0096023082733154,0.998760903009335,0.9738358855247498
339_class-56,guarded,0,0,False,0.4644012451171875,0.4644012451171875,0.6308810114860535,0.993231475353241,0.9396052360534668,1.0,0.9755996465682983
340_class-12,guarded,1,1,False,0.29981255531311035,0.945083498954773,0.945083498954773,0.9901660680770874,0.9980440139770508,0.22808767087843373,0.977483868598938
341_class-48,guarded,1,1,False,0.28807708621025085,0.5688827633857727,0.5688827633857727,0.9939329624176025,0.970917820930481,0.484543232430878,0.9091789126396179
342_class-28,guarded,5,5,False,0.4171319007873535,0.41712072491645813,0.41718965768814087,0.9881026148796082,1.0132976770401,0.7486001527106134,0.9976100325584412
343_class-16,guarded,2,2,False,0.8185136318206787,0.8125028014183044,0.8243893384933472,0.9796066284179688,0.9834591150283813,0.9951562083614189,0.9518371224403381
344_class-20,guarded,2,2,False,0.446402370929718,0.2604469358921051,0.446402370929718,0.9787369966506958,0.9073448181152344,0.49223038594713286,0.9378774166107178
345_class-72,guarded,1,1,False,0.35100674629211426,0.3946952223777771,0.4919475018978119,0.9912013411521912,0.9017081260681152,0.18213660245183888,0.8017128109931946
346_class-16,guarded,0,4,True,0.4712439179420471,0.4712439179420471,0.4712439179420471,0.9970731735229492,0.9564112424850464,1.0,0.9362085461616516
347_class-64,guarded,0,0,False,0.3278980255126953,0.3278980255126953,0.45944076776504517,0.966971755027771,0.9840894937515259,1.0,0.9578608870506287
348_class-56,guarded,1,1,False,0.5843796133995056,0.14151348173618317,0.5843796133995056,0.9733795523643494,0.9745187759399414,0.028868522099834638,0.9837843179702759
349_class-40,guarded,0,2,True,0.6508482694625854,0.6508482694625854,0.6508482694625854,0.9968807697296143,0.8656872510910034,1.0,0.8382037281990051
350_class-24,guarded,3,3,False,0.8493121862411499,0.4321286976337433,0.8493121862411499,0.9925568699836731,0.8446614146232605,0.0,0.9851629734039307
351_class-76,guarded,1,1,False,0.38252076506614685,0.3830052614212036,0.3830276131629944,0.980508029460907,0.9858566522598267,0.9950498501010946,0.9721329808235168
352_class-36,guarded,3,3,False,0.6700734496116638,0.5238307118415833,0.831409215927124,0.995978593826294,0.9754319190979004,0.05395000256660336,0.9885175824165344
353_class-0,guarded,4,4,False,0.9434937834739685,0.9434454441070557,0.9435412883758545,0.9320224523544312,1.0109889507293701,0.9998445515311675,0.9934820532798767
354_class-76,guarded,0,3,True,0.3089897930622101,0.3089897930622101,0.3208877146244049,0.9432375431060791,0.9846959114074707,1.0,0.9648376703262329
355_class-36,guarded,2,2,False,0.9305137395858765,0.529096245765686,0.9306469559669495,0.9985213279724121,1.0050581693649292,0.9978649857665718,0.9964064359664917
356_class-28,guarded,2,2,False,0.9471951723098755,0.9387902617454529,0.9471951723098755,0.9976687431335449,0.9981567859649658,0.8060001056356626,0.9928199052810669
357_class-20,guarded,0,4,True,0.05275988206267357,0.05275988206267357,0.05390316992998123,0.9508621692657471,1.0124361515045166,1.0,0.9791764616966248
358_class-8,guarded,0,0,False,0.8158453702926636,0.8158453702926636,0.8158453702926636,0.9786102175712585,0.9514040946960449,1.0,0.9731118679046631
359_class-8,guarded,3,3,False,0.6912091374397278,0.6037331223487854,0.6912091374397278,0.9948469400405884,0.9226734638214111,0.5000700525394045,0.9116525053977966
360_class-24,guarded,3,3,False,0.4083663821220398,0.2725878655910492,0.4083663821220398,0.9814288020133972,0.9564859867095947,0.4021346578575694,0.9270873069763184
361_class-16,guarded,0,0,False,0.2717958688735962,0.2717958688735962,0.4173482060432434,0.9880512356758118,0.9587510824203491,1.0,0.9398871064186096
362_class-68,guarded,1,1,False,0.44152405858039856,0.4108298122882843,0.44152405858039856,0.995280921459198,0.9833379983901978,0.5291347115705235,0.9856287240982056
363_class-8,guarded,5,5,False,0.37201157212257385,0.5025461912155151,0.6273546814918518,0.9793517589569092,0.9201712608337402,0.19898269475313762,0.851893424987793
364_class-48,guarded,1,1,False,0.4412287175655365,0.4524060785770416,0.47775354981422424,0.9953896999359131,0.9701269865036011,0.6953747165233901,0.958581268787384
365_class-16,guarded,1,1,False,0.36299750208854675,0.29654639959335327,0.36299750208854675,0.9678139686584473,0.946929931640625,0.3972279628155602,0.9675873517990112
366_class-64,guarded,0,5,True,0.6262497901916504,0.6262497901916504,0.6262497901916504,0.9984551668167114,0.9531421661376953,1.0,0.9497057199478149
367_class-48,guarded,0,3,True,0.29685908555984497,0.29685908555984497,0.29685908555984497,0.9759685397148132,0.9964127540588379,1.0,0.9736688733100891
368_class-20,guarded,4,4,False,0.8388897180557251,0.8533148765563965,0.8533148765563965,0.9712158441543579,0.9749844074249268,0.9632020330368488,0.9196051955223083
369_class-72,guarded,0,5,True,0.8975039720535278,0.8975039720535278,0.9849666953086853,0.9738948345184326,0.9991945028305054,1.0,0.9699606895446777
370_class-68,guarded,3,3,False,0.4492796063423157,0.4504913091659546,0.4753592610359192,0.995161771774292,1.0063811540603638,0.8037250700510961,0.9919608235359192
371_class-44,guarded,0,2,True,0.560998797416687,0.560998797416687,0.560998797416687,0.9890756011009216,0.8875113725662231,1.0,0.8066774606704712
372_class-0,guarded,0,2,True,0.05115426331758499,0.05115426331758499,0.05157962441444397,0.974647045135498,1.0225673913955688,1.0,0.9334888458251953
373_class-72,guarded,2,2,False,0.29937517642974854,0.21341636776924133,0.35336512327194214,0.9532329440116882,0.9720505475997925,0.49454882857805615,0.8979361057281494
374_class-4,guarded,0,3,True,0.8975797891616821,0.8975797891616821,0.9210617542266846,0.9523506164550781,0.9853900671005249,1.0,0.953832745552063
375_class-44,guarded,0,3,True,0.5905240774154663,0.5905240774154663,0.9105322360992432,0.9978013038635254,0.9202450513839722,1.0,0.8821267485618591
376_class-0,guarded,3,3,False,0.664739191532135,0.6638995409011841,0.9428527355194092,0.9874280095100403,1.0019255876541138,0.4159401845370665,0.9884670972824097
377_class-16,guarded,0,4,True,0.7704195976257324,0.7704195976257324,0.918311595916748,0.9983142614364624,0.9919750690460205,1.0,0.9869298934936523
378_class-76,guarded,5,5,False,0.825477123260498,0.8251879215240479,0.825477123260498,0.9712586998939514,1.0080753564834595,0.6050655886478014,0.9895140528678894
379_class-16,guarded,0,4,True,0.34456706047058105,0.34456706047058105,0.3446826636791229,0.9744206666946411,0.9939689636230469,1.0,0.9739443063735962
380_class-24,guarded,0,2,True,0.4537257254123688,0.4537257254123688,0.5426272749900818,0.9858700037002563,0.7982327938079834,1.0,0.641939640045166
381_class-16,guarded,0,0,False,0.6221579313278198,0.6221579313278198,0.9299221038818359,0.9958641529083252,0.976703405380249,1.0,0.9656563401222229
382_class-4,guarded,1,1,False,0.4331461191177368,0.31529420614242554,0.4331461191177368,0.9899522066116333,0.9947878122329712,0.19033872686274997,0.9892656803131104
383_class-64,guarded,1,1,False,0.4604768753051758,0.44274458289146423,0.4604768753051758,0.9962817430496216,0.9052460193634033,0.23562541600532486,0.8818240761756897
384_class-64,guarded,2,2,False,0.42511293292045593,0.3942547142505646,0.4297267496585846,0.9964169859886169,0.9928023815155029,0.7340652446675031,0.9767645597457886
385_class-76,guarded,2,2,False,0.4832427501678467,0.20803801715373993,0.5000655651092529,0.9702355265617371,0.9872395992279053,0.923033567712905,0.9013261198997498
386_class-24,guarded,1,1,False,0.5173861980438232,0.5037640929222107,0.5176029801368713,0.9965648651123047,0.9657415151596069,0.38180797304884895,0.9668301939964294
387_class-64,guarded,4,4,False,0.5439598560333252,0.33724334836006165,0.5439598560333252,0.9965251684188843,0.9925379753112793,0.5346906360551584,0.9840173125267029
388_class-24,guarded,0,1,True,0.47527989745140076,0.47527989745140076,0.478817880153656,0.9948524236679077,0.8437526226043701,1.0,0.8115569949150085
389_class-20,guarded,3,3,False,0.8604549765586853,0.8227980136871338,0.8604549765586853,0.9762993454933167,0.9846326112747192,0.20783662839746175,0.9812856316566467
390_class-72,guarded,0,4,True,0.36917680501937866,0.36917680501937866,0.4209444522857666,0.9686529636383057,0.9169274568557739,1.0,0.9119529128074646
391_class-64,guarded,3,3,False,0.43459585309028625,0.3259337544441223,0.4601483941078186,0.9977880120277405,0.9994279146194458,0.12638948015704082,0.9794842004776001
392_class-36,guarded,5,5,False,0.9089099168777466,0.6926965713500977,0.9102351665496826,0.9988825917243958,1.0018463134765625,0.9912563755594879,0.9888003468513489
393_class-60,guarded,0,2,True,0.23936596512794495,0.23936596512794495,0.3011009395122528,0.9718678593635559,0.9295259714126587,1.0,0.893917441368103
394_class-4,guarded,0,5,True,0.9118315577507019,0.9118315577507019,0.9118315577507019,0.9968693256378174,0.9356800317764282,1.0,0.9633488059043884
395_class-16,guarded,0,5,True,0.9607658386230469,0.9607658386230469,0.9608021974563599,0.9687502384185791,1.0106604099273682,1.0,0.9932655692100525
396_class-44,guarded,4,4,False,0.790980339050293,0.7319032549858093,0.790980339050293,0.9995036721229553,0.9780300855636597,0.11297846705180883,0.9895007610321045
397_class-12,guarded,1,1,False,0.5841636657714844,0.7570536136627197,0.9742716550827026,0.9897640943527222,1.0124127864837646,0.6442911856506154,0.9918836951255798
398_class-36,guarded,5,5,False,0.5017299652099609,0.5084161162376404,0.5928279161453247,0.9912639856338501,0.9778114557266235,0.18745555694984734,0.9571589231491089
399_class-32,guarded,0,3,True,0.46589571237564087,0.46589571237564087,0.46589571237564087,0.9952391982078552,0.9718966484069824,1.0,0.9653736352920532
400_class-72,guarded,2,2,False,0.4069189131259918,0.3876957297325134,0.8836724758148193,0.9599718451499939,0.977889895439148,0.9851630136045073,0.8569301962852478
401_class-48,guarded,0,3,True,0.676395833492279,0.676395833492279,0.8613437414169312,0.9977030158042908,0.9677600860595703,1.0,0.9553638100624084
402_class-68,guarded,0,1,True,0.39213794469833374,0.39213794469833374,0.5403839349746704,0.9362009167671204,0.9250305891036987,1.0,0.8978986740112305
403_class-64,guarded,2,2,False,0.9666370153427124,0.7715519666671753,0.9666370153427124,0.9995733499526978,0.9803177118301392,0.8773459715639811,0.9895232915878296
404_class-56,guarded,3,3,False,0.3936452567577362,0.3896636962890625,0.44222843647003174,0.9961934089660645,0.9692590236663818,0.6581489627808685,0.9432739615440369
405_class-4,guarded,3,3,False,0.9218816161155701,0.5605621337890625,0.9218816161155701,0.9988945722579956,0.9684728384017944,0.9250861309189968,0.9779590368270874
406_class-72,guarded,0,1,True,0.2437075823545456,0.2437075823545456,0.5467008948326111,0.9812137484550476,0.9743360280990601,1.0,0.9806684851646423
407_class-0,guarded,0,5,True,0.22920504212379456,0.22920504212379456,0.8569585084915161,0.9711114168167114,0.8744443655014038,1.0,0.5149679780006409
408_class-64,guarded,0,0,False,0.40478846430778503,0.40478846430778503,0.4407240152359009,0.9861835241317749,0.9936602115631104,1.0,0.9851164817810059
409_class-24,guarded,3,3,False,0.7399159669876099,0.27836766839027405,0.7399159669876099,0.9996193051338196,0.9270163774490356,3.811750355763367e-05,0.979608952999115
410_class-12,guarded,0,5,True,0.5916560888290405,0.5916560888290405,0.9669840335845947,0.9970352649688721,0.9737861752510071,1.0,0.9529495239257812
411_class-24,guarded,0,5,True,0.4715530574321747,0.4715530574321747,0.4715530574321747,0.999134361743927,0.9457792043685913,1.0,0.9323937296867371
412_class-44,guarded,3,3,False,0.571553111076355,0.5619606375694275,0.7113557457923889,0.9951666593551636,0.9331525564193726,0.21136743338339775,0.8430045247077942
413_class-44,guarded,0,3,True,0.853553295135498,0.853553295135498,0.9468549489974976,0.992224395275116,0.9439845085144043,1.0,0.867165207862854
414_class-28,guarded,0,5,True,0.3829050064086914,0.3829050064086914,0.3829050064086914,0.996799111366272,0.9433059692382812,1.0,0.9220868349075317
415_class-64,guarded,4,4,False,0.9588868618011475,0.947157621383667,0.9607304930686951,0.9998941421508789,1.0074633359909058,0.9923702439514105,0.9941763281822205
416_class-52,guarded,2,2,False,0.6432235240936279,0.5877189636230469,0.726564884185791,0.9977713823318481,0.9424399137496948,0.637260779340558,0.8729112148284912
417_class-24,guarded,0,1,True,0.47182697057724,0.47182697057724,0.6550881862640381,0.997690737247467,0.9004830121994019,1.0,0.9525008201599121
418_class-52,guarded,1,1,False,0.8869569301605225,0.8872685432434082,0.8873087167739868,0.9851285815238953,0.9984973669052124,0.9903318214370972,0.9921566843986511
419_class-48,guarded,0,1,True,0.5186147689819336,0.5186147689819336,0.8451212644577026,0.9988293647766113,0.9435944557189941,1.0,0.9183902144432068
420_class-12,guarded,1,1,False,0.10030370950698853,0.45390430092811584,0.45390430092811584,0.9556549787521362,0.9963679313659668,0.33167957091569705,0.9269363880157471
421_class-68,guarded,1,1,False,0.41090843081474304,0.6525380611419678,0.6936202645301819,0.9977248907089233,0.9311493635177612,0.2696659322336688,0.9420199394226074
422_class-56,guarded,0,0,False,0.9315826892852783,0.9315826892852783,0.9711690545082092,0.9910557270050049,1.0084083080291748,1.0,0.9895164370536804
423_class-12,guarded,1,1,False,0.6887890100479126,0.5193048119544983,0.6887890100479126,0.9679714441299438,1.0106536149978638,0.7684758882550398,0.9785110950469971
424_class-52,guarded,4,4,False,0.4652770459651947,0.4008099436759949,0.4652789235115051,0.9975672364234924,1.0037683248519897,0.2785199196122473,0.9911614060401917
425_class-4,guarded,0,0,False,0.9241192936897278,0.9241192936897278,0.9242191314697266,0.9971696734428406,1.0065486431121826,1.0,0.9940363764762878
426_class-72,guarded,3,3,False,0.8643674850463867,0.854480504989624,0.9038877487182617,0.9965582489967346,1.005989909172058,0.9058234355610707,0.9840542078018188
427_class-52,guarded,0,3,True,0.5048719048500061,0.5048719048500061,0.5048719048500061,0.9873672723770142,0.9036669731140137,1.0,0.6289755702018738
428_class-60,guarded,0,0,False,0.26931339502334595,0.26931339502334595,0.26931339502334595,0.9644526243209839,0.9915949106216431,1.0,0.9816263318061829
429_class-0,guarded,0,0,False,0.7322961091995239,0.7322961091995239,0.7322961091995239,0.9955773949623108,1.0132777690887451,1.0,0.9938453435897827
430_class-32,guarded,5,5,False,0.5457202196121216,0.41273608803749084,0.5953425168991089,0.9984721541404724,0.9863412380218506,0.985796521086222,0.9742696285247803
431_class-68,guarded,1,1,False,0.39527586102485657,0.4490858018398285,0.4490858018398285,0.9860599040985107,0.9978641271591187,0.45309287102190193,0.9838999509811401
432_class-72,guarded,1,1,False,0.7504949569702148,0.6378604769706726,0.7504949569702148,0.910638689994812,0.9737981557846069,0.8799547193111846,0.9351387619972229
433_class-0,guarded,5,5,False,0.6893358826637268,0.5629872679710388,0.6893358826637268,0.9834414720535278,0.9947026968002319,0.9186422283853852,0.987505316734314
434_class-68,guarded,3,3,False,0.4750005304813385,0.4451260268688202,0.5602388978004456,0.9870840311050415,0.9878760576248169,0.08526174639210844,0.9834765791893005
435_class-32,guarded,0,0,False,0.4830615222454071,0.4830615222454071,0.4830615222454071,0.9980122447013855,0.9949419498443604,1.0,0.9937430024147034
436_class-48,guarded,0,4,True,0.8351360559463501,0.8351360559463501,0.9873710870742798,0.9973674416542053,0.981157660484314,1.0,0.9435786008834839
437_class-16,guarded,0,1,True,0.6543511152267456,0.6543511152267456,0.6544500589370728,0.7721201181411743,1.0055515766143799,1.0,0.967377781867981
438_class-20,guarded,0,2,True,0.4508480429649353,0.4508480429649353,0.9618145227432251,0.9979835748672485,0.9737774133682251,1.0,0.9752951860427856
439_class-36,guarded,4,4,False,0.5777511596679688,0.8023979663848877,0.8023979663848877,0.9954469203948975,0.9768017530441284,0.04935008793216942,0.9663968682289124
440_class-32,guarded,1,1,False,0.4742363691329956,0.4577600359916687,0.4793384075164795,0.9947201013565063,0.9537179470062256,0.5374252249535012,0.9689093828201294
441_class-36,guarded,5,5,False,0.4822285771369934,0.45765674114227295,0.4822285771369934,0.9822762608528137,0.9724947214126587,0.6352132479300109,0.9797173142433167
442_class-60,guarded,4,4,False,0.4739762842655182,0.4733101725578308,0.7804348468780518,0.959813117980957,0.9910463094711304,0.25634444154412833,0.9690563678741455
443_class-4,guarded,4,4,False,0.597683310508728,0.9065489768981934,0.9089580774307251,0.9929260611534119,1.0048457384109497,0.4534043203869999,0.983399510383606
444_class-28,guarded,3,3,False,0.37400493025779724,0.2669254243373871,0.3741894066333771,0.9900180101394653,0.979001522064209,0.9968895372842632,0.9831717610359192
445_class-68,guarded,3,3,False,0.7557582259178162,0.7507103681564331,0.7617560625076294,0.9887459874153137,0.9943534135818481,0.9778811043686132,0.9838998913764954
446_class-64,guarded,0,2,True,0.7093059420585632,0.7093059420585632,0.7093059420585632,0.9964627027511597,0.9372702836990356,1.0,0.847895622253418
447_class-76,guarded,0,3,True,0.318011075258255,0.318011075258255,0.44734910130500793,0.9782337546348572,0.9774878025054932,1.0,0.9907321929931641
448_class-56,guarded,0,0,False,0.4210383892059326,0.4210383892059326,0.4210383892059326,0.9707531929016113,0.9308427572250366,1.0,0.9540442824363708
449_class-28,guarded,4,4,False,0.6996769309043884,0.59614098072052,0.8439360857009888,0.9763723611831665,0.9816975593566895,0.6484338884793663,0.9212777018547058
450_class-52,guarded,2,2,False,0.3143922984600067,0.3143662214279175,0.32733824849128723,0.9800236225128174,1.0078613758087158,0.9699068289722629,0.9919742345809937
451_class-76,guarded,0,5,True,0.34247589111328125,0.34247589111328125,0.34247589111328125,0.9113755822181702,0.9247139692306519,1.0,0.9292860627174377
452_class-68,guarded,0,3,True,0.3419913947582245,0.3419913947582245,0.40941259264945984,0.9452826976776123,0.978376030921936,1.0,0.9749192595481873
453_class-60,guarded,0,0,False,0.7826794385910034,0.7826794385910034,0.7826794385910034,0.9823949933052063,0.9760830402374268,1.0,0.7813777327537537
454_class-12,guarded,1,1,False,0.26953235268592834,0.15761619806289673,0.3508323132991791,0.8889760971069336,0.9310282468795776,0.6582514023929095,0.8515019416809082
455_class-0,guarded,0,5,True,0.48307573795318604,0.48307573795318604,0.48307573795318604,0.9906212091445923,0.8913309574127197,1.0,0.781515896320343
456_class-28,guarded,0,1,True,0.8298335075378418,0.8298335075378418,0.8298335075378418,0.9991686344146729,0.9740545153617859,1.0,0.99238520860672
457_class-36,guarded,0,0,False,0.4977456331253052,0.4977456331253052,0.5199832916259766,0.9949978590011597,0.9830886125564575,1.0,0.9564599394798279
458_class-72,guarded,0,1,True,0.4050644040107727,0.4050644040107727,0.506422758102417,0.9925649166107178,0.8863388895988464,1.0,0.9486067891120911
459_class-32,guarded,0,0,False,0.47155678272247314,0.47155678272247314,0.6695327758789062,0.9939378499984741,0.8866977691650391,1.0,0.8964685201644897
460_class-52,guarded,0,4,True,0.7439646124839783,0.7439646124839783,0.7550770044326782,0.9960010051727295,0.9686586856842041,1.0,0.906433641910553
461_class-64,guarded,1,1,False,0.46266454458236694,0.46264591813087463,0.4626850485801697,0.9957093000411987,1.007156491279602,0.9991217477220331,0.9967341423034668
462_class-36,guarded,5,5,False,0.41851502656936646,0.4184516370296478,0.4186159074306488,0.9940894842147827,1.006037712097168,0.9948654956393563,0.9899452924728394
463_class-4,guarded,2,2,False,0.9278489351272583,0.6991241574287415,0.9278489351272583,0.9915962815284729,0.987756609916687,0.881381517374634,0.982660710811615
464_class-20,guarded,5,5,False,0.7963117361068726,0.7958656549453735,0.9189719557762146,0.9953275322914124,0.9944380521774292,0.747381983661385,0.9889162182807922
465_class-20,guarded,3,3,False,0.7402337193489075,0.7363842725753784,0.7600423693656921,0.8914788961410522,1.0059175491333008,0.9381690660760428,0.9908523559570312
466_class-28,guarded,0,2,True,0.29894357919692993,0.29894357919692993,0.3662927448749542,0.9745564460754395,1.0113048553466797,1.0,0.9926714301109314
467_class-0,guarded,2,2,False,0.9260504245758057,0.283665269613266,0.9260504245758057,0.932979166507721,0.9982451796531677,0.988481228668942,0.9892905950546265
468_class-40,guarded,3,3,False,0.4491635859012604,0.4198833107948303,0.702797532081604,0.9913703203201294,1.0056132078170776,0.01722481698631952,0.99617600440979
469_class-76,guarded,0,4,True,0.1482497900724411,0.1482497900724411,0.8624891042709351,0.8615289926528931,0.9765564203262329,1.0,0.9129993915557861
470_class-72,guarded,0,2,True,0.4217531681060791,0.4217531681060791,0.4217531681060791,0.9786641001701355,0.9982305765151978,1.0,0.9816453456878662
471_class-52,guarded,2,2,False,0.4747243821620941,0.9263246059417725,0.9263246059417725,0.986253023147583,1.005333662033081,0.3700753737015455,0.9957214593887329
472_class-32,guarded,5,5,False,0.5304080247879028,0.5298589468002319,0.5304080247879028,0.9984691143035889,0.9981149435043335,0.49793663894355916,0.9659121632575989
473_class-40,guarded,0,2,True,0.3861842453479767,0.3861842453479767,0.4521101415157318,0.9653208255767822,0.9260940551757812,1.0,0.8801958560943604
474_class-24,guarded,4,4,False,0.5058529376983643,0.43706488609313965,0.5058529376983643,0.99583899974823,0.987267017364502,0.8848195329087049,0.9762008786201477
475_class-64,guarded,0,0,False,0.4388015866279602,0.4388015866279602,0.4610545337200165,0.9961905479431152,0.9903304576873779,1.0,0.9792309403419495
476_class-52,guarded,3,3,False,0.9510655403137207,0.9507224559783936,0.9510655403137207,0.9975910186767578,1.002506971359253,0.5533510857742939,0.9927394390106201
477_class-16,guarded,0,0,False,0.6189550757408142,0.6189550757408142,0.8011412620544434,0.9922145009040833,0.9784760475158691,1.0,0.9551437497138977
478_class-24,guarded,0,4,True,0.48140308260917664,0.48140308260917664,0.7612291574478149,0.9983986616134644,0.9332495927810669,1.0,0.961813747882843
479_class-56,guarded,2,2,False,0.4729662537574768,0.4209829866886139,0.4729662537574768,0.9909646511077881,0.9884936809539795,0.3068559347629115,0.9834463000297546
480_class-56,guarded,0,3,True,0.410982608795166,0.410982608795166,0.4198133647441864,0.9927789568901062,0.9578717947006226,1.0,0.9610317945480347
481_class-36,guarded,5,5,False,0.5455981492996216,0.8385981917381287,0.8385981917381287,0.995880663394928,1.0006771087646484,0.0,0.9913321137428284
482_class-48,guarded,0,1,True,0.2748514413833618,0.2748514413833618,0.5269187688827515,0.9995204210281372,0.9929112792015076,1.0,0.9828591346740723
483_class-64,guarded,0,4,True,0.5492054224014282,0.5492054224014282,0.7709890007972717,0.9592559933662415,0.964519739151001,1.0,0.9147323369979858
484_class-0,guarded,3,3,False,0.5957437753677368,0.5346089601516724,0.5957437753677368,0.9943056702613831,0.9441604614257812,0.5881663974151858,0.9796703457832336
485_class-12,guarded,5,5,False,0.6243160963058472,0.9362844228744507,0.937235951423645,0.9979073405265808,1.0118821859359741,0.6827731092436975,0.9964402318000793
486_class-76,guarded,3,3,False,0.814629316329956,0.5199419856071472,0.814629316329956,0.9957190752029419,0.9590365886688232,0.9607610993657505,0.9643798470497131
487_class-16,guarded,0,2,True,0.9429935216903687,0.9429935216903687,0.9440719485282898,0.9831106662750244,0.977460503578186,1.0,0.958579421043396
488_class-52,guarded,5,5,False,0.3832538425922394,0.3796752989292145,0.41844746470451355,0.9783890247344971,0.9986914396286011,0.8745160759928851,0.9907835721969604
489_class-0,guarded,0,4,True,0.6603728532791138,0.6603728532791138,0.874897837638855,0.9292515516281128,0.9963774681091309,1.0,0.9793038368225098
490_class-64,guarded,0,4,True,0.9065455198287964,0.9065455198287964,0.9769947528839111,0.9945369958877563,0.9794155359268188,1.0,0.9601038694381714
491_class-32,guarded,5,5,False,0.7642883658409119,0.43927904963493347,0.8196229934692383,0.9986867904663086,0.987270712852478,4.3346337234503684e-05,0.984191358089447
492_class-48,guarded,0,5,True,0.9732651710510254,0.9732651710510254,0.9732651710510254,0.9682447910308838,1.0034135580062866,1.0,0.9855402708053589
493_class-36,guarded,2,2,False,0.5615641474723816,0.38921818137168884,0.5615641474723816,0.988658607006073,0.9676493406295776,0.41718942777208196,0.9534305930137634
494_class-40,guarded,1,1,False,0.4807508885860443,0.4919312298297882,0.5694499611854553,0.9979168772697449,0.9711111783981323,0.414520202020202,0.9828559756278992
495_class-52,guarded,0,5,True,0.5207208395004272,0.5207208395004272,0.8723828792572021,0.9881339073181152,0.9464359283447266,1.0,0.875249445438385
496_class-4,guarded,5,5,False,0.7476433515548706,0.850486695766449,0.850486695766449,0.9964339733123779,0.9715052843093872,0.9148455162019593,0.9638324975967407
497_class-72,guarded,0,1,True,0.41472434997558594,0.41472434997558594,0.9113224744796753,0.981452226638794,0.8550485372543335,1.0,0.9312038421630859
498_class-44,guarded,5,5,False,0.43439459800720215,0.4035568833351135,0.43439459800720215,0.9951603412628174,1.01151442527771,0.6420199681666908,0.994611918926239
499_class-28,guarded,1,1,False,0.29425299167633057,0.162292942404747,0.5818922519683838,0.9993010759353638,0.9532691836357117,0.03440049838177867,0.9847313761711121
500_class-0,guarded,0,0,False,0.7995646595954895,0.7995646595954895,0.9396517276763916,0.9662281274795532,0.9913370609283447,1.0,0.941632866859436
501_class-4,guarded,0,0,False,0.8959836959838867,0.8959836959838867,0.8959836959838867,0.995954155921936,0.9583827257156372,1.0,0.9714380502700806
502_class-76,guarded,0,5,True,0.851877748966217,0.851877748966217,0.8560688495635986,0.9977328181266785,0.9621322154998779,1.0,0.9750848412513733
503_class-44,guarded,0,4,True,0.7429567575454712,0.7429567575454712,0.7429567575454712,0.9985505938529968,0.940054178237915,1.0,0.9663320183753967
504_class-12,guarded,0,2,True,0.852288544178009,0.852288544178009,0.8547907471656799,0.9943429231643677,1.0049827098846436,1.0,0.9908190965652466
505_class-20,guarded,0,5,True,0.951095700263977,0.951095700263977,0.951095700263977,0.9432561993598938,1.0059057474136353,1.0,0.9961603283882141
506_class-44,guarded,5,5,False,0.47384878993034363,0.4649355411529541,0.47384878993034363,0.9974347949028015,0.9886512756347656,0.13957876422804072,0.9864076375961304
507_class-24,guarded,0,0,False,0.5676589608192444,0.5676589608192444,0.5693874359130859,0.9928600192070007,0.9622925519943237,1.0,0.9590566158294678
508_class-64,guarded,3,3,False,0.3415851593017578,0.3425765037536621,0.3588578701019287,0.9888370037078857,1.0037841796875,0.9584099806612896,0.9918419122695923
509_class-0,guarded,0,1,True,0.40561971068382263,0.40561971068382263,0.4401159882545471,0.9577176570892334,0.9841181039810181,1.0,0.97207111120224
510_class-72,guarded,0,4,True,0.3657541871070862,0.3657541871070862,0.365763783454895,0.9899290800094604,0.9776878356933594,1.0,0.9840505719184875
511_class-64,guarded,0,5,True,0.40665948390960693,0.40665948390960693,0.41336965560913086,0.9967350959777832,0.9598468542098999,1.0,0.8317247033119202
512_class-72,guarded,2,2,False,0.3496973216533661,0.40471792221069336,0.4256027340888977,0.9497654438018799,0.9614244699478149,0.22666238944136383,0.9182807207107544
513_class-20,guarded,1,1,False,0.9129927754402161,0.5860721468925476,0.9129927754402161,0.996324360370636,0.989319920539856,0.4060621386452718,0.9687511324882507
514_class-8,guarded,0,1,True,0.7728959321975708,0.7728959321975708,0.7728959321975708,0.9987708330154419,0.9689788818359375,1.0,0.9752107262611389
515_class-28,guarded,3,3,False,0.9410567283630371,0.9411114454269409,0.9411114454269409,0.9841099977493286,1.015329122543335,0.9991849134896817,0.991996169090271
516_class-32,guarded,0,0,False,0.38096854090690613,0.38096854090690613,0.38104864954948425,0.9973599910736084,1.0110628604888916,1.0,0.9947379231452942
517_class-68,guarded,4,4,False,0.5466607809066772,0.1813710331916809,0.5466607809066772,0.9897075891494751,0.92421555519104,0.6465406496604882,0.8810366988182068
518_class-64,guarded,1,1,False,0.40027913451194763,0.276328444480896,0.4714989960193634,0.9907110929489136,0.9846979379653931,0.4115302914436231,0.9892831444740295
519_class-64,guarded,0,5,True,0.9707769155502319,0.9707769155502319,0.9707769155502319,0.9997066259384155,0.975017786026001,1.0,0.9946824908256531
520_class-48,guarded,2,2,False,0.39843878149986267,0.5475083589553833,0.6057814955711365,0.9812741875648499,0.9734424352645874,0.7596298849584213,0.9430500864982605
521_class-0,guarded,4,4,False,0.34424370527267456,0.3426031768321991,0.3452073633670807,0.9879283905029297,0.9943411350250244,0.9872842438638163,0.9625194072723389
522_class-24,guarded,1,1,False,0.3836350739002228,0.383443146944046,0.4145995080471039,0.9966763257980347,0.9635128974914551,0.9496102691895337,0.9329391121864319
523_class-72,guarded,0,0,False,0.42203083634376526,0.42203083634376526,0.42203083634376526,0.9919016361236572,0.9921373128890991,1.0,0.9794331789016724
524_class-64,guarded,5,5,False,0.40852850675582886,0.8784656524658203,0.9882311820983887,0.9986101388931274,1.0006879568099976,0.2396077638495754,0.9962848424911499
525_class-48,guarded,5,5,False,0.8242014646530151,0.47728878259658813,0.9719098806381226,0.9952659606933594,0.9900774955749512,1.4690040152776418e-05,0.9685600996017456
526_class-60,guarded,5,5,False,0.8424527645111084,0.8740110397338867,0.8756280541419983,0.9058467149734497,0.9735731482505798,0.9984052532833021,0.9755111336708069
527_class-40,guarded,0,3,True,0.18564683198928833,0.18564683198928833,0.4747599959373474,0.9178764820098877,1.0052982568740845,1.0,0.9782148599624634
528_class-52,guarded,0,3,True,0.6666462421417236,0.6666462421417236,0.9568996429443359,0.9839376211166382,0.9904540777206421,1.0,0.9754741787910461
529_class-64,guarded,0,0,False,0.6879863739013672,0.6879863739013672,0.6920100450515747,0.9951820373535156,0.9571079015731812,1.0,0.9565181732177734
530_class-72,guarded,3,3,False,0.4053681492805481,0.4055153429508209,0.40556564927101135,0.9303464889526367,0.9848475456237793,0.9986077772443591,0.9880373477935791
531_class-8,guarded,4,4,False,0.6005181670188904,0.4765580892562866,0.6005604267120361,0.9876163005828857,0.9760758876800537,0.5417684305744007,0.9573137760162354
532_class-0,guarded,1,1,False,0.9401595592498779,0.9372396469116211,0.9401595592498779,0.9978747367858887,1.0021467208862305,0.989203875165338,0.9901644587516785
533_class-64,guarded,0,4,True,0.30640941858291626,0.30640941858291626,0.47746941447257996,0.9741396307945251,1.007226586341858,1.0,0.9914904832839966
534_class-28,guarded,2,2,False,0.4130159020423889,0.28959783911705017,0.4501411020755768,0.9862109422683716,0.9473258256912231,0.14552781329121858,0.8635503053665161
535_class-48,guarded,0,5,True,0.45738041400909424,0.45738041400909424,0.7635958194732666,0.9736424684524536,0.8028157949447632,1.0,0.4976801872253418
536_class-60,guarded,5,5,False,0.2079322189092636,0.2056073546409607,0.20955944061279297,0.9908954501152039,0.9941178560256958,0.973696085436017,0.9683156609535217
537_class-68,guarded,2,2,False,0.43514183163642883,0.45009949803352356,0.46702495217323303,0.9721553921699524,0.9986181259155273,0.3289362714356768,0.9934293031692505
538_class-8,guarded,0,5,True,0.6560022830963135,0.6560022830963135,0.956668496131897,0.9753674864768982,0.9922480583190918,1.0,0.9885780811309814
539_class-28,guarded,5,5,False,0.7671605348587036,0.3050718903541565,0.7671605348587036,0.990144670009613,0.9899163246154785,0.0005693976324079092,0.9826735854148865
540_class-56,guarded,1,1,False,0.8704724907875061,0.44822078943252563,0.8704724907875061,0.9971951842308044,0.8832721710205078,0.0033814022874191943,0.8581005930900574
541_class-32,guarded,0,2,True,0.5125582218170166,0.5125582218170166,0.6873699426651001,0.9958875179290771,0.8818398714065552,1.0,0.7698593139648438
542_class-40,guarded,0,4,True,0.5096099376678467,0.5096099376678467,0.6157615184783936,0.9986206293106079,0.7892751693725586,1.0,0.8741186857223511
543_class-48,guarded,2,2,False,0.5194075107574463,0.919211745262146,0.919211745262146,0.9959953427314758,1.0057984590530396,0.09661349303089724,0.9893060326576233
544_class-28,guarded,5,5,False,0.4038829803466797,0.36449477076530457,0.4038829803466797,0.9640017747879028,0.9395701289176941,0.5114838474589781,0.95345538854599
545_class-24,guarded,0,0,False,0.5410783886909485,0.5410783886909485,0.5410783886909485,0.9901018142700195,0.9782681465148926,1.0,0.9720576405525208
546_class-12,guarded,1,1,False,0.8714554905891418,0.3697177469730377,0.8714554905891418,0.9958871603012085,0.992222785949707,0.22083554880364603,0.9878371953964233
547_class-32,guarded,0,0,False,0.477640837430954,0.477640837430954,0.47850361466407776,0.9930793046951294,0.9284137487411499,1.0,0.9572924971580505
548_class-68,guarded,5,5,False,0.3416619598865509,0.3419904410839081,0.3419904410839081,0.9935303926467896,1.0064761638641357,0.7482382118984968,0.992912232875824
549_class-36,guarded,0,5,True,0.49257341027259827,0.49257341027259827,0.6252427101135254,0.9929541349411011,0.9626439809799194,1.0,0.94838947057724
550_class-12,guarded,4,4,False,0.9644383192062378,0.15377503633499146,0.9644383192062378,0.9897533655166626,1.005858302116394,0.038739059887894584,0.9934512972831726
551_class-28,guarded,2,2,False,0.48212382197380066,0.5127063393592834,0.5593392848968506,0.9981092214584351,0.8317790031433105,0.15934024362563365,0.9053913354873657
552_class-28,guarded,0,5,True,0.5992502570152283,0.5992502570152283,0.6016578078269958,0.9841899871826172,0.995305061340332,1.0,0.9854012727737427
553_class-48,guarded,3,3,False,0.6274046897888184,0.6347697973251343,0.6347697973251343,0.9877527952194214,1.0071816444396973,0.9991453283648423,0.9870558977127075
554_class-48,guarded,1,1,False,0.3937497138977051,0.5907936096191406,0.6050170660018921,0.9975089430809021,0.9622290134429932,0.37250847961514033,0.9466997385025024
555_class-48,guarded,3,3,False,0.46069666743278503,0.4599888026714325,0.46069666743278503,0.9166114330291748,0.979084849357605,0.9566272255608227,0.9568160772323608
556_class-24,guarded,0,5,True,0.4881691634654999,0.4881691634654999,0.4881691634654999,0.9918559193611145,0.8362430334091187,1.0,0.47574958205223083
557_class-32,guarded,5,5,False,0.516808807849884,0.43466809391975403,0.516808807849884,0.9924508929252625,0.9693605899810791,0.27262504919507485,0.9485735893249512
558_class-56,guarded,5,5,False,0.5252321362495422,0.6463479995727539,0.6463479995727539,0.9925910234451294,0.9967422485351562,0.3890493164282814,0.9801046848297119
559_class-72,guarded,3,3,False,0.6802990436553955,0.6835337281227112,0.6835337281227112,0.9466472268104553,0.99037766456604,0.43648512612520607,0.9647558331489563
560_class-72,guarded,0,2,True,0.2926667034626007,0.2926667034626007,0.38821423053741455,0.9919825792312622,0.9176524877548218,1.0,0.7529647350311279
561_class-72,guarded,3,3,False,0.3878650367259979,0.3389074504375458,0.3878650367259979,0.9911108016967773,1.0028938055038452,0.6036309976300138,0.9884557127952576
562_class-24,guarded,0,0,False,0.39406585693359375,0.39406585693359375,0.39406585693359375,0.9526563286781311,0.9230183362960815,1.0,0.6430791020393372
563_class-44,guarded,3,3,False,0.4525294005870819,0.4524995982646942,0.45263004302978516,0.9984598755836487,1.002110481262207,0.4503098110481028,0.9902849197387695
564_class-0,guarded,2,2,False,0.9279683232307434,0.6310314536094666,0.9297468662261963,0.9944832921028137,0.9952371120452881,0.25512751635432795,0.9931842088699341
565_class-36,guarded,0,4,True,0.8210175037384033,0.8210175037384033,0.9359182119369507,0.9985086917877197,0.9297560453414917,1.0,0.9091830849647522
566_class-0,guarded,4,4,False,0.4180487096309662,0.4037022292613983,0.41818472743034363,0.9817306399345398,0.9973223209381104,0.9682430519033941,0.9852572679519653
567_class-68,guarded,1,1,False,0.5881326198577881,0.4862815737724304,0.5881326198577881,0.9973404407501221,0.9690381288528442,0.4064074074074074,0.9726611375808716
568_class-52,guarded,0,4,True,0.9452934265136719,0.9452934265136719,0.9452934265136719,0.9914430975914001,1.0058761835098267,1.0,0.9847919940948486
569_class-36,guarded,0,0,False,0.937556266784668,0.937556266784668,0.937556266784668,0.9985710978507996,0.9525941610336304,1.0,0.9880114197731018
570_class-20,guarded,0,2,True,0.42158132791519165,0.42158132791519165,0.4225478768348694,0.9741926193237305,0.9868471622467041,1.0,0.9609000086784363
571_class-44,guarded,0,5,True,0.9507149457931519,0.9507149457931519,0.9507149457931519,0.9988511800765991,0.9909113049507141,1.0,0.9903233647346497
572_class-4,guarded,5,5,False,0.916845977306366,0.9166824221611023,0.9171950817108154,0.9991965293884277,1.005279779434204,0.9975971852741783,0.9933581352233887
573_class-32,guarded,1,1,False,0.4979248046875,0.4537462294101715,0.4979248046875,0.9955976605415344,0.9782280325889587,0.0004126308474134561,0.957577645778656
574_class-24,guarded,0,0,False,0.47857627272605896,0.47857627272605896,0.47857627272605896,0.9990221261978149,0.9317697286605835,1.0,0.9491528272628784
575_class-32,guarded,0,3,True,0.40481096506118774,0.40481096506118774,0.40490415692329407,0.9931544661521912,1.0083726644515991,1.0,0.9932631850242615
576_class-76,guarded,0,5,True,0.5848944187164307,0.5848944187164307,0.589748740196228,0.9897991418838501,0.9187945127487183,1.0,0.8239713907241821
577_class-60,guarded,2,2,False,0.4645111560821533,0.4641662538051605,0.46479490399360657,0.9915907979011536,0.9422948360443115,0.11634239709538656,0.9645423889160156
578_class-64,guarded,0,3,True,0.3005135655403137,0.3005135655403137,0.3010595440864563,0.9686921238899231,1.0059444904327393,1.0,0.9960700273513794
579_class-64,guarded,2,2,False,0.46365588903427124,0.5226431488990784,0.5947542786598206,0.9979149103164673,1.0005288124084473,0.37633770924872634,0.9974743723869324
580_class-32,guarded,4,4,False,0.8554465174674988,0.3430223762989044,0.8554465174674988,0.9981688857078552,0.957796573638916,0.012768082914494428,0.9724993109703064
581_class-8,guarded,2,2,False,0.8470821380615234,0.8501977324485779,0.8659501075744629,0.9785655736923218,0.9885330200195312,0.7707772020725389,0.9936490058898926
582_class-8,guarded,2,2,False,0.7254064083099365,0.7122207880020142,0.7779562473297119,0.993905782699585,0.9726876020431519,0.9386321120591322,0.9697527885437012
583_class-28,guarded,0,2,True,0.21231214702129364,0.21231214702129364,0.647872805595398,0.9917513132095337,0.7920351028442383,1.0,0.4893113076686859
584_class-20,guarded,0,5,True,0.3654845356941223,0.3654845356941223,0.48781827092170715,0.9888371825218201,0.7106750011444092,1.0,0.7378709316253662
585_class-48,guarded,0,0,False,0.5158880949020386,0.5158880949020386,0.5354257822036743,0.9954574108123779,0.9748877286911011,1.0,0.9171138405799866
586_class-12,guarded,0,0,False,0.4182802736759186,0.4182802736759186,0.529915452003479,0.9907563924789429,0.9925632476806641,1.0,0.9718421101570129
587_class-76,guarded,3,3,False,0.5467873811721802,0.5580204129219055,0.6442022323608398,0.9966548681259155,0.9024156332015991,0.20971834559756408,0.8660260438919067
588_class-24,guarded,4,4,False,0.45518290996551514,0.3444623053073883,0.45518290996551514,0.995256781578064,1.00177001953125,0.2144784505063946,0.995306670665741
589_class-60,guarded,0,0,False,0.9070919752120972,0.9070919752120972,0.9073527455329895,0.8451725244522095,0.9909152984619141,1.0,0.9823119640350342
590_class-72,guarded,0,4,True,0.8958524465560913,0.8958524465560913,0.9346954226493835,0.9797554016113281,0.9781068563461304,1.0,0.9569634795188904
591_class-56,guarded,5,5,False,0.46135827898979187,0.5251576900482178,0.6281896233558655,0.9969145059585571,0.9085139036178589,0.5413507317933345,0.8620333075523376
592_class-32,guarded,5,5,False,0.9277122616767883,0.4969243109226227,0.9277122616767883,0.9987038373947144,0.9560205340385437,0.0673021706672792,0.99735426902771
593_class-12,guarded,2,2,False,0.45515570044517517,0.4714713990688324,0.4714713990688324,0.9900872707366943,0.9482308626174927,0.20275826842038053,0.9179509878158569
594_class-24,guarded,2,2,False,0.4487224519252777,0.41271185874938965,0.4487224519252777,0.995317816734314,0.9921339750289917,0.7599698764248793,0.9799590706825256
595_class-68,guarded,0,4,True,0.4351809620857239,0.4351809620857239,0.4351809620857239,0.9951367974281311,0.8952995538711548,1.0,0.7668644785881042
596_class-24,guarded,3,3,False,0.4342939853668213,0.41263547539711,0.4475037753582001,0.9967519640922546,1.0170501470565796,0.6036115881017006,0.997730016708374
597_class-28,guarded,0,3,True,0.9380124807357788,0.9380124807357788,0.9400544166564941,0.9929034113883972,0.9954811334609985,1.0,0.981627881526947
598_class-4,guarded,0,0,False,0.7070363759994507,0.7070363759994507,0.7249656319618225,0.9955309629440308,0.9966309070587158,1.0,0.9843292236328125
599_class-20,guarded,3,3,False,0.31858453154563904,0.31279486417770386,0.31858453154563904,0.9614163637161255,0.9928522109985352,0.9347991251295038,0.9539336562156677
600_class-40,guarded,5,5,False,0.4582780599594116,0.4548754394054413,0.4582780599594116,0.9979444742202759,0.9998780488967896,0.31760446227615224,0.9902043342590332
601_class-72,guarded,1,1,False,0.4335821568965912,0.6531226634979248,0.6576871275901794,0.9958098530769348,1.007085919380188,0.271122745179349,0.9945005178451538
602_class-76,guarded,0,0,False,0.2965184152126312,0.2965184152126312,0.29655975103378296,0.9572495818138123,0.9979246854782104,1.0,0.9633859395980835
603_class-60,guarded,1,1,False,0.44276514649391174,0.6396150588989258,0.6396150588989258,0.9951093196868896,0.9882520437240601,0.2997343114434177,0.9845053553581238
604_class-52,guarded,0,1,True,0.40197670459747314,0.40197670459747314,0.44831061363220215,0.9874144792556763,0.8932883739471436,1.0,0.756657600402832
605_class-0,guarded,1,1,False,0.39498889446258545,0.32267892360687256,0.39498889446258545,0.9900434017181396,1.008820652961731,0.49141085917455685,0.9932596683502197
606_class-36,guarded,1,1,False,0.5079028010368347,0.5057619214057922,0.5079028010368347,0.9933298230171204,1.0015569925308228,0.9838294390836683,0.9919176697731018
607_class-32,guarded,0,5,True,0.9565972089767456,0.9565972089767456,0.9573150873184204,0.9987789392471313,0.983521580696106,1.0,0.9970054030418396
608_class-8,guarded,0,0,False,0.5104918479919434,0.5104918479919434,0.5214233994483948,0.9779655337333679,0.9867299795150757,1.0,0.98561030626297
609_class-24,guarded,2,2,False,0.47732216119766235,0.5632115006446838,0.5632115006446838,0.9919259548187256,0.9778087139129639,0.04562448075325395,0.9721552729606628
610_class-36,guarded,1,1,False,0.4634787142276764,0.47753217816352844,0.5917591452598572,0.9935414791107178,0.9672509431838989,0.7203257918552036,0.9792675971984863
611_class-16,guarded,5,5,False,0.9458982944488525,0.9456956386566162,0.9458982944488525,0.9887651205062866,1.0048625469207764,0.6305284155157737,0.9903325438499451
612_class-4,guarded,2,2,False,0.4229997992515564,0.5353008508682251,0.7609142065048218,0.998297393321991,0.9958920478820801,0.2409935398689112,0.9912874102592468
613_class-56,guarded,2,2,False,0.4189002811908722,0.40949746966362,0.46073588728904724,0.9795169830322266,0.9881105422973633,0.1030019812214661,0.9780706763267517
614_class-32,guarded,3,3,False,0.9622587561607361,0.5161697864532471,0.9622587561607361,0.9998424053192139,0.9969494342803955,0.9912075029308324,0.9978278875350952
615_class-0,guarded,4,4,False,0.38289904594421387,0.1622890681028366,0.38289904594421387,0.9941094517707825,0.9448615312576294,0.15608418058344992,0.9100359082221985
616_class-12,guarded,4,4,False,0.9405769109725952,0.867381751537323,0.9405769109725952,0.9996217489242554,0.9953879117965698,0.1571187394485087,0.9941216111183167
617_class-20,guarded,0,5,True,0.9333887100219727,0.9333887100219727,0.9337126016616821,0.9983869791030884,1.002596139907837,1.0,0.9892998337745667
618_class-64,guarded,0,5,True,0.48663556575775146,0.48663556575775146,0.48663556575775146,0.9986381530761719,0.8394423127174377,1.0,0.9844276905059814
619_class-56,guarded,1,1,False,0.9089269042015076,0.6069211959838867,0.9089269042015076,0.9928090572357178,1.000201940536499,0.3332094469034024,0.9919716119766235
620_class-64,guarded,0,4,True,0.44364088773727417,0.44364088773727417,0.5710211992263794,0.9967461824417114,0.9795801639556885,1.0,0.9672576785087585
621_class-60,guarded,1,1,False,0.24117861688137054,0.24595966935157776,0.3858477771282196,0.9832606911659241,0.987983226776123,0.9725355743918656,0.9602778553962708
622_class-60,guarded,0,4,True,0.7405176162719727,0.7405176162719727,0.7441480159759521,0.984938383102417,0.991655707359314,1.0,0.9531475305557251
623_class-52,guarded,0,2,True,0.9456021785736084,0.9456021785736084,0.946536123752594,0.9966388940811157,0.9752453565597534,1.0,0.9167616963386536
624_class-56,guarded,0,4,True,0.5130369663238525,0.5130369663238525,0.5679851770401001,0.9796348214149475,0.904465913772583,1.0,0.9412992596626282
625_class-8,guarded,0,0,False,0.4394835829734802,0.4394835829734802,0.4394835829734802,0.9956108331680298,0.9622626304626465,1.0,0.9541522860527039
626_class-12,guarded,0,3,True,0.49271857738494873,0.49271857738494873,0.4943699240684509,0.9469565749168396,1.0013091564178467,1.0,0.9579249024391174
627_class-8,guarded,0,4,True,0.3590342402458191,0.3590342402458191,0.41653934121131897,0.9912385940551758,1.01048743724823,1.0,0.9925408363342285
628_class-48,guarded,0,0,False,0.6293734312057495,0.6293734312057495,0.6293734312057495,0.9939793348312378,0.9624934196472168,1.0,0.9188756346702576
629_class-28,guarded,0,2,True,0.33868375420570374,0.33868375420570374,0.3532164990901947,0.9302413463592529,0.9960317611694336,1.0,0.982261061668396
630_class-36,guarded,1,1,False,0.9535822868347168,0.7686198353767395,0.953846275806427,0.9988052248954773,1.0005078315734863,0.603840916561018,0.9931857585906982
631_class-28,guarded,1,1,False,0.44927364587783813,0.562109112739563,0.6326537132263184,0.9950370788574219,0.9941107034683228,0.24494411061575241,0.9916052222251892
632_class-36,guarded,4,4,False,0.5170702934265137,0.2579989731311798,0.5170702934265137,0.9305790066719055,0.9876097440719604,0.0,0.9816805124282837
633_class-76,guarded,4,4,False,0.35451358556747437,0.35900813341140747,0.35900813341140747,0.9852100610733032,1.006985068321228,0.9989871798288867,0.9898935556411743
634_class-36,guarded,5,5,False,0.5828853845596313,0.4999657869338989,0.5913764238357544,0.9942452311515808,0.9215229749679565,0.48392365009696847,0.9109795689582825
635_class-60,guarded,3,3,False,0.16083325445652008,0.16080333292484283,0.16089504957199097,0.8930913209915161,1.0013691186904907,0.9984530831436369,0.9884830713272095
636_class-4,guarded,5,5,False,0.8872854709625244,0.8873053789138794,0.887527346611023,0.9851555824279785,1.0019232034683228,0.9981760714164335,0.9733251333236694
637_class-76,guarded,5,5,False,0.3872053921222687,0.45723962783813477,0.45723962783813477,0.9969689846038818,1.0035147666931152,0.9937934458788481,0.9946607351303101
638_class-60,guarded,2,2,False,0.21082161366939545,0.411653608083725,0.41451939940452576,0.8954635858535767,0.9279736280441284,0.23594724569175254,0.7250599265098572
639_class-32,guarded,2,2,False,0.4794427752494812,0.46704357862472534,0.4794427752494812,0.9976255893707275,0.9729573726654053,0.6879406647742881,0.9815990924835205
640_class-36,guarded,0,4,True,0.4843288064002991,0.4843288064002991,0.5489227175712585,0.9910482168197632,0.9608917236328125,1.0,0.48151180148124695
641_class-60,guarded,0,2,True,0.31072697043418884,0.31072697043418884,0.31072697043418884,0.965441107749939,0.9459872245788574,1.0,0.9111519455909729
642_class-8,guarded,4,4,False,0.8462680578231812,0.42196547985076904,0.8462680578231812,0.9990890026092529,0.986510157585144,0.13601999605988968,0.9849928021430969
643_class-12,guarded,0,0,False,0.4071439802646637,0.4071439802646637,0.4071439802646637,0.9954932928085327,0.9948294162750244,1.0,0.9814811944961548
644_class-24,guarded,0,0,False,0.4405830204486847,0.4405830204486847,0.44765469431877136,0.9871135354042053,0.9812455177307129,1.0,0.9794144034385681
645_class-72,guarded,0,0,False,0.5756406188011169,0.5756406188011169,0.5932835340499878,0.9823144674301147,1.013695240020752,1.0,0.9669046998023987
646_class-8,guarded,0,1,True,0.5396742820739746,0.5396742820739746,0.5890756845474243,0.9285653829574585,0.9830971956253052,1.0,0.9767422676086426
647_class-56,guarded,3,3,False,0.4431396424770355,0.4366419017314911,0.44357752799987793,0.9991137981414795,0.9894615411758423,0.40989067304407245,0.9901872277259827
648_class-76,guarded,0,0,False,0.3619858920574188,0.3619858920574188,0.6400502920150757,0.9866891503334045,1.000082015991211,1.0,0.988086462020874
649_class-28,guarded,2,2,False,0.8356727361679077,0.9091345071792603,0.9092295169830322,0.9761289954185486,0.9874402284622192,0.9952588806807495,0.9502576589584351
650_class-8,guarded,2,2,False,0.6936630010604858,0.40030866861343384,0.8253272771835327,0.9511991739273071,1.0108718872070312,0.23777155633572725,0.9969155788421631
651_class-0,guarded,0,2,True,0.9308867454528809,0.9308867454528809,0.9390696287155151,0.955098569393158,0.9672250747680664,1.0,0.9496482610702515
652_class-52,guarded,4,4,False,0.28752627968788147,0.4202811121940613,0.5111894607543945,0.9903117418289185,0.9737603664398193,0.7575769573394041,0.9671164751052856
653_class-76,guarded,0,1,True,0.3512512445449829,0.3512512445449829,0.3633476197719574,0.9978036880493164,0.9674579501152039,1.0,0.9139999151229858
654_class-20,guarded,0,0,False,0.5989211797714233,0.5989211797714233,0.9280880689620972,0.995316207408905,1.0045174360275269,1.0,0.991560697555542
655_class-40,guarded,0,1,True,0.3993586003780365,0.3993586003780365,0.4551917016506195,0.9925085306167603,0.9938066005706787,1.0,0.9759363532066345
656_class-20,guarded,0,3,True,0.700309157371521,0.700309157371521,0.7004094123840332,0.9453504085540771,1.0113364458084106,1.0,0.9933210015296936
657_class-56,guarded,1,1,False,0.43607354164123535,0.3880210518836975,0.44405612349510193,0.9840630292892456,0.8458511829376221,0.32570807430658183,0.6751983761787415
658_class-60,guarded,2,2,False,0.10282190144062042,0.10283191502094269,0.23817802965641022,0.848692774772644,1.0079163312911987,0.4333807159445824,0.9915008544921875
659_class-16,guarded,0,0,False,0.2670838534832001,0.2670838534832001,0.34863635897636414,0.9612871408462524,0.9975736141204834,1.0,0.9792713522911072
660_class-68,guarded,0,1,True,0.3040418028831482,0.3040418028831482,0.9389473795890808,0.9953100681304932,0.845511794090271,1.0,0.8696260452270508
661_class-68,guarded,2,2,False,0.4873362183570862,0.46371176838874817,0.4873362183570862,0.9991183876991272,0.9350453019142151,0.392025664527956,0.9909795522689819
662_class-60,guarded,5,5,False,0.7196405529975891,0.6872199773788452,0.7196405529975891,0.9884513020515442,0.9300968647003174,0.7248513725237696,0.925516664981842
663_class-8,guarded,2,2,False,0.4155610501766205,0.41564488410949707,0.41566354036331177,0.9745919704437256,1.0028955936431885,0.9985377313261099,0.9907517433166504
664_class-4,guarded,2,2,False,0.8435128927230835,0.8451797366142273,0.9105026721954346,0.9947534799575806,0.9927746057510376,0.9823557671310652,0.9728085994720459
665_class-48,guarded,3,3,False,0.4470909535884857,0.40553611516952515,0.44741010665893555,0.9980312585830688,1.0026741027832031,0.9921976098043693,0.9930945634841919
666_class-36,guarded,0,0,False,0.4116000235080719,0.4116000235080719,0.6809388399124146,0.9908838272094727,0.9723169803619385,1.0,0.9710665941238403
667_class-72,guarded,0,3,True,0.8757413625717163,0.8757413625717163,0.9229112863540649,0.9660135507583618,0.9916106462478638,1.0,0.9660530090332031
668_class-28,guarded,5,5,False,0.3742172420024872,0.880050778388977,0.9178857803344727,0.9808789491653442,0.9891639947891235,0.1483443502846801,0.9581122994422913
669_class-68,guarded,2,2,False,0.6328306198120117,0.4302980601787567,0.6811261773109436,0.9945272207260132,0.9349559545516968,0.06567715760509349,0.9441579580307007
670_class-52,guarded,4,4,False,0.4536944031715393,0.36271584033966064,0.4536944031715393,0.9866838455200195,0.9960100650787354,0.8512996627457432,0.9762359857559204
671_class-40,guarded,0,0,False,0.48443859815597534,0.48443859815597534,0.48443859815597534,0.9979537725448608,0.9432041645050049,1.0,0.9440883994102478
672_class-36,guarded,4,4,False,0.438903272151947,0.34601905941963196,0.438903272151947,0.9769030213356018,0.956792950630188,0.593148080847614,0.9440605640411377
673_class-60,guarded,0,0,False,0.5046461820602417,0.5046461820602417,0.5046461820602417,0.9232645034790039,0.9568467140197754,1.0,0.7839009165763855
674_class-24,guarded,2,2,False,0.44686275720596313,0.3403056859970093,0.461838036775589,0.9882724285125732,0.9490307569503784,0.053365140370640336,0.9549589157104492
675_class-76,guarded,0,5,True,0.41235223412513733,0.41235223412513733,0.41235223412513733,0.9930077195167542,0.8857519626617432,1.0,0.7958593964576721
676_class-20,guarded,0,0,False,0.6973002552986145,0.6973002552986145,0.8667548298835754,0.9536282420158386,1.0066876411437988,1.0,0.9943419694900513
677_class-12,guarded,0,0,False,0.46741440892219543,0.46741440892219543,0.46741440892219543,0.9980460405349731,1.0006693601608276,1.0,0.9918474555015564
678_class-44,guarded,4,4,False,0.31604889035224915,0.3159340023994446,0.31604889035224915,0.9597026109695435,1.0068939924240112,0.9992261818782113,0.9900424480438232
679_class-68,guarded,5,5,False,0.949885368347168,0.3735652565956116,0.949885368347168,0.9894047975540161,0.9229437708854675,0.005397408148168443,0.989547073841095
680_class-16,guarded,0,2,True,0.3177812099456787,0.3177812099456787,0.37820395827293396,0.9008616805076599,0.9693211317062378,1.0,0.9493136405944824
681_class-44,guarded,0,4,True,0.39422860741615295,0.39422860741615295,0.4425041973590851,0.9835636019706726,1.009284496307373,1.0,0.9936527013778687
682_class-0,guarded,3,3,False,0.8940926790237427,0.8936083316802979,0.8950338959693909,0.9874983429908752,1.0032546520233154,0.9933553308712236,0.9908172488212585
683_class-36,guarded,1,1,False,0.49898314476013184,0.4701116979122162,0.5353705286979675,0.9750454425811768,0.9093657732009888,0.16994720266765467,0.6609680652618408
684_class-56,guarded,5,5,False,0.43113595247268677,0.43094033002853394,0.43113595247268677,0.9652707576751709,1.0051153898239136,0.5504386664539799,0.9916324615478516
685_class-0,guarded,2,2,False,0.4816853404045105,0.5210757255554199,0.5909296274185181,0.9861192107200623,0.9757605791091919,0.9900939658100306,0.9683984518051147
686_class-32,guarded,1,1,False,0.9585317373275757,0.9608770608901978,0.9608770608901978,0.9990062117576599,1.0015904903411865,0.9937710437710437,0.9956088662147522
687_class-12,guarded,0,1,True,0.3363415002822876,0.3363415002822876,0.3363415002822876,0.986595094203949,1.0121885538101196,1.0,0.9932045340538025
688_class-20,guarded,0,3,True,0.8176871538162231,0.8176871538162231,0.8178967237472534,0.9737440943717957,1.0145955085754395,1.0,0.992575466632843
689_class-28,guarded,3,3,False,0.42716267704963684,0.4273546040058136,0.49393230676651,0.9948292374610901,0.9918739795684814,0.3446254772275098,0.9882634878158569
690_class-60,guarded,3,3,False,0.43878668546676636,0.3755078911781311,0.5975848436355591,0.9971925616264343,0.9499728679656982,0.44487987732151985,0.9513128399848938
691_class-44,guarded,0,4,True,0.4887661337852478,0.4887661337852478,0.5109652876853943,0.9946041107177734,0.9217922687530518,1.0,0.9460718035697937
692_class-36,guarded,5,5,False,0.4941200911998749,0.47236305475234985,0.49979832768440247,0.9847124814987183,0.8164627552032471,0.18933237552193238,0.7175699472427368
693_class-44,guarded,0,2,True,0.4372624158859253,0.4372624158859253,0.4407600462436676,0.9841998219490051,0.9816741943359375,1.0,0.9712408185005188
694_class-56,guarded,3,3,False,0.40017297863960266,0.40324363112449646,0.41708904504776,0.9885194301605225,0.9742017984390259,0.96110798333521,0.9624285101890564
695_class-8,guarded,0,0,False,0.268652081489563,0.268652081489563,0.268652081489563,0.9506694078445435,1.018507719039917,1.0,0.9923917651176453
696_class-72,guarded,0,0,False,0.39983004331588745,0.39983004331588745,0.39983004331588745,0.9973422884941101,0.9798954725265503,1.0,0.9817919135093689
697_class-16,guarded,0,3,True,0.7553253173828125,0.7553253173828125,0.8199096322059631,0.9953272342681885,0.9619544744491577,1.0,0.975006639957428
698_class-36,guarded,4,4,False,0.4710741341114044,0.47279593348503113,0.47279593348503113,0.9745584726333618,0.9984477758407593,0.9987170830519919,0.992323637008667
699_class-68,guarded,0,5,True,0.4506829082965851,0.4506829082965851,0.5487115383148193,0.9934875965118408,0.9248179197311401,1.0,0.6769566535949707
700_class-52,guarded,2,2,False,0.2922530174255371,0.10632430762052536,0.29249900579452515,0.9523875713348389,0.9920617341995239,0.5081115787971748,0.977608323097229
701_class-44,guarded,0,5,True,0.46231234073638916,0.46231234073638916,0.46231234073638916,0.9984135627746582,0.9910278916358948,1.0,0.834425151348114
702_class-16,guarded,5,5,False,0.9312020540237427,0.904657244682312,0.9312020540237427,0.9340506792068481,1.007939338684082,0.9663208210319134,0.9785407781600952
703_class-48,guarded,1,1,False,0.40478673577308655,0.8923827409744263,0.8923827409744263,0.9992502331733704,0.9806103706359863,0.022373665938022372,0.9907386302947998
704_class-68,guarded,0,0,False,0.36121952533721924,0.36121952533721924,0.3628169596195221,0.9874793887138367,0.9694899320602417,1.0,0.9473006129264832
705_class-32,guarded,1,1,False,0.45464998483657837,0.3976871371269226,0.4617551267147064,0.9982854127883911,0.9381272196769714,0.09357691339375629,0.944599986076355
706_class-44,guarded,2,2,False,0.47287794947624207,0.4809006452560425,0.5238690972328186,0.9923191666603088,0.9456981420516968,0.18524444444444443,0.8965578079223633
707_class-68,guarded,1,1,False,0.46776285767555237,0.40212443470954895,0.46776285767555237,0.9831552505493164,0.9135230779647827,0.03932977235151978,0.8301485776901245
708_class-36,guarded,2,2,False,0.6938648819923401,0.4793977439403534,0.8681217432022095,0.996396541595459,1.002411961555481,0.9959094435432683,0.9923522472381592
709_class-68,guarded,3,3,False,0.44859057664871216,0.3789023756980896,0.4506334066390991,0.9974676966667175,0.9708486795425415,0.16229627351765397,0.9333480596542358
710_class-20,guarded,1,1,False,0.6002952456474304,0.5967387557029724,0.6005927324295044,0.9949130415916443,1.0099965333938599,0.8856397108077518,0.9932399392127991
711_class-0,guarded,1,1,False,0.11442139744758606,0.06400354206562042,0.11656118929386139,0.9345545768737793,1.0013686418533325,0.8710165840600623,0.9683355093002319
712_class-48,guarded,1,1,False,0.5754477977752686,0.7375895977020264,0.7375895977020264,0.9985714554786682,0.9749608039855957,0.34415247195679266,0.9846418499946594
713_class-52,guarded,2,2,False,0.817069411277771,0.7334082722663879,0.817069411277771,0.9969533085823059,1.0081367492675781,0.6556809859332777,0.9909554123878479
714_class-68,guarded,5,5,False,0.4119310975074768,0.3058028221130371,0.4735972285270691,0.9874569177627563,0.9354780912399292,0.5090607355409736,0.8505719304084778
715_class-36,guarded,4,4,False,0.46498823165893555,0.3799268901348114,0.5046671628952026,0.9939826726913452,0.9885107278823853,0.26621152346979754,0.9880255460739136
716_class-0,guarded,0,0,False,0.3917948007583618,0.3917948007583618,0.39183491468429565,0.9568471312522888,1.009756088256836,1.0,0.9950406551361084
717_class-40,guarded,0,0,False,0.4550040364265442,0.4550040364265442,0.5379209518432617,0.9986408948898315,1.0142275094985962,1.0,0.9980299472808838
718_class-28,guarded,4,4,False,0.6206580400466919,0.6226705312728882,0.7530722618103027,0.9853808283805847,0.9902918338775635,0.9960511631899734,0.972987174987793
719_class-44,guarded,4,4,False,0.4158216118812561,0.4828472435474396,0.4828472435474396,0.9912543892860413,0.9132155179977417,0.0005687791930229753,0.9464658498764038
720_class-0,guarded,1,1,False,0.2387569546699524,0.19085265696048737,0.2387569546699524,0.9574247598648071,0.9922759532928467,0.8976774440850036,0.9300620555877686
721_class-8,guarded,0,0,False,0.3132481575012207,0.3132481575012207,0.366303414106369,0.9909220933914185,0.9418067932128906,1.0,0.8918535113334656
722_class-4,guarded,1,1,False,0.22008369863033295,0.4865058660507202,0.4865058660507202,0.9791518449783325,0.9750887155532837,0.4971931126343383,0.9696587920188904
723_class-8,guarded,0,4,True,0.46889814734458923,0.46889814734458923,0.669517993927002,0.9792861938476562,0.9786093235015869,1.0,0.979977548122406
724_class-76,guarded,5,5,False,0.3162780702114105,0.3163488805294037,0.35183289647102356,0.9775018692016602,1.0119584798812866,0.9995793781617689,0.9936398267745972
725_class-12,guarded,1,1,False,0.9128473401069641,0.4660647511482239,0.9128473401069641,0.9987580180168152,0.9521173238754272,0.08461770227362272,0.9949876666069031
726_class-36,guarded,0,0,False,0.45387664437294006,0.45387664437294006,0.45387664437294006,0.9982454776763916,1.00124192237854,1.0,0.9822332859039307
727_class-8,guarded,1,1,False,0.5571036338806152,0.5652123689651489,0.7048293948173523,0.997373104095459,0.8674806952476501,0.9221165770979743,0.9579927921295166
728_class-72,guarded,0,2,True,0.40554144978523254,0.40554144978523254,0.4087912440299988,0.9711203575134277,0.9133238792419434,1.0,0.877297580242157
729_class-72,guarded,5,5,False,0.47506392002105713,0.5996649265289307,0.7186530828475952,0.980307936668396,0.9651707410812378,0.6837781623057697,0.9369932413101196
730_class-24,guarded,1,1,False,0.477385550737381,0.4751047194004059,0.5265825390815735,0.9993870854377747,0.9937528371810913,0.8335073068893528,0.9940100908279419
731_class-36,guarded,4,4,False,0.47345373034477234,0.4647557735443115,0.5048168897628784,0.9929600954055786,0.9702465534210205,0.3504879564311561,0.9789307713508606
732_class-40,guarded,0,5,True,0.43475425243377686,0.43475425243377686,0.4474780857563019,0.917272686958313,0.9651403427124023,1.0,0.9541099667549133
733_class-0,guarded,0,0,False,0.41841578483581543,0.41841578483581543,0.42302635312080383,0.9479487538337708,0.9803701639175415,1.0,0.9754774570465088
734_class-72,guarded,0,0,False,0.4050699770450592,0.4050699770450592,0.40668371319770813,0.9934782385826111,0.9903973340988159,1.0,0.9765268564224243
735_class-68,guarded,1,1,False,0.39359134435653687,0.3710327744483948,0.6349880695343018,0.990829586982727,0.9743117094039917,0.5471109652002626,0.981005847454071
736_class-44,guarded,4,4,False,0.47453823685646057,0.1872381865978241,0.47453823685646057,0.9976359605789185,0.9500197172164917,0.053240594372431234,0.961622953414917
737_class-72,guarded,0,3,True,0.7012600302696228,0.7012600302696228,0.7012600302696228,0.9795297384262085,0.8685249090194702,1.0,0.8649646639823914
738_class-28,guarded,0,1,True,0.45378366112709045,0.45378366112709045,0.45378366112709045,0.9857407808303833,0.9759469032287598,1.0,0.9368440508842468
739_class-28,guarded,0,0,False,0.8566333055496216,0.8566333055496216,0.8566333055496216,0.9943277835845947,0.9863846302032471,1.0,0.9844678640365601
740_class-12,guarded,0,0,False,0.3320854604244232,0.3320854604244232,0.5678344368934631,0.974658727645874,0.9878052473068237,1.0,0.9813477993011475
741_class-56,guarded,5,5,False,0.6296300888061523,0.5537816882133484,0.6485124826431274,0.9974943399429321,0.9708713293075562,0.003829160530191458,0.9824516773223877
742_class-4,guarded,2,2,False,0.6400367617607117,0.1514860987663269,0.7794448733329773,0.9963849782943726,0.953826904296875,0.45713162034609334,0.9327890872955322
743_class-36,guarded,3,3,False,0.9443720579147339,0.877487063407898,0.9455453753471375,0.9959625601768494,1.0103622674942017,0.9984109437612271,0.9952669739723206
744_class-4,guarded,4,4,False,0.6582607626914978,0.7535994052886963,0.8259308338165283,0.9990917444229126,0.988787055015564,0.6857694306287581,0.9871273040771484
745_class-76,guarded,0,5,True,0.7975057363510132,0.7975057363510132,0.7975057363510132,0.9220997095108032,0.96669602394104,1.0,0.8723078966140747
746_class-52,guarded,0,2,True,0.9356492757797241,0.9356492757797241,0.9356492757797241,0.9859485626220703,1.0026824474334717,1.0,0.9853207468986511
747_class-4,guarded,0,4,True,0.18454837799072266,0.18454837799072266,0.42760616540908813,0.9397565126419067,0.999642014503479,1.0,0.9593172669410706
748_class-76,guarded,3,3,False,0.7638296484947205,0.7635565996170044,0.7640133500099182,0.9921731948852539,0.9897948503494263,0.9860678413877327,0.9434751868247986
749_class-68,guarded,1,1,False,0.47074246406555176,0.472251832485199,0.48333072662353516,0.9971541166305542,0.8616740703582764,0.23312495610030204,0.900954008102417
750_class-56,guarded,3,3,False,0.44345822930336,0.4438149929046631,0.46111246943473816,0.9946380853652954,0.9358539581298828,0.2395475059146305,0.9785391688346863
751_class-16,guarded,4,4,False,0.519159734249115,0.5191093683242798,0.6587443351745605,0.9910119771957397,0.999516487121582,0.9979583414782477,0.988368034362793
752_class-16,guarded,1,1,False,0.9443438649177551,0.9445948600769043,0.969542384147644,0.9923973083496094,1.0094211101531982,0.9987687322802754,0.9933387041091919
753_class-72,guarded,1,1,False,0.5495083332061768,0.2985449433326721,0.5495083332061768,0.9706063866615295,0.9829891920089722,0.5087836750792737,0.8751816153526306
754_class-64,guarded,2,2,False,0.5542664527893066,0.47952815890312195,0.5542664527893066,0.9976282119750977,0.9628034830093384,0.00991570433172538,0.984627366065979
755_class-0,guarded,0,3,True,0.7488701343536377,0.7488701343536377,0.8625198602676392,0.9917749166488647,0.962045431137085,1.0,0.8981398940086365
756_class-32,guarded,2,2,False,0.4736344814300537,0.3474530875682831,0.4738636910915375,0.9778211712837219,0.9494572877883911,0.08248173284447564,0.9454965591430664
757_class-64,guarded,1,1,False,0.47843652963638306,0.4758225083351135,0.5892069935798645,0.9991599321365356,0.9855442047119141,0.6691248770894789,0.9932781457901001
758_class-72,guarded,1,1,False,0.4249899387359619,0.40029987692832947,0.4249899387359619,0.992965042591095,0.9734433889389038,0.6642138599105812,0.9669055342674255
759_class-16,guarded,0,0,False,0.406150758266449,0.406150758266449,0.5640730857849121,0.9881844520568848,1.0054900646209717,1.0,0.9932746887207031
760_class-72,guarded,0,5,True,0.43164607882499695,0.43164607882499695,0.49665185809135437,0.9846420884132385,0.9536943435668945,1.0,0.9382573962211609
761_class-68,guarded,0,3,True,0.6420303583145142,0.6420303583145142,0.9747186899185181,0.9962406158447266,0.9669731855392456,1.0,0.9693402647972107
762_class-76,guarded,3,3,False,0.2750985622406006,0.2749807834625244,0.2758408486843109,0.9335298538208008,1.003138780593872,0.9988429105378385,0.9826500415802002
763_class-48,guarded,0,1,True,0.4422827959060669,0.4422827959060669,0.468005895614624,0.9970133304595947,0.9651906490325928,1.0,0.9598876237869263
764_class-4,guarded,4,4,False,0.2805522382259369,0.2258233278989792,0.4164372682571411,0.99595707654953,0.9668154716491699,0.4072928536545662,0.9579867124557495
765_class-32,guarded,0,0,False,0.48021531105041504,0.48021531105041504,0.8065668344497681,0.9505925178527832,0.975670337677002,1.0,0.9610713124275208
766_class-44,guarded,4,4,False,0.6380046010017395,0.49330687522888184,0.6901068091392517,0.9994653463363647,0.9852757453918457,0.05737246474934503,0.9914492964744568
767_class-0,guarded,3,3,False,0.5261241793632507,0.927376925945282,0.927376925945282,0.9966070652008057,0.9923684597015381,0.9968720178135935,0.9894101023674011
768_class-48,guarded,4,4,False,0.6897570490837097,0.40892964601516724,0.6897570490837097,0.9922009706497192,0.9622817039489746,0.09201732599018514,0.9435727000236511
769_class-48,guarded,4,4,False,0.8605226278305054,0.6556206941604614,0.8712949752807617,0.9983764290809631,0.9988430738449097,0.5893684892588347,0.9904510974884033
770_class-36,guarded,0,0,False,0.9295398592948914,0.9295398592948914,0.9313141107559204,0.9975847601890564,1.0051318407058716,1.0,0.9964722394943237
771_class-8,guarded,0,4,True,0.5540734529495239,0.5540734529495239,0.6989694833755493,0.9953566193580627,0.8958127498626709,1.0,0.8626074194908142
772_class-56,guarded,0,0,False,0.5356338620185852,0.5356338620185852,0.5356338620185852,0.9661088585853577,0.9196968078613281,1.0,0.8516159653663635
773_class-52,guarded,5,5,False,0.5235845446586609,0.2667907178401947,0.7308681607246399,0.979066014289856,1.004717230796814,0.41469186734465446,0.9941948652267456
774_class-12,guarded,2,2,False,0.4664156138896942,0.14170676469802856,0.4664156138896942,0.9985539317131042,0.9866849184036255,0.3816166957304382,0.9891998171806335
775_class-64,guarded,0,4,True,0.9599502086639404,0.9599502086639404,0.9604331254959106,0.996468186378479,0.9765103459358215,1.0,0.9893839955329895
776_class-68,guarded,5,5,False,0.9359908103942871,0.5640416741371155,0.9359908103942871,0.9883152842521667,0.9803284406661987,0.35886764975758184,0.967587947845459
777_class-32,guarded,4,4,False,0.8031834363937378,0.8056961297988892,0.8056961297988892,0.9996666312217712,0.9460257291793823,0.09934847684451488,0.9934094548225403
778_class-12,guarded,4,4,False,0.7399253845214844,0.7605028748512268,0.7605028748512268,0.9974921345710754,0.9885909557342529,0.5235410321837188,0.9900402426719666
779_class-20,guarded,3,3,False,0.918986439704895,0.9190930128097534,0.9191606640815735,0.9692474603652954,1.0014532804489136,0.9992823861166982,0.9758527278900146
780_class-4,guarded,0,4,True,0.9370834827423096,0.9370834827423096,0.9398037195205688,0.9940297603607178,0.9874945878982544,1.0,0.9795958995819092
781_class-60,guarded,0,0,False,0.9212231040000916,0.9212231040000916,0.9214549660682678,0.853672206401825,1.0056716203689575,1.0,0.9942929744720459
782_class-28,guarded,2,2,False,0.5071907043457031,0.5068773627281189,0.5086416602134705,0.9763449430465698,0.9913839101791382,0.9977734620213434,0.9683772325515747
783_class-60,guarded,0,2,True,0.8146693706512451,0.8146693706512451,0.8146693706512451,0.9930100440979004,0.9959187507629395,1.0,0.9907801151275635
784_class-32,guarded,0,0,False,0.4897511899471283,0.4897511899471283,0.48991331458091736,0.9985790848731995,0.969693660736084,1.0,0.988564670085907
785_class-40,guarded,0,5,True,0.8331097364425659,0.8331097364425659,0.8331097364425659,0.9988759756088257,0.962853193283081,1.0,0.9784967303276062
786_class-12,guarded,1,1,False,0.29815971851348877,0.9102200269699097,0.9102200269699097,0.9973012208938599,0.9712660312652588,0.06214482290289145,0.9700571298599243
787_class-20,guarded,0,0,False,0.21380577981472015,0.21380577981472015,0.2158006727695465,0.9698079824447632,1.0032845735549927,1.0,0.98460853099823
788_class-4,guarded,0,2,True,0.873637855052948,0.873637855052948,0.88340163230896,0.9477341175079346,0.9265046119689941,1.0,0.9728729724884033
789_class-72,guarded,4,4,False,0.8500509858131409,0.8255100250244141,0.8500509858131409,0.7905516624450684,1.0143717527389526,0.9851717493334029,0.9905989170074463
790_class-64,guarded,1,1,False,0.9550425410270691,0.9554100036621094,0.9554100036621094,0.9989746809005737,0.9960359334945679,0.9969725365818496,0.9928833246231079
791_class-0,guarded,0,2,True,0.7071272134780884,0.7071272134780884,0.8261044025421143,0.8746364116668701,1.0019147396087646,1.0,0.9871796369552612
792_class-24,guarded,0,5,True,0.533891499042511,0.533891499042511,0.533891499042511,0.9960324168205261,0.7920538187026978,1.0,0.49171218276023865
793_class-64,guarded,0,4,True,0.36702224612236023,0.36702224612236023,0.37216922640800476,0.9991399049758911,0.9457162618637085,1.0,0.9695689678192139
794_class-48,guarded,0,4,True,0.4778828024864197,0.4778828024864197,0.8466260433197021,0.977293848991394,0.9921232461929321,1.0,0.9896091818809509
795_class-36,guarded,0,3,True,0.387549489736557,0.387549489736557,0.43632325530052185,0.9840386509895325,0.8313053846359253,1.0,0.6852066516876221
796_class-48,guarded,0,2,True,0.4435831308364868,0.4435831308364868,0.4435831308364868,0.9992760419845581,0.9866104125976562,1.0,0.9807013869285583
797_class-32,guarded,0,2,True,0.5145976543426514,0.5145976543426514,0.8497803211212158,0.9948654770851135,0.9892065525054932,1.0,0.9758362770080566
798_class-36,guarded,1,1,False,0.47719505429267883,0.467761754989624,0.6958075761795044,0.9815474152565002,1.0021072626113892,0.8526053109827216,0.9860007762908936
799_class-0,guarded,0,4,True,0.4631947875022888,0.4631947875022888,0.48900774121284485,0.9926925897598267,0.9771268367767334,1.0,0.9517329931259155
800_class-72,guarded,3,3,False,0.5951607823371887,0.4340595304965973,0.6609843969345093,0.9932339787483215,0.9821820259094238,0.7497658862876254,0.9651310443878174
801_class-68,guarded,1,1,False,0.54820716381073,0.5445147752761841,0.5516117215156555,0.9769676923751831,0.9939302206039429,0.9436025650813039,0.9913634061813354
802_class-44,guarded,0,0,False,0.4038550555706024,0.4038550555706024,0.4684341847896576,0.9865884780883789,0.9449009895324707,1.0,0.8483190536499023
803_class-68,guarded,0,3,True,0.6391102075576782,0.6391102075576782,0.6391102075576782,0.990329384803772,0.8865844011306763,1.0,0.8283798098564148
804_class-36,guarded,0,5,True,0.5193606615066528,0.5193606615066528,0.5867588520050049,0.9968512654304504,0.9512612819671631,1.0,0.8894359469413757
805_class-32,guarded,2,2,False,0.81516432762146,0.5764700174331665,0.81516432762146,0.9994292259216309,1.000110387802124,0.3366720588561172,0.9892195463180542
806_class-48,guarded,3,3,False,0.7989437580108643,0.7980331778526306,0.9812428951263428,0.9985063076019287,1.000867247581482,0.6562865221489161,0.9866489768028259
807_class-24,guarded,1,1,False,0.42346006631851196,0.3954733908176422,0.42346006631851196,0.9955993890762329,0.9960422515869141,0.6740124829001368,0.983484148979187
808_class-52,guarded,0,2,True,0.5793864727020264,0.5793864727020264,0.5793864727020264,0.9984724521636963,0.9669990539550781,1.0,0.927802562713623
809_class-60,guarded,0,0,False,0.537353515625,0.537353515625,0.7108100652694702,0.9911336898803711,0.9806591272354126,1.0,0.5192333459854126
810_class-48,guarded,3,3,False,0.6588626503944397,0.48706331849098206,0.8529142141342163,0.9510543346405029,0.9702966213226318,0.9265858873841768,0.9777591228485107
811_class-0,guarded,0,1,True,0.3853471279144287,0.3853471279144287,0.3853471279144287,0.82200026512146,0.9193203449249268,1.0,0.8454517722129822
812_class-72,guarded,0,3,True,0.3105558753013611,0.3105558753013611,0.3105672299861908,0.9503940343856812,1.0042699575424194,1.0,0.9816325902938843
813_class-60,guarded,0,3,True,0.2723478376865387,0.2723478376865387,0.2723478376865387,0.9802645444869995,0.9745966196060181,1.0,0.9745320677757263
814_class-76,guarded,0,5,True,0.5806396007537842,0.5806396007537842,0.5806396007537842,0.9969168305397034,0.9191665649414062,1.0,0.9418286085128784
815_class-64,guarded,0,0,False,0.9663313031196594,0.9663313031196594,0.9663313031196594,0.9994840025901794,0.993405282497406,1.0,0.995171844959259
816_class-12,guarded,3,3,False,0.9644561409950256,0.8406816124916077,0.9644812345504761,0.9983561038970947,1.0104635953903198,0.7701609893254373,0.9947317242622375
817_class-24,guarded,2,2,False,0.8090387582778931,0.43008923530578613,0.8090387582778931,0.9956170916557312,0.964321494102478,0.6531548469579604,0.9639890193939209
818_class-68,guarded,2,2,False,0.4761964976787567,0.4671971797943115,0.5005147457122803,0.9965601563453674,0.9691574573516846,0.0,0.9776451587677002
819_class-72,guarded,0,3,True,0.07570741325616837,0.07570741325616837,0.07570741325616837,0.9938066005706787,0.8644602298736572,1.0,0.8579911589622498
820_class-32,guarded,4,4,False,0.5652294158935547,0.565077006816864,0.645153284072876,0.997056245803833,0.9674110412597656,0.20612835349815886,0.983340859413147
821_class-68,guarded,3,3,False,0.5134525299072266,0.4826563894748688,0.5134525299072266,0.9956051707267761,0.9166760444641113,0.3080947635441203,0.8735493421554565
822_class-60,guarded,0,1,True,0.8647381067276001,0.8647381067276001,0.8647381067276001,0.9925824403762817,0.9831241369247437,1.0,0.9903196692466736
823_class-64,guarded,0,0,False,0.33371594548225403,0.33371594548225403,0.4291174113750458,0.9823005199432373,0.9951190948486328,1.0,0.98512202501297
824_class-0,guarded,3,3,False,0.31087416410446167,0.6087952256202698,0.619136393070221,0.977843701839447,0.995193600654602,0.9943185204314746,0.9809839129447937
825_class-48,guarded,3,3,False,0.06414933502674103,0.07045723497867584,0.15815526247024536,0.998353898525238,0.9959512948989868,0.9392867172142657,0.9897235035896301
826_class-72,guarded,1,1,False,0.4063706696033478,0.40248170495033264,0.4597986042499542,0.9922175407409668,0.9261940717697144,0.6134590540744593,0.8475793600082397
827_class-60,guarded,1,1,False,0.5340209007263184,0.23741258680820465,0.5340209007263184,0.9584245085716248,0.9340536594390869,0.17923240554042724,0.8783255219459534
828_class-32,guarded,1,1,False,0.5909619927406311,0.5201080441474915,0.6759057641029358,0.996668815612793,0.996807336807251,0.488018666937202,0.9894638657569885
829_class-76,guarded,2,2,False,0.4601507782936096,0.46398571133613586,0.5355716943740845,0.9988926649093628,0.9505068063735962,0.17376811115878413,0.9572761654853821
830_class-56,guarded,4,4,False,0.34909290075302124,0.37308254837989807,0.42099663615226746,0.9887486696243286,1.00484037399292,0.2662583174549336,0.9372134804725647
831_class-20,guarded,2,2,False,0.24313852190971375,0.24318623542785645,0.2432536780834198,0.9636463522911072,1.0097707509994507,0.9997788263049248,0.9925034642219543
832_class-36,guarded,4,4,False,0.43215104937553406,0.4337237775325775,0.43405547738075256,0.9794330596923828,0.9948508739471436,0.9703208944387978,0.9919419884681702
833_class-0,guarded,0,0,False,0.28518426418304443,0.28518426418304443,0.5629819631576538,0.9767851829528809,0.9242463111877441,1.0,0.9424384832382202
834_class-28,guarded,0,0,False,0.8962889909744263,0.8962889909744263,0.9019324779510498,0.9621403217315674,1.007533311843872,1.0,0.9843799471855164
835_class-52,guarded,0,5,True,0.4982646703720093,0.4982646703720093,0.9682336449623108,0.9886291027069092,0.9068851470947266,1.0,0.5317205786705017
836_class-48,guarded,0,5,True,0.538352370262146,0.538352370262146,0.6276389360427856,0.9596481919288635,1.0078414678573608,1.0,0.9913501143455505
837_class-56,guarded,0,3,True,0.3009774088859558,0.3009774088859558,0.3589996099472046,0.9659371376037598,0.9203113317489624,1.0,0.6317334771156311
838_class-8,guarded,1,1,False,0.834504246711731,0.833346962928772,0.834504246711731,0.9933221340179443,0.9984341859817505,0.9950304852584982,0.9926804304122925
839_class-16,guarded,1,1,False,0.4085789620876312,0.42192646861076355,0.44007208943367004,0.9929563999176025,0.9188210964202881,0.4941096201955879,0.8493518829345703
840_class-48,guarded,4,4,False,0.6603025794029236,0.4401601552963257,0.6603025794029236,0.9780734777450562,1.0053082704544067,0.48083895691668493,0.9750880002975464
841_class-64,guarded,3,3,False,0.949560284614563,0.8261784911155701,0.949560284614563,0.9986411333084106,0.9957067966461182,0.40811802058243923,0.9862044453620911
842_class-64,guarded,0,0,False,0.3916347324848175,0.3916347324848175,0.46253037452697754,0.9898999929428101,1.0070067644119263,1.0,0.9930411577224731
843_class-32,guarded,0,4,True,0.6858271360397339,0.6858271360397339,0.6858271360397339,0.99042809009552,0.9276272058486938,1.0,0.9381757974624634
844_class-52,guarded,3,3,False,0.3804374635219574,0.37507688999176025,0.4347747564315796,0.9827127456665039,0.9878138303756714,0.9200859494730855,0.924458384513855
845_class-40,guarded,5,5,False,0.43055224418640137,0.43583017587661743,0.7568138241767883,0.9973620176315308,0.9797862768173218,0.5878473592243955,0.9530642628669739
846_class-76,guarded,0,5,True,0.7575496435165405,0.7575496435165405,0.7625057697296143,0.9634602069854736,0.993417501449585,1.0,0.9777278304100037
847_class-72,guarded,0,4,True,0.6490426063537598,0.6490426063537598,0.7716670632362366,0.9671032428741455,0.9664003849029541,1.0,0.804871678352356
848_class-48,guarded,0,4,True,0.5290436744689941,0.5290436744689941,0.5290436744689941,0.9932954907417297,1.007347822189331,1.0,0.9884065389633179
849_class-36,guarded,0,0,False,0.8783582448959351,0.8783582448959351,0.9326925277709961,0.989266037940979,0.9897518157958984,1.0,0.9784360527992249
850_class-52,guarded,4,4,False,0.9250279664993286,0.836306095123291,0.9302237033843994,0.9877914190292358,1.0044611692428589,0.9631544263015304,0.9767597913742065
851_class-72,guarded,0,3,True,0.41280317306518555,0.41280317306518555,0.41300442814826965,0.9810467958450317,0.99603271484375,1.0,0.9911826848983765
852_class-40,guarded,4,4,False,0.3260118365287781,0.460204154253006,0.47030705213546753,0.978775680065155,0.9540157318115234,0.06392229314865418,0.9115469455718994
853_class-56,guarded,0,2,True,0.3900923728942871,0.3900923728942871,0.44491857290267944,0.8800644278526306,0.9906500577926636,1.0,0.9793435335159302
854_class-12,guarded,0,2,True,0.5479917526245117,0.5479917526245117,0.6235724687576294,0.9976049661636353,0.7291254997253418,1.0,0.8771404027938843
855_class-0,guarded,0,0,False,0.8986079096794128,0.8986079096794128,0.8986079096794128,0.9928542971611023,0.9947375059127808,1.0,0.9745566248893738
856_class-52,guarded,0,4,True,0.37600064277648926,0.37600064277648926,0.3928161561489105,0.9618135690689087,0.9336705207824707,1.0,0.7761333584785461
857_class-56,guarded,0,0,False,0.5231012105941772,0.5231012105941772,0.7413123846054077,0.9849182367324829,0.9724692106246948,1.0,0.9763594269752502
858_class-20,guarded,3,3,False,0.7173276543617249,0.35867759585380554,0.9123802781105042,0.9904882311820984,0.9981298446655273,0.5132194813409234,0.9781399965286255
859_class-60,guarded,0,3,True,0.42252856492996216,0.42252856492996216,0.42252856492996216,0.969649612903595,0.9783258438110352,1.0,0.8834776878356934
860_class-8,guarded,0,0,False,0.8317632079124451,0.8317632079124451,0.8317632079124451,0.9749625325202942,0.9425209760665894,1.0,0.9499552845954895
861_class-60,guarded,0,5,True,0.4067116677761078,0.4067116677761078,0.45490512251853943,0.7310400009155273,0.9252346754074097,1.0,0.9780389070510864
862_class-64,guarded,0,3,True,0.27158236503601074,0.27158236503601074,0.4373962879180908,0.9552409052848816,0.9940019845962524,1.0,0.9615651369094849
863_class-48,guarded,0,5,True,0.9566259384155273,0.9566259384155273,0.9596057534217834,0.8914929628372192,1.0054924488067627,1.0,0.9680516719818115
864_class-4,guarded,1,1,False,0.39259353280067444,0.7126991152763367,0.9641367793083191,0.9928843379020691,1.0004806518554688,0.2744849284481884,0.9899329543113708
865_class-64,guarded,0,3,True,0.41318705677986145,0.41318705677986145,0.48534926772117615,0.9929920434951782,1.001484751701355,1.0,0.9661075472831726
866_class-56,guarded,1,1,False,0.43421944975852966,0.4771842956542969,0.4771842956542969,0.9839847087860107,0.8645700216293335,0.00016949631345518235,0.8448542356491089
867_class-56,guarded,0,0,False,0.4749892055988312,0.4749892055988312,0.4749892055988312,0.9872128367424011,0.9276909828186035,1.0,0.9547337293624878
868_class-0,guarded,5,5,False,0.516859769821167,0.3558456003665924,0.5399497151374817,0.9851629137992859,0.9454598426818848,0.07808972503617945,0.9058482646942139
869_class-76,guarded,4,4,False,0.8513706922531128,0.8267191648483276,0.8744149208068848,0.9968148469924927,0.9890952110290527,0.8802024746906637,0.9850960969924927
870_class-20,guarded,4,4,False,0.6458370685577393,0.6457366943359375,0.6458793878555298,0.9764999151229858,1.0030322074890137,0.9992249984499969,0.98176109790802
871_class-16,guarded,0,5,True,0.6227817535400391,0.6227817535400391,0.9148153066635132,0.9686423540115356,0.9874504804611206,1.0,0.9656788110733032
872_class-76,guarded,5,5,False,0.17361660301685333,0.12888170778751373,0.17361660301685333,0.9366159439086914,1.0165876150131226,0.9955224631483625,0.9914959669113159
873_class-16,guarded,0,2,True,0.8596048355102539,0.8596048355102539,0.9073343276977539,0.9956707954406738,0.9840372800827026,1.0,0.9626266956329346
874_class-48,guarded,4,4,False,0.22728125751018524,0.4020538032054901,0.7498067021369934,0.9723114371299744,0.9480335712432861,0.043775939895180103,0.931588351726532
875_class-20,guarded,0,2,True,0.9431712627410889,0.9431712627410889,0.9431712627410889,0.9576345682144165,0.9668216705322266,1.0,0.9392417669296265
876_class-0,guarded,2,2,False,0.2874837815761566,0.14311331510543823,0.2874837815761566,0.939746081829071,0.9907537698745728,0.9906024096385542,0.955933153629303
877_class-4,guarded,3,3,False,0.7157652378082275,0.8068645000457764,0.8068645000457764,0.9902979135513306,0.9951400756835938,0.2530783337699764,0.9919058084487915
878_class-60,guarded,0,4,True,0.22975710034370422,0.22975710034370422,0.3067905306816101,0.9590458869934082,0.9762496948242188,1.0,0.8620893955230713
879_class-52,guarded,5,5,False,0.2692248821258545,0.230756476521492,0.52313631772995,0.9863417744636536,1.0063068866729736,0.7560530085959886,0.9919281005859375
880_class-44,guarded,1,1,False,0.5575813055038452,0.5601685643196106,0.8396022319793701,0.9967087507247925,0.9841951131820679,0.0910420689251653,0.9822186827659607
881_class-24,guarded,0,1,True,0.4573202431201935,0.4573202431201935,0.5053223967552185,0.999442458152771,0.9876517057418823,1.0,0.9874076843261719
882_class-76,guarded,3,3,False,0.6592867374420166,0.7232303619384766,0.8772174119949341,0.9985482692718506,0.9724454879760742,0.38795518207282914,0.9810853004455566
883_class-12,guarded,4,4,False,0.33200347423553467,0.33596548438072205,0.3430572748184204,0.9784115552902222,0.9979299306869507,0.9560705791249516,0.9865648746490479
884_class-24,guarded,2,2,False,0.4055705964565277,0.42044132947921753,0.4399494528770447,0.991721510887146,0.9913070201873779,0.3364842201555115,0.9794796705245972
885_class-4,guarded,0,2,True,0.41454175114631653,0.41454175114631653,0.4145715534687042,0.9799289107322693,1.0155898332595825,1.0,0.996356189250946
886_class-4,guarded,5,5,False,0.9345022439956665,0.9350135326385498,0.9350818991661072,0.996218740940094,1.0066781044006348,0.9977883853369948,0.9930769801139832
887_class-0,guarded,0,3,True,0.26994332671165466,0.26994332671165466,0.2874893546104431,0.9125516414642334,0.9146467447280884,1.0,0.9271169304847717
888_class-72,guarded,0,0,False,0.9662740230560303,0.9662740230560303,0.9662740230560303,0.9122940897941589,1.0030473470687866,1.0,0.982272207736969
889_class-76,guarded,1,1,False,0.8835377097129822,0.5834227800369263,0.8835377097129822,0.9966838359832764,0.9632211923599243,0.4300523101361159,0.9704408049583435
890_class-12,guarded,0,3,True,0.9194964170455933,0.9194964170455933,0.9195863008499146,0.9929601550102234,1.0078257322311401,1.0,0.993617057800293
891_class-24,guarded,5,5,False,0.29755446314811707,0.27058517932891846,0.45892125368118286,0.9967780113220215,0.9933983087539673,0.23226474298838676,0.9923560619354248
892_class-68,guarded,0,0,False,0.4576904773712158,0.4576904773712158,0.7430291175842285,0.9966908097267151,0.970947802066803,1.0,0.9900628328323364
893_class-20,guarded,0,3,True,0.9241740703582764,0.9241740703582764,0.9250766038894653,0.9908578991889954,0.9977735280990601,1.0,0.9861288070678711
894_class-28,guarded,0,2,True,0.26502725481987,0.26502725481987,0.2652726471424103,0.9637717604637146,1.0090785026550293,1.0,0.9883278608322144
895_class-20,guarded,0,0,False,0.7776679992675781,0.7776679992675781,0.8787372708320618,0.9940729737281799,0.9915237426757812,1.0,0.9814516305923462
896_class-64,guarded,0,4,True,0.3178909122943878,0.3178909122943878,0.40081748366355896,0.9552246332168579,1.0088863372802734,1.0,0.9863607883453369
897_class-52,guarded,0,0,False,0.4562692940235138,0.4562692940235138,0.4562692940235138,0.9906781911849976,0.9814999103546143,1.0,0.9856755137443542
898_class-20,guarded,0,4,True,0.615217924118042,0.615217924118042,0.7291582822799683,0.9295039176940918,0.8985888957977295,1.0,0.9350661039352417
899_class-36,guarded,0,1,True,0.5410619378089905,0.5410619378089905,0.5410619378089905,0.9984021186828613,0.7390646934509277,1.0,0.5769959688186646
900_class-68,guarded,0,1,True,0.7793880701065063,0.7793880701065063,0.9361956119537354,0.9938667416572571,0.9377919435501099,1.0,0.9194582104682922
901_class-0,guarded,2,2,False,0.46147382259368896,0.2872907519340515,0.46147382259368896,0.9975436925888062,0.984123706817627,0.04590911393687624,0.9878101944923401
902_class-0,guarded,4,4,False,0.8946094512939453,0.005047730170190334,0.8946622610092163,0.9582766890525818,0.9924410581588745,0.9767225325884544,0.9900897145271301
903_class-20,guarded,0,0,False,0.7975150346755981,0.7975150346755981,0.8021626472473145,0.9803833961486816,0.9930074214935303,1.0,0.9636189341545105
904_class-48,guarded,0,3,True,0.8292901515960693,0.8292901515960693,0.9462772607803345,0.9968010783195496,0.8419632911682129,1.0,0.7114178538322449
905_class-0,guarded,0,2,True,0.05048777908086777,0.05048777908086777,0.05711560696363449,0.9111281633377075,0.9874382019042969,1.0,0.6727197170257568
906_class-12,guarded,0,0,False,0.4806819260120392,0.4806819260120392,0.5221633315086365,0.9979046583175659,0.9340739250183105,1.0,0.9101570248603821
907_class-24,guarded,0,0,False,0.46111977100372314,0.46111977100372314,0.4617067277431488,0.9968081116676331,0.9476776719093323,1.0,0.9710696339607239
908_class-36,guarded,1,1,False,0.6065131425857544,0.40705251693725586,0.6076470613479614,0.998725950717926,0.99546217918396,0.030032893827570004,0.98613041639328
909_class-68,guarded,0,3,True,0.3061690330505371,0.3061690330505371,0.7192113399505615,0.997639536857605,1.0088809728622437,1.0,0.9980515241622925
910_class-0,guarded,1,1,False,0.9516894817352295,0.9519715309143066,0.9546135067939758,0.9750390648841858,0.9976295232772827,0.9984981424393329,0.9883066415786743
911_class-72,guarded,3,3,False,0.466352254152298,0.43486419320106506,0.466352254152298,0.9926058053970337,0.939644455909729,0.3264056898009153,0.9653152227401733
912_class-56,guarded,0,4,True,0.4023400843143463,0.4023400843143463,0.4024202227592468,0.91997891664505,1.0128817558288574,1.0,0.9948157668113708
913_class-36,guarded,0,3,True,0.8152945041656494,0.8152945041656494,0.853458821773529,0.9966198205947876,0.905722439289093,1.0,0.947578489780426
914_class-8,guarded,2,2,False,0.12314216792583466,0.12311608344316483,0.12314216792583466,0.9122059941291809,1.0152862071990967,0.9997494525538301,0.9834916591644287
915_class-60,guarded,2,2,False,0.5301088690757751,0.5414890646934509,0.5414890646934509,0.903414249420166,1.0015310049057007,0.980747822670421,0.9558030962944031
916_class-44,guarded,0,3,True,0.5196912288665771,0.5196912288665771,0.6981877088546753,0.9991747736930847,0.9527690410614014,1.0,0.910797119140625
917_class-40,guarded,3,3,False,0.42059412598609924,0.41225534677505493,0.43619468808174133,0.9926052093505859,0.9970040917396545,0.9880045265937382,0.979698657989502
918_class-4,guarded,0,0,False,0.8763103485107422,0.8763103485107422,0.8852664232254028,0.9856228828430176,0.9956086874008179,1.0,0.9741085171699524
919_class-36,guarded,1,1,False,0.4763447940349579,0.6529035568237305,0.6529035568237305,0.9936912059783936,0.9384143352508545,0.030917874396135265,0.9688163995742798
920_class-0,guarded,0,4,True,0.4655357599258423,0.4655357599258423,0.5574437379837036,0.9976948499679565,0.9521375894546509,1.0,0.9927327632904053
921_class-64,guarded,4,4,False,0.808941125869751,0.789585292339325,0.808941125869751,0.9980735182762146,0.992692232131958,0.13620155950001958,0.9849836230278015
922_class-0,guarded,5,5,False,0.5632433891296387,0.5795486569404602,0.5795486569404602,0.9816684722900391,0.9722899198532104,0.8901829572150637,0.9250012636184692
923_class-8,guarded,1,1,False,0.41902804374694824,0.3815454840660095,0.5970348715782166,0.9960681200027466,0.9883449077606201,0.2802393228376851,0.9831705689430237
924_class-12,guarded,2,2,False,0.4820030927658081,0.35265761613845825,0.4820030927658081,0.9992977380752563,0.9820115566253662,0.04802692791855947,0.994286298751831
925_class-4,guarded,0,5,True,0.9173041582107544,0.9173041582107544,0.9179807901382446,0.9447401165962219,1.0014485120773315,1.0,0.987251877784729
926_class-28,guarded,0,4,True,0.25982826948165894,0.25982826948165894,0.2867019474506378,0.8780607581138611,0.9534611701965332,1.0,0.7298675775527954
927_class-12,guarded,0,0,False,0.4157339036464691,0.4157339036464691,0.45752689242362976,0.993135929107666,1.011091709136963,1.0,0.9917892813682556
928_class-32,guarded,0,3,True,0.3850717842578888,0.3850717842578888,0.3856736719608307,0.9752489328384399,1.0088515281677246,1.0,0.9918947815895081
929_class-64,guarded,4,4,False,0.9514828324317932,0.49635982513427734,0.9523923397064209,0.9989424347877502,1.0049841403961182,0.7432078889112498,0.9971762299537659
930_class-72,guarded,0,2,True,0.6896598935127258,0.6896598935127258,0.8191476464271545,0.9309170246124268,0.9382062554359436,1.0,0.8608733415603638
931_class-48,guarded,0,3,True,0.43012893199920654,0.43012893199920654,0.43012893199920654,0.9552685022354126,0.9882595539093018,1.0,0.8758543133735657
932_class-56,guarded,0,4,True,0.3734424114227295,0.3734424114227295,0.39854055643081665,0.9947994351387024,0.8925844430923462,1.0,0.9190518260002136
933_class-44,guarded,2,2,False,0.42313769459724426,0.40876513719558716,0.46352171897888184,0.996713399887085,1.0078891515731812,0.999118918472425,0.9910599589347839
934_class-68,guarded,3,3,False,0.41976305842399597,0.40753528475761414,0.44320300221443176,0.9872469902038574,0.9395773410797119,0.19508505943483523,0.882434070110321
935_class-44,guarded,0,3,True,0.42735832929611206,0.42735832929611206,0.45736974477767944,0.9932510256767273,0.9575304985046387,1.0,0.9373691082000732
936_class-12,guarded,0,2,True,0.3934692144393921,0.3934692144393921,0.583604097366333,0.9779771566390991,1.0075840950012207,1.0,0.989993155002594
937_class-72,guarded,0,1,True,0.42679187655448914,0.42679187655448914,0.4384118318557739,0.9932533502578735,0.8812422752380371,1.0,0.8180409669876099
938_class-4,guarded,0,0,False,0.9374052286148071,0.9374052286148071,0.9396785497665405,0.997929573059082,0.9942044019699097,1.0,0.9886570572853088
939_class-20,guarded,0,4,True,0.42805856466293335,0.42805856466293335,0.8714251518249512,0.9915127754211426,0.9612720012664795,1.0,0.8804959058761597
940_class-4,guarded,5,5,False,0.9445638656616211,0.6355592012405396,0.9445638656616211,0.9950963258743286,0.9971643686294556,0.0,0.9938023686408997
941_class-32,guarded,0,3,True,0.9551404714584351,0.9551404714584351,0.9608392715454102,0.9720397591590881,0.9805827140808105,1.0,0.9643059968948364
942_class-36,guarded,4,4,False,0.7686436176300049,0.39682596921920776,0.7686436176300049,0.9983420372009277,0.9684745073318481,0.0,0.9779700636863708
943_class-52,guarded,0,5,True,0.8077244758605957,0.8077244758605957,0.9198566675186157,0.9935244917869568,0.9843741655349731,1.0,0.9272999167442322
944_class-48,guarded,0,4,True,0.2461259514093399,0.2461259514093399,0.2661174237728119,0.9977306723594666,0.946296215057373,1.0,0.9030206799507141
945_class-36,guarded,0,4,True,0.4235062599182129,0.4235062599182129,0.5852301716804504,0.9989752769470215,0.906994104385376,1.0,0.9263694882392883
946_class-72,guarded,0,3,True,0.3916105031967163,0.3916105031967163,0.41002482175827026,0.9855998158454895,0.9595251083374023,1.0,0.954147458076477
947_class-64,guarded,4,4,False,0.27240023016929626,0.36392942070961,0.37512198090553284,0.9750502705574036,1.0047615766525269,0.49097483095416977,0.7891424298286438
948_class-28,guarded,3,3,False,0.4419642388820648,0.45391952991485596,0.48153725266456604,0.9915274381637573,0.9569456577301025,0.10643284762227494,0.9537291526794434
949_class-48,guarded,1,1,False,0.6705394983291626,0.666567325592041,0.6730799674987793,0.9920604228973389,0.9767537117004395,0.9837581209395302,0.9501594305038452
950_class-48,guarded,4,4,False,0.9801457524299622,0.9513828754425049,0.9801457524299622,0.9907655715942383,0.982991099357605,0.9982180728950303,0.977878749370575
951_class-0,guarded,0,0,False,0.5381109118461609,0.5381109118461609,0.5381109118461609,0.9849660992622375,0.9432544708251953,1.0,0.9385491013526917
952_class-4,guarded,0,4,True,0.9255975484848022,0.9255975484848022,0.9255975484848022,0.9914848804473877,0.9792392253875732,1.0,0.9640175700187683
953_class-36,guarded,0,0,False,0.5973628163337708,0.5973628163337708,0.788874089717865,0.9976245164871216,0.9900424480438232,1.0,0.9826090335845947
954_class-40,guarded,3,3,False,0.4382239282131195,0.3194583058357239,0.4382239282131195,0.9992369413375854,0.9526410102844238,0.2536791141364268,0.9598353505134583
955_class-48,guarded,3,3,False,0.9766733646392822,0.4902017116546631,0.9766733646392822,0.9928501844406128,1.0026159286499023,0.14373399369272122,0.9960524439811707
956_class-36,guarded,0,4,True,0.47821199893951416,0.47821199893951416,0.48262688517570496,0.990726113319397,0.7539389133453369,1.0,0.6755426526069641
957_class-28,guarded,2,2,False,0.5534479022026062,0.8332321643829346,0.8345599174499512,0.990483283996582,1.0026870965957642,0.9967490036398199,0.9741395711898804
958_class-44,guarded,2,2,False,0.41069379448890686,0.3344232738018036,0.41746217012405396,0.994455099105835,0.9898906350135803,0.28341728826957524,0.9913085699081421
959_class-24,guarded,0,0,False,0.4592991769313812,0.4592991769313812,0.47089943289756775,0.9978882670402527,0.9371961951255798,1.0,0.9711390137672424
960_class-4,guarded,0,2,True,0.4539828598499298,0.4539828598499298,0.4539828598499298,0.9966695308685303,1.0012626647949219,1.0,0.9951832890510559
961_class-68,guarded,1,1,False,0.4148138165473938,0.22999060153961182,0.4148138165473938,0.9696866869926453,0.9646778106689453,0.26510552823194056,0.9566987156867981
962_class-64,guarded,1,1,False,0.8294240236282349,0.6449313163757324,0.8928608298301697,0.998792290687561,0.9749757051467896,0.29036780471713675,0.9691921472549438
963_class-68,guarded,5,5,False,0.4827149212360382,0.4719015061855316,0.48637282848358154,0.9984350204467773,0.8130587339401245,0.017282153902128432,0.9202111959457397
964_class-24,guarded,3,3,False,0.43894320726394653,0.4389413595199585,0.4389655888080597,0.9980474710464478,1.0156432390213013,0.48017352645919975,0.9942101836204529
965_class-0,guarded,3,3,False,0.08208440989255905,0.1255236566066742,0.15615926682949066,0.9824231863021851,0.946901798248291,0.7547355769230769,0.8915093541145325
966_class-4,guarded,0,5,True,0.797222912311554,0.797222912311554,0.893422544002533,0.9638098478317261,0.988949179649353,1.0,0.9822875261306763
967_class-16,guarded,0,0,False,0.39899709820747375,0.39899709820747375,0.39899709820747375,0.9737712740898132,0.9654896259307861,1.0,0.852985680103302
968_class-36,guarded,3,3,False,0.8735923767089844,0.870725154876709,0.8735923767089844,0.9988113641738892,0.9871121644973755,0.972739073993942,0.9907997250556946
969_class-28,guarded,1,1,False,0.3587896227836609,0.3086479604244232,0.3587896227836609,0.996058464050293,0.9887673854827881,0.443613430090356,0.9905228018760681
970_class-8,guarded,0,5,True,0.7858356237411499,0.7858356237411499,0.7891685962677002,0.9841408729553223,0.9966118335723877,1.0,0.9893313050270081
971_class-20,guarded,0,0,False,0.7870234251022339,0.7870234251022339,0.9384809136390686,0.9936116933822632,1.0056713819503784,1.0,0.9905194640159607
972_class-12,guarded,0,0,False,0.8294808864593506,0.8294808864593506,0.8299737572669983,0.9977215528488159,1.006646990776062,1.0,0.9973370432853699
973_class-20,guarded,0,2,True,0.5818098783493042,0.5818098783493042,0.8829451203346252,0.9703440070152283,1.0063464641571045,1.0,0.9895560145378113
974_class-28,guarded,0,4,True,0.5494657754898071,0.5494657754898071,0.7490836381912231,0.9912489652633667,0.9336075782775879,1.0,0.7034889459609985
975_class-44,guarded,5,5,False,0.4664100110530853,0.47813650965690613,0.4864976704120636,0.9917827844619751,0.9793241024017334,0.1995816348423085,0.9626479148864746
976_class-32,guarded,2,2,False,0.4486069083213806,0.4341113865375519,0.4486069083213806,0.8705251216888428,0.9010584354400635,0.10398009950248756,0.822268009185791
977_class-12,guarded,0,2,True,0.6556051969528198,0.6556051969528198,0.982070803642273,0.9968404769897461,0.9654625654220581,1.0,0.9208186268806458
978_class-20,guarded,0,5,True,0.9449896812438965,0.9449896812438965,0.9449959993362427,0.9905120134353638,1.0128930807113647,1.0,0.9936700463294983
979_class-40,guarded,3,3,False,0.4269075095653534,0.5014528036117554,0.5014528036117554,0.99317866563797,0.9951883554458618,0.39063303453547354,0.9742447733879089
980_class-68,guarded,0,5,True,0.6032084822654724,0.6032084822654724,0.6032084822654724,0.995811939239502,0.8258494138717651,1.0,0.8291349411010742
981_class-12,guarded,4,4,False,0.4549667537212372,0.4681411385536194,0.47050023078918457,0.9903050065040588,0.9594665765762329,0.1924301379554298,0.9543330669403076
982_class-32,guarded,0,4,True,0.4076073467731476,0.4076073467731476,0.8139538764953613,0.9908409714698792,0.963566780090332,1.0,0.7651082277297974
983_class-52,guarded,4,4,False,0.4406557083129883,0.36984631419181824,0.4406557083129883,0.9962483644485474,0.9784715175628662,0.3410407806543072,0.9628010392189026
984_class-64,guarded,0,1,True,0.46438220143318176,0.46438220143318176,0.5821288228034973,0.9873974323272705,0.9241725206375122,1.0,0.8481881022453308
985_class-28,guarded,0,4,True,0.25337961316108704,0.25337961316108704,0.25432154536247253,0.9548222422599792,0.9785447120666504,1.0,0.9781557321548462
986_class-32,guarded,5,5,False,0.45278656482696533,0.4415706396102905,0.45278656482696533,0.9988279938697815,1.0102577209472656,0.5521756059573639,0.9975343942642212
987_class-20,guarded,0,3,True,0.9699300527572632,0.9699300527572632,0.9716833829879761,0.9631279706954956,1.008830189704895,1.0,0.9908380508422852
988_class-76,guarded,2,2,False,0.45046186447143555,0.8288611173629761,0.8288611173629761,0.9970085024833679,0.8495829105377197,0.34951456310679613,0.9228517413139343
989_class-20,guarded,0,5,True,0.7724477052688599,0.7724477052688599,0.9418541193008423,0.9946144819259644,0.952642560005188,1.0,0.9020663499832153
990_class-28,guarded,4,4,False,0.6510885953903198,0.8318650126457214,0.868268609046936,0.9880785942077637,0.9649041891098022,0.8436915536255563,0.9257673025131226
991_class-64,guarded,0,0,False,0.40856948494911194,0.40856948494911194,0.4958924651145935,0.9653888940811157,0.9943564534187317,1.0,0.9803695678710938
992_class-8,guarded,4,4,False,0.4253663122653961,0.7900098562240601,0.7900098562240601,0.9900641441345215,0.9304887056350708,0.03766374591181769,0.8983741998672485
993_class-20,guarded,0,4,True,0.8012890815734863,0.8012890815734863,0.9335046410560608,0.969048798084259,1.0120658874511719,1.0,0.9946515560150146
994_class-44,guarded,1,1,False,0.4811943769454956,0.46638578176498413,0.4864548146724701,0.9963815212249756,0.8760542869567871,0.09699537077474016,0.916245698928833
995_class-44,guarded,3,3,False,0.4750889241695404,0.47135254740715027,0.4750889241695404,0.9980400800704956,0.9471690654754639,0.037277129650011,0.9710692167282104
996_class-76,guarded,2,2,False,0.418913334608078,0.3407275676727295,0.4408979117870331,0.9947589635848999,0.9606359004974365,0.14428046042890577,0.948590099811554
997_class-60,guarded,2,2,False,0.22927264869213104,0.24676325917243958,0.6094843149185181,0.9911854267120361,0.9998154640197754,0.3238560342520739,0.9892718195915222
998_class-64,guarded,0,0,False,0.47845515608787537,0.47845515608787537,0.47845515608787537,0.9750445485115051,0.8840998411178589,1.0,0.8816633224487305
999_class-40,guarded,0,4,True,0.3928927183151245,0.3928927183151245,0.39322036504745483,0.9954875707626343,0.999147891998291,1.0,0.9899246692657471
