obj_name,iter_0,iter_1,iter_2,iter_3,iter_4,iter_5
0_class-18,0.5296974778175354,0.840896725654602,0.506026029586792,0.5057996511459351,0.9006061553955078,0.9024684429168701
1_class-18,0.9651116132736206,0.9428033828735352,0.9452210068702698,0.9417667984962463,0.9430997371673584,0.9434812068939209
2_class-16,0.9747456312179565,0.9117641448974609,0.9122008681297302,0.9083911776542664,0.9116877913475037,0.9121061563491821
3_class-19,0.2587883174419403,0.5854668617248535,0.5891025066375732,0.25494736433029175,0.25109195709228516,0.24062886834144592
4_class-17,0.9949768781661987,0.8233906626701355,0.9720841646194458,0.8242671489715576,0.9728289842605591,0.8235935568809509
5_class-19,0.7300295829772949,0.7849518060684204,0.7498194575309753,0.5912619829177856,0.7695391178131104,0.7898316383361816
6_class-18,0.8861896991729736,0.8583868145942688,0.8579554557800293,0.8577920794487,0.8596091270446777,0.8580513000488281
7_class-18,0.9631947875022888,0.9174480438232422,0.9365822076797485,0.6108400821685791,0.9326894283294678,0.9413785934448242
8_class-17,0.39767277240753174,0.30884668231010437,0.318133682012558,0.3839704990386963,0.3816281855106354,0.3834841549396515
9_class-16,0.9974004030227661,0.9680899381637573,0.9680236577987671,0.9682066440582275,0.9680286645889282,0.9681812524795532
10_class-17,0.34265124797821045,0.3241628110408783,0.36515891551971436,0.32458242774009705,0.36902791261672974,0.3363555073738098
11_class-16,0.9977532625198364,0.9359274506568909,0.9358744621276855,0.9359438419342041,0.5903759002685547,0.9359046816825867
12_class-17,0.40586841106414795,0.3962336480617523,0.4004710614681244,0.4037264585494995,0.4244774878025055,0.39815858006477356
13_class-19,0.4425918161869049,0.3502720892429352,0.3323996663093567,0.2514992952346802,0.24503059685230255,0.23445431888103485
14_class-15,0.4911367893218994,0.4900568723678589,0.4610111117362976,0.348241925239563,0.5268034934997559,0.5820016860961914
15_class-15,0.4282898008823395,0.4072502553462982,0.40254274010658264,0.40635162591934204,0.40717625617980957,0.4067949950695038
16_class-19,0.4492068886756897,0.4195356070995331,0.44518589973449707,0.4037473201751709,0.4299716651439667,0.4197276830673218
17_class-17,0.5880172252655029,0.5028926134109497,0.7309162616729736,0.7288708090782166,0.6731553077697754,0.6640396118164062
18_class-17,0.9887453317642212,0.9752718210220337,0.9712449312210083,0.9766583442687988,0.975239634513855,0.9767192602157593
19_class-17,0.5569796562194824,0.7284299731254578,0.267657071352005,0.8213009834289551,0.724658727645874,0.5373703837394714
20_class-16,0.7996790409088135,0.7203075289726257,0.5239078998565674,0.555335521697998,0.6890765428543091,0.40820807218551636
21_class-19,0.3828682005405426,0.5873918533325195,0.44162285327911377,0.6265391707420349,0.35879233479499817,0.4494793713092804
22_class-19,0.32278749346733093,0.32431548833847046,0.3311898708343506,0.30992189049720764,0.3363649845123291,0.3436681628227234
23_class-16,0.49699002504348755,0.8597658276557922,0.8407992124557495,0.8644812107086182,0.7686680555343628,0.6580476760864258
24_class-17,0.993027925491333,0.9465008974075317,0.9465655088424683,0.9464988112449646,0.9462984800338745,0.9464627504348755
25_class-19,0.3654872179031372,0.39698678255081177,0.36114251613616943,0.3482764959335327,0.3291400969028473,0.37971213459968567
26_class-19,0.4305739402770996,0.3988589942455292,0.38565149903297424,0.4019412696361542,0.38964954018592834,0.40444275736808777
27_class-19,0.6999264359474182,0.6902730464935303,0.973675549030304,0.9738496541976929,0.9756186008453369,0.7208549976348877
28_class-17,0.9707518815994263,0.9554919004440308,0.9520658254623413,0.9519206285476685,0.6699057221412659,0.9401388764381409
29_class-15,0.4217546582221985,0.22274303436279297,0.6025886535644531,0.42153897881507874,0.430065393447876,0.6283933520317078
30_class-15,0.4809768795967102,0.600774347782135,0.4274241328239441,0.6312485933303833,0.49408429861068726,0.5688731074333191
31_class-17,0.3211602568626404,0.2572872042655945,0.2573075592517853,0.25727981328964233,0.2573085129261017,0.25729480385780334
32_class-17,0.14318646490573883,0.1358577013015747,0.13477298617362976,0.13907866179943085,0.10408268868923187,0.14508593082427979
33_class-18,0.8874861001968384,0.8322256803512573,0.8420883417129517,0.837654709815979,0.8828493356704712,0.7849856615066528
34_class-16,0.8754622936248779,0.8426207304000854,0.9331560134887695,0.9336098432540894,0.8486082553863525,0.840076208114624
35_class-16,0.6295834183692932,0.6261647343635559,0.6262439489364624,0.7968403100967407,0.6009293794631958,0.6603362560272217
36_class-18,0.5128714442253113,0.48546937108039856,0.7427834272384644,0.3677869439125061,0.39352214336395264,0.367875874042511
37_class-17,0.832059919834137,0.7158647775650024,0.7179396748542786,0.75880366563797,0.7602474689483643,0.6973909139633179
38_class-19,0.8698128461837769,0.6563728451728821,0.6702711582183838,0.4666826128959656,0.7208024859428406,0.4541962146759033
39_class-17,0.21322080492973328,0.1842668205499649,0.8188642263412476,0.1663152575492859,0.16517435014247894,0.17387904226779938
40_class-15,0.3226975202560425,0.42717280983924866,0.45360031723976135,0.4151451587677002,0.40628767013549805,0.4536428451538086
41_class-18,0.9728831052780151,0.9409734010696411,0.940727710723877,0.9410727024078369,0.940986692905426,0.9407587051391602
42_class-15,0.38447728753089905,0.5982494354248047,0.7959646582603455,0.3677811026573181,0.7308307886123657,0.37221047282218933
43_class-17,0.36027827858924866,0.3778313100337982,0.4479628801345825,0.3758012652397156,0.42138272523880005,0.35573580861091614
44_class-18,0.6180697679519653,0.5896140933036804,0.4139235317707062,0.8215632438659668,0.5886897444725037,0.28278058767318726
45_class-16,0.3471406102180481,0.3433796465396881,0.3436722159385681,0.3284238576889038,0.34174543619155884,0.6594741940498352
46_class-18,0.9961659908294678,0.9314826726913452,0.9315381050109863,0.9315060377120972,0.93150794506073,0.9314669370651245
47_class-18,0.957720160484314,0.9316288828849792,0.9143296480178833,0.9313642978668213,0.9167115092277527,0.927991509437561
48_class-19,0.869333028793335,0.852249026298523,0.852888822555542,0.8075897693634033,0.9116843938827515,0.9112887978553772
49_class-19,0.39619702100753784,0.4024403989315033,0.46143245697021484,0.4025610685348511,0.4028516709804535,0.4040345847606659
50_class-15,0.35133597254753113,0.31987330317497253,0.3235868811607361,0.32248345017433167,0.3354134261608124,0.24027206003665924
51_class-18,0.6333199739456177,0.6219272017478943,0.9681475162506104,0.9680874347686768,0.6414559483528137,0.9679110050201416
52_class-18,0.958914041519165,0.9435930252075195,0.94178706407547,0.9420186877250671,0.9493501782417297,0.9421020746231079
53_class-19,0.42255899310112,0.3984135389328003,0.40447503328323364,0.3283698260784149,0.35465341806411743,0.40331730246543884
54_class-15,0.4408167004585266,0.4458949565887451,0.755568265914917,0.4630335867404938,0.42755740880966187,0.4614383578300476
55_class-18,0.9709295034408569,0.9265608787536621,0.9256057739257812,0.9247657060623169,0.9256957769393921,0.6867505311965942
56_class-15,0.4506209194660187,0.6269755959510803,0.4268109202384949,0.4151228666305542,0.2979769706726074,0.5462090969085693
57_class-16,0.5017490983009338,0.40468281507492065,0.30910974740982056,0.961768388748169,0.2666642367839813,0.4979900121688843
58_class-16,0.6778388023376465,0.3071676790714264,0.651296854019165,0.6052036285400391,0.662122905254364,0.6624746322631836
59_class-18,0.9113985300064087,0.8612086772918701,0.8624456524848938,0.8612567782402039,0.8612035512924194,0.8669896125793457
60_class-18,0.9575767517089844,0.9243963956832886,0.9218850135803223,0.9233814477920532,0.9236140251159668,0.9263033866882324
61_class-15,0.38136833906173706,0.39892256259918213,0.3592410683631897,0.35901185870170593,0.35928764939308167,0.35931748151779175
62_class-15,0.46405285596847534,0.757091760635376,0.44980525970458984,0.4484320282936096,0.44988492131233215,0.678335428237915
63_class-16,0.8661051392555237,0.9580535888671875,0.8417885899543762,0.5278416275978088,0.8415038585662842,0.9570428133010864
64_class-17,0.26265478134155273,0.25141075253486633,0.25182923674583435,0.2526453137397766,0.31497153639793396,0.31482332944869995
65_class-19,0.459830641746521,0.3503425419330597,0.35062918066978455,0.4550338089466095,0.34579890966415405,0.34682199358940125
66_class-17,0.6170375347137451,0.9234637022018433,0.6169040203094482,0.763026773929596,0.9225206971168518,0.576327383518219
67_class-16,0.24494634568691254,0.9021340608596802,0.9071296453475952,0.23132428526878357,0.2311360239982605,0.24451947212219238
68_class-18,0.9891010522842407,0.9307372570037842,0.9304543137550354,0.9309259057044983,0.9310570955276489,0.9313238263130188
69_class-18,0.990654706954956,0.5971043109893799,0.5973535180091858,0.5973753929138184,0.5971305966377258,0.5968897342681885
70_class-19,0.3435540795326233,0.3926747441291809,0.27758198976516724,0.3899631202220917,0.26410335302352905,0.24374616146087646
71_class-16,0.567115068435669,0.5997484922409058,0.9290282130241394,0.8722217082977295,0.7929487824440002,0.8532812595367432
72_class-18,0.9777137041091919,0.9497039318084717,0.9497634172439575,0.9499377012252808,0.9499194622039795,0.9497644901275635
73_class-18,0.9886980652809143,0.8649424314498901,0.945349931716919,0.5988696813583374,0.6701494455337524,0.7433961629867554
74_class-19,0.2745066285133362,0.2619231343269348,0.2627716660499573,0.3802028298377991,0.2563400864601135,0.45408546924591064
75_class-19,0.7538541555404663,0.9312078952789307,0.9376571774482727,0.5503292083740234,0.49950462579727173,0.9294207096099854
76_class-17,0.018214134499430656,0.05805664137005806,0.017749963328242302,0.01666928455233574,0.05850217863917351,0.050254929810762405
77_class-16,0.9921236038208008,0.9521991610527039,0.3954092860221863,0.9534957408905029,0.9550995230674744,0.9492807388305664
78_class-15,0.48657944798469543,0.48659569025039673,0.5851895809173584,0.5870997905731201,0.5851545333862305,0.6341884136199951
79_class-15,0.43603959679603577,0.367326021194458,0.39414504170417786,0.3869450092315674,0.3965982496738434,0.3896847367286682
80_class-18,0.9221576452255249,0.8850393891334534,0.8862329721450806,0.8871229887008667,0.8869715332984924,0.8872248530387878
81_class-17,0.6330030560493469,0.3954569399356842,0.349439799785614,0.3952879309654236,0.3690195381641388,0.38786908984184265
82_class-19,0.3175656795501709,0.30883651971817017,0.30917006731033325,0.2950219511985779,0.3088405132293701,0.30928835272789
83_class-17,0.02340707741677761,0.001970494631677866,0.47559475898742676,0.3479342758655548,0.48946231603622437,0.48906224966049194
84_class-18,0.9698125123977661,0.7670391201972961,0.9492856860160828,0.9100357294082642,0.9483602046966553,0.9483540058135986
85_class-19,0.1830662488937378,0.1787605881690979,0.17850476503372192,0.18088595569133759,0.1777561604976654,0.18496863543987274
86_class-17,0.40002527832984924,0.38823336362838745,0.40442511439323425,0.39460504055023193,0.37191155552864075,0.37931162118911743
87_class-15,0.42167097330093384,0.34897667169570923,0.31559744477272034,0.40680497884750366,0.3360254168510437,0.43268057703971863
88_class-17,0.45144420862197876,0.42539048194885254,0.3896438479423523,0.40936279296875,0.42630162835121155,0.422027587890625
89_class-17,0.718610405921936,0.6760767698287964,0.6755775213241577,0.7114487886428833,0.674805760383606,0.674913763999939
90_class-16,0.6680000424385071,0.39951273798942566,0.30875128507614136,0.21841788291931152,0.42823928594589233,0.344508558511734
91_class-15,0.44632259011268616,0.45921963453292847,0.43224433064460754,0.4685732126235962,0.41734665632247925,0.5393480658531189
92_class-19,0.9980327486991882,0.9376856684684753,0.944693386554718,0.9446507692337036,0.9448583126068115,0.9448134303092957
93_class-17,0.40336400270462036,0.26390108466148376,0.39812466502189636,0.41212260723114014,0.38823482394218445,0.25475063920021057
94_class-19,0.339923620223999,0.40964096784591675,0.4055730998516083,0.33557751774787903,0.388405442237854,0.39031916856765747
95_class-17,0.2578401565551758,0.24903219938278198,0.24895285069942474,0.24901442229747772,0.24891090393066406,0.2489566057920456
96_class-17,0.9425623416900635,0.8723241090774536,0.9164459109306335,0.9174381494522095,0.9180564284324646,0.8920646905899048
97_class-17,0.7317249774932861,0.4310333728790283,0.8451106548309326,0.43067362904548645,0.9153668880462646,0.9152278304100037
98_class-15,0.5903086066246033,0.5720349550247192,0.4897085130214691,0.5773871541023254,0.5046381950378418,0.5510978698730469
99_class-19,0.8479173183441162,0.9430401921272278,0.8091627359390259,0.9512579441070557,0.9433363080024719,0.7681697607040405
100_class-17,0.284759521484375,0.27638089656829834,0.276236891746521,0.4033985137939453,0.11510705202817917,0.47319963574409485
101_class-17,0.44392240047454834,0.4160021245479584,0.8287108540534973,0.8287713527679443,0.42630916833877563,0.41583698987960815
102_class-15,0.6650234460830688,0.8134008646011353,0.5907089114189148,0.7350866794586182,0.5871071815490723,0.5927720069885254
103_class-17,0.43406644463539124,0.9462489485740662,0.7966153025627136,0.755306601524353,0.667996883392334,0.9465870261192322
104_class-18,0.9899494647979736,0.9655529260635376,0.9653772115707397,0.9670524001121521,0.9653483629226685,0.9658156633377075
105_class-15,0.45763614773750305,0.44028860330581665,0.3380815386772156,0.4028792977333069,0.42889007925987244,0.3349541127681732
106_class-15,0.4345299005508423,0.3623318374156952,0.3313768804073334,0.3109149634838104,0.3889346420764923,0.29220739006996155
107_class-15,0.09060260653495789,0.43142059445381165,0.07126424461603165,0.4451614320278168,0.4384550154209137,0.4448949694633484
108_class-19,0.15391969680786133,0.15241533517837524,0.15205147862434387,0.15207910537719727,0.1522725522518158,0.1523992121219635
109_class-15,0.09080468863248825,0.5033595561981201,0.13128170371055603,0.17865458130836487,0.2660556733608246,0.2596516013145447
110_class-15,0.40150609612464905,0.41720765829086304,0.4366946816444397,0.4056122303009033,0.4057443141937256,0.39512723684310913
111_class-15,0.49925947189331055,0.4197472035884857,0.5034211874008179,0.38026994466781616,0.5174160003662109,0.7250338196754456
112_class-19,0.9918636679649353,0.30072149634361267,0.9621621370315552,0.6153688430786133,0.4580792188644409,0.9607951045036316
113_class-16,0.5831234455108643,0.40960678458213806,0.40959638357162476,0.6815125942230225,0.5278258323669434,0.5564491748809814
114_class-19,0.9869821071624756,0.8472172021865845,0.8489724397659302,0.846311628818512,0.9680954217910767,0.8491901159286499
115_class-18,0.4187510013580322,0.9489946365356445,0.9559699296951294,0.4369261562824249,0.46186530590057373,0.9478992223739624
116_class-17,0.36507415771484375,0.3825719654560089,0.3584583103656769,0.40698930621147156,0.39136219024658203,0.38163599371910095
117_class-19,0.7070510983467102,0.6934500932693481,0.642433226108551,0.6769495606422424,0.6799902319908142,0.5261498689651489
118_class-19,0.26578935980796814,0.22845245897769928,0.26448413729667664,0.2643642723560333,0.23718459904193878,0.26360294222831726
119_class-18,0.9323974847793579,0.9049034118652344,0.9091124534606934,0.5492534041404724,0.9153968095779419,0.8979487419128418
120_class-15,0.3795766830444336,0.33797386288642883,0.36812397837638855,0.3681314289569855,0.36823952198028564,0.36903518438339233
121_class-15,0.4139057397842407,0.38821321725845337,0.3415069282054901,0.39060309529304504,0.3778025209903717,0.366157203912735
122_class-17,0.14852988719940186,0.14057278633117676,0.1390761137008667,0.18181157112121582,0.14528174698352814,0.13417746126651764
123_class-17,0.2080153524875641,0.19592668116092682,0.21946363151073456,0.22904106974601746,0.2901366353034973,0.293326199054718
124_class-19,0.8877896666526794,0.8620348572731018,0.336372971534729,0.7174069881439209,0.8958247900009155,0.9473565816879272
125_class-17,0.5990931987762451,0.9834223985671997,0.9844365119934082,0.7445127964019775,0.7444306015968323,0.7444912195205688
126_class-18,0.9839692115783691,0.9661819934844971,0.9665191173553467,0.9675530195236206,0.9660053253173828,0.9663082361221313
127_class-19,0.37353405356407166,0.6638136506080627,0.7240240573883057,0.7669784426689148,0.42812201380729675,0.9520207643508911
128_class-18,0.8102274537086487,0.7838616967201233,0.7836850881576538,0.7836872339248657,0.5502685308456421,0.5500988960266113
129_class-16,0.8684055805206299,0.35143911838531494,0.3514780104160309,0.45207512378692627,0.35142311453819275,0.45207566022872925
130_class-15,0.5104840993881226,0.6236572265625,0.46081116795539856,0.6328589916229248,0.7293703556060791,0.7313086986541748
131_class-17,0.39568737149238586,0.7151263356208801,0.3710304796695709,0.3713211119174957,0.8474369049072266,0.3662818968296051
132_class-18,0.9855916500091553,0.9584113359451294,0.9588629007339478,0.9587380886077881,0.9582343101501465,0.9583666920661926
133_class-16,0.9943755865097046,0.9706484079360962,0.9705963134765625,0.9705613255500793,0.9706122279167175,0.9705893993377686
134_class-19,0.9460809230804443,0.970396876335144,0.5423321723937988,0.5310773849487305,0.27276283502578735,0.7423875331878662
135_class-16,0.45797640085220337,0.443340539932251,0.4433448314666748,0.44330430030822754,0.9461872577667236,0.4432491064071655
136_class-19,0.3588302731513977,0.36267349123954773,0.4646751582622528,0.3801020383834839,0.40969499945640564,0.3681314289569855
137_class-19,0.3503621816635132,0.3818356990814209,0.3260408043861389,0.405594140291214,0.36347752809524536,0.41570407152175903
138_class-15,0.22286267578601837,0.20510107278823853,0.2070363312959671,0.27054890990257263,0.198100283741951,0.15014716982841492
139_class-15,0.44524386525154114,0.4205794632434845,0.731162428855896,0.7281904220581055,0.7154120206832886,0.9427390694618225
140_class-19,0.568588137626648,0.9722462296485901,0.972196102142334,0.5570717453956604,0.5551466941833496,0.5567059516906738
141_class-19,0.9808007478713989,0.9596525430679321,0.9594587087631226,0.5843942165374756,0.9595849514007568,0.9596301317214966
142_class-19,0.4470873773097992,0.39664140343666077,0.40811070799827576,0.40359172224998474,0.26991724967956543,0.2678668797016144
143_class-18,0.2785746455192566,0.3090934753417969,0.2606116533279419,0.5714589953422546,0.5523528456687927,0.5305482745170593
144_class-16,0.9929276704788208,0.9315133690834045,0.9314849972724915,0.931458592414856,0.9315042495727539,0.93134605884552
145_class-15,0.29485854506492615,0.2767440378665924,0.33529654145240784,0.3416701853275299,0.30159300565719604,0.3557473421096802
146_class-18,0.9886065721511841,0.9618724584579468,0.9621540307998657,0.958236575126648,0.9623293876647949,0.9560827016830444
147_class-19,0.7724946141242981,0.7128348350524902,0.744098424911499,0.961824893951416,0.5572695732116699,0.8974569439888
148_class-16,0.6976626515388489,0.5077492594718933,0.7275372743606567,0.6583662033081055,0.7274629473686218,0.670714259147644
149_class-18,0.9239844679832458,0.9084303379058838,0.9093791842460632,0.9082655906677246,0.9087634682655334,0.9081724882125854
150_class-18,0.9906538724899292,0.9684801697731018,0.9686976671218872,0.9688655138015747,0.9685326218605042,0.9725802540779114
151_class-18,0.9036579132080078,0.8864618539810181,0.8860782980918884,0.8862419128417969,0.9482836127281189,0.6087608933448792
152_class-17,0.2672639489173889,0.2648726999759674,0.26489222049713135,0.26486894488334656,0.2649209797382355,0.26494818925857544
153_class-16,0.8022614121437073,0.7799965143203735,0.9579893350601196,0.7801167964935303,0.7800029516220093,0.7801079750061035
154_class-16,0.2981744110584259,0.2962254583835602,0.29622435569763184,0.39096954464912415,0.29456189274787903,0.2958250939846039
155_class-19,0.8419593572616577,0.627683699131012,0.45600295066833496,0.2793790400028229,0.2951301634311676,0.6279788017272949
156_class-16,0.6300066113471985,0.6459656357765198,0.7935161590576172,0.6093619465827942,0.6438930034637451,0.7722228765487671
157_class-16,0.9990298748016357,0.9545626044273376,0.9546048045158386,0.9545978903770447,0.9545348882675171,0.9545687437057495
158_class-19,0.45130521059036255,0.42921438813209534,0.5224549174308777,0.4325706958770752,0.5227876901626587,0.4001087248325348
159_class-17,0.3632471561431885,0.3795397877693176,0.34149742126464844,0.3596431612968445,0.38297581672668457,0.6770775318145752
160_class-18,0.9736189842224121,0.9251041412353516,0.9257080554962158,0.9242595434188843,0.9239967465400696,0.9247287511825562
161_class-15,0.9147945642471313,0.8462802171707153,0.8856649398803711,0.8518792390823364,0.8800722360610962,0.8698663711547852
162_class-18,0.5725962519645691,0.5864851474761963,0.7717803120613098,0.9381169080734253,0.8431593179702759,0.570898711681366
163_class-16,0.9991235733032227,0.6761000752449036,0.9790834188461304,0.9783545732498169,0.9790282845497131,0.6650310158729553
164_class-17,0.9986550807952881,0.9696815609931946,0.9361201524734497,0.9705405235290527,0.9704619646072388,0.9706707000732422
165_class-17,0.908678412437439,0.869358241558075,0.8834683895111084,0.5899022817611694,0.5961419939994812,0.8708462119102478
166_class-19,0.2880142629146576,0.28590622544288635,0.28581303358078003,0.28581303358078003,0.28590622544288635,0.3652741312980652
167_class-17,0.9401941299438477,0.8970476388931274,0.9802020788192749,0.9802865982055664,0.9802978038787842,0.9255775809288025
168_class-19,0.6368261575698853,0.3572688400745392,0.34275540709495544,0.29426154494285583,0.34624186158180237,0.27312836050987244
169_class-15,0.391525536775589,0.43991872668266296,0.36259010434150696,0.4527340531349182,0.4290328025817871,0.43437832593917847
170_class-17,0.3951621949672699,0.38297927379608154,0.3833678960800171,0.3195718228816986,0.36883920431137085,0.3791552782058716
171_class-17,0.9992244243621826,0.41622573137283325,0.41278186440467834,0.41626015305519104,0.7671189308166504,0.7659683227539062
172_class-15,0.34352022409439087,0.40982356667518616,0.42902982234954834,0.4879097044467926,0.4322330355644226,0.43034183979034424
173_class-19,0.4348776042461395,0.3928513824939728,0.34096410870552063,0.3355473279953003,0.43530362844467163,0.4008914828300476
174_class-18,0.4249112010002136,0.43673643469810486,0.46121034026145935,0.4784972667694092,0.47207745909690857,0.9559931755065918
175_class-16,0.6666317582130432,0.7393693923950195,0.837141215801239,0.8715236186981201,0.739983081817627,0.8365114331245422
176_class-19,0.39310893416404724,0.38650235533714294,0.40490174293518066,0.38661983609199524,0.38621658086776733,0.35492217540740967
177_class-18,0.819995641708374,0.9759231805801392,0.9760187864303589,0.9760589599609375,0.975797176361084,0.976081371307373
178_class-17,0.634635329246521,0.6135714054107666,0.6130597591400146,0.6131923198699951,0.6133043169975281,0.6135671138763428
179_class-18,0.9221938252449036,0.9309966564178467,0.9260275363922119,0.9329535961151123,0.932235598564148,0.9321557283401489
180_class-16,0.9909313917160034,0.949306845664978,0.9487953186035156,0.9454615116119385,0.9454493522644043,0.9487714171409607
181_class-18,0.9859341979026794,0.5127014517784119,0.9445377588272095,0.9502955079078674,0.9436682462692261,0.9423877596855164
182_class-18,0.9500657916069031,0.9130194187164307,0.9128965139389038,0.9136455059051514,0.9130255579948425,0.8803684711456299
183_class-19,0.7187304496765137,0.4329521954059601,0.500959038734436,0.4444311857223511,0.3848109245300293,0.4313676059246063
184_class-16,0.35123810172080994,0.5962289571762085,0.3584772050380707,0.5961974859237671,0.31805214285850525,0.5926889181137085
185_class-15,0.3168479800224304,0.30298587679862976,0.21195799112319946,0.3406558334827423,0.3205893635749817,0.20031462609767914
186_class-17,0.41695207357406616,0.4059867858886719,0.3287616968154907,0.3261214792728424,0.3246842920780182,0.31430622935295105
187_class-19,0.38785320520401,0.3755384683609009,0.3755525052547455,0.3755701184272766,0.37554284930229187,0.3763546347618103
188_class-15,0.31195923686027527,0.4171694815158844,0.6157512068748474,0.40267324447631836,0.4071389436721802,0.17340093851089478
189_class-17,0.4751426577568054,0.9437898397445679,0.42539528012275696,0.9448661804199219,0.9451901316642761,0.30063483119010925
190_class-16,0.9979051351547241,0.7171984314918518,0.9218107461929321,0.5451788902282715,0.7165837287902832,0.7170449495315552
191_class-15,0.6926863193511963,0.6780633926391602,0.6755000352859497,0.6738972067832947,0.6767332553863525,0.6596630215644836
192_class-17,0.5463495850563049,0.5356882810592651,0.5892000794410706,0.40259653329849243,0.3643292486667633,0.5599706172943115
193_class-16,0.996829628944397,0.9561315774917603,0.9562743902206421,0.9561469554901123,0.956168532371521,0.9561145901679993
194_class-16,0.31423574686050415,0.37536880373954773,0.3158884346485138,0.30076083540916443,0.3081836700439453,0.30912554264068604
195_class-19,0.5343355536460876,0.5686573386192322,0.6427521109580994,0.5404918789863586,0.5646219253540039,0.6520225405693054
196_class-18,0.8212499618530273,0.8329284191131592,0.9544641971588135,0.9560146927833557,0.9561108350753784,0.9560246467590332
197_class-18,0.9803407192230225,0.9262411594390869,0.9335569739341736,0.9260955452919006,0.9239581823348999,0.9292254447937012
198_class-18,0.9058753252029419,0.8752377033233643,0.8736109733581543,0.8733932971954346,0.8749074339866638,0.8738582134246826
199_class-17,0.6312386989593506,0.33630311489105225,0.22699345648288727,0.6135291457176208,0.5992159247398376,0.22700795531272888
200_class-19,0.2612650692462921,0.42233097553253174,0.6281380653381348,0.43192556500434875,0.5432636737823486,0.6287722587585449
201_class-17,0.1918586790561676,0.1884649693965912,0.18864451348781586,0.18842975795269012,0.1883825957775116,0.1886368691921234
202_class-15,0.9304541945457458,0.40066325664520264,0.4060887396335602,0.3648597300052643,0.39759278297424316,0.37854766845703125
203_class-19,0.9582947492599487,0.9729101061820984,0.9729465246200562,0.9352896213531494,0.9725656509399414,0.9721435308456421
204_class-18,0.9580368995666504,0.9176576733589172,0.9149096012115479,0.9168717861175537,0.9195865988731384,0.9183099865913391
205_class-15,0.2461758553981781,0.35813724994659424,0.2088085412979126,0.20929816365242004,0.35986730456352234,0.20889966189861298
206_class-17,0.19737666845321655,0.1680789589881897,0.16807767748832703,0.16932202875614166,0.16897329688072205,0.16972540318965912
207_class-19,0.18538805842399597,0.18414786458015442,0.18431201577186584,0.1831633597612381,0.18417710065841675,0.18420183658599854
208_class-15,0.9616159200668335,0.4390852153301239,0.4466792941093445,0.30008724331855774,0.5527511835098267,0.44958120584487915
209_class-18,0.9855155348777771,0.9548119306564331,0.9545855522155762,0.9387591481208801,0.9544048309326172,0.9547460079193115
210_class-17,0.8920581936836243,0.8308612108230591,0.9207049608230591,0.920687198638916,0.8307469487190247,0.9206849336624146
211_class-18,0.4125680923461914,0.4296577572822571,0.4063786268234253,0.45348241925239563,0.3981461524963379,0.42929980158805847
212_class-18,0.9699324369430542,0.9583635926246643,0.9583554863929749,0.9590659141540527,0.9466977119445801,0.9549089670181274
213_class-18,0.9968242645263672,0.9714462161064148,0.9731621742248535,0.9729905128479004,0.9729858636856079,0.9728171825408936
214_class-17,0.2639814019203186,0.25929221510887146,0.21669375896453857,0.2593556344509125,0.2591879665851593,0.2594134211540222
215_class-18,0.9916924238204956,0.9283448457717896,0.9218714237213135,0.9242553114891052,0.9214474558830261,0.9294933080673218
216_class-18,0.4554319381713867,0.4277367889881134,0.8058140277862549,0.8040959239006042,0.9397069215774536,0.8058258295059204
217_class-18,0.745102047920227,0.779488205909729,0.8104048371315002,0.6455845236778259,0.6433426141738892,0.6490755677223206
218_class-19,0.9980767965316772,0.5308995842933655,0.5307265520095825,0.5310409665107727,0.5308328866958618,0.5309866666793823
219_class-19,0.3906368315219879,0.36011767387390137,0.3823249042034149,0.36240750551223755,0.3827216625213623,0.3824462890625
220_class-15,0.608654260635376,0.5300476551055908,0.543541431427002,0.5734726786613464,0.4533170461654663,0.47330182790756226
221_class-17,0.9147194623947144,0.8730779886245728,0.8730124235153198,0.8730810880661011,0.8624404668807983,0.873018741607666
222_class-17,0.47324225306510925,0.5859788656234741,0.4597246050834656,0.4600970149040222,0.4602143466472626,0.46023988723754883
223_class-16,0.8097071647644043,0.7618876695632935,0.7591299414634705,0.7622978687286377,0.7621417045593262,0.6429776549339294
224_class-19,0.7003103494644165,0.661719560623169,0.9587048292160034,0.7333692312240601,0.6736412644386292,0.6933300495147705
225_class-17,0.2846890687942505,0.27174532413482666,0.26744940876960754,0.24517522752285004,0.2459905445575714,0.26708635687828064
226_class-19,0.6248313784599304,0.5342350602149963,0.5302757620811462,0.5004364252090454,0.4942913055419922,0.49549227952957153
227_class-18,0.8575611114501953,0.9288479089736938,0.9127976894378662,0.747677206993103,0.7453169226646423,0.714758574962616
228_class-17,0.5536760091781616,0.5479817390441895,0.5472196936607361,0.5472798347473145,0.5465549826622009,0.5450503826141357
229_class-17,0.4011196196079254,0.3957172632217407,0.3776055872440338,0.41516196727752686,0.3916977047920227,0.3775154650211334
230_class-18,0.9967924952507019,0.9499596357345581,0.9498271942138672,0.9500565528869629,0.9497319459915161,0.9495059251785278
231_class-17,0.9974074363708496,0.2358279526233673,0.22445537149906158,0.2712821066379547,0.23158538341522217,0.2712693512439728
232_class-17,0.23608480393886566,0.22606830298900604,0.21393845975399017,0.2117452174425125,0.2125547081232071,0.21439851820468903
233_class-18,0.4395701587200165,0.6217167377471924,0.6124431490898132,0.4874521493911743,0.6313585638999939,0.6283859610557556
234_class-18,0.9966153502464294,0.952850341796875,0.9524259567260742,0.8611456155776978,0.953021764755249,0.9533669948577881
235_class-17,0.8273288011550903,0.7242762446403503,0.7990254163742065,0.7308533191680908,0.7990734577178955,0.7991074323654175
236_class-19,0.37458232045173645,0.36198890209198,0.31822288036346436,0.3953549265861511,0.3953290581703186,0.3953438699245453
237_class-18,0.43131035566329956,0.4407171308994293,0.4164866805076599,0.41927605867385864,0.44081616401672363,0.41670235991477966
238_class-18,0.8340307474136353,0.9434826374053955,0.8054128885269165,0.8045218586921692,0.94449383020401,0.8045614957809448
239_class-17,0.36504101753234863,0.7309451103210449,0.3094024360179901,0.2674448788166046,0.30881452560424805,0.7229574918746948
240_class-17,0.3396625518798828,0.29328110814094543,0.29328083992004395,0.293293833732605,0.2932664752006531,0.2932801842689514
241_class-16,0.5281601548194885,0.007081430405378342,0.5058405995368958,0.00835756678134203,0.321459025144577,0.49983254075050354
242_class-19,0.7382885217666626,0.5151042342185974,0.5451227426528931,0.5063027739524841,0.5736249685287476,0.5332512855529785
243_class-15,0.9821823835372925,0.8863403797149658,0.8860174417495728,0.8862630128860474,0.8852686882019043,0.6956032514572144
244_class-15,0.9873287677764893,0.6200515031814575,0.7249087691307068,0.8068776726722717,0.7422395944595337,0.7173601984977722
245_class-19,0.4553322196006775,0.4475681185722351,0.45902904868125916,0.43943947553634644,0.40471088886260986,0.42931658029556274
246_class-18,0.6033152341842651,0.5284298658370972,0.490248441696167,0.35252252221107483,0.3361313045024872,0.5746971368789673
247_class-16,0.45596933364868164,0.30797654390335083,0.5092548727989197,0.7746155858039856,0.4964398145675659,0.3682894706726074
248_class-16,0.8818217515945435,0.7228469848632812,0.8191766142845154,0.8331369161605835,0.8505270481109619,0.7898118495941162
249_class-18,0.20183251798152924,0.2002895176410675,0.43939417600631714,0.1958853304386139,0.21487225592136383,0.208449587225914
250_class-17,0.8265233039855957,0.9463947415351868,0.9463088512420654,0.9466639161109924,0.9493095874786377,0.8402235507965088
251_class-18,0.829318642616272,0.9436996579170227,0.4795909523963928,0.3432510793209076,0.8087283372879028,0.6083934903144836
252_class-15,0.2564115822315216,0.12321489304304123,0.12100572884082794,0.13042475283145905,0.22677476704120636,0.1283847689628601
253_class-16,0.9980865716934204,0.9364949464797974,0.9364759922027588,0.9364967942237854,0.936680257320404,0.9364382028579712
254_class-17,0.7889785766601562,0.9457540512084961,0.9472297430038452,0.2986552119255066,0.7656891345977783,0.7636891603469849
255_class-19,0.2294529378414154,0.29128298163414,0.23640449345111847,0.6305388808250427,0.20871269702911377,0.23804987967014313
256_class-16,0.989361047744751,0.8839813470840454,0.8837027549743652,0.8840715885162354,0.8843091726303101,0.8838813304901123
257_class-16,0.9029960632324219,0.4903255105018616,0.8547358512878418,0.866341233253479,0.8545708656311035,0.8550008535385132
258_class-16,0.9488999843597412,0.7221972346305847,0.7218860983848572,0.9151296615600586,0.7221201658248901,0.7628934383392334
259_class-15,0.6224341988563538,0.4140509366989136,0.5697068572044373,0.7111766338348389,0.6141065955162048,0.5407023429870605
260_class-18,0.996761679649353,0.9370667338371277,0.9366563558578491,0.8502589464187622,0.9218672513961792,0.9371069073677063
261_class-19,0.6517823338508606,0.6884868741035461,0.688945472240448,0.6866976022720337,0.28042927384376526,0.4358498752117157
262_class-17,0.9294122457504272,0.8667268753051758,0.6048110127449036,0.8680835366249084,0.8672232627868652,0.8669745922088623
263_class-15,0.42607441544532776,0.3903461992740631,0.603043794631958,0.7429094910621643,0.6575337052345276,0.4579771161079407
264_class-15,0.43581321835517883,0.37678149342536926,0.5404449701309204,0.5666252374649048,0.5241226553916931,0.4531095623970032
265_class-18,0.9883230924606323,0.9611586332321167,0.9613817930221558,0.9614737033843994,0.9615498185157776,0.9608913064002991
266_class-17,0.5080519914627075,0.41123443841934204,0.39243173599243164,0.27880388498306274,0.4889281392097473,0.3002055883407593
267_class-16,0.7338827252388,0.6988199949264526,0.6991826891899109,0.6991626024246216,0.6991353034973145,0.6986163854598999
268_class-15,0.3869263827800751,0.29633331298828125,0.2964226305484772,0.29634618759155273,0.2708001732826233,0.29641038179397583
269_class-17,0.29865381121635437,0.6934020519256592,0.23725266754627228,0.6934834718704224,0.6936361789703369,0.21938766539096832
270_class-16,0.9008822441101074,0.9245012998580933,0.9253771305084229,0.9244300127029419,0.7714579105377197,0.7714610695838928
271_class-17,0.0002862182445824146,0.00029052613535895944,0.0002848801377695054,0.0002811024896800518,0.0002829853619914502,0.0002886410802602768
272_class-18,0.9661712050437927,0.9371489882469177,0.6929728984832764,0.9394785165786743,0.5622304677963257,0.751511812210083
273_class-19,0.19919432699680328,0.18618999421596527,0.6090808510780334,0.1867234706878662,0.1932114064693451,0.7593066692352295
274_class-17,0.4286308288574219,0.3687269985675812,0.3686864376068115,0.36857840418815613,0.368703693151474,0.3688451051712036
275_class-15,0.39274218678474426,0.3605234622955322,0.4956921339035034,0.18934153020381927,0.4058181643486023,0.19631490111351013
276_class-15,0.364594429731369,0.3564974367618561,0.35797980427742004,0.4869886338710785,0.5967289209365845,0.3579341173171997
277_class-18,0.29517239332199097,0.9667034149169922,0.16456586122512817,0.9674482941627502,0.6278303265571594,0.9649626016616821
278_class-16,0.9914551973342896,0.9416708946228027,0.9441838264465332,0.9391318559646606,0.9442847967147827,0.9388080835342407
279_class-17,0.45754754543304443,0.5145372748374939,0.40555524826049805,0.450815349817276,0.7289929389953613,0.6962758302688599
280_class-15,0.35931146144866943,0.34246760606765747,0.34509021043777466,0.3449718952178955,0.43470343947410583,0.41002923250198364
281_class-18,0.9893631935119629,0.9565744400024414,0.9571280479431152,0.9565854072570801,0.957125723361969,0.9571429491043091
282_class-18,0.4199879467487335,0.8520445823669434,0.851223349571228,0.40191808342933655,0.8515845537185669,0.8531166315078735
283_class-16,0.9157161712646484,0.6051923632621765,0.8567253351211548,0.6057289242744446,0.8405125737190247,0.6052429676055908
284_class-15,0.7935270071029663,0.6722291707992554,0.47940051555633545,0.6795870065689087,0.7728716135025024,0.7793862819671631
285_class-19,0.22080762684345245,0.2191775143146515,0.21918223798274994,0.21918024122714996,0.20155970752239227,0.2014905959367752
286_class-15,0.5812374353408813,0.6649994254112244,0.5341958403587341,0.3749220371246338,0.4344063997268677,0.8748105764389038
287_class-17,0.2704506814479828,0.2517920434474945,0.251348614692688,0.25172188878059387,0.25167033076286316,0.25184229016304016
288_class-17,0.5134444832801819,0.3249521255493164,0.32568082213401794,0.3253323435783386,0.3251155614852905,0.3248625099658966
289_class-15,0.7026886343955994,0.4930160939693451,0.44351527094841003,0.4685334861278534,0.4598342478275299,0.4520723819732666
290_class-19,0.4239153265953064,0.545861005783081,0.31726881861686707,0.24111086130142212,0.42076829075813293,0.5304962396621704
291_class-18,0.12874644994735718,0.3129735589027405,0.30053773522377014,0.30324792861938477,0.3937557339668274,0.13617730140686035
292_class-18,0.23402522504329681,0.29662925004959106,0.511303186416626,0.9582960605621338,0.9528911113739014,0.3143104612827301
293_class-17,0.39482754468917847,0.3907577693462372,0.3902282118797302,0.3465096354484558,0.3457108438014984,0.3462885022163391
294_class-15,0.9968010783195496,0.5689957141876221,0.823694109916687,0.6202408671379089,0.8193978071212769,0.32203423976898193
295_class-19,0.3238906264305115,0.3183501958847046,0.3192949593067169,0.3193471431732178,0.3190620243549347,0.4480755925178528
296_class-17,0.32479435205459595,0.3107566237449646,0.3106124997138977,0.31088387966156006,0.3105963170528412,0.21676793694496155
297_class-18,0.9894484281539917,0.926196813583374,0.9242240190505981,0.9270696640014648,0.584984540939331,0.9259995222091675
298_class-16,0.9774504899978638,0.9516078233718872,0.9454519748687744,0.9512882232666016,0.9517214298248291,0.9511997699737549
299_class-18,0.5114203691482544,0.7247560620307922,0.5050414800643921,0.9372506141662598,0.8772401809692383,0.8687412142753601
300_class-16,0.9070835113525391,0.6481221914291382,0.8754280805587769,0.6689714193344116,0.5644254684448242,0.8159762620925903
301_class-15,0.31617581844329834,0.14707084000110626,0.30030298233032227,0.30816707015037537,0.4711882472038269,0.3099766671657562
302_class-18,0.6327016353607178,0.809064507484436,0.6390867233276367,0.43752241134643555,0.37370339035987854,0.4322858154773712
303_class-17,0.2252044677734375,0.22284528613090515,0.2231791764497757,0.22332556545734406,0.31268563866615295,0.2193465679883957
304_class-18,0.5602098107337952,0.9073714017868042,0.7973132133483887,0.39372557401657104,0.6044172644615173,0.7603275775909424
305_class-17,0.9698675870895386,0.9299317598342896,0.9299769997596741,0.9299002885818481,0.9301158785820007,0.9299799203872681
306_class-17,0.9992380142211914,0.9787271022796631,0.9788967370986938,0.9799785614013672,0.9787465333938599,0.8607494235038757
307_class-18,0.7794877290725708,0.7356022596359253,0.7269905209541321,0.7297277450561523,0.7439814209938049,0.7427648305892944
308_class-18,0.1937037706375122,0.1899178922176361,0.1900831013917923,0.335733562707901,0.3018399775028229,0.1879030019044876
309_class-17,0.8465038537979126,0.42580828070640564,0.9427416324615479,0.9637405872344971,0.8508508205413818,0.9426878690719604
310_class-16,0.9746901392936707,0.8249778747558594,0.4515306055545807,0.8218940496444702,0.6225025653839111,0.8233993053436279
311_class-18,0.99947190284729,0.9697996377944946,0.9698084592819214,0.9698252081871033,0.5433341860771179,0.9697783589363098
312_class-15,0.40300261974334717,0.061965882778167725,0.05403786897659302,0.045172467827796936,0.0965069979429245,0.11227915436029434
313_class-17,0.9940040111541748,0.9636207818984985,0.963292121887207,0.9635685086250305,0.9642882347106934,0.7720147371292114
314_class-18,0.32560378313064575,0.22490793466567993,0.30193227529525757,0.3031993806362152,0.2949396073818207,0.22397767007350922
315_class-18,0.9531762599945068,0.9376850724220276,0.9540057182312012,0.9563552737236023,0.9553990364074707,0.9554345607757568
316_class-16,0.5170633792877197,0.5309441089630127,0.5031040906906128,0.5036188364028931,0.5031296014785767,0.5033546686172485
317_class-17,0.4402067959308624,0.39722150564193726,0.3914189338684082,0.41044437885284424,0.42099815607070923,0.3951646089553833
318_class-17,0.10311965644359589,0.00011643569450825453,0.00010145761916646734,0.00011831437586806715,0.0560649111866951,0.0014173926319926977
319_class-18,0.9939656257629395,0.9337444305419922,0.9307075142860413,0.9335309267044067,0.933403730392456,0.9262784123420715
320_class-17,0.35604727268218994,0.41331371665000916,0.34344252943992615,0.3434961140155792,0.3432249426841736,0.3715674877166748
321_class-15,0.4629622995853424,0.3648289740085602,0.4405898153781891,0.48662811517715454,0.44966810941696167,0.42995426058769226
322_class-17,0.2966439425945282,0.663657009601593,0.6648221015930176,0.6642333269119263,0.6663742065429688,0.664994478225708
323_class-19,0.48795437812805176,0.4627997577190399,0.4636729657649994,0.4629662334918976,0.4681730270385742,0.46837157011032104
324_class-17,0.41814982891082764,0.32136231660842896,0.674056887626648,0.23111020028591156,0.43968525528907776,0.6234850883483887
325_class-17,0.3741067051887512,0.3111828565597534,0.26254090666770935,0.313479483127594,0.2453555166721344,0.36047765612602234
326_class-15,0.7189700603485107,0.5802543759346008,0.5808530449867249,0.5508912801742554,0.4270837903022766,0.5947246551513672
327_class-19,0.4248284101486206,0.42053520679473877,0.42360466718673706,0.42134350538253784,0.42350542545318604,0.42641526460647583
328_class-17,0.5641950964927673,0.533690333366394,0.536579430103302,0.4479210078716278,0.39500531554222107,0.5022433400154114
329_class-19,0.17068281769752502,0.21941453218460083,0.29837554693222046,0.14019255340099335,0.3099060356616974,0.16187815368175507
330_class-16,0.9822852611541748,0.8927298784255981,0.8927163481712341,0.8927945494651794,0.8928165435791016,0.8928794264793396
331_class-18,0.966768741607666,0.23487097024917603,0.8875070214271545,0.8886094689369202,0.27529749274253845,0.2348833680152893
332_class-18,0.9921513795852661,0.9428974390029907,0.9421314001083374,0.942019522190094,0.9418387413024902,0.9413323402404785
333_class-17,0.3403407037258148,0.32366377115249634,0.14780965447425842,0.10148686915636063,0.2948877811431885,0.32395514845848083
334_class-19,0.6551012992858887,0.48941564559936523,0.931871235370636,0.9334889650344849,0.4870254397392273,0.9141942262649536
335_class-18,0.35620254278182983,0.34895673394203186,0.3517581820487976,0.3505842089653015,0.3435188829898834,0.3494226634502411
336_class-17,0.8373229503631592,0.7757419347763062,0.7806453704833984,0.7789971828460693,0.781194806098938,0.7791216373443604
337_class-19,0.4532410502433777,0.4346647560596466,0.43468207120895386,0.43488118052482605,0.5188488364219666,0.43263480067253113
338_class-17,0.43228960037231445,0.46490809321403503,0.38575243949890137,0.42779624462127686,0.43498650193214417,0.45551273226737976
339_class-19,0.995094895362854,0.9639623761177063,0.7693744897842407,0.9637318849563599,0.9759443998336792,0.8504067063331604
340_class-15,0.49547693133354187,0.5644673109054565,0.23597446084022522,0.6371731162071228,0.5169156789779663,0.5047751665115356
341_class-17,0.39053764939308167,0.37947288155555725,0.38758620619773865,0.38763484358787537,0.3873075246810913,0.4231630861759186
342_class-18,0.9282171726226807,0.8815982341766357,0.8822904825210571,0.8828002214431763,0.8815267086029053,0.8823162317276001
343_class-17,0.3381443917751312,0.33351314067840576,0.34381335973739624,0.33269137144088745,0.3380892872810364,0.29663318395614624
344_class-18,0.9985699653625488,0.8273688554763794,0.8401551842689514,0.8404613733291626,0.830744743347168,0.8397393226623535
345_class-17,0.08467669785022736,0.08025676012039185,0.07573231309652328,0.0809016227722168,0.08060526847839355,0.07502641528844833
346_class-18,0.5252894163131714,0.9074386358261108,0.5010688900947571,0.9075720906257629,0.9020307064056396,0.901032567024231
347_class-18,0.968982458114624,0.947446346282959,0.946985125541687,0.9526185989379883,0.9477759003639221,0.9478834867477417
348_class-16,0.9674280285835266,0.9073017835617065,0.9066121578216553,0.9064769744873047,0.9066723585128784,0.9092823266983032
349_class-19,0.245999276638031,0.5121021866798401,0.23802566528320312,0.5906416177749634,0.5241042971611023,0.24153821170330048
350_class-17,0.5809915065765381,0.3181563913822174,0.3538501262664795,0.62723708152771,0.3184968829154968,0.31814008951187134
351_class-19,0.7319469451904297,0.9231585264205933,0.9616998434066772,0.961868166923523,0.7698404788970947,0.9637808799743652
352_class-18,0.8852410316467285,0.858031690120697,0.8580081462860107,0.8581416606903076,0.8582075834274292,0.8580850958824158
353_class-18,0.9658641815185547,0.9375003576278687,0.8979700207710266,0.9396109580993652,0.936359167098999,0.9389517903327942
354_class-17,0.4440375864505768,0.4374375641345978,0.43670710921287537,0.4210118055343628,0.4372624158859253,0.4379977583885193
355_class-16,0.9970834851264954,0.9679878950119019,0.9680389165878296,0.9679116010665894,0.9679320454597473,0.9679777026176453
356_class-17,0.7197360396385193,0.6424562931060791,0.403028666973114,0.33558690547943115,0.4132153391838074,0.6874776482582092
357_class-16,0.5681407451629639,0.6112290620803833,0.6851189136505127,0.6769747734069824,0.6889832615852356,0.6771205067634583
358_class-17,0.9963315725326538,0.8721185326576233,0.8720646500587463,0.8728028535842896,0.8273876905441284,0.8719799518585205
359_class-19,0.3782802224159241,0.29987797141075134,0.34466537833213806,0.34375810623168945,0.34441500902175903,0.2996872365474701
360_class-15,0.5514702200889587,0.5356558561325073,0.5524908900260925,0.5716285705566406,0.4435464143753052,0.44275525212287903
361_class-15,0.3993200957775116,0.4177147448062897,0.38065966963768005,0.44588491320610046,0.4177940785884857,0.3801366090774536
362_class-19,0.4636348783969879,0.39618584513664246,0.40628132224082947,0.4327290952205658,0.3791390061378479,0.515430212020874
363_class-17,0.4519736170768738,0.45074328780174255,0.3992306888103485,0.38413986563682556,0.5435708165168762,0.4461958110332489
364_class-17,0.28704771399497986,0.288804292678833,0.28925856947898865,0.2877630591392517,0.3053310215473175,0.28930994868278503
365_class-17,0.9652580618858337,0.7240915298461914,0.7468407154083252,0.9323399066925049,0.7308377027511597,0.9327372908592224
366_class-16,0.42192572355270386,0.24339820444583893,0.3714706301689148,0.3515302538871765,0.23705291748046875,0.42080098390579224
367_class-19,0.4126437306404114,0.6666716933250427,0.6266672015190125,0.8071849346160889,0.6727158427238464,0.7135103940963745
368_class-19,0.4021243155002594,0.40963369607925415,0.38372930884361267,0.345909982919693,0.4211134910583496,0.378989040851593
369_class-16,0.26495322585105896,0.26028215885162354,0.26016485691070557,0.26017341017723083,0.2601669430732727,0.2601644992828369
370_class-17,0.17686885595321655,0.21589985489845276,0.16865870356559753,0.16861756145954132,0.16863197088241577,0.5527044534683228
371_class-19,0.23914015293121338,0.22711576521396637,0.31679630279541016,0.22779732942581177,0.22706808149814606,0.2274671494960785
372_class-19,0.43033456802368164,0.4026382863521576,0.4026302397251129,0.4027382433414459,0.391509473323822,0.40276145935058594
373_class-19,0.7336110472679138,0.9739562273025513,0.9741978049278259,0.9728665351867676,0.7287012934684753,0.9739739894866943
374_class-17,0.9652529954910278,0.5324892997741699,0.9558897018432617,0.9560226202011108,0.9563534259796143,0.8198902010917664
375_class-15,0.7019511461257935,0.6328110098838806,0.6918330192565918,0.6327192187309265,0.6327452063560486,0.6327787041664124
376_class-15,0.6059439182281494,0.44947755336761475,0.4800121486186981,0.43903765082359314,0.6125722527503967,0.5516441464424133
377_class-17,0.3614006042480469,0.42764222621917725,0.4277151823043823,0.42782750725746155,0.427825927734375,0.3250805735588074
378_class-17,0.6497936248779297,0.09987280517816544,0.637069582939148,0.3201378881931305,0.32849645614624023,0.6355476379394531
379_class-18,0.834052562713623,0.708055853843689,0.8127694129943848,0.7097693681716919,0.6723215579986572,0.7305654287338257
380_class-16,0.9766025543212891,0.9340819120407104,0.9342131018638611,0.9342827200889587,0.9340499043464661,0.9341560006141663
381_class-16,0.9779571294784546,0.6574549674987793,0.6574382185935974,0.9087443351745605,0.6574137806892395,0.657439649105072
382_class-18,0.8221040964126587,0.4498574137687683,0.5915331840515137,0.3889849781990051,0.746569037437439,0.38902127742767334
383_class-17,0.1347241997718811,0.16372358798980713,0.37258660793304443,0.8816474676132202,0.4625619053840637,0.2738794684410095
384_class-19,0.6397013068199158,0.6766244173049927,0.6666552424430847,0.664004921913147,0.5973970293998718,0.47731268405914307
385_class-17,0.4530121088027954,0.4120332896709442,0.4113718569278717,0.4121725857257843,0.41035616397857666,0.4072391390800476
386_class-15,0.4282597005367279,0.627760648727417,0.47496750950813293,0.45435208082199097,0.3525978922843933,0.46058154106140137
387_class-18,0.9728668928146362,0.9406914710998535,0.9406909942626953,0.9407719373703003,0.9407657384872437,0.940666675567627
388_class-15,0.8556116223335266,0.4184423089027405,0.805321216583252,0.39164406061172485,0.7948119640350342,0.6142112612724304
389_class-17,0.5806930661201477,0.9604372978210449,0.960300624370575,0.9605236649513245,0.960625946521759,0.9606121182441711
390_class-18,0.8249469995498657,0.5933594107627869,0.6199894547462463,0.5948842763900757,0.5962157249450684,0.5937459468841553
391_class-16,0.15887269377708435,0.15780887007713318,0.15783163905143738,0.157846137881279,0.15782849490642548,0.1578291803598404
392_class-18,0.996301531791687,0.9308267831802368,0.9306706786155701,0.9315917491912842,0.9316182136535645,0.9309247136116028
393_class-18,0.985634446144104,0.9319802522659302,0.9316095113754272,0.9320007562637329,0.9277567863464355,0.9308799505233765
394_class-19,0.6348799467086792,0.4172837734222412,0.8767796754837036,0.806199312210083,0.9216269850730896,0.5072860717773438
395_class-19,0.49408644437789917,0.4593365788459778,0.5217041373252869,0.3761408030986786,0.382389098405838,0.4807543158531189
396_class-15,0.3708697557449341,0.41984182596206665,0.39878684282302856,0.36931750178337097,0.40536224842071533,0.43632224202156067
397_class-18,0.9936118125915527,0.9685949683189392,0.9680182933807373,0.6229537725448608,0.9680981636047363,0.9680449962615967
398_class-18,0.7969518899917603,0.4358259439468384,0.45543861389160156,0.45234566926956177,0.4560609757900238,0.82368403673172
399_class-19,0.6357578635215759,0.47072815895080566,0.3041980266571045,0.45765694975852966,0.5488731265068054,0.44620636105537415
400_class-15,0.6273126602172852,0.7040183544158936,0.7401833534240723,0.7521665096282959,0.2078726887702942,0.2793360948562622
401_class-18,0.9618542790412903,0.925100564956665,0.9205825328826904,0.9251309633255005,0.9275007247924805,0.9249786138534546
402_class-15,0.4480594992637634,0.5290427207946777,0.34302374720573425,0.40725475549697876,0.4059465229511261,0.3605054020881653
403_class-16,0.5014630556106567,0.49813035130500793,0.4982670545578003,0.4979941248893738,0.4981834590435028,0.49804455041885376
404_class-16,0.3544309139251709,0.7023165225982666,0.5903759598731995,0.6964030265808105,0.7124028205871582,0.651028037071228
405_class-18,0.9073176383972168,0.8695676326751709,0.8694943189620972,0.8692207336425781,0.868874728679657,0.872198224067688
406_class-18,0.9586447477340698,0.9232200384140015,0.9239681959152222,0.924599289894104,0.9241281747817993,0.9245831370353699
407_class-15,0.38070130348205566,0.4149959981441498,0.1767416149377823,0.035785458981990814,0.3935093283653259,0.15854912996292114
408_class-15,0.3277095556259155,0.32429036498069763,0.32153192162513733,0.4273136258125305,0.3212010860443115,0.4049539864063263
409_class-16,0.8664180636405945,0.11210177838802338,0.11216902732849121,0.8411215543746948,0.11615313589572906,0.841472864151001
410_class-17,0.39406460523605347,0.3505444824695587,0.3501322269439697,0.353402704000473,0.37535515427589417,0.34983357787132263
411_class-19,0.2984851896762848,0.3020866811275482,0.34361907839775085,0.347567617893219,0.2980964481830597,0.34384065866470337
412_class-17,0.10168343037366867,0.1376132220029831,0.27364712953567505,0.13368470966815948,0.10038930922746658,0.10143406689167023
413_class-16,0.994803249835968,0.9070340394973755,0.9066968560218811,0.9072972536087036,0.9017279744148254,0.9016940593719482
414_class-18,0.9753535985946655,0.9206515550613403,0.4102846086025238,0.9192241430282593,0.9304730892181396,0.9306844472885132
415_class-18,0.9898409843444824,0.9597578644752502,0.9573149681091309,0.596585214138031,0.9582898020744324,0.5975244045257568
416_class-19,0.43611952662467957,0.43028202652931213,0.4285373389720917,0.40452679991722107,0.35410767793655396,0.4095831513404846
417_class-16,0.8954691886901855,0.4585774838924408,0.5591233372688293,0.729007363319397,0.8542162179946899,0.7282043695449829
418_class-18,0.9825242757797241,0.930962324142456,0.9501434564590454,0.9345697164535522,0.9444637298583984,0.9500089287757874
419_class-18,0.5535528659820557,0.819999098777771,0.45848122239112854,0.9450223445892334,0.41672196984291077,0.7757824659347534
420_class-19,0.47029417753219604,0.3882501721382141,0.3870818316936493,0.37552210688591003,0.4533786177635193,0.45369189977645874
421_class-19,0.8848485946655273,0.42749691009521484,0.6064282655715942,0.9341959953308105,0.9331947565078735,0.7528141736984253
422_class-17,0.14840590953826904,0.22150477766990662,0.22105953097343445,0.22084344923496246,0.22079098224639893,0.22056803107261658
423_class-16,0.7200758457183838,0.6955222487449646,0.6954962015151978,0.6951223611831665,0.6954939365386963,0.9522798657417297
424_class-15,0.34933406114578247,0.2837104797363281,0.338309109210968,0.3010835647583008,0.4713227450847626,0.400381475687027
425_class-15,0.5635170936584473,0.37829864025115967,0.5363085269927979,0.528356671333313,0.36660075187683105,0.4039098024368286
426_class-18,0.9261785745620728,0.9015032649040222,0.8868526816368103,0.8869624137878418,0.8849442601203918,0.8829020261764526
427_class-17,0.5517770051956177,0.6384888887405396,0.4112289845943451,0.42058342695236206,0.5374521017074585,0.4723273515701294
428_class-19,0.8049027919769287,0.7849339842796326,0.7822157144546509,0.788070797920227,0.7854441404342651,0.7826720476150513
429_class-17,0.49546313285827637,0.48902639746665955,0.16456270217895508,0.48878011107444763,0.48891979455947876,0.23291733860969543
430_class-18,0.9445127844810486,0.94788658618927,0.7717690467834473,0.9490273594856262,0.9478621482849121,0.9437696933746338
431_class-19,0.1856035590171814,0.17900699377059937,0.17894069850444794,0.1789768636226654,0.17905566096305847,0.17929984629154205
432_class-17,0.5776190161705017,0.48459774255752563,0.732317328453064,0.5257512927055359,0.6555827260017395,0.5047347545623779
433_class-15,0.4223281741142273,0.3317650258541107,0.4677874445915222,0.342854380607605,0.3057723045349121,0.3701683282852173
434_class-17,0.5665216445922852,0.6810078024864197,0.5780723690986633,0.5934702157974243,0.7286686897277832,0.7004712820053101
435_class-17,0.6836068630218506,0.9032561779022217,0.919288158416748,0.6432021856307983,0.921339750289917,0.46516674757003784
436_class-16,0.4463099539279938,0.8794816732406616,0.7730674743652344,0.8680540323257446,0.5297253131866455,0.6642086505889893
437_class-15,0.45428556203842163,0.4409816861152649,0.5119608640670776,0.3891963064670563,0.47201356291770935,0.5060867071151733
438_class-19,0.3017008304595947,0.2778088450431824,0.2769920825958252,0.3159538507461548,0.2867661118507385,0.30122724175453186
439_class-17,0.9961228966712952,0.1700718253850937,0.15999388694763184,0.13116490840911865,0.8917633295059204,0.7132735252380371
440_class-19,0.4490478038787842,0.42583826184272766,0.41905680298805237,0.4186338186264038,0.41865989565849304,0.4187679886817932
441_class-17,0.46638497710227966,0.42443645000457764,0.41006356477737427,0.42710602283477783,0.45415911078453064,0.49405771493911743
442_class-17,0.5253980755805969,0.8497614860534668,0.4491451382637024,0.48534268140792847,0.5142883062362671,0.5117108821868896
443_class-17,0.9662755727767944,0.9123960137367249,0.9122461080551147,0.9122812747955322,0.9294655323028564,0.778454065322876
444_class-15,0.4531610906124115,0.08706939965486526,0.36124157905578613,0.28084680438041687,0.410824179649353,0.37784022092819214
445_class-19,0.7089477777481079,0.9189206957817078,0.6625351309776306,0.6773849725723267,0.7430095076560974,0.6871365308761597
446_class-17,0.5041829347610474,0.7359493374824524,0.4658353328704834,0.4730777144432068,0.10681812465190887,0.258668452501297
447_class-17,0.44039055705070496,0.4234917163848877,0.41628754138946533,0.8287179470062256,0.41636693477630615,0.41774940490722656
448_class-15,0.5346188545227051,0.43247631192207336,0.5656751394271851,0.706015944480896,0.608604371547699,0.5826390385627747
449_class-17,0.6223099231719971,0.7464500069618225,0.7461588382720947,0.7466158866882324,0.8503659963607788,0.8501231074333191
450_class-18,0.989812970161438,0.967171847820282,0.8150757551193237,0.9659164547920227,0.9293915033340454,0.9664857387542725
451_class-15,0.4539150297641754,0.39464905858039856,0.4014936089515686,0.42700886726379395,0.5978966355323792,0.3502572774887085
452_class-15,0.13568991422653198,0.28531262278556824,0.2854190468788147,0.1955767273902893,0.3317505717277527,0.2847815155982971
453_class-15,0.10621663182973862,0.10481565445661545,0.10539061576128006,0.10697932541370392,0.10689040273427963,0.1878742128610611
454_class-19,0.15381772816181183,0.13048231601715088,0.1522403061389923,0.15220116078853607,0.1376587152481079,0.1321209818124771
455_class-15,0.3483355641365051,0.38560718297958374,0.3140861988067627,0.268185019493103,0.2551891505718231,0.2682564854621887
456_class-15,0.4085061848163605,0.38986217975616455,0.3933762013912201,0.3990122377872467,0.4048580825328827,0.4180990159511566
457_class-15,0.6648108959197998,0.6309531331062317,0.8604876399040222,0.6318005919456482,0.6318113207817078,0.6317601203918457
458_class-19,0.897007167339325,0.6482239365577698,0.9656314849853516,0.9661000967025757,0.6413983106613159,0.9604971408843994
459_class-16,0.9985440373420715,0.7423417568206787,0.7431446313858032,0.7418085932731628,0.7434954643249512,0.9182698726654053
460_class-19,0.9865156412124634,0.838925838470459,0.9678186178207397,0.9681359529495239,0.8429660201072693,0.9680799245834351
461_class-18,0.7247146368026733,0.7853065133094788,0.7851963043212891,0.7147870659828186,0.7148013114929199,0.714848518371582
462_class-17,0.518744707107544,0.4048568904399872,0.4070042073726654,0.3647213876247406,0.35753950476646423,0.37802255153656006
463_class-19,0.7241418957710266,0.6943632960319519,0.822293758392334,0.7277365922927856,0.6663809418678284,0.407462477684021
464_class-19,0.2661723792552948,0.26426827907562256,0.2642604112625122,0.2642141878604889,0.26483938097953796,0.2641640901565552
465_class-18,0.9219952821731567,0.9104140996932983,0.8976540565490723,0.8987326622009277,0.8486632704734802,0.9001786708831787
466_class-15,0.35045987367630005,0.4761624336242676,0.33884409070014954,0.3809354305267334,0.33871737122535706,0.373020201921463
467_class-15,0.3007614314556122,0.382565438747406,0.4030584394931793,0.3929571211338043,0.146507129073143,0.47164279222488403
468_class-17,0.5363211631774902,0.5219132900238037,0.7752306461334229,0.5235130786895752,0.5412224531173706,0.7753604054450989
469_class-17,0.4072066843509674,0.3854788541793823,0.7152438163757324,0.6991517543792725,0.9322768449783325,0.4803701639175415
470_class-19,0.556765615940094,0.6818203926086426,0.5300782918930054,0.8683449625968933,0.6681588888168335,0.49318087100982666
471_class-17,0.2534955143928528,0.07326304912567139,0.25142601132392883,0.2513965368270874,0.25116896629333496,0.25113043189048767
472_class-18,0.986123263835907,0.9651132822036743,0.968609094619751,0.9666746258735657,0.8890275359153748,0.9657453298568726
473_class-19,0.45052918791770935,0.7500870227813721,0.9577083587646484,0.740233302116394,0.509138822555542,0.7487798929214478
474_class-18,0.7238043546676636,0.5502870678901672,0.7830694913864136,0.9614766836166382,0.6992165446281433,0.9612460732460022
475_class-16,0.9168840646743774,0.8005855083465576,0.9091877937316895,0.8061428070068359,0.8964594006538391,0.5913769006729126
476_class-15,0.39935287833213806,0.6138157248497009,0.55848628282547,0.5835624933242798,0.42744261026382446,0.6109687089920044
477_class-17,0.9945440292358398,0.5645924210548401,0.5578713417053223,0.5640745162963867,0.5662263035774231,0.5684537291526794
478_class-18,0.9858078956604004,0.9582511186599731,0.9584423303604126,0.9583394527435303,0.958204448223114,0.9583360552787781
479_class-16,0.9943892955780029,0.9705251455307007,0.9705373644828796,0.9706155061721802,0.9706255197525024,0.9705591201782227
480_class-19,0.8217825293540955,0.9701050519943237,0.9654397964477539,0.9837299585342407,0.9653978943824768,0.8650252223014832
481_class-16,0.4579664468765259,0.4432278871536255,0.44325393438339233,0.44323134422302246,0.4431867003440857,0.41479092836380005
482_class-19,0.3416300415992737,0.4112248718738556,0.41136088967323303,0.4113459885120392,0.4113161563873291,0.4112304449081421
483_class-19,0.3856794834136963,0.14226190745830536,0.3492313325405121,0.1868496984243393,0.36135417222976685,0.40315917134284973
484_class-15,0.8453648090362549,0.21392594277858734,0.29581505060195923,0.6000769138336182,0.4293479919433594,0.635588526725769
485_class-15,0.8639988899230957,0.8325272798538208,0.8324266672134399,0.8321093320846558,0.8320392966270447,0.8325409889221191
486_class-19,0.9987636804580688,0.9725689888000488,0.9720485210418701,0.9721050262451172,0.9720228910446167,0.9720132350921631
487_class-19,0.6535124778747559,0.39949992299079895,0.6423946619033813,0.6422554850578308,0.6427478790283203,0.6424137353897095
488_class-19,0.4192349910736084,0.4049277901649475,0.29425615072250366,0.4081142544746399,0.2925684452056885,0.32662880420684814
489_class-18,0.9960833191871643,0.9583489894866943,0.9614882469177246,0.5553801655769348,0.9367953538894653,0.32138916850090027
490_class-16,0.9926577806472778,0.9313572645187378,0.9314461946487427,0.9313410520553589,0.9313561916351318,0.931411623954773
491_class-15,0.7037643194198608,0.5822027921676636,0.2891693711280823,0.5768416523933411,0.6279187798500061,0.36027786135673523
492_class-18,0.9928793907165527,0.9563500881195068,0.9623058438301086,0.9603902697563171,0.95754075050354,0.9621158242225647
493_class-19,0.4460327625274658,0.3542228937149048,0.5164494514465332,0.35072895884513855,0.350902259349823,0.295126736164093
494_class-16,0.7649021744728088,0.6862000823020935,0.728242039680481,0.7275619506835938,0.7276425361633301,0.7279598712921143
495_class-18,0.9232232570648193,0.9083453416824341,0.908622145652771,0.9077153205871582,0.9080570936203003,0.9079996347427368
496_class-18,0.9904466867446899,0.9727246761322021,0.9726401567459106,0.9725762605667114,0.9688260555267334,0.9726196527481079
497_class-18,0.8138604760169983,0.95402592420578,0.5355087518692017,0.9502045512199402,0.9543246030807495,0.5301806926727295
498_class-17,0.9988166689872742,0.029631923884153366,0.2700725495815277,0.9662235975265503,0.4121989607810974,0.9641618728637695
499_class-16,0.8019200563430786,0.9576081037521362,0.9580838680267334,0.7798430919647217,0.7796003818511963,0.7795687317848206
500_class-16,0.39572858810424805,0.42277511954307556,0.4235917925834656,0.39063841104507446,0.29377123713493347,0.39075541496276855
501_class-19,0.5876868367195129,0.45020055770874023,0.7211185693740845,0.5683002471923828,0.5682234764099121,0.5669688582420349
502_class-16,0.9968411326408386,0.6086640357971191,0.9437057971954346,0.9437181949615479,0.9432331919670105,0.7925072908401489
503_class-16,0.999017596244812,0.9545824527740479,0.9546185731887817,0.9545626044273376,0.9545748829841614,0.9544398784637451
504_class-19,0.3516252338886261,0.39152097702026367,0.4489624500274658,0.4011620581150055,0.38598522543907166,0.4016949236392975
505_class-17,0.2518772780895233,0.2429397702217102,0.24843786656856537,0.248465895652771,0.2428276538848877,0.24843135476112366
506_class-18,0.9747815132141113,0.9252365827560425,0.9248799085617065,0.924170196056366,0.9259324073791504,0.9259009957313538
507_class-15,0.9223467111587524,0.8595961332321167,0.27022141218185425,0.39613574743270874,0.8658686876296997,0.8476418256759644
508_class-18,0.7539143562316895,0.626550555229187,0.8103112578392029,0.6151831746101379,0.610378623008728,0.5465101003646851
509_class-16,0.9991235733032227,0.9790282845497131,0.979101836681366,0.6638895869255066,0.9790282845497131,0.9790099263191223
510_class-17,0.7136284112930298,0.9716718196868896,0.17818543314933777,0.8465709686279297,0.6841398477554321,0.9698641300201416
511_class-17,0.29687750339508057,0.2900697886943817,0.2889239490032196,0.29015177488327026,0.2883707880973816,0.346990704536438
512_class-19,0.44195759296417236,0.4245017170906067,0.3924005925655365,0.38933899998664856,0.43034353852272034,0.4387717843055725
513_class-17,0.8375673294067383,0.8215570449829102,0.844793438911438,0.6807957887649536,0.749749481678009,0.7396335005760193
514_class-19,0.9345309138298035,0.85568767786026,0.8092909455299377,0.9085707664489746,0.9258092641830444,0.36201226711273193
515_class-15,0.3521655797958374,0.4558511972427368,0.36303481459617615,0.3639591336250305,0.36482277512550354,0.6634219288825989
516_class-17,0.3942021429538727,0.6641286611557007,0.4082203805446625,0.45952698588371277,0.3194306790828705,0.3745410442352295
517_class-17,0.9988869428634644,0.7661067247390747,0.8040623664855957,0.7520675659179688,0.9202553033828735,0.920036256313324
518_class-15,0.8569138050079346,0.9389317035675049,0.7861998081207275,0.9178900718688965,0.9319134950637817,0.8824530839920044
519_class-19,0.41985636949539185,0.4388333857059479,0.4195008873939514,0.42210787534713745,0.4102974534034729,0.4095449447631836
520_class-18,0.423206090927124,0.49565795063972473,0.45300209522247314,0.9544064998626709,0.9545508623123169,0.9555977582931519
521_class-16,0.8595628142356873,0.7392330765724182,0.7398478388786316,0.7393694519996643,0.7394258975982666,0.8576464056968689
522_class-19,0.4298396706581116,0.3519960641860962,0.3861587345600128,0.3863653540611267,0.357534795999527,0.378329873085022
523_class-18,0.9957867860794067,0.9760488271713257,0.9760932922363281,0.9128236174583435,0.9760134816169739,0.9759937524795532
524_class-17,0.3122457265853882,0.944354772567749,0.22308114171028137,0.2637353241443634,0.5022503733634949,0.9535324573516846
525_class-18,0.9814474582672119,0.568656861782074,0.9318726062774658,0.5670038461685181,0.5649260878562927,0.5545526146888733
526_class-16,0.9983993172645569,0.9487374424934387,0.9487820267677307,0.9488550424575806,0.9488503932952881,0.9488774538040161
527_class-18,0.27456268668174744,0.2796133756637573,0.27317240834236145,0.27348387241363525,0.27274489402770996,0.2725091874599457
528_class-18,0.9510851502418518,0.9142594337463379,0.9132760167121887,0.9206875562667847,0.9126940369606018,0.9126129150390625
529_class-19,0.4653911888599396,0.7654533386230469,0.4967973530292511,0.571423351764679,0.5322609543800354,0.6472748517990112
530_class-16,0.6100056767463684,0.5594347715377808,0.8235990405082703,0.7587647438049316,0.5571892261505127,0.7947952151298523
531_class-15,0.4826785922050476,0.3607912063598633,0.7418617606163025,0.3370211720466614,0.2927320897579193,0.34134921431541443
532_class-17,0.353370726108551,0.32668113708496094,0.3469223380088806,0.3384760618209839,0.29822733998298645,0.31513381004333496
533_class-19,0.4562915861606598,0.3407508134841919,0.41961032152175903,0.4399365782737732,0.42227280139923096,0.4410462975502014
534_class-15,0.6283432841300964,0.13127610087394714,0.6719213128089905,0.16103658080101013,0.11917413771152496,0.10073845088481903
535_class-17,0.3754722476005554,0.3783770799636841,0.37989935278892517,0.3784995675086975,0.37840160727500916,0.37849679589271545
536_class-16,0.7081769704818726,0.5454382300376892,0.6067299842834473,0.6870139837265015,0.7169438600540161,0.7166996598243713
537_class-15,0.3967094123363495,0.37041744589805603,0.3953971862792969,0.3724100887775421,0.348864883184433,0.3898589611053467
538_class-17,0.6707379221916199,0.49836423993110657,0.5219322443008423,0.5079944729804993,0.8323904275894165,0.4018705189228058
539_class-16,0.7405314445495605,0.7288805246353149,0.6236905455589294,0.6134191751480103,0.7189180850982666,0.7214313745498657
540_class-16,0.3933255970478058,0.28182926774024963,0.3939279317855835,0.3832458555698395,0.5172106027603149,0.3844725489616394
541_class-19,0.5882117748260498,0.39150428771972656,0.38015496730804443,0.44047921895980835,0.6638509035110474,0.5938160419464111
542_class-18,0.9865775108337402,0.9026804566383362,0.9564507007598877,0.8320969343185425,0.9509786367416382,0.833065390586853
543_class-18,0.9697941541671753,0.9282405376434326,0.9265408515930176,0.9264034032821655,0.9276867508888245,0.9271751642227173
544_class-18,0.9036293029785156,0.8735495805740356,0.8735694885253906,0.8750962615013123,0.875106692314148,0.8738685846328735
545_class-17,0.3847959041595459,0.4963844418525696,0.32436978816986084,0.4973318576812744,0.4033767580986023,0.3222472369670868
546_class-19,0.4325546324253082,0.3742729723453522,0.3223659098148346,0.36911049485206604,0.5131145119667053,0.7252651453018188
547_class-17,0.19160033762454987,0.18839363753795624,0.18850719928741455,0.18864722549915314,0.18841388821601868,0.1885778307914734
548_class-15,0.4310306906700134,0.3757534623146057,0.3902586102485657,0.38669028878211975,0.3464980125427246,0.3687538504600525
549_class-19,0.9980096220970154,0.9353435039520264,0.9346639513969421,0.9346907138824463,0.9731312990188599,0.9732410311698914
550_class-18,0.9550566673278809,0.9140475988388062,0.9151304364204407,0.9156420230865479,0.9151004552841187,0.9154466986656189
551_class-15,0.44556179642677307,0.37386882305145264,0.3751295208930969,0.4167386591434479,0.38424667716026306,0.3531472086906433
552_class-17,0.9439389109611511,0.8373041152954102,0.8823956847190857,0.7894406914710999,0.8229169845581055,0.825722336769104
553_class-19,0.4403343200683594,0.07267813384532928,0.4183599054813385,0.4678364098072052,0.14281795918941498,0.4809077978134155
554_class-15,0.8600946664810181,0.6982350945472717,0.7499114274978638,0.4931819438934326,0.5571157932281494,0.6324502825737
555_class-18,0.9849140644073486,0.9544658660888672,0.954816460609436,0.954984188079834,0.9547696709632874,0.9552183747291565
556_class-17,0.8906163573265076,0.9206420183181763,0.8341716527938843,0.8306467533111572,0.8308391571044922,0.8308398723602295
557_class-18,0.4379631578922272,0.16170716285705566,0.4258776903152466,0.4074417054653168,0.40735501050949097,0.4245261549949646
558_class-18,0.9878510236740112,0.9456024169921875,0.9587466716766357,0.9447239637374878,0.9589078426361084,0.9564388990402222
559_class-18,0.9945546388626099,0.9732947945594788,0.9733223915100098,0.9731532335281372,0.9715793132781982,0.9716640710830688
560_class-17,0.41806817054748535,0.6262035965919495,0.6502615213394165,0.3210347294807434,0.32209524512290955,0.6626281142234802
561_class-18,0.9925888180732727,0.9244480729103088,0.7934787273406982,0.9237295389175415,0.9237452745437622,0.92405766248703
562_class-18,0.6223272085189819,0.8047628402709961,0.804574728012085,0.8046773672103882,0.8045461177825928,0.8047147989273071
563_class-18,0.7431044578552246,0.6460902690887451,0.7183182835578918,0.8180211782455444,0.6448528170585632,0.7715368866920471
564_class-19,0.9981942176818848,0.531068742275238,0.5308716297149658,0.5310890674591064,0.5308816432952881,0.5308328866958618
565_class-19,0.3105603754520416,0.3622021973133087,0.3962209224700928,0.40490469336509705,0.39357510209083557,0.37566837668418884
566_class-15,0.5569947361946106,0.45121413469314575,0.51252681016922,0.5462666153907776,0.41346436738967896,0.4937764108181
567_class-17,0.8509399890899658,0.8007659912109375,0.7898381352424622,0.7890890836715698,0.798294723033905,0.6786243915557861
568_class-17,0.7507805824279785,0.6885792016983032,0.5857143402099609,0.9259611964225769,0.6582506895065308,0.34598347544670105
569_class-16,0.8730555176734924,0.12041932344436646,0.11393570154905319,0.5553644299507141,0.11619210988283157,0.11571337282657623
570_class-19,0.44878634810447693,0.4052898585796356,0.3825778663158417,0.3786638081073761,0.4032624661922455,0.437717080116272
571_class-17,0.3671259880065918,0.3501088321208954,0.3561781048774719,0.2654280960559845,0.3501773476600647,0.3129774332046509
572_class-19,0.7556573152542114,0.5296640992164612,0.68703293800354,0.5233831405639648,0.4151187539100647,0.545566201210022
573_class-18,0.9070197343826294,0.9272791743278503,0.8717787265777588,0.9225687384605408,0.8625519275665283,0.924349844455719
574_class-17,0.95664381980896,0.9438686966896057,0.9440501928329468,0.944772481918335,0.9527559280395508,0.9430736899375916
575_class-17,0.42355167865753174,0.3658149242401123,0.3656243681907654,0.3650696277618408,0.3921332359313965,0.42344504594802856
576_class-18,0.9968522787094116,0.9495837688446045,0.9498874545097351,0.9492573738098145,0.9498012065887451,0.9491829872131348
577_class-17,0.9968372583389282,0.9719200134277344,0.9719769358634949,0.9719475507736206,0.9723127484321594,0.9720402359962463
578_class-17,0.32303139567375183,0.20839157700538635,0.36689820885658264,0.2866849899291992,0.3671357035636902,0.2956313192844391
579_class-18,0.5628594160079956,0.33985304832458496,0.32147330045700073,0.3210950195789337,0.2818830907344818,0.40666693449020386
580_class-18,0.2849753499031067,0.4047778844833374,0.35560914874076843,0.2796417772769928,0.6406095027923584,0.28477799892425537
581_class-17,0.704187273979187,0.8786082863807678,0.6775928735733032,0.8781307935714722,0.6772494316101074,0.8835859894752502
582_class-19,0.598507285118103,0.5468892455101013,0.6197721362113953,0.5553781390190125,0.7596319913864136,0.571546733379364
583_class-18,0.42048564553260803,0.3514332175254822,0.4268137812614441,0.3883177638053894,0.40797439217567444,0.43187931180000305
584_class-18,0.9623347520828247,0.9448704123497009,0.8487156629562378,0.847121000289917,0.8052152395248413,0.8052341341972351
585_class-17,0.6647809743881226,0.2538781762123108,0.27890151739120483,0.2788846790790558,0.27886471152305603,0.6240806579589844
586_class-17,0.35881900787353516,0.2932797968387604,0.495687335729599,0.47490668296813965,0.2932688593864441,0.4933593273162842
587_class-16,0.3287738859653473,0.3156353533267975,0.3024338185787201,0.3160993754863739,0.32196760177612305,0.4510471224784851
588_class-19,0.64460289478302,0.6846838593482971,0.6912829875946045,0.6915364265441895,0.6903353929519653,0.5929334163665771
589_class-15,0.7589366436004639,0.6931604146957397,0.6949435472488403,0.6933282613754272,0.6929502487182617,0.6935184001922607
590_class-15,0.6640425324440002,0.7469191551208496,0.8004463911056519,0.5566375255584717,0.7469158172607422,0.8321164846420288
591_class-19,0.45654764771461487,0.4085899889469147,0.40891796350479126,0.42952921986579895,0.40272682905197144,0.40372392535209656
592_class-18,0.9888380169868469,0.9642428755760193,0.963964581489563,0.9638569355010986,0.9644769430160522,0.9641103744506836
593_class-16,0.41916781663894653,0.5070609450340271,0.37507858872413635,0.5061628818511963,0.3611961901187897,0.9263056516647339
594_class-16,0.5624392628669739,0.8584460020065308,0.4736393392086029,0.6742834448814392,0.6476136445999146,0.7267889976501465
595_class-18,0.9336282014846802,0.9085763692855835,0.7533506751060486,0.9336028695106506,0.8976563811302185,0.7462450265884399
596_class-17,0.3551025688648224,0.3462461531162262,0.3467083275318146,0.3463890850543976,0.14064425230026245,0.643619954586029
597_class-18,0.9853843450546265,0.8440461754798889,0.9423680305480957,0.9450743198394775,0.9474456310272217,0.9461552500724792
598_class-15,0.11963725090026855,0.263606458902359,0.1184600219130516,0.12290651351213455,0.12178127467632294,0.26300671696662903
599_class-16,0.9980865716934204,0.93650221824646,0.936439037322998,0.9365075826644897,0.9364534616470337,0.9364643096923828
600_class-17,0.7895501852035522,0.7813873291015625,0.4545115828514099,0.4538053870201111,0.4535689949989319,0.9595057368278503
601_class-19,0.26901763677597046,0.24991901218891144,0.24992842972278595,0.249789297580719,0.2497967779636383,0.24990959465503693
602_class-16,0.9890182018280029,0.883501410484314,0.8838627338409424,0.8835594654083252,0.8845113515853882,0.8837810754776001
603_class-16,0.699607253074646,0.6728468537330627,0.7587385177612305,0.794023334980011,0.7916282415390015,0.8080065250396729
604_class-16,0.7469276785850525,0.9144858717918396,0.8257004618644714,0.7221269607543945,0.9153163433074951,0.7221487164497375
605_class-15,0.44870251417160034,0.3558892607688904,0.38502463698387146,0.34839603304862976,0.3484358489513397,0.35099610686302185
606_class-18,0.9968633651733398,0.7242777347564697,0.9235913753509521,0.8524614572525024,0.7886924743652344,0.9434964656829834
607_class-19,0.5704666972160339,0.5164667367935181,0.5417182445526123,0.5109533071517944,0.8869327902793884,0.6889889240264893
608_class-17,0.5427380800247192,0.39851510524749756,0.47320228815078735,0.31654825806617737,0.5184444189071655,0.4096420407295227
609_class-15,0.7629568576812744,0.5399404168128967,0.6647900342941284,0.7019626498222351,0.6832281947135925,0.36989474296569824
610_class-15,0.43856364488601685,0.5716725587844849,0.5805895924568176,0.6943116188049316,0.6849882006645203,0.41816872358322144
611_class-18,0.989416778087616,0.8651754856109619,0.3531104326248169,0.842380940914154,0.3530842363834381,0.9618208408355713
612_class-17,0.995215892791748,0.9636344313621521,0.6405338048934937,0.963941216468811,0.9643317461013794,0.39122509956359863
613_class-16,0.9090197086334229,0.6989632844924927,0.6989654302597046,0.2127709984779358,0.6623977422714233,0.6988096237182617
614_class-15,0.3722446858882904,0.1750473827123642,0.29637691378593445,0.29631248116493225,0.29642313718795776,0.16078391671180725
615_class-17,0.9899085760116577,0.8459553122520447,0.8443266749382019,0.8489288091659546,0.8495006561279297,0.8483932018280029
616_class-16,0.9984424114227295,0.9250572323799133,0.7714027166366577,0.7714132070541382,0.7714362144470215,0.771426796913147
617_class-17,0.00029006408294662833,0.00223865476436913,0.002487868070602417,0.0021244261879473925,0.38965389132499695,0.002114871982485056
618_class-18,0.9673181772232056,0.9386852979660034,0.9375094175338745,0.9363428354263306,0.9366343021392822,0.9384387731552124
619_class-19,0.5106931328773499,0.6951355934143066,0.7472126483917236,0.9125741720199585,0.593153178691864,0.5377654433250427
620_class-17,0.4284740686416626,0.36833441257476807,0.3689188063144684,0.3686424493789673,0.29589706659317017,0.36870354413986206
621_class-15,0.32480648159980774,0.3335169553756714,0.2755465507507324,0.17612703144550323,0.1898486167192459,0.29810383915901184
622_class-15,0.4108372628688812,0.3845774829387665,0.3013981282711029,0.3845619559288025,0.38455289602279663,0.3141038715839386
623_class-18,0.9763990640640259,0.9595232009887695,0.960386335849762,0.9562778472900391,0.9579323530197144,0.9599186182022095
624_class-16,0.994118869304657,0.939154863357544,0.9387814998626709,0.9410982131958008,0.9381937980651855,0.9389525651931763
625_class-17,0.6428936719894409,0.7441142797470093,0.8134686946868896,0.645797610282898,0.5928171873092651,0.5351711511611938
626_class-15,0.6800756454467773,0.7816694974899292,0.713251531124115,0.7032557129859924,0.6567586064338684,0.614952802658081
627_class-18,0.9892079830169678,0.8689969778060913,0.8868134021759033,0.7643126845359802,0.8544763922691345,0.8802711367607117
628_class-18,0.4214034080505371,0.4301144480705261,0.4216218590736389,0.29764649271965027,0.416721910238266,0.4181255102157593
629_class-16,0.9172857999801636,0.8681729435920715,0.8478179574012756,0.8678245544433594,0.8682483434677124,0.864545464515686
630_class-15,0.9312255382537842,0.8098808526992798,0.8104985952377319,0.812550961971283,0.8112947940826416,0.8130866885185242
631_class-19,0.2408515363931656,0.20157477259635925,0.21917179226875305,0.2014945149421692,0.20155221223831177,0.20256292819976807
632_class-15,0.7887028455734253,0.8535251617431641,0.8272832036018372,0.8610833883285522,0.8656457662582397,0.8299232721328735
633_class-17,0.253151535987854,0.21270352602005005,0.24531029164791107,0.24530580639839172,0.24593929946422577,0.245660200715065
634_class-17,0.3131130039691925,0.2902790307998657,0.1774844378232956,0.17571087181568146,0.1769968867301941,0.2886577546596527
635_class-15,0.34999585151672363,0.34640777111053467,0.41798001527786255,0.4310709834098816,0.4251783490180969,0.4256278872489929
636_class-19,0.47243180871009827,0.3976684808731079,0.3647920787334442,0.39770761132240295,0.37475138902664185,0.39775046706199646
637_class-18,0.09600735455751419,0.4386827349662781,0.15478980541229248,0.23286743462085724,0.17502403259277344,0.30362045764923096
638_class-18,0.9685144424438477,0.9531644582748413,0.9548741579055786,0.9571629166603088,0.9473825097084045,0.9552149772644043
639_class-17,0.6016483902931213,0.41226837038993835,0.38957837224006653,0.6021600365638733,0.4036538004875183,0.5520243048667908
640_class-15,0.8041905760765076,0.24307197332382202,0.7189640998840332,0.36641237139701843,0.2288530021905899,0.3656868636608124
641_class-19,0.4646974205970764,0.5749512910842896,0.3410412669181824,0.4564628005027771,0.45772016048431396,0.3190210461616516
642_class-17,0.9541935920715332,0.9106495380401611,0.5223478078842163,0.721206784248352,0.9088152647018433,0.4335222840309143
643_class-18,0.9902939796447754,0.7184097766876221,0.9260457754135132,0.9261083006858826,0.9266757965087891,0.8596256971359253
644_class-16,0.9707703590393066,0.9485750794410706,0.9427096843719482,0.948804497718811,0.9421415328979492,0.9515489339828491
645_class-18,0.5413911938667297,0.9363603591918945,0.8940799236297607,0.9364147782325745,0.5155135989189148,0.9367038607597351
646_class-16,0.03096633590757847,0.20083019137382507,0.027387335896492004,0.1950290948152542,0.02967025898396969,0.19495603442192078
647_class-15,0.3726999759674072,0.353569895029068,0.3537416160106659,0.3535787761211395,0.35375264286994934,0.35356655716896057
648_class-18,0.5750753879547119,0.6603457927703857,0.9401146769523621,0.6428501605987549,0.9263993501663208,0.9427780508995056
649_class-17,0.29197797179222107,0.22352632880210876,0.27680402994155884,0.31204503774642944,0.22140438854694366,0.2766619026660919
650_class-18,0.8287307024002075,0.8900859355926514,0.6729025840759277,0.7568140029907227,0.722662091255188,0.9106420278549194
651_class-17,0.9704554080963135,0.23695436120033264,0.7590423226356506,0.9308779835700989,0.15620362758636475,0.10743693262338638
652_class-17,0.35861700773239136,0.675078809261322,0.35440003871917725,0.3543727993965149,0.1734830141067505,0.3544771373271942
653_class-18,0.7653828859329224,0.7313017845153809,0.8954728841781616,0.8292490243911743,0.4023185968399048,0.7335206270217896
654_class-18,0.9476104378700256,0.7118898630142212,0.8565438985824585,0.4524700343608856,0.4717044532299042,0.8333830833435059
655_class-17,0.3653029203414917,0.360726922750473,0.36118215322494507,0.3907085955142975,0.36118587851524353,0.36134055256843567
656_class-16,0.001722677843645215,0.025028472766280174,0.009150718338787556,0.8670192956924438,0.0029630570206791162,0.8199676275253296
657_class-18,0.1897241175174713,0.18523342907428741,0.18522852659225464,0.3308701813220978,0.18580523133277893,0.18521256744861603
658_class-15,0.36837881803512573,0.20919284224510193,0.3755386173725128,0.47106409072875977,0.23903872072696686,0.5639476776123047
659_class-17,0.8444921970367432,0.9648876190185547,0.41649287939071655,0.527204692363739,0.7624936699867249,0.964885950088501
660_class-18,0.9909286499023438,0.8617907762527466,0.8508908748626709,0.9220529198646545,0.8653688430786133,0.8604446649551392
661_class-18,0.9845191836357117,0.9536250829696655,0.9505974054336548,0.9391680955886841,0.9346188306808472,0.9558964371681213
662_class-16,0.8951132893562317,0.939546525478363,0.8571307063102722,0.8570104241371155,0.8572349548339844,0.8572551608085632
663_class-17,0.39922934770584106,0.367397278547287,0.38878339529037476,0.3809800446033478,0.3602350950241089,0.379312664270401
664_class-17,9.738617518451065e-05,9.95668233372271e-05,9.580950427334756e-05,9.580818004906178e-05,9.205483365803957e-05,9.956406574929133e-05
665_class-18,0.9944056272506714,0.9338728189468384,0.9329468011856079,0.9296277761459351,0.9331724643707275,0.9329761266708374
666_class-17,0.35837894678115845,0.3005945086479187,0.2954065203666687,0.29816004633903503,0.30142533779144287,0.3480687737464905
667_class-15,0.3731248378753662,0.36462515592575073,0.36470314860343933,0.36462992429733276,0.2832666337490082,0.28263214230537415
668_class-17,0.9993483424186707,0.9754905104637146,0.975663423538208,0.9763163328170776,0.9754727482795715,0.9745627641677856
669_class-19,0.45464175939559937,0.44919317960739136,0.46389240026474,0.4632538855075836,0.46275079250335693,0.4639618992805481
670_class-17,0.41066986322402954,0.39863526821136475,0.4743081331253052,0.4967264235019684,0.4795261323451996,0.39687806367874146
671_class-17,0.334137499332428,0.37979644536972046,0.3485245406627655,0.23003782331943512,0.3796026408672333,0.3796026408672333
672_class-15,0.8842763304710388,0.7402342557907104,0.7370652556419373,0.7408030033111572,0.4433654248714447,0.7400707006454468
673_class-19,0.3203245997428894,0.32451754808425903,0.32086148858070374,0.3198651969432831,0.38525575399398804,0.3852008581161499
674_class-17,0.40653228759765625,0.3954850435256958,0.39550280570983887,0.23810909688472748,0.3955458998680115,0.3955802619457245
675_class-19,0.39623820781707764,0.30992236733436584,0.30982694029808044,0.30974718928337097,0.30957627296447754,0.3098313510417938
676_class-16,0.982363760471344,0.8927202224731445,0.8928235769271851,0.8926726579666138,0.8925118446350098,0.8928221464157104
677_class-18,0.751441240310669,0.8817477822303772,0.6958105564117432,0.8609308004379272,0.8822566270828247,0.8943459987640381
678_class-18,0.9920151233673096,0.9421814680099487,0.9439572095870972,0.9441308975219727,0.6770261526107788,0.4153019189834595
679_class-17,0.4310629963874817,0.417141854763031,0.4157133400440216,0.4171445965766907,0.41929686069488525,0.41964805126190186
680_class-19,0.7636101841926575,0.5284461975097656,0.528414249420166,0.5286073088645935,0.5287091732025146,0.8877873420715332
681_class-18,0.9783848524093628,0.480144202709198,0.9617239236831665,0.9643179178237915,0.962558925151825,0.9621279239654541
682_class-17,0.8422132730484009,0.6049925684928894,0.48469945788383484,0.5283727645874023,0.697655200958252,0.3888516426086426
683_class-19,0.3395327627658844,0.30593812465667725,0.4086005687713623,0.28616759181022644,0.29333004355430603,0.3604452311992645
684_class-17,0.3676632344722748,0.3736248016357422,0.3633590042591095,0.29919329285621643,0.33049559593200684,0.17935357987880707
685_class-19,0.9958265423774719,0.9634932279586792,0.7726584672927856,0.4799380898475647,0.7998660802841187,0.7717338800430298
686_class-15,0.2394447773694992,0.2252683788537979,0.4238327443599701,0.24184450507164001,0.38433200120925903,0.5295114517211914
687_class-17,0.38727813959121704,0.4221041202545166,0.3940989673137665,0.4221307337284088,0.2664046585559845,0.41060730814933777
688_class-18,0.9255872964859009,0.8811176419258118,0.8841803669929504,0.8818359375,0.8821146488189697,0.8815577030181885
689_class-17,0.33744144439697266,0.331969290971756,0.33375975489616394,0.33543020486831665,0.33351385593414307,0.3338996171951294
690_class-18,0.9984158277511597,0.8516651391983032,0.8288599252700806,0.8392620086669922,0.828693151473999,0.8624501824378967
691_class-17,0.6636843085289001,0.637012243270874,0.6360092163085938,0.6340649724006653,0.3844262361526489,0.6355520486831665
692_class-18,0.9633423089981079,0.9033417701721191,0.9106597304344177,0.9049601554870605,0.901862621307373,0.9080411195755005
693_class-18,0.9686263799667358,0.9476410150527954,0.9461972713470459,0.9426630139350891,0.9458036422729492,0.9470286965370178
694_class-16,0.9742262363433838,0.9116334319114685,0.9115960001945496,0.906561017036438,0.9116536378860474,0.9109551906585693
695_class-19,0.5925352573394775,0.23763620853424072,0.5852351188659668,0.2413332462310791,0.25128015875816345,0.24295255541801453
696_class-17,0.8411603569984436,0.8187406063079834,0.29423436522483826,0.622700035572052,0.8171061277389526,0.822545051574707
697_class-19,0.6522231101989746,0.7720291614532471,0.7790237665176392,0.8599825501441956,0.4786345660686493,0.8315293788909912
698_class-18,0.88581383228302,0.8586058616638184,0.860152006149292,0.8587905168533325,0.8580772876739502,0.8596940040588379
699_class-18,0.960382342338562,0.6064029932022095,0.9354462623596191,0.8478845357894897,0.5871379375457764,0.5930230617523193
700_class-17,0.4127386808395386,0.399090975522995,0.37321820855140686,0.39814022183418274,0.3018566071987152,0.39948347210884094
701_class-16,0.9971574544906616,0.9679168462753296,0.9674234390258789,0.9681661128997803,0.9679778814315796,0.9674592614173889
702_class-17,0.36635544896125793,0.2897243797779083,0.23460032045841217,0.36983826756477356,0.3274528682231903,0.2103150188922882
703_class-16,0.9975337982177734,0.9358294606208801,0.9362599849700928,0.9359557628631592,0.9358236789703369,0.9363733530044556
704_class-17,0.9960176944732666,0.6638564467430115,0.9839742183685303,0.9839538335800171,0.9843665361404419,0.848071813583374
705_class-19,0.4655892252922058,0.43178462982177734,0.37776660919189453,0.37491288781166077,0.37648242712020874,0.4337236285209656
706_class-15,0.45546936988830566,0.36894017457962036,0.37957602739334106,0.39268991351127625,0.4484935998916626,0.4164319634437561
707_class-15,0.40128210186958313,0.447593629360199,0.4071730673313141,0.3892066776752472,0.40712791681289673,0.42666342854499817
708_class-19,0.48358848690986633,0.4594423174858093,0.38381484150886536,0.40792548656463623,0.36889517307281494,0.3763447403907776
709_class-17,0.5083363652229309,0.4889163374900818,0.4892617464065552,0.31794315576553345,0.3755217492580414,0.5024116635322571
710_class-17,0.5824121236801147,0.4162358045578003,0.25899210572242737,0.3065105676651001,0.5807926654815674,0.1408233791589737
711_class-17,0.36618003249168396,0.619545578956604,0.9247695803642273,0.9261638522148132,0.9226220846176147,0.335329532623291
712_class-16,0.5030413866043091,0.4809979796409607,0.4686228036880493,0.34737610816955566,0.40746262669563293,0.42262527346611023
713_class-19,0.27469295263290405,0.1723375916481018,0.23461510241031647,0.29733824729919434,0.2444281131029129,0.27305346727371216
714_class-19,0.5358598232269287,0.5065143704414368,0.5040162801742554,0.4394495487213135,0.49188292026519775,0.4496234953403473
715_class-16,0.2988722026348114,0.28858596086502075,0.28780877590179443,0.29461607336997986,0.288611501455307,0.2950696051120758
716_class-17,0.08260527998209,0.07714861631393433,0.16858695447444916,0.0777784138917923,0.07996135950088501,0.07947932183742523
717_class-19,0.3985479772090912,0.22604553401470184,0.38283735513687134,0.3861885964870453,0.38008758425712585,0.3799801766872406
718_class-19,0.3692742586135864,0.3611035943031311,0.3821572959423065,0.3841206729412079,0.36265698075294495,0.3881194591522217
719_class-19,0.9970924854278564,0.7112480401992798,0.974002480506897,0.9736456871032715,0.9735959768295288,0.8462814092636108
720_class-17,0.4402216672897339,0.4420345425605774,0.44133028388023376,0.5914257764816284,0.44229090213775635,0.9366052746772766
721_class-15,0.7080392837524414,0.6326698660850525,0.578373372554779,0.6962425708770752,0.6946295499801636,0.14817063510417938
722_class-15,0.44154122471809387,0.33276769518852234,0.30328884720802307,0.3365582823753357,0.3311891257762909,0.2996252775192261
723_class-17,0.21715985238552094,0.1984977275133133,0.23543474078178406,0.2963518798351288,0.24284669756889343,0.19031298160552979
724_class-17,0.8857187032699585,0.4218190312385559,0.8396219611167908,0.41307249665260315,0.5091685056686401,0.5083797574043274
725_class-18,0.8821031451225281,0.6509407162666321,0.21125970780849457,0.2421177327632904,0.2324511855840683,0.6832319498062134
726_class-16,0.9759185314178467,0.933546781539917,0.9333950281143188,0.9335141181945801,0.9335650205612183,0.9337564706802368
727_class-16,0.5814517140388489,0.9081282019615173,0.7483600378036499,0.9079296588897705,0.7471890449523926,0.9082075357437134
728_class-18,0.3548501133918762,0.33755967020988464,0.3374272584915161,0.314253568649292,0.337722510099411,0.3392736613750458
729_class-17,0.36995524168014526,0.35491958260536194,0.360124796628952,0.35470515489578247,0.7510446906089783,0.2720452547073364
730_class-19,0.4061099588871002,0.3470011055469513,0.19614753127098083,0.35387468338012695,0.3480260968208313,0.38948941230773926
731_class-17,0.443280965089798,0.626526951789856,0.442050039768219,0.42765116691589355,0.5608100891113281,0.5417055487632751
732_class-15,0.4178922176361084,0.40455204248428345,0.5911095142364502,0.31240540742874146,0.3985767960548401,0.32478928565979004
733_class-18,0.9728211164474487,0.9406663179397583,0.9409910440444946,0.9406332969665527,0.940652072429657,0.9406400918960571
734_class-15,0.3852286636829376,0.3604951500892639,0.7735328078269958,0.8073481321334839,0.8108258247375488,0.36305922269821167
735_class-17,0.3885006308555603,0.3686037063598633,0.2629975378513336,0.29107537865638733,0.2821767032146454,0.2963366210460663
736_class-18,0.6164816617965698,0.2742540240287781,0.2742249369621277,0.27412283420562744,0.3215985894203186,0.5922616124153137
737_class-16,0.6709280014038086,0.6620810031890869,0.8023020029067993,0.6601597666740417,0.1853010654449463,0.18413786590099335
738_class-18,0.9963254332542419,0.9308473467826843,0.9308613538742065,0.9315711855888367,0.931617259979248,0.931597113609314
739_class-18,0.9868117570877075,0.9159390926361084,0.9161733388900757,0.9319965839385986,0.9321691393852234,0.9173179864883423
740_class-19,0.8686453700065613,0.8056631088256836,0.9211521744728088,0.8041802644729614,0.8521069288253784,0.8526932001113892
741_class-19,0.4132559299468994,0.43734878301620483,0.4538133442401886,0.45596039295196533,0.5410890579223633,0.6050788760185242
742_class-15,0.46296799182891846,0.38152340054512024,0.40229910612106323,0.38379403948783875,0.39835289120674133,0.40509602427482605
743_class-18,0.9931737184524536,0.9679582715034485,0.9678342342376709,0.9686354398727417,0.9681483507156372,0.9676560759544373
744_class-18,0.9586132168769836,0.6881986856460571,0.6883141398429871,0.9489186406135559,0.9485387802124023,0.9501481056213379
745_class-19,0.37220168113708496,0.3808591067790985,0.40568992495536804,0.368191123008728,0.5531407594680786,0.3520732522010803
746_class-15,0.7562209367752075,0.6902129650115967,0.686846911907196,0.49024099111557007,0.7508077621459961,0.7705124616622925
747_class-18,0.9758298397064209,0.6849249005317688,0.6876044273376465,0.9258147478103638,0.920839786529541,0.685135006904602
748_class-15,0.37233197689056396,0.3437230885028839,0.34539833664894104,0.3436221778392792,0.3442707359790802,0.34432142972946167
749_class-16,0.501650869846344,0.49716007709503174,0.4166008234024048,0.004980843048542738,0.24799545109272003,0.4166027009487152
750_class-16,0.6956101655960083,0.7046326398849487,0.6635295152664185,0.6625890731811523,0.6978774070739746,0.6599618196487427
751_class-18,0.9089083671569824,0.8713144063949585,0.872810423374176,0.8710146546363831,0.8706485629081726,0.8705700635910034
752_class-18,0.9578547477722168,0.9262915849685669,0.9258761405944824,0.9242116212844849,0.9259452223777771,0.9244970083236694
753_class-15,0.37995830178260803,0.03553672134876251,0.35661354660987854,0.3568466305732727,0.3556627333164215,0.04259788617491722
754_class-15,0.4645118713378906,0.4507984519004822,0.45018547773361206,0.45071831345558167,0.45052212476730347,0.4499240517616272
755_class-16,0.03112977370619774,0.8415316343307495,0.8407949209213257,0.841460108757019,0.024237798526883125,0.5508612990379333
756_class-17,0.38816672563552856,0.25185588002204895,0.34827277064323425,0.23399212956428528,0.25275543332099915,0.25164246559143066
757_class-19,0.3605588674545288,0.35056543350219727,0.35058146715164185,0.35010769963264465,0.35056185722351074,0.3505626320838928
758_class-17,0.6034411191940308,0.6893026828765869,0.4702279567718506,0.557625412940979,0.39376720786094666,0.5713602304458618
759_class-16,0.9945666193962097,0.9066624045372009,0.9065827131271362,0.9067459106445312,0.9067361354827881,0.9070689678192139
760_class-18,0.9886376857757568,0.9305703639984131,0.930689811706543,0.9303739666938782,0.9305508136749268,0.9307680130004883
761_class-18,0.9911575317382812,0.9592626690864563,0.9597324728965759,0.9597704410552979,0.958108127117157,0.959945797920227
762_class-19,0.43527016043663025,0.37312307953834534,0.4002441167831421,0.3387875556945801,0.41066065430641174,0.369890034198761
763_class-16,0.0768018439412117,0.0742068737745285,0.5480521321296692,0.07357040047645569,0.07363677024841309,0.07519480586051941
764_class-18,0.9820317029953003,0.9489627480506897,0.9428677558898926,0.9339549541473389,0.949764609336853,0.9499876499176025
765_class-18,0.8056552410125732,0.9450434446334839,0.43372848629951477,0.9454034566879272,0.9450724124908447,0.7708028554916382
766_class-19,0.5007616877555847,0.33793872594833374,0.3384360074996948,0.3433340787887573,0.39441540837287903,0.48897528648376465
767_class-19,0.6104754209518433,0.814182460308075,0.7516195774078369,0.5084874629974365,0.9306753873825073,0.4496348798274994
768_class-17,0.10416246950626373,0.13619467616081238,0.017445238307118416,0.10737289488315582,0.1002604141831398,0.09608594328165054
769_class-16,0.9947763681411743,0.9518383741378784,0.3954169750213623,0.9446051716804504,0.395378977060318,0.3953711688518524
770_class-15,0.530358076095581,0.5004647374153137,0.6164665222167969,0.5340903997421265,0.5104615688323975,0.525742769241333
771_class-15,0.42720478773117065,0.2905826270580292,0.3663414716720581,0.46643075346946716,0.4518231451511383,0.20992907881736755
772_class-18,0.9222619533538818,0.886422872543335,0.8868287205696106,0.8864399194717407,0.8867535591125488,0.8852547407150269
773_class-17,0.576915979385376,0.5052295327186584,0.6142904758453369,0.42933130264282227,0.6504764556884766,0.38503745198249817
774_class-19,0.3181793689727783,0.35913485288619995,0.3092089891433716,0.30905047059059143,0.28673145174980164,0.34586358070373535
775_class-17,0.0020235157571733,0.001985409064218402,0.001966755837202072,0.002012950601056218,0.0019962447695434093,0.0019999186042696238
776_class-18,0.780200719833374,0.7231829762458801,0.7849000096321106,0.6148084402084351,0.8540655374526978,0.9476619958877563
777_class-19,0.44096654653549194,0.423668771982193,0.4236743748188019,0.423376202583313,0.14417420327663422,0.16426074504852295
778_class-17,0.5256986618041992,0.5088568925857544,0.5814419984817505,0.5787036418914795,0.49813559651374817,0.7679150104522705
779_class-15,0.5855164527893066,0.5242473483085632,0.5272067785263062,0.7384511232376099,0.5146753787994385,0.5140852928161621
780_class-17,0.41145652532577515,0.387909859418869,0.29320305585861206,0.4332044720649719,0.4364341199398041,0.42000606656074524
781_class-17,0.7180577516555786,0.674994707107544,0.6742666363716125,0.6745104789733887,0.6745508909225464,0.6745370626449585
782_class-16,0.3235483169555664,0.3072553873062134,0.307278037071228,0.3072323799133301,0.30725932121276855,0.30723699927330017
783_class-15,0.2037334144115448,0.18042883276939392,0.30046626925468445,0.38122957944869995,0.3835400342941284,0.3072674572467804
784_class-19,0.9883846044540405,0.9378421306610107,0.9377204179763794,0.937742292881012,0.9378699660301208,0.830990195274353
785_class-17,0.4179255962371826,0.42805778980255127,0.44479432702064514,0.4219316840171814,0.4320177435874939,0.4322231411933899
786_class-19,0.4622531831264496,0.2607456147670746,0.4525020122528076,0.45247340202331543,0.4525017738342285,0.4524822235107422
787_class-17,0.43407684564590454,0.40697866678237915,0.45469892024993896,0.44776514172554016,0.5718610286712646,0.6900115013122559
788_class-17,0.9448144435882568,0.9179850816726685,0.7890664935112,0.3538866341114044,0.9181445837020874,0.9181185960769653
789_class-17,0.8271290063858032,0.709716796875,0.6817653179168701,0.8020864725112915,0.7975912690162659,0.8002774715423584
790_class-15,0.6268420815467834,0.6636661291122437,0.657062828540802,0.5592272281646729,0.549295961856842,0.5638805627822876
791_class-19,0.9816895723342896,0.9439178705215454,0.8013307452201843,0.8014817237854004,0.8060283660888672,0.8185855150222778
792_class-17,0.7629527449607849,0.6972414255142212,0.7151358127593994,0.6773834228515625,0.74588942527771,0.5686461329460144
793_class-17,0.3975869417190552,0.48932746052742004,0.3364313244819641,0.5761013031005859,0.2994216978549957,0.5856159329414368
794_class-15,0.6392046809196472,0.8113360404968262,0.5921674966812134,0.5929888486862183,0.582990825176239,0.6146640777587891
795_class-17,0.5915747284889221,0.32119259238243103,0.3189265727996826,0.6110683679580688,0.5700423717498779,0.3218708038330078
796_class-18,0.9917224049568176,0.9668620824813843,0.9657909274101257,0.9652813673019409,0.9657307267189026,0.9656645655632019
797_class-15,0.40538159012794495,0.37002238631248474,0.3938591182231903,0.30257463455200195,0.3682679831981659,0.39376965165138245
798_class-15,0.44468680024147034,0.2857595384120941,0.28481218218803406,0.32308629155158997,0.28046634793281555,0.3421420156955719
799_class-15,0.0815245658159256,0.10676772147417068,0.1046595647931099,0.10536690801382065,0.09528651088476181,0.10444618761539459
800_class-19,0.4365084171295166,0.1257428675889969,0.12999111413955688,0.10914020240306854,0.4107813835144043,0.11377224326133728
801_class-15,0.7515957355499268,0.26838865876197815,0.619674563407898,0.2803802490234375,0.26774805784225464,0.285653293132782
802_class-15,0.40032273530960083,0.3954004645347595,0.3959905207157135,0.4000259339809418,0.39163270592689514,0.4126075208187103
803_class-15,0.9857513308525085,0.6000728607177734,0.9157189130783081,0.9192583560943604,0.6619901061058044,0.9178968667984009
804_class-19,0.995728075504303,0.9689213037490845,0.9688670635223389,0.9690062999725342,0.968367338180542,0.9688054323196411
805_class-16,0.7992557287216187,0.9180644750595093,0.7415621280670166,0.9182026386260986,0.7418597340583801,0.7418070435523987
806_class-19,0.9867708683013916,0.9680861234664917,0.968008279800415,0.9677965641021729,0.9678144454956055,0.9678765535354614
807_class-18,0.7248067855834961,0.5656766891479492,0.7147485017776489,0.4239829182624817,0.7150571346282959,0.5438602566719055
808_class-17,0.38168758153915405,0.32862013578414917,0.3629923462867737,0.3919648826122284,0.38610589504241943,0.38328617811203003
809_class-19,0.7689558267593384,0.4113881587982178,0.9199550747871399,0.9703075885772705,0.981956958770752,0.9818335771560669
810_class-19,0.3123565912246704,0.4546281695365906,0.2568216621875763,0.6899730563163757,0.26431339979171753,0.26120373606681824
811_class-18,0.9236361980438232,0.9018003344535828,0.8975969552993774,0.9029718637466431,0.9000834226608276,0.9016150832176208
812_class-15,0.8107597827911377,0.7334120273590088,0.73480224609375,0.6541846394538879,0.7144854068756104,0.7358489036560059
813_class-15,0.41569700837135315,0.4572991132736206,0.38869744539260864,0.45890843868255615,0.35179007053375244,0.33449286222457886
814_class-17,0.8570631742477417,0.7754381895065308,0.7753877639770508,0.7755041718482971,0.5468446016311646,0.7753990888595581
815_class-17,0.3167559504508972,0.2931559979915619,0.29321396350860596,0.2931886315345764,0.29326754808425903,0.3274618983268738
816_class-19,0.6440444588661194,0.6853039860725403,0.6284897327423096,0.9167971611022949,0.8506955504417419,0.9159203171730042
817_class-17,0.6280882358551025,0.512012779712677,0.6228293180465698,0.5119235515594482,0.5119746923446655,0.6229131817817688
818_class-18,0.9769057035446167,0.9582868814468384,0.9655952453613281,0.9684856534004211,0.9660201072692871,0.9678630828857422
819_class-19,0.9621256589889526,0.9481709003448486,0.968163251876831,0.9534489512443542,0.9481925368309021,0.6757577061653137
820_class-18,0.8104504942893982,0.466566801071167,0.7851279973983765,0.7848210334777832,0.46656906604766846,0.7870921492576599
821_class-16,0.7209417819976807,0.7311742305755615,0.8028079271316528,0.909293532371521,0.5923454761505127,0.9035910367965698
822_class-15,0.1853521317243576,0.4185243248939514,0.154415100812912,0.18726541101932526,0.08302220702171326,0.1589125692844391
823_class-17,0.996485710144043,0.9841703176498413,0.9842374324798584,0.9843125343322754,0.9843676090240479,0.8884106278419495
824_class-18,0.986007809638977,0.9588397741317749,0.9583998918533325,0.9588706493377686,0.9586825370788574,0.9588420391082764
825_class-16,0.9944030046463013,0.9705650210380554,0.9705867767333984,0.9705926179885864,0.970611572265625,0.9706243872642517
826_class-19,0.9596806764602661,0.9679579734802246,0.6896969079971313,0.7859484553337097,0.667757511138916,0.9784854054450989
827_class-16,0.22372199594974518,0.19374430179595947,0.19362060725688934,0.2411045879125595,0.19789552688598633,0.21695847809314728
828_class-19,0.9878964424133301,0.42866015434265137,0.4185008704662323,0.42729485034942627,0.4299793243408203,0.43207135796546936
829_class-19,0.5502341389656067,0.5830936431884766,0.6642096042633057,0.5955705046653748,0.7132856845855713,0.7175060510635376
830_class-15,0.5827640295028687,0.19503869116306305,0.40688952803611755,0.24785736203193665,0.5823004245758057,0.41771870851516724
831_class-15,0.863882839679718,0.8323348760604858,0.5368481874465942,0.7575118541717529,0.6883968114852905,0.9437282085418701
832_class-19,0.9984006285667419,0.9720491766929626,0.9720633029937744,0.9725778102874756,0.9720649123191833,0.39171144366264343
833_class-19,0.9799239635467529,0.6415572762489319,0.9584238529205322,0.9590545296669006,0.9590672254562378,0.9592101573944092
834_class-19,0.43293458223342896,0.3893482983112335,0.4165476858615875,0.3886062204837799,0.299826055765152,0.3900492191314697
835_class-18,0.874769389629364,0.44398051500320435,0.26153984665870667,0.5579966902732849,0.28552982211112976,0.8596426248550415
836_class-16,0.9927281737327576,0.9313653111457825,0.9314548969268799,0.9313342571258545,0.9312413334846497,0.9315184354782104
837_class-15,0.30225899815559387,0.2732159197330475,0.30272743105888367,0.32984673976898193,0.3290148973464966,0.2724224925041199
838_class-18,0.9906178712844849,0.956564724445343,0.9522906541824341,0.9585869312286377,0.9609019160270691,0.9273765087127686
839_class-19,0.39245691895484924,0.3875488042831421,0.3552198112010956,0.32824888825416565,0.4075762927532196,0.3622168004512787
840_class-16,0.628173828125,0.5047987699508667,0.5050243735313416,0.5973739624023438,0.5112354159355164,0.5460065007209778
841_class-18,0.9237489700317383,0.9075716733932495,0.908264696598053,0.9077086448669434,0.9075933694839478,0.9087465405464172
842_class-18,0.990684986114502,0.9725255370140076,0.9686331748962402,0.9637958407402039,0.9688443541526794,0.9726451635360718
843_class-18,0.9751500487327576,0.9542914628982544,0.9493045806884766,0.9509925842285156,0.958029568195343,0.9543633460998535
844_class-17,0.267284631729126,0.2649405896663666,0.26506859064102173,0.26493972539901733,0.26495465636253357,0.2649063766002655
845_class-16,0.8019829988479614,0.7798828482627869,0.7796063423156738,0.7802557945251465,0.9582626819610596,0.7798474431037903
846_class-16,0.33752456307411194,0.1544070690870285,0.3324723541736603,0.36002370715141296,0.3306632936000824,0.4636305868625641
847_class-19,0.4724734127521515,0.31516942381858826,0.4996480345726013,0.6966069936752319,0.6588088870048523,0.49122506380081177
848_class-16,0.6287103295326233,0.7924760580062866,0.9427987337112427,0.7924875617027283,0.6085413694381714,0.9405319690704346
849_class-16,0.9990421533584595,0.9545893669128418,0.9545457363128662,0.954617977142334,0.9545334577560425,0.9545342326164246
850_class-19,0.458599328994751,0.45095646381378174,0.44386643171310425,0.44139352440834045,0.44662195444107056,0.42716509103775024
851_class-17,0.7672401070594788,0.6449189186096191,0.70562744140625,0.5309951901435852,0.7553633451461792,0.7535316944122314
852_class-18,0.9752672910690308,0.9254037141799927,0.9252939820289612,0.9248335957527161,0.9259170889854431,0.9258592128753662
853_class-15,0.24285733699798584,0.23531225323677063,0.254646897315979,0.21127009391784668,0.8803560137748718,0.1592937409877777
854_class-18,0.8796266913414001,0.9494457244873047,0.7055945992469788,0.3816598057746887,0.7288142442703247,0.755549430847168
855_class-16,0.9991235733032227,0.9784321188926697,0.738355278968811,0.9790971875190735,0.7127155661582947,0.979101836681366
856_class-17,0.6031028032302856,0.5917025804519653,0.4783251881599426,0.9681455492973328,0.4783641993999481,0.47836780548095703
857_class-17,0.9039062261581421,0.7091251611709595,0.8540816307067871,0.7925657033920288,0.6416313052177429,0.6666830778121948
858_class-19,0.4460379183292389,0.3892924189567566,0.28659194707870483,0.4428098201751709,0.28681743144989014,0.4428284466266632
859_class-17,0.8386937379837036,0.8202083110809326,0.8237955570220947,0.8231127262115479,0.9101592898368835,0.8207102417945862
860_class-19,0.47746917605400085,0.32227426767349243,0.470891535282135,0.46556589007377625,0.9224360585212708,0.47013765573501587
861_class-15,0.33035120368003845,0.425435870885849,0.31687435507774353,0.414658784866333,0.4124687612056732,0.41460782289505005
862_class-17,0.7999440431594849,0.5436366200447083,0.5258159637451172,0.3775039613246918,0.5406265258789062,0.7741709351539612
863_class-17,0.9976389408111572,0.6660037636756897,0.9200879335403442,0.643295407295227,0.508607804775238,0.5107109546661377
864_class-15,0.39265257120132446,0.27790266275405884,0.2491927444934845,0.2860375642776489,0.3035188913345337,0.2524443566799164
865_class-19,0.4122316539287567,0.3923463821411133,0.39902225136756897,0.3932510018348694,0.39389458298683167,0.3747174143791199
866_class-18,0.9964358806610107,0.9554113149642944,0.5091916918754578,0.7596949338912964,0.955778956413269,0.4602242112159729
867_class-16,0.9276266098022461,0.8799736499786377,0.7395390272140503,0.92348712682724,0.7402008771896362,0.739368200302124
868_class-19,0.3943370282649994,0.3606213927268982,0.36273008584976196,0.3508909046649933,0.35791686177253723,0.36281532049179077
869_class-18,0.805587649345398,0.7936683893203735,0.7930985689163208,0.7861948013305664,0.7941335439682007,0.9761238098144531
870_class-17,0.3502894937992096,0.9170597791671753,0.37545835971832275,0.7485705018043518,0.9297780990600586,0.4077191948890686
871_class-18,0.803248405456543,0.932968258857727,0.9328935146331787,0.770322322845459,0.9137558341026306,0.9332550764083862
872_class-16,0.9984239339828491,0.9490435123443604,0.9490762948989868,0.9490296840667725,0.9490494728088379,0.9489761590957642
873_class-18,0.930262565612793,0.8594949245452881,0.5096727013587952,0.9426602125167847,0.9413821697235107,0.937923789024353
874_class-18,0.9497071504592896,0.9132297039031982,0.9125719666481018,0.9131314754486084,0.9146089553833008,0.9171836376190186
875_class-19,0.2727416455745697,0.2691681981086731,0.3586503565311432,0.2709466814994812,0.2691812515258789,0.33708688616752625
876_class-16,0.6100798845291138,0.5596871376037598,0.5596898794174194,0.559673547744751,0.5595359206199646,0.559691309928894
877_class-15,0.45295479893684387,0.45462921261787415,0.8599231243133545,0.4345773756504059,0.669213593006134,0.5962841510772705
878_class-17,0.4488798975944519,0.4037264585494995,0.3751104176044464,0.4322162866592407,0.43230384588241577,0.3861600160598755
879_class-19,0.3867906928062439,0.3755388557910919,0.3755680024623871,0.3756497800350189,0.3755348324775696,0.3755452036857605
880_class-15,0.8358860611915588,0.1397760510444641,0.675631582736969,0.5037401914596558,0.17289245128631592,0.44014713168144226
881_class-17,0.4265739321708679,0.4108724594116211,0.5923507809638977,0.42233189940452576,0.4160899817943573,0.4201209545135498
882_class-16,0.9977430105209351,0.9215701222419739,0.921821653842926,0.9216940402984619,0.7137727737426758,0.7059110403060913
883_class-15,0.5893630981445312,0.48218104243278503,0.6509669423103333,0.5582054257392883,0.4656867980957031,0.6358173489570618
884_class-17,0.38772013783454895,0.3765469193458557,0.3978981673717499,0.3992781639099121,0.4510565400123596,0.6226480007171631
885_class-16,0.753788948059082,0.9562830924987793,0.9562133550643921,0.9564059972763062,0.9563059210777283,0.9562724828720093
886_class-16,0.6384003162384033,0.8442250490188599,0.918678879737854,0.8441613912582397,0.5228586196899414,0.9104303121566772
887_class-19,0.6965628266334534,0.6569696664810181,0.4851037859916687,0.4887629747390747,0.5725337266921997,0.39177078008651733
888_class-18,0.990181565284729,0.9536265134811401,0.9503735303878784,0.9546709060668945,0.9542758464813232,0.951597273349762
889_class-18,0.9708528518676758,0.9327074885368347,0.9328703880310059,0.9327953457832336,0.9329491853713989,0.9332765340805054
890_class-18,0.9077892303466797,0.8773654103279114,0.822588324546814,0.8770647048950195,0.8749521374702454,0.9595698118209839
891_class-17,0.33570700883865356,0.3271588385105133,0.3391982614994049,0.6046011447906494,0.5135379433631897,0.5836443305015564
892_class-19,0.3818330764770508,0.7333784103393555,0.33298906683921814,0.7611585855484009,0.7609286904335022,0.4807888865470886
893_class-17,0.19190426170825958,0.1886022388935089,0.19833537936210632,0.18861763179302216,0.18864025175571442,0.18859125673770905
894_class-15,0.8620428442955017,0.675347089767456,0.6783042550086975,0.6649419665336609,0.6785522699356079,0.6773372292518616
895_class-19,0.566231369972229,0.5553771257400513,0.5571879148483276,0.5571879148483276,0.5556468367576599,0.5553823113441467
896_class-18,0.9555953741073608,0.914591908454895,0.914919376373291,0.9178508520126343,0.9163463115692139,0.9158989787101746
897_class-15,0.44910693168640137,0.3840479552745819,0.41110944747924805,0.3739783763885498,0.49279722571372986,0.4125978946685791
898_class-17,0.3409188985824585,0.2854856252670288,0.2604101598262787,0.2291800081729889,0.23106393218040466,0.16550442576408386
899_class-19,0.1856752634048462,0.18446040153503418,0.2179986983537674,0.18481793999671936,0.18421083688735962,0.21821333467960358
900_class-15,0.4505026042461395,0.6543821096420288,0.5964332818984985,0.6530755758285522,0.6913821697235107,0.6449393630027771
901_class-18,0.9852737784385681,0.9537937045097351,0.9537311792373657,0.9548699855804443,0.9547215700149536,0.9547111988067627
902_class-17,0.9937421083450317,0.8306655883789062,0.8306897878646851,0.8306315541267395,0.9209203720092773,0.8323493003845215
903_class-18,0.9321253299713135,0.9013093113899231,0.8994852304458618,0.8989683389663696,0.8985199928283691,0.899903416633606
904_class-18,0.9891148209571838,0.9596788883209229,0.9581539630889893,0.9578866958618164,0.9482775926589966,0.95809006690979
905_class-18,0.9966334104537964,0.9730880260467529,0.9730091691017151,0.9680283069610596,0.9726498126983643,0.9681496620178223
906_class-17,0.30583858489990234,0.4433543086051941,0.29228922724723816,0.8613356351852417,0.5097967386245728,0.9191759824752808
907_class-18,0.9931196570396423,0.9349842071533203,0.9344310760498047,0.923986554145813,0.9365615248680115,0.9238964319229126
908_class-18,0.8318475484848022,0.8041720390319824,0.8040241599082947,0.8039007782936096,0.8040229678153992,0.8059133291244507
909_class-18,0.7516574263572693,0.6422809362411499,0.6112197637557983,0.7213398218154907,0.8182433843612671,0.6218802332878113
910_class-19,0.9983508586883545,0.5308517813682556,0.5309500694274902,0.530748724937439,0.5306345820426941,0.5310735106468201
911_class-19,0.3824588358402252,0.3823995888233185,0.3823995888233185,0.38235291838645935,0.3173253536224365,0.3825489580631256
912_class-15,0.6395001411437988,0.4670775830745697,0.2580009698867798,0.44033434987068176,0.18476362526416779,0.47500306367874146
913_class-17,0.7498606443405151,0.8730885982513428,0.8731571435928345,0.8722028732299805,0.7153363823890686,0.8732311725616455
914_class-17,0.35644763708114624,0.5861126184463501,0.5861366987228394,0.5813922882080078,0.5861254930496216,0.4312010109424591
915_class-16,0.6987529993057251,0.7628359794616699,0.7627550363540649,0.6949137449264526,0.7618000507354736,0.7619422078132629
916_class-19,0.7076398730278015,0.6147409081459045,0.6119475364685059,0.5897715091705322,0.614659309387207,0.47623124718666077
917_class-17,0.4827454090118408,0.4475887715816498,0.4794324040412903,0.43052607774734497,0.6179265975952148,0.45507165789604187
918_class-19,0.5183020830154419,0.5302736163139343,0.5460417866706848,0.6269469261169434,0.5325711369514465,0.5437859296798706
919_class-18,0.9091007709503174,0.873008131980896,0.9267887473106384,0.8274441957473755,0.8713231086730957,0.940265417098999
920_class-17,0.9987925887107849,0.5430658459663391,0.9852223992347717,0.9851096868515015,0.9438252449035645,0.9620190858840942
921_class-17,0.4429317116737366,0.39903584122657776,0.42079949378967285,0.3990543484687805,0.3363184630870819,0.33773714303970337
922_class-18,0.9968265295028687,0.9497184753417969,0.9498347043991089,0.9495652914047241,0.9498550891876221,0.9495865106582642
923_class-17,0.9963721632957458,0.6556597948074341,0.4834822714328766,0.9709824323654175,0.654201328754425,0.48000165820121765
924_class-17,0.8583905696868896,0.7360644936561584,0.7951009273529053,0.7939462661743164,0.8322373628616333,0.7944967150688171
925_class-18,0.696103572845459,0.673132061958313,0.764962911605835,0.6755849123001099,0.5779544711112976,0.5580811500549316
926_class-18,0.9063594341278076,0.7851020693778992,0.6334123611450195,0.6358897686004639,0.9559189677238464,0.859620213508606
927_class-17,0.9206845760345459,0.6774145364761353,0.8804202079772949,0.678679347038269,0.878798246383667,0.878558874130249
928_class-19,0.42106834053993225,0.488240510225296,0.541707456111908,0.37773311138153076,0.4301181435585022,0.3448898196220398
929_class-18,0.543520450592041,0.35805049538612366,0.4110081195831299,0.6057912707328796,0.855391263961792,0.41574883460998535
930_class-18,0.9867759943008423,0.8056656122207642,0.9349808692932129,0.8050318956375122,0.8173572421073914,0.9423439502716064
931_class-17,0.2554697096347809,0.22598081827163696,0.31188932061195374,0.2082093507051468,0.2588139772415161,0.2517983019351959
932_class-17,0.7446707487106323,0.7263103723526001,0.7262136340141296,0.885900616645813,0.7264313697814941,0.7263689041137695
933_class-16,0.32532358169555664,0.5068864226341248,0.490774929523468,0.3777186870574951,0.008539852686226368,0.3784756660461426
934_class-19,0.7066503763198853,0.6907758712768555,0.6909191012382507,0.6910737752914429,0.6908830404281616,0.6907777786254883
935_class-15,0.1947350800037384,0.6958310604095459,0.6934718489646912,0.5265642404556274,0.6939383149147034,0.6930580139160156
936_class-15,0.8519313335418701,0.834532618522644,0.7101506590843201,0.5686475038528442,0.6110706925392151,0.558677077293396
937_class-19,0.3441210091114044,0.32819026708602905,0.3282299339771271,0.3315255641937256,0.33142462372779846,0.3333432674407959
938_class-18,0.9806095361709595,0.9653159379959106,0.9646821022033691,0.9652040004730225,0.965883731842041,0.9655055999755859
939_class-16,0.7210439443588257,0.8294799327850342,0.7737910747528076,0.9262104034423828,0.9275789856910706,0.8076351881027222
940_class-16,0.738429844379425,0.5769658088684082,0.5902793407440186,0.7552141547203064,0.810937762260437,0.8487526178359985
941_class-18,0.9691006541252136,0.9513106346130371,0.09386222064495087,0.7864525318145752,0.6252725124359131,0.43630450963974
942_class-17,0.40465247631073,0.39873623847961426,0.39084747433662415,0.6988708972930908,0.39126309752464294,0.3893725574016571
943_class-18,0.8331944942474365,0.9440837502479553,0.5345845818519592,0.808668315410614,0.8347175121307373,0.9416257739067078
944_class-15,0.3340161442756653,0.3069975674152374,0.35977110266685486,0.3344304859638214,0.3324795067310333,0.3803790807723999
945_class-16,0.9979838728904724,0.9367834329605103,0.9365121126174927,0.9364850521087646,0.9366404414176941,0.9364959001541138
946_class-17,0.9867814779281616,0.9486595392227173,0.9465471506118774,0.2995706796646118,0.9488350749015808,0.2995082139968872
947_class-19,0.4260002076625824,0.3848692774772644,0.3620535731315613,0.3752046227455139,0.34277474880218506,0.2496730238199234
948_class-16,0.9888681173324585,0.8831346035003662,0.8829657435417175,0.8832688927650452,0.8825448751449585,0.883580207824707
949_class-16,0.7839755415916443,0.8086583614349365,0.7630743384361267,0.6729346513748169,0.6728317141532898,0.8305540084838867
950_class-16,0.9412786960601807,0.5554325580596924,0.9140722751617432,0.7222464084625244,0.553034245967865,0.5550409555435181
951_class-15,0.5321909785270691,0.5904093980789185,0.36751100420951843,0.5444997549057007,0.6082094311714172,0.42911434173583984
952_class-18,0.4264250099658966,0.649017333984375,0.6449442505836487,0.7035390138626099,0.6491028070449829,0.7749794721603394
953_class-19,0.587990403175354,0.6868226528167725,0.6742751598358154,0.5111314654350281,0.7300029993057251,0.8861268758773804
954_class-17,0.5410623550415039,0.5197668075561523,0.5629758834838867,0.8691174387931824,0.8677774667739868,0.8672615885734558
955_class-15,0.5996857285499573,0.42538583278656006,0.5498487949371338,0.6195011138916016,0.5362441539764404,0.49987202882766724
956_class-15,0.784546971321106,0.5081797242164612,0.3970634937286377,0.4294945299625397,0.4929288327693939,0.5072439908981323
957_class-18,0.988152265548706,0.9608923196792603,0.9605317115783691,0.9609671831130981,0.9605906009674072,0.9598557949066162
958_class-17,0.9342663884162903,0.6161493062973022,0.6204901933670044,0.6288666725158691,0.959842324256897,0.9657344818115234
959_class-16,0.7229143977165222,0.6795802116394043,0.6956814527511597,0.21267752349376678,0.632353663444519,0.6594753265380859
960_class-15,0.41536909341812134,0.2964356541633606,0.2699146866798401,0.2625040113925934,0.29643356800079346,0.29630011320114136
961_class-17,0.9981374144554138,0.8500704169273376,0.8504114151000977,0.8502995371818542,0.8502779006958008,0.8504875898361206
962_class-16,0.8084221482276917,0.847322404384613,0.7714946269989014,0.8475249409675598,0.7714673280715942,0.7714195251464844
963_class-17,0.00028429593658074737,0.0002811024896800518,0.00029053143225610256,0.00028301277779974043,0.0002867553266696632,0.0002848725998774171
964_class-18,0.9604138135910034,0.9384346008300781,0.9394714832305908,0.9358118772506714,0.9389901161193848,0.936622142791748
965_class-19,0.6163347363471985,0.6249891519546509,0.6549680233001709,0.637200117111206,0.5436004400253296,0.19764257967472076
966_class-17,0.3893294632434845,0.3325824737548828,0.24974419176578522,0.22456465661525726,0.33388659358024597,0.33474284410476685
967_class-15,0.36543530225753784,0.34782344102859497,0.3592294454574585,0.3597262501716614,0.35938775539398193,0.3594346046447754
968_class-15,0.5203471183776855,0.48694542050361633,0.3116910457611084,0.38016656041145325,0.3594341576099396,0.3379518687725067
969_class-18,0.9547128081321716,0.9323776960372925,0.3230495750904083,0.9619715213775635,0.9499917030334473,0.9644291400909424
970_class-16,0.9914374351501465,0.9423198699951172,0.9389939308166504,0.9390274882316589,0.9393406510353088,0.9388766288757324
971_class-17,0.9414288997650146,0.7912330031394958,0.6417295932769775,0.49205783009529114,0.8338595032691956,0.8044637441635132
972_class-15,0.5052560567855835,0.8490179181098938,0.3759098947048187,0.8464093208312988,0.3482453525066376,0.4096074104309082
973_class-18,0.9887810945510864,0.9573395252227783,0.9575379490852356,0.8089953660964966,0.8633919954299927,0.9570170640945435
974_class-18,0.8596460819244385,0.8523191213607788,0.8514873385429382,0.8511918187141418,0.8514938950538635,0.8515070676803589
975_class-16,0.7303407192230225,0.8284845948219299,0.6956163644790649,0.6956135034561157,0.695641040802002,0.8632997274398804
976_class-15,0.9607205986976624,0.8131366968154907,0.4431624412536621,0.8106685876846313,0.6872937679290771,0.8101454973220825
977_class-19,0.7285189628601074,0.5230265259742737,0.20179235935211182,0.18982894718647003,0.2001744508743286,0.19457882642745972
978_class-15,0.4562954604625702,0.8717321753501892,0.8679412007331848,0.7819119691848755,0.8748877048492432,0.5856693983078003
979_class-17,0.1680835336446762,0.21160614490509033,0.15760987997055054,0.2521711587905884,0.22833184897899628,0.1569685935974121
980_class-17,0.3172159194946289,0.2978198826313019,0.3249935507774353,0.33002611994743347,0.3357440233230591,0.4263952970504761
981_class-15,0.39086273312568665,0.35655122995376587,0.35421738028526306,0.3728124499320984,0.42824798822402954,0.36820727586746216
982_class-19,0.6394246816635132,0.4841601550579071,0.40393128991127014,0.5557831525802612,0.4649761915206909,0.6292768716812134
983_class-18,0.12115753442049026,0.13296444714069366,0.1583113819360733,0.12397480010986328,0.13014045357704163,0.12106657773256302
984_class-18,0.9590038657188416,0.9514319896697998,0.9569829702377319,0.9545279145240784,0.9569478034973145,0.9614923000335693
985_class-17,0.834212601184845,0.7378469109535217,0.8592461347579956,0.8582565784454346,0.84614098072052,0.8581393957138062
986_class-15,0.8197720646858215,0.23140329122543335,0.5657998919487,0.5676567554473877,0.22883842885494232,0.23797708749771118
987_class-19,0.2609892785549164,0.2882373631000519,0.38700973987579346,0.2559964954853058,0.26605334877967834,0.2880435585975647
988_class-17,0.9562944173812866,0.9103850722312927,0.887160062789917,0.9101837873458862,0.9072466492652893,0.9106981158256531
989_class-18,0.5569839477539062,0.9262814521789551,0.7372137308120728,0.9134658575057983,0.9251898527145386,0.7895398139953613
990_class-16,0.977603554725647,0.9488091468811035,0.9513919353485107,0.9514695405960083,0.9517054557800293,0.9516603946685791
991_class-18,0.9906620979309082,0.8822643756866455,0.936799168586731,0.902082085609436,0.9364287257194519,0.5055010914802551
992_class-16,0.5875507593154907,0.8173736929893494,0.5604605078697205,0.8170385360717773,0.8159563541412354,0.815688967704773
993_class-15,0.36535727977752686,0.3537551462650299,0.3535716235637665,0.3538114130496979,0.3535788655281067,0.3535822927951813
994_class-18,0.30862781405448914,0.6188419461250305,0.5303303003311157,0.5411939024925232,0.3903352916240692,0.38156864047050476
995_class-17,0.4051097631454468,0.38306623697280884,0.39341261982917786,0.33822351694107056,0.27646908164024353,0.3031224012374878
996_class-18,0.7982370257377625,0.7520530223846436,0.9041982293128967,0.9101458787918091,0.7633645534515381,0.9075936079025269
997_class-17,0.9699056148529053,0.9345546364784241,0.9296625256538391,0.9300527572631836,0.9298516511917114,0.9298442006111145
998_class-17,0.8776184916496277,0.7544664144515991,0.860790491104126,0.8606253266334534,0.8606435656547546,0.8607531785964966
999_class-18,0.22345006465911865,0.1204778179526329,0.10035741329193115,0.2071838229894638,0.18424056470394135,0.27484965324401855
