obj_name,iteration,miou,selected,support_query,decoder_confidence,temporal_stability,foreground_background_separation
0_class-8,0,0.4683963656425476,1,0.9960521459579468,0.9737268686294556,1.0,0.9731111526489258
0_class-8,1,0.35851848125457764,0,0.9835448265075684,0.9934300184249878,0.19236446785724623,0.9631692171096802
0_class-8,2,0.37404388189315796,0,0.9933130145072937,0.9805907011032104,0.7336284966794123,0.9593937397003174
0_class-8,3,0.3345834016799927,0,0.9808471202850342,0.9892020225524902,0.6177451409707952,0.9572864770889282
0_class-8,4,0.4462903141975403,0,0.9962756633758545,0.96546471118927,0.24116758094648785,0.9636020064353943
0_class-8,5,0.4414363205432892,0,0.9922960996627808,0.9671251773834229,0.3141203276063797,0.9372071623802185
1_class-9,0,0.033228550106287,0,0.8684086799621582,0.9650081396102905,1.0,0.5041963458061218
1_class-9,1,0.9535711407661438,0,0.9537399411201477,0.9912344217300415,0.06811278209500382,0.9837950468063354
1_class-9,2,0.03305080905556679,0,0.8607240319252014,0.9659197330474854,0.06746751453542614,0.4998069107532501
1_class-9,3,0.018220948055386543,0,0.8768243789672852,0.9353567361831665,0.8857216402542752,0.7105485796928406
1_class-9,4,0.6313053965568542,1,0.9614070057868958,0.9910095930099487,0.0003385978158494913,0.9755406975746155
1_class-9,5,0.26479876041412354,0,0.9189519286155701,1.003875970840454,0.06225317644875639,0.9677609205245972
2_class-9,0,0.9621632099151611,1,0.9820225238800049,1.0063073635101318,1.0,0.9833453297615051
2_class-9,1,0.9315367341041565,0,0.9825466871261597,1.0004305839538574,0.998161248478851,0.9794479012489319
2_class-9,2,0.931977391242981,0,0.9824912548065186,1.001043677330017,0.9994577079121085,0.980707585811615
2_class-9,3,0.9327694773674011,0,0.981867790222168,1.0045287609100342,0.9988763518891334,0.9822630286216736
2_class-9,4,0.9326528310775757,0,0.9820170402526855,1.0047279596328735,0.9996789426511311,0.9820244312286377
2_class-9,5,0.9326732158660889,0,0.9818230271339417,1.0064178705215454,0.9996521692597894,0.9826802611351013
3_class-5,0,0.9558002948760986,0,0.9632245898246765,1.0042774677276611,1.0,0.9586371779441833
3_class-5,1,0.8815646171569824,1,0.9654035568237305,1.0037351846694946,0.9876170149821439,0.9672600030899048
3_class-5,2,0.8935561180114746,0,0.9633128643035889,1.0041230916976929,0.9865954572321203,0.9611127376556396
3_class-5,3,0.881805956363678,0,0.9651012420654297,1.0029945373535156,0.9870598665878578,0.9673214554786682
3_class-5,4,0.8811328411102295,0,0.9651274681091309,1.002455234527588,0.9978314282662109,0.964021623134613
3_class-5,5,0.8784631490707397,0,0.9650286436080933,1.002823829650879,0.9975513651940997,0.9630175232887268
4_class-6,0,0.12152111530303955,1,0.8893755078315735,1.0032720565795898,1.0,0.9654363393783569
4_class-6,1,0.11537537723779678,0,0.8872524499893188,1.0040501356124878,0.9954976607062744,0.9692795276641846
4_class-6,2,0.11370225995779037,0,0.8817182779312134,1.0030726194381714,0.9879163324749884,0.959524393081665
4_class-6,3,0.11547861248254776,0,0.887829065322876,1.0041818618774414,0.9870192916543543,0.9694827198982239
4_class-6,4,0.11616157740354538,0,0.8884464502334595,1.002564787864685,0.9967785019767069,0.9653196930885315
4_class-6,5,0.11664314568042755,0,0.8893829584121704,1.002418875694275,0.9979331320011138,0.9651008248329163
5_class-5,0,0.4768282175064087,0,0.9818539619445801,0.9751524925231934,1.0,0.9221857786178589
5_class-5,1,0.39039117097854614,0,0.9769386053085327,0.9900486469268799,0.7435645158405038,0.9447756409645081
5_class-5,2,0.4259924590587616,0,0.9709480404853821,0.9599910974502563,0.8465568267149609,0.8434336185455322
5_class-5,3,0.9499797821044922,0,0.9664137959480286,0.992975115776062,0.1936973843223203,0.9857338070869446
5_class-5,4,0.454653263092041,1,0.9840261340141296,0.9803881645202637,0.2166160589940869,0.9433518648147583
5_class-5,5,0.9481682777404785,0,0.9671356081962585,0.9922022819519043,0.21655018043945,0.9844475984573364
6_class-6,0,0.4498588442802429,1,0.9620695114135742,0.9700404405593872,1.0,0.9662742614746094
6_class-6,1,0.3291982114315033,0,0.9824284315109253,0.9803898334503174,0.22548044069869205,0.924166738986969
6_class-6,2,0.32804450392723083,0,0.9827460050582886,0.9600746631622314,0.9541969425309049,0.8656435608863831
6_class-6,3,0.4274079501628876,0,0.9589323997497559,0.9920231103897095,0.21408255997099182,0.9730475544929504
6_class-6,4,0.3413575291633606,0,0.9803652167320251,0.9735424518585205,0.23022129589897627,0.9442143440246582
6_class-6,5,0.28192389011383057,0,0.9744229316711426,0.9737298488616943,0.6676631266115991,0.902039647102356
7_class-8,0,0.3957166075706482,0,0.9611903429031372,0.9166244268417358,1.0,0.8821671605110168
7_class-8,1,0.4100651144981384,0,0.9731190204620361,0.8480034470558167,0.006345564378797928,0.9468581676483154
7_class-8,2,0.3327309489250183,0,0.8641112446784973,0.942901611328125,0.3099014211524707,0.9044467210769653
7_class-8,3,0.4216153025627136,0,0.9875706434249878,0.9342728853225708,0.022846206351968094,0.9085661172866821
7_class-8,4,0.42298856377601624,1,0.98652184009552,0.9240013957023621,0.4394004054198229,0.9673712849617004
7_class-8,5,0.403586745262146,0,0.9539775848388672,0.9097394943237305,0.052548213194019894,0.9097694754600525
8_class-8,0,0.4837729334831238,1,0.9935566186904907,0.9394234418869019,1.0,0.967024028301239
8_class-8,1,0.3573255240917206,0,0.9703765511512756,0.9247188568115234,0.16226661399199574,0.5865519046783447
8_class-8,2,0.4324861764907837,0,0.9900318384170532,0.9845327138900757,0.1526360470555623,0.9899247884750366
8_class-8,3,0.3442525267601013,0,0.9784749746322632,0.9377319812774658,0.1236279144299335,0.5846365690231323
8_class-8,4,0.4326919913291931,0,0.9900268316268921,0.934487521648407,0.12312529073031454,0.9895696043968201
8_class-8,5,0.38255980610847473,0,0.9764648675918579,0.8875001668930054,0.1886725269834205,0.5312772393226624
9_class-9,0,0.9028872847557068,1,0.9821561574935913,0.9714599847793579,1.0,0.924744725227356
9_class-9,1,0.8162217140197754,0,0.9876980781555176,0.9775586128234863,0.9327980421080864,0.9494565725326538
9_class-9,2,0.7455894947052002,0,0.9804981350898743,1.0005472898483276,0.8232012109264996,0.9756022691726685
9_class-9,3,0.7536665201187134,0,0.98084557056427,0.9701979160308838,0.9620099771777109,0.967490017414093
9_class-9,4,0.7470839023590088,0,0.981294572353363,1.0079647302627563,0.972685306509162,0.990507960319519
9_class-9,5,0.7469606399536133,0,0.9812342524528503,1.0081084966659546,0.9990698635799917,0.9906601905822754
10_class-6,0,0.9140185117721558,1,0.9664011001586914,1.0099256038665771,1.0,0.9897223711013794
10_class-6,1,0.8926169872283936,0,0.9664400219917297,1.0095183849334717,0.9997124122857471,0.9892145395278931
10_class-6,2,0.8925354480743408,0,0.9664774537086487,1.0067781209945679,0.9992020014665919,0.9805701971054077
10_class-6,3,0.8926302790641785,0,0.9663501977920532,1.0103973150253296,0.999158890598266,0.9891998767852783
10_class-6,4,0.895806074142456,0,0.9656123518943787,1.0128564834594727,0.9952831539166285,0.994538426399231
10_class-6,5,0.8952715396881104,0,0.9656800627708435,1.005489706993103,0.9991339512579179,0.9790257215499878
11_class-8,0,0.4541047215461731,0,0.9914235472679138,0.9936517477035522,1.0,0.9812390208244324
11_class-8,1,0.44671884179115295,1,0.9927669167518616,0.9964580535888672,0.8788728164572801,0.9867043495178223
11_class-8,2,0.4390580654144287,0,0.991970956325531,0.9790784120559692,0.7878664679044134,0.961158275604248
11_class-8,3,0.44643422961235046,0,0.9924806356430054,0.9710904955863953,0.7991130017649455,0.9820104837417603
11_class-8,4,0.4818173050880432,0,0.9927915930747986,0.945248007774353,0.6797779352704938,0.9158152341842651
11_class-8,5,0.43798232078552246,0,0.9908684492111206,0.97432541847229,0.8187394571384757,0.9697300791740417
12_class-8,0,0.5569071769714355,1,0.9902234077453613,0.8870488405227661,1.0,0.8068124055862427
12_class-8,1,0.30379047989845276,0,0.9782004356384277,0.960771918296814,0.23396076628992835,0.8801493644714355
12_class-8,2,0.4806615114212036,0,0.9805172681808472,0.8712155818939209,0.20370035284538135,0.497444748878479
12_class-8,3,0.34551137685775757,0,0.9740464687347412,0.9410973787307739,0.29693144760783,0.7676697373390198
12_class-8,4,0.5768237709999084,0,0.9911383390426636,0.8807195425033569,0.27443945233481676,0.8020132780075073
12_class-8,5,0.5751543045043945,0,0.9880470037460327,0.9595996141433716,0.20909456740442656,0.9270366430282593
13_class-8,0,0.39393216371536255,1,0.934799313545227,0.854143500328064,1.0,0.8432484865188599
13_class-8,1,0.4166014492511749,0,0.8281652927398682,0.9779676198959351,0.10369578769258171,0.964934766292572
13_class-8,2,0.3860492706298828,0,0.8456567525863647,0.9666463136672974,0.5020822270046675,0.9490633010864258
13_class-8,3,0.41645196080207825,0,0.8419966697692871,0.8857861757278442,0.4970210879264001,0.900722861289978
13_class-8,4,0.2800039052963257,0,0.9408966302871704,0.8017117977142334,0.14817904490844108,0.39514490962028503
13_class-8,5,0.299213707447052,0,0.9513034820556641,0.8421906232833862,0.7406939643711778,0.48844170570373535
14_class-7,0,0.4861573576927185,0,0.9196425676345825,1.0025253295898438,1.0,0.9706190824508667
14_class-7,1,0.9517025351524353,1,0.9950464963912964,1.0133730173110962,0.3773532398179835,0.99521803855896
14_class-7,2,0.46510255336761475,0,0.9170885682106018,1.009934663772583,0.3755299456619096,0.9799641370773315
14_class-7,3,0.5202070474624634,0,0.9374234676361084,0.9732199907302856,0.8849582672689742,0.8363466858863831
14_class-7,4,0.4878781735897064,0,0.9257412552833557,0.9706684350967407,0.9290972003774772,0.8644739389419556
14_class-7,5,0.4667312502861023,0,0.9178600311279297,1.0030875205993652,0.9525779853716414,0.9748354554176331
15_class-7,0,0.9862968921661377,0,0.99100661277771,1.0099965333938599,1.0,0.9930608868598938
15_class-7,1,0.9557446241378784,0,0.9909557700157166,1.0098624229431152,0.9996345518997211,0.9929051995277405
15_class-7,2,0.955803394317627,0,0.9909115433692932,1.009718656539917,0.9996466388039332,0.9927622079849243
15_class-7,3,0.9557617902755737,0,0.9910227656364441,1.0095503330230713,0.9996222782712529,0.9928539395332336
15_class-7,4,0.9557973146438599,0,0.9909263849258423,1.0096582174301147,0.9995491928114529,0.9928300976753235
15_class-7,5,0.9557182788848877,1,0.9910292625427246,1.009946584701538,0.9994761655316919,0.9930760860443115
16_class-5,0,0.6386106014251709,0,0.9963036179542542,0.9547975063323975,1.0,0.9286862015724182
16_class-5,1,0.4487946331501007,1,0.9966037273406982,0.9944506883621216,0.47275592915040526,0.9848581552505493
16_class-5,2,0.5316916704177856,0,0.9954233169555664,0.9635438919067383,0.5559022138644328,0.9598544836044312
16_class-5,3,0.6063082218170166,0,0.9920859932899475,0.921798586845398,0.5029410903982909,0.883598268032074
16_class-5,4,0.5869362354278564,0,0.9955809116363525,0.9632738828659058,0.7450807376687549,0.9256994724273682
16_class-5,5,0.6524404287338257,0,0.9968953728675842,0.9804693460464478,0.6951965343696248,0.9731271862983704
17_class-7,0,0.30218228697776794,0,0.9639418125152588,0.9993038177490234,1.0,0.9350643157958984
17_class-7,1,0.391162246465683,1,0.987108588218689,0.9943258762359619,0.45557635467980295,0.9729428291320801
17_class-7,2,0.32789894938468933,0,0.9600496292114258,0.9990227222442627,0.5591593118560757,0.9723829627037048
17_class-7,3,0.3306090831756592,0,0.9614645838737488,0.9967871904373169,0.9812975152413106,0.9714237451553345
17_class-7,4,0.29565322399139404,0,0.9631030559539795,0.9999759197235107,0.7932013006207508,0.9346237182617188
17_class-7,5,0.2954079806804657,0,0.9628736972808838,0.9977213144302368,0.9910479769411625,0.9265183210372925
18_class-9,0,0.16991758346557617,0,0.92496657371521,0.9085907936096191,1.0,0.22622907161712646
18_class-9,1,0.4368375539779663,0,0.9569083452224731,0.9645367860794067,0.1396430107780338,0.9769474864006042
18_class-9,2,0.28596895933151245,0,0.9685207605361938,0.9361017942428589,0.0,0.8461609482765198
18_class-9,3,0.43711891770362854,1,0.9572718143463135,0.974929690361023,0.0,0.9813456535339355
18_class-9,4,0.41724109649658203,0,0.9474700689315796,0.9392980337142944,0.5914824430283482,0.4366791248321533
18_class-9,5,0.43738168478012085,0,0.9567335844039917,0.9729487895965576,0.5933421052631579,0.9823428392410278
19_class-7,0,0.9577922224998474,0,0.9610754251480103,0.9960806369781494,1.0,0.9568303823471069
19_class-7,1,0.9206374883651733,0,0.961158037185669,0.99604332447052,0.9988621629488502,0.9568747878074646
19_class-7,2,0.9214058518409729,1,0.9611520767211914,0.997463583946228,0.9984259051045649,0.96070396900177
19_class-7,3,0.9213321805000305,0,0.960989236831665,0.9960364103317261,0.9985783902087452,0.9560343027114868
19_class-7,4,0.920242190361023,0,0.9611489176750183,0.9956363439559937,0.9986238926636277,0.9551965594291687
19_class-7,5,0.9213966727256775,0,0.9611178636550903,0.996673583984375,0.9982670123822627,0.9580596685409546
20_class-7,0,0.8289103507995605,1,0.9930837154388428,1.0040147304534912,1.0,0.979519248008728
20_class-7,1,0.8041855692863464,0,0.9930471181869507,1.0029535293579102,0.9990371036076519,0.97617107629776
20_class-7,2,0.8040655255317688,0,0.9930061101913452,1.0039921998977661,0.9990495883690166,0.9780032634735107
20_class-7,3,0.8043316602706909,0,0.9932135343551636,1.0031604766845703,0.9988188774200175,0.9762722849845886
20_class-7,4,0.8044461011886597,0,0.9929217100143433,0.9987614154815674,0.9980366744087567,0.9720065593719482
20_class-7,5,0.8045264482498169,0,0.9928460717201233,1.0033681392669678,0.9981659847892165,0.9752682447433472
21_class-5,0,0.8970012664794922,1,0.710209846496582,0.9995189905166626,1.0,0.9095965027809143
21_class-5,1,0.13041213154792786,0,0.973090410232544,0.9419244527816772,0.17675397606503956,0.71153324842453
21_class-5,2,0.08500564098358154,0,0.9725952744483948,0.9365202188491821,0.4254769086137334,0.7687385678291321
21_class-5,3,0.1092931255698204,0,0.9746149182319641,0.9649323225021362,0.8196647749769038,0.8260795474052429
21_class-5,4,0.49780991673469543,0,0.7285789251327515,0.9730108976364136,0.27129661697487756,0.5058851838111877
21_class-5,5,0.46671292185783386,0,0.7275978922843933,1.0030696392059326,0.9895537425478566,0.623884916305542
22_class-7,0,0.6092175245285034,1,0.9862465858459473,1.0032589435577393,1.0,0.9752222895622253
22_class-7,1,0.5821874141693115,0,0.9861882925033569,1.0029667615890503,0.9984419928744086,0.9771618247032166
22_class-7,2,0.9324501156806946,0,0.974027693271637,1.0005120038986206,0.4350117765429558,0.9879053235054016
22_class-7,3,0.32793933153152466,0,0.9754297733306885,0.9940341711044312,0.0,0.9765045642852783
22_class-7,4,0.5822194218635559,0,0.9862334728240967,1.0021926164627075,0.551632359324667,0.9758620262145996
22_class-7,5,0.32775288820266724,0,0.9755275249481201,0.9996415376663208,0.5546200271531414,0.9850564002990723
23_class-6,0,0.3424251079559326,1,0.9677375555038452,0.9822076559066772,1.0,0.9479276537895203
23_class-6,1,0.32731884717941284,0,0.9649919867515564,0.9786520004272461,0.9616105643315965,0.9116923213005066
23_class-6,2,0.3564906716346741,0,0.9628859758377075,0.9727529287338257,0.7802187140500908,0.9700199961662292
23_class-6,3,0.40245187282562256,0,0.9821923971176147,0.9262804985046387,0.21405543921525405,0.9039022326469421
23_class-6,4,0.28378811478614807,0,0.9784103631973267,0.9401185512542725,0.29448658526139465,0.8307049870491028
23_class-6,5,0.3498699367046356,0,0.9571293592453003,0.9764084815979004,0.5737269782862837,0.9382832646369934
24_class-9,0,0.9905243515968323,1,0.937654435634613,1.0059722661972046,1.0,0.9762341976165771
24_class-9,1,0.9353492259979248,0,0.9366554617881775,1.0055423974990845,0.9993344730736353,0.975399374961853
24_class-9,2,0.9354134202003479,0,0.9371991157531738,1.0059373378753662,0.9996030728269764,0.976219117641449
24_class-9,3,0.9354560375213623,0,0.9372579455375671,1.0061436891555786,0.9995481688627288,0.976188063621521
24_class-9,4,0.9356333017349243,0,0.9374454021453857,1.0064061880111694,0.9994750175502853,0.9768508076667786
24_class-9,5,0.9354546070098877,0,0.9374328851699829,1.006216287612915,0.9994628250518862,0.9763581156730652
25_class-8,0,0.5217569470405579,0,0.9904959797859192,0.9763857126235962,1.0,0.9713859558105469
25_class-8,1,0.5004096031188965,0,0.9907387495040894,0.9877500534057617,0.9919731610337972,0.9752146005630493
25_class-8,2,0.5006058812141418,1,0.9905867576599121,0.9916232824325562,0.9947431661159507,0.9722546935081482
25_class-8,3,0.49048101902008057,0,0.993524432182312,0.9458963871002197,0.9299932009471784,0.9460790753364563
25_class-8,4,0.4875681400299072,0,0.9942721724510193,0.9389642477035522,0.9635044873413363,0.9295780062675476
25_class-8,5,0.49182596802711487,0,0.9917715787887573,0.9747803211212158,0.9426106355855035,0.9715206027030945
26_class-6,0,0.9904546737670898,1,0.9879319667816162,1.0041910409927368,1.0,0.9928677678108215
26_class-6,1,0.370866596698761,0,0.9863141179084778,1.0036702156066895,0.25154887375452234,0.956606924533844
26_class-6,2,0.37173599004745483,0,0.9865615367889404,1.0056623220443726,0.9975915599884814,0.9651817679405212
26_class-6,3,0.9717922210693359,0,0.9879465699195862,1.003944754600525,0.25222458667539693,0.9923079609870911
26_class-6,4,0.3713376522064209,0,0.9864654541015625,1.0044097900390625,0.2520304468944952,0.9643200039863586
26_class-6,5,0.3716474175453186,0,0.9866065979003906,1.0070515871047974,0.9990382665244784,0.9662424921989441
27_class-5,0,0.4501497745513916,1,0.9208289384841919,1.0026808977127075,1.0,0.9863348007202148
27_class-5,1,0.44105586409568787,0,0.9206359386444092,1.002205729484558,0.9973091695223201,0.9861198663711548
27_class-5,2,0.8393882513046265,0,0.8751207590103149,0.971266508102417,0.46110872139644304,0.8191124200820923
27_class-5,3,0.8507727384567261,0,0.8976269364356995,0.9719023704528809,0.9837190961875374,0.8801447153091431
27_class-5,4,0.4411325752735138,0,0.919893741607666,1.0040361881256104,0.465726098357491,0.9872264862060547
27_class-5,5,0.44141632318496704,0,0.9205777645111084,1.0014722347259521,0.9989532168451566,0.9862115383148193
28_class-7,0,0.3621836304664612,1,0.988389253616333,1.0012441873550415,1.0,0.98861163854599
28_class-7,1,0.3124843239784241,0,0.9883408546447754,1.004528284072876,0.9971316818774446,0.98924320936203
28_class-7,2,0.33066362142562866,0,0.9923588633537292,0.9951841235160828,0.8041968993057368,0.9708663821220398
28_class-7,3,0.3307057023048401,0,0.9922776222229004,0.9978538155555725,0.9968940080238126,0.973838746547699
28_class-7,4,0.33079907298088074,0,0.9925820827484131,0.9997752904891968,0.9934125826109347,0.9878504276275635
28_class-7,5,0.3307521343231201,0,0.9925252199172974,1.0006382465362549,0.9970389443192791,0.98836350440979
29_class-5,0,0.942190945148468,1,0.9927510023117065,1.0072412490844727,1.0,0.9938799738883972
29_class-5,1,0.9227273464202881,0,0.9927396774291992,1.008091688156128,0.9996243823979813,0.9938371181488037
29_class-5,2,0.922779381275177,0,0.9926901459693909,1.008911371231079,0.9995954536698132,0.9940719604492188
29_class-5,3,0.9232608079910278,0,0.9926143288612366,1.010092854499817,0.9988068088873493,0.9941678047180176
29_class-5,4,0.9227702617645264,0,0.9927095770835876,1.0079007148742676,0.998710571390081,0.9939737319946289
29_class-5,5,0.9232625961303711,0,0.9926199316978455,1.010777235031128,0.998883574102769,0.9940957427024841
30_class-6,0,0.8610621690750122,1,0.9819091558456421,0.9649152755737305,1.0,0.9091491103172302
30_class-6,1,0.3279729187488556,0,0.994859516620636,0.9353303909301758,0.054100398186295945,0.894582211971283
30_class-6,2,0.4872428774833679,0,0.9870854020118713,0.8745275735855103,0.1448053113224475,0.5853859186172485
30_class-6,3,0.7217322587966919,0,0.9861604571342468,0.9549180269241333,0.36035658243601537,0.9117247462272644
30_class-6,4,0.4312450587749481,0,0.9900179505348206,0.8679484128952026,0.3293518330382282,0.7065101861953735
30_class-6,5,0.41647469997406006,0,0.9913141131401062,0.9097659587860107,0.25069932065993034,0.7749895453453064
31_class-7,0,0.9758636951446533,0,0.9944343566894531,0.9785870313644409,1.0,0.9611238837242126
31_class-7,1,0.7826610803604126,1,0.9965377449989319,0.9856390953063965,0.955345081432236,0.970471203327179
31_class-7,2,0.7756950855255127,0,0.9947497844696045,0.9809345006942749,0.9515034240880437,0.9603822231292725
31_class-7,3,0.7796282768249512,0,0.9961516857147217,0.9811352491378784,0.9460309301727917,0.9660937190055847
31_class-7,4,0.7827931642532349,0,0.9965553283691406,0.9834318161010742,0.9933312162591299,0.969243049621582
31_class-7,5,0.7822339534759521,0,0.9964650273323059,0.9839388132095337,0.9983802839266999,0.9691735506057739
32_class-5,0,0.44622939825057983,0,0.989957332611084,0.988106369972229,1.0,0.9331817030906677
32_class-5,1,0.9555678367614746,0,0.974915623664856,1.0022790431976318,0.1966034271725826,0.9948669075965881
32_class-5,2,0.4808580279350281,0,0.992451548576355,0.9912616014480591,0.2683280145513163,0.9582658410072327
32_class-5,3,0.3209550678730011,0,0.9782039523124695,0.9780330657958984,0.7208829540226196,0.959806501865387
32_class-5,4,0.4772939682006836,1,0.9928585290908813,0.993159294128418,0.7308483070267492,0.9615817070007324
32_class-5,5,0.712121307849884,0,0.9827669262886047,0.9731574058532715,0.46152847358227206,0.8723968863487244
33_class-9,0,0.4632781744003296,1,0.9924818873405457,0.9854717254638672,1.0,0.9782884120941162
33_class-9,1,0.6834661960601807,0,0.9654231071472168,0.9793689250946045,0.45182617555206095,0.9347666501998901
33_class-9,2,0.5855203866958618,0,0.9810490012168884,1.002123236656189,0.7746279467930989,0.9889945983886719
33_class-9,3,0.5855618715286255,0,0.9810124635696411,1.0029630661010742,0.9991863191283961,0.9893818497657776
33_class-9,4,0.5873633623123169,0,0.9735238552093506,0.989875316619873,0.9869599758923924,0.9534999132156372
33_class-9,5,0.5855729579925537,0,0.9810448884963989,1.002415418624878,0.9867161501485874,0.9892573952674866
34_class-5,0,0.9815003275871277,0,0.8668296337127686,0.9942480325698853,1.0,0.9847529530525208
34_class-5,1,0.9550800323486328,0,0.8689974546432495,1.0010461807250977,0.9721193676557612,0.9931661486625671
34_class-5,2,0.9550288319587708,1,0.8693757057189941,1.00550377368927,0.9989190467343388,0.9937047362327576
34_class-5,3,0.953974723815918,0,0.868994951248169,0.9898525476455688,0.9909637536736141,0.9777479767799377
34_class-5,4,0.9550577402114868,0,0.8686494827270508,0.9995462894439697,0.9925226688320476,0.9930698275566101
34_class-5,5,0.9547398090362549,0,0.8690234422683716,1.0049190521240234,0.9972835256799623,0.9936296939849854
35_class-6,0,0.37149178981781006,1,0.9774073958396912,0.9978724718093872,1.0,0.9928849339485168
35_class-6,1,0.353169709444046,0,0.9764405488967896,0.9975980520248413,0.9751243781094527,0.9854902029037476
35_class-6,2,0.35203924775123596,0,0.977164089679718,0.9953233003616333,0.9853119710001197,0.9861193299293518
35_class-6,3,0.35147106647491455,0,0.9770541191101074,0.998597264289856,0.989301372877626,0.9927210211753845
35_class-6,4,0.3533584177494049,0,0.9764369130134583,0.9973067045211792,0.9745388016465925,0.9853570461273193
35_class-6,5,0.3515408933162689,0,0.9770184755325317,0.994631290435791,0.9753145027296464,0.9923070669174194
36_class-5,0,0.3566686809062958,0,0.9348959922790527,0.9923627376556396,1.0,0.9753918051719666
36_class-5,1,0.3584652245044708,0,0.9151787757873535,0.9806759357452393,0.8942696362051201,0.9570184350013733
36_class-5,2,0.3442489206790924,1,0.9361248016357422,0.994002103805542,0.8822620274233177,0.9758134484291077
36_class-5,3,0.3503069281578064,0,0.9179295301437378,0.9557782411575317,0.8962044136081392,0.9289085268974304
36_class-5,4,0.34289979934692383,0,0.934592604637146,0.9928950071334839,0.9015912228438567,0.9745564460754395
36_class-5,5,0.3436196446418762,0,0.9337488412857056,0.992110013961792,0.9929431606355593,0.9744821786880493
37_class-5,0,0.96727055311203,1,0.9772940874099731,1.012387752532959,1.0,0.9946326613426208
37_class-5,1,0.9402378797531128,0,0.9769539833068848,1.0118966102600098,0.9989804912757665,0.9943849444389343
37_class-5,2,0.9400734901428223,0,0.9770634174346924,1.0133388042449951,0.9984167463606418,0.9943146705627441
37_class-5,3,0.742557942867279,0,0.9874082803726196,0.9956756830215454,0.7462482728877318,0.9705820083618164
37_class-5,4,0.9397995471954346,0,0.9769937992095947,1.0093384981155396,0.7461991387643906,0.9939651489257812
37_class-5,5,0.9402928352355957,0,0.9770208597183228,1.0120036602020264,0.9979804851087349,0.9943537712097168
38_class-5,0,0.7959349751472473,1,0.7916660308837891,0.9919130802154541,1.0,0.9736581444740295
38_class-5,1,0.7758522033691406,0,0.792181134223938,0.9910897016525269,0.9875237893846479,0.977709174156189
38_class-5,2,0.7763199806213379,0,0.7926706075668335,0.9902874231338501,0.9873448956570784,0.9722504019737244
38_class-5,3,0.6827895641326904,0,0.8145610094070435,0.9404813051223755,0.7391533415874186,0.9297149777412415
38_class-5,4,0.7709102630615234,0,0.7936203479766846,0.9933196306228638,0.7519230769230769,0.9761543869972229
38_class-5,5,0.774166464805603,0,0.7928043007850647,0.9921424388885498,0.98738996786363,0.974397599697113
39_class-9,0,0.990617036819458,0,0.8854221105575562,0.9950448274612427,1.0,0.950908899307251
39_class-9,1,0.7510113716125488,0,0.8852351903915405,0.9986512660980225,0.9976432849988544,0.9602440595626831
39_class-9,2,0.750120997428894,0,0.8850021958351135,0.9951825141906738,0.9969940481061412,0.949726939201355
39_class-9,3,0.7513284683227539,0,0.88539719581604,0.9977530241012573,0.996091727216732,0.9637335538864136
39_class-9,4,0.7503148317337036,0,0.8846501708030701,0.9963349103927612,0.9967023682991306,0.9535937309265137
39_class-9,5,0.11947112530469894,1,0.9902679324150085,1.00070321559906,0.13558229949327275,0.9842699766159058
40_class-6,0,0.3352939486503601,0,0.7330817580223083,0.9180940389633179,1.0,0.47425398230552673
40_class-6,1,0.24409954249858856,0,0.9795979261398315,0.9941388368606567,0.13105600630451525,0.9859899282455444
40_class-6,2,0.8415647745132446,0,0.9418870210647583,0.982884407043457,0.08925916207469606,0.943627655506134
40_class-6,3,0.24393829703330994,0,0.9775782227516174,0.9844560623168945,0.08932602950699173,0.9882413148880005
40_class-6,4,0.27910861372947693,1,0.9788156747817993,0.9989904165267944,0.34257013018074967,0.9906734824180603
40_class-6,5,0.2442619502544403,0,0.9784179925918579,0.9514611959457397,0.3359697269287151,0.9212523698806763
41_class-7,0,0.9968855381011963,1,0.9622830152511597,1.0146584510803223,1.0,0.9955767393112183
41_class-7,1,0.9663683176040649,0,0.9622883796691895,1.014657735824585,0.9996540989277066,0.9955381751060486
41_class-7,2,0.9663723707199097,0,0.9622707962989807,1.0145964622497559,0.9997443493691445,0.995572030544281
41_class-7,3,0.9663907289505005,0,0.962189793586731,1.0144379138946533,0.9994587931086323,0.9957059621810913
41_class-7,4,0.9664431214332581,0,0.9623610973358154,1.0143969058990479,0.9992332556566188,0.9955493211746216
41_class-7,5,0.9664291739463806,0,0.962246298789978,1.0145282745361328,0.9996089049338147,0.9956148266792297
42_class-8,0,0.4437212646007538,0,0.9889269471168518,0.874911904335022,1.0,0.5591862797737122
42_class-8,1,0.40462690591812134,0,0.9807947874069214,0.9495981931686401,0.23657604652735512,0.8576719164848328
42_class-8,2,0.42243945598602295,1,0.9895249605178833,0.9839590787887573,0.7419552784664097,0.9667918086051941
42_class-8,3,0.4575003385543823,0,0.9967409372329712,0.921104907989502,0.27359527623355007,0.960212767124176
42_class-8,4,0.4111758768558502,0,0.9879597425460815,0.9623793363571167,0.2373674608001269,0.9122262597084045
42_class-8,5,0.4443432092666626,0,0.9903613328933716,0.9041461944580078,0.2104067819477862,0.8888224959373474
43_class-8,0,0.35586899518966675,0,0.9128173589706421,0.9769333600997925,1.0,0.9671359062194824
43_class-8,1,0.34467411041259766,0,0.9938197135925293,0.8430190086364746,0.045443949599420906,0.6831861138343811
43_class-8,2,0.33630555868148804,0,0.9777031540870667,0.9201259613037109,0.2575298039097925,0.7963982820510864
43_class-8,3,0.4823336601257324,1,0.9904314279556274,0.9748433828353882,0.058049907024173716,0.9696696400642395
43_class-8,4,0.3886815011501312,0,0.9937602281570435,0.9436650276184082,0.12321056289089645,0.9466891288757324
43_class-8,5,0.3596108555793762,0,0.997205376625061,0.9057821035385132,0.10375734552145782,0.9126917719841003
44_class-8,0,0.5665810108184814,0,0.9886682629585266,0.9791194200515747,1.0,0.9526330232620239
44_class-8,1,0.5255520939826965,1,0.9886691570281982,0.9846405982971191,0.9941949759208643,0.9547272324562073
44_class-8,2,0.5292581915855408,0,0.9596315026283264,0.9653457403182983,0.4986562997364782,0.8792330026626587
44_class-8,3,0.49444517493247986,0,0.9674839973449707,0.9699225425720215,0.8834283186301298,0.9076873064041138
44_class-8,4,0.5238723158836365,0,0.9873257875442505,0.9839199781417847,0.5634063017755817,0.9523868560791016
44_class-8,5,0.5387537479400635,0,0.9633827805519104,0.9646304845809937,0.4773018021934346,0.8844046592712402
45_class-8,0,0.5117272138595581,0,0.956998884677887,0.9210401773452759,1.0,0.7341614365577698
45_class-8,1,0.4463665187358856,1,0.9587770700454712,0.9468590021133423,0.5097713516302365,0.8555991053581238
45_class-8,2,0.49640339612960815,0,0.9414831399917603,0.9299976825714111,0.3183040382412986,0.8266389966011047
45_class-8,3,0.5802351236343384,0,0.9327592849731445,0.9517086744308472,0.5354511647488072,0.9208022356033325
45_class-8,4,0.4683997631072998,0,0.9538469910621643,0.9325821399688721,0.491760781982696,0.7699633836746216
45_class-8,5,0.3658452332019806,0,0.9373541474342346,0.9087059497833252,0.5763326390496027,0.8774442672729492
46_class-8,0,0.4581383466720581,1,0.9893382787704468,0.844964861869812,1.0,0.5213176608085632
46_class-8,1,0.3976326584815979,0,0.9806939959526062,0.7849080562591553,0.3150078003120125,0.5541297793388367
46_class-8,2,0.3998067378997803,0,0.9959613680839539,0.853030800819397,0.7184184835665474,0.58527010679245
46_class-8,3,0.39428985118865967,0,0.9955755472183228,0.9064741134643555,0.7492546882513224,0.5930951237678528
46_class-8,4,0.42493388056755066,0,0.9825299978256226,0.9575085639953613,0.0,0.9682231545448303
46_class-8,5,0.39027276635169983,0,0.9906500577926636,0.8456593751907349,0.0005530099541791753,0.5668386220932007
47_class-7,0,0.9799360036849976,0,0.9876958131790161,1.0085126161575317,1.0,0.984002411365509
47_class-7,1,0.9474608302116394,0,0.9878571629524231,1.0085475444793701,0.999405686098255,0.983939528465271
47_class-7,2,0.947856068611145,0,0.9876171350479126,1.0084364414215088,0.9992643343340368,0.9843417406082153
47_class-7,3,0.947649359703064,0,0.9876722693443298,1.0084521770477295,0.9995242413880258,0.9841106534004211
47_class-7,4,0.9478484392166138,1,0.9877901077270508,1.0089383125305176,0.9993756085957883,0.9842569231987
47_class-7,5,0.9476491212844849,0,0.9877069592475891,1.008597493171692,0.9994350492473518,0.984538197517395
48_class-7,0,0.4121446907520294,0,0.9945885539054871,0.8802264928817749,1.0,0.6587791442871094
48_class-7,1,0.34295889735221863,0,0.9964860677719116,0.9657901525497437,0.46521494658283497,0.9958919286727905
48_class-7,2,0.33247920870780945,0,0.9951111078262329,0.9469047784805298,0.37044654510936204,0.9515019059181213
48_class-7,3,0.34097427129745483,0,0.9976881742477417,0.8816128969192505,0.6140149566731294,0.716194212436676
48_class-7,4,0.3429487347602844,1,0.9964540004730225,0.970297634601593,0.5960269144504966,0.9888803958892822
48_class-7,5,0.34295889735221863,0,0.9964857697486877,0.9502192139625549,0.9970200085142614,0.995762288570404
49_class-6,0,0.33295589685440063,0,0.9618087410926819,0.9922981262207031,1.0,0.9765127897262573
49_class-6,1,0.3186696767807007,0,0.963158130645752,0.9926676750183105,0.9951423063264168,0.9742870330810547
49_class-6,2,0.31786808371543884,0,0.9629232883453369,0.9937375783920288,0.983878044805496,0.9841085076332092
49_class-6,3,0.3187847435474396,0,0.9620605707168579,0.9958040714263916,0.9874512655292156,0.9777241945266724
49_class-6,4,0.31850945949554443,0,0.9622975587844849,0.9927992820739746,0.9934634727201328,0.9748728275299072
49_class-6,5,0.31802570819854736,1,0.9634267687797546,0.9940482378005981,0.9843250360524171,0.9837305545806885
50_class-9,0,0.7023268938064575,1,0.9186421036720276,0.9665472507476807,1.0,0.9672077894210815
50_class-9,1,0.27133527398109436,0,0.9504948854446411,0.9748251438140869,0.038521685918695744,0.9159497022628784
50_class-9,2,0.7943609952926636,0,0.9139249324798584,1.0007822513580322,0.039501702728353016,0.9938069581985474
50_class-9,3,0.557086169719696,0,0.9166495203971863,0.9725533723831177,0.29744061983995934,0.9610720872879028
50_class-9,4,0.2701079845428467,0,0.949097216129303,0.9702252149581909,0.21102716143840858,0.9048500657081604
50_class-9,5,0.6703738570213318,0,0.9188750386238098,0.9732375144958496,0.03676675898604644,0.9759374856948853
51_class-6,0,0.8662937879562378,0,0.9765951633453369,1.0168923139572144,1.0,0.9965065717697144
51_class-6,1,0.8483973741531372,0,0.9766138792037964,1.0078705549240112,0.9982351959171019,0.9962095022201538
51_class-6,2,0.8485532999038696,0,0.976517379283905,0.9574375152587891,0.9929523627502509,0.986552894115448
51_class-6,3,0.8483091592788696,0,0.9765069484710693,0.9586994647979736,0.9985344641183961,0.9849634766578674
51_class-6,4,0.8480504751205444,1,0.9766892194747925,1.0190271139144897,0.9923230974632844,0.996681809425354
51_class-6,5,0.8485230207443237,0,0.9765068292617798,0.9683800935745239,0.9901535380507344,0.9877373576164246
52_class-6,0,0.40735599398612976,0,0.9835084676742554,0.9547832012176514,1.0,0.9263179302215576
52_class-6,1,0.37970006465911865,0,0.9661495685577393,0.9401036500930786,0.6599163071052232,0.8406305313110352
52_class-6,2,0.3776029348373413,1,0.9876118302345276,1.001270055770874,0.48445306657707354,0.9799296259880066
52_class-6,3,0.377836138010025,0,0.9871387481689453,0.9831057786941528,0.9931368411700686,0.9747411012649536
52_class-6,4,0.3775254487991333,0,0.987345814704895,0.9937725067138672,0.9900013331555793,0.9798542261123657
52_class-6,5,0.35889989137649536,0,0.983985960483551,0.9804205894470215,0.7652271549490413,0.9590378403663635
53_class-7,0,0.9791539311408997,1,0.9882963299751282,1.0071941614151,1.0,0.9877743721008301
53_class-7,1,0.8746892213821411,0,0.9882588982582092,1.0073322057724,0.9993660344920217,0.988023042678833
53_class-7,2,0.8745343089103699,0,0.9882492423057556,1.0064949989318848,0.9993230101333562,0.9870482683181763
53_class-7,3,0.8746011257171631,0,0.9882662296295166,1.0069106817245483,0.9995270647921235,0.9874100089073181
53_class-7,4,0.8746154308319092,0,0.9882808327674866,1.00764000415802,0.9996453062189643,0.9875017404556274
53_class-7,5,0.874642014503479,0,0.9882701635360718,1.007651686668396,0.9995056421278883,0.9875556826591492
54_class-6,0,0.9904190897941589,1,0.9902950525283813,0.9981046915054321,1.0,0.9791331887245178
54_class-6,1,0.7369211912155151,0,0.9884529113769531,0.9893938302993774,0.6530966845140033,0.9672210812568665
54_class-6,2,0.7390373349189758,0,0.9880921244621277,0.995229959487915,0.9911857728003318,0.9767182469367981
54_class-6,3,0.7366265058517456,0,0.9882575273513794,0.9966826438903809,0.9921398510844933,0.9762163758277893
54_class-6,4,0.9445642232894897,0,0.9902769327163696,0.9968429803848267,0.6511248651702707,0.9788846969604492
54_class-6,5,0.9448673725128174,0,0.9901863932609558,0.9967405796051025,0.9969166136709642,0.9788613319396973
55_class-9,0,0.5516309142112732,0,0.9839645028114319,0.9941055774688721,1.0,0.9400310516357422
55_class-9,1,0.4171449542045593,0,0.9971553087234497,0.933438777923584,0.0,0.9906501770019531
55_class-9,2,0.5254125595092773,0,0.9842631220817566,0.9935302734375,0.0,0.9414910674095154
55_class-9,3,0.5642045140266418,0,0.9887150526046753,0.9051649570465088,0.6846045180686524,0.7997457385063171
55_class-9,4,0.9414750933647156,0,0.9917373657226562,0.9577272534370422,0.34926391160766646,0.9860760569572449
55_class-9,5,0.8797703385353088,1,0.9924181699752808,0.9930111169815063,0.8714574539779378,0.9831694960594177
56_class-8,0,0.4822772145271301,1,0.9920231103897095,0.906021237373352,1.0,0.9346016049385071
56_class-8,1,0.7036042809486389,0,0.9856621026992798,0.9681847095489502,0.16951138330448676,0.9618738889694214
56_class-8,2,0.5552883148193359,0,0.9882968664169312,0.9130237102508545,0.511955489211562,0.9195899367332458
56_class-8,3,0.4009397625923157,0,0.9929454326629639,0.933639645576477,0.14223245644639826,0.9069012403488159
56_class-8,4,0.5109856128692627,0,0.9937670826911926,0.9268893003463745,0.5626270624237626,0.8417762517929077
56_class-8,5,0.5050164461135864,0,0.9932030439376831,0.9012857675552368,0.7373749073387694,0.800497829914093
57_class-7,0,0.988253116607666,0,0.9921348094940186,1.005920648574829,1.0,0.9927370548248291
57_class-7,1,0.9456180334091187,0,0.9924167990684509,0.9934462308883667,0.9811585175957646,0.9896475076675415
57_class-7,2,0.946779191493988,0,0.9922152757644653,1.0020405054092407,0.9779274369355341,0.9912501573562622
57_class-7,3,0.9464401006698608,0,0.9922257661819458,1.0051259994506836,0.998211873162203,0.9923247694969177
57_class-7,4,0.9462471604347229,0,0.9922382831573486,1.005751132965088,0.999245582688108,0.9925068616867065
57_class-7,5,0.9464733004570007,1,0.9922289848327637,1.005871057510376,0.9994838812132761,0.9927836060523987
58_class-5,0,0.8212761878967285,0,0.9073811173439026,1.0007479190826416,1.0,0.9454464316368103
58_class-5,1,0.4747091829776764,1,0.9673113822937012,0.9938386678695679,0.515896410535369,0.9544205069541931
58_class-5,2,0.47580617666244507,0,0.9665683507919312,0.9919676780700684,0.99451061187627,0.9600295424461365
58_class-5,3,0.4835889935493469,0,0.9641127586364746,0.9936399459838867,0.9757290920116876,0.9573918581008911
58_class-5,4,0.8219531774520874,0,0.8964439034461975,0.9984607696533203,0.521542862893371,0.9377365112304688
58_class-5,5,0.49447935819625854,0,0.9617855548858643,0.9881941080093384,0.5391697451451077,0.9617297053337097
59_class-5,0,0.9943100810050964,0,0.9529731273651123,1.0023213624954224,1.0,0.9849808812141418
59_class-5,1,0.9566854238510132,0,0.9519461393356323,1.002137303352356,0.9805854104733592,0.9846896529197693
59_class-5,2,0.9628868103027344,0,0.9528752565383911,1.0017627477645874,0.984969135094201,0.9839736819267273
59_class-5,3,0.9612810611724854,1,0.9548101425170898,1.0031321048736572,0.9802178511950308,0.9910066723823547
59_class-5,4,0.564509391784668,0,0.9506864547729492,0.9688901901245117,0.423031625284782,0.918244481086731
59_class-5,5,0.9569399356842041,0,0.9516739845275879,1.002657413482666,0.4162338481850748,0.9837625026702881
60_class-6,0,0.6221251487731934,0,0.9836733341217041,0.7960304617881775,1.0,0.8934822678565979
60_class-6,1,0.45504286885261536,0,0.982928991317749,0.8613839149475098,0.017763943909954096,0.599571943283081
60_class-6,2,0.37072980403900146,0,0.9742028713226318,0.9189645051956177,0.1041388060213284,0.8954010605812073
60_class-6,3,0.6382823586463928,1,0.9875356554985046,0.9034315347671509,0.011103468605679474,0.9100527763366699
60_class-6,4,0.3369881808757782,0,0.9717479944229126,0.9172681570053101,0.02154337722695585,0.633929431438446
60_class-6,5,0.38737574219703674,0,0.9799162149429321,0.8833631277084351,0.6105349575631723,0.6902335286140442
61_class-8,0,0.36546677350997925,0,0.9266020059585571,0.7557921409606934,1.0,0.7149143218994141
61_class-8,1,0.320534348487854,0,0.8754136562347412,0.8859312534332275,0.7860650506050462,0.820366621017456
61_class-8,2,0.30823299288749695,0,0.9554836750030518,0.8897764682769775,0.45875726580453297,0.6683574318885803
61_class-8,3,0.42262375354766846,1,0.9791555404663086,0.8457966446876526,0.24495439493406146,0.924862802028656
61_class-8,4,0.10805732011795044,0,0.5625623464584351,0.8344286680221558,0.09813265768134899,0.26921236515045166
61_class-8,5,0.03258802741765976,0,0.5417541861534119,0.8735133409500122,0.8443582182213255,0.3657810091972351
62_class-8,0,0.6339296102523804,1,0.9966950416564941,0.942312479019165,1.0,0.9294400811195374
62_class-8,1,0.6563026905059814,0,0.9901667237281799,1.0021593570709229,0.6855935613682093,0.9906003475189209
62_class-8,2,0.7038888335227966,0,0.9965673089027405,0.941975474357605,0.5922706652353084,0.911087155342102
62_class-8,3,0.8379952907562256,0,0.9962514638900757,0.9468066692352295,0.6461763143919278,0.8975558280944824
62_class-8,4,0.6557427644729614,0,0.9921226501464844,0.9872754812240601,0.5161863998070895,0.9894860982894897
62_class-8,5,0.6563026905059814,0,0.9902942180633545,1.0020861625671387,0.9911725419594634,0.992419421672821
63_class-7,0,0.6378917694091797,1,0.9922740459442139,0.9756911993026733,1.0,0.9109392166137695
63_class-7,1,0.770628809928894,0,0.9917520880699158,1.0015833377838135,0.5608780953390954,0.9831306338310242
63_class-7,2,0.770628035068512,0,0.9920620918273926,1.0022525787353516,0.999012188883597,0.982160210609436
63_class-7,3,0.7704340219497681,0,0.9918898344039917,1.001927137374878,0.9991005608267786,0.9837036728858948
63_class-7,4,0.5162925720214844,0,0.9928948879241943,0.935664176940918,0.5830602634491439,0.7870494723320007
63_class-7,5,0.7707082033157349,0,0.9920173287391663,1.0012314319610596,0.5831225918489173,0.9815875291824341
64_class-6,0,0.9905799627304077,1,0.9935404658317566,1.0104906558990479,1.0,0.9942411184310913
64_class-6,1,0.9702966213226318,0,0.993523895740509,1.0104351043701172,0.9995651123459773,0.9942065477371216
64_class-6,2,0.9703417420387268,0,0.9935712814331055,1.0104482173919678,0.9996255315036722,0.9942668080329895
64_class-6,3,0.9702636003494263,0,0.993538498878479,1.0110691785812378,0.9997463063411334,0.9942072629928589
64_class-6,4,0.9703501462936401,0,0.9935128092765808,1.0103718042373657,0.9997463247285071,0.9942023158073425
64_class-6,5,0.9703042507171631,0,0.9935228228569031,1.0109609365463257,0.9996496992245065,0.9942113757133484
65_class-8,0,0.693343997001648,0,0.9921866655349731,0.9462305307388306,1.0,0.9009200930595398
65_class-8,1,0.5095702409744263,0,0.9863268136978149,0.8903300762176514,0.5033803549372684,0.6387323141098022
65_class-8,2,0.29969707131385803,1,0.9972178339958191,0.9644732475280762,0.3014006182753916,0.9335731267929077
65_class-8,3,0.3124735951423645,0,0.9940144419670105,0.9453997611999512,0.7778321746793303,0.8013415932655334
65_class-8,4,0.31122106313705444,0,0.9691983461380005,0.8144915103912354,0.22094058172238243,0.5190408825874329
65_class-8,5,0.7556532621383667,0,0.9600331783294678,0.9464426040649414,0.09564019376916581,0.8870680332183838
66_class-8,0,0.9982786178588867,1,0.9694880247116089,0.9911556243896484,1.0,0.9854223728179932
66_class-8,1,0.9107262492179871,0,0.9666605591773987,0.9836747646331787,0.8929164073843601,0.9716135263442993
66_class-8,2,0.9129998683929443,0,0.9616149067878723,0.9802937507629395,0.9937475171425117,0.9631531834602356
66_class-8,3,0.9751695394515991,0,0.9691174030303955,0.9918264150619507,0.8964733243083759,0.9874529242515564
66_class-8,4,0.9747879505157471,0,0.9700660109519958,0.9861879348754883,0.9983956702425824,0.9823712706565857
66_class-8,5,0.9104883670806885,0,0.9655665159225464,0.9812238216400146,0.8930675281151208,0.9671449065208435
67_class-9,0,0.17231686413288116,1,0.9524324536323547,0.9851973056793213,1.0,0.9225937724113464
67_class-9,1,0.25794079899787903,0,0.9664874076843262,0.9764293432235718,0.7996621602725091,0.8344778418540955
67_class-9,2,0.26017871499061584,0,0.9663956165313721,0.9776108264923096,0.9917768975030063,0.8405452370643616
67_class-9,3,0.16977034509181976,0,0.9535094499588013,0.9844914674758911,0.7966955109356185,0.9205236434936523
67_class-9,4,0.23545300960540771,0,0.9649714231491089,0.993661642074585,0.8436007082484215,0.8813033699989319
67_class-9,5,0.2131587713956833,0,0.9575173258781433,0.9826711416244507,0.8943325338387481,0.8177667260169983
68_class-9,0,0.7971357107162476,0,0.9964883327484131,0.9724692106246948,1.0,0.9569398164749146
68_class-9,1,0.7285336852073669,0,0.9960124492645264,0.9626652002334595,0.9765967947219408,0.945410430431366
68_class-9,2,0.7235358357429504,0,0.9966535568237305,0.9694572687149048,0.9616268142424559,0.9542830586433411
68_class-9,3,0.6217716932296753,1,0.9980454444885254,0.9904298782348633,0.659225107174634,0.9817057251930237
68_class-9,4,0.6219462752342224,0,0.9980067014694214,0.9874204397201538,0.9963645176926805,0.9816913604736328
68_class-9,5,0.6169774532318115,0,0.9982495307922363,0.9621681571006775,0.9476384792533635,0.9664342403411865
69_class-6,0,0.6538061499595642,0,0.9240403175354004,0.963793158531189,1.0,0.7639868855476379
69_class-6,1,0.9531272649765015,0,0.8879444599151611,0.8714866042137146,0.4055431802604524,0.947567880153656
69_class-6,2,0.4879189133644104,0,0.9332892298698425,0.9423737525939941,0.1982807509775244,0.7422754764556885
69_class-6,3,0.389751136302948,0,0.9137554168701172,0.932570219039917,0.5805028455217883,0.9152250289916992
69_class-6,4,0.6101210117340088,0,0.9333071112632751,0.9645166397094727,0.5518130949785626,0.8384338617324829
69_class-6,5,0.5803132057189941,1,0.9300062656402588,0.9686423540115356,0.8467973722028331,0.9108085632324219
70_class-7,0,0.9675303101539612,0,0.9941864013671875,0.9820923805236816,1.0,0.9670870900154114
70_class-7,1,0.7508170008659363,0,0.9943935871124268,0.981782078742981,0.5920932828149323,0.9581381678581238
70_class-7,2,0.602783739566803,0,0.9901019930839539,0.9739620685577393,0.5394234300403966,0.8799728155136108
70_class-7,3,0.9530158042907715,1,0.9952811598777771,1.0017917156219482,0.38298446995273466,0.9884012341499329
70_class-7,4,0.9517008066177368,0,0.9953066110610962,0.9983652830123901,0.9957807977235932,0.9854404330253601
70_class-7,5,0.6146894097328186,0,0.9917123317718506,0.9660733938217163,0.40200793555368525,0.8838645219802856
71_class-7,0,0.9849610328674316,1,0.9807632565498352,0.9900903701782227,1.0,0.9884037971496582
71_class-7,1,0.9592306017875671,0,0.9805545806884766,0.9913461208343506,0.9995393827729157,0.9884989857673645
71_class-7,2,0.9592451453208923,0,0.98056560754776,0.9919295310974121,0.9996033979837265,0.9886928200721741
71_class-7,3,0.9593216180801392,0,0.9800108671188354,0.9902817010879517,0.9993092244125209,0.9880831837654114
71_class-7,4,0.9592680931091309,0,0.980597972869873,0.9918781518936157,0.9992836676217765,0.9883891940116882
71_class-7,5,0.9593361616134644,0,0.9803248047828674,0.9920543432235718,0.9995011256651658,0.988670289516449
72_class-6,0,0.8867488503456116,1,0.9762871861457825,0.9159399271011353,1.0,0.8338685035705566
72_class-6,1,0.3814447820186615,0,0.9751402139663696,0.9826534390449524,0.08272158390282691,0.9959893226623535
72_class-6,2,0.6384149789810181,0,0.9495546221733093,0.9465808868408203,0.05170178748901724,0.6467993259429932
72_class-6,3,0.38190925121307373,0,0.9752671718597412,1.004303216934204,0.0521482996528728,0.9970787167549133
72_class-6,4,0.88069748878479,0,0.9682962894439697,0.9030122756958008,0.07556562030389047,0.5832473635673523
72_class-6,5,0.40131229162216187,0,0.9722466468811035,0.9639267921447754,0.10450860296956353,0.9885011911392212
73_class-6,0,0.3284892141819,0,0.9651849269866943,0.9404557943344116,1.0,0.8219642639160156
73_class-6,1,0.31674501299858093,0,0.96467524766922,0.9733643531799316,0.9889439412587707,0.9093762040138245
73_class-6,2,0.2984295189380646,0,0.9638616442680359,0.9744154214859009,0.9660729071569606,0.9373021721839905
73_class-6,3,0.31350016593933105,1,0.9654636383056641,0.9803026914596558,0.9725401434916296,0.9370049834251404
73_class-6,4,0.31087252497673035,0,0.9657036662101746,0.977508544921875,0.9930514046622834,0.9081693887710571
73_class-6,5,0.31406867504119873,0,0.964697003364563,0.9718549251556396,0.95979915041036,0.9506033658981323
74_class-8,0,0.4750972092151642,1,0.98816978931427,0.9563381671905518,1.0,0.9917833805084229
74_class-8,1,0.3529253304004669,0,0.9872065186500549,0.9072917699813843,0.06879049676025918,0.8855028748512268
74_class-8,2,0.4126388728618622,0,0.9958182573318481,0.8352428674697876,0.057228440800882865,0.7577944397926331
74_class-8,3,0.38749125599861145,0,0.9874261617660522,0.9433376789093018,0.0,0.9444288015365601
74_class-8,4,0.35680368542671204,0,0.985734224319458,0.9682742357254028,0.07037260720006303,0.8922137022018433
74_class-8,5,0.34876054525375366,0,0.9847948551177979,0.9015883207321167,0.6983744732089103,0.858073890209198
75_class-8,0,0.5778838396072388,0,0.9962716102600098,0.9606623649597168,1.0,0.9406909346580505
75_class-8,1,0.38774529099464417,0,0.9981967806816101,0.974052906036377,0.5004271402314323,0.9828974008560181
75_class-8,2,0.3876551687717438,0,0.9982061386108398,0.9801334738731384,0.9905612244897959,0.9828598499298096
75_class-8,3,0.5624196529388428,0,0.9972105622291565,0.9739607572555542,0.5174124046717509,0.9659639000892639
75_class-8,4,0.3860018849372864,1,0.9979758858680725,0.9904882907867432,0.5350523129215572,0.981160044670105
75_class-8,5,0.3732662498950958,0,0.9927579760551453,0.9364765882492065,0.4262788365095286,0.8434156179428101
76_class-8,0,0.4865654408931732,1,0.9984850883483887,0.9468425512313843,1.0,0.9476794004440308
76_class-8,1,0.45177263021469116,0,0.9941476583480835,0.8887118101119995,0.37970684862269394,0.8412303924560547
76_class-8,2,0.3468759059906006,0,0.9953505992889404,0.9283578395843506,0.07570770243581304,0.8115845322608948
76_class-8,3,0.4262904226779938,0,0.9975647926330566,0.9814215898513794,0.08457886407596273,0.9673555493354797
76_class-8,4,0.497462660074234,0,0.9886956810951233,0.925899863243103,0.49345742353736627,0.8903717398643494
76_class-8,5,0.44139018654823303,0,0.9987218976020813,0.8394004106521606,0.10170482221139795,0.9100297093391418
77_class-8,0,0.37303969264030457,1,0.8751676082611084,0.9852732419967651,1.0,0.9640827178955078
77_class-8,1,0.36540526151657104,0,0.8684121370315552,0.9855400323867798,0.9690723505373634,0.963769257068634
77_class-8,2,0.3636811077594757,0,0.8748378753662109,0.9850232601165771,0.9709408509791866,0.9641981720924377
77_class-8,3,0.3631472885608673,0,0.8737395405769348,0.9856647253036499,0.992820067639665,0.9652994275093079
77_class-8,4,0.36504316329956055,0,0.8655511140823364,0.9925671815872192,0.9758973062757276,0.9692443013191223
77_class-8,5,0.3654654920101166,0,0.8790662288665771,0.9095529317855835,0.9698602213162493,0.9177029132843018
78_class-9,0,0.3905865550041199,1,0.9420034885406494,0.993820071220398,1.0,0.9671928882598877
78_class-9,1,0.3871237635612488,0,0.9375925064086914,0.991073727607727,0.9878895235340901,0.9628761410713196
78_class-9,2,0.3858460783958435,0,0.9329630136489868,0.9734452962875366,0.9535610438811336,0.9368640780448914
78_class-9,3,0.37171655893325806,0,0.9261184334754944,0.9288133382797241,0.9621149666491794,0.8988209962844849
78_class-9,4,0.3831302523612976,0,0.926917314529419,0.9908050298690796,0.960594666798595,0.9671987295150757
78_class-9,5,0.016148049384355545,0,0.7939954400062561,0.9709434509277344,0.30053351593775396,0.7110587358474731
79_class-5,0,0.8401969075202942,0,0.9943357110023499,1.0029683113098145,1.0,0.9789782762527466
79_class-5,1,0.8176113367080688,1,0.9943996667861938,1.00552237033844,0.9975490545335366,0.9808904528617859
79_class-5,2,0.8190450668334961,0,0.9943187236785889,1.0030124187469482,0.9963276112392176,0.9774712324142456
79_class-5,3,0.8873746395111084,0,0.9904731512069702,0.9710203409194946,0.6662365103450232,0.963789165019989
79_class-5,4,0.8186042308807373,0,0.9942976832389832,1.0043890476226807,0.6664207165661582,0.9787212610244751
79_class-5,5,0.6837373971939087,0,0.985955536365509,0.9349150657653809,0.40350877192982454,0.7854872345924377
80_class-7,0,0.9820465445518494,1,0.9962875247001648,1.0040782690048218,1.0,0.986414909362793
80_class-7,1,0.9495717287063599,0,0.996067225933075,1.0020577907562256,0.9865656486760915,0.9857369065284729
80_class-7,2,0.9494240880012512,0,0.996140718460083,1.0003468990325928,0.997531372145649,0.9850001335144043
80_class-7,3,0.9529849290847778,0,0.996225893497467,1.0021159648895264,0.9834263619071377,0.9870004057884216
80_class-7,4,0.953010082244873,0,0.9962218403816223,1.0028018951416016,0.9992049511278781,0.9862672090530396
80_class-7,5,0.9346648454666138,0,0.9954758882522583,1.0042545795440674,0.9538424541205116,0.9831967949867249
81_class-8,0,0.770370602607727,0,0.9813470244407654,0.9227360486984253,1.0,0.7385633587837219
81_class-8,1,0.6467059850692749,0,0.9850780367851257,0.9763320684432983,0.6273806383539963,0.9613043069839478
81_class-8,2,0.4061792492866516,0,0.9885823726654053,0.9846844673156738,0.13903995803095218,0.9715007543563843
81_class-8,3,0.45455390214920044,0,0.980033278465271,0.8430898785591125,0.3244388668298805,0.8511006236076355
81_class-8,4,0.3737829625606537,1,0.9871929883956909,0.9962379932403564,0.3498546801854769,0.9900773167610168
81_class-8,5,0.4369692802429199,0,0.9907674789428711,0.9664664268493652,0.8569534827669318,0.9326211810112
82_class-9,0,0.9994908571243286,0,0.9935590028762817,1.010906457901001,1.0,0.995171308517456
82_class-9,1,0.9583970904350281,0,0.9935546517372131,1.0106381177902222,0.9996007027631368,0.9950989484786987
82_class-9,2,0.8296599984169006,0,0.9941802620887756,0.9755579233169556,0.7297851380494689,0.8860083222389221
82_class-9,3,0.9584125280380249,1,0.9935896396636963,1.0109580755233765,0.7298628677939023,0.995270848274231
82_class-9,4,0.9591342210769653,0,0.9936408996582031,0.9985520839691162,0.9977638759483561,0.9947817921638489
82_class-9,5,0.9583919048309326,0,0.9935647249221802,1.0109370946884155,0.9978438523171933,0.9952267408370972
83_class-5,0,0.9259394407272339,1,0.9902827739715576,0.9431017637252808,1.0,0.9548594355583191
83_class-5,1,0.47394147515296936,0,0.9938249588012695,0.944550096988678,0.07706827166209623,0.9857481718063354
83_class-5,2,0.9287972450256348,0,0.9881085753440857,0.9378023743629456,0.08290849551594537,0.9592997431755066
83_class-5,3,0.9057707786560059,0,0.9895803928375244,0.9748657941818237,0.8854341066730447,0.9686305522918701
83_class-5,4,0.8001513481140137,0,0.9752218127250671,0.9227415323257446,0.6802334879257956,0.8493732810020447
83_class-5,5,0.755164384841919,0,0.9917105436325073,0.9064210653305054,0.46486796785304246,0.8784986734390259
84_class-6,0,0.4430692195892334,1,0.9857959151268005,0.958118200302124,1.0,0.9621099233627319
84_class-6,1,0.47804319858551025,0,0.9780624508857727,0.9168659448623657,0.858801400959917,0.9142500758171082
84_class-6,2,0.7826852798461914,0,0.9943315982818604,0.911226749420166,0.08066979382567907,0.9165997505187988
84_class-6,3,0.4243236482143402,0,0.9833741784095764,0.9568332433700562,0.002082248828735034,0.9706069827079773
84_class-6,4,0.4361351430416107,0,0.9851369261741638,0.9628075361251831,0.878767803908579,0.9640592336654663
84_class-6,5,0.4184708893299103,0,0.8973453044891357,0.9696015119552612,0.0,0.9251453280448914
85_class-8,0,0.5529496669769287,1,0.9938166737556458,0.9788548946380615,1.0,0.9726268649101257
85_class-8,1,0.4815702736377716,0,0.9943510890007019,0.943274736404419,0.19804502677689387,0.9023275971412659
85_class-8,2,0.4972383677959442,0,0.9943621158599854,0.8752772808074951,0.19919269173571277,0.8566313982009888
85_class-8,3,0.7600967288017273,0,0.9918029308319092,0.8947827816009521,0.3389811448063875,0.9129594564437866
85_class-8,4,0.424210786819458,0,0.9916366338729858,0.9011306762695312,0.004473229232415818,0.954614520072937
85_class-8,5,0.504425048828125,0,0.9781420230865479,0.709650993347168,0.0008210501622551511,0.7621506452560425
86_class-8,0,0.7288966774940491,1,0.9924322962760925,0.9203990697860718,1.0,0.8661934733390808
86_class-8,1,0.3438601493835449,0,0.9842210412025452,0.9286037683486938,0.12005447657850464,0.8662981390953064
86_class-8,2,0.33970946073532104,0,0.9192888140678406,0.931320309638977,0.6348598718345672,0.7472874522209167
86_class-8,3,0.3245648145675659,0,0.9808955192565918,0.9548499584197998,0.5945712709738261,0.9053652286529541
86_class-8,4,0.4532046914100647,0,0.9584288597106934,0.9077563285827637,0.38937135573712794,0.6639766097068787
86_class-8,5,0.33692771196365356,0,0.9728376269340515,0.9670450687408447,0.5245967781615642,0.9130964279174805
87_class-6,0,0.9566676616668701,0,0.9853652715682983,1.00017249584198,1.0,0.9737546443939209
87_class-6,1,0.9239031076431274,0,0.9850225448608398,0.9897446632385254,0.9743463851724561,0.9759302735328674
87_class-6,2,0.8859303593635559,0,0.9865376353263855,0.976855993270874,0.9381692700658217,0.9266456365585327
87_class-6,3,0.9121828675270081,1,0.9854500889778137,1.0009437799453735,0.9337891327815762,0.9737967848777771
87_class-6,4,0.9125823974609375,0,0.9853680729866028,0.9803105592727661,0.9652858305988009,0.9502286314964294
87_class-6,5,0.8846153020858765,0,0.9865462183952332,0.9715245962142944,0.954948865272197,0.9340611100196838
88_class-7,0,0.9997509717941284,0,0.9970124363899231,1.0148720741271973,1.0,0.995393693447113
88_class-7,1,0.9376030564308167,0,0.9970149993896484,1.014944076538086,0.9994922169109278,0.995396614074707
88_class-7,2,0.9376220703125,0,0.9970219731330872,1.0149102210998535,0.9998248962510288,0.9954605102539062
88_class-7,3,0.9377104640007019,0,0.9970049262046814,1.0152637958526611,0.9995797289251567,0.99541836977005
88_class-7,4,0.9376509785652161,1,0.9970176219940186,1.0152522325515747,0.9995447063355865,0.9955609440803528
88_class-7,5,0.937704861164093,0,0.9970152974128723,1.0149762630462646,0.9996672737461474,0.9954832792282104
89_class-9,0,0.8951520323753357,1,0.9956569671630859,0.9920092821121216,1.0,0.9530428647994995
89_class-9,1,0.8953484296798706,0,0.9945100545883179,1.0007485151290894,0.9359453666317731,0.9707896709442139
89_class-9,2,0.8341948986053467,0,0.9946562051773071,0.9883428812026978,0.8882244480988688,0.9588173031806946
89_class-9,3,0.8880102634429932,0,0.994825005531311,0.991104245185852,0.9014188938694349,0.964897871017456
89_class-9,4,0.8885396718978882,0,0.9945827722549438,0.985936164855957,0.9902857238729594,0.9564957618713379
89_class-9,5,0.898868203163147,0,0.9944111108779907,0.9983751773834229,0.9780060343264142,0.9840102791786194
90_class-7,0,0.7171751260757446,1,0.995278537273407,1.0076594352722168,1.0,0.9946208000183105
90_class-7,1,0.25038474798202515,0,0.8601309061050415,0.9820133447647095,0.11254447962514581,0.6618896722793579
90_class-7,2,0.9575468897819519,0,0.9956603050231934,1.0063602924346924,0.214036446335271,0.9922434091567993
90_class-7,3,0.9575937390327454,0,0.9955999851226807,1.0077239274978638,0.9978520177322792,0.9922696352005005
90_class-7,4,0.9576829671859741,0,0.9956172108650208,1.0077176094055176,0.9993831109486383,0.9924213886260986
90_class-7,5,0.9574049711227417,0,0.9957085251808167,1.0067684650421143,0.9983315048454928,0.9923149347305298
91_class-5,0,0.3699829578399658,0,0.9703093767166138,1.0048396587371826,1.0,0.99286288022995
91_class-5,1,0.35614386200904846,0,0.9714326858520508,1.0080314874649048,0.9876837132573485,0.9943554997444153
91_class-5,2,0.35626932978630066,1,0.9718136787414551,1.0089727640151978,0.9983317087800855,0.9944554567337036
91_class-5,3,0.35617661476135254,0,0.9713183641433716,1.008094310760498,0.9986124132758297,0.9943385124206543
91_class-5,4,0.4840698838233948,0,0.9744502305984497,0.9758132696151733,0.7499351416793981,0.9532719254493713
91_class-5,5,0.3561478555202484,0,0.9720370769500732,1.008067011833191,0.7498054586851889,0.9942818880081177
92_class-6,0,0.45982325077056885,0,0.9974648952484131,0.9844383001327515,1.0,0.9798566102981567
92_class-6,1,0.4458775818347931,0,0.9974433183670044,0.9829767942428589,0.9975304180219251,0.9811087250709534
92_class-6,2,0.4472236633300781,1,0.9975061416625977,1.0149853229522705,0.8275469209090364,0.9936215877532959
92_class-6,3,0.4458692967891693,0,0.9974319934844971,0.9783275127410889,0.828156853339729,0.9809585809707642
92_class-6,4,0.4458935260772705,0,0.9974290132522583,0.9972397089004517,0.9971758202139166,0.9856373071670532
92_class-6,5,0.44583213329315186,0,0.9973942041397095,0.9974380731582642,0.9950257701066763,0.9907301068305969
93_class-8,0,0.29570508003234863,1,0.9860975742340088,0.9204567670822144,1.0,0.9656927585601807
93_class-8,1,0.24384832382202148,0,0.9857529401779175,0.990506649017334,0.9937944604207658,0.9829204678535461
93_class-8,2,0.2233094722032547,0,0.9675596952438354,0.8982242345809937,0.7837590514840456,0.7373268604278564
93_class-8,3,0.24371953308582306,0,0.9866886138916016,0.9588696956634521,0.78406244616139,0.9685330390930176
93_class-8,4,0.2270945906639099,0,0.9883939623832703,0.9679633378982544,0.8620181290049482,0.9609647989273071
93_class-8,5,0.24376192688941956,0,0.9863545298576355,0.9798557758331299,0.8607365902060351,0.9820811152458191
94_class-8,0,0.45829710364341736,0,0.9919576048851013,1.0094352960586548,1.0,0.9972222447395325
94_class-8,1,0.4234960079193115,0,0.9928094148635864,0.9837998151779175,0.5421540815350779,0.9314727187156677
94_class-8,2,0.42302262783050537,0,0.986609935760498,0.9408700466156006,0.36582999094320096,0.8744746446609497
94_class-8,3,0.44860389828681946,0,0.9919799566268921,1.009445071220398,0.5312480701537702,0.9975420832633972
94_class-8,4,0.44859930872917175,1,0.9921039938926697,1.009674072265625,0.998383931663396,0.9973317980766296
94_class-8,5,0.12986864149570465,0,0.7714982032775879,0.9364278316497803,0.08715371866038778,0.43329423666000366
95_class-5,0,0.540211021900177,0,0.9964282512664795,0.9881904125213623,1.0,0.980831503868103
95_class-5,1,0.5262290835380554,0,0.9958375692367554,0.9963592290878296,0.9945175052004371,0.9799672365188599
95_class-5,2,0.5264037847518921,0,0.9958568215370178,0.9976835250854492,0.9926238887421882,0.9853583574295044
95_class-5,3,0.940221905708313,0,0.975601077079773,1.0039279460906982,0.446584164667256,0.974312424659729
95_class-5,4,0.526894748210907,0,0.996658205986023,0.9773081541061401,0.44752650316143444,0.9730163812637329
95_class-5,5,0.5325132012367249,1,0.9966539144515991,0.9975937604904175,0.9723284898183253,0.9890004992485046
96_class-7,0,0.7400854825973511,1,0.9772501587867737,1.0051437616348267,1.0,0.9808468818664551
96_class-7,1,0.9494472146034241,0,0.9422568082809448,1.0163460969924927,0.7537341633684043,0.9924395084381104
96_class-7,2,0.7244257926940918,0,0.9769086837768555,1.0011053085327148,0.7558852175526241,0.9819258451461792
96_class-7,3,0.7232327461242676,0,0.9772343635559082,1.0071547031402588,0.9973306961194448,0.9825050830841064
96_class-7,4,0.7255585193634033,0,0.976881742477417,1.0032978057861328,0.9956668734220343,0.9841597676277161
96_class-7,5,0.9494528770446777,0,0.9424629211425781,1.0161306858062744,0.7569221801224133,0.992201566696167
97_class-9,0,0.977422833442688,0,0.9914810657501221,1.0065653324127197,1.0,0.9869598150253296
97_class-9,1,0.8022872805595398,0,0.9916806221008301,1.010644555091858,0.7522172055147948,0.9929782152175903
97_class-9,2,0.8022806644439697,0,0.9916713237762451,1.0108683109283447,0.999252595894616,0.9931054711341858
97_class-9,3,0.8022990822792053,1,0.991735577583313,1.0107059478759766,0.9990126224214768,0.9931023120880127
97_class-9,4,0.8022204041481018,0,0.9916933178901672,1.0108106136322021,0.9991726935496784,0.993112325668335
97_class-9,5,0.8022167682647705,0,0.9916943907737732,1.010056972503662,0.997865072587532,0.9927883744239807
98_class-7,0,0.6235539317131042,0,0.993635356426239,0.9814121723175049,1.0,0.8666399717330933
98_class-7,1,0.04585966467857361,0,0.775733470916748,0.9580408334732056,0.19404112714406468,0.5698474645614624
98_class-7,2,0.6451714038848877,0,0.9939018487930298,0.9789655208587646,0.1990568119345827,0.8982446193695068
98_class-7,3,0.3629596531391144,0,0.9110744595527649,0.9753636121749878,0.12154021811882358,0.8666956424713135
98_class-7,4,0.9644479751586914,0,0.9950516819953918,1.0024114847183228,0.15108129593276984,0.9940547943115234
98_class-7,5,0.9645682573318481,1,0.9950425624847412,1.0024752616882324,0.9991749855622474,0.9940868020057678
99_class-6,0,0.42278721928596497,1,0.9878134727478027,0.840599536895752,1.0,0.7874369621276855
99_class-6,1,0.4358215630054474,0,0.9849441051483154,0.9707136154174805,0.002499305748403221,0.9548056125640869
99_class-6,2,0.43460842967033386,0,0.9846169948577881,0.9680501222610474,0.9052801030264005,0.9675056338310242
99_class-6,3,0.4349058270454407,0,0.9847300052642822,0.884882926940918,0.9657532014728404,0.8846491575241089
99_class-6,4,0.43580344319343567,0,0.984907865524292,0.9729573726654053,0.9285926218969439,0.9565488696098328
99_class-6,5,0.4346237778663635,0,0.9847434759140015,0.9806220531463623,0.9015361776286065,0.9717432260513306
100_class-9,0,0.18022675812244415,0,0.9134723544120789,0.896417498588562,1.0,0.6208832859992981
100_class-9,1,0.3521004319190979,0,0.931960940361023,0.90928053855896,0.433248100262902,0.7402114868164062
100_class-9,2,0.4369575083255768,1,0.9423195123672485,0.9878187775611877,0.0,0.9700124263763428
100_class-9,3,0.16167621314525604,0,0.9115654826164246,0.8837276697158813,0.15092419970898507,0.6036105751991272
100_class-9,4,0.3509954512119293,0,0.9392281174659729,0.9028686285018921,0.4138478161965423,0.8204066753387451
100_class-9,5,0.1778677999973297,0,0.9128069877624512,0.8946062326431274,0.43516037984069655,0.5951571464538574
101_class-9,0,0.994760274887085,0,0.9920364022254944,1.0091793537139893,1.0,0.9955781102180481
101_class-9,1,0.9584015011787415,1,0.9920679926872253,1.0100644826889038,0.9990618159074325,0.9955852031707764
101_class-9,2,0.9596153497695923,0,0.9920476675033569,1.00486159324646,0.9940038583867772,0.9932419061660767
101_class-9,3,0.957963228225708,0,0.992079496383667,1.0048545598983765,0.9911099558097218,0.9934316873550415
101_class-9,4,0.6716147661209106,0,0.9872902035713196,0.9913961887359619,0.46624347997244364,0.9545146822929382
101_class-9,5,0.9581478238105774,0,0.9919334650039673,1.0089707374572754,0.4664237888932651,0.9952918291091919
102_class-5,0,0.9969073534011841,1,0.9696841239929199,0.9994637966156006,1.0,0.9852795600891113
102_class-5,1,0.9612815380096436,0,0.968735933303833,0.99992835521698,0.9855306548219934,0.9839847683906555
102_class-5,2,0.969368577003479,0,0.9697238802909851,1.0019322633743286,0.9854246185499611,0.986111044883728
102_class-5,3,0.9693395495414734,0,0.9695930480957031,1.0038317441940308,0.9974698818629455,0.9882973432540894
102_class-5,4,0.9693812131881714,0,0.9696292281150818,1.0043829679489136,0.9993967932752179,0.9887940883636475
102_class-5,5,0.45992976427078247,0,0.9846543073654175,0.9549379348754883,0.2596280183363018,0.9808526635169983
103_class-8,0,0.35687455534935,1,0.9589627385139465,0.8895900249481201,1.0,0.8947192430496216
103_class-8,1,0.43172913789749146,0,0.9801715612411499,0.814257025718689,0.12062797031024723,0.5354080200195312
103_class-8,2,0.4051108956336975,0,0.9605753421783447,0.7792071104049683,0.6333258578156538,0.518580436706543
103_class-8,3,0.3758121430873871,0,0.9876534938812256,0.7869194746017456,0.4425430941054337,0.47233304381370544
103_class-8,4,0.6304872632026672,0,0.9762084484100342,0.9018278121948242,0.2329635987951931,0.6623522043228149
103_class-8,5,0.7260174751281738,0,0.9733027815818787,0.8329681158065796,0.776848409748038,0.5380439758300781
104_class-8,0,0.4061388373374939,1,0.9824872016906738,0.9722501039505005,1.0,0.9728912115097046
104_class-8,1,0.3476926386356354,0,0.9833699464797974,0.9617199897766113,0.5598545386440255,0.8244226574897766
104_class-8,2,0.34872186183929443,0,0.9843876361846924,0.975470781326294,0.9322060048754899,0.9222927689552307
104_class-8,3,0.357301265001297,0,0.9856998920440674,0.8534663915634155,0.43760785480511755,0.7109304070472717
104_class-8,4,0.39106494188308716,0,0.9404311776161194,0.8890426158905029,0.3432203814004705,0.4390796720981598
104_class-8,5,0.2322908341884613,0,0.939827561378479,0.9760510921478271,0.45255258505610274,0.678626298904419
105_class-7,0,0.19424496591091156,1,0.9412426948547363,1.0096104145050049,1.0,0.9825447201728821
105_class-7,1,0.23160432279109955,0,0.958672046661377,1.004721999168396,0.8632992909646783,0.9815124273300171
105_class-7,2,0.23147575557231903,0,0.958543062210083,1.0041673183441162,0.9993150117802919,0.9818922281265259
105_class-7,3,0.23093163967132568,0,0.9591575860977173,1.004607915878296,0.9974015635678184,0.9821059703826904
105_class-7,4,0.23196770250797272,0,0.9584404230117798,1.0050026178359985,0.9957636666816891,0.9804316163063049
105_class-7,5,0.23139190673828125,0,0.9582186937332153,1.0044353008270264,0.9976445798999135,0.9814592599868774
106_class-7,0,0.9933198690414429,1,0.9947465658187866,1.0149521827697754,1.0,0.9963216781616211
106_class-7,1,0.9763796925544739,0,0.994748055934906,1.0132032632827759,0.9995105072157988,0.9961175322532654
106_class-7,2,0.9763397574424744,0,0.9947635531425476,1.0147452354431152,0.9996961820207272,0.9963015913963318
106_class-7,3,0.964176595211029,0,0.9947140216827393,1.0097508430480957,0.9740546927751519,0.9622321128845215
106_class-7,4,0.9764590263366699,0,0.994736909866333,1.010313630104065,0.9746955185053802,0.9956302642822266
106_class-7,5,0.9764391779899597,0,0.994735598564148,1.0117402076721191,0.9995272107120544,0.995959460735321
107_class-7,0,0.9905393123626709,1,0.9804168343544006,1.0011203289031982,1.0,0.9800060987472534
107_class-7,1,0.9697642922401428,0,0.9805275201797485,0.9987301826477051,0.9981204351601205,0.9789214134216309
107_class-7,2,0.9688365459442139,0,0.9801272749900818,1.0004675388336182,0.9957098601883178,0.9798991680145264
107_class-7,3,0.9682689309120178,0,0.980132520198822,1.001273512840271,0.9985748605399243,0.9801307916641235
107_class-7,4,0.9680070877075195,0,0.9802091717720032,1.0009576082229614,0.9987888163988152,0.980087161064148
107_class-7,5,0.9696452021598816,0,0.9803178310394287,1.0006643533706665,0.9972509850636855,0.9806556105613708
108_class-7,0,0.9925991892814636,0,0.9022620916366577,1.0042451620101929,1.0,0.9912106394767761
108_class-7,1,0.9547910690307617,0,0.9032732248306274,1.0039031505584717,0.9993215739484396,0.9912714958190918
108_class-7,2,0.9547251462936401,1,0.9037811756134033,1.003659725189209,0.9996608042331632,0.9912581443786621
108_class-7,3,0.9547966122627258,0,0.901752233505249,1.0043013095855713,0.9989145551372071,0.9909690022468567
108_class-7,4,0.9547339677810669,0,0.9024454355239868,1.0044848918914795,0.9995248035571848,0.9912209510803223
108_class-7,5,0.9547948241233826,0,0.9020073413848877,1.0037308931350708,0.9993380743054023,0.991054892539978
109_class-6,0,0.9995838403701782,1,0.9367810487747192,1.001883864402771,1.0,0.995000422000885
109_class-6,1,0.982400119304657,0,0.9368644952774048,1.0109715461730957,0.9972000861511954,0.9954529404640198
109_class-6,2,0.31411081552505493,0,0.968403697013855,0.9910098314285278,0.12922976192134628,0.9810132384300232
109_class-6,3,0.9821732044219971,0,0.9368327856063843,1.0067037343978882,0.12926458910884192,0.9954508543014526
109_class-6,4,0.9811235070228577,0,0.9368432760238647,1.0152450799942017,0.9958659937721465,0.9974116683006287
109_class-6,5,0.3495158851146698,0,0.9661640524864197,0.979232907295227,0.14390458954011787,0.9603142142295837
110_class-8,0,0.34569889307022095,0,0.9818804860115051,0.9467219114303589,1.0,0.8278905153274536
110_class-8,1,0.2813405394554138,0,0.9677099585533142,0.9868474006652832,0.4256078760176345,0.9704421162605286
110_class-8,2,0.32624751329421997,1,0.9820840358734131,0.9888472557067871,0.2344842538890997,0.9786195158958435
110_class-8,3,0.3263435959815979,0,0.9831503033638,0.981220006942749,0.9748059835789,0.9862388372421265
110_class-8,4,0.3193608522415161,0,0.9788991212844849,0.9823739528656006,0.6637698531615224,0.9836130738258362
110_class-8,5,0.27577054500579834,0,0.9678137898445129,0.9839563369750977,0.324645129711209,0.9732217192649841
111_class-7,0,0.34412986040115356,1,0.9435107111930847,0.9665641784667969,1.0,0.9594679474830627
111_class-7,1,0.3401801586151123,0,0.953891396522522,0.924586296081543,0.9433145611489561,0.8563247323036194
111_class-7,2,0.3213055729866028,0,0.9682148694992065,0.9594286680221558,0.8811561854807209,0.9369056820869446
111_class-7,3,0.33838939666748047,0,0.9478644132614136,0.9468369483947754,0.8928527562835673,0.9464001655578613
111_class-7,4,0.3405155837535858,0,0.9400723576545715,0.9455878734588623,0.9837648583318797,0.9523278474807739
111_class-7,5,0.33649832010269165,0,0.9795597791671753,0.8930301666259766,0.7776151022083209,0.6902390122413635
112_class-9,0,0.4247368574142456,1,0.9874145984649658,0.9252520799636841,1.0,0.669232964515686
112_class-9,1,0.618726909160614,0,0.9872901439666748,0.9943269491195679,0.41021309542663076,0.9765722751617432
112_class-9,2,0.9794073104858398,0,0.962165355682373,1.0037338733673096,0.5141735204437086,0.9911967515945435
112_class-9,3,0.9793059229850769,0,0.9622865319252014,1.0029537677764893,0.9994843868726707,0.9908026456832886
112_class-9,4,0.9788603782653809,0,0.9621458649635315,1.0048174858093262,0.9987966305655837,0.9910282492637634
112_class-9,5,0.8870081901550293,0,0.9659028649330139,0.997097373008728,0.8819560176798783,0.9738674163818359
113_class-7,0,0.9842789173126221,1,0.9969500303268433,0.95967698097229,1.0,0.9514319896697998
113_class-7,1,0.9361805319786072,0,0.9968159794807434,0.9589648246765137,0.9881144286986021,0.9549494981765747
113_class-7,2,0.9357333779335022,0,0.996742308139801,0.9595323801040649,0.9977860666586452,0.9540826082229614
113_class-7,3,0.9365324378013611,0,0.9968423247337341,0.9585202932357788,0.9954045665616053,0.954031765460968
113_class-7,4,0.9084048271179199,0,0.9964700937271118,0.9722318053245544,0.9136655987281093,0.9637902975082397
113_class-7,5,0.9348126649856567,0,0.9963417649269104,0.9619438648223877,0.9234847747835393,0.9529545903205872
114_class-7,0,0.9941301345825195,0,0.9866759181022644,1.0133553743362427,1.0,0.9936221837997437
114_class-7,1,0.9599932432174683,0,0.9865102171897888,1.0126491785049438,0.9976993759385031,0.9932631850242615
114_class-7,2,0.9590760469436646,0,0.9867055416107178,1.0129749774932861,0.9974520363050394,0.9936008453369141
114_class-7,3,0.9591108560562134,0,0.9866775274276733,1.0131131410598755,0.9994905405777545,0.9936599135398865
114_class-7,4,0.9590787887573242,1,0.9867390990257263,1.013300895690918,0.999545598501852,0.9936942458152771
114_class-7,5,0.9599530696868896,0,0.9864323139190674,1.0130541324615479,0.997603470835342,0.9933907985687256
115_class-8,0,0.431840181350708,0,0.9824275970458984,0.9638956785202026,1.0,0.9309567213058472
115_class-8,1,0.5102962255477905,0,0.9741814136505127,0.96156907081604,0.5840029379360999,0.9031639099121094
115_class-8,2,0.33114302158355713,1,0.9867441058158875,0.9886015057563782,0.43644771164334834,0.9532755613327026
115_class-8,3,0.35019516944885254,0,0.9883202910423279,0.9700613021850586,0.8684041746836919,0.9522769451141357
115_class-8,4,0.48519617319107056,0,0.9737261533737183,0.9528613090515137,0.5377485137122036,0.8968074321746826
115_class-8,5,0.3306872844696045,0,0.9866889715194702,0.9859190583229065,0.47049090792263704,0.940279483795166
116_class-7,0,0.9914512634277344,0,0.9975000619888306,1.005993366241455,1.0,0.9916284084320068
116_class-7,1,0.9730504751205444,1,0.9975065588951111,1.0059205293655396,0.9992041930792239,0.991780161857605
116_class-7,2,0.9729132056236267,0,0.9974994659423828,1.0057469606399536,0.9993135828230966,0.9914630651473999
116_class-7,3,0.9730643033981323,0,0.9975106716156006,1.0057132244110107,0.9992587508579273,0.9918047189712524
116_class-7,4,0.9728147983551025,0,0.9974982142448425,1.0058338642120361,0.9989842420249273,0.9913111329078674
116_class-7,5,0.9729838371276855,0,0.9975038766860962,1.0060397386550903,0.9993407498969922,0.9913147687911987
117_class-7,0,0.9611528515815735,1,0.9972840547561646,1.0127980709075928,1.0,0.9959259033203125
117_class-7,1,0.932456910610199,0,0.9973101019859314,1.0124741792678833,0.9985785542604605,0.995622992515564
117_class-7,2,0.9525635242462158,0,0.9967843294143677,0.9919875860214233,0.8982353368352255,0.9824892282485962
117_class-7,3,0.9320337176322937,0,0.9972793459892273,1.0119599103927612,0.8973212127073159,0.9961987137794495
117_class-7,4,0.9322659373283386,0,0.9972904324531555,1.0124578475952148,0.9991732120711038,0.9957414865493774
117_class-7,5,0.7539162039756775,0,0.9988439083099365,0.9964476823806763,0.6498603785293205,0.9812071323394775
118_class-8,0,0.7953327894210815,0,0.984642505645752,0.9387326240539551,1.0,0.9147688746452332
118_class-8,1,0.702659010887146,0,0.9887506365776062,0.9668933153152466,0.9051451642893192,0.9508747458457947
118_class-8,2,0.7202870845794678,0,0.9885752201080322,0.9572515487670898,0.9122802190242962,0.9212489128112793
118_class-8,3,0.5716591477394104,0,0.9839897751808167,0.937880277633667,0.5849223386791261,0.7771651148796082
118_class-8,4,0.7167800664901733,1,0.9898260831832886,0.9782407283782959,0.5886933638853583,0.9626686573028564
118_class-8,5,0.7198885679244995,0,0.9893414378166199,0.9744423627853394,0.9796175728781746,0.9490731358528137
119_class-7,0,0.9964892864227295,0,0.9847514629364014,1.006424903869629,1.0,0.9927927255630493
119_class-7,1,0.9802632331848145,0,0.9846959710121155,1.0083200931549072,0.9996914310399803,0.9934555888175964
119_class-7,2,0.9802348613739014,0,0.9845418930053711,1.00799560546875,0.9997428856458198,0.9931541681289673
119_class-7,3,0.9802134037017822,0,0.9846566915512085,1.0066026449203491,0.9997531448319842,0.9927330613136292
119_class-7,4,0.9802390336990356,1,0.984768271446228,1.0083258152008057,0.9996503280745418,0.9934752583503723
119_class-7,5,0.9802014827728271,0,0.9847106337547302,1.00519597530365,0.9993932101241348,0.9919137954711914
120_class-7,0,0.6802403330802917,1,0.9903374910354614,1.0084930658340454,1.0,0.9952024221420288
120_class-7,1,0.8151862025260925,0,0.9935154318809509,0.9750468730926514,0.6375524191730171,0.954042911529541
120_class-7,2,0.6636689901351929,0,0.9903316497802734,1.0086084604263306,0.6375935780643998,0.9951778650283813
120_class-7,3,0.8161994814872742,0,0.993517279624939,0.9862701892852783,0.63695412761558,0.9749158024787903
120_class-7,4,0.801061749458313,0,0.99314284324646,0.9971507787704468,0.4766301600673968,0.991624653339386
120_class-7,5,0.6628015041351318,0,0.9898935556411743,1.0039616823196411,0.6518394341615763,0.9893376231193542
121_class-5,0,0.979391872882843,0,0.9680435657501221,1.0134881734848022,1.0,0.991728663444519
121_class-5,1,0.944280207157135,0,0.9679864048957825,1.0124123096466064,0.9993004308322314,0.9909229278564453
121_class-5,2,0.9442936182022095,0,0.9677148461341858,1.0135209560394287,0.9993260018257673,0.9918171763420105
121_class-5,3,0.9442615509033203,0,0.9680273532867432,1.0122654438018799,0.9991213103565945,0.991119921207428
121_class-5,4,0.9444766640663147,0,0.9677362442016602,1.0141302347183228,0.9990788598331712,0.992223858833313
121_class-5,5,0.9443409442901611,1,0.9681957960128784,1.0136208534240723,0.999479646500836,0.9917986392974854
122_class-6,0,0.9942640066146851,1,0.9946938753128052,0.9990144968032837,1.0,0.9849817752838135
122_class-6,1,0.9519237875938416,0,0.9947178959846497,0.9992959499359131,0.9915043619395415,0.9840207099914551
122_class-6,2,0.9542171955108643,0,0.9944897890090942,0.9998883008956909,0.9930583756345178,0.9842699766159058
122_class-6,3,0.9521036744117737,0,0.9947965145111084,0.9984827041625977,0.992931382377949,0.9839150309562683
122_class-6,4,0.9544529318809509,0,0.9947924017906189,1.000026822090149,0.9936088840323749,0.9849064946174622
122_class-6,5,0.7427585124969482,0,0.995183527469635,0.9834016561508179,0.6545068470507457,0.9391089677810669
123_class-8,0,0.5674833059310913,1,0.9715255498886108,0.8518972396850586,1.0,0.37934499979019165
123_class-8,1,0.30030637979507446,0,0.9664934277534485,0.8817645311355591,0.24741400559271756,0.20180529356002808
123_class-8,2,0.3149164915084839,0,0.9751936197280884,0.9465978145599365,0.6024445617297913,0.3123096823692322
123_class-8,3,0.27558356523513794,0,0.9791028499603271,0.8875764608383179,0.5919406885884204,0.3642886281013489
123_class-8,4,0.1757662147283554,0,0.929951012134552,0.9540092945098877,0.3066551231282306,0.7131824493408203
123_class-8,5,0.1732739508152008,0,0.9307014346122742,0.9525423049926758,0.8486916178675493,0.49215471744537354
124_class-8,0,0.3948242664337158,0,0.9483689069747925,0.8403115272521973,1.0,0.507544994354248
124_class-8,1,0.4886346757411957,0,0.9870442748069763,0.7073732614517212,0.28455305269595355,0.5975900888442993
124_class-8,2,0.35292261838912964,0,0.9606345295906067,0.8863252401351929,0.22433762218884026,0.6384085416793823
124_class-8,3,0.5600064992904663,0,0.99776291847229,0.790856659412384,0.013412864398821972,0.711990475654602
124_class-8,4,0.4300374984741211,0,0.9847749471664429,0.9308154582977295,0.3320020286547483,0.9060648083686829
124_class-8,5,0.45697271823883057,1,0.9969947934150696,0.8965988159179688,0.13748089658685686,0.9066567420959473
125_class-7,0,0.9939286708831787,1,0.9298720955848694,0.9476052522659302,1.0,0.9598184823989868
125_class-7,1,0.9436727166175842,0,0.9303359389305115,0.9781906008720398,0.9473236591718492,0.9755346179008484
125_class-7,2,0.9450461864471436,0,0.9307547807693481,0.980215847492218,0.9949807595783838,0.9736981391906738
125_class-7,3,0.9460378289222717,0,0.9304075241088867,0.9803668856620789,0.9961527739057708,0.9720069766044617
125_class-7,4,0.9511619210243225,0,0.9280532598495483,0.988994836807251,0.9355715218811235,0.9801731705665588
125_class-7,5,0.9465113878250122,0,0.9300374388694763,0.9808602929115295,0.9368256041802744,0.9692860245704651
126_class-7,0,0.9977966547012329,1,0.8493624925613403,1.0153189897537231,1.0,0.9966042637825012
126_class-7,1,0.9707040190696716,0,0.849084734916687,1.0148597955703735,0.9993348776404211,0.9965983629226685
126_class-7,2,0.9707999229431152,0,0.8491708636283875,1.01510488986969,0.9995871464941857,0.9965535998344421
126_class-7,3,0.9707895517349243,0,0.8491451144218445,1.0153311491012573,0.999701725403818,0.9966221451759338
126_class-7,4,0.9708119630813599,0,0.8491633534431458,1.015519380569458,0.9995869854527099,0.9966221451759338
126_class-7,5,0.9707863330841064,0,0.849152684211731,1.015391230583191,0.9994952739286042,0.9965335130691528
127_class-9,0,0.9918725490570068,0,0.9453715682029724,1.0096155405044556,1.0,0.9916394352912903
127_class-9,1,0.9576108455657959,1,0.9457584619522095,1.0098559856414795,0.9989788602342103,0.9918003678321838
127_class-9,2,0.9575425386428833,0,0.9456639885902405,1.0099310874938965,0.9991310203992961,0.9917963147163391
127_class-9,3,0.9576245546340942,0,0.9455157518386841,1.009640097618103,0.9992181561515908,0.9916603565216064
127_class-9,4,0.9575380086898804,0,0.945647120475769,1.0099332332611084,0.9991094700260643,0.9917392134666443
127_class-9,5,0.9575185179710388,0,0.9456275105476379,1.0096287727355957,0.9992830295261477,0.9917306303977966
128_class-6,0,0.2461630403995514,0,0.9852387309074402,0.9209351539611816,1.0,0.865624189376831
128_class-6,1,0.22009843587875366,0,0.9814807772636414,0.9297508597373962,0.6939431721241551,0.9786341190338135
128_class-6,2,0.2136855274438858,0,0.9809970855712891,0.8736220598220825,0.528951403944794,0.8485894203186035
128_class-6,3,0.2543727457523346,0,0.9914273023605347,0.9211030006408691,0.20322011719861183,0.6614712476730347
128_class-6,4,0.21682211756706238,0,0.9844528436660767,0.8656695485115051,0.22984828809425775,0.8280642628669739
128_class-6,5,0.2187178134918213,1,0.9946776628494263,0.9825236201286316,0.0,0.9901924729347229
129_class-5,0,0.995032548904419,0,0.9907162189483643,0.9982538819313049,1.0,0.9283145666122437
129_class-5,1,0.9452884793281555,0,0.9912722110748291,1.0125950574874878,0.9910775566231984,0.9940136075019836
129_class-5,2,0.9453772306442261,0,0.9915400147438049,1.0115081071853638,0.9994827959112665,0.9935895204544067
129_class-5,3,0.9451620578765869,1,0.9917336702346802,1.0134004354476929,0.9984969045628341,0.9942061305046082
129_class-5,4,0.9451506733894348,0,0.9916092157363892,1.0132439136505127,0.9996618543531556,0.9943175315856934
129_class-5,5,0.9453637599945068,0,0.9913895130157471,1.0085159540176392,0.9985627054955378,0.9934718608856201
130_class-6,0,0.25047823786735535,0,0.8692305088043213,1.0132523775100708,1.0,0.99442458152771
130_class-6,1,0.2373097538948059,0,0.8697563409805298,1.0134695768356323,0.9997182304874612,0.994381844997406
130_class-6,2,0.2373131364583969,1,0.8706471920013428,1.0134495496749878,0.9996055708422941,0.9944952130317688
130_class-6,3,0.23730966448783875,0,0.8703098297119141,1.0123761892318726,0.999614965628639,0.9946003556251526
130_class-6,4,0.23730896413326263,0,0.8698875904083252,1.0129905939102173,0.999671281251761,0.9944416880607605
130_class-6,5,0.23730938136577606,0,0.8704519867897034,1.013574481010437,0.9996243461274782,0.9944313168525696
131_class-6,0,0.40514683723449707,0,0.9589114189147949,0.9831669330596924,1.0,0.9628375768661499
131_class-6,1,0.37364229559898376,0,0.9717620611190796,0.9587290287017822,0.2958014295173257,0.9026268720626831
131_class-6,2,0.39690977334976196,0,0.9555801153182983,0.9842044115066528,0.10604841413531818,0.9634053111076355
131_class-6,3,0.3781132996082306,0,0.9651662111282349,0.9891221523284912,0.6003598046774609,0.9801260828971863
131_class-6,4,0.40093132853507996,1,0.9710859656333923,0.9841214418411255,0.5817480377810297,0.9838944673538208
131_class-6,5,0.40048807859420776,0,0.9732171297073364,0.9732022285461426,0.9833602315098224,0.9829102754592896
132_class-8,0,0.6899959444999695,1,0.9876406788825989,0.9462025165557861,1.0,0.7851861119270325
132_class-8,1,0.4028899073600769,0,0.9855931997299194,0.9912775754928589,0.2704662035547311,0.9780746698379517
132_class-8,2,0.4030093848705292,0,0.9850389361381531,0.9873722791671753,0.9674499689544825,0.9716659188270569
132_class-8,3,0.5667154788970947,0,0.9876150488853455,0.9925241470336914,0.08821192818246161,0.9610421657562256
132_class-8,4,0.34891387820243835,0,0.9599246382713318,0.874580979347229,0.1307124089038719,0.7057094573974609
132_class-8,5,0.6093299388885498,0,0.9875332117080688,0.9973160028457642,0.1254981405921572,0.9659550786018372
133_class-7,0,0.4434048533439636,1,0.9967943429946899,0.9474583864212036,1.0,0.6950105428695679
133_class-7,1,0.3512684404850006,0,0.9972639083862305,0.9403196573257446,0.429972340960523,0.9188519716262817
133_class-7,2,0.41725555062294006,0,0.9957984685897827,0.982730507850647,0.4165039929015084,0.9630675911903381
133_class-7,3,0.5514687299728394,0,0.9927372932434082,0.9929519891738892,0.4888848437962183,0.9762383699417114
133_class-7,4,0.5538347959518433,0,0.9921706914901733,0.9957529306411743,0.9890434429740514,0.9773118495941162
133_class-7,5,0.5680030584335327,0,0.9917297959327698,0.9941694736480713,0.9451318718958726,0.9744898676872253
134_class-6,0,0.8678500056266785,0,0.8536173105239868,1.0092599391937256,1.0,0.980313241481781
134_class-6,1,0.8185391426086426,0,0.8534077405929565,1.0097335577011108,0.9995813650892428,0.9800671339035034
134_class-6,2,0.8108828067779541,0,0.8614667654037476,0.9941672086715698,0.9877721004713484,0.9599830508232117
134_class-6,3,0.8126293420791626,0,0.8600689768791199,0.9982587099075317,0.9971833239063241,0.9653250575065613
134_class-6,4,0.812940239906311,0,0.8599777221679688,1.0020687580108643,0.998966487943311,0.9679635167121887
134_class-6,5,0.8155794143676758,1,0.8572168350219727,1.0109450817108154,0.9957512399326569,0.9825246334075928
135_class-5,0,0.9846295118331909,1,0.9813355207443237,0.996289849281311,1.0,0.9811645150184631
135_class-5,1,0.94536292552948,0,0.9811526536941528,0.995155930519104,0.9994403606843949,0.9807397723197937
135_class-5,2,0.9454066753387451,0,0.9815176725387573,0.9979161024093628,0.9994340726021971,0.9825767278671265
135_class-5,3,0.9421278238296509,0,0.9828821420669556,0.9985110759735107,0.992056903513075,0.9740965366363525
135_class-5,4,0.9451227188110352,0,0.9822483062744141,0.9942543506622314,0.9924563677316254,0.9789114594459534
135_class-5,5,0.9454655051231384,0,0.9812892079353333,0.9985473155975342,0.999163737652555,0.9825870394706726
136_class-8,0,0.9975497722625732,1,0.9948319792747498,0.9617793560028076,1.0,0.9687919020652771
136_class-8,1,0.675751805305481,0,0.9744438529014587,0.9583203792572021,0.509394723478345,0.9412372708320618
136_class-8,2,0.7170829772949219,0,0.9856980443000793,0.9606363773345947,0.395794181763512,0.910982072353363
136_class-8,3,0.8024083375930786,0,0.9937424659729004,0.9765348434448242,0.4777096016490101,0.9818216562271118
136_class-8,4,0.8522191047668457,0,0.994605302810669,0.9865759611129761,0.6664435818498193,0.974601149559021
136_class-8,5,0.8528475761413574,0,0.994669497013092,0.9854139089584351,0.9950818026698786,0.9723167419433594
137_class-6,0,0.8028396368026733,1,0.9904013276100159,0.9367443323135376,1.0,0.8415117263793945
137_class-6,1,0.9645873308181763,0,0.9838923215866089,1.003029704093933,0.7214595632690803,0.990477979183197
137_class-6,2,0.9653187990188599,0,0.983877420425415,1.0025328397750854,0.9943216169758757,0.9886272549629211
137_class-6,3,0.9651132822036743,0,0.9840191006660461,1.000379204750061,0.9975022004424674,0.989027738571167
137_class-6,4,0.7352403402328491,0,0.9920790791511536,0.9786968231201172,0.6445438431615137,0.9424233436584473
137_class-6,5,0.9653459191322327,0,0.9838759899139404,1.0013196468353271,0.645142469309265,0.9891372919082642
138_class-6,0,0.9575852155685425,1,0.9747887849807739,1.0037332773208618,1.0,0.9833180904388428
138_class-6,1,0.9180666208267212,0,0.9747527837753296,1.0031403303146362,0.9995922943634695,0.9835070967674255
138_class-6,2,0.9181172847747803,0,0.9747945070266724,1.0034245252609253,0.9995922701210448,0.983451783657074
138_class-6,3,0.9179730415344238,0,0.9747936725616455,1.0026755332946777,0.9991847064518594,0.983240008354187
138_class-6,4,0.9181253910064697,0,0.9746882915496826,1.0029551982879639,0.9993377427215377,0.9830562472343445
138_class-6,5,0.9180310964584351,0,0.9747728109359741,1.002968192100525,0.9993378607809847,0.9830946922302246
139_class-6,0,0.3888276517391205,1,0.9900050163269043,0.9663747549057007,1.0,0.9452937245368958
139_class-6,1,0.38791611790657043,0,0.9920183420181274,0.9625258445739746,0.9244546671442846,0.9373809695243835
139_class-6,2,0.4131833016872406,0,0.9866960048675537,0.9955395460128784,0.7234309031775852,0.9901202321052551
139_class-6,3,0.44756898283958435,0,0.9813352227210999,0.9826943874359131,0.48431131706772373,0.9838826656341553
139_class-6,4,0.39045289158821106,0,0.9918844699859619,0.9506118297576904,0.358338666061144,0.9069585800170898
139_class-6,5,0.39832815527915955,0,0.9906185269355774,0.9397678375244141,0.8817996327280146,0.9137651324272156
140_class-6,0,0.9924576878547668,0,0.9909163117408752,1.0043599605560303,1.0,0.9918577671051025
140_class-6,1,0.9738301038742065,1,0.9909508228302002,1.0043349266052246,0.9994907652231819,0.9919100403785706
140_class-6,2,0.9738204479217529,0,0.990664005279541,1.004422664642334,0.9995690837152819,0.9916537404060364
140_class-6,3,0.9094401001930237,0,0.9893181920051575,0.9747449159622192,0.8822999314330493,0.9499194025993347
140_class-6,4,0.9731605052947998,0,0.9910291433334351,1.0009911060333252,0.8833509866227296,0.9909584522247314
140_class-6,5,0.5662854313850403,0,0.9593033790588379,0.9415496587753296,0.4469769694834647,0.6711834073066711
141_class-8,0,0.526641845703125,1,0.9780599474906921,0.9958599805831909,1.0,0.9915554523468018
141_class-8,1,0.7414616346359253,0,0.9746378660202026,0.995597243309021,0.43272983174461005,0.980293333530426
141_class-8,2,0.6898437142372131,0,0.9741683006286621,1.0037000179290771,0.871535124276036,0.9877775311470032
141_class-8,3,0.7828810214996338,0,0.9733809232711792,1.0114116668701172,0.7904326252132113,0.9922412037849426
141_class-8,4,0.7611173391342163,0,0.9599689245223999,0.9646046161651611,0.500446272653188,0.7190580368041992
141_class-8,5,0.7827383279800415,0,0.9731417298316956,1.0109789371490479,0.5003153043900073,0.9918372631072998
142_class-9,0,0.9938274621963501,1,0.9290423393249512,1.009926199913025,1.0,0.9746261239051819
142_class-9,1,0.4796672463417053,0,0.9867551326751709,0.9620972871780396,0.42129447547130233,0.9016461968421936
142_class-9,2,0.9679164886474609,0,0.9280335903167725,1.0115677118301392,0.42087072639082534,0.9768368005752563
142_class-9,3,0.45860445499420166,0,0.9879854917526245,0.986591100692749,0.38543969841052433,0.9740084409713745
142_class-9,4,0.8751288652420044,0,0.9401702880859375,0.9961807727813721,0.42623518463746995,0.9550355672836304
142_class-9,5,0.9673449993133545,0,0.9280705451965332,1.010672688484192,0.9009700095560995,0.9757528305053711
143_class-9,0,0.25218304991722107,0,0.9514973163604736,0.9534296989440918,1.0,0.9428689479827881
143_class-9,1,0.2478625476360321,0,0.9528723955154419,0.9555719494819641,0.9763148837645881,0.9518988728523254
143_class-9,2,0.24745488166809082,0,0.9511823058128357,0.9947580099105835,0.9920375950414514,0.9786566495895386
143_class-9,3,0.462465763092041,1,0.9797426462173462,1.0050969123840332,0.46631685849695326,0.9692062735557556
143_class-9,4,0.24756208062171936,0,0.9519116282463074,0.9940363168716431,0.4668055289770804,0.9776814579963684
143_class-9,5,0.3308447301387787,0,0.9717313051223755,0.965130090713501,0.6636565964198622,0.8457298278808594
144_class-9,0,0.25310081243515015,0,0.9053624868392944,0.9434318542480469,1.0,0.8668372631072998
144_class-9,1,0.9516798257827759,0,0.9806690812110901,0.9845144748687744,0.0032810791104629965,0.9723635315895081
144_class-9,2,0.4259405732154846,1,0.9913529753684998,0.9774261713027954,0.10346519472554432,0.9729070663452148
144_class-9,3,0.21616262197494507,0,0.8933170437812805,0.9539456367492676,0.0,0.8910832405090332
144_class-9,4,0.36866477131843567,0,0.9913856983184814,0.904032826423645,0.0,0.9002202153205872
144_class-9,5,0.38263770937919617,0,0.9970064163208008,0.8764849901199341,0.1822843225227535,0.8419181704521179
145_class-6,0,0.35738605260849,0,0.852082371711731,0.927797794342041,1.0,0.8615201711654663
145_class-6,1,0.3101905286312103,0,0.8357332348823547,0.9369100332260132,0.7708609599821536,0.8914916515350342
145_class-6,2,0.316770076751709,0,0.8476803302764893,0.8891762495040894,0.7542581788001536,0.8175880312919617
145_class-6,3,0.27618932723999023,0,0.844852089881897,0.894356369972229,0.6800612014817201,0.8262404203414917
145_class-6,4,0.3315404951572418,0,0.8381611108779907,0.916132926940918,0.6157026707743625,0.8738694787025452
145_class-6,5,0.3991871774196625,1,0.9867284893989563,0.990858793258667,0.2378151878262148,0.9829367399215698
146_class-5,0,0.295533686876297,1,0.9353338479995728,1.0022907257080078,1.0,0.9801074266433716
146_class-5,1,0.29652494192123413,0,0.9443265199661255,0.9850691556930542,0.970864222100602,0.9537480473518372
146_class-5,2,0.3422607481479645,0,0.9705325961112976,0.9996942281723022,0.9101915234488785,0.9725250601768494
146_class-5,3,0.4212351441383362,0,0.9448401927947998,0.9840743541717529,0.24517828496427008,0.9285131096839905
146_class-5,4,0.4442259967327118,0,0.9498286247253418,0.96897292137146,0.5400787460069831,0.958934485912323
146_class-5,5,0.34845688939094543,0,0.9489326477050781,0.9964443445205688,0.22075834988401885,0.9710944890975952
147_class-8,0,0.7266440987586975,0,0.9804031252861023,0.924318790435791,1.0,0.8212543725967407
147_class-8,1,0.7120946645736694,0,0.9848060011863708,0.9186800718307495,0.8735126859142607,0.8380626440048218
147_class-8,2,0.40932023525238037,0,0.7883281707763672,0.8650751113891602,0.32994183476831146,0.4983571171760559
147_class-8,3,0.5630998611450195,0,0.9464840292930603,0.9322752952575684,0.571232439901504,0.7765486240386963
147_class-8,4,0.8517893552780151,1,0.9878326654434204,0.9448492527008057,0.42711245191110125,0.9390188455581665
147_class-8,5,0.2819053828716278,0,0.7205648422241211,0.8778281211853027,0.13784142464738744,0.49934130907058716
148_class-9,0,0.9885432720184326,1,0.917229413986206,1.0097129344940186,1.0,0.9871862530708313
148_class-9,1,0.5116875171661377,0,0.9794516563415527,0.9848421812057495,0.47692307692307695,0.914243757724762
148_class-9,2,0.934613823890686,0,0.917275607585907,1.0094969272613525,0.4800616692362182,0.9839556813240051
148_class-9,3,0.5676312446594238,0,0.9624761343002319,0.9755388498306274,0.5565247586637961,0.6700472235679626
148_class-9,4,0.9377118349075317,0,0.9170153737068176,1.0080655813217163,0.5532396699920604,0.9866610765457153
148_class-9,5,0.9378927946090698,0,0.9166443347930908,1.0085537433624268,0.9994893487816828,0.9869340062141418
149_class-6,0,0.8361176252365112,0,0.9490413069725037,0.9079344272613525,1.0,0.6720898747444153
149_class-6,1,0.7571553587913513,0,0.9471017718315125,0.9406387805938721,0.7932150026718274,0.8447499871253967
149_class-6,2,0.3145861029624939,0,0.9984857439994812,0.8783307075500488,0.08299053747675098,0.9177605509757996
149_class-6,3,0.821704626083374,0,0.9461163282394409,0.9578088521957397,0.08319410115850374,0.9191291928291321
149_class-6,4,0.5329171419143677,0,0.9792053699493408,0.9716031551361084,0.47068187120058186,0.9307540059089661
149_class-6,5,0.32456931471824646,1,0.9959394931793213,0.9257855415344238,0.31069800911489565,0.9430530071258545
150_class-7,0,0.9876620173454285,0,0.9789229035377502,1.0004218816757202,1.0,0.9816211462020874
150_class-7,1,0.8659136295318604,0,0.983953595161438,1.004118800163269,0.8540679599113998,0.9880029559135437
150_class-7,2,0.8659738898277283,0,0.9839310646057129,1.0055475234985352,0.9991199731360221,0.9890605211257935
150_class-7,3,0.8661031126976013,1,0.9841808080673218,1.0063241720199585,0.9987484790544064,0.9891617298126221
150_class-7,4,0.9183057546615601,0,0.9784938097000122,1.0038315057754517,0.8531094169781206,0.9852984547615051
150_class-7,5,0.8661409616470337,0,0.984076976776123,1.0063985586166382,0.8532455688171616,0.989204466342926
151_class-7,0,0.3634268641471863,0,0.9987187385559082,0.9463778138160706,1.0,0.9858241081237793
151_class-7,1,0.7004419565200806,0,0.9703254699707031,0.9851237535476685,0.20537438613916018,0.9422140717506409
151_class-7,2,0.35040605068206787,0,0.9987499117851257,0.9154520630836487,0.2039802642471605,0.9811623692512512
151_class-7,3,0.6986706256866455,0,0.9681369662284851,0.990500807762146,0.20336502486905234,0.9389259815216064
151_class-7,4,0.42047131061553955,0,0.8930728435516357,1.009076476097107,0.5734981796116505,0.9886361956596375
151_class-7,5,0.3507024347782135,1,0.998764157295227,1.0014148950576782,0.11566458598162167,0.9933639168739319
152_class-7,0,0.9859452843666077,1,0.9677733182907104,1.0161036252975464,1.0,0.9924693703651428
152_class-7,1,0.9527568817138672,0,0.9677468538284302,1.0160176753997803,0.9997488122407383,0.9923816919326782
152_class-7,2,0.9527820348739624,0,0.9676927328109741,1.0158939361572266,0.9996914288994776,0.9923815131187439
152_class-7,3,0.9527406096458435,0,0.9678372740745544,1.015791893005371,0.9995119955792541,0.9924625754356384
152_class-7,4,0.9527597427368164,0,0.9677526354789734,1.0162512063980103,0.9995335151428162,0.9924821257591248
152_class-7,5,0.9527121186256409,0,0.967788815498352,1.0159282684326172,0.9995335084470856,0.9924730658531189
153_class-9,0,0.9977434873580933,0,0.9525635838508606,1.0036799907684326,1.0,0.9900031685829163
153_class-9,1,0.9269055128097534,0,0.9526343941688538,1.005469799041748,0.9916543194944211,0.9929552674293518
153_class-9,2,0.9270408153533936,0,0.9525821805000305,1.0055094957351685,0.9994557000302389,0.99295973777771
153_class-9,3,0.926612377166748,1,0.9525793790817261,1.0069105625152588,0.9987610298561586,0.9928081631660461
153_class-9,4,0.926629900932312,0,0.9524590969085693,1.006205439567566,0.9988522758162434,0.9928655624389648
153_class-9,5,0.9267947673797607,0,0.9526170492172241,1.0058149099349976,0.9991842407396218,0.9929484128952026
154_class-5,0,0.31251105666160583,0,0.9824607372283936,0.9759664535522461,1.0,0.9720654487609863
154_class-5,1,0.298691064119339,0,0.9822704792022705,0.9922500848770142,0.9710894704808277,0.984311044216156
154_class-5,2,0.7567955851554871,0,0.9545481204986572,0.9867756366729736,0.2661132712049209,0.9565675258636475
154_class-5,3,0.29839515686035156,1,0.9850977659225464,1.0030384063720703,0.26373231113897255,0.9899887442588806
154_class-5,4,0.37087947130203247,0,0.993747353553772,0.9379403591156006,0.060133909016957636,0.9688350558280945
154_class-5,5,0.44480010867118835,0,0.9784337282180786,0.9495611190795898,0.0903646730187885,0.8388460874557495
155_class-6,0,0.9987540245056152,1,0.9897156953811646,1.0075061321258545,1.0,0.9934725761413574
155_class-6,1,0.9710116386413574,0,0.9895738959312439,1.0043660402297974,0.998281456225253,0.9929762482643127
155_class-6,2,0.971096396446228,0,0.9895634055137634,1.0040041208267212,0.9995042619700079,0.9927409291267395
155_class-6,3,0.9713027477264404,0,0.989313542842865,1.0054643154144287,0.9890477764919822,0.9876251220703125
155_class-6,4,0.9710502624511719,0,0.9895374774932861,1.0044137239456177,0.9889115402628171,0.9928913116455078
155_class-6,5,0.9711188673973083,0,0.9896010160446167,1.0049018859863281,0.9994492709724497,0.9930236339569092
156_class-9,0,0.9695016741752625,0,0.9922142624855042,1.000925898551941,1.0,0.9763503074645996
156_class-9,1,0.6736515760421753,1,0.9977917671203613,1.012743353843689,0.5588161040735405,0.9878067374229431
156_class-9,2,0.6742650270462036,0,0.9977512359619141,1.0076215267181396,0.995511788156401,0.9822855591773987
156_class-9,3,0.6735918521881104,0,0.9978036880493164,1.012027382850647,0.9953799039020012,0.9874346852302551
156_class-9,4,0.6752669215202332,0,0.997745931148529,0.9792700409889221,0.9888623289290499,0.9661079049110413
156_class-9,5,0.6735987663269043,0,0.9978057742118835,1.012116551399231,0.9888103806046598,0.9876733422279358
157_class-9,0,0.9367802739143372,1,0.999036431312561,1.002956748008728,1.0,0.9935979247093201
157_class-9,1,0.9153749942779541,0,0.9989892244338989,1.0028690099716187,0.9978305257784584,0.9931365847587585
157_class-9,2,0.9148625135421753,0,0.9990865588188171,0.9998434782028198,0.9939672507900029,0.9905664324760437
157_class-9,3,0.9150867462158203,0,0.9991179704666138,0.9978183507919312,0.9985564430757387,0.9890769124031067
157_class-9,4,0.9697192907333374,0,0.9988230466842651,1.0116901397705078,0.8854122261062324,0.9960647821426392
157_class-9,5,0.915228009223938,0,0.9990701079368591,1.0011749267578125,0.8867399392235381,0.991894543170929
158_class-8,0,0.46432435512542725,1,0.9525750279426575,0.9499944448471069,1.0,0.9695578217506409
158_class-8,1,0.5621823668479919,0,0.947617769241333,0.8820148706436157,0.5950237947444651,0.8744723200798035
158_class-8,2,0.4311283528804779,0,0.939349889755249,0.930996298789978,0.06133301105806997,0.4935663640499115
158_class-8,3,0.11573126912117004,0,0.9553131461143494,0.9578830003738403,0.08472048623218338,0.3551035225391388
158_class-8,4,0.4971410930156708,0,0.9451040625572205,0.9501442909240723,0.03342016351584866,0.9536495208740234
158_class-8,5,0.4601931571960449,0,0.9542688131332397,0.8773624300956726,0.6869571027662702,0.9473903179168701
159_class-9,0,0.4238412380218506,1,0.9781389236450195,0.909996747970581,1.0,0.23567315936088562
159_class-9,1,0.6304002404212952,0,0.9821906089782715,0.975652813911438,0.05436194783947647,0.9389316439628601
159_class-9,2,0.6981683373451233,0,0.9849608540534973,0.945820689201355,0.8031847258357949,0.9101707935333252
159_class-9,3,0.6655845642089844,0,0.9836938977241516,0.9432629346847534,0.9022683817138885,0.8931949734687805
159_class-9,4,0.9620622396469116,0,0.9765114188194275,0.9929286241531372,0.46395150999574647,0.9923977255821228
159_class-9,5,0.13469676673412323,0,0.8347123861312866,0.9759503602981567,0.10123500275178866,0.7468268275260925
160_class-8,0,0.3485863208770752,0,0.9875985383987427,0.870011568069458,1.0,0.5380064845085144
160_class-8,1,0.23766939342021942,0,0.8829287886619568,0.8972741365432739,0.22570403092214247,0.7504770755767822
160_class-8,2,0.44614407420158386,1,0.9879775643348694,0.9722280502319336,0.15817231120593803,0.9314183592796326
160_class-8,3,0.30332306027412415,0,0.9855475425720215,0.9561877250671387,0.4043303121852971,0.9544364809989929
160_class-8,4,0.28763335943222046,0,0.981887698173523,0.8941768407821655,0.7062093387136622,0.8703088760375977
160_class-8,5,0.3370494246482849,0,0.7693036198616028,0.8917820453643799,0.1086588015236685,0.48246708512306213
161_class-9,0,0.9645159244537354,0,0.9793295860290527,1.0129621028900146,1.0,0.9952589869499207
161_class-9,1,0.9047207832336426,0,0.979320764541626,1.0127986669540405,0.9994632601578015,0.995312511920929
161_class-9,2,0.904660701751709,1,0.9797648191452026,1.0124276876449585,0.9991950630533941,0.9953338503837585
161_class-9,3,0.9047250151634216,0,0.9794121384620667,1.0125517845153809,0.9994633033677713,0.995336651802063
161_class-9,4,0.9047826528549194,0,0.9793127775192261,1.0128288269042969,0.9991412853884342,0.9953783750534058
161_class-9,5,0.9047978520393372,0,0.9792941212654114,1.0131727457046509,0.9994899876523327,0.9953272342681885
162_class-8,0,0.4019397497177124,0,0.9931454658508301,0.8280313014984131,1.0,0.7563593983650208
162_class-8,1,0.37927427887916565,0,0.9928613901138306,0.8725364208221436,0.5634595289767703,0.6768991351127625
162_class-8,2,0.37184011936187744,0,0.9887974262237549,0.861449122428894,0.20507414686439163,0.8771857023239136
162_class-8,3,0.36429348587989807,1,0.9941125512123108,0.9286346435546875,0.0032777861182004702,0.8845415115356445
162_class-8,4,0.385731041431427,0,0.992891252040863,0.9307281970977783,0.054193504873031394,0.8044182062149048
162_class-8,5,0.34421879053115845,0,0.9900376796722412,0.9202134609222412,0.09894934524413765,0.903578519821167
163_class-8,0,0.43094363808631897,1,0.9812034368515015,0.9392794370651245,1.0,0.861197829246521
163_class-8,1,0.3123764097690582,0,0.9845157861709595,0.9411534070968628,0.31091899973474163,0.7426571846008301
163_class-8,2,0.42955103516578674,0,0.9603968858718872,0.9705624580383301,0.17514506648619518,0.9581272006034851
163_class-8,3,0.32031553983688354,0,0.974044919013977,0.97562575340271,0.17521411619027963,0.9520478844642639
163_class-8,4,0.28683727979660034,0,0.9780147075653076,0.9882147312164307,0.7685019810720372,0.9107719659805298
163_class-8,5,0.32280755043029785,0,0.9749200940132141,0.9807336330413818,0.7585602310231023,0.9489014744758606
164_class-8,0,0.9985189437866211,1,0.955672025680542,0.9985072612762451,1.0,0.9877168536186218
164_class-8,1,0.9471397995948792,0,0.9556059241294861,0.9865783452987671,0.9978151483050848,0.9841503500938416
164_class-8,2,0.4719577729701996,0,0.9716638326644897,0.9491702318191528,0.1334139024969247,0.9183195233345032
164_class-8,3,0.7876635789871216,0,0.9701511263847351,0.9829739332199097,0.4042047492491519,0.9780600666999817
164_class-8,4,0.9107488989830017,0,0.9567234516143799,0.9701426029205322,0.6636659941021263,0.9690768718719482
164_class-8,5,0.9475882053375244,0,0.9556723833084106,0.9962973594665527,0.9265693340725683,0.9865497350692749
165_class-7,0,0.9591754674911499,1,0.9891546368598938,0.9984052181243896,1.0,0.9825614094734192
165_class-7,1,0.6430473327636719,0,0.9950681328773499,0.9574035406112671,0.5123032137529508,0.8720018863677979
165_class-7,2,0.6602934002876282,0,0.9942086935043335,0.9556325674057007,0.9515778099034768,0.8744136691093445
165_class-7,3,0.9084968566894531,0,0.9891684055328369,0.9976502656936646,0.5354791736189061,0.9813979864120483
165_class-7,4,0.9086546897888184,0,0.9891995191574097,0.997718334197998,0.9984452649990283,0.9824304580688477
165_class-7,5,0.6416937708854675,0,0.9952553510665894,0.9563990831375122,0.507627754066213,0.8744215369224548
166_class-9,0,0.27603450417518616,0,0.9176819324493408,0.9988009929656982,1.0,0.9684042930603027
166_class-9,1,0.5657832026481628,0,0.9774375557899475,0.9516403675079346,0.13650459390460257,0.6569222211837769
166_class-9,2,0.39133837819099426,0,0.9697561264038086,0.9814670085906982,0.2241920054249767,0.8837316036224365
166_class-9,3,0.27437669038772583,0,0.9175833463668823,1.0044349431991577,0.5930004187907058,0.9736713171005249
166_class-9,4,0.9423279762268066,1,0.9910092353820801,1.003179907798767,0.06235987052216479,0.9955670237541199
166_class-9,5,0.5528686046600342,0,0.9855704307556152,0.9501762390136719,0.21086949539074293,0.6676148176193237
167_class-8,0,0.2902297079563141,1,0.9671512842178345,0.9984532594680786,1.0,0.9900749921798706
167_class-8,1,0.3766317367553711,0,0.987425684928894,0.9984558820724487,0.355145689267593,0.9877424240112305
167_class-8,2,0.279276579618454,0,0.9669673442840576,0.9977660179138184,0.35512677745417165,0.9910879731178284
167_class-8,3,0.41255348920822144,0,0.9932997226715088,0.9737462997436523,0.13671176237454075,0.9676530361175537
167_class-8,4,0.3766036927700043,0,0.9878264665603638,0.9982925653457642,0.38417772961257113,0.9875569939613342
167_class-8,5,0.27919840812683105,0,0.9669504761695862,1.0005779266357422,0.35265495187302126,0.9735977053642273
168_class-5,0,0.992477297782898,1,0.974083423614502,1.014446496963501,1.0,0.9930002689361572
168_class-5,1,0.9723320007324219,0,0.9742517471313477,1.0142736434936523,0.9995325035270939,0.9928897023200989
168_class-5,2,0.9722256660461426,0,0.9739530086517334,1.0143640041351318,0.9992822447378524,0.9924497604370117
168_class-5,3,0.9718059301376343,0,0.9741981625556946,1.0130040645599365,0.9980127916103068,0.9930461049079895
168_class-5,4,0.9721660614013672,0,0.9739487171173096,1.013987421989441,0.9981211326647349,0.9923429489135742
168_class-5,5,0.9717252254486084,0,0.9742828011512756,1.0128360986709595,0.9976785744108756,0.9930559396743774
169_class-6,0,0.7807397842407227,1,0.9861292243003845,0.9486600160598755,1.0,0.905702531337738
169_class-6,1,0.9119510054588318,0,0.9689834117889404,1.0180124044418335,0.7295667394942952,0.9965024590492249
169_class-6,2,0.9470973014831543,0,0.9759372472763062,1.0021977424621582,0.9319203701290238,0.9888880848884583
169_class-6,3,0.911866307258606,0,0.9690729379653931,1.0164414644241333,0.9321995243215065,0.9967276453971863
169_class-6,4,0.947836697101593,0,0.976182758808136,0.9973628520965576,0.9296877538421549,0.9904726147651672
169_class-6,5,0.9138511419296265,0,0.9759880304336548,0.9323018789291382,0.9280863094270951,0.9362539052963257
170_class-8,0,0.45008113980293274,1,0.9934326410293579,0.9888977408409119,1.0,0.9456887245178223
170_class-8,1,0.4284617006778717,0,0.9929203987121582,0.9924744963645935,0.9885759619198731,0.9427335262298584
170_class-8,2,0.42689409852027893,0,0.9940112233161926,0.9473061561584473,0.9400747133840011,0.916745126247406
170_class-8,3,0.5133006572723389,0,0.9965795278549194,0.9302748441696167,0.2462554980720417,0.6787840127944946
170_class-8,4,0.4431644380092621,0,0.9931713342666626,0.9637079238891602,0.2721273820878672,0.9454512596130371
170_class-8,5,0.45913612842559814,0,0.9926015734672546,0.9659202098846436,0.958983017181448,0.9474514722824097
171_class-5,0,0.5298049449920654,1,0.9930109977722168,0.9656158685684204,1.0,0.9451194405555725
171_class-5,1,0.7353296279907227,0,0.9895750284194946,0.9867998361587524,0.5222317882633932,0.9483510255813599
171_class-5,2,0.7795116901397705,0,0.9872586131095886,0.9892233610153198,0.8218716681205777,0.9477843046188354
171_class-5,3,0.6957882046699524,0,0.9898123145103455,0.9846893548965454,0.8418057469504415,0.9262866973876953
171_class-5,4,0.5117267370223999,0,0.9935839772224426,0.958072304725647,0.5662825734748573,0.9402046203613281
171_class-5,5,0.8006428480148315,0,0.9858732223510742,0.9875012636184692,0.4592749904862449,0.946363627910614
172_class-5,0,0.5109671354293823,0,0.9468632340431213,0.9690456390380859,1.0,0.9496341943740845
172_class-5,1,0.9745761752128601,0,0.9468726515769958,1.009415864944458,0.3261670761670762,0.9945589303970337
172_class-5,2,0.9747331142425537,1,0.947213888168335,1.011738657951355,0.9992996123882258,0.9945955872535706
172_class-5,3,0.9746120572090149,0,0.9469804763793945,1.0091736316680908,0.9994147445983804,0.9945973753929138
172_class-5,4,0.7426729202270508,0,0.9541523456573486,0.9604330062866211,0.6803306229420066,0.838748037815094
172_class-5,5,0.941516637802124,0,0.945697009563446,0.9832050800323486,0.717175703847633,0.9372090101242065
173_class-5,0,0.9630060195922852,1,0.9218056201934814,0.9959549903869629,1.0,0.955005943775177
173_class-5,1,0.9261661767959595,0,0.9193922877311707,0.9965593814849854,0.997936579138056,0.9545219540596008
173_class-5,2,0.9278743267059326,0,0.9178019762039185,0.9944314956665039,0.9970123567273603,0.9563148021697998
173_class-5,3,0.9264307618141174,0,0.9186487793922424,0.9968898296356201,0.9980445619543364,0.9588847160339355
173_class-5,4,0.9273397922515869,0,0.9165875911712646,0.9956986904144287,0.9981882685220267,0.9563493132591248
173_class-5,5,0.927821934223175,0,0.9193748235702515,0.9962590932846069,0.9986299294998898,0.9571921825408936
174_class-5,0,0.6685824394226074,1,0.956943690776825,0.9405718445777893,1.0,0.9711580276489258
174_class-5,1,0.49416178464889526,0,0.987138032913208,0.9265447854995728,0.2684712851736054,0.7041881680488586
174_class-5,2,0.5036568641662598,0,0.9723676443099976,0.9814621210098267,0.6947307581157884,0.9052634835243225
174_class-5,3,0.4157358407974243,0,0.9824428558349609,0.9830384254455566,0.6982694587119715,0.9075631499290466
174_class-5,4,0.536293625831604,0,0.98917156457901,0.9828236103057861,0.5076012365040657,0.9420122504234314
174_class-5,5,0.6587895154953003,0,0.9570709466934204,0.9979830980300903,0.18495568779458063,0.9927077889442444
175_class-7,0,0.9977552890777588,1,0.9986752271652222,1.0021120309829712,1.0,0.9890103340148926
175_class-7,1,0.9142501354217529,0,0.9986739158630371,1.0008385181427002,0.98720071970394,0.9832800030708313
175_class-7,2,0.9142758846282959,0,0.9986816048622131,1.0007950067520142,0.9996479748198459,0.9831133484840393
175_class-7,3,0.7004245519638062,0,0.9967270493507385,1.0018794536590576,0.5497962645045195,0.9889267683029175
175_class-7,4,0.9108736515045166,0,0.9986733198165894,0.9981158971786499,0.5448280093255348,0.9889721870422363
175_class-7,5,0.7005437612533569,0,0.9966897368431091,1.001354694366455,0.5449618586007321,0.9887659549713135
176_class-7,0,0.995930552482605,0,0.9965861439704895,1.0068658590316772,1.0,0.9925421476364136
176_class-7,1,0.31393587589263916,0,0.940030038356781,0.9719785451889038,0.18992794784796616,0.8550610542297363
176_class-7,2,0.9507209062576294,0,0.9965474605560303,0.9999778270721436,0.18914247954048696,0.9900084137916565
176_class-7,3,0.3312561511993408,0,0.9608838558197021,0.9867575168609619,0.18482272865802038,0.9273505210876465
176_class-7,4,0.9509822130203247,1,0.9965993762016296,1.0070302486419678,0.18466920172672774,0.9925503730773926
176_class-7,5,0.3236251771450043,0,0.9534281492233276,0.9686830043792725,0.19454333634890367,0.8387318849563599
177_class-9,0,0.6258388161659241,1,0.9949358105659485,0.9896438121795654,1.0,0.9833124876022339
177_class-9,1,0.5754810571670532,0,0.9956218600273132,0.9846179485321045,0.8445067487098055,0.9333317279815674
177_class-9,2,0.6239694952964783,0,0.9956341981887817,0.9859541654586792,0.7971571083998782,0.9695833921432495
177_class-9,3,0.5740154981613159,0,0.9956293106079102,0.9809231758117676,0.7926386971476707,0.9393355250358582
177_class-9,4,0.6072518825531006,0,0.994989812374115,0.9857611656188965,0.837106420839306,0.9828711748123169
177_class-9,5,0.6066022515296936,0,0.9949376583099365,0.9886329174041748,0.9958795112247798,0.9823523759841919
178_class-9,0,0.5285027027130127,1,0.9126412868499756,0.9442862272262573,1.0,0.8607475161552429
178_class-9,1,0.5269859433174133,0,0.9046109914779663,0.9999562501907349,0.31580959315554746,0.9826725721359253
178_class-9,2,0.6029480695724487,0,0.8857585191726685,1.0050164461135864,0.5729702754124949,0.994576096534729
178_class-9,3,0.6043124198913574,0,0.8877957463264465,0.9846238493919373,0.9884223443418877,0.9908966422080994
178_class-9,4,0.48725318908691406,0,0.9061058759689331,0.9274744391441345,0.4414949437130319,0.8200831413269043
178_class-9,5,0.5038472414016724,0,0.9261394739151001,0.8971238136291504,0.6123336211773814,0.6564713716506958
179_class-5,0,0.8223382234573364,1,0.9878025054931641,1.0113641023635864,1.0,0.9947314262390137
179_class-5,1,0.7974720001220703,0,0.9873884916305542,1.0076837539672852,0.9986791123635083,0.9941927194595337
179_class-5,2,0.7975889444351196,0,0.9872680902481079,1.0118098258972168,0.9986414068986339,0.9947862029075623
179_class-5,3,0.7725298404693604,0,0.9938122034072876,1.0063188076019287,0.9452585279563981,0.973730742931366
179_class-5,4,0.9052269458770752,0,0.9887625575065613,1.0072988271713257,0.7421065768126794,0.970546543598175
179_class-5,5,0.7975901365280151,0,0.9875384569168091,1.0111253261566162,0.7077738673319375,0.9946671724319458
180_class-6,0,0.38724958896636963,1,0.9755054712295532,1.007733702659607,1.0,0.9893792271614075
180_class-6,1,0.3763445317745209,0,0.9761415719985962,1.010884165763855,0.9955190955466704,0.9908087253570557
180_class-6,2,0.37604713439941406,0,0.976626992225647,1.0084762573242188,0.9965302112894516,0.9893397092819214
180_class-6,3,0.3759150207042694,0,0.9762325286865234,1.006592035293579,0.9976943916075854,0.9883130192756653
180_class-6,4,0.3260114789009094,0,0.9824045300483704,1.0016855001449585,0.9070513560300058,0.9803609848022461
180_class-6,5,0.3761322498321533,0,0.9764937162399292,1.0088512897491455,0.9060544962267412,0.9899151921272278
181_class-5,0,0.9712405204772949,0,0.9523179531097412,0.9877653121948242,1.0,0.9367486834526062
181_class-5,1,0.9376304149627686,0,0.9525412321090698,0.9893554449081421,0.9882715071855577,0.9231929183006287
181_class-5,2,0.963835597038269,0,0.952366828918457,1.0124807357788086,0.9572751373573597,0.9801042675971985
181_class-5,3,0.9650236964225769,1,0.9536049962043762,1.0068897008895874,0.9916703368247707,0.9831187725067139
181_class-5,4,0.6580064296722412,0,0.9002655744552612,1.012716293334961,0.5687178899520617,0.9962723851203918
181_class-5,5,0.890377402305603,0,0.9472725987434387,0.9886354207992554,0.62790970077734,0.8740341663360596
182_class-5,0,0.5638320446014404,1,0.8828930854797363,0.997846245765686,1.0,0.9809079170227051
182_class-5,1,0.9659097194671631,0,0.8336194753646851,1.006140112876892,0.3393897567255498,0.9935095310211182
182_class-5,2,0.5121020674705505,0,0.901140570640564,0.9735803604125977,0.2958545352691284,0.944653332233429
182_class-5,3,0.558573842048645,0,0.8832428455352783,0.9997521638870239,0.8587228178357041,0.9700296521186829
182_class-5,4,0.5820655822753906,0,0.886701226234436,0.9590284824371338,0.9210291974742296,0.8843749761581421
182_class-5,5,0.6381581425666809,0,0.8648546934127808,0.986286997795105,0.8182522600086095,0.9355167746543884
183_class-6,0,0.4559048116207123,1,0.9967552423477173,0.9952932596206665,1.0,0.9902769327163696
183_class-6,1,0.41938361525535583,0,0.9966678619384766,0.9669603109359741,0.5910294117647059,0.9642079472541809
183_class-6,2,0.41172805428504944,0,0.9937355518341064,0.9748860597610474,0.595048344564899,0.9611369371414185
183_class-6,3,0.41113314032554626,0,0.9957831501960754,0.9678605794906616,0.9430141149653701,0.9548908472061157
183_class-6,4,0.4189215898513794,0,0.9967364072799683,0.9721486568450928,0.8152539756059904,0.9688471555709839
183_class-6,5,0.41909900307655334,0,0.9966946840286255,0.9625471830368042,0.7767603768587537,0.9616308808326721
184_class-6,0,0.3481103181838989,1,0.996588945388794,0.9901454448699951,1.0,0.9900146722793579
184_class-6,1,0.2035326063632965,0,0.9390319585800171,0.9587775468826294,0.0,0.9065849781036377
184_class-6,2,0.3617302477359772,0,0.9974122643470764,0.9464147090911865,0.0,0.8786009550094604
184_class-6,3,0.211702361702919,0,0.9475427269935608,0.9017690420150757,0.008031381881053746,0.6152034997940063
184_class-6,4,0.8405594825744629,0,0.9668104648590088,0.8508585691452026,0.003925751111917945,0.758837103843689
184_class-6,5,0.9432108402252197,0,0.9645635485649109,0.9776527881622314,0.8412748415898618,0.9248771071434021
185_class-9,0,0.9329255819320679,1,0.9951395988464355,0.9961529970169067,1.0,0.9870783090591431
185_class-9,1,0.8783125877380371,0,0.9952366352081299,0.9991248846054077,0.9954558709175739,0.9885916709899902
185_class-9,2,0.8773833513259888,0,0.9948199987411499,1.0034648180007935,0.9954357853848022,0.9885737299919128
185_class-9,3,0.8842169046401978,0,0.9947333335876465,0.9976833462715149,0.9513019377112154,0.9544488191604614
185_class-9,4,0.8780057430267334,0,0.9950888156890869,0.9996107816696167,0.952597750401714,0.988140344619751
185_class-9,5,0.8780920505523682,0,0.9953173398971558,1.0000543594360352,0.9984428602710397,0.9879488945007324
186_class-7,0,0.9961898922920227,1,0.9888292551040649,0.9981837868690491,1.0,0.9548786282539368
186_class-7,1,0.9578413963317871,0,0.9887507557868958,0.9984326958656311,0.9971311475409836,0.9566076993942261
186_class-7,2,0.9568629860877991,0,0.9887853860855103,0.9985657334327698,0.9953476038954778,0.9536949396133423
186_class-7,3,0.9569581747055054,0,0.9887782335281372,0.9983541369438171,0.9987788216233209,0.9535155296325684
186_class-7,4,0.957345187664032,0,0.988749623298645,0.9973129630088806,0.9936165608770917,0.9634544253349304
186_class-7,5,0.9573133587837219,0,0.9886865615844727,0.998315155506134,0.9954667340043049,0.9546734094619751
187_class-9,0,0.9949057102203369,1,0.9353395700454712,1.013522744178772,1.0,0.9850016236305237
187_class-9,1,0.793921947479248,0,0.9342535138130188,1.013864517211914,0.9975427277095202,0.9851844906806946
187_class-9,2,0.7955324649810791,0,0.9352371692657471,1.0136152505874634,0.9974331873773215,0.9847133755683899
187_class-9,3,0.7955310940742493,0,0.9352543354034424,1.0133848190307617,0.9998444391574093,0.9843749403953552
187_class-9,4,0.7954842448234558,0,0.9353617429733276,1.0137369632720947,0.9998352726923305,0.9844527840614319
187_class-9,5,0.7938650846481323,0,0.9343314170837402,1.0138134956359863,0.9977209802530719,0.9848473072052002
188_class-9,0,0.5767441987991333,0,0.9770848155021667,1.012402057647705,1.0,0.994044840335846
188_class-9,1,0.5499768257141113,0,0.9772429466247559,1.012668251991272,0.9997033361201758,0.9940908551216125
188_class-9,2,0.5499768257141113,0,0.9772561192512512,1.0122885704040527,0.9996763928590691,0.9941776990890503
188_class-9,3,0.9324764013290405,0,0.9117897152900696,1.004285454750061,0.5185428035590902,0.9741278886795044
188_class-9,4,0.5499704480171204,1,0.9772577881813049,1.0126738548278809,0.5185639550460397,0.9940623641014099
188_class-9,5,0.5499602556228638,0,0.9771658182144165,1.0119351148605347,0.9996494019606521,0.99406898021698
189_class-6,0,0.3138177990913391,0,0.8854326009750366,0.9442117214202881,1.0,0.760096549987793
189_class-6,1,0.1954050213098526,0,0.8246985077857971,0.9901514053344727,0.6061499684940138,0.9618298411369324
189_class-6,2,0.7233838438987732,1,0.9729667901992798,0.9640796184539795,0.09661187285211292,0.9291980266571045
189_class-6,3,0.3042851984500885,0,0.9331197738647461,0.9563082456588745,0.14831594634873324,0.9215699434280396
189_class-6,4,0.21002213656902313,0,0.8227829933166504,0.981133222579956,0.47256778047659687,0.8691895604133606
189_class-6,5,0.20600123703479767,0,0.8524543046951294,0.9942828416824341,0.9082673450129242,0.9424688816070557
190_class-7,0,0.998710036277771,1,0.9939026236534119,1.0067750215530396,1.0,0.9951499104499817
190_class-7,1,0.9611999988555908,0,0.9938476085662842,1.0045592784881592,0.991734093951918,0.9937732815742493
190_class-7,2,0.9599180221557617,0,0.9938178062438965,0.9978967905044556,0.9900627615062761,0.9925727248191833
190_class-7,3,0.9601230621337891,0,0.9938269853591919,1.0006531476974487,0.9977336122733612,0.9925945401191711
190_class-7,4,0.9591711759567261,0,0.9938197135925293,1.0058311223983765,0.9959361393323658,0.9926802515983582
190_class-7,5,0.9598456621170044,0,0.9938540458679199,1.001685619354248,0.9981412639405205,0.9924562573432922
191_class-7,0,0.9952517747879028,1,0.9968925714492798,1.005357027053833,1.0,0.960447371006012
191_class-7,1,0.9637728333473206,0,0.9967581033706665,1.0075957775115967,0.9950746812386156,0.9687948226928711
191_class-7,2,0.9638785123825073,0,0.9967926144599915,1.0069457292556763,0.9994024630182905,0.965907871723175
191_class-7,3,0.9634637832641602,0,0.996773362159729,1.0067955255508423,0.9990962494351558,0.963340163230896
191_class-7,4,0.9638305306434631,0,0.9967300295829773,1.008002758026123,0.9991400670456202,0.9687111377716064
191_class-7,5,0.9615490436553955,0,0.9967997074127197,1.0058304071426392,0.9961240310077519,0.9616296291351318
192_class-5,0,0.9931708574295044,0,0.859906792640686,1.0023856163024902,1.0,0.9794948697090149
192_class-5,1,0.4181281328201294,0,0.9893091320991516,1.0029845237731934,0.4269593240235219,0.9142234921455383
192_class-5,2,0.41871368885040283,1,0.9900899529457092,1.009871482849121,0.9921472708547889,0.9946110248565674
192_class-5,3,0.9387538433074951,0,0.8600391149520874,1.004432201385498,0.42702071362936883,0.9674113392829895
192_class-5,4,0.6464751362800598,0,0.916060209274292,0.9775905609130859,0.7253370870579628,0.62998366355896
192_class-5,5,0.9263270497322083,0,0.8623924255371094,1.0120869874954224,0.7263647427952523,0.8974061012268066
193_class-6,0,0.9578043222427368,1,0.9956405758857727,0.9559729695320129,1.0,0.9864122271537781
193_class-6,1,0.7274101376533508,0,0.9932562708854675,1.0002073049545288,0.5793614067561315,0.9782557487487793
193_class-6,2,0.7275018692016602,0,0.9930736422538757,0.9996724128723145,0.9961264332197087,0.978274405002594
193_class-6,3,0.5150049924850464,0,0.9746543169021606,0.9586646556854248,0.48705656759348037,0.7939528226852417
193_class-6,4,0.7226541638374329,0,0.9930702447891235,0.9962927103042603,0.48515425947882246,0.9425753355026245
193_class-6,5,0.7279514074325562,0,0.9929242730140686,1.003594994544983,0.9840235927683036,0.9810991287231445
194_class-6,0,0.5273099541664124,0,0.8288284540176392,0.9714409112930298,1.0,0.752059817314148
194_class-6,1,0.47796884179115295,0,0.8796454668045044,0.9827274084091187,0.9571698427690427,0.8717813491821289
194_class-6,2,0.46724259853363037,0,0.8747224807739258,0.9901204109191895,0.9821938167166777,0.8479188680648804
194_class-6,3,0.48001641035079956,1,0.8813979625701904,0.9815851449966431,0.9783278408673386,0.8693796396255493
194_class-6,4,0.48485785722732544,0,0.8762016296386719,0.9874638319015503,0.981590056944343,0.8845704197883606
194_class-6,5,0.7746939063072205,0,0.8032857179641724,0.9487528800964355,0.35669425565798624,0.9364383816719055
195_class-8,0,0.601300060749054,1,0.980789840221405,0.8293672800064087,1.0,0.8462700247764587
195_class-8,1,0.30552104115486145,0,0.9702562689781189,0.8216549754142761,0.0488693522930096,0.7994177341461182
195_class-8,2,0.29210662841796875,0,0.9817748069763184,0.9360493421554565,0.7395438072905564,0.7529345750808716
195_class-8,3,0.2951766550540924,0,0.9896130561828613,0.9534807205200195,0.8048253217221055,0.7251361012458801
195_class-8,4,0.3108930289745331,0,0.9844526648521423,0.8800674080848694,0.6680526250465434,0.8243347406387329
195_class-8,5,0.2842206358909607,0,0.9882798790931702,0.9469852447509766,0.5753592229464498,0.7272859811782837
196_class-7,0,0.623538076877594,1,0.9954949021339417,0.9676458239555359,1.0,0.9794104099273682
196_class-7,1,0.9559069871902466,0,0.9891992807388306,1.0049870014190674,0.45194222479897156,0.9872674942016602
196_class-7,2,0.5189430713653564,0,0.9892842769622803,0.9521665573120117,0.34143407864302233,0.8972963094711304
196_class-7,3,0.543982744216919,0,0.9934713840484619,0.963459849357605,0.8909440083530662,0.9179568886756897
196_class-7,4,0.6095535755157471,0,0.9953249096870422,0.998192548751831,0.6994113825619623,0.9828620553016663
196_class-7,5,0.5180709362030029,0,0.9934115409851074,0.9492572546005249,0.6142190481588543,0.8006546497344971
197_class-7,0,0.9980725646018982,1,0.9812307357788086,1.0088914632797241,1.0,0.9932162165641785
197_class-7,1,0.9670190811157227,0,0.9809837937355042,1.01060152053833,0.9994372442019099,0.9940288662910461
197_class-7,2,0.966966986656189,0,0.981044352054596,1.009748935699463,0.9998123667377399,0.9940937757492065
197_class-7,3,0.9669157266616821,0,0.9808282852172852,1.0110188722610474,0.9997271254370257,0.9939696788787842
197_class-7,4,0.40966910123825073,0,0.98241126537323,1.006448745727539,0.3529553912329032,0.9860238432884216
197_class-7,5,0.9669150114059448,0,0.9812020063400269,1.0085028409957886,0.3529831090061136,0.9932684302330017
198_class-6,0,0.9935131669044495,1,0.9835666418075562,0.9965016841888428,1.0,0.982326865196228
198_class-6,1,0.8713802695274353,0,0.9879754781723022,0.9893805980682373,0.871726978523095,0.9639057517051697
198_class-6,2,0.9397279024124146,0,0.9832249879837036,0.9957215785980225,0.8729465993232972,0.9819762706756592
198_class-6,3,0.9396587610244751,0,0.9832850694656372,0.9964567422866821,0.9971780448148909,0.9822683334350586
198_class-6,4,0.9395197033882141,0,0.9832863807678223,0.9957451820373535,0.9982973468547693,0.9822294116020203
198_class-6,5,0.9398095607757568,0,0.9833957552909851,0.9961414337158203,0.9969874445671089,0.9817797541618347
199_class-8,0,0.37902650237083435,0,0.9968085885047913,0.9241622686386108,1.0,0.7832694053649902
199_class-8,1,0.3635668456554413,0,0.9902981519699097,0.9310932159423828,0.3709077765155427,0.6212392449378967
199_class-8,2,0.3845234513282776,0,0.9937968254089355,0.9512228965759277,0.5643547316401544,0.8076754212379456
199_class-8,3,0.3453475832939148,1,0.9969565868377686,0.935178279876709,0.4568396557603964,0.8217918276786804
199_class-8,4,0.38643908500671387,0,0.9934604167938232,0.9336364269256592,0.44691529296556226,0.7479203939437866
199_class-8,5,0.34285372495651245,0,0.9965487718582153,0.8886464834213257,0.3162153050904596,0.6272954344749451
200_class-5,0,0.9837223291397095,1,0.9815492630004883,1.00779390335083,1.0,0.9943576455116272
200_class-5,1,0.9543187618255615,0,0.9815850257873535,1.0079103708267212,0.9991824397978396,0.9942852854728699
200_class-5,2,0.9542567729949951,0,0.9815393686294556,1.0066694021224976,0.9989217861170667,0.9941806197166443
200_class-5,3,0.36276108026504517,0,0.9598029851913452,0.9885697364807129,0.11011517517228085,0.9538634419441223
200_class-5,4,0.9542163014411926,0,0.9816250801086426,1.0081738233566284,0.10999431976816952,0.9942134022712708
200_class-5,5,0.9540207982063293,0,0.9819507002830505,1.001837134361267,0.9905856703993657,0.9891672730445862
201_class-5,0,0.5685898065567017,0,0.9296327233314514,0.9283897876739502,1.0,0.3752140998840332
201_class-5,1,0.48982328176498413,0,0.9460623860359192,0.9532781839370728,0.3083405606192011,0.5956417322158813
201_class-5,2,0.5929537415504456,0,0.942373514175415,0.9707901477813721,0.8262596475385549,0.8326247334480286
201_class-5,3,0.944334864616394,1,0.9786518216133118,0.9505840539932251,0.587209419274378,0.917046308517456
201_class-5,4,0.1838313192129135,0,0.951615035533905,0.923477292060852,0.0012537172413375406,0.9047433733940125
201_class-5,5,0.17639952898025513,0,0.9367814660072327,0.9523332118988037,0.9412371686633969,0.9579794406890869
202_class-5,0,0.8474200963973999,1,0.9720036387443542,1.0152369737625122,1.0,0.9948290586471558
202_class-5,1,0.8103426098823547,0,0.9719271659851074,1.0138083696365356,0.999570476858345,0.9947072863578796
202_class-5,2,0.810326099395752,0,0.9718486070632935,1.0152336359024048,0.9996494426137559,0.9948457479476929
202_class-5,3,0.810408890247345,0,0.9720094203948975,1.0149058103561401,0.999333911778368,0.9946669340133667
202_class-5,4,0.8103967905044556,0,0.9720320105552673,1.014147162437439,0.9997281679396006,0.9947419762611389
202_class-5,5,0.8103622794151306,0,0.9719694256782532,1.0150929689407349,0.9996054777226421,0.9947685599327087
203_class-9,0,0.37393927574157715,1,0.9431906938552856,1.002397894859314,1.0,0.9303218126296997
203_class-9,1,0.9193797707557678,0,0.9091132283210754,1.0004295110702515,0.1506794355190399,0.9920657873153687
203_class-9,2,0.3623422384262085,0,0.9430001974105835,0.9941971302032471,0.15094371547253455,0.973132848739624
203_class-9,3,0.4865235686302185,0,0.9501104950904846,0.9790873527526855,0.1021906602956445,0.8745554685592651
203_class-9,4,0.3637775182723999,0,0.943941056728363,0.9785861968994141,0.10248222053441966,0.9404250979423523
203_class-9,5,0.9200581312179565,0,0.9088780283927917,1.0015848875045776,0.15134234747210348,0.9920768141746521
204_class-9,0,0.2662845849990845,0,0.94063800573349,0.884400486946106,1.0,0.669975996017456
204_class-9,1,0.6794639825820923,1,0.994441568851471,0.9876103401184082,0.07763821955754563,0.9713253378868103
204_class-9,2,0.21847662329673767,0,0.9249237775802612,0.9043259620666504,0.06485766816712103,0.5177905559539795
204_class-9,3,0.3688190281391144,0,0.9952989220619202,0.9619234800338745,0.165699257235024,0.9599727988243103
204_class-9,4,0.3647530674934387,0,0.9953530430793762,0.951991081237793,0.8770482908301682,0.9563848972320557
204_class-9,5,0.36817988753318787,0,0.9961807131767273,0.9691954851150513,0.8956592512208356,0.9640490412712097
205_class-9,0,0.9418337345123291,1,0.9903499484062195,1.0048882961273193,1.0,0.984157383441925
205_class-9,1,0.889686107635498,0,0.9895844459533691,0.9867386817932129,0.9910603461500913,0.9767999649047852
205_class-9,2,0.8921510577201843,0,0.9907198548316956,0.9866077899932861,0.9908494547277817,0.9747495651245117
205_class-9,3,0.89180988073349,0,0.9901981949806213,1.0042614936828613,0.9948034216612333,0.9840505719184875
205_class-9,4,0.7994361519813538,0,0.971532940864563,0.9462090730667114,0.8354694734832212,0.8568726778030396
205_class-9,5,0.8922692537307739,0,0.9901219010353088,0.9901477098464966,0.8344052212853128,0.9800357222557068
206_class-6,0,0.9822461605072021,0,0.9856371283531189,1.0068747997283936,1.0,0.9957634806632996
206_class-6,1,0.9397109746932983,0,0.985662579536438,1.0096158981323242,0.9984818700247182,0.9959019422531128
206_class-6,2,0.9399834871292114,0,0.9855704307556152,1.0073646306991577,0.9987543306473587,0.9958009719848633
206_class-6,3,0.9399943351745605,0,0.9856386184692383,1.0067726373672485,0.9993376580367405,0.9957528710365295
206_class-6,4,0.9398841857910156,0,0.98563152551651,1.0070778131484985,0.9992599949368075,0.9957483410835266
206_class-6,5,0.9397450089454651,1,0.9856529235839844,1.0097439289093018,0.9992603694260077,0.9957970976829529
207_class-9,0,0.9714457392692566,1,0.9957910776138306,0.9938786029815674,1.0,0.9880850315093994
207_class-9,1,0.8927261233329773,0,0.9959043264389038,0.9557371139526367,0.9189228886168911,0.9547560214996338
207_class-9,2,0.9263451099395752,0,0.9959931373596191,0.994587779045105,0.918724279835391,0.9877329468727112
207_class-9,3,0.924613356590271,0,0.995914876461029,0.990719199180603,0.9941461871110643,0.9893765449523926
207_class-9,4,0.6895667314529419,0,0.9910562038421631,0.954818844795227,0.49518807665010645,0.8560503721237183
207_class-9,5,0.9240243434906006,0,0.9959404468536377,0.9882674217224121,0.494964110420745,0.9886001944541931
208_class-9,0,0.9114030599594116,0,0.8978741765022278,0.9945367574691772,1.0,0.9218462705612183
208_class-9,1,0.7643172740936279,0,0.9085549116134644,0.9778498411178589,0.8498104527835754,0.6887387633323669
208_class-9,2,0.863236665725708,0,0.903868556022644,0.9758474826812744,0.8539679580040447,0.8863231539726257
208_class-9,3,0.6007258892059326,1,0.970047652721405,1.0126945972442627,0.6543313831100013,0.9755170941352844
208_class-9,4,0.6007379293441772,0,0.9702099561691284,1.0125092267990112,0.9990162376062519,0.9734085202217102
208_class-9,5,0.6151853799819946,0,0.967267632484436,1.0054993629455566,0.9671829539620058,0.9883041977882385
209_class-5,0,0.9087960720062256,0,0.8908945918083191,1.0096486806869507,1.0,0.9796186685562134
209_class-5,1,0.8523024320602417,0,0.8922207355499268,1.009644627571106,0.9995807677191144,0.9826673865318298
209_class-5,2,0.8524594306945801,0,0.8928866386413574,1.0090042352676392,0.9992455953771762,0.9842448234558105
209_class-5,3,0.8520845174789429,0,0.8922872543334961,1.009447455406189,0.9986640891445455,0.9815540909767151
209_class-5,4,0.8520904779434204,1,0.893276035785675,1.008617877960205,0.9992974914152403,0.9843069911003113
209_class-5,5,0.8519752025604248,0,0.8911177515983582,1.0112665891647339,0.9993814184389728,0.9810793399810791
210_class-6,0,0.12352358549833298,0,0.9202015399932861,1.0082663297653198,1.0,0.9840819835662842
210_class-6,1,0.11960888653993607,0,0.9198336601257324,1.0103201866149902,0.9981647154786119,0.9846566915512085
210_class-6,2,0.11965497583150864,0,0.9197919368743896,1.0108921527862549,0.9995869864123758,0.9851487874984741
210_class-6,3,0.11987661570310593,0,0.9203387498855591,1.0087720155715942,0.9979397615561598,0.9845096468925476
210_class-6,4,0.11988856643438339,1,0.920516848564148,1.0104386806488037,0.9996122995352834,0.9848621487617493
210_class-6,5,0.11964572966098785,0,0.9199477434158325,1.0109081268310547,0.9978715726829166,0.9847363233566284
211_class-6,0,0.33865270018577576,0,0.9629188179969788,1.004433035850525,1.0,0.9849583506584167
211_class-6,1,0.3051079213619232,1,0.9632523059844971,1.0041087865829468,0.9893138357705287,0.9928804636001587
211_class-6,2,0.30550283193588257,0,0.962810754776001,1.0034226179122925,0.98973238810265,0.9828642010688782
211_class-6,3,0.30523380637168884,0,0.9632695913314819,1.0049189329147339,0.9961554159918895,0.9842585325241089
211_class-6,4,0.3052860498428345,0,0.9632105827331543,1.0042316913604736,0.9977893282452793,0.9862810373306274
211_class-6,5,0.3052178621292114,0,0.9629008769989014,1.005379557609558,0.9985121790651744,0.983353316783905
212_class-7,0,0.994928240776062,0,0.9907032251358032,1.001688003540039,1.0,0.98582524061203
212_class-7,1,0.9645807147026062,0,0.9907277226448059,1.0021315813064575,0.9997559158295007,0.9859368205070496
212_class-7,2,0.9644601345062256,1,0.990736722946167,1.0021026134490967,0.9996660715891139,0.9869942665100098
212_class-7,3,0.9645648002624512,0,0.9907568097114563,1.0020462274551392,0.9997559816600953,0.9868608117103577
212_class-7,4,0.9645681977272034,0,0.9907755851745605,1.0017098188400269,0.999678919113303,0.9864985942840576
212_class-7,5,0.9647763967514038,0,0.9907398819923401,1.002647876739502,0.9991523791177037,0.9853905439376831
213_class-8,0,0.44696560502052307,1,0.9977869987487793,0.9764788150787354,1.0,0.9735766053199768
213_class-8,1,0.36403393745422363,0,0.9741114974021912,0.9113801717758179,0.1122423862695518,0.7543255686759949
213_class-8,2,0.4196615517139435,0,0.9958524107933044,0.979313313961029,0.10391492488569562,0.9529110193252563
213_class-8,3,0.38505488634109497,0,0.9824353456497192,0.849570631980896,0.02216708410383652,0.598818302154541
213_class-8,4,0.24852801859378815,0,0.9487285017967224,0.9573101997375488,0.27248191632437935,0.729870080947876
213_class-8,5,0.32083946466445923,0,0.9852777719497681,0.9501286745071411,0.5844734529935985,0.9020683169364929
214_class-8,0,0.6078521013259888,0,0.8303918838500977,1.001209020614624,1.0,0.9392231702804565
214_class-8,1,0.4465387463569641,1,0.9900366067886353,0.9904627799987793,0.25421577404677514,0.9625241756439209
214_class-8,2,0.8722227811813354,0,0.9360708594322205,0.9765064716339111,0.3392675483214649,0.9635266065597534
214_class-8,3,0.8721613883972168,0,0.934346079826355,0.9787490367889404,0.9881564378361278,0.947589099407196
214_class-8,4,0.8787299394607544,0,0.9434863924980164,0.9989371299743652,0.9838219520915267,0.9813955426216125
214_class-8,5,0.8776004314422607,0,0.9429194927215576,0.9841432571411133,0.9936412416629056,0.9591519832611084
215_class-8,0,0.5358235836029053,1,0.9948444366455078,0.9296387434005737,1.0,0.8810630440711975
215_class-8,1,0.4884505569934845,0,0.9970667362213135,0.8495151996612549,0.831168312082817,0.8910455703735352
215_class-8,2,0.38978731632232666,0,0.9610427618026733,0.9062645435333252,0.30049776481405155,0.7743878364562988
215_class-8,3,0.4209272563457489,0,0.9719493985176086,0.7822997570037842,0.3885368192128709,0.6342300772666931
215_class-8,4,0.3123810589313507,0,0.9541280269622803,0.939193844795227,0.263360909000299,0.8633254170417786
215_class-8,5,0.37309959530830383,0,0.9759107828140259,0.9292830228805542,0.4813139587340029,0.8293879628181458
216_class-7,0,0.9908356666564941,1,0.9767451882362366,0.986875057220459,1.0,0.9634284377098083
216_class-7,1,0.9087653160095215,0,0.9767286777496338,0.9983208179473877,0.9341838422483352,0.9552929997444153
216_class-7,2,0.9092394113540649,0,0.9765390753746033,0.997539222240448,0.9982031789910158,0.9576051831245422
216_class-7,3,0.9093589782714844,0,0.976329505443573,0.9982566833496094,0.9975013413045144,0.9614090323448181
216_class-7,4,0.9440774917602539,0,0.9769170880317688,0.9869107007980347,0.9383979134544721,0.9626196026802063
216_class-7,5,0.9453446865081787,0,0.9767547845840454,0.9852561950683594,0.9945788936341544,0.9615563750267029
217_class-5,0,0.994171142578125,0,0.9260905385017395,1.0147465467453003,1.0,0.9962812066078186
217_class-5,1,0.9662145376205444,1,0.9261903166770935,1.0148134231567383,0.9998011533107973,0.9962896108627319
217_class-5,2,0.966212809085846,0,0.926227867603302,1.0143933296203613,0.9996553552492047,0.9962931275367737
217_class-5,3,0.9661927819252014,0,0.9261379837989807,1.014209508895874,0.9996819085487078,0.9963013529777527
217_class-5,4,0.9661866426467896,0,0.9256246089935303,1.0145915746688843,0.9996686942578089,0.9963465332984924
217_class-5,5,0.9662051200866699,0,0.9259549379348755,1.0146328210830688,0.9996421708302962,0.9962998628616333
218_class-9,0,0.32955652475357056,0,0.9068514108657837,0.9837054014205933,1.0,0.8658285140991211
218_class-9,1,0.9399920105934143,0,0.992784857749939,0.9924511909484863,0.14799861412601553,0.9781237840652466
218_class-9,2,0.38858115673065186,0,0.8998088836669922,0.9684970378875732,0.25363010743562,0.8463718891143799
218_class-9,3,0.6607229709625244,0,0.9941818118095398,0.9865667223930359,0.12170000929826695,0.9883100390434265
218_class-9,4,0.707656979560852,1,0.9950748682022095,0.9957613945007324,0.0,0.9924548268318176
218_class-9,5,0.9395534992218018,0,0.9928292036056519,0.9917404651641846,0.5429872591344636,0.9802551865577698
219_class-8,0,0.42498522996902466,1,0.9805550575256348,0.9536325931549072,1.0,0.9577692747116089
219_class-8,1,0.36010435223579407,0,0.9832202196121216,0.9282019734382629,0.9529057109361916,0.9561420679092407
219_class-8,2,0.17233669757843018,0,0.9336166381835938,0.9206503629684448,2.1199465773462508e-05,0.8297369480133057
219_class-8,3,0.22022822499275208,0,0.9508935213088989,0.971709132194519,0.5000345786248772,0.896273136138916
219_class-8,4,0.17327064275741577,0,0.9316819906234741,0.9630064964294434,0.5016756985546666,0.9519002437591553
219_class-8,5,0.17255571484565735,0,0.9320614337921143,0.9183770418167114,0.9936073948806035,0.859589159488678
220_class-6,0,0.2922039330005646,1,0.9552920460700989,0.9960178136825562,1.0,0.9881895184516907
220_class-6,1,0.2885673940181732,0,0.9539767503738403,1.0027003288269043,0.9957170769831966,0.9896439909934998
220_class-6,2,0.3922477960586548,0,0.9487366080284119,0.9777198433876038,0.1257681662522869,0.9893709421157837
220_class-6,3,0.3920782208442688,0,0.9553271532058716,0.9932262897491455,0.9875906130974321,0.9926942586898804
220_class-6,4,0.289818674325943,0,0.957037627696991,0.9925589561462402,0.12866024393716483,0.9880648851394653
220_class-6,5,0.334396094083786,0,0.9883207082748413,0.9467794895172119,0.6183794216288047,0.6142014861106873
221_class-9,0,0.7437958717346191,1,0.9976703524589539,1.0023351907730103,1.0,0.9957796931266785
221_class-9,1,0.7240244150161743,0,0.9976502656936646,0.9943602085113525,0.9922405431619786,0.9940464496612549
221_class-9,2,0.799018144607544,0,0.9990729093551636,0.91949862241745,0.7517860413995238,0.9492750763893127
221_class-9,3,0.7242167592048645,0,0.9976248741149902,1.0006756782531738,0.750527958865118,0.9952986836433411
221_class-9,4,0.5313284397125244,0,0.9892492294311523,0.9443156719207764,0.2542431808843516,0.6792604923248291
221_class-9,5,0.6280438899993896,0,0.987767219543457,0.9340126514434814,0.5756933403992227,0.6226133704185486
222_class-7,0,0.9911719560623169,1,0.9942606687545776,1.0002373456954956,1.0,0.9864381551742554
222_class-7,1,0.9402960538864136,0,0.9941422939300537,1.000684380531311,0.9991059539661404,0.9861556887626648
222_class-7,2,0.9401798248291016,0,0.9942441582679749,1.0004017353057861,0.9994101305324048,0.986181914806366
222_class-7,3,0.9403585195541382,0,0.9942188858985901,1.000146746635437,0.9992769342010123,0.9857829809188843
222_class-7,4,0.9400055408477783,0,0.9942367076873779,1.0003553628921509,0.998896730136387,0.985942542552948
222_class-7,5,0.9396752119064331,0,0.9943166971206665,0.9999971389770508,0.9986510107919137,0.986333429813385
223_class-7,0,0.9984970092773438,1,0.9943109154701233,1.00519859790802,1.0,0.9947831630706787
223_class-7,1,0.9687860012054443,0,0.9943490028381348,1.0022814273834229,0.9960975994323781,0.9944551587104797
223_class-7,2,0.9685217142105103,0,0.9943304061889648,1.004653811454773,0.9966502463054188,0.9949332475662231
223_class-7,3,0.7451612949371338,0,0.9805672764778137,0.9382098913192749,0.5978762150273159,0.8397001028060913
223_class-7,4,0.07421039044857025,0,0.9028517603874207,1.0017900466918945,0.16549095571771957,0.8142379522323608
223_class-7,5,0.9689556360244751,0,0.994338870048523,1.0052309036254883,0.09907613639928475,0.994756281375885
224_class-6,0,0.9988410472869873,0,0.9883248805999756,0.9761307239532471,1.0,0.9754476547241211
224_class-6,1,0.9686177968978882,1,0.9884717464447021,1.0116592645645142,0.9948183511877038,0.9952992796897888
224_class-6,2,0.9686837196350098,0,0.9884836077690125,1.011261224746704,0.9997088351074981,0.9951832890510559
224_class-6,3,0.9690901041030884,0,0.9880874752998352,0.9707670211791992,0.9949846980927889,0.9777480363845825
224_class-6,4,0.9694433212280273,0,0.9881078600883484,0.9717261791229248,0.9973607380590914,0.9681296944618225
224_class-6,5,0.9665513634681702,0,0.9878557920455933,0.9781630039215088,0.9939143588550151,0.9771823883056641
225_class-6,0,0.36983323097229004,0,0.8555290699005127,0.9535708427429199,1.0,0.7393481135368347
225_class-6,1,0.5199838280677795,0,0.9887204170227051,0.9466339349746704,0.09700910852281584,0.9255622625350952
225_class-6,2,0.824700117111206,1,0.9841504693031311,0.995725154876709,0.3454531036260185,0.9899286031723022
225_class-6,3,0.6664947271347046,0,0.9798151850700378,0.9264119863510132,0.6811744243829717,0.7206711769104004
225_class-6,4,0.3414672017097473,0,0.8400356769561768,0.9512814283370972,0.387384830356753,0.6936676502227783
225_class-6,5,0.8934192657470703,0,0.9621971249580383,0.9326274394989014,0.34283107318085954,0.927839457988739
226_class-9,0,0.9925277233123779,0,0.8906553983688354,0.9860599040985107,1.0,0.9426074028015137
226_class-9,1,0.494917631149292,0,0.974808931350708,0.9987260103225708,0.5136492636039764,0.9808515310287476
226_class-9,2,0.4948851764202118,0,0.9750335216522217,0.998206377029419,0.997697645416076,0.9801138043403625
226_class-9,3,0.49490678310394287,1,0.9753761887550354,0.998117208480835,0.9981559845230609,0.9804077744483948
226_class-9,4,0.9130767583847046,0,0.8902462720870972,0.9878029823303223,0.5140662152737736,0.9438655376434326
226_class-9,5,0.4949268698692322,0,0.9751464128494263,0.9985063076019287,0.5143815757682254,0.980005145072937
227_class-8,0,0.3373250663280487,0,0.9805617332458496,0.975569486618042,1.0,0.9514334797859192
227_class-8,1,0.3090514540672302,0,0.981666088104248,0.996573805809021,0.8611153997907124,0.9846706986427307
227_class-8,2,0.30928492546081543,0,0.9819401502609253,0.9774833917617798,0.9959325873549805,0.9781495332717896
227_class-8,3,0.308857798576355,0,0.9814738631248474,0.9913685321807861,0.9954236155151432,0.9827589392662048
227_class-8,4,0.3084254264831543,1,0.981586217880249,0.9978864192962646,0.995698998139646,0.9853119254112244
227_class-8,5,0.3216034770011902,0,0.9801195859909058,0.9744069576263428,0.8729904085742568,0.9454944133758545
228_class-6,0,0.4012538492679596,0,0.987022340297699,0.9739370346069336,1.0,0.9718164801597595
228_class-6,1,0.3747699558734894,0,0.9854118227958679,0.9804924726486206,0.849712245938661,0.9925002455711365
228_class-6,2,0.40863335132598877,1,0.9893000721931458,0.9962124228477478,0.644077365775479,0.9839600324630737
228_class-6,3,0.40058377385139465,0,0.988624095916748,0.986058235168457,0.8896855345911949,0.9780821204185486
228_class-6,4,0.3747377395629883,0,0.9853979349136353,1.0004476308822632,0.7247962365297304,0.9907289147377014
228_class-6,5,0.37476205825805664,0,0.98533695936203,0.9982039928436279,0.9994530338389732,0.9899203777313232
229_class-5,0,0.9966974258422852,1,0.9924794435501099,1.0064527988433838,1.0,0.9895456433296204
229_class-5,1,0.9567604064941406,0,0.9932149648666382,1.0045280456542969,0.9807643175618319,0.9860223531723022
229_class-5,2,0.9672770500183105,0,0.992526113986969,1.0072693824768066,0.9806350069631571,0.9895327687263489
229_class-5,3,0.9671338796615601,0,0.9925428628921509,1.0052440166473389,0.9992833076587226,0.989816427230835
229_class-5,4,0.9671378135681152,0,0.9925771951675415,1.006583571434021,0.9993984293236863,0.9893020987510681
229_class-5,5,0.9671732783317566,0,0.992582380771637,1.0069681406021118,0.9996290464845972,0.9893402457237244
230_class-6,0,0.36806339025497437,1,0.982201337814331,0.9477941989898682,1.0,0.8529787063598633
230_class-6,1,0.3488263487815857,0,0.979540228843689,0.9214847087860107,0.8630839105833397,0.7282446622848511
230_class-6,2,0.9029655456542969,0,0.9595109820365906,0.9872996807098389,0.1544100950465501,0.9407654404640198
230_class-6,3,0.9208409786224365,0,0.9557309150695801,0.9816104173660278,0.9646577211735274,0.9520393013954163
230_class-6,4,0.8862049579620361,0,0.9596986770629883,0.9491616487503052,0.9476166699359809,0.8839139342308044
230_class-6,5,0.35940873622894287,0,0.9825259447097778,0.9224406480789185,0.1923774660662801,0.7226271033287048
231_class-6,0,0.8562338352203369,1,0.9910507202148438,0.9940650463104248,1.0,0.9750179648399353
231_class-6,1,0.6073229312896729,0,0.9928035736083984,0.9712477922439575,0.549618770923356,0.9417999386787415
231_class-6,2,0.6944635510444641,0,0.9934461712837219,0.9870285987854004,0.4732397215245352,0.9789667129516602
231_class-6,3,0.9692027568817139,0,0.9868886470794678,1.0079360008239746,0.5828419228398293,0.9916602969169617
231_class-6,4,0.49670907855033875,0,0.9946574568748474,0.9409667253494263,0.26591599101980995,0.8492330312728882
231_class-6,5,0.9686150550842285,0,0.986723005771637,1.0086748600006104,0.2650563308451945,0.994771420955658
232_class-8,0,0.5178295969963074,1,0.9917088747024536,0.9369847774505615,1.0,0.8308643698692322
232_class-8,1,0.5043796896934509,0,0.9824622869491577,0.9592382907867432,0.6848024561687001,0.8283785581588745
232_class-8,2,0.48444032669067383,0,0.9816027879714966,0.9808835983276367,0.9152600927845228,0.8843318223953247
232_class-8,3,0.6988670825958252,0,0.9829089641571045,0.9179838299751282,0.16997828271368837,0.9521805047988892
232_class-8,4,0.5098158121109009,0,0.9841853380203247,0.9517027139663696,0.22202374876662925,0.8373351693153381
232_class-8,5,0.7024355530738831,0,0.9824610948562622,0.9620205163955688,0.4290318180268049,0.9409741163253784
233_class-8,0,0.7820428609848022,0,0.9880646467208862,0.9481207132339478,1.0,0.9076530933380127
233_class-8,1,0.6542309522628784,0,0.9895220994949341,0.9939742088317871,0.4498602000215077,0.9280169606208801
233_class-8,2,0.7680057287216187,0,0.9856060743331909,0.9930753707885742,0.5664042558908085,0.981428325176239
233_class-8,3,0.6473034024238586,1,0.989508867263794,0.9828808307647705,0.5470783429252865,0.9698479771614075
233_class-8,4,0.5711684226989746,0,0.9891546964645386,0.9473191499710083,0.5991914840481988,0.8658670783042908
233_class-8,5,0.5922359228134155,0,0.9903202652931213,0.9326651096343994,0.7521948013333125,0.8197448253631592
234_class-9,0,0.9988318681716919,0,0.972052276134491,1.000087022781372,1.0,0.9786326885223389
234_class-9,1,0.9753298163414001,0,0.9720966219902039,0.9976643323898315,0.9996526194663367,0.9755570292472839
234_class-9,2,0.9752464294433594,0,0.972710132598877,1.0005617141723633,0.9994899066637725,0.9799244999885559
234_class-9,3,0.9751503467559814,1,0.9733190536499023,1.0003836154937744,0.999392380890379,0.9799061417579651
234_class-9,4,0.9749137759208679,0,0.9730390906333923,1.0000170469284058,0.9994575476815588,0.9780935049057007
234_class-9,5,0.9751813411712646,0,0.9733806252479553,0.9995057582855225,0.9993599340406605,0.9773581027984619
235_class-6,0,0.46808570623397827,1,0.9791297912597656,0.9654273986816406,1.0,0.9192672371864319
235_class-6,1,0.9184392094612122,0,0.9721930027008057,1.0020118951797485,0.2844514731289936,0.9920130372047424
235_class-6,2,0.9184914231300354,0,0.972171425819397,0.997962236404419,0.9992231696506091,0.9919787049293518
235_class-6,3,0.918897271156311,0,0.9724723100662231,1.0040667057037354,0.993891733723482,0.9919239282608032
235_class-6,4,0.9189287424087524,0,0.9723959565162659,1.0044792890548706,0.9989146830506603,0.9899923801422119
235_class-6,5,0.9189887642860413,0,0.9723443984985352,1.0018442869186401,0.9982979428108785,0.9894927144050598
236_class-9,0,0.96062171459198,1,0.9620900750160217,0.9104240536689758,1.0,0.7276255488395691
236_class-9,1,0.7574842572212219,0,0.9539300203323364,0.9989194869995117,0.6229431563201197,0.9902499318122864
236_class-9,2,0.7780411243438721,0,0.9537331461906433,0.9694598913192749,0.8536352649322562,0.9812905788421631
236_class-9,3,0.7574322819709778,0,0.9538921117782593,0.9998997449874878,0.8533172190064245,0.9908174276351929
236_class-9,4,0.75721275806427,0,0.9539487361907959,0.9899235963821411,0.9919289152165864,0.9886991381645203
236_class-9,5,0.7842336893081665,0,0.9545925855636597,0.9858781099319458,0.8285098522167488,0.9819578528404236
237_class-6,0,0.6506362557411194,0,0.9243898391723633,0.8749494552612305,1.0,0.5357932448387146
237_class-6,1,0.7618911862373352,0,0.973436713218689,0.9056979417800903,0.5751572095759938,0.6621807813644409
237_class-6,2,0.28087812662124634,0,0.9471316337585449,0.8402180671691895,0.018133100016405095,0.5832676291465759
237_class-6,3,0.26587754487991333,0,0.9324398040771484,0.9359790086746216,0.6021103466525536,0.8940467834472656
237_class-6,4,0.9557961225509644,1,0.9806081056594849,0.9509661197662354,0.002167630057803468,0.8446905016899109
237_class-6,5,0.7069300413131714,0,0.9690909385681152,0.8657811880111694,0.6544672003730764,0.742840051651001
238_class-5,0,0.936722457408905,0,0.9937302470207214,1.0057148933410645,1.0,0.9872726798057556
238_class-5,1,0.9076340794563293,0,0.9936020374298096,1.0050413608551025,0.9978244007642975,0.9874697923660278
238_class-5,2,0.90779048204422,0,0.9935200214385986,1.0068845748901367,0.9975647741752797,0.9885222911834717
238_class-5,3,0.9076526761054993,0,0.9936659336090088,1.0058586597442627,0.9979894849116978,0.987506091594696
238_class-5,4,0.9077661633491516,0,0.9935687780380249,1.0060237646102905,0.9979799123999396,0.9885304570198059
238_class-5,5,0.9077520370483398,1,0.9937664270401001,1.0066401958465576,0.9994998773284013,0.9885569214820862
239_class-7,0,0.9992849826812744,1,0.9979288578033447,1.0138280391693115,1.0,0.9962294697761536
239_class-7,1,0.9680519104003906,0,0.9978516101837158,1.0141396522521973,0.9997167005052174,0.9962148666381836
239_class-7,2,0.9678809642791748,0,0.9978461265563965,1.015284776687622,0.9994808463777236,0.9963717460632324
239_class-7,3,0.9680161476135254,0,0.9979367852210999,1.0141489505767822,0.9994021867379848,0.9962090253829956
239_class-7,4,0.9680162668228149,0,0.997961699962616,1.0135087966918945,0.9997324267321435,0.9961313605308533
239_class-7,5,0.9680161476135254,0,0.997944712638855,1.0139399766921997,0.9997324267321435,0.996234118938446
240_class-9,0,0.9921626448631287,0,0.9402186274528503,1.0012048482894897,1.0,0.9657252430915833
240_class-9,1,0.9076772928237915,0,0.9400824308395386,1.0005780458450317,0.9987834900159802,0.9658328294754028
240_class-9,2,0.9071366786956787,1,0.9404803514480591,1.001238465309143,0.9989133407216569,0.9667811393737793
240_class-9,3,0.9071758985519409,0,0.9400304555892944,1.0008103847503662,0.9994024865199519,0.9653686285018921
240_class-9,4,0.9076780080795288,0,0.940302848815918,1.0002676248550415,0.9987478411053541,0.9638827443122864
240_class-9,5,0.90839684009552,0,0.9385802745819092,0.9985537528991699,0.9918654477931724,0.9695001840591431
241_class-8,0,0.3531959652900696,1,0.9015902280807495,0.978042483329773,1.0,0.9581191539764404
241_class-8,1,0.326192706823349,0,0.9166591167449951,0.9424899816513062,0.9192151924095195,0.8992244005203247
241_class-8,2,0.32010820508003235,0,0.9357311129570007,0.9829070568084717,0.8725478602493857,0.9294677972793579
241_class-8,3,0.3387403190135956,0,0.8956079483032227,1.009965181350708,0.8564263065821124,0.9827700257301331
241_class-8,4,0.3223230242729187,0,0.9293528199195862,0.9599851369857788,0.8657748821735515,0.9401179552078247
241_class-8,5,0.24441751837730408,0,0.9515319466590881,0.992591142654419,0.36660952324653445,0.934229850769043
242_class-8,0,0.3069477081298828,0,0.9847381114959717,1.0006130933761597,1.0,0.9622974991798401
242_class-8,1,0.29249846935272217,0,0.9846190810203552,0.9958266019821167,0.9909659412838646,0.9759037494659424
242_class-8,2,0.3027477562427521,0,0.9858123660087585,0.9736747741699219,0.9366161722126641,0.882943332195282
242_class-8,3,0.36003223061561584,1,0.9855279922485352,0.9949260950088501,0.6526942104559433,0.9815880656242371
242_class-8,4,0.2929193675518036,0,0.9846535921096802,0.9996095895767212,0.6120299012753252,0.964191198348999
242_class-8,5,0.30542486906051636,0,0.9860435128211975,0.9744677543640137,0.9180790068907475,0.881657063961029
243_class-7,0,0.7399884462356567,0,0.9932392835617065,0.9934471845626831,1.0,0.9743186235427856
243_class-7,1,0.720366358757019,0,0.9944565892219543,0.994200587272644,0.9976664757419547,0.9746485948562622
243_class-7,2,0.7196536064147949,0,0.9952130913734436,0.9946858882904053,0.9956730157383448,0.9692634344100952
243_class-7,3,0.7201353311538696,0,0.9944215416908264,0.9938197135925293,0.995819717353478,0.9722251892089844
243_class-7,4,0.7203384637832642,0,0.9932795763015747,0.9924900531768799,0.9977506153976742,0.9728613495826721
243_class-7,5,0.9611879587173462,1,0.993619978427887,1.0016977787017822,0.6214179972507138,0.9751476049423218
244_class-5,0,0.9694005250930786,1,0.8810597658157349,1.0081872940063477,1.0,0.987320601940155
244_class-5,1,0.9407252073287964,0,0.87968510389328,1.0119887590408325,0.9986325028466824,0.9881691932678223
244_class-5,2,0.941054105758667,0,0.8794058561325073,1.0124865770339966,0.9995479228963436,0.9877963662147522
244_class-5,3,0.941063404083252,0,0.8795768022537231,1.0128495693206787,0.9996786772394562,0.9874255657196045
244_class-5,4,0.9409229755401611,0,0.8795833587646484,1.012756586074829,0.999700427571557,0.9879622459411621
244_class-5,5,0.9406163692474365,0,0.8803569674491882,1.011552095413208,0.999384417593672,0.9873735904693604
245_class-8,0,0.5558795928955078,1,0.9721966981887817,0.9313739538192749,1.0,0.8332751393318176
245_class-8,1,0.5970076322555542,0,0.955954372882843,1.0089919567108154,0.45385180445961,0.9944604635238647
245_class-8,2,0.5969897508621216,0,0.9559707641601562,1.0133185386657715,0.9977709103804651,0.9957067966461182
245_class-8,3,0.596985936164856,0,0.9559729099273682,0.9919836521148682,0.9962031083885992,0.9900646209716797
245_class-8,4,0.596997857093811,0,0.9559036493301392,1.0013781785964966,0.9988344988344988,0.991162896156311
245_class-8,5,0.5970398187637329,0,0.95592200756073,0.9902373552322388,0.9979723221980027,0.98774254322052
246_class-8,0,0.30176639556884766,1,0.9160546660423279,1.0064470767974854,1.0,0.9851014018058777
246_class-8,1,0.2911323308944702,0,0.9166455268859863,1.005911946296692,0.9968704087588303,0.9855260848999023
246_class-8,2,0.2911013662815094,0,0.9174939393997192,1.0061534643173218,0.9988300672711319,0.9850949645042419
246_class-8,3,0.2910166382789612,0,0.9162145853042603,1.0055556297302246,0.9986289216872328,0.9854294061660767
246_class-8,4,0.2915475368499756,0,0.9154424071311951,1.005698323249817,0.9968128775882762,0.9850742816925049
246_class-8,5,0.2927277684211731,0,0.9165887832641602,1.0066994428634644,0.9933126947513253,0.9770548939704895
247_class-7,0,0.9197898507118225,0,0.9944674372673035,1.0027028322219849,1.0,0.9781424403190613
247_class-7,1,0.8611539602279663,0,0.9944305419921875,1.0029151439666748,0.998683548932669,0.9790903329849243
247_class-7,2,0.8604233860969543,1,0.994594931602478,1.0030474662780762,0.9983902684410298,0.9783897995948792
247_class-7,3,0.8607734441757202,0,0.9944260120391846,1.0025875568389893,0.9984995699987191,0.9785996675491333
247_class-7,4,0.8606631755828857,0,0.9945012331008911,1.0028574466705322,0.9986647399901227,0.9786967039108276
247_class-7,5,0.8609607219696045,0,0.994455099105835,1.0028597116470337,0.9989301585559883,0.9789232015609741
248_class-6,0,0.38749387860298157,0,0.8865303993225098,0.8527005910873413,1.0,0.6955395936965942
248_class-6,1,0.3985481262207031,0,0.9736477136611938,0.8509261608123779,0.5261903882383362,0.7640182971954346
248_class-6,2,0.40544381737709045,0,0.9654904007911682,0.9171624183654785,0.7361407397146419,0.9029163718223572
248_class-6,3,0.3376120626926422,0,0.8653442859649658,0.8929283618927002,0.4079332001968105,0.7825502753257751
248_class-6,4,0.4107455909252167,1,0.9606050848960876,0.9638725519180298,0.3909892833709995,0.938330888748169
248_class-6,5,0.35312315821647644,0,0.8633148670196533,0.9196735620498657,0.4135702482043227,0.7726696133613586
249_class-7,0,0.998903214931488,1,0.9458050727844238,1.009721279144287,1.0,0.9944111704826355
249_class-7,1,0.9618654251098633,0,0.9461464881896973,1.009451985359192,0.9992898711375918,0.994234025478363
249_class-7,2,0.9618335962295532,0,0.9457727074623108,1.0099048614501953,0.9994456090504322,0.9942951798439026
249_class-7,3,0.9617097973823547,0,0.945910632610321,1.009799599647522,0.9995496899788701,0.9944391250610352
249_class-7,4,0.9611266255378723,0,0.9459460973739624,0.9980238676071167,0.9965785381026439,0.9867725372314453
249_class-7,5,0.9617748260498047,0,0.9459477066993713,1.0098202228546143,0.9964055506592704,0.994358241558075
250_class-5,0,0.8913578987121582,1,0.9970568418502808,1.0055583715438843,1.0,0.9910455942153931
250_class-5,1,0.8539008498191833,0,0.9970359206199646,1.0054564476013184,0.9993027552787236,0.9909852743148804
250_class-5,2,0.8537161350250244,0,0.9970448017120361,1.0041890144348145,0.9943396445715216,0.9901250600814819
250_class-5,3,0.8537298440933228,0,0.9970405101776123,1.004299521446228,0.9990189895592461,0.9905071258544922
250_class-5,4,0.8539496660232544,0,0.997103750705719,1.0053735971450806,0.9959054531918854,0.9907640218734741
250_class-5,5,0.8536713719367981,0,0.9970643520355225,1.0043659210205078,0.9967430499011283,0.9906176328659058
251_class-6,0,0.9717737436294556,1,0.8873336911201477,0.9825748205184937,1.0,0.932424783706665
251_class-6,1,0.9024689793586731,0,0.8775970935821533,0.9535415172576904,0.8879462246296417,0.6300392150878906
251_class-6,2,0.9420546293258667,0,0.8981448411941528,0.936981201171875,0.8766654083070152,0.9210067391395569
251_class-6,3,0.8629031181335449,0,0.9017428159713745,0.9807981252670288,0.8966262902708091,0.9122563004493713
251_class-6,4,0.25870293378829956,0,0.9250754714012146,0.901679277420044,0.1115838074037431,0.8968600034713745
251_class-6,5,0.25717025995254517,0,0.9259465932846069,0.8827316761016846,0.9184323087635532,0.8526799082756042
252_class-8,0,0.4655286967754364,1,0.9975543022155762,0.9893141984939575,1.0,0.9709094762802124
252_class-8,1,0.4080362021923065,0,0.9634768962860107,0.8186883926391602,0.06188351338656646,0.5523916482925415
252_class-8,2,0.37848809361457825,0,0.9948168992996216,0.9339500665664673,0.04199464248918195,0.8733408451080322
252_class-8,3,0.41230839490890503,0,0.9980042576789856,0.9149425029754639,0.09128952627248149,0.9059571027755737
252_class-8,4,0.4055352807044983,0,0.9925457835197449,0.7996883392333984,0.3587080836268814,0.7505719065666199
252_class-8,5,0.40349626541137695,0,0.9667105078697205,0.7640835046768188,0.13930256787399645,0.7813981175422668
253_class-7,0,0.9711585640907288,0,0.9833618402481079,0.9990654587745667,1.0,0.9482434988021851
253_class-7,1,0.8572661876678467,0,0.9833130240440369,1.000341534614563,0.9991353449797071,0.9417335987091064
253_class-7,2,0.8769388794898987,1,0.9843794107437134,1.0010148286819458,0.963492212182888,0.9806793928146362
253_class-7,3,0.8573381900787354,0,0.9833109378814697,0.9988162517547607,0.9637960108330921,0.945283055305481
253_class-7,4,0.8573237657546997,0,0.98333340883255,0.9985204339027405,0.99894132281714,0.9527552723884583
253_class-7,5,0.8572859764099121,0,0.9832561016082764,0.999749481678009,0.9991176211065032,0.9480292201042175
254_class-5,0,0.562870979309082,0,0.9877853393554688,0.9407724142074585,1.0,0.9098090529441833
254_class-5,1,0.8832191228866577,0,0.9976696968078613,1.0049515962600708,0.41749164820910684,0.9953410625457764
254_class-5,2,0.40595170855522156,0,0.9805722236633301,0.9330347776412964,0.1588261210103779,0.9668005704879761
254_class-5,3,0.8832383155822754,1,0.9976698160171509,1.0077381134033203,0.1588164029516502,0.9953278303146362
254_class-5,4,0.8831590414047241,0,0.9975638389587402,1.0025745630264282,0.9989114348267469,0.9950428605079651
254_class-5,5,0.8831360340118408,0,0.9975900650024414,1.0009435415267944,0.9995840062643763,0.9950047135353088
255_class-6,0,0.9902572631835938,0,0.9851402044296265,1.009260654449463,1.0,0.9940593242645264
255_class-6,1,0.9633165001869202,0,0.9850834012031555,1.0088587999343872,0.9994573357355272,0.9939972162246704
255_class-6,2,0.9632723331451416,1,0.9851487874984741,1.0093092918395996,0.9993270232719694,0.9941084980964661
255_class-6,3,0.963311493396759,0,0.9850813150405884,1.0093779563903809,0.99924022879967,0.9939044117927551
255_class-6,4,0.9633331298828125,0,0.9850940704345703,1.0095970630645752,0.9996527250233326,0.9938474297523499
255_class-6,5,0.9633004069328308,0,0.9850741624832153,1.0094609260559082,0.9995659157008291,0.9939336180686951
256_class-5,0,0.7011821269989014,1,0.9101234674453735,1.0082942247390747,1.0,0.9877391457557678
256_class-5,1,0.6735835075378418,0,0.9099090099334717,1.0075502395629883,0.9991528403823408,0.9882867336273193
256_class-5,2,0.6720442771911621,0,0.9116854667663574,1.003838300704956,0.9960813166775964,0.9868904948234558
256_class-5,3,0.6726720333099365,0,0.9097906351089478,1.0037065744400024,0.9976117776228371,0.9876444935798645
256_class-5,4,0.6726186275482178,0,0.9093873500823975,1.0043878555297852,0.9986055569357515,0.9879024028778076
256_class-5,5,0.6736651659011841,0,0.9101869463920593,1.007029414176941,0.9967221240636068,0.988585889339447
257_class-8,0,0.5394607186317444,0,0.8957374691963196,1.0002747774124146,1.0,0.9702633023262024
257_class-8,1,0.9564352035522461,0,0.9730168581008911,1.014298439025879,0.3808209403635271,0.997582197189331
257_class-8,2,0.7641996145248413,0,0.9712319374084473,0.9734845161437988,0.6803386906543207,0.7977518439292908
257_class-8,3,0.5780473947525024,0,0.9864263534545898,0.969845175743103,0.601931102384229,0.9234399199485779
257_class-8,4,0.5783737897872925,1,0.9863898754119873,0.9996019601821899,0.9898429156283375,0.9739488959312439
257_class-8,5,0.9563940763473511,0,0.9724510908126831,1.0130976438522339,0.44648770365137536,0.9956923127174377
258_class-5,0,0.9979807138442993,1,0.9957547783851624,1.008638858795166,1.0,0.994109570980072
258_class-5,1,0.9642654657363892,0,0.9956808090209961,1.0113673210144043,0.9985529369204027,0.9943452477455139
258_class-5,2,0.9641357660293579,0,0.9959878921508789,1.00816011428833,0.9937351098561722,0.9896404147148132
258_class-5,3,0.9642515182495117,0,0.9956668615341187,1.0120643377304077,0.9943317264395826,0.9944148659706116
258_class-5,4,0.9640803337097168,0,0.995771050453186,1.0096668004989624,0.9989228989908799,0.993992030620575
258_class-5,5,0.9641628265380859,0,0.9957095980644226,1.0119304656982422,0.9991169588061283,0.9943401217460632
259_class-7,0,0.9955713748931885,1,0.9894137382507324,1.0137406587600708,1.0,0.9951959252357483
259_class-7,1,0.9659926295280457,0,0.9894059300422668,1.013752818107605,0.9998619764965692,0.9952547550201416
259_class-7,2,0.9659765362739563,0,0.9893912672996521,1.0138276815414429,0.9998225482077369,0.9951216578483582
259_class-7,3,0.9659765362739563,0,0.9893970489501953,1.0137499570846558,0.9998817011376407,0.9951891899108887
259_class-7,4,0.9659785628318787,0,0.9894092082977295,1.0137779712677002,0.9998619819393509,0.9952098727226257
259_class-7,5,0.9659423828125,0,0.9893990755081177,1.013645052909851,0.999605763734206,0.9951287508010864
260_class-7,0,0.7956167459487915,1,0.9981901049613953,0.9906766414642334,1.0,0.9689473509788513
260_class-7,1,0.9411231279373169,0,0.9949745535850525,0.9999721050262451,0.6929658514424168,0.9832590222358704
260_class-7,2,0.7703396081924438,0,0.9981802105903625,0.9914325475692749,0.692403722478626,0.9710511565208435
260_class-7,3,0.9401859045028687,0,0.9948793053627014,0.9987726211547852,0.6870953084175849,0.9828329682350159
260_class-7,4,0.77041095495224,0,0.9981726408004761,0.9920051097869873,0.6879173681920508,0.9705004096031189
260_class-7,5,0.7706610560417175,0,0.9981948733329773,0.9909263849258423,0.9955957849229938,0.9683675765991211
261_class-5,0,0.6760798096656799,1,0.9266070127487183,0.9850647449493408,1.0,0.9837656617164612
261_class-5,1,0.6584465503692627,0,0.9332979917526245,0.8853381872177124,0.9733825864807015,0.9211593866348267
261_class-5,2,0.6657442450523376,0,0.9268304109573364,0.9817492961883545,0.9497127431300616,0.9715227484703064
261_class-5,3,0.25302138924598694,0,0.9450725317001343,0.9844982624053955,0.09631397801709782,0.9483810663223267
261_class-5,4,0.26476532220840454,0,0.9440538883209229,0.9776710271835327,0.9415861259145515,0.9491642117500305
261_class-5,5,0.2603766620159149,0,0.9442766904830933,0.9784175157546997,0.9740095650790382,0.9454889893531799
262_class-8,0,0.3510698676109314,0,0.9839516878128052,0.906509518623352,1.0,0.9367357492446899
262_class-8,1,0.8083363175392151,0,0.9638094305992126,0.8082011938095093,0.07955052925060047,0.6234321594238281
262_class-8,2,0.3130619525909424,0,0.9897029399871826,0.7717938423156738,0.10960719140138665,0.6732348203659058
262_class-8,3,0.315326988697052,0,0.9893771409988403,0.9533318281173706,0.13889594230866895,0.9371312856674194
262_class-8,4,0.3170347213745117,1,0.988315999507904,0.9805786609649658,0.9280645733546212,0.9593190550804138
262_class-8,5,0.3212982714176178,0,0.9965965151786804,0.9213731288909912,0.6039361872695206,0.7796209454536438
263_class-6,0,0.14200377464294434,0,0.946657657623291,0.9470920562744141,1.0,0.7415860891342163
263_class-6,1,0.1296861171722412,1,0.978331983089447,0.957007646560669,0.09921573996205824,0.8890284299850464
263_class-6,2,0.08300957828760147,0,0.9049520492553711,0.964690089225769,0.16318941065237946,0.9591834545135498
263_class-6,3,0.0824117586016655,0,0.9052010774612427,0.9578648805618286,0.9818572656921755,0.9506967663764954
263_class-6,4,0.1559257209300995,0,0.9570788145065308,0.9768520593643188,0.11413096996553422,0.9485256671905518
263_class-6,5,0.12141721695661545,0,0.880304217338562,0.9292831420898438,0.5482788482355488,0.8576493263244629
264_class-7,0,0.6288974285125732,0,0.9782256484031677,0.9888606071472168,1.0,0.9550946950912476
264_class-7,1,0.9572932720184326,0,0.9931432008743286,1.0090672969818115,0.49749587388310285,0.9873695373535156
264_class-7,2,0.9572887420654297,0,0.9931186437606812,1.008718490600586,0.9993732015157127,0.987299382686615
264_class-7,3,0.9572992324829102,0,0.9930287599563599,1.0102323293685913,0.9986811018018616,0.9868994951248169
264_class-7,4,0.9573055505752563,1,0.9931617975234985,1.009576678276062,0.9986526363731248,0.987313985824585
264_class-7,5,0.8513195514678955,0,0.9824202060699463,0.9699349403381348,0.8422197524531456,0.7600728273391724
265_class-6,0,0.9211350679397583,1,0.9836517572402954,1.009868860244751,1.0,0.9922173619270325
265_class-6,1,0.8938890099525452,0,0.98361736536026,1.0088776350021362,0.9994818235206061,0.992210865020752
265_class-6,2,0.8938289880752563,0,0.9836030602455139,1.009772539138794,0.9990789670615595,0.9922210574150085
265_class-6,3,0.893886923789978,0,0.9835911989212036,1.010014295578003,0.9995278673422386,0.9923290014266968
265_class-6,4,0.8938308954238892,0,0.983600378036499,1.0100314617156982,0.9996545410577953,0.9922654628753662
265_class-6,5,0.8938612341880798,0,0.9836047887802124,1.0091338157653809,0.9994127536098381,0.9921886324882507
266_class-9,0,0.9899303913116455,1,0.9687277674674988,1.0077402591705322,1.0,0.9888677000999451
266_class-9,1,0.9190733432769775,0,0.9687000513076782,1.0082553625106812,0.9991214177542975,0.9888986349105835
266_class-9,2,0.9188166856765747,0,0.9688111543655396,1.0077626705169678,0.9989711220549814,0.9888952374458313
266_class-9,3,0.9188357591629028,0,0.9689300656318665,1.0078476667404175,0.9997223411270636,0.9888656139373779
266_class-9,4,0.9189038872718811,0,0.9688149690628052,1.0078924894332886,0.9993292393805873,0.9888544082641602
266_class-9,5,0.9188709259033203,0,0.9689651727676392,1.0080759525299072,0.9993869501347553,0.9888036251068115
267_class-6,0,0.2951003909111023,0,0.8848412036895752,0.9741580486297607,1.0,0.8383304476737976
267_class-6,1,0.9423261284828186,0,0.9934924244880676,0.9854167699813843,0.1379455273732273,0.9844315052032471
267_class-6,2,0.49621206521987915,0,0.9640324115753174,0.8924160003662109,0.2381701030927835,0.4775928556919098
267_class-6,3,0.9409009218215942,0,0.9934317469596863,0.9856022596359253,0.2379929514058601,0.983878493309021
267_class-6,4,0.5242921710014343,0,0.9985127449035645,0.9069796800613403,0.12131914705752506,0.9289133548736572
267_class-6,5,0.9369322657585144,1,0.9935588836669922,0.9849354028701782,0.1086685653257387,0.9880211353302002
268_class-7,0,0.430206835269928,1,0.9914104342460632,1.0076218843460083,1.0,0.987446129322052
268_class-7,1,0.5366856455802917,0,0.9809224605560303,0.9894030094146729,0.6940362352584443,0.9812955856323242
268_class-7,2,0.5327198505401611,0,0.9814227819442749,0.9715999364852905,0.9880859544233602,0.9033951163291931
268_class-7,3,0.4170207977294922,0,0.9914616346359253,1.0053516626358032,0.6998502093788609,0.9867537021636963
268_class-7,4,0.4162678122520447,0,0.9915966391563416,1.006777286529541,0.9962181931367209,0.9833739995956421
268_class-7,5,0.317712664604187,0,0.9966326355934143,0.9671714305877686,0.6123968102869806,0.7675644159317017
269_class-5,0,0.985297679901123,1,0.9897295832633972,1.0115493535995483,1.0,0.9932021498680115
269_class-5,1,0.9435163736343384,0,0.9896862506866455,1.0113097429275513,0.9993094824851165,0.9934303164482117
269_class-5,2,0.9435125589370728,0,0.9896473288536072,1.0119987726211548,0.9995054309282968,0.9934967756271362
269_class-5,3,0.9434635639190674,0,0.9897093176841736,1.011032223701477,0.9994587835694156,0.9929943084716797
269_class-5,4,0.9434841871261597,0,0.9897069931030273,1.0117621421813965,0.9994586623359654,0.9932807087898254
269_class-5,5,0.9434663653373718,0,0.9897336959838867,1.011008381843567,0.9992815488686727,0.993143618106842
270_class-6,0,0.43444380164146423,1,0.958204448223114,0.9589686393737793,1.0,0.9768163561820984
270_class-6,1,0.40656614303588867,0,0.9520900249481201,0.9371249675750732,0.5186149025439482,0.8578150272369385
270_class-6,2,0.5746614336967468,0,0.9851055145263672,0.9627903699874878,0.3983970351848544,0.8420828580856323
270_class-6,3,0.5551410913467407,0,0.9751769304275513,0.9320154190063477,0.5443614116053094,0.7413567304611206
270_class-6,4,0.3860924243927002,0,0.9576847553253174,0.9901793003082275,0.5668307587845867,0.9438594579696655
270_class-6,5,0.4132854640483856,0,0.9656573534011841,0.9325085878372192,0.7086841219060448,0.7677391767501831
271_class-8,0,0.4218251407146454,1,0.9873718619346619,0.9728986024856567,1.0,0.9405953884124756
271_class-8,1,0.24582359194755554,0,0.8652217388153076,0.9152535200119019,0.08897633771145295,0.6745469570159912
271_class-8,2,0.407899409532547,0,0.9884040951728821,0.9540354013442993,0.07997367798718859,0.9163339734077454
271_class-8,3,0.27238184213638306,0,0.8311408758163452,0.8992030620574951,0.03854959854959855,0.7231898903846741
271_class-8,4,0.40609824657440186,0,0.9868045449256897,0.9735170602798462,0.04010978279863902,0.9551490545272827
271_class-8,5,0.3301742672920227,0,0.9896637201309204,0.856351375579834,0.235724083872232,0.5427243113517761
272_class-5,0,0.8712510466575623,0,0.9874484539031982,0.9666341543197632,1.0,0.8874671459197998
272_class-5,1,0.9696765542030334,0,0.9856894016265869,1.0049386024475098,0.8071299242839899,0.9905679225921631
272_class-5,2,0.9698367118835449,0,0.9856489896774292,1.0056450366973877,0.9983935191541947,0.9906630516052246
272_class-5,3,0.9697727560997009,0,0.9856292009353638,1.0037437677383423,0.9981466736223608,0.9893811345100403
272_class-5,4,0.9698524475097656,0,0.9857630133628845,1.0052679777145386,0.9981463428030043,0.9905113577842712
272_class-5,5,0.7480176687240601,1,0.9922910332679749,0.9945591688156128,0.6525084894292913,0.9769343733787537
273_class-7,0,0.4925726354122162,0,0.9852023720741272,0.9808387756347656,1.0,0.9454899430274963
273_class-7,1,0.28357112407684326,0,0.9964771866798401,0.9906954765319824,0.43501718710021914,0.9550340175628662
273_class-7,2,0.269957035779953,1,0.997212827205658,1.0075374841690063,0.8968550580937127,0.990458607673645
273_class-7,3,0.47537165880203247,0,0.985058069229126,0.9861395359039307,0.3908085579327591,0.9512115120887756
273_class-7,4,0.47431644797325134,0,0.9853588342666626,0.9896461963653564,0.9963728206326424,0.9540644884109497
273_class-7,5,0.4749159812927246,0,0.9853148460388184,0.9841115474700928,0.9960146056908759,0.9489368200302124
274_class-7,0,0.7997540831565857,0,0.9783088564872742,0.9398764371871948,1.0,0.8248412013053894
274_class-7,1,0.9311115741729736,0,0.9842051863670349,0.9975987672805786,0.7196910844034182,0.98264080286026
274_class-7,2,0.6267240047454834,0,0.9676249623298645,0.9654216766357422,0.4369403581707707,0.9718454480171204
274_class-7,3,0.7746390104293823,0,0.9760738611221313,0.9883140325546265,0.6131718395155186,0.9699031114578247
274_class-7,4,0.9314526319503784,0,0.9834067225456238,0.9985847473144531,0.71004,0.9835634827613831
274_class-7,5,0.9309898614883423,1,0.9840645790100098,0.9982556104660034,0.997238453533979,0.9834655523300171
275_class-9,0,0.8718321323394775,1,0.9894349575042725,1.0173670053482056,1.0,0.9945790767669678
275_class-9,1,0.8487038016319275,0,0.9893167614936829,1.016802191734314,0.9996432058889807,0.994617760181427
275_class-9,2,0.8486855030059814,0,0.9894339442253113,1.0175186395645142,0.9995305605107502,0.9947107434272766
275_class-9,3,0.8486990928649902,0,0.9894177913665771,1.0175050497055054,0.9997371188222923,0.9947696328163147
275_class-9,4,0.8486883640289307,0,0.9893934726715088,1.018162727355957,0.9996056708290302,0.9947667121887207
275_class-9,5,0.8486757874488831,0,0.9893737435340881,1.0180094242095947,0.9998309605198903,0.9946669936180115
276_class-7,0,0.9536629319190979,0,0.989581823348999,1.0053420066833496,1.0,0.9483617544174194
276_class-7,1,0.9069512486457825,0,0.9893932938575745,1.0057454109191895,0.9985449985804864,0.9521520137786865
276_class-7,2,0.9075867533683777,0,0.9897106885910034,1.004590392112732,0.9982027998486568,0.9501309394836426
276_class-7,3,0.8137418627738953,0,0.9937922358512878,0.9941868782043457,0.8404560083939497,0.9622556567192078
276_class-7,4,0.812242865562439,1,0.9939796924591064,0.994194507598877,0.9955489821261634,0.9631861448287964
276_class-7,5,0.8117863535881042,0,0.9937676787376404,0.9942399263381958,0.9949141412024424,0.9626185894012451
277_class-6,0,0.9966973066329956,0,0.9904171824455261,1.0061317682266235,1.0,0.9929631352424622
277_class-6,1,0.9654897451400757,0,0.9904782772064209,1.0097142457962036,0.998449805965646,0.9934117197990417
277_class-6,2,0.965717613697052,0,0.9904204607009888,1.0076104402542114,0.9985954617809545,0.9930459260940552
277_class-6,3,0.9657304286956787,0,0.9903604984283447,1.0059787034988403,0.9992500781168628,0.9929407835006714
277_class-6,4,0.9657115340232849,0,0.9903880953788757,1.006400465965271,0.9994479511697185,0.9930322766304016
277_class-6,5,0.965523362159729,1,0.9904924631118774,1.0098979473114014,0.9989385393468895,0.9934459328651428
278_class-9,0,0.2886751592159271,0,0.9942689538002014,0.9705666303634644,1.0,0.9557795524597168
278_class-9,1,0.2546006441116333,0,0.9935818314552307,0.9754658937454224,0.9090983572979394,0.949224591255188
278_class-9,2,0.2951093018054962,0,0.9904255867004395,0.9719582796096802,0.8019426793751655,0.9150083661079407
278_class-9,3,0.25215765833854675,1,0.9946907162666321,0.9766151905059814,0.6276811007689195,0.9588526487350464
278_class-9,4,0.25694191455841064,0,0.9932491183280945,0.9728180170059204,0.7535801231562366,0.950917661190033
278_class-9,5,0.24180591106414795,0,0.9942520260810852,0.9704550504684448,0.9142188980505211,0.9555698037147522
279_class-9,0,0.8474534749984741,1,0.9925596117973328,0.9997940063476562,1.0,0.9732605218887329
279_class-9,1,0.9190623760223389,0,0.9888953566551208,1.0102466344833374,0.7755563729998161,0.994505763053894
279_class-9,2,0.9190801382064819,0,0.9888836145401001,1.0111348628997803,0.9995402467955201,0.9944091439247131
279_class-9,3,0.8174675703048706,0,0.9933133721351624,0.9996588230133057,0.7708551772345161,0.9731079339981079
279_class-9,4,0.9191068410873413,0,0.9888889193534851,1.0098243951797485,0.7709119005132544,0.9944795370101929
279_class-9,5,0.919477105140686,0,0.9887557029724121,1.0052624940872192,0.9986386297992899,0.9943772554397583
280_class-7,0,0.5932777523994446,1,0.9538439512252808,0.9534122943878174,1.0,0.9014068841934204
280_class-7,1,0.5820097923278809,0,0.9515174627304077,1.0024421215057373,0.9714095111026398,0.9864249229431152
280_class-7,2,0.02923804707825184,0,0.9189313650131226,0.9661771059036255,0.14978811072019632,0.6154465675354004
280_class-7,3,0.5320153832435608,0,0.9661796689033508,0.9446308612823486,0.19321121138559305,0.7624281644821167
280_class-7,4,0.1759074628353119,0,0.9199545979499817,0.9717494249343872,0.26812656043378147,0.6560084223747253
280_class-7,5,0.606540322303772,0,0.9605492353439331,0.939612865447998,0.17427332928280037,0.6649689078330994
281_class-5,0,0.9965453147888184,0,0.9841742515563965,1.0057599544525146,1.0,0.993233859539032
281_class-5,1,0.9649975299835205,0,0.9842544794082642,1.0081971883773804,0.9966060640200538,0.9932287931442261
281_class-5,2,0.965076208114624,0,0.9842309951782227,1.0076442956924438,0.9976480860772329,0.9931683540344238
281_class-5,3,0.9649918675422668,1,0.9843428730964661,1.0082381963729858,0.9977464788732394,0.9933345913887024
281_class-5,4,0.9651215672492981,0,0.9843515157699585,1.008042573928833,0.9991271539587792,0.9933286309242249
281_class-5,5,0.9649491310119629,0,0.9842439293861389,1.0081764459609985,0.998901980657967,0.9930967092514038
282_class-7,0,0.9990950226783752,1,0.9771391749382019,1.0158989429473877,1.0,0.9933215379714966
282_class-7,1,0.9187561273574829,0,0.9770253896713257,1.0154712200164795,0.9997490177072335,0.9932984113693237
282_class-7,2,0.918761134147644,0,0.977033257484436,1.0158888101577759,0.9998095749192857,0.9932896494865417
282_class-7,3,0.9187586307525635,0,0.9771033525466919,1.0157113075256348,0.9996884115045397,0.993310272693634
282_class-7,4,0.9187445640563965,0,0.9770312309265137,1.015779733657837,0.9996711323432687,0.9932747483253479
282_class-7,5,0.9187724590301514,0,0.97706139087677,1.015390396118164,0.9996105447181209,0.9933335185050964
283_class-7,0,0.9903402924537659,1,0.9857762455940247,1.0047250986099243,1.0,0.9796094298362732
283_class-7,1,0.9574903249740601,0,0.9852153062820435,1.0043365955352783,0.9991293954462955,0.9786649942398071
283_class-7,2,0.9574987888336182,0,0.9847879409790039,1.0052080154418945,0.9975401022256919,0.9812287092208862
283_class-7,3,0.9574267864227295,0,0.9851388931274414,1.0038279294967651,0.9969214453004168,0.9787040948867798
283_class-7,4,0.9573148488998413,0,0.984777569770813,1.0039756298065186,0.9982741326410196,0.9794826507568359
283_class-7,5,0.9574512243270874,0,0.9854736328125,1.0050368309020996,0.9983478632856869,0.979337751865387
284_class-7,0,0.9919338226318359,1,0.9888284206390381,0.999710202217102,1.0,0.9798029661178589
284_class-7,1,0.7644027471542358,0,0.9851277470588684,1.015243649482727,0.719785873192436,0.9947269558906555
284_class-7,2,0.7649500966072083,0,0.9849979877471924,0.998645544052124,0.9951735057898854,0.986677885055542
284_class-7,3,0.6602871417999268,0,0.9892330765724182,0.9925210475921631,0.7232841672111548,0.9784544110298157
284_class-7,4,0.6605533361434937,0,0.9889017343521118,0.9992419481277466,0.9937457341449485,0.981402575969696
284_class-7,5,0.735782265663147,0,0.9855769276618958,0.9901297092437744,0.7756211829666193,0.9658591151237488
285_class-5,0,0.9920504689216614,0,0.9221307039260864,1.0042312145233154,1.0,0.9837644696235657
285_class-5,1,0.9513909816741943,0,0.9223207235336304,0.9998948574066162,0.9972815656168392,0.9814251661300659
285_class-5,2,0.950674295425415,0,0.9221819639205933,1.0022259950637817,0.9982884793264662,0.9841814637184143
285_class-5,3,0.949644923210144,0,0.9230883121490479,1.0026026964187622,0.9984812296368185,0.9829181432723999
285_class-5,4,0.9509488344192505,0,0.9225977659225464,1.001361608505249,0.9980031621848051,0.9858377575874329
285_class-5,5,0.9499298334121704,1,0.9231523275375366,1.0053155422210693,0.9982237898781218,0.9841967821121216
286_class-6,0,0.1716240495443344,1,0.9447112083435059,1.0085119009017944,1.0,0.9866048097610474
286_class-6,1,0.1664598137140274,0,0.9445363283157349,1.008552074432373,0.9981580793905372,0.9868013262748718
286_class-6,2,0.16648973524570465,0,0.9444460272789001,1.0066821575164795,0.9981707699054062,0.9861803650856018
286_class-6,3,0.16641035676002502,0,0.944243311882019,1.0061836242675781,0.9992794937660547,0.9863041639328003
286_class-6,4,0.16646045446395874,0,0.9444076418876648,1.007910966873169,0.998533742715709,0.9868415594100952
286_class-6,5,0.166425421833992,0,0.9447590112686157,1.009186029434204,0.9991473193853176,0.986585259437561
287_class-7,0,0.990280270576477,1,0.986412525177002,1.0117156505584717,1.0,0.9887123703956604
287_class-7,1,0.9470667839050293,0,0.9860793352127075,1.0121089220046997,0.9983266115764635,0.9893320798873901
287_class-7,2,0.9476618766784668,0,0.9863942265510559,1.011214256286621,0.9982702214868574,0.9886271357536316
287_class-7,3,0.9466796517372131,0,0.9860349297523499,1.0084218978881836,0.99668130153149,0.9879063963890076
287_class-7,4,0.9475874900817871,0,0.986120343208313,1.0117664337158203,0.9968218147625764,0.9890568256378174
287_class-7,5,0.9477429389953613,0,0.9862009286880493,1.0120809078216553,0.9993234163714444,0.9891273379325867
288_class-6,0,0.2691282033920288,1,0.9778634309768677,1.0080653429031372,1.0,0.9887774586677551
288_class-6,1,0.2587004005908966,0,0.977816104888916,1.0085787773132324,0.9993419115736972,0.9897841811180115
288_class-6,2,0.25869208574295044,0,0.9778527021408081,1.008338451385498,0.9996363888215535,0.9898517727851868
288_class-6,3,0.2586912214756012,0,0.9778472185134888,1.007412075996399,0.9989438875326789,0.9888052344322205
288_class-6,4,0.25869715213775635,0,0.9778121709823608,1.0080218315124512,0.9994457050804594,0.9890243411064148
288_class-6,5,0.2586970329284668,0,0.9777849316596985,1.0075651407241821,0.9995150003464284,0.9887011051177979
289_class-8,0,0.3959740102291107,1,0.9860076904296875,0.9942902326583862,1.0,0.9923069477081299
289_class-8,1,0.3435949683189392,0,0.9824849367141724,0.9399964809417725,0.7592691092268703,0.925565242767334
289_class-8,2,0.3474532663822174,0,0.9492548704147339,0.9790869951248169,0.6297864578583248,0.892642617225647
289_class-8,3,0.34494590759277344,0,0.9851693511009216,0.9756346940994263,0.6321016771488469,0.9497111439704895
289_class-8,4,0.3713051676750183,0,0.9862337112426758,0.9921331405639648,0.7679505618687866,0.9917418956756592
289_class-8,5,0.34398722648620605,0,0.9854238033294678,0.9800349473953247,0.7626503183211507,0.9513823390007019
290_class-5,0,0.6336327791213989,1,0.8419638276100159,1.0090508460998535,1.0,0.9945868253707886
290_class-5,1,0.6088874340057373,0,0.8419203162193298,1.0018763542175293,0.9929239149774852,0.9929225444793701
290_class-5,2,0.6101089715957642,0,0.8417026996612549,1.0076615810394287,0.9936174001177904,0.9943862557411194
290_class-5,3,0.9474074840545654,0,0.9236236810684204,0.992895245552063,0.5580339213444963,0.9721641540527344
290_class-5,4,0.6102724075317383,0,0.8423618078231812,1.009149432182312,0.5576761307948169,0.9944497346878052
290_class-5,5,0.6102048754692078,0,0.8414877653121948,1.0054099559783936,0.9984,0.9943088293075562
291_class-7,0,0.9967299699783325,1,0.9902021884918213,1.0115970373153687,1.0,0.9911924004554749
291_class-7,1,0.9326964616775513,0,0.9904261231422424,1.0112807750701904,0.9990055111258442,0.9911352396011353
291_class-7,2,0.9328538179397583,0,0.9901678562164307,1.0110067129135132,0.9977727592922554,0.9911813139915466
291_class-7,3,0.9327554702758789,0,0.9902726411819458,1.011852741241455,0.9987657778192642,0.9911519885063171
291_class-7,4,0.932758092880249,0,0.9900030493736267,1.0108983516693115,0.9990463949583316,0.9911201596260071
291_class-7,5,0.9327781200408936,0,0.9901779890060425,1.0121307373046875,0.9985487265075104,0.9913308024406433
292_class-9,0,0.8679947853088379,1,0.9909471273422241,1.0029101371765137,1.0,0.9886687397956848
292_class-9,1,0.8299174308776855,0,0.9910128116607666,1.0028239488601685,0.9984441687866619,0.9879419803619385
292_class-9,2,0.8294370174407959,0,0.991646409034729,0.9859315156936646,0.9943108136373143,0.9839097857475281
292_class-9,3,0.8298476934432983,0,0.9907830357551575,1.003756046295166,0.9939966950446587,0.9880992770195007
292_class-9,4,0.8298920392990112,0,0.9907512068748474,1.0031049251556396,0.9986966301582964,0.9886237382888794
292_class-9,5,0.8298475742340088,0,0.990972638130188,1.0016043186187744,0.9986547556489753,0.9878438711166382
293_class-8,0,0.4302160143852234,1,0.9960090517997742,0.9497779607772827,1.0,0.9498655796051025
293_class-8,1,0.39688238501548767,0,0.9957645535469055,0.9570255279541016,0.9832179175244868,0.9614214301109314
293_class-8,2,0.35291945934295654,0,0.9854930639266968,0.9302312135696411,0.50229793977813,0.7902798652648926
293_class-8,3,0.37161505222320557,0,0.9937785267829895,0.9621230363845825,0.7111142225956003,0.94720858335495
293_class-8,4,0.368998259305954,0,0.9931889772415161,0.9688476324081421,0.9592401327923276,0.9497844576835632
293_class-8,5,0.39642760157585144,0,0.9966214299201965,0.9477038383483887,0.6433056099151989,0.9521316885948181
294_class-6,0,0.4012364447116852,1,0.8945866823196411,0.9930497407913208,1.0,0.9881840348243713
294_class-6,1,0.4166320264339447,0,0.895065426826477,0.9675178527832031,0.8661015571004594,0.9691251516342163
294_class-6,2,0.41862034797668457,0,0.9878465533256531,0.9170197248458862,0.17506840665123133,0.7790700197219849
294_class-6,3,0.41119319200515747,0,0.9865456819534302,0.9275095462799072,0.5717223650385604,0.7354481816291809
294_class-6,4,0.297134131193161,0,0.8810120224952698,0.9177788496017456,0.2612348662760209,0.7802485227584839
294_class-6,5,0.372921347618103,0,0.868820309638977,0.9273062944412231,0.4662131569357172,0.8890849947929382
295_class-8,0,0.6369340419769287,0,0.983941912651062,0.8551563024520874,1.0,0.7397537231445312
295_class-8,1,0.4041216969490051,0,0.9924489855766296,0.9416674375534058,0.05715366464326242,0.8939592838287354
295_class-8,2,0.40041583776474,0,0.9559052586555481,0.8806443214416504,0.4706930228924135,0.7204053401947021
295_class-8,3,0.40563347935676575,1,0.9913856983184814,0.9797545671463013,0.3652259362667873,0.9728075861930847
295_class-8,4,0.37097856402397156,0,0.9764119982719421,0.9551389217376709,0.5222965071379714,0.8832705616950989
295_class-8,5,0.3727225959300995,0,0.9840048551559448,0.9317876100540161,0.7217645597201782,0.9018579125404358
296_class-7,0,0.8997215628623962,1,0.9772939682006836,1.0090641975402832,1.0,0.9972442388534546
296_class-7,1,0.8723675012588501,0,0.9776490330696106,0.9527571797370911,0.9960861056751468,0.9935575723648071
296_class-7,2,0.8719882965087891,0,0.9774213433265686,1.0015923976898193,0.9967745651422647,0.9943656921386719
296_class-7,3,0.871518611907959,0,0.9774199724197388,0.9944343566894531,0.9981012658227848,0.9937798976898193
296_class-7,4,0.871799111366272,0,0.977385938167572,1.0092718601226807,0.9981020302524874,0.9972591400146484
296_class-7,5,0.8718982338905334,0,0.9774203896522522,1.0096317529678345,0.999654417693814,0.9971113801002502
297_class-6,0,0.4246600568294525,1,0.9959904551506042,0.9327744245529175,1.0,0.8654277324676514
297_class-6,1,0.39548730850219727,0,0.992465615272522,0.9138466119766235,0.5755361772330898,0.9397521615028381
297_class-6,2,0.35657358169555664,0,0.9901396632194519,0.9372581243515015,0.16027709054923306,0.8568268418312073
297_class-6,3,0.31648319959640503,0,0.8592932820320129,0.9176673889160156,0.08527406073082862,0.7810239791870117
297_class-6,4,0.40296506881713867,0,0.9953427314758301,0.9868564605712891,0.20079906775428666,0.9788104295730591
297_class-6,5,0.4111086130142212,0,0.9948662519454956,0.9899235963821411,0.6456772000309048,0.9895615577697754
298_class-8,0,0.4396577477455139,1,0.9968494772911072,0.9854750037193298,1.0,0.9859656691551208
298_class-8,1,0.41125351190567017,0,0.996890664100647,0.9836043119430542,0.9983797468354431,0.9853814244270325
298_class-8,2,0.5415612459182739,0,0.9971811175346375,1.0063774585723877,0.6706274897007252,0.9786028265953064
298_class-8,3,0.41130053997039795,0,0.9968249201774597,1.0121527910232544,0.6723029292688736,0.9952371120452881
298_class-8,4,0.4113024175167084,0,0.9968333840370178,1.0126285552978516,0.9994448930157449,0.9952009916305542
298_class-8,5,0.44275033473968506,0,0.9868849515914917,0.8971750736236572,0.3861790213083232,0.7474642395973206
299_class-7,0,0.7595769166946411,1,0.994113028049469,1.002314567565918,1.0,0.9850950837135315
299_class-7,1,0.7363241910934448,0,0.9940865635871887,1.0019625425338745,0.9996087738973944,0.984894335269928
299_class-7,2,0.7364445924758911,0,0.9941071271896362,1.0021214485168457,0.9992438563327032,0.9851669669151306
299_class-7,3,0.7364312410354614,0,0.9940955638885498,1.001772403717041,0.999361213954216,0.9850388169288635
299_class-7,4,0.736261248588562,0,0.9940882921218872,1.0017584562301636,0.9991525534217285,0.9848799705505371
299_class-7,5,0.7351118922233582,0,0.9941359162330627,0.9999312162399292,0.9968048201570203,0.9822278022766113
300_class-7,0,0.6380324959754944,1,0.987284243106842,0.9782203435897827,1.0,0.966412365436554
300_class-7,1,0.521239697933197,0,0.9869347214698792,1.0065772533416748,0.947698953314504,0.9933297634124756
300_class-7,2,0.3833509087562561,0,0.9889131188392639,0.9806129932403564,0.5706379600224173,0.8966596126556396
300_class-7,3,0.2508600354194641,0,0.976292073726654,0.9710960388183594,0.3201964296854808,0.871979832649231
300_class-7,4,0.5212976932525635,0,0.9871879816055298,1.0056356191635132,0.26789334727015507,0.9905256032943726
300_class-7,5,0.3389306962490082,0,0.9910868406295776,0.9647437334060669,0.557614392973509,0.9322159886360168
301_class-7,0,0.3905384838581085,1,0.9980999231338501,0.9912971258163452,1.0,0.9907448291778564
301_class-7,1,0.33908259868621826,0,0.9980640411376953,1.0007286071777344,0.9959701116614894,0.9921169877052307
301_class-7,2,0.3151451349258423,0,0.9962118268013,0.9573609828948975,0.4785276073619632,0.9145435690879822
301_class-7,3,0.496407687664032,0,0.9958350658416748,0.9601192474365234,0.2991832751181426,0.9190706014633179
301_class-7,4,0.3390919268131256,0,0.9981662631034851,0.9928423762321472,0.44464012251148544,0.9906991720199585
301_class-7,5,0.7082443237304688,0,0.9893900752067566,0.9525108337402344,0.2201270676273918,0.8175210356712341
302_class-7,0,0.423520565032959,0,0.9928792119026184,1.0046720504760742,1.0,0.9868909120559692
302_class-7,1,0.48051485419273376,0,0.9902414083480835,1.0117534399032593,0.8587313621430377,0.9959279894828796
302_class-7,2,0.4158593416213989,0,0.9927138090133667,1.0037096738815308,0.8547568888514367,0.969825804233551
302_class-7,3,0.4173530340194702,1,0.9929617643356323,1.005271315574646,0.9911253591883809,0.9898594617843628
302_class-7,4,0.41723260283470154,0,0.9928363561630249,1.005479335784912,0.9986899734084155,0.9895874261856079
302_class-7,5,0.41718918085098267,0,0.9928342700004578,1.0057452917099,0.9980263800683927,0.9892285466194153
303_class-8,0,0.5976072549819946,0,0.9554471969604492,0.8123337030410767,1.0,0.5641128420829773
303_class-8,1,0.332040399312973,1,0.9942260384559631,0.8949097394943237,0.0741309455534383,0.7698899507522583
303_class-8,2,0.4932708740234375,0,0.9274508357048035,0.8005492687225342,0.2626230173492509,0.5834906101226807
303_class-8,3,0.3988875150680542,0,0.983198881149292,0.8129032850265503,0.2076432300058001,0.6842378377914429
303_class-8,4,0.3658393323421478,0,0.9659377932548523,0.8445037603378296,0.12623762376237624,0.6671800017356873
303_class-8,5,0.41247719526290894,0,0.9879899024963379,0.8214770555496216,0.20365317786266118,0.7099692821502686
304_class-7,0,0.9748182892799377,1,0.9616560339927673,1.0077520608901978,1.0,0.984780490398407
304_class-7,1,0.9252128601074219,0,0.9617844820022583,1.0081735849380493,0.9997091135404265,0.9844145774841309
304_class-7,2,0.9254928827285767,0,0.9614821672439575,1.0074794292449951,0.9994251707580983,0.984782338142395
304_class-7,3,0.925142765045166,0,0.9614698886871338,1.0081520080566406,0.9993507810914993,0.9845658540725708
304_class-7,4,0.9254251718521118,0,0.9611085057258606,1.0075749158859253,0.9995671112794567,0.984691858291626
304_class-7,5,0.929614782333374,0,0.9611919522285461,1.007333517074585,0.993815375514265,0.9877886772155762
305_class-6,0,0.33374345302581787,1,0.9943443536758423,0.9148272275924683,1.0,0.7714612483978271
305_class-6,1,0.2815755307674408,0,0.9885976910591125,0.8744622468948364,0.1478129333165259,0.5944287776947021
305_class-6,2,0.6291617155075073,0,0.9763050079345703,0.9881159067153931,0.19309158846758098,0.9370534420013428
305_class-6,3,0.4473074674606323,0,0.9903836250305176,0.9544799327850342,0.5868309098990412,0.8296218514442444
305_class-6,4,0.5535290241241455,0,0.9867285490036011,0.9894136190414429,0.7091435979562266,0.9581771492958069
305_class-6,5,0.5666114091873169,0,0.9832124710083008,0.9739645719528198,0.9595397586539283,0.9570268988609314
306_class-9,0,0.6935907602310181,1,0.9890536665916443,1.001334547996521,1.0,0.9931054711341858
306_class-9,1,0.6788524985313416,0,0.9907902479171753,1.0063194036483765,0.9992356248150706,0.9928889870643616
306_class-9,2,0.6785386800765991,0,0.9881879091262817,0.9658597707748413,0.995524320325504,0.9721953272819519
306_class-9,3,0.6788675785064697,0,0.9893641471862793,1.0052212476730347,0.9954999383553199,0.9929206371307373
306_class-9,4,0.6788660883903503,0,0.9906641244888306,1.0071961879730225,0.999741124260355,0.9930117726325989
306_class-9,5,0.6788589954376221,0,0.9893866777420044,1.0054587125778198,0.9997904339250493,0.9928072094917297
307_class-7,0,0.99456787109375,1,0.9498056769371033,1.0115010738372803,1.0,0.9908435344696045
307_class-7,1,0.9646247625350952,0,0.9489259123802185,1.0110650062561035,0.9993774139620684,0.9906683564186096
307_class-7,2,0.9630271792411804,0,0.9450485706329346,1.0099365711212158,0.9910746203254189,0.9896979331970215
307_class-7,3,0.9643755555152893,0,0.9495131969451904,1.0117658376693726,0.9912918108419838,0.9908878207206726
307_class-7,4,0.9644059538841248,0,0.9484825134277344,1.0117218494415283,0.9996655865496604,0.9908781051635742
307_class-7,5,0.9644569754600525,0,0.949428915977478,1.0106406211853027,0.999423504859854,0.9907738566398621
308_class-7,0,0.2569703459739685,1,0.992167592048645,0.9952526092529297,1.0,0.9944020509719849
308_class-7,1,0.505870521068573,0,0.9981181621551514,1.0009528398513794,0.17221847366738877,0.9882460236549377
308_class-7,2,0.5061953663825989,0,0.9981595873832703,0.9994924068450928,0.9979396092362345,0.9874458909034729
308_class-7,3,0.5062223076820374,0,0.9981400370597839,0.9965403079986572,0.9977590040017785,0.9838380217552185
308_class-7,4,0.5066488981246948,0,0.9981544613838196,0.9940824508666992,0.9961418106820283,0.9819296598434448
308_class-7,5,0.092763252556324,0,0.9916218519210815,0.9368454217910767,0.16189111747851004,0.9638007879257202
309_class-7,0,0.9981762170791626,1,0.9968738555908203,1.0161298513412476,1.0,0.9963900446891785
309_class-7,1,0.9635289907455444,0,0.996873676776886,1.0159332752227783,0.9995810481413772,0.9963591694831848
309_class-7,2,0.9635133743286133,0,0.9968615174293518,1.0158790349960327,0.9997904801813299,0.996349036693573
309_class-7,3,0.9635475873947144,0,0.9968615770339966,1.0161609649658203,0.9997143020398834,0.9963659644126892
309_class-7,4,0.963494062423706,0,0.9968723058700562,1.0161468982696533,0.9995810481413772,0.9964403510093689
309_class-7,5,0.9635388255119324,0,0.9968723058700562,1.0158398151397705,0.9996572212065814,0.9963346123695374
310_class-5,0,0.7138835787773132,0,0.9884743690490723,1.0092525482177734,1.0,0.9946596026420593
310_class-5,1,0.6867285966873169,0,0.9883353114128113,1.0114318132400513,0.9979300963983677,0.9948665499687195
310_class-5,2,0.9233722686767578,0,0.9655206203460693,0.997374415397644,0.6083056298330562,0.9625656604766846
310_class-5,3,0.6867187023162842,0,0.9883853793144226,1.0109846591949463,0.6082660452681588,0.9949275255203247
310_class-5,4,0.6867526769638062,0,0.988330602645874,1.0118335485458374,0.9990841949778434,0.9949694275856018
310_class-5,5,0.6867045164108276,1,0.9884756803512573,1.0118541717529297,0.9990989527171745,0.9950315356254578
311_class-8,0,0.32166603207588196,1,0.9839825630187988,0.9952250719070435,1.0,0.9704201221466064
311_class-8,1,0.3158584535121918,0,0.9872242212295532,0.9249300956726074,0.9417586687695719,0.7842722535133362
311_class-8,2,0.3118073046207428,0,0.9828059673309326,0.98875892162323,0.9168407484777101,0.9805375933647156
311_class-8,3,0.24017073214054108,0,0.9873367547988892,0.9634066820144653,0.3176537025610993,0.751383364200592
311_class-8,4,0.3357855975627899,0,0.9826462268829346,0.9879536628723145,0.3600697790735974,0.958979606628418
311_class-8,5,0.3301195204257965,0,0.9939429759979248,0.9157803654670715,0.506190019193858,0.5873273611068726
312_class-7,0,0.6156003475189209,0,0.9924590587615967,1.0062694549560547,1.0,0.9874688386917114
312_class-7,1,0.5508590936660767,0,0.9924418330192566,1.0069987773895264,0.998930396545577,0.9892125725746155
312_class-7,2,0.5706125497817993,0,0.992161750793457,1.0050606727600098,0.9276028816737393,0.9863837361335754
312_class-7,3,0.5507894158363342,1,0.9925124049186707,1.0085569620132446,0.9283361278232567,0.990399181842804
312_class-7,4,0.5507584810256958,0,0.9923801422119141,1.0081654787063599,0.9977062859628656,0.9886212348937988
312_class-7,5,0.5692126750946045,0,0.9928507804870605,1.0061070919036865,0.9300933401598992,0.9887820482254028
313_class-8,0,0.2716081142425537,0,0.9348385334014893,1.0067476034164429,1.0,0.9796774983406067
313_class-8,1,0.24347087740898132,0,0.9350398778915405,1.0068230628967285,0.9990579937682664,0.9796872138977051
313_class-8,2,0.24360263347625732,0,0.9328070878982544,1.005951166152954,0.9959172826979755,0.978614330291748
313_class-8,3,0.24360699951648712,0,0.9354867935180664,1.0063172578811646,0.9980984909042463,0.9790438413619995
313_class-8,4,0.24346134066581726,1,0.9358115196228027,1.0064454078674316,0.9976533772014708,0.9802604913711548
313_class-8,5,0.24361401796340942,0,0.9357990026473999,1.0057992935180664,0.9967230559015224,0.9795739650726318
314_class-7,0,0.16339796781539917,0,0.9113349914550781,0.9842325448989868,1.0,0.8840471506118774
314_class-7,1,0.254258930683136,0,0.9743276238441467,0.9752455949783325,0.5827801600771263,0.8142076134681702
314_class-7,2,0.3685634434223175,1,0.980231523513794,0.9838311672210693,0.41053049300471983,0.953268826007843
314_class-7,3,0.3692080080509186,0,0.9798285365104675,0.9620310068130493,0.8886154919207967,0.9351164102554321
314_class-7,4,0.15867683291435242,0,0.9131336212158203,0.9877996444702148,0.2355003843120312,0.8966851830482483
314_class-7,5,0.15891310572624207,0,0.9124753475189209,0.9825881719589233,0.9968584530414735,0.8837878704071045
315_class-9,0,0.13053172826766968,1,0.9151101112365723,0.9985257387161255,1.0,0.8816250562667847
315_class-9,1,0.10979588329792023,0,0.9111487865447998,1.000598669052124,0.9731167367444801,0.8769890069961548
315_class-9,2,0.124394990503788,0,0.916178286075592,0.9993704557418823,0.9749632975250263,0.880825936794281
315_class-9,3,0.12456230819225311,0,0.9154390096664429,0.9993252754211426,0.9985249605661423,0.8837392330169678
315_class-9,4,0.1246328204870224,0,0.915713906288147,0.9995489120483398,0.9988826434438465,0.8810437917709351
315_class-9,5,0.125768780708313,0,0.915824294090271,1.0005953311920166,0.9978578957025632,0.8788896799087524
316_class-5,0,0.4582144021987915,0,0.9846658706665039,0.9613012075424194,1.0,0.8156244158744812
316_class-5,1,0.3969600796699524,0,0.9743601083755493,0.956254243850708,0.5176033671700916,0.8895842432975769
316_class-5,2,0.6250373125076294,1,0.9884019494056702,1.0101699829101562,0.517608494662819,0.9922930598258972
316_class-5,3,0.6256707906723022,0,0.9888864755630493,1.002097249031067,0.9976594117756765,0.9855608940124512
316_class-5,4,0.3410080671310425,0,0.9679694175720215,0.9697294235229492,0.38934399493014976,0.9076343178749084
316_class-5,5,0.363907128572464,0,0.9665166735649109,0.9719710350036621,0.8781737614717433,0.9575986862182617
317_class-7,0,0.6047346591949463,0,0.991523027420044,1.0005329847335815,1.0,0.9739434719085693
317_class-7,1,0.5862166881561279,0,0.9916279315948486,1.0006556510925293,0.9988032339278748,0.9759209156036377
317_class-7,2,0.5853387117385864,0,0.9917763471603394,1.0012397766113281,0.9974562375360071,0.9740445017814636
317_class-7,3,0.5866113901138306,0,0.9916862845420837,1.001449465751648,0.9964840809458442,0.9748422503471375
317_class-7,4,0.5854431986808777,1,0.9915682077407837,1.002294898033142,0.9969884853852967,0.9753151535987854
317_class-7,5,0.579353928565979,0,0.9919918775558472,0.9942970275878906,0.9866155430113253,0.9710519313812256
318_class-6,0,0.9879342913627625,1,0.970728874206543,0.9879583120346069,1.0,0.9575551748275757
318_class-6,1,0.3242950141429901,0,0.9913632869720459,0.9054467678070068,0.08906377252930137,0.842166006565094
318_class-6,2,0.592769980430603,0,0.9840577244758606,0.9732029438018799,0.17755854790604098,0.9244161248207092
318_class-6,3,0.35603222250938416,0,0.9865084290504456,0.9426535367965698,0.2781258272302127,0.8832274079322815
318_class-6,4,0.9427943825721741,0,0.9712871313095093,0.9955023527145386,0.1408038019349133,0.9574819803237915
318_class-6,5,0.9130471348762512,0,0.9719405174255371,1.0002093315124512,0.9597946428571429,0.9543094635009766
319_class-8,0,0.5634561777114868,0,0.984118640422821,0.9627948999404907,1.0,0.9384254217147827
319_class-8,1,0.16976602375507355,0,0.776515007019043,0.8803623914718628,0.0,0.783122181892395
319_class-8,2,0.4193737208843231,0,0.9803080558776855,0.8597496747970581,1.2204573053523156e-05,0.806776762008667
319_class-8,3,0.4999883770942688,0,0.9822103381156921,0.9550573825836182,0.6759084282706117,0.8845900297164917
319_class-8,4,0.5045832991600037,0,0.9849376678466797,0.9459893703460693,0.7278831907470248,0.8753893971443176
319_class-8,5,0.5441126227378845,1,0.9845947027206421,0.9654495716094971,0.7106210870408333,0.9578564167022705
320_class-6,0,0.9250131845474243,1,0.8901466727256775,0.9895449876785278,1.0,0.9450687766075134
320_class-6,1,0.8559461832046509,0,0.8909098505973816,0.9914153814315796,0.9867512952377311,0.944023609161377
320_class-6,2,0.8558757305145264,0,0.8907430171966553,0.9911638498306274,0.9969049120192583,0.9444270730018616
320_class-6,3,0.8555612564086914,0,0.8905538320541382,0.991188645362854,0.9964647091984444,0.9434528350830078
320_class-6,4,0.8522013425827026,0,0.8914411664009094,0.990462064743042,0.9925520304811504,0.9447724223136902
320_class-6,5,0.8706470727920532,0,0.8878195881843567,0.9892915487289429,0.9500677481964331,0.9681318998336792
321_class-6,0,0.263456255197525,0,0.9460083246231079,1.002661943435669,1.0,0.9926478862762451
321_class-6,1,0.25703540444374084,0,0.9495943188667297,1.0035920143127441,0.9995917507308979,0.9928311109542847
321_class-6,2,0.2570018470287323,0,0.9467796087265015,1.004644751548767,0.9990129760745401,0.9928104281425476
321_class-6,3,0.2570492625236511,0,0.9493317008018494,1.0028538703918457,0.9988682572477595,0.9925709962844849
321_class-6,4,0.30845731496810913,1,0.9794812202453613,1.010313868522644,0.6128968515347122,0.9971714019775391
321_class-6,5,0.257019966840744,0,0.9456161260604858,1.0042411088943481,0.612066357070501,0.9928936958312988
322_class-6,0,0.3033572733402252,1,0.9532907605171204,0.9950084686279297,1.0,0.980010986328125
322_class-6,1,0.4573158621788025,0,0.9887009859085083,0.9296514987945557,0.0011671506819100833,0.9596735239028931
322_class-6,2,0.29334938526153564,0,0.8994414210319519,0.8686525821685791,0.09227368731273639,0.6894470453262329
322_class-6,3,0.3099876940250397,0,0.9099521040916443,0.8608710765838623,0.8650953499110854,0.7514880299568176
322_class-6,4,0.3017718493938446,0,0.8861548900604248,0.8863136768341064,0.8813361245477827,0.7090097665786743
322_class-6,5,0.2964075207710266,0,0.9264298677444458,0.8686422109603882,0.853963329447244,0.7012481093406677
323_class-9,0,0.5718381404876709,0,0.9892364144325256,0.9754528999328613,1.0,0.9484215378761292
323_class-9,1,0.559593677520752,1,0.990312397480011,0.9744362831115723,0.9441687050274288,0.9637106657028198
323_class-9,2,0.18424957990646362,0,0.8347324132919312,0.9586197137832642,0.21859851299183755,0.7463228106498718
323_class-9,3,0.23575010895729065,0,0.8586106300354004,0.8774398565292358,0.842291750574824,0.6863476037979126
323_class-9,4,0.161067396402359,0,0.8125555515289307,0.9751266241073608,0.8284149889902485,0.8253442049026489
323_class-9,5,0.23636987805366516,0,0.8833985924720764,0.9693566560745239,0.8292955499869538,0.7052460312843323
324_class-6,0,0.8033614158630371,1,0.9876847267150879,0.9974410533905029,1.0,0.9933622479438782
324_class-6,1,0.9517223834991455,0,0.9856711626052856,1.0021923780441284,0.66431598062954,0.9916603565216064
324_class-6,2,0.7862914800643921,0,0.9874888062477112,0.9862452745437622,0.6674074760008643,0.9733381867408752
324_class-6,3,0.785929799079895,0,0.9876663088798523,0.972819447517395,0.9894668360234208,0.9623200297355652
324_class-6,4,0.9468196630477905,0,0.9853858947753906,1.000619888305664,0.6704517554628038,0.9939578771591187
324_class-6,5,0.7831807732582092,0,0.9878433346748352,0.9936470985412598,0.6674587941382567,0.983474612236023
325_class-9,0,0.7029659152030945,0,0.9975765347480774,0.9343547821044922,1.0,0.8824776411056519
325_class-9,1,0.5924726724624634,0,0.9985789060592651,0.9933358430862427,0.6594084357591299,0.9772403836250305
325_class-9,2,0.5941388010978699,0,0.9984498023986816,0.9923592805862427,0.9906649053280493,0.9780329465866089
325_class-9,3,0.7106238603591919,0,0.9979686737060547,0.9689931869506836,0.6812541748476814,0.9506118893623352
325_class-9,4,0.5921582579612732,1,0.9985547065734863,0.9936913251876831,0.6762377240052647,0.9781215190887451
325_class-9,5,0.707862913608551,0,0.9980975985527039,0.9644378423690796,0.6796427333346928,0.945442259311676
326_class-7,0,0.9871722459793091,0,0.9927363395690918,1.0077165365219116,1.0,0.9929120540618896
326_class-7,1,0.9565361738204956,0,0.9926170706748962,1.0075551271438599,0.9991075526543934,0.9930274486541748
326_class-7,2,0.9566745758056641,1,0.9929263591766357,1.0070288181304932,0.9994133102058516,0.9930545091629028
326_class-7,3,0.8739565014839172,0,0.9959229230880737,0.9781458377838135,0.8356914356871418,0.9701434373855591
326_class-7,4,0.9566035270690918,0,0.9925171732902527,1.0074485540390015,0.8357628974430538,0.9929853081703186
326_class-7,5,0.9566042423248291,0,0.9925254583358765,1.0075124502182007,0.9993623912877145,0.9930436015129089
327_class-6,0,0.9928513765335083,1,0.9951549172401428,1.0086675882339478,1.0,0.9887306690216064
327_class-6,1,0.9613116979598999,0,0.994604229927063,1.0104780197143555,0.9932429266281173,0.9945732951164246
327_class-6,2,0.9335527420043945,0,0.9957400560379028,1.0003633499145508,0.959281190270959,0.9812613129615784
327_class-6,3,0.961259663105011,0,0.9946090579032898,1.0093839168548584,0.9592440950783732,0.9944192171096802
327_class-6,4,0.9334957599639893,0,0.9959805607795715,0.998072624206543,0.9558673302030909,0.9662092924118042
327_class-6,5,0.9335141777992249,0,0.9959845542907715,0.998164176940918,0.999402060440907,0.9663451910018921
328_class-5,0,0.9694321751594543,0,0.9722589254379272,1.006233811378479,1.0,0.9925768971443176
328_class-5,1,0.9144258499145508,0,0.9731981158256531,1.0006194114685059,0.9872620862637093,0.9830887317657471
328_class-5,2,0.9161276817321777,1,0.9723339080810547,1.0078023672103882,0.9880492991022208,0.992582380771637
328_class-5,3,0.9162784814834595,0,0.9723902940750122,1.0064302682876587,0.9992227163603448,0.9924724102020264
328_class-5,4,0.9160856008529663,0,0.9725857973098755,0.9999876022338867,0.9991438945907914,0.9920444488525391
328_class-5,5,0.9132260084152222,0,0.9734424948692322,0.9680287837982178,0.9841865319666401,0.975101888179779
329_class-8,0,0.322635293006897,1,0.989904522895813,0.8512759208679199,1.0,0.6660799980163574
329_class-8,1,0.3555155098438263,0,0.9723268747329712,0.9452091455459595,0.2606370143971688,0.6199947595596313
329_class-8,2,0.21057187020778656,0,0.9177430868148804,0.9502197504043579,0.11533198476915754,0.9116630554199219
329_class-8,3,0.35250696539878845,0,0.9701136350631714,0.9834010601043701,0.12389040502064019,0.9688555002212524
329_class-8,4,0.3112446963787079,0,0.9854607582092285,0.8869035243988037,0.13392684342945615,0.7410110235214233
329_class-8,5,0.296476274728775,0,0.9880179166793823,0.9514869451522827,0.8019909688013136,0.8979209661483765
330_class-8,0,0.33166101574897766,0,0.9884806275367737,1.0059425830841064,1.0,0.9852098226547241
330_class-8,1,0.36921826004981995,0,0.9961485862731934,0.9566564559936523,0.20047650814828932,0.9881547689437866
330_class-8,2,0.36692285537719727,0,0.9921795129776001,0.9611543416976929,0.8570475396163469,0.8273667693138123
330_class-8,3,0.2936604917049408,0,0.9876965284347534,0.9957921504974365,0.19525713754301124,0.9763178825378418
330_class-8,4,0.2949380874633789,1,0.9886660575866699,1.0103703737258911,0.9823483537176878,0.990063488483429
330_class-8,5,0.299936980009079,0,0.9769875407218933,0.9250259399414062,0.6534981299516066,0.8307839035987854
331_class-6,0,0.8326101303100586,1,0.8417821526527405,1.0115795135498047,1.0,0.994567334651947
331_class-6,1,0.5434525012969971,0,0.938804030418396,0.9679503440856934,0.7041390235604321,0.8398928642272949
331_class-6,2,0.7858543395996094,0,0.841465175151825,1.012377142906189,0.7042101513612947,0.9944119453430176
331_class-6,3,0.7858847379684448,0,0.8416581749916077,1.0087958574295044,0.9997714139905269,0.9923226833343506
331_class-6,4,0.7858374714851379,0,0.8416112065315247,1.0102558135986328,0.9996916796019477,0.9946094155311584
331_class-6,5,0.7816804051399231,0,0.8432524800300598,0.9843975305557251,0.995177686565577,0.967056155204773
332_class-7,0,0.9881423115730286,1,0.9789053201675415,1.0072122812271118,1.0,0.953574538230896
332_class-7,1,0.9450771808624268,0,0.9786919355392456,1.0048092603683472,0.9991684592996981,0.9536787867546082
332_class-7,2,0.9441516399383545,0,0.9789103865623474,1.0059828758239746,0.9965747853592408,0.9405456185340881
332_class-7,3,0.9440916180610657,0,0.9788966178894043,1.0062135457992554,0.9978344976306324,0.9372992515563965
332_class-7,4,0.9448518753051758,0,0.9788517355918884,1.0049259662628174,0.9958330320341312,0.954461395740509
332_class-7,5,0.944381058216095,0,0.9788783192634583,1.005256175994873,0.9968273767557894,0.9434723854064941
333_class-8,0,0.643211841583252,1,0.9908328056335449,0.7565752267837524,1.0,0.6609488129615784
333_class-8,1,0.43201300501823425,0,0.9770556092262268,0.8849127292633057,0.10644348921019496,0.5814622640609741
333_class-8,2,0.4608646631240845,0,0.9863786697387695,0.8630733489990234,0.3769507276871822,0.6242082118988037
333_class-8,3,0.46782806515693665,0,0.9888656139373779,0.9739933013916016,0.24330207635632953,0.9866581559181213
333_class-8,4,0.46694108843803406,0,0.9876509308815002,0.9603694677352905,0.9019769357495881,0.9844489097595215
333_class-8,5,0.34664690494537354,0,0.9719634056091309,0.9893077611923218,0.05203898326661669,0.9491403698921204
334_class-6,0,0.4783594608306885,1,0.965112566947937,0.9905126094818115,1.0,0.9655323028564453
334_class-6,1,0.7068616151809692,0,0.9967645406723022,0.8873677849769592,0.117772347737459,0.9353824853897095
334_class-6,2,0.45435428619384766,0,0.9633309841156006,0.9920675754547119,0.11810713629563528,0.9592023491859436
334_class-6,3,0.4473841190338135,0,0.9688647985458374,0.9820945262908936,0.9018756948678406,0.9476414918899536
334_class-6,4,0.4483131468296051,0,0.9655928611755371,0.9858176708221436,0.8865513032239535,0.9555561542510986
334_class-6,5,0.4603363275527954,0,0.9604628086090088,0.9815613031387329,0.9581836971967446,0.925380289554596
335_class-6,0,0.8940832018852234,1,0.9609786868095398,1.0053846836090088,1.0,0.9874039888381958
335_class-6,1,0.8571944236755371,0,0.9611449241638184,1.005651593208313,0.9993843686915688,0.9870119094848633
335_class-6,2,0.8532620072364807,0,0.9606582522392273,1.003867745399475,0.9885917671660603,0.9828187823295593
335_class-6,3,0.8571096658706665,0,0.9611531496047974,1.0053240060806274,0.9888396214926827,0.9870902299880981
335_class-6,4,0.8572173118591309,0,0.9611408710479736,1.0050805807113647,0.9994558407618229,0.9866098165512085
335_class-6,5,0.8572392463684082,0,0.9612318873405457,1.004774808883667,0.9996563647687979,0.9867107272148132
336_class-7,0,0.9956941604614258,1,0.997880220413208,1.0030351877212524,1.0,0.9866595268249512
336_class-7,1,0.8341249227523804,0,0.9982506036758423,1.0029627084732056,0.9984580120858512,0.9864481687545776
336_class-7,2,0.8343257904052734,0,0.9978190064430237,1.0030807256698608,0.9988117821183632,0.9866170883178711
336_class-7,3,0.8342815637588501,0,0.9979628324508667,1.0030734539031982,0.9993746091307066,0.9865627288818359
336_class-7,4,0.8342456817626953,0,0.9978464245796204,1.002979040145874,0.9993120557026413,0.9863842129707336
336_class-7,5,0.8341186046600342,0,0.9974766969680786,1.0033420324325562,0.9908869234584229,0.9915881156921387
337_class-8,0,0.2919578552246094,0,0.9534801244735718,0.8369958400726318,1.0,0.7450812458992004
337_class-8,1,0.30570951104164124,0,0.9786472916603088,0.9187028408050537,0.49890454334650014,0.9014027118682861
337_class-8,2,0.2989404797554016,0,0.9599152207374573,0.8700735569000244,0.42688511365254117,0.5941186547279358
337_class-8,3,0.44048839807510376,1,0.9859943985939026,0.9637316465377808,0.3035241393359136,0.9160075783729553
337_class-8,4,0.5094250440597534,0,0.9638382196426392,0.8823474645614624,0.45190529813293295,0.4871438443660736
337_class-8,5,0.4432624578475952,0,0.98441481590271,0.9565014839172363,0.4501966825296399,0.9098785519599915
338_class-7,0,0.8761699199676514,0,0.9901129007339478,0.958899974822998,1.0,0.9326024651527405
338_class-7,1,0.8671217560768127,0,0.9895719885826111,0.960422158241272,0.9751173102587283,0.9376131892204285
338_class-7,2,0.6237931251525879,0,0.9944477081298828,0.9663184881210327,0.6359221629068366,0.9275660514831543
338_class-7,3,0.6221087574958801,1,0.9942965507507324,0.9786741733551025,0.9779924852388621,0.9448228478431702
338_class-7,4,0.6344270706176758,0,0.9924406409263611,0.9580773115158081,0.9424406117800195,0.9060024619102478
338_class-7,5,0.6213998794555664,0,0.9940869808197021,0.9681427478790283,0.9606424540587469,0.9365849494934082
339_class-6,0,0.23809225857257843,0,0.9238351583480835,1.0120012760162354,1.0,0.9885137677192688
339_class-6,1,0.22331558167934418,0,0.9240298271179199,1.0118054151535034,0.9997692277085903,0.9885796308517456
339_class-6,2,0.22332486510276794,0,0.9239336848258972,1.0121098756790161,0.9994988026953278,0.9884082078933716
339_class-6,3,0.22333504259586334,0,0.9234452843666077,1.0115118026733398,0.9993873816532739,0.9880180358886719
339_class-6,4,0.22330784797668457,1,0.9240877628326416,1.012168526649475,0.999458986395099,0.9886146783828735
339_class-6,5,0.2233325093984604,0,0.9231331944465637,1.0121724605560303,0.9991329180886015,0.9883009791374207
340_class-7,0,0.6014560461044312,1,0.9694716334342957,0.9979625940322876,1.0,0.9690461754798889
340_class-7,1,0.5923620462417603,0,0.9695890545845032,0.9936816692352295,0.997085692417894,0.9686821699142456
340_class-7,2,0.3031015396118164,0,0.9355099201202393,1.0130497217178345,0.5388197692088983,0.9941444993019104
340_class-7,3,0.5918915867805481,0,0.9693284034729004,0.9978300333023071,0.5398551792574252,0.9692339897155762
340_class-7,4,0.3028765022754669,0,0.9359176754951477,0.9930651187896729,0.5391613264114467,0.9922984838485718
340_class-7,5,0.3031824827194214,0,0.9357175827026367,1.0066235065460205,0.9968143066591851,0.9908984303474426
341_class-7,0,0.9731875061988831,1,0.9800000190734863,1.0009825229644775,1.0,0.9760942459106445
341_class-7,1,0.9340201020240784,0,0.9786294102668762,1.001376748085022,0.9989558035033379,0.9757831692695618
341_class-7,2,0.9340534210205078,0,0.9810008406639099,1.0000003576278687,0.9993190490167303,0.9745292067527771
341_class-7,3,0.934126615524292,0,0.980234682559967,0.9993031024932861,0.9994480069527635,0.9710801243782043
341_class-7,4,0.9335964322090149,0,0.9799326062202454,0.998633623123169,0.9984394067398855,0.9704928994178772
341_class-7,5,0.9337249994277954,0,0.9790054559707642,1.0016515254974365,0.9990849688537475,0.9772578477859497
342_class-6,0,0.8797948360443115,1,0.983538806438446,0.9830355644226074,1.0,0.9850177764892578
342_class-6,1,0.10758837312459946,0,0.7766406536102295,0.973107099533081,0.03312788218818849,0.7444925904273987
342_class-6,2,0.37378376722335815,0,0.9756878614425659,0.9465882778167725,0.3190855491432598,0.6057773232460022
342_class-6,3,0.5547761917114258,0,0.9890127778053284,0.9249993562698364,0.36375680090550117,0.7841743230819702
342_class-6,4,0.22354808449745178,0,0.8963044881820679,0.9689838886260986,0.21051856035954172,0.8522934913635254
342_class-6,5,0.2215888947248459,0,0.8953675031661987,0.972429633140564,0.9960913013016705,0.8643113374710083
343_class-5,0,0.9971417188644409,0,0.998428463935852,1.0060369968414307,1.0,0.9948914647102356
343_class-5,1,0.9756467938423157,0,0.99848473072052,1.008423089981079,0.9979564032697548,0.995047926902771
343_class-5,2,0.9756063222885132,1,0.9984979033470154,1.009023904800415,0.9993416721527321,0.9950466156005859
343_class-5,3,0.9756596088409424,0,0.9985117316246033,1.0087878704071045,0.9995232148938585,0.9951692819595337
343_class-5,4,0.9754893183708191,0,0.9984880685806274,1.0083961486816406,0.999364502950522,0.995049238204956
343_class-5,5,0.9757082462310791,0,0.9984825849533081,1.008914828300476,0.999296413980935,0.9951165914535522
344_class-7,0,0.43481844663619995,0,0.9675586819648743,0.9564310312271118,1.0,0.8562864661216736
344_class-7,1,0.40833693742752075,0,0.9659958481788635,0.9499167203903198,0.9947714201277592,0.8846361637115479
344_class-7,2,0.36038097739219666,0,0.9776818156242371,0.9787832498550415,0.8959277349496851,0.8584370017051697
344_class-7,3,0.41084691882133484,0,0.9673835039138794,0.9622424840927124,0.9027787037654362,0.8832164406776428
344_class-7,4,0.4090939462184906,0,0.9668862819671631,0.9751855134963989,0.9941012629249495,0.8929553031921387
344_class-7,5,0.3933117091655731,1,0.9690285921096802,0.9874733686447144,0.9617627806747225,0.9326511025428772
345_class-6,0,0.9882653951644897,1,0.994071900844574,1.009964942932129,1.0,0.9940332174301147
345_class-6,1,0.9628785848617554,0,0.9940869808197021,1.0090793371200562,0.9983344833329367,0.993818998336792
345_class-6,2,0.9636449217796326,0,0.9940594434738159,1.0098357200622559,0.9981445138269402,0.9939607977867126
345_class-6,3,0.963624119758606,0,0.9940722584724426,1.0096994638442993,0.9997859130807107,0.9939298629760742
345_class-6,4,0.9634841680526733,0,0.9940603375434875,1.009731650352478,0.99967885052276,0.9939649105072021
345_class-6,5,0.9635388851165771,0,0.9940509796142578,1.0102229118347168,0.9996907633388045,0.9940410852432251
346_class-6,0,0.9997962713241577,1,0.9725843071937561,1.0140260457992554,1.0,0.9939620494842529
346_class-6,1,0.9702088832855225,0,0.9725677967071533,1.0132638216018677,0.9998019344402997,0.9938031435012817
346_class-6,2,0.9702229499816895,0,0.9725576043128967,1.0128679275512695,0.9997491219267436,0.9937928318977356
346_class-6,3,0.9701597690582275,0,0.9726969003677368,1.0118069648742676,0.9997227137085061,0.9935296177864075
346_class-6,4,0.9702498316764832,0,0.9725126624107361,1.0136809349060059,0.9996897177752104,0.993981122970581
346_class-6,5,0.9702440500259399,0,0.9725350737571716,1.014121174812317,0.9998481677812032,0.9940888285636902
347_class-7,0,0.9856134653091431,1,0.9950833320617676,0.9911297559738159,1.0,0.9894194602966309
347_class-7,1,0.5878390073776245,0,0.9938489198684692,0.9529790878295898,0.4148528320554044,0.8306835293769836
347_class-7,2,0.8692680597305298,0,0.9915502667427063,1.0055723190307617,0.3889362941996712,0.9942253828048706
347_class-7,3,0.7383182048797607,0,0.9967723488807678,0.9901107549667358,0.6345208431544211,0.9583371877670288
347_class-7,4,0.8990515470504761,0,0.9947628378868103,0.9971927404403687,0.665804740593403,0.9877612590789795
347_class-7,5,0.7361637353897095,0,0.9968072175979614,0.9860221147537231,0.6622555992986403,0.955024778842926
348_class-8,0,0.3880768418312073,1,0.9931256175041199,0.9772516489028931,1.0,0.9745715856552124
348_class-8,1,0.34995177388191223,0,0.9865924119949341,1.0051929950714111,0.8548124717577948,0.993331789970398
348_class-8,2,0.3652764558792114,0,0.993668258190155,0.9643000364303589,0.8318299819597835,0.9578490257263184
348_class-8,3,0.5880645513534546,0,0.9836490154266357,0.9689208269119263,0.3567394832950088,0.927533745765686
348_class-8,4,0.35329070687294006,0,0.9919706583023071,0.9436402320861816,0.16034544021999414,0.9495775103569031
348_class-8,5,0.35583996772766113,0,0.99101722240448,0.9294196367263794,0.9056123890804273,0.951367199420929
349_class-7,0,0.9932087063789368,0,0.9922181367874146,1.0159112215042114,1.0,0.9944612979888916
349_class-7,1,0.9749772548675537,1,0.9922322630882263,1.0162622928619385,0.9997330742373931,0.9945501685142517
349_class-7,2,0.9749354124069214,0,0.9921935200691223,1.0159151554107666,0.9997224001708307,0.9944585561752319
349_class-7,3,0.9749786853790283,0,0.9922310709953308,1.016248106956482,0.9997757727830868,0.994510293006897
349_class-7,4,0.9749035835266113,0,0.9921861886978149,1.016018033027649,0.9996796685637406,0.9944861531257629
349_class-7,5,0.9749373197555542,0,0.992201566696167,1.0160942077636719,0.9997543915852422,0.9945054054260254
350_class-7,0,0.7255150675773621,0,0.9869301319122314,0.9938520193099976,1.0,0.959135115146637
350_class-7,1,0.9627570509910583,0,0.9962887167930603,1.0083277225494385,0.6320996454993835,0.9938589334487915
350_class-7,2,0.962793231010437,1,0.9962945580482483,1.0100653171539307,0.9991499825442844,0.9940474629402161
350_class-7,3,0.9627269506454468,0,0.9963300824165344,1.0088647603988647,0.9993927432822226,0.9939221143722534
350_class-7,4,0.9627742767333984,0,0.9963129162788391,1.0095903873443604,0.9994079516645666,0.9940528869628906
350_class-7,5,0.9627179503440857,0,0.996343195438385,1.0084632635116577,0.9990590092277805,0.9936626553535461
351_class-7,0,0.6491941809654236,1,0.9960908889770508,1.0021833181381226,1.0,0.9852842092514038
351_class-7,1,0.6284569501876831,0,0.9962405562400818,1.001853585243225,0.9983965525880644,0.9843553900718689
351_class-7,2,0.6282139420509338,0,0.9963124990463257,1.0016024112701416,0.9983291003876487,0.9844708442687988
351_class-7,3,0.6283043622970581,0,0.9961819648742676,1.001785397529602,0.998796449526102,0.9843527674674988
351_class-7,4,0.6283192038536072,0,0.9961376190185547,1.0019707679748535,0.9983959631739878,0.9850035905838013
351_class-7,5,0.628190279006958,0,0.9961156845092773,1.0020538568496704,0.9989134977016297,0.9850401878356934
352_class-9,0,0.9084745645523071,0,0.9656249284744263,1.0027799606323242,1.0,0.9594036340713501
352_class-9,1,0.8648953437805176,0,0.9655910134315491,1.004418969154358,0.9975927344348396,0.9563438296318054
352_class-9,2,0.8645920157432556,0,0.9656275510787964,1.0033354759216309,0.9991739947223379,0.9557303190231323
352_class-9,3,0.8906913995742798,1,0.9657716155052185,1.0035712718963623,0.9661185814319934,0.9783255457878113
352_class-9,4,0.8662530183792114,0,0.9654146432876587,1.0042927265167236,0.9683655660210708,0.961894690990448
352_class-9,5,0.8652917742729187,0,0.9654984474182129,1.0023845434188843,0.9977025410625201,0.9580214023590088
353_class-5,0,0.8027967214584351,1,0.9698871374130249,0.9905648231506348,1.0,0.9606941342353821
353_class-5,1,0.7784918546676636,0,0.969886839389801,1.006757140159607,0.9925731162656678,0.9864686727523804
353_class-5,2,0.7805912494659424,0,0.9695718884468079,1.0105767250061035,0.9946405257045581,0.9936007857322693
353_class-5,3,0.7782278060913086,0,0.9698454737663269,1.0078279972076416,0.994279861216305,0.9867465496063232
353_class-5,4,0.7805290818214417,0,0.9696748852729797,1.0096842050552368,0.9943157226534322,0.9937732815742493
353_class-5,5,0.7805889844894409,0,0.9695556163787842,1.0087754726409912,0.9996898643336771,0.9934877753257751
354_class-7,0,0.39723441004753113,0,0.9434441328048706,1.0049718618392944,1.0,0.9826682209968567
354_class-7,1,0.9061647653579712,0,0.8602113723754883,1.0108283758163452,0.5182179995104395,0.9767629504203796
354_class-7,2,0.38493722677230835,1,0.9436123371124268,1.005347728729248,0.5181632745569104,0.9830979108810425
354_class-7,3,0.906564474105835,0,0.859378457069397,1.0117045640945435,0.5178039862443308,0.980815052986145
354_class-7,4,0.45438912510871887,0,0.9305105805397034,0.9892085790634155,0.6162799126518852,0.8881661891937256
354_class-7,5,0.9064865112304688,0,0.8597393035888672,1.0113890171051025,0.6166190072644712,0.9763702750205994
355_class-6,0,0.23525503277778625,0,0.9302874803543091,0.9942893981933594,1.0,0.9587141275405884
355_class-6,1,0.32862338423728943,0,0.8905624151229858,0.9838986992835999,0.4567596252378861,0.9382044076919556
355_class-6,2,0.22634440660476685,0,0.9301979541778564,0.979772686958313,0.45815359641042946,0.9220808148384094
355_class-6,3,0.22699375450611115,0,0.9289020299911499,0.9975193738937378,0.9829121103498344,0.9583057761192322
355_class-6,4,0.22306518256664276,1,0.9332848787307739,0.996317982673645,0.9760538631188252,0.9614347815513611
355_class-6,5,0.2279667854309082,0,0.9281909465789795,0.9951101541519165,0.9708440172855888,0.9519509077072144
356_class-7,0,0.5646666288375854,0,0.9654507040977478,0.9314312934875488,1.0,0.5389032363891602
356_class-7,1,0.23310238122940063,0,0.9655992984771729,0.959815502166748,0.07866020812817714,0.8947235941886902
356_class-7,2,0.1790264993906021,0,0.9504703283309937,0.9767355918884277,0.6782987767849397,0.8292928338050842
356_class-7,3,0.18590420484542847,0,0.9514715075492859,0.9869112968444824,0.8589767643238563,0.9030562043190002
356_class-7,4,0.33774521946907043,0,0.9934461712837219,0.970785915851593,0.22918049343529073,0.9895521402359009
356_class-7,5,0.33748501539230347,1,0.9938513040542603,0.9744100570678711,0.9933197384150201,0.9838727712631226
357_class-9,0,0.7754876017570496,1,0.9817013144493103,1.0000839233398438,1.0,0.9866123795509338
357_class-9,1,0.9387568235397339,0,0.9755305051803589,1.0038169622421265,0.6588973865390285,0.9926207065582275
357_class-9,2,0.9388619065284729,0,0.9756019115447998,1.004118800163269,0.9996858556506715,0.9926378130912781
357_class-9,3,0.9387814998626709,0,0.9756507277488708,1.0041191577911377,0.9994502905607037,0.9925931692123413
357_class-9,4,0.938828706741333,0,0.9757014513015747,1.004067063331604,0.999476480904641,0.9923924207687378
357_class-9,5,0.7449908256530762,0,0.9815879464149475,1.0004469156265259,0.6583713151829195,0.9865912199020386
358_class-8,0,0.9385327100753784,0,0.8883411884307861,0.9201648235321045,1.0,0.7582463026046753
358_class-8,1,0.21042418479919434,0,0.9498204588890076,0.8146088123321533,0.17958347987740542,0.36640676856040955
358_class-8,2,0.04084246605634689,1,0.914766252040863,0.9815626740455627,0.0,0.976922333240509
358_class-8,3,0.040879733860492706,0,0.9245158433914185,0.9237431287765503,0.9799514665884921,0.9234520196914673
358_class-8,4,0.5768215656280518,0,0.8417658805847168,0.9043283462524414,0.05344850975192435,0.43704754114151
358_class-8,5,0.04077957570552826,0,0.9220396876335144,0.9315121173858643,0.053905279910456634,0.9337342381477356
359_class-8,0,0.5371612906455994,1,0.9970006346702576,0.9851840734481812,1.0,0.9781244397163391
359_class-8,1,0.34360745549201965,0,0.9823354482650757,0.9695831537246704,0.42160379303236445,0.9133880138397217
359_class-8,2,0.2930336892604828,0,0.9898552894592285,0.9683188199996948,0.7834242026091724,0.9340790510177612
359_class-8,3,0.45310840010643005,0,0.9963652491569519,0.9583210945129395,0.3353753368712232,0.9453969597816467
359_class-8,4,0.5224540829658508,0,0.9961479902267456,0.9588172435760498,0.741348168484936,0.8977426290512085
359_class-8,5,0.34035027027130127,0,0.9956871271133423,0.9498443603515625,0.36487077721178784,0.8214852213859558
360_class-9,0,0.9847232103347778,0,0.9261677265167236,1.0122448205947876,1.0,0.9935386180877686
360_class-9,1,0.9255455732345581,1,0.9262559413909912,1.0122286081314087,0.9993181818181818,0.9936111569404602
360_class-9,2,0.925621747970581,0,0.9261132478713989,1.0121484994888306,0.9994317105512408,0.993493378162384
360_class-9,3,0.9255753755569458,0,0.9262338280677795,1.0121784210205078,0.9994127453209063,0.9936293959617615
360_class-9,4,0.9255873560905457,0,0.9261822700500488,1.0122119188308716,0.9994695864668776,0.9934784770011902
360_class-9,5,0.9255515336990356,0,0.9262207746505737,1.0119457244873047,0.9995453598287523,0.9936140179634094
361_class-7,0,0.9955892562866211,0,0.9308582544326782,1.0121488571166992,1.0,0.9943609833717346
361_class-7,1,0.9555789232254028,1,0.9309510588645935,1.012256383895874,0.9996189931895033,0.9943742156028748
361_class-7,2,0.9556287527084351,0,0.9308439493179321,1.0121421813964844,0.9996666587299697,0.9944190382957458
361_class-7,3,0.9556863307952881,0,0.9308949708938599,1.0122674703598022,0.9996904319664714,0.9943678379058838
361_class-7,4,0.9569587707519531,0,0.9305832386016846,1.011561393737793,0.9972370426829268,0.993600070476532
361_class-7,5,0.9555261135101318,0,0.9308524131774902,1.0123547315597534,0.9968808781161457,0.9945139288902283
362_class-8,0,0.8244713544845581,1,0.9901301860809326,0.9745745658874512,1.0,0.9613853693008423
362_class-8,1,0.6748641729354858,0,0.9887213110923767,0.9926197528839111,0.7754155236404712,0.9910473823547363
362_class-8,2,0.7527531385421753,0,0.9905840158462524,0.9822289943695068,0.809122011628151,0.9696334600448608
362_class-8,3,0.6749509572982788,0,0.9889212250709534,0.9937870502471924,0.8098915164613802,0.9918484091758728
362_class-8,4,0.6751771569252014,0,0.9890241026878357,0.9925239086151123,0.9982801108943423,0.9910141229629517
362_class-8,5,0.6749719381332397,0,0.989030122756958,0.9909484386444092,0.9976873265494912,0.9899502992630005
363_class-7,0,0.9974751472473145,0,0.9876663684844971,1.0045135021209717,1.0,0.987840473651886
363_class-7,1,0.9639725089073181,0,0.987671434879303,1.0053414106369019,0.999473552598676,0.9879345297813416
363_class-7,2,0.9639759659767151,0,0.9876851439476013,1.0048484802246094,0.9995656122892232,0.9873102903366089
363_class-7,3,0.963998556137085,1,0.9876755475997925,1.0056580305099487,0.9992498618166504,0.9879420399665833
363_class-7,4,0.9639813899993896,0,0.9876540899276733,1.0052878856658936,0.9993551613412645,0.9881544709205627
363_class-7,5,0.9639441967010498,0,0.9876850247383118,1.0052978992462158,0.9995130233353953,0.9880488514900208
364_class-6,0,0.9799203872680664,1,0.991546094417572,0.9912734031677246,1.0,0.9743906855583191
364_class-6,1,0.9514167308807373,0,0.9916342496871948,0.9839205741882324,0.9861878453038674,0.9684269428253174
364_class-6,2,0.9522790312767029,0,0.9917032718658447,0.9847555160522461,0.9976483311954526,0.9695643186569214
364_class-6,3,0.9582514762878418,0,0.9923152923583984,0.9861654043197632,0.9851761877021852,0.9716649055480957
364_class-6,4,0.950629472732544,0,0.9916107058525085,0.9840993881225586,0.9819513827769583,0.9685789942741394
364_class-6,5,0.9630557894706726,0,0.9922631978988647,0.9871042966842651,0.9740178296956655,0.9718636274337769
365_class-6,0,0.3335019648075104,1,0.9259122610092163,1.0099387168884277,1.0,0.9954472780227661
365_class-6,1,0.32944026589393616,0,0.9259687662124634,1.0127041339874268,0.9980942684470898,0.995381236076355
365_class-6,2,0.3294684588909149,0,0.9262159466743469,1.0125442743301392,0.9997258986608192,0.9954121708869934
365_class-6,3,0.32968467473983765,0,0.9256821870803833,1.0095349550247192,0.9984725250336175,0.9953519701957703
365_class-6,4,0.3296978175640106,0,0.9258071184158325,1.0097873210906982,0.9995947341586812,0.9955118894577026
365_class-6,5,0.3294985294342041,0,0.9260247349739075,1.0124483108520508,0.9986158265865761,0.9953476786613464
366_class-7,0,0.9846705198287964,0,0.9698713421821594,1.003589391708374,1.0,0.9819080829620361
366_class-7,1,0.9277144074440002,0,0.9695988893508911,1.0039929151535034,0.9990447461035696,0.9822778701782227
366_class-7,2,0.9276612401008606,0,0.9699304103851318,1.0030930042266846,0.9988603797616853,0.982215404510498
366_class-7,3,0.9278165102005005,0,0.9699515700340271,1.0034209489822388,0.9996228123114062,0.9822917580604553
366_class-7,4,0.9277986288070679,1,0.9699134230613708,1.004489541053772,0.9984084036288398,0.9826397895812988
366_class-7,5,0.927535891532898,0,0.969910740852356,1.0036969184875488,0.9988519328590224,0.9825466275215149
367_class-8,0,0.8448690176010132,1,0.9916132688522339,0.9955581426620483,1.0,0.9799931049346924
367_class-8,1,0.7993481159210205,0,0.9927136898040771,0.9775758981704712,0.9892700459855172,0.9810832738876343
367_class-8,2,0.8003999590873718,0,0.9917701482772827,0.9920874834060669,0.9898010410336354,0.9792864322662354
367_class-8,3,0.8051089644432068,0,0.991156816482544,0.9448649883270264,0.9807904556682608,0.9291854500770569
367_class-8,4,0.7601605653762817,0,0.9909319281578064,0.9615304470062256,0.8712704860624737,0.9193577766418457
367_class-8,5,0.29112303256988525,0,0.8994530439376831,0.9847397804260254,0.2635677872044245,0.9246302843093872
368_class-5,0,0.5748378038406372,0,0.9937760233879089,0.9892514944076538,1.0,0.9926819801330566
368_class-5,1,0.559590220451355,1,0.9939245581626892,0.9934008121490479,0.996841122837246,0.9928131103515625
368_class-5,2,0.5046157836914062,0,0.9948071241378784,0.9217779636383057,0.36340574821211713,0.9040592908859253
368_class-5,3,0.4783094525337219,0,0.9720991849899292,0.903009295463562,0.5725283994041958,0.44036614894866943
368_class-5,4,0.5828495025634766,0,0.9931870698928833,0.8540114164352417,0.24070267239768267,0.6897595524787903
368_class-5,5,0.7121145725250244,0,0.9962548017501831,0.9833981394767761,0.4027379997708787,0.9631448984146118
369_class-7,0,0.9964055418968201,1,0.9776086211204529,1.014948844909668,1.0,0.9921242594718933
369_class-7,1,0.957837700843811,0,0.9776188731193542,1.013368844985962,0.9995636094674556,0.991496205329895
369_class-7,2,0.957838773727417,0,0.9776148796081543,1.0135185718536377,0.9997114509577608,0.9914990067481995
369_class-7,3,0.9578112959861755,0,0.9776126146316528,1.0134639739990234,0.999770613350303,0.9913946390151978
369_class-7,4,0.9575356245040894,0,0.9776254296302795,1.0113670825958252,0.9993191590133726,0.9907670617103577
369_class-7,5,0.9578521251678467,0,0.9776093363761902,1.0136854648590088,0.9991269154217812,0.9914436936378479
370_class-5,0,0.9926812648773193,0,0.9965701699256897,1.0004574060440063,1.0,0.980480968952179
370_class-5,1,0.9470568299293518,0,0.9968379139900208,0.995268702507019,0.987438888619972,0.9734063744544983
370_class-5,2,0.9525594711303711,0,0.9971056580543518,0.9985800981521606,0.9836148344052413,0.986992359161377
370_class-5,3,0.9522980451583862,1,0.9970025420188904,0.9990943670272827,0.9990269919636744,0.9868499040603638
370_class-5,4,0.9465049505233765,0,0.9970759153366089,0.9955083131790161,0.9821347045678449,0.975120484828949
370_class-5,5,0.9523239135742188,0,0.9971058368682861,0.9983235597610474,0.9820757097033842,0.9870442152023315
371_class-5,0,0.3403055965900421,1,0.8774638175964355,0.9995733499526978,1.0,0.9826410412788391
371_class-5,1,0.3169716000556946,0,0.8797072172164917,0.9996310472488403,0.995321099462323,0.983496904373169
371_class-5,2,0.3173838257789612,0,0.8792573809623718,0.9649813175201416,0.9891486337071552,0.9674562811851501
371_class-5,3,0.31700217723846436,0,0.8821418881416321,0.9989508390426636,0.9898233304889226,0.9822168946266174
371_class-5,4,0.31681376695632935,0,0.8919350504875183,0.9427380561828613,0.9810422099723597,0.9405611157417297
371_class-5,5,0.28131386637687683,0,0.9309127330780029,0.9285703897476196,0.38373539558565145,0.6723621487617493
372_class-9,0,0.6296427845954895,0,0.99301677942276,0.9882240295410156,1.0,0.9626285433769226
372_class-9,1,0.625519871711731,0,0.9964468479156494,0.854824960231781,0.7667926020296094,0.7739640474319458
372_class-9,2,0.7309311628341675,0,0.998989462852478,0.9681028127670288,0.41565464460840473,0.9493686556816101
372_class-9,3,0.6952190399169922,1,0.9989492297172546,1.0014160871505737,0.885220071930125,0.9900299906730652
372_class-9,4,0.6580667495727539,0,0.9981078505516052,0.9680092334747314,0.41854694177657276,0.9490206241607666
372_class-9,5,0.6054867506027222,0,0.9965260624885559,0.969318151473999,0.8248828949400319,0.9439704418182373
373_class-5,0,0.9590500593185425,1,0.7183026671409607,0.9810236692428589,1.0,0.9653875827789307
373_class-5,1,0.9226560592651367,0,0.7165186405181885,0.9857375621795654,0.9953669693318836,0.9830294847488403
373_class-5,2,0.7340508103370667,0,0.8309647440910339,0.9444866180419922,0.742676802647211,0.7736450433731079
373_class-5,3,0.923121452331543,0,0.7160193920135498,1.0024397373199463,0.7423433139259508,0.9856246113777161
373_class-5,4,0.7556200623512268,0,0.7953503131866455,0.9856033325195312,0.7819448185631277,0.9175817966461182
373_class-5,5,0.9246019124984741,0,0.7178397178649902,0.9948432445526123,0.7821560652309301,0.9747915267944336
374_class-7,0,0.15197888016700745,1,0.9745538234710693,0.9076398611068726,1.0,0.7441002726554871
374_class-7,1,0.5820320844650269,0,0.8192944526672363,0.9632809162139893,0.3386554665101939,0.7179290056228638
374_class-7,2,0.8447820544242859,0,0.8875565528869629,0.9202395677566528,0.7208237986270023,0.5850379467010498
374_class-7,3,0.5503692626953125,0,0.7879632115364075,0.950209379196167,0.6967113090698313,0.5514984130859375
374_class-7,4,0.14706218242645264,0,0.9628092050552368,0.9173954725265503,0.35424757528313777,0.7254686951637268
374_class-7,5,0.5526419878005981,0,0.7915139198303223,0.9560328722000122,0.3550542003350288,0.6265733242034912
375_class-7,0,0.995814323425293,1,0.985245943069458,1.008265733718872,1.0,0.9951938390731812
375_class-7,1,0.8582507967948914,0,0.9862064123153687,0.8654056787490845,0.7952227964799553,0.893244743347168
375_class-7,2,0.7404365539550781,0,0.9867968559265137,0.9401745796203613,0.6741276936420041,0.9340199828147888
375_class-7,3,0.9455351829528809,0,0.9852079153060913,1.0083798170089722,0.5797565663036515,0.995118260383606
375_class-7,4,0.9433021545410156,0,0.9853758811950684,0.9990115165710449,0.9919409377817854,0.9933863282203674
375_class-7,5,0.6076281070709229,0,0.9650675654411316,0.9309691190719604,0.3548914992826399,0.8158471584320068
376_class-6,0,0.9974414110183716,0,0.9770733118057251,1.012075424194336,1.0,0.9931169748306274
376_class-6,1,0.9678069353103638,0,0.977117657661438,1.0133599042892456,0.9996866488297539,0.9932510256767273
376_class-6,2,0.9677920341491699,0,0.9771060943603516,1.011842966079712,0.999662599111511,0.9933278560638428
376_class-6,3,0.9679314494132996,0,0.9771260023117065,1.0122743844985962,0.9987386012131925,0.9930073022842407
376_class-6,4,0.9678018093109131,0,0.9771246910095215,1.0127441883087158,0.9988108533734,0.9933590888977051
376_class-6,5,0.9677469730377197,1,0.9771194458007812,1.0132678747177124,0.9994217935642411,0.9935487508773804
377_class-6,0,0.99378502368927,0,0.9674650430679321,0.9826126098632812,1.0,0.9807732701301575
377_class-6,1,0.9523707628250122,1,0.9680970907211304,1.0056357383728027,0.9910125734692359,0.9892778992652893
377_class-6,2,0.9517461061477661,0,0.9669082760810852,0.9838231205940247,0.9957738880230188,0.9802129864692688
377_class-6,3,0.9523757696151733,0,0.9673053026199341,1.0060300827026367,0.9951022242192765,0.9890266060829163
377_class-6,4,0.95224928855896,0,0.9669811129570007,0.994884729385376,0.9962122913391721,0.9788305759429932
377_class-6,5,0.9524098634719849,0,0.9677598476409912,1.0054740905761719,0.9963916754005091,0.9893646240234375
378_class-7,0,0.7973973751068115,1,0.9146382808685303,0.9775084257125854,1.0,0.8695025444030762
378_class-7,1,0.7293775081634521,0,0.9123572111129761,0.9752498865127563,0.9876153328850034,0.8434373736381531
378_class-7,2,0.6987953186035156,0,0.9158242344856262,0.9714171886444092,0.9726223333527576,0.8627043962478638
378_class-7,3,0.8449206948280334,0,0.9416017532348633,0.9855663776397705,0.7989923926172363,0.8140105605125427
378_class-7,4,0.7217150330543518,0,0.916293740272522,0.9739599227905273,0.8149402928621603,0.8643882274627686
378_class-7,5,0.7069864273071289,0,0.9126307964324951,0.9753906726837158,0.9870966021230063,0.8816043138504028
379_class-7,0,0.99857097864151,1,0.9924730658531189,1.0071957111358643,1.0,0.9913321137428284
379_class-7,1,0.9345645904541016,0,0.9925010800361633,1.0075397491455078,0.9995430080227481,0.991307258605957
379_class-7,2,0.9344230890274048,0,0.9926526546478271,1.0046920776367188,0.9981461259110649,0.9902096390724182
379_class-7,3,0.9345700740814209,0,0.992522120475769,1.0077154636383057,0.9977401416854988,0.9912359118461609
379_class-7,4,0.9342268109321594,0,0.9927270412445068,1.0042061805725098,0.9966483000279308,0.9901271462440491
379_class-7,5,0.934502124786377,0,0.9925755858421326,1.0047622919082642,0.9983723296032554,0.9900573492050171
380_class-7,0,0.25458815693855286,0,0.966944694519043,0.9777681827545166,1.0,0.9393171668052673
380_class-7,1,0.17187969386577606,0,0.970181941986084,0.9795992374420166,0.9851202892504519,0.9475060701370239
380_class-7,2,0.25273293256759644,0,0.9576520323753357,0.9724850654602051,0.5617860579025628,0.9111647009849548
380_class-7,3,0.25164154171943665,0,0.9717806577682495,0.9552887678146362,0.17549246002589133,0.9534153938293457
380_class-7,4,0.1925918012857437,1,0.9823462963104248,0.9867591857910156,0.1917803671613053,0.9681757092475891
380_class-7,5,0.16204619407653809,0,0.9544435739517212,0.9634259939193726,0.613173851648808,0.900985062122345
381_class-6,0,0.350638747215271,0,0.978206992149353,0.9669770002365112,1.0,0.9491195678710938
381_class-6,1,0.30803632736206055,1,0.980370283126831,0.9761348962783813,0.7481255664496993,0.9504209756851196
381_class-6,2,0.3350633680820465,0,0.9813344478607178,0.9573830366134644,0.7396391200461399,0.951044499874115
381_class-6,3,0.30937322974205017,0,0.9795731902122498,0.9676542282104492,0.739844852630603,0.9318452477455139
381_class-6,4,0.34286680817604065,0,0.976076066493988,0.9637376070022583,0.6834519774593331,0.9615013599395752
381_class-6,5,0.33303436636924744,0,0.9777066111564636,0.9629969596862793,0.9071240033370259,0.9520473480224609
382_class-6,0,0.9883255958557129,0,0.9823129177093506,0.9872713088989258,1.0,0.9878374934196472
382_class-6,1,0.9524909257888794,1,0.9825921654701233,1.0111953020095825,0.9910131013823221,0.9952512979507446
382_class-6,2,0.9524097442626953,0,0.9827135801315308,1.0105633735656738,0.998394081559004,0.9953480958938599
382_class-6,3,0.9524772763252258,0,0.9825989007949829,1.0106233358383179,0.9994760519611917,0.9953984618186951
382_class-6,4,0.952570378780365,0,0.9824866652488708,1.0105807781219482,0.9981059581146166,0.9952871203422546
382_class-6,5,0.7340874671936035,0,0.9864914417266846,0.9562793970108032,0.6594563224606619,0.853420615196228
383_class-7,0,0.9663054943084717,1,0.9924305081367493,1.0104448795318604,1.0,0.9890350103378296
383_class-7,1,0.6559469699859619,0,0.9922829866409302,1.0107239484786987,0.9995802863738357,0.9889645576477051
383_class-7,2,0.6558680534362793,0,0.9923439025878906,1.0108792781829834,0.9995318767705954,0.9887012839317322
383_class-7,3,0.6558201909065247,0,0.9925624132156372,1.0107368230819702,0.9994592325945536,0.988090991973877
383_class-7,4,0.6559185981750488,0,0.9925032258033752,1.0107580423355103,0.9994431307351481,0.988753080368042
383_class-7,5,0.6562184691429138,0,0.9923100471496582,1.0114696025848389,0.999265909989271,0.9891362190246582
384_class-6,0,0.3285333812236786,1,0.9873508214950562,0.9774490594863892,1.0,0.955891489982605
384_class-6,1,0.29713109135627747,0,0.9870460033416748,0.9756180047988892,0.9953307693297145,0.9539371132850647
384_class-6,2,0.2971002161502838,0,0.9871097803115845,0.9769796133041382,0.9977058899342699,0.9568616151809692
384_class-6,3,0.29697519540786743,0,0.9874563813209534,0.9756295680999756,0.9960650172316239,0.9568998217582703
384_class-6,4,0.29704204201698303,0,0.9873102903366089,0.9760967493057251,0.9970262998674064,0.9541452527046204
384_class-6,5,0.2970052659511566,0,0.9873488545417786,0.9750638008117676,0.9967272680419013,0.9561567902565002
385_class-5,0,0.9809821844100952,1,0.9684840440750122,1.001582384109497,1.0,0.9759616255760193
385_class-5,1,0.8885413408279419,0,0.969218373298645,1.0027331113815308,0.9966493765907407,0.972207248210907
385_class-5,2,0.8887612819671631,0,0.969391942024231,1.0020831823349,0.9986038816930961,0.9719067215919495
385_class-5,3,0.8907556533813477,0,0.970268964767456,1.0021538734436035,0.9962012683900461,0.9757025241851807
385_class-5,4,0.8883841037750244,0,0.9724912643432617,1.001850962638855,0.9960709800006441,0.9730836749076843
385_class-5,5,0.8894485235214233,0,0.9711684584617615,1.002619981765747,0.9978624895140995,0.974051296710968
386_class-8,0,0.8303331136703491,1,0.9701865911483765,0.8731124401092529,1.0,0.7742971777915955
386_class-8,1,0.7090052366256714,0,0.96822589635849,0.9126864671707153,0.5971094360618384,0.7853501439094543
386_class-8,2,0.786672830581665,0,0.9680200815200806,0.9630628824234009,0.5968045611243702,0.8976753950119019
386_class-8,3,0.7674655914306641,0,0.9672977328300476,0.9800429344177246,0.9223204012070949,0.9212245345115662
386_class-8,4,0.7983325719833374,0,0.980287492275238,0.8753951787948608,0.8666019888430754,0.6769899129867554
386_class-8,5,0.7991676330566406,0,0.9682292342185974,0.9884033203125,0.9019534110475588,0.930426299571991
387_class-5,0,0.9980416297912598,0,0.9656862616539001,1.0107791423797607,1.0,0.9952346682548523
387_class-5,1,0.9712973237037659,0,0.9657184481620789,1.0112799406051636,0.9994548561999057,0.9952793121337891
387_class-5,2,0.9713369607925415,0,0.9656240940093994,1.0110963582992554,0.999499057048562,0.9952461123466492
387_class-5,3,0.971302330493927,1,0.9657765626907349,1.0116357803344727,0.9995874465890673,0.9952880144119263
387_class-5,4,0.971278965473175,0,0.9657496213912964,1.0111521482467651,0.9996758365626888,0.9952636957168579
387_class-5,5,0.9713014364242554,0,0.9657625555992126,1.010951280593872,0.9995726873544927,0.995195746421814
388_class-5,0,0.9942700862884521,1,0.9204009771347046,1.0004808902740479,1.0,0.9738073945045471
388_class-5,1,0.9446035623550415,0,0.9201953411102295,0.9919173717498779,0.9938739033741285,0.9736756086349487
388_class-5,2,0.606304943561554,0,0.8931452631950378,1.0081244707107544,0.4480356948525411,0.9948721528053284
388_class-5,3,0.9452922940254211,0,0.9204928874969482,0.9988698959350586,0.44899324278206265,0.9719244241714478
388_class-5,4,0.9447031021118164,0,0.9201381802558899,0.999508261680603,0.9869739478957916,0.9880771636962891
388_class-5,5,0.7659702897071838,0,0.938597559928894,0.9736464023590088,0.7367740611532937,0.930596649646759
389_class-5,0,0.9983189105987549,1,0.98972487449646,1.0017563104629517,1.0,0.9877585172653198
389_class-5,1,0.9641283750534058,0,0.9899455904960632,0.99843430519104,0.9934037508083639,0.991479218006134
389_class-5,2,0.9643896818161011,0,0.9897739887237549,0.999396800994873,0.9985907188771769,0.9921148419380188
389_class-5,3,0.8969036340713501,0,0.9904676675796509,0.9709314107894897,0.8804382252166653,0.901641845703125
389_class-5,4,0.9649474024772644,0,0.9898073673248291,0.9844835996627808,0.8829493354160339,0.9855467081069946
389_class-5,5,0.9341279864311218,0,0.9883663654327393,0.9775007963180542,0.9479136524104405,0.9307175874710083
390_class-8,0,0.7196248769760132,1,0.9880062341690063,0.9599937200546265,1.0,0.9227957129478455
390_class-8,1,0.6803245544433594,0,0.9857199192047119,0.9436458349227905,0.4431466030989273,0.8876872658729553
390_class-8,2,0.6967077255249023,0,0.984387218952179,0.9835156202316284,0.9324914496185215,0.9816949367523193
390_class-8,3,0.4406755864620209,0,0.990699827671051,0.9343851804733276,0.14625424276709229,0.7430877685546875
390_class-8,4,0.46051234006881714,0,0.993365466594696,0.9088928699493408,0.5196300590219224,0.6587419509887695
390_class-8,5,0.6806290745735168,0,0.9858159422874451,0.9292365312576294,0.14284851960281292,0.9045743346214294
391_class-7,0,0.3520222306251526,0,0.8879148960113525,0.999908447265625,1.0,0.9955004453659058
391_class-7,1,0.3445834219455719,0,0.8879574537277222,1.0048354864120483,0.9992564825428297,0.9958667755126953
391_class-7,2,0.34443435072898865,0,0.8880231380462646,1.0057730674743652,0.9987622230474068,0.996087908744812
391_class-7,3,0.34443992376327515,1,0.8880355358123779,1.006260633468628,0.9998916978679951,0.9961268901824951
391_class-7,4,0.3445647656917572,0,0.8880978226661682,1.0056174993515015,0.9989633136827121,0.995846688747406
391_class-7,5,0.3444250226020813,0,0.8880431652069092,0.9909029006958008,0.998252289037367,0.993864893913269
392_class-6,0,0.3158130645751953,0,0.9609999656677246,0.9523677825927734,1.0,0.8756014704704285
392_class-6,1,0.7327830791473389,1,0.995902419090271,0.9708566665649414,0.00655840629878504,0.9689128994941711
392_class-6,2,0.7359036803245544,0,0.996177077293396,0.9673115015029907,0.9717717526364419,0.9606066346168518
392_class-6,3,0.29728779196739197,0,0.9598217010498047,0.989187479019165,0.009159954753055444,0.9640828371047974
392_class-6,4,0.296630859375,0,0.9614288210868835,0.9909420013427734,0.9939468554427003,0.9677892327308655
392_class-6,5,0.2700624465942383,0,0.964349091053009,0.9893877506256104,0.9177630448971179,0.9695294499397278
393_class-9,0,0.8551813364028931,1,0.9880810379981995,0.9503706693649292,1.0,0.9283973574638367
393_class-9,1,0.6660100221633911,0,0.9889463782310486,0.9657682180404663,0.7341594706739935,0.9388962984085083
393_class-9,2,0.4411185383796692,0,0.9895340800285339,0.9115277528762817,0.37335041639974376,0.9237061738967896
393_class-9,3,0.7833150029182434,0,0.9875156879425049,0.9696686267852783,0.2545631998904147,0.9524156451225281
393_class-9,4,0.43652230501174927,0,0.985992968082428,0.9923032522201538,0.2474856013066277,0.9825746417045593
393_class-9,5,0.7846100330352783,0,0.9865912199020386,0.973487377166748,0.2476187242134574,0.9535606503486633
394_class-9,0,0.9898886680603027,0,0.9745070934295654,0.9878618717193604,1.0,0.970391571521759
394_class-9,1,0.9220521450042725,1,0.974641740322113,0.9903801679611206,0.9959857110428788,0.9711763262748718
394_class-9,2,0.9228805303573608,0,0.9744860529899597,0.9896113872528076,0.9970099270422198,0.9718785285949707
394_class-9,3,0.9241312742233276,0,0.9745784401893616,0.9905961751937866,0.9952230058133994,0.9702984690666199
394_class-9,4,0.9243453741073608,0,0.9744874835014343,0.9905987977981567,0.9972400009517238,0.9706779718399048
394_class-9,5,0.923333466053009,0,0.9744887948036194,0.9897773265838623,0.996203330119851,0.9712349772453308
395_class-8,0,0.42646631598472595,0,0.9942504167556763,0.9517778158187866,1.0,0.8866485953330994
395_class-8,1,0.44020339846611023,1,0.9968845844268799,0.974571704864502,0.23380970773786533,0.9424448013305664
395_class-8,2,0.9437053203582764,0,0.9968205690383911,0.9519802927970886,0.0,0.9786583185195923
395_class-8,3,0.7263060212135315,0,0.9975844025611877,0.9578276872634888,0.5442343708195844,0.9231175184249878
395_class-8,4,0.6886802911758423,0,0.9908268451690674,0.8307709693908691,0.33657914565582797,0.748724102973938
395_class-8,5,0.3896152675151825,0,0.9830012321472168,0.8967604637145996,0.1868214658269907,0.7419251799583435
396_class-7,0,0.9997417330741882,0,0.9421689510345459,1.0050280094146729,1.0,0.9900326728820801
396_class-7,1,0.9302640557289124,1,0.9422301054000854,1.0049045085906982,0.9990166414523449,0.990679144859314
396_class-7,2,0.9303889274597168,0,0.9421680569648743,1.0052766799926758,0.9991492257954738,0.9903259873390198
396_class-7,3,0.9304590225219727,0,0.942090630531311,1.0048507452011108,0.999281310284828,0.9903935194015503
396_class-7,4,0.930540919303894,0,0.9421259164810181,1.0046875476837158,0.9994891684798032,0.990203320980072
396_class-7,5,0.9305094480514526,0,0.9420660734176636,1.0045855045318604,0.9996404715499461,0.9902219176292419
397_class-8,0,0.9925574064254761,0,0.8494777679443359,1.001991629600525,1.0,0.9726899266242981
397_class-8,1,0.5022467374801636,0,0.8946444988250732,1.0038952827453613,0.7709251278584563,0.8920513987541199
397_class-8,2,0.4991820454597473,0,0.8937383890151978,0.9662904739379883,0.9903762735801472,0.8287488222122192
397_class-8,3,0.5024151802062988,0,0.8972377777099609,1.008629322052002,0.9897253092891591,0.8933612108230591
397_class-8,4,0.15968328714370728,1,0.9567289352416992,1.0034067630767822,0.052419972739517214,0.9965159296989441
397_class-8,5,0.9135850667953491,0,0.8501843810081482,1.002290964126587,0.06753153602669452,0.9752012491226196
398_class-7,0,0.9882659912109375,0,0.9872897863388062,1.0005263090133667,1.0,0.9815574288368225
398_class-7,1,0.7438679933547974,0,0.9872827529907227,1.0002599954605103,0.9988047360575977,0.9817730784416199
398_class-7,2,0.7443298101425171,0,0.9872487783432007,1.0003743171691895,0.9987769217792274,0.9817189574241638
398_class-7,3,0.7448626756668091,0,0.9872840046882629,1.0011366605758667,0.9983713126377715,0.9818529486656189
398_class-7,4,0.7442692518234253,0,0.9872651100158691,1.0006903409957886,0.9983994159272156,0.9819153547286987
398_class-7,5,0.7452976703643799,1,0.9876106977462769,1.0006518363952637,0.9972516686297606,0.9821465611457825
399_class-7,0,0.9959226250648499,0,0.9452654123306274,1.0064561367034912,1.0,0.9758844375610352
399_class-7,1,0.9649598598480225,0,0.9455373883247375,1.006016492843628,0.9931524565391998,0.9873805046081543
399_class-7,2,0.9630206823348999,0,0.9448822736740112,1.0059078931808472,0.9929754822549246,0.9746733903884888
399_class-7,3,0.9649862051010132,1,0.9457841515541077,1.0072916746139526,0.9927660008846847,0.9882575273513794
399_class-7,4,0.9632594585418701,0,0.9446312785148621,1.014577031135559,0.9934805539487563,0.9795262217521667
399_class-7,5,0.9629782438278198,0,0.9443267583847046,1.011698842048645,0.9983971724478053,0.9796839356422424
400_class-8,0,0.43172934651374817,0,0.9957528710365295,0.8699890375137329,1.0,0.9257565140724182
400_class-8,1,0.814044713973999,0,0.9920260906219482,0.94985032081604,0.028875820785316843,0.9408931732177734
400_class-8,2,0.7896245718002319,0,0.9859045147895813,0.9464983940124512,0.8144656643640796,0.9212723970413208
400_class-8,3,0.39295074343681335,0,0.9956235885620117,0.9240685701370239,0.10263700041203132,0.9363658428192139
400_class-8,4,0.5650430917739868,0,0.9855459928512573,0.9495583772659302,0.5981221241139162,0.8950361013412476
400_class-8,5,0.40674230456352234,1,0.9962195158004761,0.9866838455200195,0.42534621444564225,0.9797191023826599
401_class-7,0,0.9863419532775879,1,0.9753764867782593,1.0050135850906372,1.0,0.9937887787818909
401_class-7,1,0.7736495733261108,0,0.9820393323898315,0.9119035005569458,0.6859281969252644,0.584091067314148
401_class-7,2,0.9262748956680298,0,0.9753247499465942,1.0046764612197876,0.6862483607832678,0.9937393665313721
401_class-7,3,0.8194320201873779,0,0.9822149276733398,0.9524058103561401,0.7758033433424462,0.8800236582756042
401_class-7,4,0.9266606569290161,0,0.9757292866706848,0.9778716564178467,0.7748556336451945,0.9877820014953613
401_class-7,5,0.9261877536773682,0,0.9753579497337341,1.0051727294921875,0.9947786606129398,0.9939334988594055
402_class-8,0,0.42420077323913574,0,0.9767723679542542,0.9674692153930664,1.0,0.8938630819320679
402_class-8,1,0.4156777560710907,0,0.9773911833763123,0.9906806945800781,0.9362703553483867,0.9694066643714905
402_class-8,2,0.6799660921096802,0,0.9456087946891785,0.9929471015930176,0.5753515272327454,0.9418538212776184
402_class-8,3,0.6788740158081055,0,0.9444862604141235,0.989556074142456,0.9959068378298144,0.9437682032585144
402_class-8,4,0.6767396330833435,0,0.9441314935684204,0.9890345335006714,0.9788016401393237,0.9579834342002869
402_class-8,5,0.27209338545799255,1,0.9859012365341187,1.0054187774658203,0.3098895865669536,0.9941399097442627
403_class-5,0,0.8404773473739624,1,0.9278337955474854,1.0077812671661377,1.0,0.9873365163803101
403_class-5,1,0.7819087505340576,0,0.9273620843887329,1.008069634437561,0.9996058336618053,0.9874696731567383
403_class-5,2,0.7815065383911133,0,0.9265665411949158,1.008188247680664,0.9989363680315371,0.9874940514564514
403_class-5,3,0.7816009521484375,0,0.9274905920028687,1.008109450340271,0.999382339371028,0.9874276518821716
403_class-5,4,0.7821241021156311,0,0.9268026351928711,1.0076371431350708,0.9986691350865062,0.9870761036872864
403_class-5,5,0.7818186283111572,0,0.9271411299705505,1.0077444314956665,0.9990778955196133,0.9874139428138733
404_class-8,0,0.2823922634124756,1,0.9005204439163208,0.9980597496032715,1.0,0.9646324515342712
404_class-8,1,0.27218520641326904,0,0.9258572459220886,0.9230906963348389,0.0,0.9016652703285217
404_class-8,2,0.27002838253974915,0,0.9004068374633789,0.9984869956970215,0.0,0.965226411819458
404_class-8,3,0.3998575210571289,0,0.7951353788375854,0.9844977855682373,0.3029404033196891,0.9798138737678528
404_class-8,4,0.3998279571533203,0,0.7955769896507263,0.9838477373123169,0.997383407726643,0.9791507124900818
404_class-8,5,0.2705036699771881,0,0.9035372734069824,0.9567222595214844,0.30266774606521574,0.8077796101570129
405_class-5,0,0.9764750003814697,0,0.9565443992614746,1.00896418094635,1.0,0.9930169582366943
405_class-5,1,0.9316971898078918,1,0.9570179581642151,1.010280728340149,0.9992063628991908,0.9932327270507812
405_class-5,2,0.9316966533660889,0,0.9564341902732849,1.009904146194458,0.9993876248469062,0.9933602213859558
405_class-5,3,0.9316291809082031,0,0.9570580720901489,1.009202480316162,0.9993014712223391,0.993217945098877
405_class-5,4,0.9317102432250977,0,0.9569016695022583,1.0091241598129272,0.9994480950656249,0.9931182265281677
405_class-5,5,0.9317420125007629,0,0.9565589427947998,1.0094153881072998,0.9996118983346126,0.9932132959365845
406_class-6,0,0.27442666888237,1,0.9840662479400635,0.9330146312713623,1.0,0.9467624425888062
406_class-6,1,0.5196495652198792,0,0.9613761305809021,0.9429397583007812,0.11027774379052979,0.7584894299507141
406_class-6,2,0.4400491714477539,0,0.9844164252281189,0.9317589998245239,0.6791775084089611,0.825739860534668
406_class-6,3,0.22724060714244843,0,0.99196857213974,0.8691739439964294,0.11961597435182604,0.9482772946357727
406_class-6,4,0.38219502568244934,0,0.9689560532569885,0.9333611726760864,0.008451957295373666,0.5885241031646729
406_class-6,5,0.3162725567817688,0,0.9787262678146362,0.9172568321228027,0.11173124231242312,0.8309391140937805
407_class-5,0,0.99421226978302,1,0.9895819425582886,1.0006672143936157,1.0,0.9891350865364075
407_class-5,1,0.9650266170501709,0,0.990017294883728,1.0005340576171875,0.9949181765933633,0.9889206290245056
407_class-5,2,0.9668430089950562,0,0.98989337682724,1.0000139474868774,0.9932944960252442,0.9898626804351807
407_class-5,3,0.960247814655304,0,0.9891323447227478,1.000658631324768,0.9807922450933461,0.9897026419639587
407_class-5,4,0.9626680612564087,0,0.9887474179267883,0.9508742094039917,0.9781192084653554,0.9723722338676453
407_class-5,5,0.9655742645263672,0,0.9893122315406799,1.0030076503753662,0.9755600203916395,0.9931942224502563
408_class-9,0,0.7665340900421143,0,0.9984502792358398,0.9936102628707886,1.0,0.9853096604347229
408_class-9,1,0.8660283088684082,0,0.9984285831451416,0.9838224649429321,0.6658599171866799,0.9784910082817078
408_class-9,2,0.7196407318115234,0,0.9983399510383606,0.9919474124908447,0.6609637374348339,0.9865426421165466
408_class-9,3,0.7400186061859131,0,0.9970837235450745,0.978990912437439,0.8947982929382398,0.94986891746521
408_class-9,4,0.7207393646240234,1,0.9984757900238037,0.9938108921051025,0.9135406383678841,0.9853485822677612
408_class-9,5,0.7208051681518555,0,0.9984754920005798,0.9933630228042603,0.9992226301014899,0.9849017262458801
409_class-5,0,0.9664666056632996,1,0.991782546043396,0.986159086227417,1.0,0.9769561886787415
409_class-5,1,0.8957809209823608,0,0.9918097257614136,0.9850757122039795,0.9960942123328205,0.9750148057937622
409_class-5,2,0.8887748718261719,0,0.9906939268112183,0.9901829957962036,0.9701799856011519,0.9733518958091736
409_class-5,3,0.8911535739898682,0,0.9907893538475037,0.9899822473526001,0.9912749262112159,0.974162757396698
409_class-5,4,0.8893209099769592,0,0.9911530017852783,0.990218997001648,0.9929478951846671,0.9735168814659119
409_class-5,5,0.8888963460922241,0,0.9911154508590698,0.9903621673583984,0.994080289663496,0.973691999912262
410_class-8,0,0.5426640510559082,0,0.862375795841217,0.949554443359375,1.0,0.925403356552124
410_class-8,1,0.167321115732193,0,0.9645838737487793,1.004245400428772,0.4451883181812958,0.9880169034004211
410_class-8,2,0.28004124760627747,1,0.9894145727157593,0.9833316802978516,0.18974702976044583,0.9872206449508667
410_class-8,3,0.2797054350376129,0,0.9902621507644653,0.9781012535095215,0.9827045075125209,0.9814878702163696
410_class-8,4,0.16730235517024994,0,0.9642303586006165,1.0031795501708984,0.1924782754441608,0.9891043305397034
410_class-8,5,0.167399600148201,0,0.9633740782737732,1.006008505821228,0.9924605104836026,0.9937669634819031
411_class-6,0,0.7090892791748047,0,0.9584351181983948,0.8656489849090576,1.0,0.535171627998352
411_class-6,1,0.537773072719574,0,0.9944462180137634,0.8856862783432007,0.2997350492051476,0.8813204169273376
411_class-6,2,0.7828265428543091,0,0.9919273257255554,0.9396111965179443,0.30331632058542496,0.9201865792274475
411_class-6,3,0.5297847390174866,0,0.9935166835784912,0.9327774047851562,0.281171997107332,0.8211660981178284
411_class-6,4,0.726852536201477,0,0.9865868091583252,0.9638714790344238,0.21236884384235477,0.9357513189315796
411_class-6,5,0.762860894203186,1,0.9919737577438354,0.9960017204284668,0.7911068527752978,0.9574068784713745
412_class-9,0,0.9580117464065552,1,0.9602484703063965,0.9967883825302124,1.0,0.9869410991668701
412_class-9,1,0.9081090688705444,0,0.959883987903595,0.9965245723724365,0.9988772605156582,0.987381637096405
412_class-9,2,0.9083616733551025,0,0.9601938724517822,0.9971508979797363,0.9990574362265362,0.9868626594543457
412_class-9,3,0.9084423780441284,0,0.9602723121643066,0.9967988729476929,0.999578879820322,0.987093985080719
412_class-9,4,0.9096760153770447,0,0.9601821899414062,0.9999734163284302,0.9960043951653181,0.986651599407196
412_class-9,5,0.908177375793457,0,0.9602554440498352,0.9962815046310425,0.9955847684500739,0.9871417284011841
413_class-9,0,0.9805659055709839,1,0.9851894974708557,1.0075219869613647,1.0,0.9660917520523071
413_class-9,1,0.9237315654754639,0,0.9851390719413757,1.007022500038147,0.9987254783761905,0.9680750966072083
413_class-9,2,0.9236223697662354,0,0.9851018190383911,1.0060700178146362,0.9990696071674707,0.9679087400436401
413_class-9,3,0.9242856502532959,0,0.9849258065223694,1.0080593824386597,0.9982189258488066,0.9689593315124512
413_class-9,4,0.9239686727523804,0,0.9849485754966736,1.0068224668502808,0.9983305365517835,0.9652636647224426
413_class-9,5,0.9240095019340515,0,0.9848419427871704,1.0080626010894775,0.9993623328277954,0.9655798077583313
414_class-7,0,0.9977257251739502,1,0.966382622718811,1.0132685899734497,1.0,0.9933127164840698
414_class-7,1,0.9731746912002563,0,0.966330885887146,1.0130298137664795,0.9998286923228464,0.9931637644767761
414_class-7,2,0.9731333255767822,0,0.9663321375846863,1.0133202075958252,0.9997516123782687,0.9930800199508667
414_class-7,3,0.9731419086456299,0,0.9663125872612,1.0122897624969482,0.9997430472878641,0.9930533170700073
414_class-7,4,0.9731380939483643,0,0.9663166999816895,1.012890100479126,0.9997944184612222,0.9930078983306885
414_class-7,5,0.9731512069702148,0,0.9664068222045898,1.0125669240951538,0.9998372409775821,0.9930412769317627
415_class-5,0,0.9977799654006958,0,0.9891468286514282,1.009942650794983,1.0,0.991852343082428
415_class-5,1,0.9674711227416992,1,0.9891905188560486,1.0104881525039673,0.9992410098930434,0.991921067237854
415_class-5,2,0.966772198677063,0,0.9894453287124634,1.0060858726501465,0.9859532414925009,0.9856757521629333
415_class-5,3,0.9677512645721436,0,0.9893919229507446,1.0064398050308228,0.9887846048783905,0.991504967212677
415_class-5,4,0.9676805734634399,0,0.9894474744796753,1.0062384605407715,0.9996323690314675,0.9914856553077698
415_class-5,5,0.9670457243919373,0,0.9895052313804626,1.0072064399719238,0.9895386500919198,0.9866149425506592
416_class-8,0,0.46714508533477783,1,0.9822380542755127,1.0012578964233398,1.0,0.9818339943885803
416_class-8,1,0.4267614185810089,0,0.9821518063545227,1.001273274421692,0.9978913647330752,0.9817083477973938
416_class-8,2,0.4267856478691101,0,0.9822748303413391,1.0016928911209106,0.9980119284294234,0.9806671142578125
416_class-8,3,0.42664799094200134,0,0.9821166396141052,1.0004483461380005,0.9987222650387377,0.981332540512085
416_class-8,4,0.4930103123188019,0,0.9807546734809875,0.9983315467834473,0.5492780661907852,0.9834069013595581
416_class-8,5,0.42700284719467163,0,0.9822846055030823,1.0002800226211548,0.5506801407047437,0.9802334308624268
417_class-8,0,0.35213711857795715,1,0.9976381063461304,0.9968744516372681,1.0,0.9825924634933472
417_class-8,1,0.2968132495880127,0,0.9974386692047119,0.9990532398223877,0.9966313916166142,0.9822426438331604
417_class-8,2,0.29679301381111145,0,0.9974830150604248,0.9954545497894287,0.9949774302244262,0.9818670153617859
417_class-8,3,0.29680901765823364,0,0.9974347352981567,0.9933016300201416,0.9938624944349043,0.9800789952278137
417_class-8,4,0.2968141436576843,0,0.9973722100257874,0.9987860918045044,0.9941226927597928,0.9809462428092957
417_class-8,5,0.29693418741226196,0,0.9972658157348633,0.9558310508728027,0.9788672331553843,0.9477396607398987
418_class-9,0,0.341198593378067,0,0.9806894063949585,0.9816899299621582,1.0,0.9556261301040649
418_class-9,1,0.32833585143089294,0,0.9811785817146301,0.9872350096702576,0.9986152199911877,0.9557420611381531
418_class-9,2,0.32834434509277344,1,0.9807112216949463,1.0050536394119263,0.9983125550938169,0.9923031330108643
418_class-9,3,0.3283851146697998,0,0.9807282090187073,1.0032134056091309,0.9993828326720826,0.9903335571289062
418_class-9,4,0.32483112812042236,0,0.984216570854187,0.9814200401306152,0.9724571596675737,0.9557017683982849
418_class-9,5,0.3284893035888672,0,0.9808362126350403,0.9955277442932129,0.9729948293184992,0.9791052937507629
419_class-7,0,0.9977675676345825,1,0.9827017188072205,1.0117477178573608,1.0,0.9926005005836487
419_class-7,1,0.9675171971321106,0,0.9826569557189941,1.0116745233535767,0.9996590109116509,0.9926659464836121
419_class-7,2,0.9674995541572571,0,0.982691764831543,1.0118892192840576,0.99975798910951,0.9927699565887451
419_class-7,3,0.9675103425979614,0,0.9826881289482117,1.0117757320404053,0.9998899793161115,0.9927438497543335
419_class-7,4,0.967514157295227,0,0.9826297760009766,1.0114773511886597,0.9997469858312066,0.992709755897522
419_class-7,5,0.967505156993866,0,0.9826617240905762,1.0115679502487183,0.9998129854128622,0.9927436113357544
420_class-9,0,0.3927476704120636,1,0.9683479070663452,0.973034143447876,1.0,0.8792555332183838
420_class-9,1,0.9196039438247681,0,0.9481958150863647,1.0050126314163208,0.21201079292101765,0.9912019371986389
420_class-9,2,0.9204847812652588,0,0.9483996629714966,1.0047084093093872,0.9973281422955075,0.9910758137702942
420_class-9,3,0.9200757741928101,0,0.9483878016471863,1.0047880411148071,0.9985859512344264,0.9912467002868652
420_class-9,4,0.5613096952438354,0,0.9618093371391296,0.9698741436004639,0.3604676089348749,0.9061145782470703
420_class-9,5,0.9218900799751282,0,0.9477605819702148,0.9665599465370178,0.36047510017172296,0.9756616353988647
421_class-8,0,0.6367709040641785,0,0.9720553755760193,0.9607744216918945,1.0,0.7427182793617249
421_class-8,1,0.7590203881263733,0,0.9720064401626587,0.9073690176010132,0.4440237966468361,0.8861731886863708
421_class-8,2,0.7303924560546875,0,0.9629855155944824,0.9461442232131958,0.8078341013824885,0.894864022731781
421_class-8,3,0.6132656335830688,1,0.9803269505500793,0.9499466419219971,0.49363818630475015,0.8770044445991516
421_class-8,4,0.6346954107284546,0,0.9805364608764648,0.9504926204681396,0.8028805362294248,0.812204897403717
421_class-8,5,0.751564085483551,0,0.9590756893157959,0.9743748903274536,0.6319853296013899,0.9586331248283386
422_class-7,0,0.9934935569763184,1,0.9880543947219849,1.0034384727478027,1.0,0.972594141960144
422_class-7,1,0.9227503538131714,0,0.9878039956092834,1.0040841102600098,0.9993071031292721,0.9725134968757629
422_class-7,2,0.9226542711257935,0,0.9876947999000549,1.003326654434204,0.9991671579498985,0.970734179019928
422_class-7,3,0.9253365993499756,0,0.9881235957145691,1.0007271766662598,0.9707811958932699,0.9350467324256897
422_class-7,4,0.922997236251831,0,0.9877055883407593,1.003071665763855,0.972893628595815,0.9723073840141296
422_class-7,5,0.9225495457649231,0,0.9875797033309937,1.0034129619598389,0.9972219364132112,0.971549391746521
423_class-7,0,0.9993372559547424,1,0.9383055567741394,1.0107861757278442,1.0,0.9951961040496826
423_class-7,1,0.9708702564239502,0,0.9382150769233704,1.011582612991333,0.999183744355679,0.9952826499938965
423_class-7,2,0.9710478782653809,0,0.938366174697876,1.0108305215835571,0.9990969086488364,0.9951566457748413
423_class-7,3,0.9710116386413574,0,0.9383066892623901,1.010955572128296,0.9997914385525836,0.995151162147522
423_class-7,4,0.9710105657577515,0,0.9382445216178894,1.0111284255981445,0.999774078064718,0.9951374530792236
423_class-7,5,0.9709388017654419,0,0.9382693767547607,1.0113708972930908,0.9993051936772624,0.995198667049408
424_class-7,0,0.9589601755142212,1,0.997032105922699,1.0064784288406372,1.0,0.9899091720581055
424_class-7,1,0.9057759642601013,0,0.9970031380653381,1.006638765335083,0.9997150915980513,0.9899774789810181
424_class-7,2,0.9057959318161011,0,0.9969965219497681,1.0064207315444946,0.9996011055075933,0.9898409843444824
424_class-7,3,0.9057530164718628,0,0.9970042705535889,1.0066395998001099,0.999648559569153,0.9899377226829529
424_class-7,4,0.9057973027229309,0,0.9970172047615051,1.006054401397705,0.9996200680078265,0.9897168278694153
424_class-7,5,0.9057619571685791,0,0.9970318078994751,1.0067214965820312,0.9994776778506919,0.9898458123207092
425_class-8,0,0.371257483959198,1,0.9924942255020142,0.9550715684890747,1.0,0.9343555569648743
425_class-8,1,0.3259502351284027,0,0.9836099147796631,0.9439005851745605,0.935859658740492,0.9204683303833008
425_class-8,2,0.3195761442184448,0,0.9852010011672974,0.9582318067550659,0.7884721696878001,0.9244282245635986
425_class-8,3,0.333558589220047,0,0.9946208596229553,0.9599249362945557,0.8141339619175901,0.9333438873291016
425_class-8,4,0.3163142204284668,0,0.9913818836212158,0.9700092077255249,0.8495714036727774,0.938873291015625
425_class-8,5,0.308881551027298,0,0.966152012348175,0.9253811836242676,0.8711214492140692,0.8532649278640747
426_class-9,0,0.9992625713348389,1,0.9933385252952576,1.0083215236663818,1.0,0.9933720231056213
426_class-9,1,0.9381269216537476,0,0.9933345317840576,1.0087894201278687,0.9993056244420196,0.9933049082756042
426_class-9,2,0.9381897449493408,0,0.9933534264564514,1.0082730054855347,0.9989417639472205,0.9932937026023865
426_class-9,3,0.9382038712501526,0,0.9933635592460632,1.008929967880249,0.9989416589495965,0.9933562874794006
426_class-9,4,0.9382936954498291,0,0.9933750629425049,1.008854627609253,0.9994374958639402,0.9933720827102661
426_class-9,5,0.8901739120483398,0,0.9975860118865967,0.9903709888458252,0.8863345344093386,0.9757831692695618
427_class-7,0,0.9584319591522217,0,0.9394035339355469,0.9974384307861328,1.0,0.9307418465614319
427_class-7,1,0.8949028849601746,0,0.9383490085601807,1.0015240907669067,0.9874060342566537,0.9287288188934326
427_class-7,2,0.8711516857147217,0,0.9394223093986511,0.9977504014968872,0.9869214799799065,0.933394193649292
427_class-7,3,0.9005519151687622,0,0.9380199313163757,0.9989960193634033,0.9825448880509491,0.9211121201515198
427_class-7,4,0.8725501298904419,1,0.9400191307067871,0.9971168041229248,0.9832751348743755,0.9329808950424194
427_class-7,5,0.8725993037223816,0,0.9399262070655823,0.9972596168518066,0.9995050150970396,0.9328452944755554
428_class-9,0,0.9140967726707458,1,0.9805978536605835,0.9863656759262085,1.0,0.9890395402908325
428_class-9,1,0.2972399592399597,0,0.968096137046814,0.951179027557373,0.00016905853182057253,0.7719891667366028
428_class-9,2,0.8114374279975891,0,0.9806028008460999,0.9875149726867676,0.00024411541025472504,0.989010751247406
428_class-9,3,0.10385201126337051,0,0.949079155921936,0.954116940498352,0.031297035908556474,0.7580128312110901
428_class-9,4,0.8065218925476074,0,0.9804773926734924,0.9747176170349121,0.03179431352459016,0.9919393062591553
428_class-9,5,0.8226653933525085,0,0.9805946350097656,0.9850454330444336,0.9413699917753495,0.9846730828285217
429_class-8,0,0.6991418600082397,0,0.9679628610610962,0.942385196685791,1.0,0.9485111832618713
429_class-8,1,0.8387559652328491,0,0.972506582736969,0.9244405031204224,0.49990923283592925,0.9348453879356384
429_class-8,2,0.7184997797012329,0,0.9826967716217041,0.9220514297485352,0.6786530273133243,0.9166157841682434
429_class-8,3,0.8664983510971069,1,0.968360424041748,0.9821946620941162,0.6556502916875644,0.9736500978469849
429_class-8,4,0.8614904880523682,0,0.9680308103561401,0.977735161781311,0.969386181369525,0.9779525995254517
429_class-8,5,0.7824609279632568,0,0.9733846187591553,0.9524657726287842,0.7932820544631226,0.9424785375595093
430_class-8,0,0.9501305222511292,1,0.9903648495674133,0.9728564023971558,1.0,0.9403683543205261
430_class-8,1,0.3885250985622406,0,0.9937648773193359,0.9073754549026489,0.0,0.6679074168205261
430_class-8,2,0.039674341678619385,0,0.9693207144737244,0.9992227554321289,0.1236329658007849,0.5529645681381226
430_class-8,3,0.5405380725860596,0,0.9915830492973328,0.887458086013794,0.03644343752687087,0.5508760213851929
430_class-8,4,0.8051029443740845,0,0.9867267608642578,0.9851862192153931,0.22487693600672348,0.971614420413971
430_class-8,5,0.80759596824646,0,0.9868661165237427,0.9842509031295776,0.98803666184274,0.9426071643829346
431_class-6,0,0.41246163845062256,1,0.9182698726654053,0.8724254369735718,1.0,0.7466872334480286
431_class-6,1,0.29731127619743347,0,0.8977991342544556,0.9562687873840332,0.6597596606398455,0.9435809850692749
431_class-6,2,0.20091766119003296,0,0.8124910593032837,0.9404934644699097,0.3578324117171235,0.5969432592391968
431_class-6,3,0.2994312644004822,0,0.9076365232467651,0.8692090511322021,0.39123602657437245,0.8421590328216553
431_class-6,4,0.2970409393310547,0,0.8912886381149292,0.9689441919326782,0.36660760615073085,0.8273590803146362
431_class-6,5,0.31441450119018555,0,0.9505560398101807,0.919176459312439,0.2174385340581776,0.49370914697647095
432_class-8,0,0.44614556431770325,0,0.9939392805099487,0.9423021078109741,1.0,0.9739170074462891
432_class-8,1,0.4338347613811493,1,0.9941535592079163,0.9637041091918945,0.9889240506329114,0.9819782972335815
432_class-8,2,0.4319312870502472,0,0.9950944185256958,0.9584997892379761,0.9215259553222812,0.954408586025238
432_class-8,3,0.4678160548210144,0,0.9949430227279663,0.8519219160079956,0.8278655326042932,0.9310908913612366
432_class-8,4,0.3868650197982788,0,0.9910436868667603,0.9592552185058594,0.30770056460788736,0.9533523321151733
432_class-8,5,0.4322468638420105,0,0.9938328266143799,0.943575382232666,0.31530782029950083,0.9429784417152405
433_class-8,0,0.40202459692955017,0,0.8600198030471802,0.8721990585327148,1.0,0.40054142475128174
433_class-8,1,0.3425930142402649,0,0.9099981784820557,0.8689815998077393,0.6344930428159162,0.4321678876876831
433_class-8,2,0.4129500687122345,0,0.9797948002815247,0.9270814657211304,0.37365409462868393,0.9117653965950012
433_class-8,3,0.4123270809650421,1,0.985295832157135,0.9204295873641968,0.9053301511535402,0.8818613290786743
433_class-8,4,0.306753933429718,0,0.9152217507362366,0.872023344039917,0.4721386065826205,0.43166816234588623
433_class-8,5,0.3299480378627777,0,0.9887181520462036,0.8638299703598022,0.4873046084069005,0.7592009902000427
434_class-8,0,0.12772245705127716,0,0.8506835103034973,0.9836971759796143,1.0,0.9301152229309082
434_class-8,1,0.11337734013795853,0,0.8445242047309875,0.9639549255371094,0.9803742938245408,0.9004527926445007
434_class-8,2,0.11557729542255402,0,0.8516381978988647,0.9757130146026611,0.9860404189539472,0.9173899292945862
434_class-8,3,0.33718064427375793,1,0.9716370105743408,0.9844388961791992,0.30365486710842904,0.9745838642120361
434_class-8,4,0.1145935133099556,0,0.849183201789856,0.9659258127212524,0.3018941244393125,0.9052585959434509
434_class-8,5,0.11849542707204819,0,0.8526206016540527,0.9835659265518188,0.9823046369438122,0.9326185584068298
435_class-6,0,0.9998507499694824,1,0.9833055734634399,1.0115875005722046,1.0,0.9970484972000122
435_class-6,1,0.6562809944152832,0,0.9907187223434448,1.0027416944503784,0.5212991265125757,0.9638807773590088
435_class-6,2,0.8913401365280151,0,0.9895567893981934,0.977564811706543,0.583927525748338,0.9572299718856812
435_class-6,3,0.8665133714675903,0,0.9894264936447144,0.9880067110061646,0.9438837750914938,0.9578339457511902
435_class-6,4,0.6652802228927612,0,0.9919463396072388,0.9887040853500366,0.629198371969563,0.9261765480041504
435_class-6,5,0.948047935962677,0,0.9832987189292908,1.0101983547210693,0.5350302657713043,0.9936426877975464
436_class-8,0,0.03351031616330147,0,0.9447604417800903,1.000287652015686,1.0,0.9790551066398621
436_class-8,1,0.03210707753896713,0,0.9450340270996094,0.9945656061172485,0.9982044944001159,0.9778727889060974
436_class-8,2,0.27676352858543396,0,0.7113736271858215,0.9812572002410889,0.5139799120374401,0.8066567182540894
436_class-8,3,0.03214295208454132,1,0.9450541734695435,1.0006245374679565,0.5139052972363507,0.9814774990081787
436_class-8,4,0.03199068456888199,0,0.9451442956924438,0.9998383522033691,0.997392773798986,0.981406033039093
436_class-8,5,0.0319693349301815,0,0.9449359178543091,0.9987435340881348,0.9985521002590132,0.9786906838417053
437_class-8,0,0.3727799654006958,0,0.9758506417274475,0.9521875381469727,1.0,0.7966570854187012
437_class-8,1,0.3782519996166229,1,0.9917470216751099,0.9828732013702393,0.672085764185649,0.9502623677253723
437_class-8,2,0.4496947228908539,0,0.9797787666320801,0.8604063987731934,0.029237455551165546,0.9001237750053406
437_class-8,3,0.4553085267543793,0,0.9742470383644104,0.7320101261138916,0.6083482184826549,0.8135620951652527
437_class-8,4,0.3643384277820587,0,0.9901989698410034,0.8727635145187378,0.0,0.6163669228553772
437_class-8,5,0.47964757680892944,0,0.9927607178688049,0.9430229663848877,0.0,0.9907357096672058
438_class-8,0,0.4400169551372528,0,0.9951519966125488,0.9354614019393921,1.0,0.9462798833847046
438_class-8,1,0.41095125675201416,0,0.9926833510398865,0.911314845085144,0.695281921083254,0.9270091652870178
438_class-8,2,0.41128861904144287,0,0.9927158355712891,0.9367808103561401,0.9969182200841852,0.9539690017700195
438_class-8,3,0.4499790668487549,0,0.9975394010543823,0.9489831924438477,0.7893791534454888,0.9262599349021912
438_class-8,4,0.482374906539917,1,0.9966225624084473,0.959984302520752,0.8392989909718535,0.9547314047813416
438_class-8,5,0.4131552577018738,0,0.9936509728431702,0.9403277635574341,0.738479389987844,0.9321320056915283
439_class-8,0,0.4477340281009674,0,0.9749995470046997,0.8676804304122925,1.0,0.7815384268760681
439_class-8,1,0.5128306746482849,0,0.9938125610351562,0.935442328453064,0.06373863617197119,0.9000002145767212
439_class-8,2,0.3547610938549042,0,0.9308794736862183,0.941360592842102,0.22279803194063558,0.644983172416687
439_class-8,3,0.49164730310440063,1,0.996922492980957,0.9476377964019775,0.14098595383824225,0.9699573516845703
439_class-8,4,0.4735831320285797,0,0.9814062118530273,0.9146158695220947,0.290883099598255,0.7460278868675232
439_class-8,5,0.4210878014564514,0,0.9727504849433899,0.9389714002609253,0.6187534134352812,0.8559012413024902
440_class-6,0,0.9902812242507935,1,0.9595944881439209,1.0011448860168457,1.0,0.9858247637748718
440_class-6,1,0.5687174797058105,0,0.7924734354019165,0.9325103759765625,0.6585943058663395,0.8085274696350098
440_class-6,2,0.9536197185516357,0,0.9596191644668579,1.0015535354614258,0.6588009053273047,0.9787945747375488
440_class-6,3,0.9535841345787048,0,0.9595811367034912,1.0092285871505737,0.9983891525847846,0.9856289625167847
440_class-6,4,0.5270184278488159,0,0.785210132598877,0.9849897623062134,0.6307488586279819,0.896760106086731
440_class-6,5,0.9537115097045898,0,0.9598962068557739,0.9829857349395752,0.6301929681516072,0.9672772288322449
441_class-8,0,0.11129842698574066,0,0.894914984703064,0.9934028387069702,1.0,0.8574109077453613
441_class-8,1,0.3330322504043579,0,0.9321706891059875,0.9553087949752808,0.2420518512645683,0.7523347735404968
441_class-8,2,0.3109101951122284,0,0.9290083050727844,0.9734265804290771,0.7837716438455409,0.9311471581459045
441_class-8,3,0.3950900733470917,0,0.9589480757713318,0.9819214344024658,0.3788919097430226,0.9473364353179932
441_class-8,4,0.4344109296798706,1,0.9750374555587769,0.9475528001785278,0.41441850712887895,0.8919535875320435
441_class-8,5,0.4750867486000061,0,0.9775839447975159,0.8409559726715088,0.017728896638337825,0.7393791079521179
442_class-7,0,0.985085129737854,0,0.9106532335281372,1.0086194276809692,1.0,0.9474965333938599
442_class-7,1,0.8938876390457153,0,0.9110348224639893,1.0054781436920166,0.9980974418305695,0.9501665234565735
442_class-7,2,0.8946404457092285,0,0.9108854532241821,1.0064165592193604,0.9996309187119922,0.9511899948120117
442_class-7,3,0.8939283490180969,0,0.910768985748291,1.0058101415634155,0.9993606577072928,0.9472560286521912
442_class-7,4,0.8939341306686401,1,0.9110496044158936,1.006373643875122,0.9995364647713226,0.9513897895812988
442_class-7,5,0.8975257277488708,0,0.9104825258255005,1.0076687335968018,0.998319925596705,0.9451964497566223
443_class-6,0,0.7953161001205444,1,0.9958688020706177,0.9830268621444702,1.0,0.9743632078170776
443_class-6,1,0.9100669026374817,0,0.9949706792831421,0.996556282043457,0.6488951096407516,0.9918636083602905
443_class-6,2,0.7201110124588013,0,0.9953580498695374,0.9601324796676636,0.567386059855252,0.9788624048233032
443_class-6,3,0.546130895614624,0,0.9916892051696777,0.9241005182266235,0.15706758220573924,0.6695681810379028
443_class-6,4,0.7168078422546387,0,0.9951643347740173,0.8805661201477051,0.30015384051866234,0.594943106174469
443_class-6,5,0.7264502048492432,0,0.9955556392669678,0.9739185571670532,0.38124705724086905,0.9671852588653564
444_class-9,0,0.9858676195144653,0,0.9856434464454651,1.012709379196167,1.0,0.9923402667045593
444_class-9,1,0.9256668090820312,0,0.9856976270675659,1.01322340965271,0.9990586402220311,0.9922394156455994
444_class-9,2,0.9259796142578125,0,0.9857311844825745,1.0083577632904053,0.9980529595015576,0.9920360445976257
444_class-9,3,0.9253939390182495,0,0.9857392311096191,1.0134156942367554,0.9969685179781473,0.9925796985626221
444_class-9,4,0.7689812183380127,1,0.993902862071991,1.0142141580581665,0.7040289005167749,0.9955685138702393
444_class-9,5,0.9259649515151978,0,0.9856324791908264,1.0104553699493408,0.7052247282167775,0.9920555353164673
445_class-8,0,0.6075984239578247,0,0.9540165662765503,0.9602982997894287,1.0,0.9325594902038574
445_class-8,1,0.5429198741912842,0,0.9536674618721008,0.9643760919570923,0.9807505055801063,0.938160240650177
445_class-8,2,0.5423804521560669,1,0.9543829560279846,0.9809849262237549,0.9776536312849162,0.9590392708778381
445_class-8,3,0.4290163516998291,0,0.987035870552063,0.8713670969009399,0.005627655909038704,0.5310627818107605
445_class-8,4,0.4178786873817444,0,0.9757269024848938,0.8958871364593506,0.6077491511883363,0.5589108467102051
445_class-8,5,0.6287988424301147,0,0.9470241665840149,0.9954943656921387,0.14669361825007218,0.9658230543136597
446_class-6,0,0.4422200918197632,1,0.9910391569137573,0.9995889663696289,1.0,0.9898154139518738
446_class-6,1,0.4175853431224823,0,0.9914600849151611,0.9963666200637817,0.984140702648978,0.9823740720748901
446_class-6,2,0.4177098870277405,0,0.9922364354133606,0.9655357599258423,0.9849167822468793,0.9626750349998474
446_class-6,3,0.39903923869132996,0,0.9905501008033752,0.9629727602005005,0.48727558348294436,0.9079055786132812
446_class-6,4,0.4176795780658722,0,0.9914640784263611,0.9981237649917603,0.48625502933309356,0.9864650368690491
446_class-6,5,0.41765132546424866,0,0.9916277527809143,0.9885404109954834,0.9913519621050801,0.9774190783500671
447_class-9,0,0.9919774532318115,0,0.9756399393081665,1.0030126571655273,1.0,0.9918952584266663
447_class-9,1,0.6628655195236206,0,0.978961706161499,0.995506763458252,0.48872902860239953,0.973242998123169
447_class-9,2,0.6624858975410461,0,0.9784891605377197,0.9918806552886963,0.977595895431224,0.9800851941108704
447_class-9,3,0.660044252872467,0,0.9777376651763916,0.9943277835845947,0.9841185557057347,0.9745626449584961
447_class-9,4,0.9022557139396667,1,0.9758073687553406,1.0036648511886597,0.48708611667108787,0.9922392964363098
447_class-9,5,0.6612484455108643,0,0.9783420562744141,0.9952151775360107,0.4884081494222244,0.9776166081428528
448_class-6,0,0.434697687625885,1,0.9855631589889526,0.9691030979156494,1.0,0.9491336941719055
448_class-6,1,0.41532397270202637,0,0.9889659881591797,0.9479798078536987,0.9665458994024373,0.9170716404914856
448_class-6,2,0.8827270269393921,0,0.9430083632469177,0.9759873151779175,0.3094151223073576,0.9451106190681458
448_class-6,3,0.6388692259788513,0,0.980172872543335,0.9676245450973511,0.59167343323245,0.9172014594078064
448_class-6,4,0.48521363735198975,0,0.9887111186981201,0.9704819917678833,0.6232809246536912,0.9357355833053589
448_class-6,5,0.539647102355957,0,0.9804782867431641,0.9495599269866943,0.7845414874580102,0.8946664333343506
449_class-8,0,0.4135902523994446,0,0.9452437162399292,0.8969329595565796,1.0,0.8762951493263245
449_class-8,1,0.41018322110176086,0,0.9947611093521118,0.9249719381332397,0.25505509375604096,0.9043306708335876
449_class-8,2,0.41340401768684387,1,0.9902431964874268,0.9238206148147583,0.6148755708826545,0.9615920186042786
449_class-8,3,0.41267645359039307,0,0.9922221899032593,0.8668118715286255,0.8584214808787632,0.9515464901924133
449_class-8,4,0.4021761119365692,0,0.9708703756332397,0.9080216884613037,0.5127570318410013,0.8817540407180786
449_class-8,5,0.41306591033935547,0,0.990537703037262,0.8865091800689697,0.5219335009779268,0.9398659467697144
450_class-5,0,0.9911999702453613,1,0.8341885805130005,1.0053335428237915,1.0,0.991101861000061
450_class-5,1,0.5725430250167847,0,0.9381250143051147,0.9987568855285645,0.5719095752419617,0.9673110246658325
450_class-5,2,0.254323810338974,0,0.9009591341018677,0.9315167665481567,0.475166918837884,0.7454434633255005
450_class-5,3,0.5710092186927795,0,0.9359856843948364,0.9961971044540405,0.4768757139275068,0.9627648591995239
450_class-5,4,0.5724613666534424,0,0.9362998604774475,0.9990462064743042,0.9958209825550318,0.9581575393676758
450_class-5,5,0.5723752379417419,0,0.9362689852714539,0.9987896680831909,0.99784970103908,0.9696816205978394
451_class-8,0,0.4741518795490265,1,0.9976094961166382,0.975937008857727,1.0,0.8998081088066101
451_class-8,1,0.4685986042022705,0,0.9962839484214783,0.9581173658370972,0.29939894815927875,0.9747245907783508
451_class-8,2,0.46730419993400574,0,0.9942867755889893,0.9295608997344971,0.37217730694173407,0.9604623317718506
451_class-8,3,0.44621074199676514,0,0.9929922819137573,0.9303863048553467,0.34421068412373196,0.6434993147850037
451_class-8,4,0.42606768012046814,0,0.9869165420532227,0.9490170478820801,0.31453085067542896,0.8768828511238098
451_class-8,5,0.33901625871658325,0,0.9808235168457031,0.9943591356277466,0.324983951116289,0.9324977397918701
452_class-9,0,0.7063106298446655,1,0.9981233477592468,0.9857937097549438,1.0,0.991341769695282
452_class-9,1,0.949937105178833,0,0.9974941611289978,0.981730580329895,0.43244526510155634,0.9758288264274597
452_class-9,2,0.9430356025695801,0,0.9973642826080322,0.9874292612075806,0.9726397919375813,0.9720186591148376
452_class-9,3,0.7023455500602722,0,0.9890746474266052,0.9052053093910217,0.4555138167035455,0.9187179803848267
452_class-9,4,0.451774001121521,0,0.9750021696090698,0.9287495613098145,0.0,0.4688367545604706
452_class-9,5,0.8238599300384521,0,0.9977445602416992,0.9553288221359253,0.0,0.939455509185791
453_class-9,0,0.9609541893005371,1,0.9596370458602905,1.0054949522018433,1.0,0.9806244373321533
453_class-9,1,0.9322638511657715,0,0.9595855474472046,1.0054587125778198,0.9995582447591764,0.9812859296798706
453_class-9,2,0.9322812557220459,0,0.959563136100769,1.0052993297576904,0.9994445894311391,0.9809467792510986
453_class-9,3,0.932397186756134,0,0.9593218564987183,1.0057202577590942,0.9995918148847044,0.9814491868019104
453_class-9,4,0.9319813251495361,0,0.9594227075576782,1.0051733255386353,0.9993843394698627,0.980316162109375
453_class-9,5,0.9323915243148804,0,0.9595363736152649,1.005388855934143,0.9994311717861206,0.9814615249633789
454_class-5,0,0.9375418424606323,1,0.9072161912918091,1.0037219524383545,1.0,0.9647713303565979
454_class-5,1,0.7330499291419983,0,0.9501937627792358,0.9820928573608398,0.8754401219459831,0.8573065996170044
454_class-5,2,0.8845773339271545,0,0.9031854271888733,1.0041497945785522,0.8703253203589301,0.9715094566345215
454_class-5,3,0.8828290700912476,0,0.9039262533187866,1.0052235126495361,0.9983778620862614,0.9711748957633972
454_class-5,4,0.8833558559417725,0,0.9035984873771667,1.0043295621871948,0.999060351087003,0.9704431891441345
454_class-5,5,0.8816350698471069,0,0.903945803642273,1.0040656328201294,0.9982541284256723,0.9692884087562561
455_class-6,0,0.12052641063928604,0,0.8292470574378967,1.0028237104415894,1.0,0.96921306848526
455_class-6,1,0.1151755303144455,0,0.8284984827041626,1.0024904012680054,0.9983230526849849,0.9698286652565002
455_class-6,2,0.11357908695936203,0,0.8181378841400146,1.0032380819320679,0.9878024331824464,0.9566856622695923
455_class-6,3,0.11570634692907333,0,0.8292505741119385,1.0021437406539917,0.9860451619710879,0.9690366983413696
455_class-6,4,0.4128604531288147,1,0.9955570697784424,0.982154130935669,0.14242224825984837,0.9719569683074951
455_class-6,5,0.13068388402462006,0,0.8578233122825623,1.0032471418380737,0.14831301673612193,0.9213400483131409
456_class-5,0,0.8900585174560547,1,0.9683845639228821,0.9822113513946533,1.0,0.9845556020736694
456_class-5,1,0.395563542842865,0,0.9799691438674927,0.9816079139709473,0.16717501560206388,0.9196200370788574
456_class-5,2,0.34568145871162415,0,0.9594637155532837,0.984641432762146,0.8334380161444157,0.913788914680481
456_class-5,3,0.46878352761268616,0,0.987155020236969,0.9838860034942627,0.6350424278414152,0.9209145903587341
456_class-5,4,0.39938265085220337,0,0.9815902709960938,0.9799131155014038,0.7585830299635956,0.9219520092010498
456_class-5,5,0.38360893726348877,0,0.9820696115493774,0.9854462146759033,0.9432516286429007,0.922783374786377
457_class-6,0,0.370309978723526,0,0.9787181615829468,0.9571623802185059,1.0,0.918937087059021
457_class-6,1,0.3851534128189087,0,0.9864543080329895,0.9719758033752441,0.7855567554413129,0.9596574306488037
457_class-6,2,0.4253681004047394,0,0.9954806566238403,0.9543521404266357,0.6260692858525256,0.9397459030151367
457_class-6,3,0.4314243197441101,1,0.9960981607437134,0.97002112865448,0.3019996496233451,0.9512978196144104
457_class-6,4,0.36424341797828674,0,0.9773786067962646,0.9777315855026245,0.1722891737689057,0.9593979120254517
457_class-6,5,0.36601319909095764,0,0.980170488357544,0.9425036907196045,0.873231995411113,0.9121600389480591
458_class-8,0,0.6254446506500244,1,0.9922932982444763,0.9932011365890503,1.0,0.9935917854309082
458_class-8,1,0.8293581008911133,0,0.9942210912704468,0.908867597579956,0.3672895553863277,0.9705281853675842
458_class-8,2,0.6309196352958679,0,0.9965845346450806,0.7785333395004272,0.24753758424053915,0.7016185522079468
458_class-8,3,0.608034074306488,0,0.9919642806053162,0.9997842311859131,0.5520335625218507,0.9959573149681091
458_class-8,4,0.7101542949676514,0,0.9966527223587036,0.8901071548461914,0.24461514095660436,0.7771074771881104
458_class-8,5,0.8360801935195923,0,0.9920580983161926,0.962614893913269,0.6387965100356039,0.9764364361763
459_class-8,0,0.08360867202281952,0,0.8085702657699585,0.9064913988113403,1.0,0.5742882490158081
459_class-8,1,0.31396856904029846,0,0.8406189680099487,0.8789101839065552,0.35616431583683117,0.8175445199012756
459_class-8,2,0.38331785798072815,1,0.9843258857727051,0.9457923173904419,0.42623777485834097,0.9401857256889343
459_class-8,3,0.3139367997646332,0,0.8416707515716553,0.8864462375640869,0.4226673193189485,0.8329713940620422
459_class-8,4,0.41357317566871643,0,0.9877952337265015,0.908684492111206,0.11825874928284567,0.8543537259101868
459_class-8,5,0.38461166620254517,0,0.9815412759780884,0.9399499893188477,0.2867332382310984,0.9434400796890259
460_class-9,0,0.7967999577522278,1,0.9901065826416016,1.0079189538955688,1.0,0.9905098080635071
460_class-9,1,0.7470641136169434,0,0.9899298548698425,1.0076181888580322,0.9992971140329115,0.9904109835624695
460_class-9,2,0.7465790510177612,0,0.9899955987930298,1.0080701112747192,0.9979320470666088,0.9903280735015869
460_class-9,3,0.7469265460968018,0,0.9899691343307495,1.0078691244125366,0.9984895510035174,0.9903554916381836
460_class-9,4,0.7471243143081665,0,0.9899080395698547,1.0078920125961304,0.9990076698848483,0.9903488159179688
460_class-9,5,0.8174413442611694,0,0.9925171136856079,0.9778968095779419,0.8099460359875761,0.9502280950546265
461_class-6,0,0.9148998260498047,1,0.9330219030380249,1.0073384046554565,1.0,0.9842665791511536
461_class-6,1,0.4981619715690613,0,0.7820101380348206,0.9161708354949951,0.5725565938591757,0.3263361155986786
461_class-6,2,0.8964898586273193,0,0.9330486059188843,1.0126885175704956,0.5734830929297706,0.9826168417930603
461_class-6,3,0.292265921831131,0,0.9824811220169067,0.9780110120773315,0.0933328910707178,0.9694495797157288
461_class-6,4,0.5858100652694702,0,0.9667957425117493,0.997984766960144,0.1461916333788759,0.9763730764389038
461_class-6,5,0.8935195207595825,0,0.9334324598312378,1.0095319747924805,0.6097490895246852,0.9919801354408264
462_class-8,0,0.5582687854766846,1,0.9902437329292297,0.9591870307922363,1.0,0.9266942739486694
462_class-8,1,0.4462820291519165,0,0.985848069190979,0.9649344086647034,0.729804898298049,0.9738044142723083
462_class-8,2,0.4217582046985626,0,0.990985631942749,0.9612264633178711,0.5180167726476822,0.941044807434082
462_class-8,3,0.44640928506851196,0,0.9855067729949951,0.9754887223243713,0.5173675150620927,0.982828676700592
462_class-8,4,0.46963369846343994,0,0.9871357083320618,0.9844544529914856,0.9236162753638585,0.9531766176223755
462_class-8,5,0.4886398911476135,0,0.9874899387359619,0.9571012258529663,0.9409317803660566,0.9568750262260437
463_class-8,0,0.44382375478744507,0,0.980478048324585,0.9635187387466431,1.0,0.9437249302864075
463_class-8,1,0.331521600484848,0,0.9872865676879883,0.9798874855041504,0.17027678933919232,0.9577166438102722
463_class-8,2,0.40128201246261597,0,0.9826709628105164,0.8960016369819641,0.23604360407945382,0.912874698638916
463_class-8,3,0.3009724020957947,0,0.9882776737213135,0.972806453704834,0.22655986752799145,0.9114229679107666
463_class-8,4,0.4741104245185852,0,0.9868242144584656,0.9316233396530151,0.462518727259756,0.8742638230323792
463_class-8,5,0.399654358625412,1,0.9854403734207153,0.9862703084945679,0.7117479941306859,0.9781355261802673
464_class-8,0,0.6154923439025879,1,0.9638727307319641,0.9596805572509766,1.0,0.9406047463417053
464_class-8,1,0.5192409753799438,0,0.9684097766876221,0.9401248693466187,0.6660103856471341,0.823415994644165
464_class-8,2,0.5162076950073242,0,0.9703518152236938,0.9515641927719116,0.7341820726394438,0.8590443730354309
464_class-8,3,0.3898910880088806,0,0.9763650894165039,0.8842117786407471,0.029258927134349636,0.8578172922134399
464_class-8,4,0.5434795618057251,0,0.9623901844024658,0.9527220726013184,0.03095086151882578,0.8806554079055786
464_class-8,5,0.4894772171974182,0,0.9746776819229126,0.9642007350921631,0.5658116526200073,0.8866474628448486
465_class-7,0,0.239749014377594,0,0.9926068782806396,1.0099287033081055,1.0,0.9906992316246033
465_class-7,1,0.228522390127182,0,0.992598831653595,1.010085940361023,0.9993438633326971,0.9907476902008057
465_class-7,2,0.4642467498779297,0,0.9680355191230774,0.997888445854187,0.6178715827738418,0.9800300002098083
465_class-7,3,0.4659028649330139,0,0.9687806367874146,0.9939384460449219,0.9952789092344237,0.972104549407959
465_class-7,4,0.22855930030345917,1,0.9927030801773071,1.0103708505630493,0.6146986538361585,0.9907347559928894
465_class-7,5,0.46896809339523315,0,0.9695948362350464,1.0035624504089355,0.6096894113790612,0.9759060144424438
466_class-7,0,0.9860555529594421,1,0.9901602268218994,1.0074820518493652,1.0,0.9911493062973022
466_class-7,1,0.9558339715003967,0,0.9901852011680603,1.0076735019683838,0.9997437868306431,0.9911184310913086
466_class-7,2,0.9558984041213989,0,0.9900363087654114,1.0081884860992432,0.9992680338168377,0.9924469590187073
466_class-7,3,0.9558451175689697,0,0.9900673627853394,1.0076333284378052,0.9994021327997267,0.9910340309143066
466_class-7,4,0.9558687210083008,0,0.99001145362854,1.008846402168274,0.999268060604582,0.9923839569091797
466_class-7,5,0.955791711807251,0,0.9900713562965393,1.007654070854187,0.9991461540338124,0.9909847378730774
467_class-5,0,0.5890576839447021,0,0.9905329942703247,0.945629358291626,1.0,0.8984777331352234
467_class-5,1,0.6290212273597717,0,0.9911244511604309,0.885895848274231,0.6195825745902788,0.8165444135665894
467_class-5,2,0.5329617261886597,0,0.9953349828720093,0.9831305742263794,0.41375291375291373,0.9732146263122559
467_class-5,3,0.4393608868122101,0,0.9951626062393188,0.8779056668281555,0.7740331017922991,0.9671041369438171
467_class-5,4,0.6544061303138733,1,0.996740460395813,0.9794387817382812,0.47652244476411787,0.970853865146637
467_class-5,5,0.49862685799598694,0,0.9925564527511597,0.9246954917907715,0.5901868471384434,0.9103876948356628
468_class-7,0,0.4340730905532837,0,0.990910530090332,0.995211124420166,1.0,0.9766497015953064
468_class-7,1,0.2944025993347168,0,0.9600757956504822,1.0042067766189575,0.2988769780500255,0.950668454170227
468_class-7,2,0.29470381140708923,0,0.9610068798065186,1.0042200088500977,0.9959443176363405,0.947137713432312
468_class-7,3,0.31928759813308716,0,0.9660689234733582,0.9742664098739624,0.9313748597610989,0.7939428091049194
468_class-7,4,0.44150277972221375,1,0.9947009086608887,1.0106109380722046,0.18161361035131623,0.9978400468826294
468_class-7,5,0.29453060030937195,0,0.9602159261703491,1.0050060749053955,0.18479999215078344,0.9514510631561279
469_class-9,0,0.16179946064949036,1,0.9210153818130493,0.9955630302429199,1.0,0.8893330097198486
469_class-9,1,0.33117765188217163,0,0.8997017741203308,1.0094159841537476,0.4635579892321291,0.987440288066864
469_class-9,2,0.13770155608654022,0,0.9205284714698792,0.9574618339538574,0.4362162774269737,0.6050050258636475
469_class-9,3,0.15854085981845856,0,0.9210144281387329,0.9926071166992188,0.9266498415937282,0.8652888536453247
469_class-9,4,0.1629537045955658,0,0.9229873418807983,0.947735071182251,0.9835854596013858,0.6193215847015381
469_class-9,5,0.15833964943885803,0,0.9193136692047119,0.9876554012298584,0.9827294277006434,0.8659418821334839
470_class-7,0,0.9555892944335938,1,0.9550847411155701,0.9959393739700317,1.0,0.9547346234321594
470_class-7,1,0.9184818267822266,0,0.9553297162055969,0.9954652786254883,0.9983896086682793,0.9529028534889221
470_class-7,2,0.9183253049850464,0,0.9555082321166992,0.9964224100112915,0.9985611129161666,0.95290207862854
470_class-7,3,0.9181485176086426,0,0.9550290107727051,0.9953542947769165,0.9982030726794109,0.9531538486480713
470_class-7,4,0.9192711114883423,0,0.9545642733573914,0.9962280988693237,0.9985549324530353,0.9548540115356445
470_class-7,5,0.9216675758361816,0,0.9548553824424744,0.9968172311782837,0.997044237254513,0.9604170322418213
471_class-7,0,0.8284326791763306,1,0.980785071849823,1.0030919313430786,1.0,0.9759207367897034
471_class-7,1,0.8043406009674072,0,0.9805474877357483,1.0042033195495605,0.9982410640920296,0.9797797799110413
471_class-7,2,0.8044146299362183,0,0.9806046485900879,1.0045216083526611,0.9992296729961869,0.9800369143486023
471_class-7,3,0.8041905164718628,0,0.9806368350982666,1.0039938688278198,0.9989214314145941,0.9788023233413696
471_class-7,4,0.8043362498283386,0,0.9807175397872925,1.0043827295303345,0.9991908553814539,0.9792732000350952
471_class-7,5,0.8043239712715149,0,0.9806385636329651,1.0041766166687012,0.9993321689098942,0.978671133518219
472_class-5,0,0.8949836492538452,0,0.6522867679595947,0.9894890785217285,1.0,0.9172741770744324
472_class-5,1,0.8536434173583984,0,0.6533343195915222,1.0029573440551758,0.9985321253083989,0.9285494089126587
472_class-5,2,0.475766658782959,0,0.6705009937286377,1.0031791925430298,0.9175121204971497,0.5955334305763245
472_class-5,3,0.8515905141830444,1,0.6528025269508362,1.0146759748458862,0.9162445723940832,0.9550447463989258
472_class-5,4,0.857244610786438,0,0.6539351940155029,0.9967283010482788,0.9971382186550042,0.895443320274353
472_class-5,5,0.8552685976028442,0,0.6530502438545227,0.9999037981033325,0.9984179377694579,0.9273080229759216
473_class-7,0,0.988449215888977,0,0.9971390962600708,0.957409143447876,1.0,0.9451892375946045
473_class-7,1,0.934598445892334,0,0.999356746673584,1.0036338567733765,0.9705723888447033,0.9778971076011658
473_class-7,2,0.9350897073745728,0,0.9993857145309448,1.0018980503082275,0.9980986082868989,0.9759107232093811
473_class-7,3,0.931969404220581,1,0.9993289113044739,1.002549648284912,0.9836833476461863,0.9881486296653748
473_class-7,4,0.727495551109314,0,0.9855320453643799,0.9487900733947754,0.6137429484129682,0.7505145072937012
473_class-7,5,0.9345608949661255,0,0.9993732571601868,1.0027940273284912,0.6163390516015149,0.9791927933692932
474_class-6,0,0.29077303409576416,1,0.960989773273468,0.9337916374206543,1.0,0.77086341381073
474_class-6,1,0.14726829528808594,0,0.8746427297592163,0.9012044668197632,0.47458702698480887,0.3508806824684143
474_class-6,2,0.3233273923397064,0,0.9213669300079346,0.9834673404693604,0.36218009989755356,0.9689669013023376
474_class-6,3,0.33049970865249634,0,0.9221042394638062,0.9678101539611816,0.945287894694339,0.8780249357223511
474_class-6,4,0.3710215985774994,0,0.9124031066894531,0.9949405193328857,0.6891438959268307,0.9680413603782654
474_class-6,5,0.32988476753234863,0,0.922256588935852,0.97055983543396,0.6873125459792881,0.8968889117240906
475_class-9,0,0.4829035997390747,1,0.9822728633880615,0.975650429725647,1.0,0.9665629863739014
475_class-9,1,0.2065582126379013,0,0.9980219006538391,0.9260787963867188,0.13532702516776346,0.943473219871521
475_class-9,2,0.23698370158672333,0,0.9885489344596863,0.9391695261001587,0.10378233918562785,0.5381323099136353
475_class-9,3,0.5446662902832031,0,0.9761054515838623,0.9825711250305176,0.18181233036892414,0.9319944977760315
475_class-9,4,0.9278162717819214,0,0.8989181518554688,1.0041403770446777,0.5515488022162108,0.9812663793563843
475_class-9,5,0.49450498819351196,0,0.9815894961357117,0.9829633235931396,0.4887590566841881,0.9550463557243347
476_class-8,0,0.8378634452819824,1,0.9969958662986755,0.9996875524520874,1.0,0.9967770576477051
476_class-8,1,0.8047250509262085,0,0.9969708919525146,1.0014429092407227,0.995505086349657,0.9962210655212402
476_class-8,2,0.7265118360519409,0,0.9984222650527954,0.9511919021606445,0.7056697926524994,0.9775853157043457
476_class-8,3,0.8117132186889648,0,0.9955805540084839,0.8763870596885681,0.5996926904221849,0.92625892162323
476_class-8,4,0.6369730234146118,0,0.9908018708229065,0.9934735298156738,0.3411744084136722,0.9816945791244507
476_class-8,5,0.5270047187805176,0,0.9908917546272278,0.90253746509552,0.1850682077817351,0.8552879095077515
477_class-6,0,0.991273820400238,1,0.9975507855415344,1.003334879875183,1.0,0.9938141107559204
477_class-6,1,0.9718512296676636,0,0.9975541234016418,1.0086222887039185,0.9978645672532674,0.994940996170044
477_class-6,2,0.9717274904251099,0,0.9975555539131165,1.0085933208465576,0.9990742883591761,0.9949434995651245
477_class-6,3,0.9717104434967041,0,0.9975519180297852,1.0087175369262695,0.9993571446938723,0.9949743151664734
477_class-6,4,0.9716737270355225,0,0.99754798412323,1.0089333057403564,0.9995884879504128,0.9950612187385559
477_class-6,5,0.9715291261672974,0,0.9975457191467285,1.0021979808807373,0.9964237933518576,0.9933193325996399
478_class-5,0,0.3178200125694275,0,0.9594086408615112,0.9567407369613647,1.0,0.9059810042381287
478_class-5,1,0.44300174713134766,1,0.9742238521575928,1.0009030103683472,0.5878817023322914,0.9859601259231567
478_class-5,2,0.8462823629379272,0,0.8988329768180847,0.9762681722640991,0.4665295657283265,0.8711793422698975
478_class-5,3,0.442283570766449,0,0.973304033279419,0.9923380613327026,0.4655306874632765,0.9678255319595337
478_class-5,4,0.4421262741088867,0,0.9739699363708496,0.9922561645507812,0.9974324587646001,0.9593889713287354
478_class-5,5,0.8171812295913696,0,0.902759850025177,0.9785451889038086,0.4549941761163314,0.8957916498184204
479_class-7,0,0.38406580686569214,1,0.9848882555961609,0.9757176637649536,1.0,0.9488368630409241
479_class-7,1,0.33051565289497375,0,0.9847469925880432,0.9766947031021118,0.9972117364447495,0.9492783546447754
479_class-7,2,0.3124966323375702,0,0.9844638705253601,0.9991261959075928,0.808337101318215,0.9874822497367859
479_class-7,3,0.32963231205940247,0,0.9860544204711914,0.9743940830230713,0.8181486310299869,0.9477293491363525
479_class-7,4,0.312508225440979,0,0.9843231439590454,0.999883770942688,0.8178673850699574,0.9881434440612793
479_class-7,5,0.38149547576904297,0,0.9792122840881348,0.9941320419311523,0.8597504134716584,0.9684644341468811
480_class-5,0,0.9378300905227661,0,0.993471086025238,1.004644751548767,1.0,0.9862653017044067
480_class-5,1,0.9233664274215698,0,0.9938340783119202,1.0105489492416382,0.9912268888162071,0.9940741062164307
480_class-5,2,0.9228633642196655,0,0.9937677979469299,1.0086414813995361,0.9987590784474051,0.9941049218177795
480_class-5,3,0.9233521223068237,0,0.9938578605651855,1.01077401638031,0.999018541861114,0.9940804243087769
480_class-5,4,0.9234540462493896,0,0.9938524961471558,1.0098119974136353,0.9994036282487833,0.9940885901451111
480_class-5,5,0.9233354926109314,1,0.9938318729400635,1.0109012126922607,0.9992785964372283,0.9941949248313904
481_class-6,0,0.985166072845459,0,0.9584115147590637,1.0120494365692139,1.0,0.9938989877700806
481_class-6,1,0.9518805146217346,0,0.9585212469100952,1.0121411085128784,0.9996203788424475,0.994121789932251
481_class-6,2,0.9518405795097351,0,0.9584870934486389,1.011704444885254,0.9998247578250499,0.9939842820167542
481_class-6,3,0.9518200159072876,0,0.9585227370262146,1.0120933055877686,0.9996982087227414,0.9939839243888855
481_class-6,4,0.9520550966262817,1,0.9585455060005188,1.0129468441009521,0.9990855497402572,0.9941042065620422
481_class-6,5,0.9517658352851868,0,0.9585942029953003,1.0111974477767944,0.9990661115218491,0.9939331412315369
482_class-7,0,0.8416823148727417,1,0.9971906542778015,0.9954631924629211,1.0,0.9520426392555237
482_class-7,1,0.7841060161590576,0,0.9936429262161255,0.9767279624938965,0.8002510394602652,0.9685927033424377
482_class-7,2,0.7809737920761108,0,0.9947474598884583,0.9853490591049194,0.9841220032634618,0.9688263535499573
482_class-7,3,0.5334051251411438,0,0.9973528981208801,0.9834736585617065,0.5201028813077918,0.9748996496200562
482_class-7,4,0.7841335535049438,0,0.9934672117233276,0.9790408611297607,0.520869415968419,0.9688361287117004
482_class-7,5,0.7813766002655029,0,0.9948861598968506,0.9856411218643188,0.9829022358614643,0.9690089225769043
483_class-5,0,0.3237836956977844,1,0.8897838592529297,0.9808180332183838,1.0,0.9648516178131104
483_class-5,1,0.33800703287124634,0,0.8754211664199829,0.991560697555542,0.8197369005164327,0.9680830836296082
483_class-5,2,0.32823771238327026,0,0.8919591903686523,0.9850348234176636,0.9106899215886114,0.9534457325935364
483_class-5,3,0.33891624212265015,0,0.8810361623764038,0.9865880012512207,0.9029802903029606,0.9648867249488831
483_class-5,4,0.31515228748321533,0,0.8936429023742676,0.985795259475708,0.8009769612131817,0.9744608402252197
483_class-5,5,0.3169059157371521,0,0.8964199423789978,0.9814718961715698,0.9872265410513539,0.9626390933990479
484_class-9,0,0.6316098570823669,1,0.9691097736358643,1.0025891065597534,1.0,0.983157753944397
484_class-9,1,0.583905041217804,0,0.9708031415939331,0.9667530059814453,0.9867165029387653,0.9632609486579895
484_class-9,2,0.5856980085372925,0,0.9700733423233032,1.0034695863723755,0.9791724099906269,0.9902138113975525
484_class-9,3,0.585198700428009,0,0.9690364599227905,1.0025523900985718,0.9920051828469819,0.983546257019043
484_class-9,4,0.761072039604187,0,0.9806351661682129,0.9956483840942383,0.6715726822404138,0.9605096578598022
484_class-9,5,0.5856664776802063,0,0.9702243208885193,1.0033234357833862,0.6694900817686251,0.9901460409164429
485_class-5,0,0.9954828023910522,0,0.9961667060852051,0.9989322423934937,1.0,0.9926449060440063
485_class-5,1,0.9548829793930054,1,0.9962466359138489,1.005482792854309,0.9977549332388042,0.9937246441841125
485_class-5,2,0.9549216628074646,0,0.9962119460105896,1.0055640935897827,0.9990546129821896,0.9936245679855347
485_class-5,3,0.9550602436065674,0,0.9963069558143616,1.0011820793151855,0.9984635126464728,0.9933456182479858
485_class-5,4,0.954961895942688,0,0.9962694644927979,1.0048307180404663,0.9989864522450083,0.9934666752815247
485_class-5,5,0.9549337029457092,0,0.9962618350982666,1.0053024291992188,0.9991389498564917,0.9936922788619995
486_class-6,0,0.43009063601493835,0,0.9902329444885254,0.9627480506896973,1.0,0.8414514064788818
486_class-6,1,0.35174545645713806,1,0.9914242029190063,0.998751163482666,0.6662875416213365,0.9756520986557007
486_class-6,2,0.3554058372974396,0,0.9915525913238525,0.9748221635818481,0.960643551753984,0.9748953580856323
486_class-6,3,0.3639695942401886,0,0.9914294481277466,0.9853230714797974,0.91232081611116,0.9587353467941284
486_class-6,4,0.4515921175479889,0,0.995604395866394,0.9738650321960449,0.07923728813559322,0.9902403354644775
486_class-6,5,0.4656282365322113,0,0.9929805994033813,0.9471539258956909,0.1208223201174743,0.8870480060577393
487_class-5,0,0.39608117938041687,1,0.9859510660171509,0.9345239400863647,1.0,0.7797362208366394
487_class-5,1,0.37764790654182434,0,0.9406421184539795,0.9748495817184448,0.5600336506254966,0.9556589126586914
487_class-5,2,0.42319267988204956,0,0.980363667011261,0.9102277755737305,0.22885881603301272,0.7621039152145386
487_class-5,3,0.2604350745677948,0,0.9415032863616943,0.916917085647583,0.22357423453040984,0.6223241686820984
487_class-5,4,0.31058064103126526,0,0.9682669639587402,0.9377466440200806,0.6416538517740218,0.6683182716369629
487_class-5,5,0.3254413306713104,0,0.9775915145874023,0.9412533044815063,0.8353773387468084,0.6996729373931885
488_class-5,0,0.9667456746101379,0,0.9942748546600342,1.012600064277649,1.0,0.9940478205680847
488_class-5,1,0.9401120543479919,0,0.9943399429321289,1.0124528408050537,0.99914967794052,0.9943971633911133
488_class-5,2,0.9402282238006592,1,0.9943152666091919,1.0136168003082275,0.9992983873539636,0.9945106506347656
488_class-5,3,0.9401336908340454,0,0.9943515658378601,1.0118013620376587,0.9992984097287184,0.9944708943367004
488_class-5,4,0.9401366114616394,0,0.9942503571510315,1.0123741626739502,0.9994259471871412,0.9943075776100159
488_class-5,5,0.9398597478866577,0,0.9944524765014648,1.0109386444091797,0.9986389060207141,0.9940921664237976
489_class-5,0,0.7924002408981323,1,0.9710547924041748,0.9925049543380737,1.0,0.9758933186531067
489_class-5,1,0.7245162725448608,0,0.972577691078186,0.9256188869476318,0.7804560449100064,0.8614705801010132
489_class-5,2,0.7801805734634399,0,0.9714300632476807,0.9910324811935425,0.7713164777680906,0.9700479507446289
489_class-5,3,0.7725448608398438,0,0.9715152978897095,0.9921355247497559,0.9767743746272323,0.9754697680473328
489_class-5,4,0.7735296487808228,0,0.9711425304412842,0.9935358762741089,0.985779672268614,0.974929690361023
489_class-5,5,0.7683016061782837,0,0.9714526534080505,0.9901089668273926,0.9729021581741708,0.9730648398399353
490_class-9,0,0.9933525323867798,1,0.9717965126037598,1.0061880350112915,1.0,0.9816305041313171
490_class-9,1,0.7417482137680054,0,0.9716866612434387,1.007309079170227,0.9994858513920097,0.9811437726020813
490_class-9,2,0.741758406162262,0,0.9719043970108032,1.0067431926727295,0.9995174756356942,0.9812103509902954
490_class-9,3,0.7418214082717896,0,0.9720640182495117,1.003947138786316,0.999396649180078,0.9793323874473572
490_class-9,4,0.7418408393859863,0,0.971985936164856,1.004347324371338,0.9997712601026788,0.9792894124984741
490_class-9,5,0.7417433261871338,0,0.9717583656311035,1.0068129301071167,0.9990158917607919,0.9817754626274109
491_class-6,0,0.992203950881958,1,0.9854058027267456,1.0092875957489014,1.0,0.9951064586639404
491_class-6,1,0.47127121686935425,0,0.967203676700592,0.9950574636459351,0.2893121177303483,0.9807692766189575
491_class-6,2,0.926864504814148,0,0.985334038734436,0.991348385810852,0.2905598358840465,0.9883967041969299
491_class-6,3,0.9257607460021973,0,0.985437273979187,1.0000665187835693,0.9971561440110025,0.9831870198249817
491_class-6,4,0.9279464483261108,0,0.9852897524833679,1.0093822479248047,0.9931746160721541,0.9949517250061035
491_class-6,5,0.9282560348510742,0,0.9853875041007996,1.010705828666687,0.999037469123633,0.9953631162643433
492_class-7,0,0.99700927734375,1,0.9925422072410583,1.0146676301956177,1.0,0.9956604242324829
492_class-7,1,0.9664086699485779,0,0.9925525188446045,1.0145469903945923,0.9997293884178243,0.9956314563751221
492_class-7,2,0.9664196968078613,0,0.9925501346588135,1.0146806240081787,0.9997293884178243,0.9955803155899048
492_class-7,3,0.9664182066917419,0,0.9925460815429688,1.0147064924240112,0.9997293843493948,0.9956039786338806
492_class-7,4,0.9664372205734253,0,0.9925055503845215,1.0146503448486328,0.9997293517975552,0.995677649974823
492_class-7,5,0.9664196968078613,0,0.9925488233566284,1.0145115852355957,0.9996692475381493,0.9956585764884949
493_class-8,0,0.4720878303050995,1,0.9965391159057617,0.9488033056259155,1.0,0.9778405427932739
493_class-8,1,0.462571382522583,0,0.9974314570426941,0.9232519865036011,0.19991652754590986,0.9284817576408386
493_class-8,2,0.43199172616004944,0,0.984885573387146,0.8724099397659302,0.09527569001452663,0.6445466876029968
493_class-8,3,0.43730756640434265,0,0.9953801035881042,0.9231938123703003,0.2120277940888628,0.8983981609344482
493_class-8,4,0.3980833888053894,0,0.9920912981033325,0.9530538320541382,0.13758674295238554,0.8305153846740723
493_class-8,5,0.4410982131958008,0,0.9967604875564575,0.9166526794433594,0.37820551258219903,0.8171138167381287
494_class-8,0,0.5407483577728271,1,0.9859296679496765,0.9627320766448975,1.0,0.9148786664009094
494_class-8,1,0.37218284606933594,0,0.9867910742759705,0.873282790184021,0.4465140344069331,0.9019927382469177
494_class-8,2,0.37253230810165405,0,0.98777836561203,0.9076333045959473,0.9722641509433962,0.9330663084983826
494_class-8,3,0.3539448082447052,0,0.9854193925857544,0.9289941787719727,0.6479860450364732,0.9262681007385254
494_class-8,4,0.3555647134780884,0,0.9844580888748169,0.9829062223434448,0.9305335199875564,0.974963903427124
494_class-8,5,0.5047191381454468,0,0.9859535098075867,0.9706798791885376,0.6358116454848097,0.9363923072814941
495_class-8,0,0.5683786273002625,1,0.9946627616882324,0.971869945526123,1.0,0.9310517907142639
495_class-8,1,0.5246975421905518,0,0.9514126777648926,0.9660608768463135,0.5004433152037265,0.8985440135002136
495_class-8,2,0.4575066566467285,0,0.9661158919334412,0.96645188331604,0.7802196348240276,0.8774118423461914
495_class-8,3,0.5275788903236389,0,0.9944546222686768,0.97054123878479,0.6248191879436202,0.9274826645851135
495_class-8,4,0.525367259979248,0,0.9941838383674622,0.9759236574172974,0.9827171468911782,0.9394763708114624
495_class-8,5,0.5409154891967773,0,0.9542766809463501,0.9679001569747925,0.474473393493291,0.880520224571228
496_class-8,0,0.5734473466873169,0,0.9695338606834412,0.8825687170028687,1.0,0.6790417432785034
496_class-8,1,0.6016041040420532,0,0.9526846408843994,0.9554486274719238,0.4384434235416747,0.8058254718780518
496_class-8,2,0.3501911461353302,1,0.976239025592804,0.9108386039733887,0.09483954604380358,0.8815856575965881
496_class-8,3,0.6280947923660278,0,0.9529376029968262,0.9688841104507446,0.11924905823503983,0.9282061457633972
496_class-8,4,0.49660325050354004,0,0.9767959713935852,0.8745154142379761,0.4708655799742544,0.6181972026824951
496_class-8,5,0.6338180899620056,0,0.9577751159667969,0.9627022743225098,0.47369903748337117,0.9329861402511597
497_class-8,0,0.5060458779335022,1,0.995284914970398,0.7129760384559631,1.0,0.709053099155426
497_class-8,1,0.3662748634815216,0,0.9030112624168396,0.8055601119995117,1.8702775491882995e-05,0.5550247430801392
497_class-8,2,0.36969369649887085,0,0.9608187079429626,0.9625731706619263,0.5231047811400913,0.8926908373832703
497_class-8,3,0.38936638832092285,0,0.9887860417366028,0.963269829750061,0.5549908055951569,0.934373676776886
497_class-8,4,0.2793240249156952,0,0.8008229732513428,0.9609857797622681,0.051474192288840336,0.901462972164154
497_class-8,5,0.35629522800445557,0,0.988501250743866,0.8713500499725342,0.0,0.8978816270828247
498_class-7,0,0.980419933795929,1,0.9909026622772217,1.008250117301941,1.0,0.9842828512191772
498_class-7,1,0.9478404521942139,0,0.9907777309417725,1.0085691213607788,0.9995687860584072,0.9842199683189392
498_class-7,2,0.9475572109222412,0,0.9907606244087219,1.008543610572815,0.9994276369582993,0.9840168356895447
498_class-7,3,0.9475156664848328,0,0.9907568693161011,1.0083260536193848,0.9995095124851368,0.9840264916419983
498_class-7,4,0.9475457072257996,0,0.9908355474472046,1.0083297491073608,0.9996061500048302,0.9840493202209473
498_class-7,5,0.9477989077568054,0,0.9908063411712646,1.0079002380371094,0.9994203113968265,0.9842475652694702
499_class-7,0,0.80003821849823,0,0.988322377204895,0.981369137763977,1.0,0.9462012648582458
499_class-7,1,0.8411287069320679,0,0.9870772361755371,0.979695200920105,0.7910704594490847,0.9608732461929321
499_class-7,2,0.8621086478233337,0,0.9888583421707153,0.9940469264984131,0.9583333333333334,0.9734385013580322
499_class-7,3,0.861151397228241,0,0.9884032011032104,0.9920485019683838,0.9972012848646757,0.9719990491867065
499_class-7,4,0.8639222383499146,1,0.9892996549606323,0.9948577880859375,0.9934432460683232,0.9744020700454712
499_class-7,5,0.8419820070266724,0,0.9872556328773499,0.991523265838623,0.9560573261491302,0.9826101064682007
500_class-6,0,0.42116591334342957,0,0.996802806854248,0.9963685870170593,1.0,0.958461582660675
500_class-6,1,0.4001089632511139,1,0.9969002604484558,0.997092604637146,0.9827607101739078,0.986358642578125
500_class-6,2,0.4001028537750244,0,0.9969354271888733,0.9957984685897827,0.997667868067965,0.9865812063217163
500_class-6,3,0.40478935837745667,0,0.9970760345458984,0.9919481873512268,0.9156881733446314,0.9343738555908203
500_class-6,4,0.4001336991786957,0,0.9968421459197998,0.9969916343688965,0.9174448217317487,0.9858598113059998
500_class-6,5,0.4003390371799469,0,0.9966421723365784,0.9862062931060791,0.9865960665658093,0.9544703960418701
501_class-9,0,0.7248262166976929,0,0.9921591281890869,0.9615414142608643,1.0,0.9566304683685303
501_class-9,1,0.7941205501556396,1,0.9972561001777649,0.9944789409637451,0.6222339652553008,0.9931716322898865
501_class-9,2,0.6713756322860718,0,0.9957980513572693,0.9595328569412231,0.5613836627768516,0.967233419418335
501_class-9,3,0.2919183075428009,0,0.9606707692146301,0.9543435573577881,0.11668389846601819,0.6502665877342224
501_class-9,4,0.5133587718009949,0,0.9708946347236633,0.9826502799987793,0.2605167867815082,0.9515709280967712
501_class-9,5,0.4860735833644867,0,0.9671185612678528,0.9293160438537598,0.7207796371097006,0.6588067412376404
502_class-6,0,0.9691239595413208,1,0.991594672203064,0.9662972688674927,1.0,0.9394357204437256
502_class-6,1,0.8207923173904419,0,0.9934024214744568,0.9223645925521851,0.7126773095152542,0.9415069222450256
502_class-6,2,0.8852893710136414,0,0.9858816862106323,0.9598634243011475,0.6428031646643327,0.9305135607719421
502_class-6,3,0.8849374055862427,0,0.9868369698524475,0.9652986526489258,0.9813373811616202,0.944366991519928
502_class-6,4,0.5245389938354492,0,0.9646146893501282,0.9316278696060181,0.28903841346554454,0.4253877103328705
502_class-6,5,0.9161750674247742,0,0.9892241954803467,0.963520884513855,0.29920851734675147,0.9463444948196411
503_class-6,0,0.4016464948654175,1,0.9882502555847168,1.000780463218689,1.0,0.9859983921051025
503_class-6,1,0.37781327962875366,0,0.9882323741912842,1.0008763074874878,0.9986505021901686,0.9858270287513733
503_class-6,2,0.37778759002685547,0,0.9882110953330994,1.0007208585739136,0.9982963471026838,0.9859575629234314
503_class-6,3,0.37781986594200134,0,0.988112211227417,1.0016217231750488,0.9982960832042487,0.9858347177505493
503_class-6,4,0.3778332769870758,0,0.9883511066436768,1.0000700950622559,0.998185479409617,0.9854791760444641
503_class-6,5,0.3778117597103119,0,0.9882874488830566,1.0009092092514038,0.9987383239629908,0.9858690500259399
504_class-7,0,0.9790922403335571,1,0.9840426445007324,1.006818413734436,1.0,0.9874228239059448
504_class-7,1,0.8744422793388367,0,0.9840419292449951,1.006145715713501,0.999408748374058,0.9873807430267334
504_class-7,2,0.8745890259742737,0,0.9839938879013062,1.0066057443618774,0.9993658027969171,0.9874100089073181
504_class-7,3,0.8637768030166626,0,0.9860856533050537,1.0045955181121826,0.9808343455407338,0.9737536311149597
504_class-7,4,0.8745890259742737,0,0.9840518236160278,1.0068727731704712,0.9809195179894009,0.9878884553909302
504_class-7,5,0.8745360374450684,0,0.9840302467346191,1.0066550970077515,0.9996345304253421,0.9877563714981079
505_class-6,0,0.990013837814331,1,0.9817578792572021,0.9972745180130005,1.0,0.9792172312736511
505_class-6,1,0.7359493970870972,0,0.980952799320221,0.9941143989562988,0.6512052687093206,0.9670903086662292
505_class-6,2,0.733182430267334,0,0.9811506271362305,0.9655517339706421,0.9806811210171129,0.9262635111808777
505_class-6,3,0.9441099166870117,0,0.9814867973327637,0.9971895217895508,0.6453645131183242,0.9792115688323975
505_class-6,4,0.9434126615524292,0,0.9815009236335754,0.9972285032272339,0.9968548604947324,0.97843337059021
505_class-6,5,0.7346162796020508,0,0.981123685836792,0.9845157861709595,0.6468982917755494,0.9646777510643005
506_class-9,0,0.5497462749481201,1,0.9859204292297363,0.9997755289077759,1.0,0.9791057109832764
506_class-9,1,0.9424276351928711,0,0.9781163334846497,1.0024893283843994,0.3165464851733313,0.9926531910896301
506_class-9,2,0.5176172256469727,0,0.9862713813781738,1.002848744392395,0.297022916558895,0.9252715706825256
506_class-9,3,0.9409596920013428,0,0.978101372718811,1.0035138130187988,0.29725192416963686,0.9949686527252197
506_class-9,4,0.9426651000976562,0,0.9781949520111084,1.0026956796646118,0.9928712392766523,0.9923115968704224
506_class-9,5,0.5168883800506592,0,0.9867547750473022,0.9825929403305054,0.301863525977376,0.9492276310920715
507_class-8,0,0.7741614580154419,1,0.9867562651634216,0.9726061820983887,1.0,0.9667404890060425
507_class-8,1,0.5326622128486633,0,0.9910625219345093,0.9219063520431519,0.4726943264183954,0.8299840092658997
507_class-8,2,0.4555719494819641,0,0.9915948510169983,0.9487782716751099,0.3376750545024572,0.9149271845817566
507_class-8,3,0.5323604345321655,0,0.9937151670455933,0.9116415977478027,0.3798610853173866,0.8463218808174133
507_class-8,4,0.39809149503707886,0,0.9946638345718384,0.8514969348907471,0.44821663401411665,0.6637853980064392
507_class-8,5,0.5053882002830505,0,0.9936783313751221,0.9304360151290894,0.4010014370396982,0.855015754699707
508_class-7,0,0.38956180214881897,0,0.9690202474594116,0.9522790908813477,1.0,0.912050187587738
508_class-7,1,0.3630398213863373,0,0.9715562462806702,0.9948354959487915,0.9582184976285092,0.925470769405365
508_class-7,2,0.9457448720932007,0,0.9757795929908752,1.0070470571517944,0.16692734024719877,0.9859598278999329
508_class-7,3,0.9461402893066406,1,0.9758382439613342,1.008191704750061,0.9970190779014309,0.9858463406562805
508_class-7,4,0.9458777904510498,0,0.9758007526397705,1.007004976272583,0.9978915542825317,0.9868077635765076
508_class-7,5,0.946348249912262,0,0.9756858348846436,1.0080305337905884,0.9975338106603023,0.9875379204750061
509_class-5,0,0.9868260622024536,1,0.9264179468154907,1.0133020877838135,1.0,0.9918233752250671
509_class-5,1,0.9587014317512512,0,0.9260196685791016,1.0139811038970947,0.9996869384458372,0.9916124939918518
509_class-5,2,0.9587903618812561,0,0.925939679145813,1.0137128829956055,0.9996306128070922,0.9918513298034668
509_class-5,3,0.9587525725364685,0,0.9256250858306885,1.0129570960998535,0.9997432975619529,0.9913185238838196
509_class-5,4,0.9584842920303345,0,0.9272170066833496,1.0134042501449585,0.999442729498394,0.9916667938232422
509_class-5,5,0.9588088989257812,0,0.9259535074234009,1.0138187408447266,0.9995053100891694,0.991820752620697
510_class-5,0,0.31420525908470154,1,0.9709112644195557,0.9671941995620728,1.0,0.958351194858551
510_class-5,1,0.3105020821094513,0,0.9652636647224426,0.9674959182739258,0.9826883371274286,0.9556185007095337
510_class-5,2,0.2978195250034332,0,0.9828773140907288,0.9628047943115234,0.7785291377393081,0.912808358669281
510_class-5,3,0.3070359230041504,0,0.9819998741149902,0.9559234380722046,0.9188800919422807,0.8789576292037964
510_class-5,4,0.2993641197681427,0,0.9840487241744995,0.9584407806396484,0.9298160540523066,0.9131359457969666
510_class-5,5,0.3038959205150604,0,0.984389066696167,0.9692976474761963,0.9581911952532618,0.932482898235321
511_class-6,0,0.25136497616767883,0,0.965510904788971,0.9892314672470093,1.0,0.9483736753463745
511_class-6,1,0.3602708876132965,1,0.9839179515838623,0.9831596612930298,0.47989717307834,0.9657624363899231
511_class-6,2,0.3599250912666321,0,0.9837477207183838,0.9820151329040527,0.995586862428923,0.9665747880935669
511_class-6,3,0.36031800508499146,0,0.9840296506881714,0.9814865589141846,0.9943298531533825,0.9615448117256165
511_class-6,4,0.24464376270771027,0,0.9636105895042419,0.9844046831130981,0.47897660794789765,0.9395759701728821
511_class-6,5,0.36010125279426575,0,0.9839988946914673,0.9808679819107056,0.4804146145916848,0.9646098613739014
512_class-8,0,0.46487534046173096,1,0.9829915165901184,0.8830031752586365,1.0,0.9575026035308838
512_class-8,1,0.44037434458732605,0,0.9819995164871216,0.8406292200088501,0.9731006429602415,0.9768166542053223
512_class-8,2,0.494839072227478,0,0.9847619533538818,0.9585880041122437,0.8490942235387946,0.9666368365287781
512_class-8,3,0.43993598222732544,0,0.981712818145752,0.998184323310852,0.8457637741439235,0.9845724105834961
512_class-8,4,0.4403912127017975,0,0.9817093014717102,0.9732718467712402,0.9939105995717344,0.9836326837539673
512_class-8,5,0.43473193049430847,0,0.9835696220397949,0.93915855884552,0.7017400499903864,0.9634408354759216
513_class-8,0,0.765252411365509,1,0.9977361559867859,0.9502077102661133,1.0,0.9150813817977905
513_class-8,1,0.669157087802887,0,0.9960692524909973,0.9683945178985596,0.6809236629106491,0.9672152400016785
513_class-8,2,0.6562544107437134,0,0.9937195777893066,1.003629207611084,0.8543198759317625,0.9912064671516418
513_class-8,3,0.7824411392211914,0,0.9941722750663757,0.9529424905776978,0.6309268437014572,0.9546537399291992
513_class-8,4,0.6562433242797852,0,0.9936956167221069,1.0031538009643555,0.6307925588964088,0.9904155731201172
513_class-8,5,0.6596472263336182,0,0.9951834678649902,0.977154552936554,0.9751077895947111,0.9587540626525879
514_class-7,0,0.29036054015159607,1,0.9903415441513062,0.9843989610671997,1.0,0.9907020330429077
514_class-7,1,0.17977659404277802,0,0.9902997016906738,0.990416407585144,0.6802411252511721,0.9525277614593506
514_class-7,2,0.17617185413837433,0,0.9894213676452637,0.997742772102356,0.9472036249777257,0.9868972301483154
514_class-7,3,0.4722587466239929,0,0.9841244220733643,0.9887669086456299,0.434851489662404,0.9164600968360901
514_class-7,4,0.2301018238067627,0,0.9969944357872009,0.9570643305778503,0.11809969889595183,0.9887199997901917
514_class-7,5,0.44230684638023376,0,0.9824008941650391,0.8953347206115723,0.0012196774630708767,0.4171608090400696
515_class-6,0,0.989920973777771,1,0.9933621287345886,1.007258415222168,1.0,0.9941551685333252
515_class-6,1,0.9665671586990356,0,0.9934976100921631,1.0073186159133911,0.9902564785339933,0.9906455874443054
515_class-6,2,0.9699684381484985,0,0.9933310151100159,1.007096529006958,0.990244492858872,0.994187593460083
515_class-6,3,0.9699938297271729,0,0.9933170676231384,1.0077300071716309,0.9997095802224132,0.9942091703414917
515_class-6,4,0.9699500799179077,0,0.9933490753173828,1.0071204900741577,0.99956440723084,0.9940729737281799
515_class-6,5,0.9700419306755066,0,0.9933149218559265,1.0078243017196655,0.9994797527010514,0.9942322969436646
516_class-8,0,0.9660522937774658,0,0.9893373250961304,0.9987756013870239,1.0,0.98929762840271
516_class-8,1,0.9439784288406372,0,0.990378737449646,1.0142803192138672,0.9963805584281282,0.9924570322036743
516_class-8,2,0.943933367729187,0,0.9903055429458618,1.0152332782745361,0.9991000747395555,0.9930610060691833
516_class-8,3,0.943037748336792,0,0.9903577566146851,0.9608738422393799,0.9957751849309845,0.8324130773544312
516_class-8,4,0.9439721703529358,0,0.990235447883606,1.0111603736877441,0.9952733094457574,0.992667555809021
516_class-8,5,0.9439631700515747,1,0.9904012680053711,1.0153708457946777,0.9991458206223307,0.9930153489112854
517_class-8,0,0.9982171058654785,1,0.9897590279579163,1.0157506465911865,1.0,0.9943030476570129
517_class-8,1,0.9740462303161621,0,0.9894003868103027,1.0182405710220337,0.9932381667918858,0.99567711353302
517_class-8,2,0.9756460785865784,0,0.9899412393569946,1.016424298286438,0.9938161012541178,0.994466245174408
517_class-8,3,0.9757921695709229,0,0.9900715351104736,1.015235185623169,0.9991083370485956,0.9945335984230042
517_class-8,4,0.9756996631622314,0,0.9901667833328247,1.0157108306884766,0.999515156216667,0.9941303730010986
517_class-8,5,0.9755474328994751,0,0.9898665547370911,1.0149736404418945,0.9986633864750208,0.9949991703033447
518_class-9,0,0.7410919070243835,0,0.997977614402771,0.9880416393280029,1.0,0.971463143825531
518_class-9,1,0.9496498107910156,0,0.9993574023246765,0.9909982681274414,0.5667324311556952,0.9882931113243103
518_class-9,2,0.9492956399917603,1,0.999358057975769,1.0019322633743286,0.9952186752918014,0.9910001158714294
518_class-9,3,0.7338771820068359,0,0.9977424144744873,0.9951125383377075,0.5826106231470449,0.9791284203529358
518_class-9,4,0.9156013131141663,0,0.998866856098175,0.9623513221740723,0.6270530594064918,0.9550887942314148
518_class-9,5,0.7323771715164185,0,0.9978628754615784,0.9927080869674683,0.6214760582344526,0.9707030057907104
519_class-9,0,0.914592981338501,0,0.993540346622467,0.9624683856964111,1.0,0.9386029839515686
519_class-9,1,0.6216988563537598,0,0.9958520531654358,0.9872103929519653,0.49483765380962963,0.9799294471740723
519_class-9,2,0.6220412254333496,0,0.9958245754241943,0.988795280456543,0.996730707135938,0.9823322892189026
519_class-9,3,0.6218698620796204,0,0.9957907795906067,0.987259030342102,0.9983043320279381,0.9813123941421509
519_class-9,4,0.6226978898048401,0,0.9960942268371582,0.9284677505493164,0.9895757868469773,0.9695706963539124
519_class-9,5,0.6220654249191284,1,0.9957862496376038,0.9898015260696411,0.9883753670407466,0.9827031493186951
520_class-6,0,0.7642680406570435,0,0.9922163486480713,0.9654115438461304,1.0,0.944192111492157
520_class-6,1,0.9601167440414429,1,0.9966244697570801,1.0018186569213867,0.5769161298091396,0.9906507134437561
520_class-6,2,0.9559829235076904,0,0.9966373443603516,0.9779674410820007,0.9871814514069761,0.9857418537139893
520_class-6,3,0.9456311464309692,0,0.9964411854743958,0.9372286796569824,0.9518846020846713,0.967309832572937
520_class-6,4,0.5755767822265625,0,0.9646198153495789,0.973292350769043,0.33622020812353137,0.9305493235588074
520_class-6,5,0.6506043672561646,0,0.9864459037780762,0.9611111879348755,0.7470545844575911,0.9271798729896545
521_class-7,0,0.42161497473716736,1,0.9976493120193481,0.994841456413269,1.0,0.9895669221878052
521_class-7,1,0.4027499258518219,0,0.9976464509963989,0.993574857711792,0.9830309848591384,0.9894298315048218
521_class-7,2,0.5405334234237671,0,0.9985188841819763,0.9740927219390869,0.4268507103736788,0.9336170554161072
521_class-7,3,0.5047727823257446,0,0.9961838722229004,0.9846924543380737,0.7695106336466694,0.9669824838638306
521_class-7,4,0.37725093960762024,0,0.9987279772758484,0.9987465143203735,0.573266708307308,0.9817831516265869
521_class-7,5,0.38073235750198364,0,0.9986596703529358,0.9598620533943176,0.921562236888563,0.9731025695800781
522_class-7,0,0.9849792718887329,1,0.9962419271469116,0.9920526742935181,1.0,0.9886442422866821
522_class-7,1,0.9594554901123047,0,0.9959397315979004,1.000766396522522,0.9988493844206651,0.9889280200004578
522_class-7,2,0.9592650532722473,0,0.9959523677825928,0.9965392351150513,0.9992201981463726,0.9892717003822327
522_class-7,3,0.9592993259429932,0,0.9960309267044067,0.9898837804794312,0.9993349533188387,0.9882160425186157
522_class-7,4,0.9594987630844116,0,0.9961743354797363,1.0010825395584106,0.9990666274564959,0.988908588886261
522_class-7,5,0.9592407941818237,0,0.996058464050293,0.9919602870941162,0.9989898085751187,0.9886765480041504
523_class-6,0,0.7789145708084106,1,0.9910036325454712,0.9700677394866943,1.0,0.908647358417511
523_class-6,1,0.8905773162841797,0,0.9757263660430908,0.9988530874252319,0.5871078843026161,0.9907220005989075
523_class-6,2,0.8871119022369385,0,0.9760769605636597,0.9773972034454346,0.967453231292517,0.9545807242393494
523_class-6,3,0.8903173804283142,0,0.9757204055786133,0.9984822273254395,0.9666411775951061,0.9911879301071167
523_class-6,4,0.8906031847000122,0,0.975742518901825,0.9987753629684448,0.9990441192089555,0.9898926019668579
523_class-6,5,0.8901813626289368,0,0.9758076667785645,1.0037789344787598,0.9983016124067213,0.9924950003623962
524_class-6,0,0.30827566981315613,1,0.9487687945365906,0.9964935779571533,1.0,0.9670009613037109
524_class-6,1,0.29812270402908325,0,0.9488685131072998,0.9952986240386963,0.9996483980134487,0.965015172958374
524_class-6,2,0.2982047498226166,0,0.9493345022201538,0.9959237575531006,0.9993405506402154,0.9663901925086975
524_class-6,3,0.29814133048057556,0,0.9486348628997803,0.9949133396148682,0.9992306424135846,0.9653022289276123
524_class-6,4,0.2982372045516968,0,0.9495154023170471,0.9955837726593018,0.9991096650801851,0.9618476629257202
524_class-6,5,0.2981562316417694,0,0.9486082196235657,0.9947621822357178,0.9991535764144618,0.9611673951148987
525_class-8,0,0.44450658559799194,1,0.9335143566131592,0.9312119483947754,1.0,0.9609560370445251
525_class-8,1,0.4168754518032074,0,0.9164240956306458,0.9607901573181152,0.6467249123846192,0.9567617774009705
525_class-8,2,0.358541876077652,0,0.9279850721359253,0.9428216218948364,0.7040557949446937,0.9249537587165833
525_class-8,3,0.36817172169685364,0,0.9165197610855103,0.9944523572921753,0.6836190085189366,0.9861141443252563
525_class-8,4,0.4429287910461426,0,0.9337419271469116,0.9259470701217651,0.7044277713198774,0.9157068133354187
525_class-8,5,0.36357381939888,0,0.9110214710235596,0.9690945148468018,0.7118718994056683,0.979686439037323
526_class-8,0,0.5278013944625854,1,0.9957915544509888,0.9320394992828369,1.0,0.8184983134269714
526_class-8,1,0.4577523171901703,0,0.9880787134170532,0.9699141979217529,0.5238556886642199,0.950265645980835
526_class-8,2,0.4303950071334839,0,0.9894409775733948,0.9398460388183594,0.2995304453196001,0.8236519694328308
526_class-8,3,0.4153198003768921,0,0.9906762838363647,0.916942834854126,0.6950565812983919,0.7641094326972961
526_class-8,4,0.4695562422275543,0,0.9941697120666504,0.9024325609207153,0.5014051909406514,0.8595024347305298
526_class-8,5,0.3858966827392578,0,0.9953486919403076,0.9046698212623596,0.6384951695931176,0.9401160478591919
527_class-8,0,0.42426830530166626,1,0.9976339340209961,0.7870111465454102,1.0,0.9606008529663086
527_class-8,1,0.39854198694229126,0,0.9685211181640625,0.7676217555999756,0.13235718704887606,0.5843751430511475
527_class-8,2,0.32952091097831726,0,0.9938814043998718,0.9347192049026489,0.38262882783970215,0.8862674832344055
527_class-8,3,0.36366990208625793,0,0.9892553091049194,0.9391939640045166,0.7565924839770121,0.8450012803077698
527_class-8,4,0.3730393052101135,0,0.9971840977668762,0.7508613467216492,0.002922589338242271,0.7487632036209106
527_class-8,5,0.3386988639831543,0,0.9905641078948975,0.9289271831512451,0.08568877610958389,0.9366215467453003
528_class-8,0,0.45055192708969116,1,0.9944597482681274,0.9859687089920044,1.0,0.9854869246482849
528_class-8,1,0.41168859601020813,0,0.9907453060150146,0.8949397802352905,0.08206777032881835,0.8237216472625732
528_class-8,2,0.4473968744277954,0,0.9949971437454224,0.9284895062446594,0.30224426219085765,0.9405809640884399
528_class-8,3,0.40144383907318115,0,0.9943931102752686,0.9520523548126221,0.26340181039622745,0.8796966075897217
528_class-8,4,0.4452586770057678,0,0.9967163801193237,0.9592704772949219,0.306711172623409,0.9700434803962708
528_class-8,5,0.4399412274360657,0,0.9778631329536438,0.8847424983978271,0.15641160949868074,0.7429394125938416
529_class-9,0,0.43290942907333374,0,0.9524132609367371,0.9220504760742188,1.0,0.7416741847991943
529_class-9,1,0.9454827308654785,1,0.9980638027191162,0.9810415506362915,0.05141785065176181,0.9931949973106384
529_class-9,2,0.9410454630851746,0,0.9987436532974243,0.9553735256195068,0.9896762083528859,0.990220844745636
529_class-9,3,0.9386048316955566,0,0.9986886978149414,0.9711544513702393,0.9852872851169273,0.9887391328811646
529_class-9,4,0.5765891075134277,0,0.9829808473587036,0.8466924428939819,0.2547434282696136,0.5587358474731445
529_class-9,5,0.2315549999475479,0,0.8347058892250061,0.98885178565979,0.11660412504724367,0.9350414276123047
530_class-5,0,0.8415045142173767,0,0.9858306050300598,0.9980407953262329,1.0,0.9748367071151733
530_class-5,1,0.8188759684562683,1,0.9861801266670227,1.0044690370559692,0.9943896633798028,0.9832612872123718
530_class-5,2,0.817664623260498,0,0.9861109256744385,1.000706672668457,0.9929293502953203,0.97688889503479
530_class-5,3,0.9656109809875488,0,0.9812313914299011,1.0095988512039185,0.7618567245316856,0.9944343566894531
530_class-5,4,0.818936824798584,0,0.9860495924949646,1.0026671886444092,0.7629784194826837,0.9776704907417297
530_class-5,5,0.9654426574707031,0,0.9812488555908203,1.0059561729431152,0.7638579221179869,0.993988037109375
531_class-7,0,0.958718478679657,0,0.9137637615203857,1.0009156465530396,1.0,0.982797384262085
531_class-7,1,0.9303884506225586,0,0.9136574864387512,1.0013824701309204,0.9982868068833652,0.9835536479949951
531_class-7,2,0.9360010623931885,0,0.914037823677063,1.0013850927352905,0.9799591677425166,0.9873899221420288
531_class-7,3,0.9360367059707642,0,0.9139760732650757,1.001394271850586,0.9994898188857044,0.987366259098053
531_class-7,4,0.9360278844833374,0,0.9142078161239624,1.0008753538131714,0.9995648651081835,0.987192690372467
531_class-7,5,0.9359877705574036,1,0.9140113592147827,1.0025057792663574,0.9990244927362228,0.9870296120643616
532_class-8,0,0.3593783676624298,0,0.9653748273849487,0.9338825941085815,1.0,0.7674204707145691
532_class-8,1,0.379555344581604,0,0.950532078742981,0.8834885358810425,0.5269209197980931,0.7326925992965698
532_class-8,2,0.35991188883781433,1,0.9885085225105286,0.9786437749862671,0.5924157791994433,0.9274568557739258
532_class-8,3,0.39277034997940063,0,0.9761045575141907,0.7459084391593933,0.19192911825775466,0.7048041820526123
532_class-8,4,0.35043978691101074,0,0.9603949189186096,0.8215887546539307,0.532748117598093,0.582312822341919
532_class-8,5,0.3445638418197632,0,0.960364818572998,0.8981062173843384,0.7409931840311588,0.7176297307014465
533_class-9,0,0.9994909763336182,1,0.9177465438842773,1.001526117324829,1.0,0.9931765794754028
533_class-9,1,0.9579440355300903,0,0.9176672697067261,1.0113328695297241,0.9974256216990897,0.9952409863471985
533_class-9,2,0.9569858312606812,0,0.917854905128479,0.9999058246612549,0.9966861960181331,0.9921293258666992
533_class-9,3,0.9536516666412354,0,0.9179426431655884,0.9662612676620483,0.989861847980249,0.9854574203491211
533_class-9,4,0.9581189155578613,0,0.9177473187446594,1.0106364488601685,0.9871801607733935,0.9952532052993774
533_class-9,5,0.9581703543663025,0,0.9177352786064148,1.0107355117797852,0.9996010213852538,0.9953163862228394
534_class-5,0,0.9064319133758545,1,0.9843233227729797,0.9692137241363525,1.0,0.9576754570007324
534_class-5,1,0.8418083190917969,0,0.9867017269134521,0.9647728204727173,0.9070523132359565,0.9472000002861023
534_class-5,2,0.8555948734283447,0,0.9829761981964111,0.9622256755828857,0.9543469117028505,0.9453648924827576
534_class-5,3,0.45146554708480835,0,0.9502290487289429,0.9592134952545166,0.2957878156597734,0.8731748461723328
534_class-5,4,0.8595079183578491,0,0.9813534021377563,0.9588109254837036,0.29339123905389086,0.9411672949790955
534_class-5,5,0.8248982429504395,0,0.9869927763938904,0.9460841417312622,0.8964055973903234,0.9309602379798889
535_class-6,0,0.19686132669448853,0,0.8265881538391113,0.9496382474899292,1.0,0.6026365756988525
535_class-6,1,0.4590800404548645,0,0.9718210101127625,0.8529342412948608,0.15793264303244858,0.7581547498703003
535_class-6,2,0.4976396858692169,0,0.9660673141479492,0.7835928201675415,0.7860520429255033,0.6525349617004395
535_class-6,3,0.4892909526824951,1,0.9695944786071777,0.9636712074279785,0.8576083414793092,0.949993908405304
535_class-6,4,0.16319097578525543,0,0.7889121174812317,0.9605028629302979,0.15666219015792707,0.6533209085464478
535_class-6,5,0.27946433424949646,0,0.8210916519165039,0.7933073043823242,0.644445485005515,0.4586798846721649
536_class-8,0,0.42719408869743347,1,0.9904301166534424,0.8577700853347778,1.0,0.8291967511177063
536_class-8,1,0.39502620697021484,0,0.9876102805137634,0.8737868070602417,0.6520606621903219,0.7004953026771545
536_class-8,2,0.3587521016597748,0,0.9764897227287292,0.8276296854019165,0.5811696281889079,0.6028045415878296
536_class-8,3,0.39816686511039734,0,0.9887813329696655,0.8681964874267578,0.5535849772382397,0.7096786499023438
536_class-8,4,0.4027317464351654,0,0.9902576804161072,0.9739706516265869,0.6572692905078686,0.9585164785385132
536_class-8,5,0.39329269528388977,0,0.9862428903579712,0.7494504451751709,0.6504080948121646,0.5616788268089294
537_class-8,0,0.37254664301872253,0,0.9703946113586426,0.9795008897781372,1.0,0.9299017786979675
537_class-8,1,0.3623054623603821,0,0.9815366864204407,0.9472899436950684,0.8596631341831772,0.8817859292030334
537_class-8,2,0.33512359857559204,0,0.9497725963592529,0.9727399349212646,0.7521535613853985,0.9249435067176819
537_class-8,3,0.34972813725471497,0,0.9699143171310425,0.9550135135650635,0.8670788665984609,0.8705528378486633
537_class-8,4,0.34674111008644104,0,0.9388515949249268,0.9228754043579102,0.8921788379407993,0.8345510363578796
537_class-8,5,0.346041202545166,1,0.9711250066757202,0.9800466299057007,0.7359711863542923,0.9352404475212097
538_class-6,0,0.9595476388931274,0,0.9865773916244507,0.9997375011444092,1.0,0.9746711850166321
538_class-6,1,0.888992428779602,0,0.9879218339920044,0.9749424457550049,0.9414163701949895,0.9264953136444092
538_class-6,2,0.9057044982910156,0,0.9871302843093872,0.9693557024002075,0.9584068343329469,0.9236941337585449
538_class-6,3,0.8911298513412476,0,0.9879919290542603,0.9760414361953735,0.9605460338248814,0.9302970767021179
538_class-6,4,0.9154536724090576,0,0.9867058396339417,0.9973100423812866,0.9458150052660925,0.9766243100166321
538_class-6,5,0.9126213788986206,1,0.9867116212844849,1.0004314184188843,0.9927175067141341,0.9749034643173218
539_class-7,0,0.9997509717941284,1,0.8672715425491333,1.0148249864578247,1.0,0.9954100251197815
539_class-7,1,0.9376938939094543,0,0.8673877120018005,1.01492178440094,0.9997723172846209,0.9954246878623962
539_class-7,2,0.937698483467102,0,0.8672935962677002,1.0143945217132568,0.9997197751195335,0.9954617619514465
539_class-7,3,0.9376938939094543,0,0.8673527836799622,1.014349102973938,0.9998248502469611,0.9954628348350525
539_class-7,4,0.9376339912414551,0,0.8674341440200806,1.0148345232009888,0.9996497618380499,0.9953458905220032
539_class-7,5,0.9379035234451294,0,0.8675358891487122,1.004459261894226,0.9973231625172769,0.9934037327766418
540_class-9,0,0.7703700661659241,1,0.9272788763046265,1.0040302276611328,1.0,0.9904088377952576
540_class-9,1,0.7395905256271362,0,0.927486002445221,1.0034661293029785,0.998447098586403,0.990688681602478
540_class-9,2,0.8521668314933777,0,0.9332715272903442,0.9924333095550537,0.7620882535736482,0.9683003425598145
540_class-9,3,0.739510178565979,0,0.9272513389587402,1.0033849477767944,0.7622329183169636,0.9904333353042603
540_class-9,4,0.7366076707839966,0,0.9255330562591553,1.0031574964523315,0.9897401914859585,0.9865702390670776
540_class-9,5,0.7107177376747131,0,0.9182324409484863,1.0019880533218384,0.8525155744815077,0.9801467061042786
541_class-7,0,0.9896494150161743,1,0.9975160360336304,1.0060864686965942,1.0,0.9920192360877991
541_class-7,1,0.9574114084243774,0,0.9975249767303467,1.004968523979187,0.9983766233766234,0.9920014142990112
541_class-7,2,0.9575222730636597,0,0.9975045919418335,1.005409836769104,0.9973989824089073,0.9920074939727783
541_class-7,3,0.9575372338294983,0,0.9975109696388245,1.0059683322906494,0.996576436755375,0.9920151829719543
541_class-7,4,0.9579957723617554,0,0.9977502822875977,0.9967343807220459,0.9952171724106367,0.9877297878265381
541_class-7,5,0.9573689103126526,0,0.9977295398712158,1.003264307975769,0.9916616897137869,0.9879632592201233
542_class-5,0,0.36883044242858887,1,0.8460556268692017,1.0081342458724976,1.0,0.9944224953651428
542_class-5,1,0.3561542332172394,0,0.8454868793487549,1.0078867673873901,0.9994751049790042,0.9942458868026733
542_class-5,2,0.3562261462211609,0,0.8454990386962891,1.0092147588729858,0.998950170597278,0.9943525195121765
542_class-5,3,0.3561750054359436,0,0.8466014266014099,1.0081534385681152,0.9986878116447344,0.9943309426307678
542_class-5,4,0.3561691641807556,0,0.8461735248565674,1.0084705352783203,0.9992876825313514,0.9943507313728333
542_class-5,5,0.4772558808326721,0,0.8677815794944763,0.9777978658676147,0.7647853170512132,0.9552614688873291
543_class-6,0,0.38888630270957947,0,0.9544739723205566,0.8971176147460938,1.0,0.7172278165817261
543_class-6,1,0.3829270303249359,0,0.9071420431137085,0.9535073041915894,0.5892823871698222,0.930769145488739
543_class-6,2,0.4624677300453186,0,0.9872885942459106,0.8053598403930664,0.032333059122286206,0.8606613874435425
543_class-6,3,0.39241543412208557,0,0.934201717376709,0.9449142217636108,0.04908407230902254,0.9364103674888611
543_class-6,4,0.4658789336681366,0,0.9891696572303772,0.9105139970779419,0.024342684614416906,0.9497938752174377
543_class-6,5,0.4666440486907959,1,0.9915317296981812,0.9438022375106812,0.6021889658253294,0.9643762707710266
544_class-8,0,0.38941293954849243,1,0.9856078028678894,0.8995167016983032,1.0,0.733786404132843
544_class-8,1,0.30122750997543335,0,0.9876090884208679,0.914239764213562,0.6800942789800728,0.693683385848999
544_class-8,2,0.305417537689209,0,0.9916180372238159,0.9323316812515259,0.49512188973201904,0.6140767335891724
544_class-8,3,0.3402678668498993,0,0.9726552367210388,0.998488187789917,0.37205150834403083,0.9756004810333252
544_class-8,4,0.1394328773021698,0,0.6794601678848267,0.895635724067688,0.16079324837652767,0.40727856755256653
544_class-8,5,0.1425509750843048,0,0.6798272132873535,0.9567605257034302,0.9688415002394886,0.6991909742355347
545_class-8,0,0.3342527449131012,0,0.9681903719902039,0.9867637157440186,1.0,0.9485046863555908
545_class-8,1,0.400241881608963,1,0.9810967445373535,0.9881724119186401,0.24169510864669555,0.9590960741043091
545_class-8,2,0.34276843070983887,0,0.9704217910766602,0.9306778907775879,0.266185865770928,0.8703630566596985
545_class-8,3,0.2692938446998596,0,0.9336245656013489,0.9719861745834351,0.6455819643791169,0.8585121631622314
545_class-8,4,0.38039088249206543,0,0.966044008731842,0.9433716535568237,0.4345548830191297,0.9014993906021118
545_class-8,5,0.2666347324848175,0,0.9338993430137634,0.9758353233337402,0.4288638076317051,0.8599997162818909
546_class-5,0,0.5472433567047119,1,0.8690618276596069,0.9985278844833374,1.0,0.9888827204704285
546_class-5,1,0.5281983017921448,0,0.8648296594619751,0.9952309131622314,0.976378357097619,0.986169695854187
546_class-5,2,0.9462791681289673,0,0.9461281299591064,1.0003371238708496,0.44524396715886744,0.9749046564102173
546_class-5,3,0.9468618631362915,0,0.9457041025161743,1.0007966756820679,0.995277587601917,0.9758304953575134
546_class-5,4,0.9296036958694458,0,0.9403727054595947,1.0006455183029175,0.9697533990416456,0.9673359394073486
546_class-5,5,0.5254749059677124,0,0.861539363861084,0.9946620464324951,0.45308007388964744,0.9799017310142517
547_class-7,0,0.9792070388793945,1,0.993156909942627,1.0141270160675049,1.0,0.9917638897895813
547_class-7,1,0.9485702514648438,0,0.9932559728622437,1.0141246318817139,0.9998207837723024,0.991715669631958
547_class-7,2,0.9486098885536194,0,0.993220865726471,1.0142096281051636,0.9997610466158227,0.99184650182724
547_class-7,3,0.9518760442733765,0,0.9931323528289795,1.0135587453842163,0.9960658295809943,0.9935616850852966
547_class-7,4,0.9486220479011536,0,0.9931134581565857,1.0138002634048462,0.9960592175298699,0.9915368556976318
547_class-7,5,0.9519824981689453,0,0.9931502342224121,1.0134693384170532,0.9959209308475473,0.993746817111969
548_class-9,0,0.539384126663208,1,0.9937334060668945,0.9690868854522705,1.0,0.965290904045105
548_class-9,1,0.5087331533432007,0,0.9937652945518494,0.9311901330947876,0.8398551733741819,0.9171469807624817
548_class-9,2,0.38548633456230164,0,0.994904637336731,0.8594613075256348,0.06281496202711336,0.942801296710968
548_class-9,3,0.5221889019012451,0,0.992462158203125,0.9321999549865723,0.0766831108531631,0.9605262279510498
548_class-9,4,0.10313225537538528,0,0.8430488109588623,0.9628746509552002,0.05223995326384405,0.567318320274353
548_class-9,5,0.5215866565704346,0,0.9914969205856323,0.945253849029541,0.049192110198936136,0.9693650007247925
549_class-7,0,0.9870818853378296,0,0.9963933229446411,1.0027140378952026,1.0,0.9940851330757141
549_class-7,1,0.9644978046417236,0,0.9963983297348022,1.0026732683181763,0.9997522299306244,0.9940270185470581
549_class-7,2,0.9647347927093506,0,0.9964047074317932,1.0026627779006958,0.993190860986915,0.9943979978561401
549_class-7,3,0.964535653591156,0,0.9963932037353516,1.002960443496704,0.9934779933549366,0.9941166043281555
549_class-7,4,0.9646520614624023,0,0.9964200258255005,1.000482439994812,0.9910385465259023,0.9927374124526978
549_class-7,5,0.9647178649902344,1,0.9964221715927124,1.0041836500167847,0.9964398248557516,0.9944509863853455
550_class-6,0,0.4580461084842682,1,0.9830633401870728,1.0085694789886475,1.0,0.9956395626068115
550_class-6,1,0.43835997581481934,0,0.9827538728713989,1.0051031112670898,0.9970660990623023,0.9946110248565674
550_class-6,2,0.4260353744029999,0,0.9913434982299805,0.9645589590072632,0.09078997421699987,0.8975545763969421
550_class-6,3,0.438080757856369,0,0.9852805733680725,0.983322024345398,0.0929389192266335,0.9838594794273376
550_class-6,4,0.43806928396224976,0,0.9831273555755615,0.9917030334472656,0.9899545970488082,0.9939702153205872
550_class-6,5,0.4385649561882019,0,0.9820890426635742,1.0088618993759155,0.983664610463788,0.9951605796813965
551_class-9,0,0.4417789578437805,1,0.9673997163772583,0.9880924820899963,1.0,0.9712117910385132
551_class-9,1,0.3592151701450348,0,0.8893777132034302,0.933133602142334,0.39294835310771564,0.8357154726982117
551_class-9,2,0.4365139901638031,0,0.9473832845687866,0.9879435896873474,0.3923646075040497,0.9704849720001221
551_class-9,3,0.3665834665298462,0,0.9688953757286072,0.9323911666870117,0.14115707845806122,0.535075306892395
551_class-9,4,0.43656617403030396,0,0.948468029499054,0.9878858923912048,0.14119219526819396,0.9712530374526978
551_class-9,5,0.2895447611808777,0,0.848463773727417,0.8777811527252197,0.24953339057075666,0.2747514843940735
552_class-9,0,0.9959146976470947,0,0.9804415106773376,1.0092658996582031,1.0,0.994082510471344
552_class-9,1,0.15668854117393494,0,0.8768478631973267,0.9989019632339478,0.09094759887677883,0.874256432056427
552_class-9,2,0.9540263414382935,0,0.9830350875854492,0.9940270185470581,0.09104013930054759,0.9874969124794006
552_class-9,3,0.9573321342468262,1,0.9805107712745667,1.0094518661499023,0.9840741499385498,0.9942082762718201
552_class-9,4,0.9579988718032837,0,0.9804435968399048,1.005231499671936,0.9909476515621767,0.9953980445861816
552_class-9,5,0.9578872919082642,0,0.9804414510726929,1.004596471786499,0.998333940750768,0.9954038262367249
553_class-5,0,0.9972466230392456,0,0.9749997854232788,1.004384994506836,1.0,0.9886993169784546
553_class-5,1,0.9692506790161133,0,0.9749602675437927,1.0046218633651733,0.9994651938429225,0.9888077974319458
553_class-5,2,0.9694830179214478,0,0.9748198986053467,1.0042694807052612,0.9993098017867384,0.989124596118927
553_class-5,3,0.9693212509155273,0,0.9752284288406372,1.0026919841766357,0.9988723631768252,0.9885084629058838
553_class-5,4,0.9693254232406616,1,0.9750068187713623,1.0053844451904297,0.9992900283016115,0.9891448020935059
553_class-5,5,0.9693465828895569,0,0.9750394821166992,1.004486322402954,0.999329015695198,0.9886583685874939
554_class-8,0,0.7439316511154175,1,0.8643733263015747,1.0014464855194092,1.0,0.9897312521934509
554_class-8,1,0.6430507302284241,0,0.8832792043685913,0.9911545515060425,0.7093797641017412,0.9682903289794922
554_class-8,2,0.7667292952537537,0,0.8719459772109985,0.989761471748352,0.6634425767677716,0.974301278591156
554_class-8,3,0.8498245477676392,0,0.8604970574378967,0.9700827598571777,0.7993286542569423,0.9370176196098328
554_class-8,4,0.732802152633667,0,0.8662590384483337,1.0019373893737793,0.730535391122227,0.989997386932373
554_class-8,5,0.6507871747016907,0,0.9035618305206299,0.9322030544281006,0.7317477043504441,0.762387216091156
555_class-8,0,0.3852347433567047,1,0.939907431602478,0.936714768409729,1.0,0.8511296510696411
555_class-8,1,0.4327206015586853,0,0.9341506958007812,0.9709861874580383,0.32070712291946657,0.9519485831260681
555_class-8,2,0.43022191524505615,0,0.9256932735443115,0.9973398447036743,0.9121696841858558,0.9875767230987549
555_class-8,3,0.3949013352394104,0,0.9452956318855286,0.9608337879180908,0.4628751974723539,0.9375041127204895
555_class-8,4,0.39627277851104736,0,0.9395817518234253,0.9414761066436768,0.9721741949427275,0.9821511507034302
555_class-8,5,0.3964720666408539,0,0.9345138072967529,1.0084433555603027,0.9871255261203268,0.9912617206573486
556_class-7,0,0.01701520010828972,0,0.9076913595199585,0.9961322546005249,1.0,0.0
556_class-7,1,0.016875121742486954,0,0.9076913595199585,0.9958885908126831,1.0,0.0
556_class-7,2,0.1316053867340088,1,0.9277373552322388,0.9643356800079346,0.7888112878460369,0.5660805106163025
556_class-7,3,0.016875121742486954,0,0.9076913595199585,1.0014715194702148,0.7888112878460369,0.0
556_class-7,4,0.3000069558620453,0,0.9626606106758118,0.9064356088638306,0.45094363530656967,0.3371860384941101
556_class-7,5,0.016875121742486954,0,0.9076913595199585,0.9886736869812012,0.45094363530656967,0.0
557_class-7,0,0.9933961629867554,1,0.9910028576850891,1.0158379077911377,1.0,0.9964178204536438
557_class-7,1,0.9763641357421875,0,0.990970253944397,1.014097809791565,0.9993925178447883,0.9962288737297058
557_class-7,2,0.9763259291648865,0,0.9909851551055908,1.016677737236023,0.9992239037640668,0.9965829253196716
557_class-7,3,0.9763514399528503,0,0.9909642934799194,1.0152260065078735,0.9993757276147733,0.9962714910507202
557_class-7,4,0.9765986800193787,0,0.9909226298332214,0.9990161657333374,0.9973327481135101,0.9934676885604858
557_class-7,5,0.9763027429580688,0,0.9910002946853638,1.015791893005371,0.9970970954076724,0.9962620735168457
558_class-7,0,0.9906688928604126,1,0.9761069416999817,0.9999310970306396,1.0,0.9796838164329529
558_class-7,1,0.969902753829956,0,0.975810170173645,0.9996345043182373,0.9993463117684309,0.979256808757782
558_class-7,2,0.969887375831604,0,0.9758943915367126,0.9999899864196777,0.9993565059293382,0.9796964526176453
558_class-7,3,0.9700803160667419,0,0.9759210348129272,0.9979457855224609,0.9992233565304475,0.979322612285614
558_class-7,4,0.9697902798652649,0,0.9761399030685425,0.9994131326675415,0.9988763356283327,0.9793038368225098
558_class-7,5,0.9697299003601074,0,0.9760634899139404,0.9989498853683472,0.9992440880535267,0.9789579510688782
559_class-7,0,0.7046217918395996,0,0.9860879182815552,0.9765592813491821,1.0,0.9372473955154419
559_class-7,1,0.9549250602722168,1,0.9971088767051697,1.0035595893859863,0.6049053419048314,0.9913111329078674
559_class-7,2,0.6973491907119751,0,0.9889225959777832,0.9905028343200684,0.6173977774232998,0.9377949237823486
559_class-7,3,0.9554351568222046,0,0.9971573352813721,0.9937329292297363,0.6194084002048831,0.9718246459960938
559_class-7,4,0.9548636078834534,0,0.9971888661384583,1.0030959844589233,0.9938578482108014,0.9913316369056702
559_class-7,5,0.6908266544342041,0,0.9890984892845154,0.9873621463775635,0.6085196323792299,0.930187463760376
560_class-6,0,0.8893527984619141,0,0.9877899885177612,0.9972277879714966,1.0,0.9264737367630005
560_class-6,1,0.8795033097267151,0,0.9926015138626099,0.9373904466629028,0.9256928526776411,0.9246185421943665
560_class-6,2,0.9560906887054443,0,0.9922385215759277,0.9485992193222046,0.7470391740054662,0.9562176465988159
560_class-6,3,0.5703948140144348,0,0.9769043922424316,0.9396967887878418,0.25261122973050953,0.7833285331726074
560_class-6,4,0.8966233730316162,0,0.9882702231407166,0.9945309162139893,0.3527963517332065,0.9307191371917725
560_class-6,5,0.9810612201690674,1,0.991166353225708,0.9693238735198975,0.8375309754449201,0.9944010376930237
561_class-8,0,0.332891583442688,1,0.9936394095420837,0.9219973087310791,1.0,0.9327082633972168
561_class-8,1,0.7845891118049622,0,0.9495803117752075,0.9558898210525513,0.13311320235540147,0.9080528020858765
561_class-8,2,0.30722010135650635,0,0.9821354150772095,0.9714367389678955,0.15762187377317968,0.9730717539787292
561_class-8,3,0.4047604501247406,0,0.7898690700531006,0.9279731512069702,0.10675130539112762,0.6648590564727783
561_class-8,4,0.7838670015335083,0,0.9465018510818481,0.9526467323303223,0.5020807235173699,0.892829179763794
561_class-8,5,0.7428019642829895,0,0.9388552904129028,0.9607164859771729,0.8988980563707847,0.8822689652442932
562_class-7,0,0.33625584840774536,1,0.9530147910118103,0.9234300851821899,1.0,0.866518497467041
562_class-7,1,0.23972511291503906,0,0.91736900806427,0.9463510513305664,0.6129145398644816,0.8644345998764038
562_class-7,2,0.23864991962909698,0,0.919373631477356,0.9484388828277588,0.9952367421409984,0.8744297027587891
562_class-7,3,0.3279989957809448,0,0.946344256401062,0.9545642137527466,0.6288019356658304,0.9441272020339966
562_class-7,4,0.3303338587284088,0,0.9484935998916626,0.9551950693130493,0.9814140238580157,0.9408959746360779
562_class-7,5,0.23952944576740265,0,0.9160072207450867,0.9439576864242554,0.6268174957784785,0.8560236096382141
563_class-9,0,0.9961591362953186,0,0.9598094820976257,1.0020675659179688,1.0,0.9887552857398987
563_class-9,1,0.8819189071655273,0,0.9600825309753418,0.9988329410552979,0.8736273676212529,0.9750176072120667
563_class-9,2,0.9796355962753296,0,0.9598965048789978,1.0039989948272705,0.8733994067857918,0.9896364212036133
563_class-9,3,0.8829478025436401,0,0.9596236944198608,0.9983998537063599,0.8748383596328616,0.9752835631370544
563_class-9,4,0.8831849098205566,0,0.9597832560539246,0.9984596967697144,0.9988535189737445,0.9745191335678101
563_class-9,5,0.9795086979866028,1,0.9598482251167297,1.0057718753814697,0.8753086754769206,0.9900497794151306
564_class-7,0,0.7691563963890076,0,0.9955922365188599,0.9831748008728027,1.0,0.9562700986862183
564_class-7,1,0.932090163230896,0,0.99294114112854,0.9591628313064575,0.6280217674561202,0.9547998309135437
564_class-7,2,0.6315602660179138,0,0.995083212852478,0.9828894138336182,0.4893787240139945,0.935757040977478
564_class-7,3,0.7273644208908081,1,0.9957850575447083,0.9821925163269043,0.7966712402314622,0.9598076939582825
564_class-7,4,0.6221502423286438,0,0.9945108294487,0.9800205230712891,0.7792518435545599,0.9317679405212402
564_class-7,5,0.6615846753120422,0,0.9952771067619324,0.9667052030563354,0.9083374191590203,0.8924592137336731
565_class-7,0,0.9942089915275574,0,0.9659962058067322,1.0131356716156006,1.0,0.9934074878692627
565_class-7,1,0.9593470096588135,0,0.9658489227294922,1.0131685733795166,0.9997244457915984,0.9935514330863953
565_class-7,2,0.959342360496521,0,0.9658428430557251,1.0128443241119385,0.999807101423316,0.9934377074241638
565_class-7,3,0.9590021371841431,1,0.9661020040512085,1.01295006275177,0.9992563929550118,0.993660569190979
565_class-7,4,0.9592704772949219,0,0.9658529162406921,1.012742042541504,0.9993665744068521,0.9935082197189331
565_class-7,5,0.9593228101730347,0,0.9659135341644287,1.0129303932189941,0.9997382415341801,0.9935792684555054
566_class-8,0,0.3767654597759247,1,0.9885984659194946,0.9869950413703918,1.0,0.9488128423690796
566_class-8,1,0.33109092712402344,0,0.9884965419769287,0.9895153641700745,0.9960793512499162,0.949849009513855
566_class-8,2,0.38403236865997314,0,0.9716019630432129,0.9661056995391846,0.728479741315957,0.9081646203994751
566_class-8,3,0.38320839405059814,0,0.9851343631744385,0.9762817621231079,0.5830675502759688,0.9703255891799927
566_class-8,4,0.33123132586479187,0,0.9885358214378357,0.9891453385353088,0.7055018481660507,0.9582876563072205
566_class-8,5,0.4218429923057556,0,0.9747679233551025,0.9582465887069702,0.6048377219840784,0.9111321568489075
567_class-7,0,0.9913874864578247,1,0.9946974515914917,1.005624532699585,1.0,0.991673469543457
567_class-7,1,0.9730081558227539,0,0.9948354363441467,1.0057470798492432,0.999231613611416,0.9915468692779541
567_class-7,2,0.7997360229492188,0,0.9947181940078735,0.9981329441070557,0.7015253940114161,0.9772129058837891
567_class-7,3,0.7947056293487549,0,0.9947907328605652,0.9981021881103516,0.9839205303132791,0.9761770367622375
567_class-7,4,0.9730672836303711,0,0.99473637342453,1.0056507587432861,0.6946542875266709,0.9916242957115173
567_class-7,5,0.9731969237327576,0,0.9947810769081116,1.0059243440628052,0.9991221332162844,0.9916412234306335
568_class-7,0,0.9981845617294312,0,0.9485913515090942,1.0142908096313477,1.0,0.9950731992721558
568_class-7,1,0.9635926485061646,0,0.9486803412437439,1.004470944404602,0.9964670255720054,0.99367356300354
568_class-7,2,0.9647047519683838,0,0.9483247995376587,1.004624843597412,0.9950712860337076,0.9924380779266357
568_class-7,3,0.9648284912109375,0,0.94871586561203,1.0139611959457397,0.9962677582470503,0.9952290058135986
568_class-7,4,0.9648933410644531,1,0.9487828016281128,1.0141397714614868,0.9990364464143762,0.9951326251029968
568_class-7,5,0.9646942615509033,0,0.9485041499137878,1.0050389766693115,0.9968669414118044,0.9927342534065247
569_class-8,0,0.41056767106056213,1,0.9800587296485901,0.9928414821624756,1.0,0.9765270948410034
569_class-8,1,0.2983742654323578,0,0.907051682472229,0.9855233430862427,0.359785639931631,0.9591209888458252
569_class-8,2,0.35165441036224365,0,0.9625198245048523,0.9832372665405273,0.6232298298038197,0.9520034790039062
569_class-8,3,0.2865201234817505,0,0.9019460678100586,0.9439804553985596,0.5804190768787654,0.9341389536857605
569_class-8,4,0.29577720165252686,0,0.9103232622146606,0.9770033359527588,0.9351659314638749,0.9506098628044128
569_class-8,5,0.46966472268104553,0,0.9763920903205872,0.909633994102478,0.34706306956600197,0.6470375657081604
570_class-7,0,0.9965871572494507,0,0.9846426248550415,1.0087939500808716,1.0,0.9935002326965332
570_class-7,1,0.9802155494689941,0,0.9846803545951843,1.0053848028182983,0.9996606090524822,0.9925695061683655
570_class-7,2,0.9802078008651733,0,0.9846616387367249,1.0061777830123901,0.9997839595078392,0.992089033126831
570_class-7,3,0.9802439212799072,0,0.9847069978713989,1.00662100315094,0.999732529550341,0.9926303029060364
570_class-7,4,0.980262041091919,1,0.9846577644348145,1.0120872259140015,0.9994653176218973,0.9941467642784119
570_class-7,5,0.9802199602127075,0,0.9847212433815002,1.0056716203689575,0.9994344705616222,0.9922500252723694
571_class-7,0,0.7091715931892395,0,0.9458418488502502,0.93986976146698,1.0,0.6259462833404541
571_class-7,1,0.24124890565872192,0,0.985435962677002,0.8728667497634888,0.0,0.7966999411582947
571_class-7,2,0.8238358497619629,1,0.9485771059989929,1.008255958557129,8.22003386653953e-06,0.9923796653747559
571_class-7,3,0.8238025903701782,0,0.9482861161231995,1.0011112689971924,0.9970088405379656,0.9907585978507996
571_class-7,4,0.6633661985397339,0,0.9396406412124634,0.9718841910362244,0.6300720221606648,0.9851294755935669
571_class-7,5,0.8009657859802246,0,0.9419666528701782,0.9779472351074219,0.6524903863761216,0.9743943214416504
572_class-5,0,0.9786862134933472,1,0.9869455099105835,1.0066087245941162,1.0,0.9883121252059937
572_class-5,1,0.9443415403366089,0,0.9868183135986328,1.0137462615966797,0.9983533828171658,0.9918425679206848
572_class-5,2,0.9466085433959961,0,0.9869489669799805,1.0122458934783936,0.9956334474527028,0.9930296540260315
572_class-5,3,0.9466732740402222,0,0.9868890047073364,1.010481834411621,0.9994989086400041,0.9932286739349365
572_class-5,4,0.9467443227767944,0,0.9869402647018433,1.0122779607772827,0.9995074602783699,0.993224561214447
572_class-5,5,0.9466825723648071,0,0.9868463277816772,1.0127370357513428,0.999405646359584,0.9931564927101135
573_class-6,0,0.9909687042236328,1,0.9914291501045227,0.9999902248382568,1.0,0.9841792583465576
573_class-6,1,0.9512989521026611,0,0.9912951588630676,0.9973577260971069,0.9972779900576351,0.9836838245391846
573_class-6,2,0.9473598003387451,0,0.9913100004196167,0.9967978000640869,0.9810269286940481,0.9755417704582214
573_class-6,3,0.952832043170929,0,0.991473376750946,0.9993497133255005,0.976884511857531,0.9840860366821289
573_class-6,4,0.9509046673774719,0,0.99136883020401,0.9975376129150391,0.995727749225256,0.983633816242218
573_class-6,5,0.9539055824279785,0,0.9913501143455505,0.9991257190704346,0.9938135668733055,0.9838498830795288
574_class-8,0,0.4225687086582184,1,0.9956842064857483,0.9885872602462769,1.0,0.9723997712135315
574_class-8,1,0.3984949290752411,0,0.9958415627479553,0.9329549074172974,0.6344726240847247,0.9280542731285095
574_class-8,2,0.39729043841362,0,0.9955440759658813,0.9714003801345825,0.6358240754831836,0.9698569178581238
574_class-8,3,0.36378994584083557,0,0.995743989944458,0.9707738161087036,0.5132104586369481,0.9354477524757385
574_class-8,4,0.4080103039741516,0,0.9917405843734741,1.010049819946289,0.39207907247169876,0.9962124228477478
574_class-8,5,0.40794697403907776,0,0.9923607110977173,0.979725182056427,0.994434997681249,0.986183762550354
575_class-8,0,0.461727112531662,1,0.9682019948959351,0.8189935684204102,1.0,0.8886595368385315
575_class-8,1,0.443754106760025,0,0.9681977033615112,0.8597812652587891,0.9262572533849129,0.9264797568321228
575_class-8,2,0.3345794975757599,0,0.967923641204834,0.9441788196563721,0.19657292798642953,0.679450273513794
575_class-8,3,0.24236717820167542,0,0.9092562198638916,0.8878567218780518,0.5232560723571635,0.4338625371456146
575_class-8,4,0.24808955192565918,0,0.9484846591949463,0.8619312047958374,0.7810516927931945,0.5327821969985962
575_class-8,5,0.22305484116077423,0,0.9433943033218384,0.8534613847732544,0.8076950690206572,0.5991958379745483
576_class-7,0,0.9697309136390686,0,0.9950372576713562,0.9801636934280396,1.0,0.9790948033332825
576_class-7,1,0.8183472156524658,0,0.9945418834686279,0.9695025682449341,0.7531162377502013,0.9719207286834717
576_class-7,2,0.9370886087417603,0,0.9950488805770874,0.9800604581832886,0.7542625093872556,0.9757121801376343
576_class-7,3,0.9453701972961426,0,0.9951763153076172,0.980903685092926,0.9795015076488977,0.9739376902580261
576_class-7,4,0.9332845211029053,1,0.9951082468032837,0.9799649715423584,0.9663879235447437,0.9825295209884644
576_class-7,5,0.9453830718994141,0,0.9952666759490967,0.9813763499259949,0.9671157860492856,0.9727586507797241
577_class-7,0,0.9978107810020447,1,0.9985594153404236,1.0156179666519165,1.0,0.9966047406196594
577_class-7,1,0.9707887172698975,0,0.9985647201538086,1.016530990600586,0.9995410738871042,0.9965574145317078
577_class-7,2,0.9707791805267334,0,0.9985584020614624,1.0153262615203857,0.9994494402642686,0.9965260624885559
577_class-7,3,0.834731936454773,0,0.9985462427139282,1.0046294927597046,0.750533293575246,0.9844488501548767
577_class-7,4,0.8537352085113525,0,0.9968504309654236,1.0015109777450562,0.9534653176662682,0.971718966960907
577_class-7,5,0.9708135724067688,0,0.9985550045967102,1.015476107597351,0.7863616547736503,0.9965587854385376
578_class-9,0,0.9918054938316345,0,0.9699279069900513,1.0099154710769653,1.0,0.9916098117828369
578_class-9,1,0.9575557112693787,0,0.9702930450439453,1.0097564458847046,0.9991091991483074,0.9914309978485107
578_class-9,2,0.9570156335830688,1,0.9703233242034912,1.0100038051605225,0.9964356349568582,0.9918358325958252
578_class-9,3,0.9574675559997559,0,0.9698746204376221,1.009756326675415,0.9970423852293239,0.9915482997894287
578_class-9,4,0.957215428352356,0,0.9701753854751587,1.0097289085388184,0.9975208229128156,0.9918720126152039
578_class-9,5,0.9575338363647461,0,0.9699421525001526,1.0095510482788086,0.9975859069160504,0.9917514324188232
579_class-6,0,0.8494362831115723,0,0.9649637937545776,1.0107353925704956,1.0,0.9801943302154541
579_class-6,1,0.8202229738235474,1,0.9649935960769653,1.0122402906417847,0.9991625754321366,0.9850496053695679
579_class-6,2,0.8205933570861816,0,0.9651618599891663,1.0111193656921387,0.9989643863989414,0.9789155125617981
579_class-6,3,0.8203908205032349,0,0.9649177193641663,1.0120776891708374,0.9992198840057038,0.9838136434555054
579_class-6,4,0.8206161260604858,0,0.9650003910064697,1.0111490488052368,0.9994756463298441,0.9823809862136841
579_class-6,5,0.8210463523864746,0,0.9649527072906494,1.0096848011016846,0.9990723443457789,0.9783694744110107
580_class-5,0,0.9967986345291138,0,0.9900649189949036,1.011271595954895,1.0,0.9939148426055908
580_class-5,1,0.9451617002487183,1,0.9905588626861572,1.0133416652679443,0.998347293693423,0.9943662285804749
580_class-5,2,0.8385823369026184,0,0.9788488149642944,1.0001147985458374,0.8695067006967412,0.9233969449996948
580_class-5,3,0.9451798796653748,0,0.990236759185791,1.0132977962493896,0.869494196641111,0.9943879842758179
580_class-5,4,0.9451702833175659,0,0.9901407957077026,1.0139495134353638,0.9994833157973846,0.9942297339439392
580_class-5,5,0.9453986883163452,0,0.9901103973388672,1.011908769607544,0.99904149751917,0.9938690066337585
581_class-6,0,0.25058713555336,1,0.9275022745132446,1.008941888809204,1.0,0.9939634799957275
581_class-6,1,0.23761923611164093,0,0.9252308011054993,0.9995098114013672,0.9913741204801144,0.9286863803863525
581_class-6,2,0.34131622314453125,0,0.965316653251648,1.007135033607483,0.8164610457587295,0.972134530544281
581_class-6,3,0.23737984895706177,0,0.9259141683578491,1.0020426511764526,0.8174897869008767,0.9852173328399658
581_class-6,4,0.2373034507036209,0,0.9270246028900146,1.008716106414795,0.9934060145425129,0.9939506649971008
581_class-6,5,0.23746083676815033,0,0.9250768423080444,1.005115270614624,0.9923429313215498,0.9872381687164307
582_class-6,0,0.28713467717170715,1,0.9156126379966736,0.9439942836761475,1.0,0.8776336908340454
582_class-6,1,0.3610288202762604,0,0.9310111999511719,0.9214085340499878,0.7525338529301,0.7041204571723938
582_class-6,2,0.6263066530227661,0,0.9661819934844971,0.9372814893722534,0.15219739981002517,0.8356566429138184
582_class-6,3,0.41954368352890015,0,0.9650020003318787,0.9460134506225586,0.5269452577411055,0.8681766986846924
582_class-6,4,0.3429906368255615,0,0.9369200468063354,0.908408522605896,0.0497209669692222,0.6576745510101318
582_class-6,5,0.29295164346694946,0,0.9320425987243652,0.9590321779251099,0.7553994879434545,0.716965913772583
583_class-8,0,0.5554305911064148,0,0.9826768636703491,0.9461847543716431,1.0,0.8330408930778503
583_class-8,1,0.5831936001777649,0,0.9962810277938843,0.9583451747894287,0.24111370118870082,0.9438468217849731
583_class-8,2,0.6460779905319214,0,0.9950145483016968,0.9508084654808044,0.605110953729934,0.9901129007339478
583_class-8,3,0.5699468851089478,1,0.9943678379058838,0.9959716796875,0.0,0.993320107460022
583_class-8,4,0.45731598138809204,0,0.994992196559906,0.8321725130081177,0.24449134925965013,0.760560929775238
583_class-8,5,0.7122235298156738,0,0.9920672178268433,0.9405665397644043,0.23843221224148736,0.8947674036026001
584_class-7,0,0.9966621994972229,0,0.9927347898483276,1.0084055662155151,1.0,0.9863256216049194
584_class-7,1,0.9640331268310547,0,0.9927159547805786,1.0070502758026123,0.9943346533527863,0.988631010055542
584_class-7,2,0.9640465974807739,1,0.992766797542572,1.0077542066574097,0.9987510053460756,0.9893518686294556
584_class-7,3,0.9639137983322144,0,0.9926782846450806,1.0073643922805786,0.9926668180613906,0.9865453839302063
584_class-7,4,0.9639772176742554,0,0.9928228855133057,0.9940743446350098,0.9974315312829977,0.9738166332244873
584_class-7,5,0.9640952348709106,0,0.9927160143852234,1.0073646306991577,0.9945566252970189,0.9892486929893494
585_class-6,0,0.8650994300842285,1,0.9284496307373047,1.014273762702942,1.0,0.9844577312469482
585_class-6,1,0.818466305732727,0,0.9252379536628723,1.0140750408172607,0.9940625778260771,0.9837358593940735
585_class-6,2,0.818361222743988,0,0.9256596565246582,1.013355016708374,0.9994453876627052,0.9840198755264282
585_class-6,3,0.818472146987915,0,0.9256014227867126,1.01323401927948,0.9997000056602705,0.9844394326210022
585_class-6,4,0.8183921575546265,0,0.9256247282028198,1.013919472694397,0.9997679275934092,0.9843226671218872
585_class-6,5,0.8151030540466309,0,0.9283629655838013,1.014369010925293,0.9943443012749383,0.9844198226928711
586_class-5,0,0.9194203615188599,1,0.9063840508460999,1.0087082386016846,1.0,0.9844726920127869
586_class-5,1,0.8834081888198853,0,0.9056640863418579,1.0021436214447021,0.9993818035210321,0.9816063046455383
586_class-5,2,0.8832960724830627,0,0.9065253734588623,1.011090874671936,0.9989718985606579,0.9844536781311035
586_class-5,3,0.8833283185958862,0,0.9061214923858643,1.0096797943115234,0.9997310309583367,0.9835641980171204
586_class-5,4,0.8833243250846863,0,0.9060909748077393,1.0041416883468628,0.9994689147036678,0.9828096032142639
586_class-5,5,0.9441020488739014,0,0.890275776386261,0.9950050115585327,0.9374704081310564,0.9816266298294067
587_class-8,0,0.9985471963882446,1,0.8595027327537537,0.9877622127532959,1.0,0.973232090473175
587_class-8,1,0.7391132116317749,0,0.8989119529724121,0.9623360633850098,0.7444450042827632,0.9241616129875183
587_class-8,2,0.5973556041717529,0,0.8785022497177124,0.9632253646850586,0.545361875637105,0.957068920135498
587_class-8,3,0.8074890375137329,0,0.8407002091407776,0.9760003089904785,0.4351328086571569,0.9774278402328491
587_class-8,4,0.7431638240814209,0,0.8888879418373108,0.9471498727798462,0.535874897792314,0.8841162323951721
587_class-8,5,0.723788857460022,0,0.908486008644104,0.9120343923568726,0.576018055146698,0.7522872090339661
588_class-6,0,0.29341205954551697,0,0.9899269938468933,0.8989081382751465,1.0,0.8562568426132202
588_class-6,1,0.29287153482437134,0,0.9883915185928345,0.9767166376113892,0.770107535543115,0.9728401303291321
588_class-6,2,0.29365864396095276,0,0.9830893874168396,0.9510024785995483,0.6088493417844953,0.9425212740898132
588_class-6,3,0.2806619703769684,1,0.9927079677581787,0.9840865135192871,0.7252545300841695,0.9553816914558411
588_class-6,4,0.2937318980693817,0,0.9841625094413757,0.9574762582778931,0.7114575328429759,0.9396680593490601
588_class-6,5,0.29998061060905457,0,0.9853119850158691,0.9740879535675049,0.7767848227658513,0.9589669704437256
589_class-6,0,0.9580690860748291,0,0.966343104839325,0.9997059106826782,1.0,0.9836119413375854
589_class-6,1,0.9181655645370483,0,0.9663006067276001,1.0021288394927979,0.9984651912151277,0.9837983846664429
589_class-6,2,0.9168139696121216,1,0.9669060707092285,1.0025224685668945,0.986972620422583,0.9877707958221436
589_class-6,3,0.9181081056594849,0,0.9662156105041504,1.0012441873550415,0.9852656922920411,0.9831010103225708
589_class-6,4,0.9166684150695801,0,0.967034637928009,1.0010336637496948,0.9864101868493337,0.9878584742546082
589_class-6,5,0.9182931184768677,0,0.9662714004516602,1.0025768280029297,0.9880771419108842,0.9838311076164246
590_class-6,0,0.2097129225730896,0,0.8896437883377075,0.9534382820129395,1.0,0.690414309501648
590_class-6,1,0.3456120193004608,0,0.9115110635757446,0.9568763971328735,0.47719357337734514,0.9502660036087036
590_class-6,2,0.3389558792114258,0,0.9103294610977173,0.9750018119812012,0.9524703269978059,0.9685500860214233
590_class-6,3,0.3491041958332062,1,0.9748782515525818,0.996779203414917,0.0004035484907970425,0.9800193309783936
590_class-6,4,0.21160827577114105,0,0.9036293625831604,0.9410413503646851,0.48163917710443277,0.688662588596344
590_class-6,5,0.331866592168808,0,0.9616491794586182,0.9672622680664062,0.5494779955582922,0.766959547996521
591_class-6,0,0.9769464135169983,1,0.9757391214370728,0.9472490549087524,1.0,0.9051982760429382
591_class-6,1,0.9705233573913574,0,0.972977340221405,0.9937421083450317,0.9748797330850404,0.9847863912582397
591_class-6,2,0.9374204874038696,0,0.9757186770439148,0.932633638381958,0.9379020661469765,0.893288791179657
591_class-6,3,0.8884932994842529,0,0.9769924879074097,0.9013079404830933,0.8909113444410999,0.7388108968734741
591_class-6,4,0.9343076944351196,0,0.975009560585022,0.9454684257507324,0.8077369888475836,0.9132998585700989
591_class-6,5,0.8548980951309204,0,0.9772388935089111,0.9042971134185791,0.7488570106432207,0.7320722937583923
592_class-8,0,0.9903193116188049,0,0.9798759818077087,1.0103267431259155,1.0,0.9876735210418701
592_class-8,1,0.9749945402145386,0,0.9798349738121033,1.0092504024505615,0.9997132753512377,0.9883653521537781
592_class-8,2,0.9750120639801025,0,0.9798167943954468,1.0105139017105103,0.9994402348283159,0.9894201159477234
592_class-8,3,0.975719690322876,0,0.9798744916915894,1.0145514011383057,0.9982141396515527,0.9922188520431519
592_class-8,4,0.9755206108093262,0,0.9799283742904663,1.0029257535934448,0.9991685295240172,0.9864579439163208
592_class-8,5,0.48377105593681335,1,0.9920833706855774,1.0012508630752563,0.2208344695936733,0.9958451390266418
593_class-9,0,0.9949707388877869,1,0.973446249961853,1.0102450847625732,1.0,0.9738326668739319
593_class-9,1,0.9685215950012207,0,0.973153829574585,1.0113873481750488,0.9990377565982405,0.9752058982849121
593_class-9,2,0.9671840667724609,0,0.9733951091766357,1.0101091861724854,0.9982916947566156,0.9740859866142273
593_class-9,3,0.9671070575714111,0,0.97324538230896,1.009097933769226,0.9990695236223053,0.9732901453971863
593_class-9,4,0.9669715166091919,0,0.9733808040618896,1.0101507902145386,0.9987419570430749,0.9728169441223145
593_class-9,5,0.9673842787742615,0,0.9734575152397156,1.0097944736480713,0.999285700243124,0.9735227823257446
594_class-9,0,0.43427619338035583,1,0.9839379787445068,0.9620726108551025,1.0,0.9343587160110474
594_class-9,1,0.2356528639793396,0,0.9539353847503662,0.9977779388427734,0.4855363550129913,0.9862887859344482
594_class-9,2,0.2356618344783783,0,0.9539538025856018,0.9975571632385254,0.9994907313098391,0.9864867329597473
594_class-9,3,0.41655606031417847,0,0.9854239225387573,0.956171989440918,0.48854797067882016,0.9207094311714172
594_class-9,4,0.23570072650909424,0,0.954215407371521,0.9988735914230347,0.48868909753526096,0.9871170520782471
594_class-9,5,0.7412500381469727,0,0.9509549736976624,0.9661679267883301,0.295620621123,0.9400798678398132
595_class-9,0,0.9778093099594116,0,0.928444504737854,1.0014079809188843,1.0,0.9890329837799072
595_class-9,1,0.9402649402618408,1,0.928604006767273,1.0027306079864502,0.9993819334389857,0.9892755746841431
595_class-9,2,0.940794050693512,0,0.9284801483154297,1.001364827156067,0.9983371605036028,0.9885687828063965
595_class-9,3,0.9406368732452393,0,0.9285261631011963,1.0018675327301025,0.9989866202200934,0.9885234832763672
595_class-9,4,0.9407060146331787,0,0.9287010431289673,1.0021315813064575,0.9993193186854936,0.9888860583305359
595_class-9,5,0.9405502080917358,0,0.9287567734718323,1.0016062259674072,0.9993033565547815,0.9887184500694275
596_class-6,0,0.42156103253364563,0,0.9408774375915527,0.9874904155731201,1.0,0.9747813940048218
596_class-6,1,0.37211090326309204,1,0.9411109089851379,0.9874473810195923,0.994612934908777,0.9785720109939575
596_class-6,2,0.3663302958011627,0,0.9436902403831482,0.9656410217285156,0.8954050947582262,0.9422175288200378
596_class-6,3,0.3720882833003998,0,0.9417160749435425,0.9782177209854126,0.895589414595028,0.975902259349823
596_class-6,4,0.369231641292572,0,0.9446723461151123,0.9640892744064331,0.9332144548772673,0.956065833568573
596_class-6,5,0.37000420689582825,0,0.943626880645752,0.9615408182144165,0.9596468406631424,0.9249541759490967
597_class-5,0,0.2954804003238678,0,0.936631441116333,1.0010656118392944,1.0,0.9792757034301758
597_class-5,1,0.2899250388145447,0,0.9334388971328735,1.000907063484192,0.9982751405913513,0.979135274887085
597_class-5,2,0.28973308205604553,0,0.9350203275680542,1.0003982782363892,0.9982547280539708,0.9788164496421814
597_class-5,3,0.2872009575366974,0,0.9385835528373718,1.0066890716552734,0.9851036008851338,0.9855836033821106
597_class-5,4,0.28714850544929504,0,0.9379069209098816,1.0067111253738403,0.9988241206030151,0.9858992099761963
597_class-5,5,0.2871306240558624,1,0.9389025568962097,1.006913185119629,0.9989448932834921,0.9857524633407593
598_class-8,0,0.4437227249145508,1,0.9451756477355957,0.945809006690979,1.0,0.9322566390037537
598_class-8,1,0.29212331771850586,0,0.9726072549819946,0.7900251150131226,0.14775211283293652,0.7789610624313354
598_class-8,2,0.22615261375904083,0,0.9592711925506592,0.9641320705413818,0.5419887087623353,0.7942912578582764
598_class-8,3,0.2911095917224884,0,0.9664496779441833,0.8941253423690796,0.560110666469048,0.7274993062019348
598_class-8,4,0.23259463906288147,0,0.9550148844718933,0.9130866527557373,0.6372071814123161,0.7295176386833191
598_class-8,5,0.2785986661911011,0,0.9710139036178589,0.8530392646789551,0.6775246331018999,0.8135833740234375
599_class-9,0,0.9884572625160217,1,0.9135546684265137,1.0096110105514526,1.0,0.9875440001487732
599_class-9,1,0.7305694818496704,0,0.9387222528457642,0.9503848552703857,0.7599370978087691,0.5797802209854126
599_class-9,2,0.9379528760910034,0,0.9133800864219666,1.0096369981765747,0.7600943728140069,0.9874422550201416
599_class-9,3,0.9379744529724121,0,0.9134825468063354,1.0099378824234009,0.9994689362171706,0.9874844551086426
599_class-9,4,0.9377496242523193,0,0.9138266444206238,1.0093581676483154,0.9995240230400442,0.9874832034111023
599_class-9,5,0.937846839427948,0,0.9134070873260498,1.0089430809020996,0.999737822547261,0.9874741435050964
600_class-6,0,0.969884991645813,1,0.9668236970901489,0.9575927257537842,1.0,0.9389218091964722
600_class-6,1,0.8494495749473572,0,0.972603976726532,0.9594216346740723,0.8917411555448366,0.9378811120986938
600_class-6,2,0.8271316289901733,0,0.9620945453643799,0.9633421897888184,0.9408047788434118,0.9213135242462158
600_class-6,3,0.8122807145118713,0,0.960403323173523,0.9601732492446899,0.9533660690937618,0.9101454615592957
600_class-6,4,0.8041443824768066,0,0.9591916799545288,0.9764569997787476,0.9396250574104744,0.9308613538742065
600_class-6,5,0.8410718441009521,0,0.9633269309997559,0.9532427787780762,0.9007230412924363,0.927021324634552
601_class-7,0,0.9208967685699463,0,0.9867128133773804,1.0067687034606934,1.0,0.9891932010650635
601_class-7,1,0.865475058555603,0,0.9867134094238281,1.0073341131210327,0.9956189529413124,0.9890266060829163
601_class-7,2,0.8654932379722595,0,0.9867157936096191,1.0072174072265625,0.9994914764518925,0.9893198013305664
601_class-7,3,0.8662799596786499,1,0.9869600534439087,1.007047414779663,0.9956067840503139,0.9895445704460144
601_class-7,4,0.8655544519424438,0,0.9866968989372253,1.0071446895599365,0.9959291769304607,0.9892474412918091
601_class-7,5,0.8654887676239014,0,0.9867716431617737,1.0076335668563843,0.9994220187728302,0.9890857338905334
602_class-7,0,0.4325713515281677,0,0.9346487522125244,1.005426287651062,1.0,0.989040195941925
602_class-7,1,0.4203469157218933,0,0.9346893429756165,1.009748935699463,0.9993506861923104,0.9898213744163513
602_class-7,2,0.4203915596008301,0,0.9345928430557251,1.0100330114364624,0.9996721807544886,0.9903767108917236
602_class-7,3,0.420444518327713,1,0.9347323775291443,1.0093988180160522,0.9995397573954051,0.9906376600265503
602_class-7,4,0.42039525508880615,0,0.9344604015350342,1.0082539319992065,0.9995334644676451,0.990828812122345
602_class-7,5,0.42026445269584656,0,0.934401273727417,1.010841727256775,0.9992373052291866,0.9896974563598633
603_class-7,0,0.9859756827354431,1,0.9898226857185364,1.0155597925186157,1.0,0.9924392104148865
603_class-7,1,0.9527722597122192,0,0.9898743033409119,1.0146757364273071,0.9996699291065124,0.992460310459137
603_class-7,2,0.9527424573898315,0,0.9899366497993469,1.0157573223114014,0.9994978263052929,0.9923282861709595
603_class-7,3,0.9527785778045654,0,0.9899042844772339,1.0154473781585693,0.9997560835629018,0.9922907948493958
603_class-7,4,0.9527750015258789,0,0.9898363351821899,1.0151300430297852,0.9998278088678433,0.992347776889801
603_class-7,5,0.9528555870056152,0,0.9898980855941772,1.015405535697937,0.9996125894093424,0.9923897385597229
604_class-9,0,0.9771413207054138,0,0.9980320930480957,0.9907128810882568,1.0,0.9839609861373901
604_class-9,1,0.9174853563308716,0,0.9980406165122986,0.9933066368103027,0.9980443703513722,0.9862154126167297
604_class-9,2,0.916921079158783,0,0.9980444312095642,0.9903984069824219,0.9976917898246401,0.9844467639923096
604_class-9,3,0.9174225330352783,0,0.9980630278587341,0.9937654733657837,0.9967633392084602,0.9872874021530151
604_class-9,4,0.9177974462509155,0,0.9980428218841553,0.9923861026763916,0.9978850221111325,0.9854193329811096
604_class-9,5,0.9172733426094055,1,0.9980387091636658,0.9961981773376465,0.997502001601281,0.9873534440994263
605_class-5,0,0.7726935148239136,0,0.9673036336898804,0.9933967590332031,1.0,0.9704843163490295
605_class-5,1,0.9490131139755249,0,0.9947330355644226,1.0027554035186768,0.6970695708246758,0.9930712580680847
605_class-5,2,0.7401010990142822,0,0.9674439430236816,0.9977072477340698,0.6987571898110106,0.9721255898475647
605_class-5,3,0.9490594863891602,0,0.9950971603393555,1.0012173652648926,0.6987725335113759,0.9927074313163757
605_class-5,4,0.9489074349403381,1,0.9948010444641113,1.0025626420974731,0.9988932414917939,0.992988109588623
605_class-5,5,0.9491052031517029,0,0.994545042514801,1.0012376308441162,0.9987184714859906,0.9928078651428223
606_class-6,0,0.4646117091178894,1,0.9951156377792358,0.9532921314239502,1.0,0.9511162042617798
606_class-6,1,0.44910144805908203,0,0.9953003525733948,0.9201476573944092,0.4724011956160744,0.875740110874176
606_class-6,2,0.38428425788879395,0,0.9921761751174927,0.831764817237854,0.1216413078666235,0.8415547609329224
606_class-6,3,0.5913930535316467,0,0.987845242023468,0.9062309265136719,0.09548228666353689,0.6707291007041931
606_class-6,4,0.39769071340560913,0,0.9949238896369934,0.9429153203964233,0.15682436106579664,0.9578913450241089
606_class-6,5,0.5769535899162292,0,0.9927168488502502,0.9518903493881226,0.12383186269034588,0.9262362122535706
607_class-9,0,0.7060366868972778,1,0.868541419506073,0.9704902172088623,1.0,0.9675781726837158
607_class-9,1,0.9321939945220947,0,0.8694518804550171,0.9891198873519897,0.5646410309461177,0.9719749689102173
607_class-9,2,0.5604071021080017,0,0.8815633058547974,0.9606091976165771,0.3664304375243987,0.5195040702819824
607_class-9,3,0.9172868728637695,0,0.876183032989502,0.9644560813903809,0.37098613251155627,0.8877314925193787
607_class-9,4,0.6734615564346313,0,0.863714337348938,1.0119742155075073,0.5573116511358792,0.9870409965515137
607_class-9,5,0.6790748834609985,0,0.8754270672798157,0.9401454925537109,0.9691351657985664,0.9097614884376526
608_class-9,0,0.9970203638076782,1,0.9981732964515686,1.013014554977417,1.0,0.9960012435913086
608_class-9,1,0.9695651531219482,0,0.9981794357299805,1.0126068592071533,0.9997162798615445,0.996060848236084
608_class-9,2,0.9695470333099365,0,0.9981737732887268,1.0125939846038818,0.9997162879110278,0.9961236119270325
608_class-9,3,0.9695765376091003,0,0.9981940984725952,1.0128259658813477,0.9996311847480708,0.996128261089325
608_class-9,4,0.96947181224823,0,0.9981949329376221,1.0124714374542236,0.9993760104376436,0.9960651397705078
608_class-9,5,0.9696230888366699,0,0.9982070326805115,1.0130808353424072,0.9989504737051115,0.9959901571273804
609_class-8,0,0.435263991355896,1,0.9747565984725952,1.0066546201705933,1.0,0.9967654943466187
609_class-8,1,0.41644057631492615,0,0.9745016098022461,1.0108705759048462,0.9985232067510549,0.9967343211174011
609_class-8,2,0.41635486483573914,0,0.9638358354568481,0.9948967695236206,0.9894286433425623,0.9901039004325867
609_class-8,3,0.4165598452091217,0,0.9747222065925598,1.0075067281723022,0.9913383509229281,0.9969608783721924
609_class-8,4,0.41654491424560547,0,0.974285900592804,1.0074429512023926,0.9994076831951261,0.9971573948860168
609_class-8,5,0.4165467917919159,0,0.9742696285247803,1.0072349309921265,0.9998730642294998,0.9971327185630798
610_class-9,0,0.9869418144226074,1,0.9946975708007812,1.0008550882339478,1.0,0.9893187880516052
610_class-9,1,0.5581844449043274,0,0.9820857048034668,0.9696283340454102,0.32779711294183295,0.8611456155776978
610_class-9,2,0.62639319896698,0,0.9899618625640869,0.9841669797897339,0.7619195137782498,0.9492462277412415
610_class-9,3,0.6743108034133911,0,0.9912080764770508,0.9542832374572754,0.7836395517267668,0.8336978554725647
610_class-9,4,0.9066991806030273,0,0.9962494969367981,0.9547544717788696,0.44173117221913355,0.944571852684021
610_class-9,5,0.9614619016647339,0,0.9945815205574036,1.0010461807250977,0.884302258915262,0.9896891713142395
611_class-8,0,0.5204699039459229,1,0.9964482188224792,1.0095515251159668,1.0,0.9936845898628235
611_class-8,1,0.4373307228088379,0,0.9964220523834229,0.9878697395324707,0.9917957182387495,0.9916201829910278
611_class-8,2,0.4374520182609558,0,0.9964377880096436,1.009734034538269,0.9917957182387495,0.9938607215881348
611_class-8,3,0.44104868173599243,0,0.9982198476791382,0.9834235906600952,0.9675463116501635,0.9784310460090637
611_class-8,4,0.5384125709533691,0,0.9964936971664429,0.9928486347198486,0.15746666381284646,0.9630053043365479
611_class-8,5,0.4380819797515869,0,0.9979820251464844,0.9896419644355774,0.14818866224824656,0.9825263023376465
612_class-9,0,0.957366943359375,1,0.9962884187698364,0.9997122287750244,1.0,0.9892823100090027
612_class-9,1,0.903233528137207,0,0.9962490797042847,0.9972590208053589,0.9966449412864725,0.988457202911377
612_class-9,2,0.9047935605049133,0,0.9958477020263672,1.0125999450683594,0.9757066544976244,0.9953180551528931
612_class-9,3,0.9048192501068115,0,0.9958664774894714,1.0127007961273193,0.9998120553094375,0.9953413009643555
612_class-9,4,0.904857873916626,0,0.9959225058555603,1.012560248374939,0.9996509504886694,0.9952234625816345
612_class-9,5,0.9048363566398621,0,0.9960992336273193,1.0125491619110107,0.9993020134228188,0.9952042698860168
613_class-8,0,0.3595064580440521,1,0.9894848465919495,0.931059718132019,1.0,0.7995167374610901
613_class-8,1,0.4132561981678009,0,0.9934309720993042,0.8985887765884399,0.06789785181937746,0.8609996438026428
613_class-8,2,0.34829166531562805,0,0.9816638827323914,0.9942152500152588,0.0,0.978050947189331
613_class-8,3,0.3388623595237732,0,0.9860416054725647,0.9428025484085083,0.6694682907096948,0.8217087388038635
613_class-8,4,0.344450443983078,0,0.9826447367668152,0.9811786413192749,0.6420319841372473,0.9752553105354309
613_class-8,5,0.3240833580493927,0,0.9849481582641602,0.9512107372283936,0.7145832881289734,0.8851468563079834
614_class-8,0,0.30929210782051086,0,0.9357709288597107,1.0071346759796143,1.0,0.9853999614715576
614_class-8,1,0.2886236906051636,0,0.9356204271316528,1.0071958303451538,0.9992255979169706,0.9857476949691772
614_class-8,2,0.2887486219406128,0,0.9364286065101624,1.0066537857055664,0.998787905995376,0.9847486615180969
614_class-8,3,0.2888060510158539,1,0.9375364780426025,1.007827877998352,0.9968022799183179,0.9855196475982666
614_class-8,4,0.28873610496520996,0,0.9352245330810547,1.0074455738067627,0.9969257351868682,0.9852859377861023
614_class-8,5,0.2888668179512024,0,0.93669193983078,1.0084129571914673,0.996767205091652,0.9848676919937134
615_class-8,0,0.4693583548069,0,0.9802433848381042,0.9112377166748047,1.0,0.8597463369369507
615_class-8,1,0.41845864057540894,0,0.9972590208053589,0.7470245361328125,0.0,0.7223195433616638
615_class-8,2,0.40247827768325806,0,0.9897065162658691,0.8833681344985962,0.009213529777962233,0.7909427285194397
615_class-8,3,0.4222903847694397,1,0.9905896186828613,0.9611749649047852,0.022812716720808847,0.9574100971221924
615_class-8,4,0.4117322564125061,0,0.9920861124992371,0.8834375143051147,0.8299476625565511,0.9472746253013611
615_class-8,5,0.4138661324977875,0,0.9948245286941528,0.8840866684913635,0.8130036121144762,0.9496557712554932
616_class-7,0,0.9590333700180054,1,0.9929575324058533,0.9999333620071411,1.0,0.9910364151000977
616_class-7,1,0.9056828022003174,0,0.9929168224334717,0.9996436834335327,0.9986514380074308,0.9910032749176025
616_class-7,2,0.9059932231903076,0,0.9929358959197998,1.0010923147201538,0.9986793231531159,0.9912935495376587
616_class-7,3,0.9060325622558594,0,0.992927610874176,1.001010537147522,0.9990088651505974,0.9909171462059021
616_class-7,4,0.9059990644454956,0,0.99294114112854,1.000882625579834,0.9995042414894789,0.9909387230873108
616_class-7,5,0.9086543321609497,0,0.9929879307746887,0.9998986721038818,0.9915707123574459,0.9835439920425415
617_class-9,0,0.4022994041442871,1,0.9673312306404114,0.9762594699859619,1.0,0.9088682532310486
617_class-9,1,0.3834797143936157,0,0.9623900055885315,0.9793975353240967,0.9566279054419704,0.906924307346344
617_class-9,2,0.27548038959503174,0,0.9101768732070923,1.001969575881958,0.5273901602743003,0.9722577929496765
617_class-9,3,0.311116486787796,0,0.937091052532196,0.9643899202346802,0.7044696706100673,0.8528667092323303
617_class-9,4,0.4102625548839569,0,0.9670698046684265,0.9843019247055054,0.668406473246829,0.9316731691360474
617_class-9,5,0.3844398260116577,0,0.9576361775398254,0.9686437845230103,0.9324663502178295,0.9045969843864441
618_class-8,0,0.39244475960731506,0,0.9556864500045776,0.9842455387115479,1.0,0.9392356872558594
618_class-8,1,0.37300488352775574,0,0.9577834606170654,0.9410607814788818,0.9853581215410241,0.847510576248169
618_class-8,2,0.2799062430858612,1,0.966008722782135,0.9813657999038696,0.8403001747716258,0.9672617316246033
618_class-8,3,0.3607208728790283,0,0.9614485502243042,0.9871920347213745,0.8632316988790996,0.9317883253097534
618_class-8,4,0.3670603036880493,0,0.9586107730865479,0.984356164932251,0.9816117903015849,0.934743344783783
618_class-8,5,0.37189239263534546,0,0.9612515568733215,0.9241359233856201,0.9568986557949071,0.8368585705757141
619_class-5,0,0.9925001263618469,1,0.9913768172264099,1.0146464109420776,1.0,0.9929789304733276
619_class-5,1,0.9722031354904175,0,0.9914584159851074,1.013954997062683,0.9994572387648424,0.9930432438850403
619_class-5,2,0.9722621440887451,0,0.9914045333862305,1.0141011476516724,0.9990984071860286,0.9928203225135803
619_class-5,3,0.9719517230987549,0,0.9914226531982422,1.011244297027588,0.9979124742190566,0.9932669997215271
619_class-5,4,0.9673131704330444,0,0.9914438128471375,1.0102037191390991,0.9921847544138566,0.989614725112915
619_class-5,5,0.9723464250564575,0,0.9913943409919739,1.0139803886413574,0.9900391587138575,0.992821216583252
620_class-6,0,0.24725186824798584,1,0.9298450946807861,0.9333527684211731,1.0,0.9843848943710327
620_class-6,1,0.240135058760643,0,0.9287748336791992,0.9442213773727417,0.9995826437360581,0.9581409096717834
620_class-6,2,0.23988163471221924,0,0.9200003147125244,0.9999619722366333,0.9971856872092355,0.9914657473564148
620_class-6,3,0.23987977206707,0,0.920500636100769,1.000325322151184,0.9978619294293217,0.9918844103813171
620_class-6,4,0.23744167387485504,0,0.9389733076095581,0.9648716449737549,0.976739607357822,0.9804859161376953
620_class-6,5,0.24014250934123993,0,0.9295377731323242,0.924963653087616,0.9792380227493763,0.9853377938270569
621_class-8,0,0.4835726320743561,0,0.9912785291671753,0.9716980457305908,1.0,0.9336057305335999
621_class-8,1,0.45525962114334106,0,0.9930800199508667,0.9777311086654663,0.9513348553324326,0.9249384999275208
621_class-8,2,0.4497802257537842,0,0.9947471022605896,0.9745405912399292,0.723413859097967,0.8793129920959473
621_class-8,3,0.4292381703853607,1,0.9941486120223999,0.9721018075942993,0.7061014844499633,0.9563848376274109
621_class-8,4,0.4587869346141815,0,0.9930949211120605,0.9557802677154541,0.9301488833746898,0.9339385032653809
621_class-8,5,0.4652854800224304,0,0.9907177090644836,0.9528466463088989,0.9710547672331111,0.925994336605072
622_class-5,0,0.9669737815856934,0,0.9618690013885498,0.9954702854156494,1.0,0.9520074129104614
622_class-5,1,0.8632925152778625,0,0.9583513736724854,0.9906377792358398,0.9010008089245066,0.9329230785369873
622_class-5,2,0.7642630338668823,0,0.9756782054901123,0.9915337562561035,0.792967415276613,0.9282200932502747
622_class-5,3,0.8635686039924622,1,0.971202552318573,1.0010170936584473,0.8353262055422213,0.968032956123352
622_class-5,4,0.9299407005310059,0,0.9602020382881165,0.9990184307098389,0.8658234314690078,0.9501367211341858
622_class-5,5,0.6931107044219971,0,0.9794397950172424,0.9843635559082031,0.6212079596147106,0.9208212494850159
623_class-5,0,0.9962891340255737,0,0.9627678394317627,1.0143214464187622,1.0,0.9948000311851501
623_class-5,1,0.9749358892440796,0,0.9627453088760376,1.014680027961731,0.9996452744808544,0.9949192404747009
623_class-5,2,0.9749608039855957,1,0.9628981351852417,1.0147522687911987,0.9998274407546591,0.9948328137397766
623_class-5,3,0.9715662002563477,0,0.9603259563446045,1.009551763534546,0.9922438257401442,0.9900970458984375
623_class-5,4,0.9749087691307068,0,0.9627388715744019,1.0150789022445679,0.992529297811535,0.9947778582572937
623_class-5,5,0.9746862053871155,0,0.9622480273246765,1.012347936630249,0.9991944918586142,0.9948908686637878
624_class-5,0,0.9625383019447327,0,0.9498542547225952,0.9967405796051025,1.0,0.9518069624900818
624_class-5,1,0.9338128566741943,0,0.9503061771392822,0.987052321434021,0.9898062572739098,0.9502915143966675
624_class-5,2,0.8363147974014282,0,0.9477592706680298,0.9847738742828369,0.8685136959876543,0.9382228255271912
624_class-5,3,0.9253582954406738,1,0.9505112171173096,0.9970370531082153,0.8603035124514838,0.952358603477478
624_class-5,4,0.9152411222457886,0,0.950271725654602,0.994886040687561,0.9889707659689082,0.9500043392181396
624_class-5,5,0.9252868890762329,0,0.9505612850189209,0.9962128400802612,0.9893143058443218,0.949523389339447
625_class-5,0,0.2911708354949951,1,0.9364742040634155,1.0049175024032593,1.0,0.9937911033630371
625_class-5,1,0.3257277309894562,0,0.937155544757843,1.0035735368728638,0.6629597022071885,0.9885185956954956
625_class-5,2,0.32526886463165283,0,0.9396718740463257,0.9955962896347046,0.9923671184715733,0.9875807166099548
625_class-5,3,0.28544437885284424,0,0.936257004737854,1.0042048692703247,0.6670373115888313,0.9936004281044006
625_class-5,4,0.3258518874645233,0,0.9388249516487122,1.004245638847351,0.6621093448270535,0.9899132251739502
625_class-5,5,0.3255927562713623,0,0.9380826950073242,1.0028892755508423,0.9963032712561902,0.9889333248138428
626_class-7,0,0.9977840185165405,0,0.9869670867919922,1.0013889074325562,1.0,0.9889932870864868
626_class-7,1,0.700332760810852,0,0.9768041372299194,1.002813696861267,0.5449766833019717,0.9896768927574158
626_class-7,2,0.9110538363456726,1,0.9870514869689941,1.0020707845687866,0.5451978557106028,0.9891525506973267
626_class-7,3,0.9140352010726929,0,0.986748218536377,1.0007609128952026,0.9885008082172161,0.9827476739883423
626_class-7,4,0.910927414894104,0,0.9870365858078003,1.00072181224823,0.988217726593982,0.9888157844543457
626_class-7,5,0.7005045413970947,0,0.9767786860466003,1.002872347831726,0.5447126201677235,0.9893004298210144
627_class-7,0,0.43423736095428467,0,0.9780460596084595,0.9261448383331299,1.0,0.8198562264442444
627_class-7,1,0.9508649706840515,0,0.9966573715209961,1.0068329572677612,0.24181959833795014,0.9923762083053589
627_class-7,2,0.42046797275543213,0,0.9643029570579529,0.9562222957611084,0.24869905324649164,0.7349621653556824
627_class-7,3,0.9509307742118835,0,0.9966639280319214,1.007086992263794,0.2486570872221849,0.9925774931907654
627_class-7,4,0.9509669542312622,1,0.9966335296630859,1.0071913003921509,0.998899816636106,0.9926210641860962
627_class-7,5,0.4221796989440918,0,0.9626739025115967,0.9564247131347656,0.24971526436122196,0.7414200901985168
628_class-9,0,0.862464189529419,0,0.9905029535293579,0.9976491928100586,1.0,0.961268424987793
628_class-9,1,0.824052095413208,0,0.992113471031189,0.9988206624984741,0.9752974172471183,0.9646816849708557
628_class-9,2,0.6236990690231323,0,0.9823407530784607,0.9851888418197632,0.5725801479654747,0.9688541293144226
628_class-9,3,0.6109614372253418,0,0.9817536473274231,0.9823020696640015,0.9537311440395141,0.9796059727668762
628_class-9,4,0.82572340965271,1,0.991681694984436,0.9994262456893921,0.5487718104195025,0.9676344990730286
628_class-9,5,0.8343931436538696,0,0.99125075340271,0.9977967739105225,0.9783372818630867,0.9562628269195557
629_class-9,0,0.6568999290466309,1,0.9959605932235718,1.0005453824996948,1.0,0.9927099347114563
629_class-9,1,0.48589658737182617,0,0.9961901307106018,0.9544597864151001,0.4257721846065507,0.9091793894767761
629_class-9,2,0.6028739213943481,0,0.9957506656646729,1.0055748224258423,0.42788091573682185,0.994710385799408
629_class-9,3,0.5684353113174438,0,0.9980731010437012,0.958654522895813,0.6663656395621862,0.9403905272483826
629_class-9,4,0.5495800971984863,0,0.9979952573776245,0.8821403384208679,0.8891389599317988,0.9391038417816162
629_class-9,5,0.40785735845565796,0,0.9933760166168213,0.9744307994842529,0.2138092416161432,0.9231216311454773
630_class-5,0,0.821792483329773,1,0.9147393703460693,1.0086320638656616,1.0,0.9942260980606079
630_class-5,1,0.9583547711372375,0,0.9531204700469971,1.0067986249923706,0.7587319520508597,0.9894044399261475
630_class-5,2,0.7972739934921265,0,0.9145298004150391,1.0095692873001099,0.75889172913615,0.9941030740737915
630_class-5,3,0.6620278358459473,0,0.9041178226470947,0.9623739719390869,0.7321007725559883,0.8431008458137512
630_class-5,4,0.9583805799484253,0,0.9527369737625122,1.0073307752609253,0.5566682318668366,0.9891961812973022
630_class-5,5,0.7972897291183472,0,0.9144742488861084,1.008676290512085,0.7591163289539204,0.9942021369934082
631_class-6,0,0.3356935679912567,1,0.9843644499778748,1.011742115020752,1.0,0.9949215650558472
631_class-6,1,0.32584449648857117,0,0.9844082593917847,1.0116924047470093,0.9996227364185111,0.9948717355728149
631_class-6,2,0.3258490562438965,0,0.9845272302627563,1.0114718675613403,0.9996478208917678,0.9946907758712769
631_class-6,3,0.3258592486381531,0,0.9844536781311035,1.011639952659607,0.9996855622775354,0.994815468788147
631_class-6,4,0.32589191198349,0,0.984318733215332,1.0116562843322754,0.9993589260125197,0.9949418306350708
631_class-6,5,0.3258688449859619,0,0.9845322966575623,1.0114173889160156,0.9995349187993363,0.9947395324707031
632_class-5,0,0.49174684286117554,0,0.9948907494544983,0.9670248031616211,1.0,0.9647685885429382
632_class-5,1,0.6571097373962402,0,0.986542284488678,1.0072507858276367,0.2382903900203525,0.9920468926429749
632_class-5,2,0.660512387752533,0,0.9849033355712891,1.009415864944458,0.988036804712068,0.9867739081382751
632_class-5,3,0.4035371243953705,1,0.9964877367019653,0.9844894409179688,0.296866940649906,0.9830015897750854
632_class-5,4,0.4214036464691162,0,0.9912675619125366,0.9505523443222046,0.4757968851643516,0.9322323203086853
632_class-5,5,0.507979691028595,0,0.9901643991470337,0.9805272817611694,0.32115738338914307,0.8668522834777832
633_class-5,0,0.9911444187164307,0,0.9936462044715881,0.9995945692062378,1.0,0.9895562529563904
633_class-5,1,0.6555037498474121,0,0.990368664264679,0.9651069641113281,0.4061456245824983,0.9705958366394043
633_class-5,2,0.9655889272689819,1,0.994355320930481,1.0064343214035034,0.4028216220429479,0.9934812188148499
633_class-5,3,0.9645035266876221,0,0.9937440752983093,1.0057590007781982,0.9953450482951239,0.9951080083847046
633_class-5,4,0.6521459817886353,0,0.9918502569198608,0.979468584060669,0.39450715698824623,0.9851050972938538
633_class-5,5,0.6524919867515564,0,0.9922276735305786,0.9797775745391846,0.9909170817462642,0.985081672668457
634_class-6,0,0.44004493951797485,1,0.9959331154823303,0.9765410423278809,1.0,0.966976523399353
634_class-6,1,0.42272651195526123,0,0.9921671152114868,0.9974098205566406,0.4536338990604226,0.9905055165290833
634_class-6,2,0.4717515707015991,0,0.9944506287574768,0.9377175569534302,0.3145452668524827,0.9171201586723328
634_class-6,3,0.4192157983779907,0,0.9960446953773499,0.9767626523971558,0.68485392106612,0.9688268303871155
634_class-6,4,0.4119570553302765,0,0.997341513633728,0.9705289602279663,0.7753229193636547,0.9561761021614075
634_class-6,5,0.41220638155937195,0,0.9971990585327148,0.9717587232589722,0.9662979605945385,0.9659618735313416
635_class-6,0,0.942734956741333,1,0.9613786935806274,0.8885546922683716,1.0,0.9003478288650513
635_class-6,1,0.3529878854751587,0,0.9963370561599731,0.9127957820892334,0.1513566266331393,0.6204137802124023
635_class-6,2,0.5674492120742798,0,0.9850320816040039,0.9431242942810059,0.2744432974487539,0.8424380421638489
635_class-6,3,0.9436252117156982,0,0.959678590297699,0.9944137334823608,0.46033806626098717,0.9811891913414001
635_class-6,4,0.6543359756469727,0,0.9868851900100708,0.9546083211898804,0.593907759988461,0.876392126083374
635_class-6,5,0.6454899311065674,0,0.8876733183860779,0.9719237089157104,0.39352039720239657,0.8611644506454468
636_class-9,0,0.7133432626724243,0,0.9696167707443237,0.9970895051956177,1.0,0.9876999855041504
636_class-9,1,0.8833300471305847,0,0.9659166932106018,0.999060869216919,0.5405959169567257,0.9723955392837524
636_class-9,2,0.8831374645233154,0,0.9644453525543213,0.9957839250564575,0.9959908928924965,0.9746804237365723
636_class-9,3,0.8827332258224487,0,0.9630320072174072,0.9965771436691284,0.9971076116783268,0.9771367311477661
636_class-9,4,0.6881515383720398,1,0.9699367880821228,0.9967019557952881,0.5397966468893868,0.9882686138153076
636_class-9,5,0.6882154941558838,0,0.967560887336731,0.9974613189697266,0.9988251242657027,0.9880874752998352
637_class-7,0,0.9950779676437378,1,0.9943427443504333,0.9979433417320251,1.0,0.9356331825256348
637_class-7,1,0.9569811820983887,0,0.9943263530731201,0.9957806468009949,0.9991737846737057,0.9336889386177063
637_class-7,2,0.9532008767127991,0,0.9941076040267944,0.9967703819274902,0.9742128828978228,0.9811206459999084
637_class-7,3,0.956710934638977,0,0.9943413734436035,0.9994542002677917,0.9763924095614888,0.9462283849716187
637_class-7,4,0.9566391110420227,0,0.9943205118179321,0.9983795285224915,0.9977193876313172,0.9385003447532654
637_class-7,5,0.9570772647857666,0,0.9943434596061707,0.9987393617630005,0.9982273378499794,0.9400070905685425
638_class-9,0,0.996418833732605,1,0.9690417647361755,1.01405930519104,1.0,0.9850591421127319
638_class-9,1,0.7954564094543457,0,0.9695189595222473,1.0147374868392944,0.998013857235692,0.9849783182144165
638_class-9,2,0.795391857624054,0,0.9695170521736145,1.014469027519226,0.9998810259226211,0.9849705696105957
638_class-9,3,0.7953830361366272,0,0.9696101546287537,1.0152610540390015,0.9997758247590116,0.9846451282501221
638_class-9,4,0.7953829765319824,0,0.9695566892623901,1.0154021978378296,0.9998124290890459,0.9848607182502747
638_class-9,5,0.7952861785888672,0,0.9695164561271667,1.0150963068008423,0.9997758145025141,0.9858337044715881
639_class-9,0,0.9956681728363037,0,0.9608845710754395,1.0069618225097656,1.0,0.9752747416496277
639_class-9,1,0.9347255229949951,0,0.9598742723464966,1.003350019454956,0.995568862275449,0.9772865176200867
639_class-9,2,0.9334210157394409,0,0.9612014889717102,1.006569266319275,0.9960122591327016,0.9751167297363281
639_class-9,3,0.9327773451805115,0,0.9606066942214966,1.0066357851028442,0.9983243067437816,0.9742849469184875
639_class-9,4,0.9342120289802551,0,0.9602908492088318,1.0015469789505005,0.9967954826186695,0.9714553356170654
639_class-9,5,0.9336092472076416,1,0.9612476825714111,1.0082995891571045,0.9975227434733819,0.9773712158203125
640_class-6,0,0.36738723516464233,0,0.9554327130317688,0.986931324005127,1.0,0.9325464963912964
640_class-6,1,0.34568873047828674,0,0.9569200277328491,0.9819703102111816,0.9628345888764225,0.9346759915351868
640_class-6,2,0.3458043038845062,0,0.9567577838897705,0.9738830327987671,0.9513631707509258,0.9534014463424683
640_class-6,3,0.34525084495544434,1,0.9583110809326172,0.9730881452560425,0.9782811770200841,0.9455992579460144
640_class-6,4,0.3458130657672882,0,0.9624991416931152,0.9610786437988281,0.9263423903461516,0.9197685122489929
640_class-6,5,0.49866485595703125,0,0.9740791320800781,0.8845781087875366,0.6127781431546641,0.6408916711807251
641_class-7,0,0.9977840185165405,1,0.9634519815444946,1.0044559240341187,1.0,0.9939118027687073
641_class-7,1,0.4623458981513977,0,0.9216298460960388,0.9440144300460815,0.0,0.0
641_class-7,2,0.8587019443511963,0,0.9691684246063232,0.9354158639907837,0.0,0.5275603532791138
641_class-7,3,0.9615349173545837,0,0.9635673761367798,1.004164695739746,0.7798756945098408,0.9935663342475891
641_class-7,4,0.17953462898731232,0,0.9823093414306641,0.9838615655899048,0.05883999197372451,0.8543263673782349
641_class-7,5,0.8965919613838196,0,0.9719849824905396,0.947319507598877,0.07257587285484826,0.5191836357116699
642_class-7,0,0.9980776309967041,0,0.9573345184326172,1.0068796873092651,1.0,0.9640666842460632
642_class-7,1,0.9632257223129272,0,0.9577013254165649,1.0026569366455078,0.9962676271112596,0.9825875759124756
642_class-7,2,0.9638357162475586,0,0.9577947854995728,1.0072364807128906,0.9962095357044309,0.9670647382736206
642_class-7,3,0.9638222455978394,0,0.9580601453781128,1.0075803995132446,0.9996356269402865,0.9667907357215881
642_class-7,4,0.956811785697937,0,0.9578332901000977,1.0045514106750488,0.9888670309653916,0.960544764995575
642_class-7,5,0.9631553888320923,1,0.958008885383606,1.0054467916488647,0.9856118241477437,0.9864559173583984
643_class-5,0,0.5373080968856812,1,0.9776594042778015,1.0090827941894531,1.0,0.9932412505149841
643_class-5,1,0.5211207866668701,0,0.9774948954582214,1.008601427078247,0.9990983129726585,0.9932625889778137
643_class-5,2,0.5209851264953613,0,0.9776291251182556,1.0091298818588257,0.9993309869397016,0.9932627081871033
643_class-5,3,0.5208315253257751,0,0.9775170683860779,1.0088763236999512,0.9990589376667475,0.9928142428398132
643_class-5,4,0.5208961963653564,0,0.9775441884994507,1.0083941221237183,0.9995340891442771,0.9928606152534485
643_class-5,5,0.5207897424697876,0,0.9775451421737671,1.0088776350021362,0.9992138517382612,0.9927425980567932
644_class-6,0,0.4380151927471161,0,0.9822831749916077,0.8550364971160889,1.0,0.571392834186554
644_class-6,1,0.42487597465515137,0,0.9518613219261169,0.9373601675033569,0.3455221745350501,0.9131126999855042
644_class-6,2,0.3946223556995392,0,0.9651093482971191,0.8759111166000366,0.4019331326255744,0.7003281116485596
644_class-6,3,0.761367678642273,0,0.9808151125907898,0.8198096752166748,0.09608599665751955,0.7138686776161194
644_class-6,4,0.3943842947483063,0,0.9701398611068726,0.9117100238800049,0.09423460061207303,0.7007221579551697
644_class-6,5,0.8035799860954285,1,0.9845890402793884,0.9379268884658813,0.11813512445673646,0.926904559135437
645_class-6,0,0.2931661009788513,1,0.9940470457077026,0.9988254308700562,1.0,0.9908608198165894
645_class-6,1,0.23157209157943726,0,0.99468994140625,0.9784989356994629,0.6001356288145604,0.9689590930938721
645_class-6,2,0.23139971494674683,0,0.9950081706047058,0.9767411947250366,0.9840271581833613,0.9725401997566223
645_class-6,3,0.23149918019771576,0,0.9947717785835266,0.97603440284729,0.9884090810057083,0.9694037437438965
645_class-6,4,0.24094441533088684,0,0.9931433796882629,0.9842065572738647,0.5531535019790054,0.9273168444633484
645_class-6,5,0.2422497272491455,0,0.9931569695472717,0.9994401931762695,0.9099527736660323,0.9847248792648315
646_class-8,0,0.28316789865493774,1,0.9825468063354492,0.9918221235275269,1.0,0.9528590440750122
646_class-8,1,0.30382153391838074,0,0.9798403978347778,0.9782220125198364,0.5931119550751452,0.9635688662528992
646_class-8,2,0.29745182394981384,0,0.9678303599357605,0.9616321325302124,0.6954903488271444,0.9606612324714661
646_class-8,3,0.31046172976493835,0,0.9751843810081482,0.9335880279541016,0.6755382587408197,0.916536808013916
646_class-8,4,0.30195605754852295,0,0.975566029548645,0.9234915375709534,0.937213588364216,0.9509965181350708
646_class-8,5,0.30416417121887207,0,0.9805111885070801,0.9724020957946777,0.9505367507319328,0.9586835503578186
647_class-7,0,0.8072910904884338,0,0.9469453692436218,0.9351911544799805,1.0,0.841354250907898
647_class-7,1,0.6095054149627686,0,0.9954904317855835,0.9989361763000488,0.3431032832392074,0.9823427796363831
647_class-7,2,0.60979163646698,0,0.9953672885894775,0.9987623691558838,0.9984224510129525,0.982765793800354
647_class-7,3,0.6095594763755798,1,0.9955194592475891,0.9992855787277222,0.9987543597409069,0.9825512766838074
647_class-7,4,0.6095196008682251,0,0.9954828023910522,0.9990845918655396,0.9991136470653408,0.9831988215446472
647_class-7,5,0.9549201130867004,0,0.9891973733901978,0.9238346219062805,0.4551202610081186,0.9473556876182556
648_class-7,0,0.19183024764060974,1,0.9842010736465454,1.0135362148284912,1.0,0.994939923286438
648_class-7,1,0.18808545172214508,0,0.9840425252914429,1.013606071472168,0.9959404345901346,0.9904935956001282
648_class-7,2,0.1877634972333908,0,0.9841967225074768,1.013723611831665,0.9959404345901346,0.9948850870132446
648_class-7,3,0.18777377903461456,0,0.9841911196708679,1.0136326551437378,0.9999058149829525,0.9949023723602295
648_class-7,4,0.1877835988998413,0,0.9841898083686829,1.0140208005905151,0.9998587277967187,0.9949997067451477
648_class-7,5,0.18779060244560242,0,0.984177827835083,1.0137962102890015,0.9998869758505067,0.9950222969055176
649_class-6,0,0.9932882785797119,1,0.9445321559906006,0.9966204166412354,1.0,0.9819097518920898
649_class-6,1,0.9394655227661133,0,0.9444141387939453,0.9966609477996826,0.9973997792618366,0.981955885887146
649_class-6,2,0.939508318901062,0,0.9446629881858826,0.9956352710723877,0.9928498086437039,0.9775885343551636
649_class-6,3,0.9394397735595703,0,0.9445427060127258,0.99677574634552,0.9934847947430321,0.9817557334899902
649_class-6,4,0.9393340349197388,0,0.9452434778213501,0.9827094078063965,0.9911718241799089,0.9836897253990173
649_class-6,5,0.9380606412887573,0,0.9444327354431152,0.9980237483978271,0.9883897208356442,0.9817220568656921
650_class-8,0,0.5082413554191589,0,0.9887728691101074,0.9101295471191406,1.0,0.8791025280952454
650_class-8,1,0.368367075920105,0,0.993177056312561,0.9664158821105957,0.40269133312012595,0.9462575316429138
650_class-8,2,0.6226450204849243,0,0.9881808757781982,0.9404466152191162,0.3961488852036116,0.69206303358078
650_class-8,3,0.3791310489177704,1,0.9961978793144226,0.9763169288635254,0.4418594946481107,0.9698898196220398
650_class-8,4,0.5937883853912354,0,0.9801066517829895,0.9581191539764404,0.3561942705369,0.941888689994812
650_class-8,5,0.47202837467193604,0,0.9937789440155029,0.9085685014724731,0.417326214686234,0.9010970592498779
651_class-5,0,0.9834707975387573,1,0.9972802400588989,1.0072053670883179,1.0,0.9943111538887024
651_class-5,1,0.9538812637329102,0,0.9976084232330322,1.0027090311050415,0.9916881699086939,0.9889289736747742
651_class-5,2,0.9542932510375977,0,0.9972398281097412,1.0106136798858643,0.9904962517811784,0.994558572769165
651_class-5,3,0.9542794227600098,0,0.9971895813941956,1.0103996992111206,0.999430128840436,0.9945752620697021
651_class-5,4,0.9542056322097778,0,0.9972795844078064,1.0076371431350708,0.9986491845536113,0.9942106008529663
651_class-5,5,0.9540830850601196,0,0.9973035454750061,1.0043283700942993,0.9993425378040762,0.9939998388290405
652_class-5,0,0.9882627129554749,1,0.9961643218994141,1.00754714012146,1.0,0.9934007525444031
652_class-5,1,0.9455353021621704,0,0.9961591958999634,1.0075947046279907,0.9995713583757618,0.9933508038520813
652_class-5,2,0.9457978010177612,0,0.9962031841278076,1.0062410831451416,0.9966863534207913,0.990052342414856
652_class-5,3,0.945604681968689,0,0.9961745738983154,1.0051536560058594,0.9971557042769006,0.9931483864784241
652_class-5,4,0.9455615282058716,0,0.9961543679237366,1.008360505104065,0.9994145443900807,0.9934424757957458
652_class-5,5,0.945526123046875,0,0.9961488246917725,1.0075693130493164,0.9997177415139509,0.9934273958206177
653_class-5,0,0.8475130200386047,1,0.9940195083618164,1.0120465755462646,1.0,0.9943986535072327
653_class-5,1,0.8109099268913269,0,0.9945899248123169,1.0061581134796143,0.9925568331431581,0.9877520799636841
653_class-5,2,0.8104978799819946,0,0.9939877986907959,1.011516809463501,0.9923129574053599,0.9945776462554932
653_class-5,3,0.7914078235626221,0,0.994728147983551,0.9834966659545898,0.9577212657294792,0.9514706134796143
653_class-5,4,0.8108755946159363,0,0.9946658611297607,1.005774736404419,0.9614071008110422,0.9882336258888245
653_class-5,5,0.8104888796806335,0,0.9939373731613159,1.0109182596206665,0.9924889220374676,0.9947164058685303
654_class-9,0,0.9991927146911621,1,0.9900245070457458,1.0011059045791626,1.0,0.9942087531089783
654_class-9,1,0.7713770866394043,0,0.9931924343109131,0.9699317216873169,0.677452906506414,0.9522914290428162
654_class-9,2,0.8022118806838989,0,0.9924808740615845,0.9930568933486938,0.5501766115806737,0.9718163013458252
654_class-9,3,0.5710561275482178,0,0.9903948903083801,0.9036023616790771,0.44282708819014044,0.794833779335022
654_class-9,4,0.8037488460540771,0,0.9925198554992676,0.9923926591873169,0.44528895543888247,0.9703923463821411
654_class-9,5,0.9187605381011963,0,0.98991858959198,0.9858754873275757,0.7380892361986388,0.9931798577308655
655_class-9,0,0.828324019908905,0,0.9869167804718018,0.9523777961730957,1.0,0.9011372327804565
655_class-9,1,0.08291713893413544,0,0.8896006345748901,0.9874154329299927,0.23484718502659435,0.4824886918067932
655_class-9,2,0.8549709320068359,0,0.9922805428504944,0.9401881694793701,0.20019619398587105,0.8959764838218689
655_class-9,3,0.1785963773727417,0,0.8366689682006836,0.9616459608078003,0.2320444138897176,0.4626164436340332
655_class-9,4,0.8652547597885132,0,0.9915523529052734,0.9395153522491455,0.22693214000043238,0.9032068848609924
655_class-9,5,0.9475792050361633,1,0.9870632886886597,1.0025393962860107,0.8485051565583231,0.9873836040496826
656_class-9,0,0.8268768787384033,1,0.9839999675750732,0.9426294565200806,1.0,0.8966278433799744
656_class-9,1,0.7169029116630554,0,0.9163610935211182,0.9355487823486328,0.624207339322873,0.7911238074302673
656_class-9,2,0.8248741626739502,0,0.9658399820327759,0.9404418468475342,0.7332231372238499,0.8786129951477051
656_class-9,3,0.6742053627967834,0,0.9273036122322083,0.9434891939163208,0.7342345122729049,0.7395782470703125
656_class-9,4,0.7186217904090881,0,0.9865148067474365,0.9432629346847534,0.5984670633006378,0.8126336336135864
656_class-9,5,0.31615328788757324,0,0.9900494813919067,0.8542444705963135,0.03141746658029562,0.9131019711494446
657_class-6,0,0.9822971820831299,1,0.9818034768104553,1.0099269151687622,1.0,0.9958704113960266
657_class-6,1,0.9396739602088928,0,0.9817851781845093,1.0107008218765259,0.9993773471095285,0.9958417415618896
657_class-6,2,0.9400996565818787,0,0.9817962646484375,1.0074281692504883,0.9985207676437385,0.9957897067070007
657_class-6,3,0.9396936893463135,0,0.9817230105400085,1.0107555389404297,0.9985401744004982,0.9958270788192749
657_class-6,4,0.9396847486495972,0,0.9818400740623474,1.0103137493133545,0.9992801136253089,0.995843768119812
657_class-6,5,0.940168023109436,0,0.9817764759063721,1.0067659616470337,0.9980538689086097,0.9955863356590271
658_class-9,0,0.9718910455703735,1,0.9184818267822266,0.9844324588775635,1.0,0.9890082478523254
658_class-9,1,0.9276427030563354,0,0.9176924824714661,0.9984338283538818,0.98218789407314,0.9845712184906006
658_class-9,2,0.9275979995727539,0,0.9177953004837036,0.9991142749786377,0.9962690544718047,0.986223042011261
658_class-9,3,0.6555641889572144,0,0.9378035068511963,0.8910834789276123,0.4359451942948996,0.5339274406433105
658_class-9,4,0.41735202074050903,0,0.9509676694869995,0.928592324256897,0.12112415181036172,0.6121280193328857
658_class-9,5,0.35229602456092834,0,0.9594079852104187,0.9745595455169678,0.6149918719717176,0.8878259062767029
659_class-9,0,0.6353697776794434,1,0.9737785458564758,1.0041395425796509,1.0,0.9874729514122009
659_class-9,1,0.6151286363601685,0,0.9740505218505859,1.0043513774871826,0.9992408122239925,0.9879224300384521
659_class-9,2,0.6153411865234375,0,0.9739153385162354,1.0039254426956177,0.9992301688282528,0.9874274730682373
659_class-9,3,0.5983782410621643,0,0.9737840890884399,1.01158607006073,0.9613579256883187,0.9751181602478027
659_class-9,4,0.6152276992797852,0,0.9735534191131592,1.004287600517273,0.9617285271151995,0.9871031641960144
659_class-9,5,0.5993138551712036,0,0.974742591381073,1.0113743543624878,0.9639533639961493,0.9772658944129944
660_class-5,0,0.9089045524597168,1,0.8537681102752686,1.0102752447128296,1.0,0.9843094348907471
660_class-5,1,0.8526366949081421,0,0.8532366752624512,1.0115795135498047,0.9984616350621625,0.9841956496238708
660_class-5,2,0.8521276712417603,0,0.8519442677497864,1.0112683773040771,0.9993515322664993,0.9848977327346802
660_class-5,3,0.8521836996078491,0,0.8522375822067261,1.0105434656143188,0.9993884015849286,0.9852748513221741
660_class-5,4,0.8520656824111938,0,0.8541029095649719,1.009101390838623,0.9967743284643295,0.9841262102127075
660_class-5,5,0.8448494076728821,0,0.8593826293945312,1.0088121891021729,0.9916291218445303,0.9821896553039551
661_class-6,0,0.12348413467407227,0,0.8414024114608765,1.0111680030822754,1.0,0.984584391117096
661_class-6,1,0.11973235756158829,0,0.8413398265838623,1.0112254619598389,0.9991261211290305,0.9853137135505676
661_class-6,2,0.11967615783214569,0,0.8415905833244324,1.0110445022583008,0.9993200979059016,0.9848392605781555
661_class-6,3,0.11963202804327011,1,0.8420523405075073,1.011418342590332,0.9995816840354941,0.9855823516845703
661_class-6,4,0.11978841572999954,0,0.8421471118927002,1.0113581418991089,0.9990743888089947,0.9846480488777161
661_class-6,5,0.1199023500084877,0,0.8426773548126221,1.0076667070388794,0.9985449444671252,0.983967661857605
662_class-6,0,0.4812479019165039,1,0.9913438558578491,0.8592685461044312,1.0,0.8301905989646912
662_class-6,1,0.4253923296928406,0,0.9702701568603516,0.8759002685546875,0.5025128465751878,0.866508960723877
662_class-6,2,0.08881475776433945,0,0.6535323858261108,0.9293010234832764,0.07125559195463031,0.7028450965881348
662_class-6,3,0.10069510340690613,0,0.6746759414672852,0.9323638677597046,0.966355526803357,0.659885585308075
662_class-6,4,0.3222459554672241,0,0.9722644686698914,0.9545222520828247,0.4302319309600863,0.8463963866233826
662_class-6,5,0.4099011719226837,0,0.9944275617599487,0.8702996969223022,0.18343014085029785,0.5963953733444214
663_class-7,0,0.994723916053772,0,0.8738753795623779,1.0023863315582275,1.0,0.9877452254295349
663_class-7,1,0.9643728733062744,0,0.8735767602920532,1.0026063919067383,0.9997047799969194,0.9875242710113525
663_class-7,2,0.9641953110694885,0,0.8737218379974365,1.002130150794983,0.9995764778356734,0.9879046082496643
663_class-7,3,0.9642421007156372,0,0.8737771511077881,1.0022833347320557,0.9997433330766664,0.9870838522911072
663_class-7,4,0.9642914533615112,0,0.8740904927253723,1.0019572973251343,0.9996021968997023,0.9877724647521973
663_class-7,5,0.96436607837677,1,0.8743252754211426,1.0021337270736694,0.99962784728906,0.9881292581558228
664_class-8,0,0.3284837007522583,1,0.9832271337509155,0.9985291957855225,1.0,0.9754172563552856
664_class-8,1,0.4231368601322174,0,0.9960517883300781,0.9726845026016235,0.063613496852559,0.9820665717124939
664_class-8,2,0.4006088674068451,0,0.9934635758399963,0.9627628326416016,0.21785286026662903,0.9658620953559875
664_class-8,3,0.401703804731369,0,0.9957442283630371,0.979752779006958,0.10800009403578062,0.939454197883606
664_class-8,4,0.43651750683784485,0,0.9868178963661194,0.9168096780776978,0.021449038067949244,0.42007920145988464
664_class-8,5,0.40872564911842346,0,0.9970958232879639,0.9820117950439453,0.02545436779362908,0.9683595299720764
665_class-8,0,0.9750562906265259,0,0.9387412667274475,0.9418236017227173,1.0,0.82609623670578
665_class-8,1,0.8781676888465881,0,0.9456506967544556,0.9753879308700562,0.9638968425563412,0.9695505499839783
665_class-8,2,0.4487144947052002,1,0.9909093379974365,0.9560145139694214,0.33316266059830274,0.9349966049194336
665_class-8,3,0.8770562410354614,0,0.9457006454467773,0.9740371704101562,0.3348197801573551,0.967336893081665
665_class-8,4,0.8788207769393921,0,0.9451137185096741,0.9995958805084229,0.9929734172647448,0.9792714715003967
665_class-8,5,0.8783677816390991,0,0.944955587387085,0.9741641283035278,0.9965886449171816,0.9738430380821228
666_class-8,0,0.4347234070301056,0,0.9829710721969604,0.9636754989624023,1.0,0.9656004905700684
666_class-8,1,0.3836436867713928,0,0.9899337887763977,0.9252833127975464,0.17746823639118778,0.941901683807373
666_class-8,2,0.37342825531959534,0,0.9826045632362366,0.9813454151153564,0.16960963962463213,0.9717372059822083
666_class-8,3,0.39419615268707275,0,0.9886571764945984,0.9479231834411621,0.4120756154468835,0.958844780921936
666_class-8,4,0.37936949729919434,0,0.984704852104187,0.9762812852859497,0.30935437293729373,0.9581649303436279
666_class-8,5,0.3983136713504791,1,0.9919993877410889,0.9897791147232056,0.3570160908660672,0.9888865947723389
667_class-7,0,0.9389774799346924,1,0.9942112565040588,0.9868721961975098,1.0,0.9304453730583191
667_class-7,1,0.9089887142181396,0,0.9927822351455688,0.9965927600860596,0.97568197858173,0.9588863253593445
667_class-7,2,0.9085609912872314,0,0.9925332069396973,0.9984875321388245,0.996516428034314,0.954669177532196
667_class-7,3,0.9082251191139221,0,0.9932148456573486,0.9981545209884644,0.9955464778782807,0.954954981803894
667_class-7,4,0.9088212251663208,0,0.992456316947937,0.99595707654953,0.9964101620029455,0.9582794904708862
667_class-7,5,0.9005315899848938,0,0.9934319853782654,0.9892351031303406,0.9782708633424254,0.9410665035247803
668_class-5,0,0.9941900372505188,1,0.9951438903808594,1.0148576498031616,1.0,0.9963188767433167
668_class-5,1,0.9662126302719116,0,0.9951136112213135,1.0143991708755493,0.9997348781102112,0.9962332248687744
668_class-5,2,0.9662238955497742,0,0.9951398372650146,1.0140210390090942,0.9997216257058776,0.9962607622146606
668_class-5,3,0.9662567377090454,0,0.9950876235961914,1.014101505279541,0.9996818242078749,0.9961495995521545
668_class-5,4,0.9662305116653442,0,0.9950785636901855,1.0149472951889038,0.9996155579712066,0.9963217377662659
668_class-5,5,0.9662652015686035,0,0.9951296448707581,1.0129146575927734,0.9992973711073696,0.9961998462677002
669_class-9,0,0.6864787936210632,1,0.9965933561325073,0.9715219140052795,1.0,0.990755021572113
669_class-9,1,0.8926044702529907,0,0.9968633651733398,0.9711195230484009,0.4941824862216779,0.9474018812179565
669_class-9,2,0.9372714757919312,0,0.9959657192230225,1.003881573677063,0.89091434425153,0.9906207323074341
669_class-9,3,0.6609416604042053,0,0.9965875744819641,1.0065014362335205,0.44930198383541514,0.991094172000885
669_class-9,4,0.9386032819747925,0,0.9959113597869873,0.9834772348403931,0.4447548024980895,0.9576591849327087
669_class-9,5,0.6613016128540039,0,0.9968776106834412,0.950337290763855,0.44423400673400676,0.9541306495666504
670_class-8,0,0.7880544066429138,0,0.9370266199111938,0.9451190233230591,1.0,0.9169196486473083
670_class-8,1,0.4838716387748718,1,0.9910399913787842,0.9845143556594849,0.14111284802906757,0.9887266159057617
670_class-8,2,0.6134710907936096,0,0.9342488646507263,0.8806071281433105,0.14000859827625034,0.693452000617981
670_class-8,3,0.3602922856807709,0,0.9551026225090027,0.8918696641921997,0.0987458116466023,0.8540925979614258
670_class-8,4,0.37129783630371094,0,0.9869874715805054,0.9488821029663086,0.7658325610132839,0.91324782371521
670_class-8,5,0.38766270875930786,0,0.9714001417160034,0.8428714275360107,0.7763780835571306,0.6494261622428894
671_class-6,0,0.9984031319618225,1,0.9842675924301147,1.0112522840499878,1.0,0.9974364042282104
671_class-6,1,0.9850542545318604,0,0.984173595905304,1.0132619142532349,0.9968409746646169,0.9947588443756104
671_class-6,2,0.9852269887924194,0,0.9839851260185242,1.013574481010437,0.9995141426730603,0.994769811630249
671_class-6,3,0.9848853945732117,0,0.9843030571937561,1.0109878778457642,0.9967772511848341,0.9975410103797913
671_class-6,4,0.9849070310592651,0,0.9841428995132446,1.010387897491455,0.9996840508888701,0.9973673224449158
671_class-6,5,0.9849028587341309,0,0.9842476844787598,1.0038243532180786,0.9987151402814053,0.9851402044296265
672_class-9,0,0.629778265953064,0,0.9954378008842468,0.9481559991836548,1.0,0.8511155247688293
672_class-9,1,0.4595264494419098,0,0.9931217432022095,0.946271538734436,0.3307832495544029,0.8652871251106262
672_class-9,2,0.8150166869163513,0,0.9987296462059021,0.9957549571990967,0.13314902678671497,0.9912644624710083
672_class-9,3,0.7676724195480347,0,0.9988051056861877,0.93409663438797,0.6060828680575963,0.9684731960296631
672_class-9,4,0.5627036690711975,0,0.9938194155693054,0.9411823153495789,0.29987868093084813,0.7588608860969543
672_class-9,5,0.7241536378860474,1,0.9976357221603394,1.0019186735153198,0.31708843430985256,0.995640754699707
673_class-7,0,0.9902942180633545,0,0.8798918724060059,0.9999009370803833,1.0,0.9851875901222229
673_class-7,1,0.9394098520278931,1,0.8809128999710083,1.0012362003326416,0.995274191414151,0.9868485927581787
673_class-7,2,0.9392326474189758,0,0.8797972202301025,1.0010744333267212,0.9989374217297257,0.9868794083595276
673_class-7,3,0.9389821290969849,0,0.8805180788040161,1.0009664297103882,0.9990328086478285,0.9869987368583679
673_class-7,4,0.9367959499359131,0,0.8795979022979736,0.9806907176971436,0.9933853459972863,0.9827155470848083
673_class-7,5,0.9370203018188477,0,0.880885660648346,0.985238790512085,0.9973639615891546,0.9858936071395874
674_class-7,0,0.9985425472259521,0,0.9906688332557678,1.00538969039917,1.0,0.9947518110275269
674_class-7,1,0.9677253365516663,0,0.9914423823356628,0.9847970008850098,0.9920335923396908,0.9924439191818237
674_class-7,2,0.9680638313293457,1,0.9914631247520447,1.0060248374938965,0.9927885557515187,0.9955626130104065
674_class-7,3,0.9688620567321777,0,0.9907748699188232,1.005403995513916,0.9960620619043868,0.9947968125343323
674_class-7,4,0.9680035710334778,0,0.991765558719635,1.0029665231704712,0.9946120265859126,0.9947422742843628
674_class-7,5,0.968382716178894,0,0.990810751914978,0.9705876708030701,0.992251111198521,0.9924071431159973
675_class-6,0,0.9989472031593323,1,0.997122049331665,1.0101449489593506,1.0,0.9951744079589844
675_class-6,1,0.9688630104064941,0,0.9971592426300049,1.009839653968811,0.9993823779613812,0.9951269626617432
675_class-6,2,0.9686229228973389,0,0.9971407055854797,1.011666178703308,0.9989635736910751,0.9951727390289307
675_class-6,3,0.9688034057617188,0,0.9971277713775635,1.010675072669983,0.9992779110665952,0.9953247308731079
675_class-6,4,0.9689170122146606,0,0.9971456527709961,1.0105863809585571,0.9995221723675777,0.995273232460022
675_class-6,5,0.9688130021095276,0,0.997137188911438,1.00989830493927,0.999627022238799,0.9952042102813721
676_class-6,0,0.2714070677757263,1,0.9891022443771362,0.9364668130874634,1.0,0.9158300757408142
676_class-6,1,0.1533139944076538,0,0.9805376529693604,0.9794092178344727,0.5011308647170208,0.9013607501983643
676_class-6,2,0.2520219683647156,0,0.9885523319244385,0.9335182905197144,0.5028705865828608,0.9604389071464539
676_class-6,3,0.25203630328178406,0,0.9884225130081177,1.013641357421875,0.9964048577424571,0.9928390979766846
676_class-6,4,0.25213462114334106,0,0.9884153604507446,0.9742696285247803,0.9971468839159877,0.9810002446174622
676_class-6,5,0.15266764163970947,0,0.9817414283752441,0.974043607711792,0.4999213699108859,0.8784984350204468
677_class-9,0,0.4688897132873535,1,0.9801722764968872,0.9755551218986511,1.0,0.8614017963409424
677_class-9,1,0.9131925702095032,0,0.8953878879547119,0.9962323904037476,0.4259390114976528,0.9582918882369995
677_class-9,2,0.908099889755249,0,0.8936430215835571,0.9868040084838867,0.972012657812038,0.9344027042388916
677_class-9,3,0.9090169668197632,0,0.8933970332145691,0.98749840259552,0.9945112491388822,0.9284753799438477
677_class-9,4,0.9131995439529419,0,0.893104612827301,0.9948755502700806,0.9771981258733594,0.9526222944259644
677_class-9,5,0.471284955739975,0,0.9788088798522949,0.9739934206008911,0.47551170392470876,0.8554372191429138
678_class-8,0,0.6939185261726379,1,0.9738979935646057,1.005418300628662,1.0,0.9797433018684387
678_class-8,1,0.6269216537475586,0,0.9760293960571289,0.9881192445755005,0.8404974755662606,0.932679295539856
678_class-8,2,0.62579345703125,0,0.9769139289855957,0.9940810203552246,0.8931231901677756,0.9420032501220703
678_class-8,3,0.32835817337036133,0,0.9249325394630432,0.9441814422607422,0.3297868062759857,0.6945653557777405
678_class-8,4,0.738641619682312,0,0.9546284675598145,1.0026901960372925,0.2056448703042938,0.9853754639625549
678_class-8,5,0.4185047447681427,0,0.9817156791687012,0.9659687280654907,0.23222208777024847,0.9390650391578674
679_class-6,0,0.33294209837913513,0,0.9650914072990417,0.9640911817550659,1.0,0.9717486500740051
679_class-6,1,0.3249821364879608,0,0.9651820659637451,0.9682199954986572,0.9988941604537509,0.978524923324585
679_class-6,2,0.32492002844810486,1,0.9653770923614502,1.005179762840271,0.9953536335296976,0.9900078773498535
679_class-6,3,0.32487261295318604,0,0.9653782844543457,1.0032594203948975,0.9990274796304422,0.9887558817863464
679_class-6,4,0.32489320635795593,0,0.9653184413909912,1.0041955709457397,0.9988257899231426,0.9891736507415771
679_class-6,5,0.3248988687992096,0,0.9650692939758301,0.9969223737716675,0.9974974500083023,0.9870904684066772
680_class-5,0,0.9973541498184204,1,0.9907291531562805,1.0082683563232422,1.0,0.9897361397743225
680_class-5,1,0.9680666327476501,0,0.9906338453292847,1.008350133895874,0.9985140427069051,0.9900304675102234
680_class-5,2,0.9678229689598083,0,0.9906353950500488,1.0083105564117432,0.9991379310344828,0.9898293614387512
680_class-5,3,0.9675964117050171,0,0.9906367659568787,1.0080889463424683,0.9991783343193321,0.9900060296058655
680_class-5,4,0.9677870273590088,0,0.9907089471817017,1.0078845024108887,0.9994410790462178,0.9898202419281006
680_class-5,5,0.9676552414894104,0,0.99061119556427,1.0078845024108887,0.9995561874861308,0.9900285601615906
681_class-6,0,0.25561851263046265,1,0.9838816523551941,0.9367659091949463,1.0,0.9117144346237183
681_class-6,1,0.6797738075256348,0,0.9585095643997192,0.9458655118942261,0.08392866216147553,0.7206472754478455
681_class-6,2,0.46585923433303833,0,0.9003450870513916,0.8776775598526001,0.43874968362439887,0.3250501751899719
681_class-6,3,0.7783262133598328,0,0.9556268453598022,0.945354700088501,0.42064619922241586,0.6762835383415222
681_class-6,4,0.864470899105072,0,0.9523492455482483,0.961431622505188,0.7533050291670982,0.947504997253418
681_class-6,5,0.12912964820861816,0,0.8803660273551941,0.9634597301483154,0.0011401383514037953,0.9350922703742981
682_class-6,0,0.41016826033592224,0,0.8729372024536133,0.984502911567688,1.0,0.7719569206237793
682_class-6,1,0.3471316695213318,0,0.8765069246292114,1.0054508447647095,0.9125631728258214,0.9316440224647522
682_class-6,2,0.103351891040802,0,0.8498700261116028,1.007196068763733,0.5785364056344415,0.9842393398284912
682_class-6,3,0.43989747762680054,0,0.8861655592918396,0.9966694116592407,0.45960054900847175,0.8425577282905579
682_class-6,4,0.09801986813545227,0,0.8483848571777344,1.0028340816497803,0.45834114075850696,0.9783788919448853
682_class-6,5,0.9693468809127808,1,0.9609252214431763,1.0015228986740112,0.0,0.9901241064071655
683_class-8,0,0.41170334815979004,0,0.9849306344985962,0.9556564092636108,1.0,0.903664767742157
683_class-8,1,0.37632307410240173,0,0.9853026270866394,0.9674794673919678,0.9790189262263422,0.9331325888633728
683_class-8,2,0.3766070306301117,0,0.9845771789550781,0.9532157182693481,0.9808666116140291,0.8976266980171204
683_class-8,3,0.4699474275112152,0,0.9883079528808594,0.8862218856811523,0.3389643369769239,0.6671087145805359
683_class-8,4,0.4849424958229065,1,0.9955780506134033,0.9750069379806519,0.4623246032006835,0.9555809497833252
683_class-8,5,0.6648961305618286,0,0.991475522518158,0.9351145029067993,0.46025482306819354,0.8283689618110657
684_class-8,0,0.6884002089500427,0,0.9807412624359131,0.9460554122924805,1.0,0.9062401056289673
684_class-8,1,0.7632037401199341,1,0.984997034072876,0.9807279109954834,0.521011673151751,0.9784777760505676
684_class-8,2,0.646227240562439,0,0.9731873869895935,0.9439821243286133,0.5507369177835978,0.886626124382019
684_class-8,3,0.6539881825447083,0,0.9780701398849487,0.9607347249984741,0.921159522668214,0.9116827249526978
684_class-8,4,0.6491802930831909,0,0.9781883955001831,0.956021785736084,0.968271132797046,0.9316814541816711
684_class-8,5,0.6413023471832275,0,0.9817184805870056,0.9446268081665039,0.9384058881157528,0.9184938669204712
685_class-9,0,0.996766209602356,1,0.9872123599052429,1.0037777423858643,1.0,0.9728728532791138
685_class-9,1,0.9731677174568176,0,0.9870924949645996,1.003501057624817,0.9985331667300483,0.9717023968696594
685_class-9,2,0.9754745364189148,0,0.986747145652771,1.0042927265167236,0.9951848685847842,0.9749566316604614
685_class-9,3,0.9740191698074341,0,0.9869853258132935,1.0027291774749756,0.996656350769364,0.9723178744316101
685_class-9,4,0.9752968549728394,0,0.9869271516799927,0.9991612434387207,0.9960842852197992,0.9743878841400146
685_class-9,5,0.9752324819564819,0,0.9869211316108704,1.000728964805603,0.9995239795311198,0.9766344428062439
686_class-6,0,0.9980757236480713,1,0.9691036939620972,1.0050251483917236,1.0,0.9883344769477844
686_class-6,1,0.9186620712280273,0,0.9685542583465576,0.9935989379882812,0.9919055031590513,0.9912174940109253
686_class-6,2,0.9190112948417664,0,0.9691540002822876,0.9994754791259766,0.9930682733865651,0.9842101335525513
686_class-6,3,0.9180331230163574,0,0.9693495035171509,0.9952777624130249,0.9956585060098813,0.9750466346740723
686_class-6,4,0.9189845323562622,0,0.9692420363426208,1.0010974407196045,0.9969362236187629,0.9871010184288025
686_class-6,5,0.9189883470535278,0,0.9690546989440918,1.0067261457443237,0.9974495433117265,0.9899250864982605
687_class-9,0,0.31345993280410767,0,0.9822350740432739,0.9499708414077759,1.0,0.8966572284698486
687_class-9,1,0.3369568884372711,1,0.9856250286102295,0.9847981929779053,0.9186988179325623,0.9319763779640198
687_class-9,2,0.8435835242271423,0,0.9681859016418457,0.9258911609649658,0.1280928437286346,0.5455892086029053
687_class-9,3,0.32196444272994995,0,0.9835336804389954,0.954857587814331,0.10036508861540572,0.9125765562057495
687_class-9,4,0.332960307598114,0,0.9835442304611206,0.9817687273025513,0.9702047557971082,0.9289776086807251
687_class-9,5,0.33044862747192383,0,0.9832074642181396,0.9828946590423584,0.9916755602988261,0.9362626075744629
688_class-6,0,0.9897619485855103,1,0.8944764733314514,1.0062392950057983,1.0,0.991726279258728
688_class-6,1,0.9574154615402222,0,0.8942464590072632,1.004440426826477,0.9984072663093777,0.9916642904281616
688_class-6,2,0.9577937126159668,0,0.8943354487419128,1.0070195198059082,0.9987403914475809,0.9914565682411194
688_class-6,3,0.9442031979560852,0,0.8921909332275391,0.986283540725708,0.9724387407949701,0.9689955115318298
688_class-6,4,0.9523360729217529,0,0.8928301334381104,1.0009498596191406,0.9710807027443491,0.9869307279586792
688_class-6,5,0.9524535536766052,0,0.8929773569107056,1.0014638900756836,0.9989602031434701,0.9874592423439026
689_class-5,0,0.9373022317886353,1,0.9731191992759705,1.006191611289978,1.0,0.9882478713989258
689_class-5,1,0.9076354503631592,0,0.9733719825744629,1.0060268640518188,0.9993383180043671,0.9877411127090454
689_class-5,2,0.9077707529067993,0,0.9732730388641357,1.006108283996582,0.9983385724939349,0.9882974028587341
689_class-5,3,0.9076018333435059,0,0.9730455279350281,1.0063666105270386,0.9984045465702471,0.9880398511886597
689_class-5,4,0.9076325297355652,0,0.973134458065033,1.0054750442504883,0.9993477336106253,0.9875243902206421
689_class-5,5,0.9076328277587891,0,0.9731016159057617,1.00557279586792,0.9991303854660945,0.9877052307128906
690_class-7,0,0.999349057674408,1,0.9930192828178406,1.0157935619354248,1.0,0.9963440895080566
690_class-7,1,0.9678291082382202,0,0.9929958581924438,1.0155798196792603,0.9997955621255249,0.9962834715843201
690_class-7,2,0.9677928686141968,0,0.9930163621902466,1.0157872438430786,0.999842737623451,0.996315598487854
690_class-7,3,0.9677928686141968,0,0.9930187463760376,1.0155566930770874,0.9998427499882062,0.9963348507881165
690_class-7,4,0.9678134918212891,0,0.9930436611175537,1.0156270265579224,0.9996540717329434,0.9962810277938843
690_class-7,5,0.9678444862365723,0,0.9930455684661865,1.0156307220458984,0.9997641138543796,0.9963356256484985
691_class-9,0,0.9928997755050659,1,0.9455701112747192,0.9940623044967651,1.0,0.9639207124710083
691_class-9,1,0.9076999425888062,0,0.9454895257949829,0.9921578168869019,0.998870178468624,0.9608635306358337
691_class-9,2,0.9079799652099609,0,0.9458398818969727,0.9930440187454224,0.9985109413440373,0.962164580821991
691_class-9,3,0.9079670906066895,0,0.9458335041999817,0.9924963712692261,0.9987130172196858,0.9620535373687744
691_class-9,4,0.9132521152496338,0,0.9324389100074768,0.9932169914245605,0.9494320238802708,0.9764534831047058
691_class-9,5,0.9132603406906128,0,0.9326387047767639,0.9932827949523926,0.9997336174746937,0.9767330884933472
692_class-8,0,0.34017419815063477,1,0.9910273551940918,1.0145283937454224,1.0,0.9949496388435364
692_class-8,1,0.32595252990722656,0,0.9908514618873596,1.0129575729370117,0.9961879528495728,0.9966530203819275
692_class-8,2,0.392494797706604,0,0.982498288154602,0.9866788387298584,0.8417094095728777,0.9295725226402283
692_class-8,3,0.3257986903190613,0,0.990983247756958,0.9922873973846436,0.8433952914875719,0.9931129217147827
692_class-8,4,0.3259807825088501,0,0.9908404350280762,1.014724612236023,0.9967441232099432,0.9967174530029297
692_class-8,5,0.32576680183410645,0,0.9909298419952393,0.9840575456619263,0.996284988652329,0.9903809428215027
693_class-8,0,0.30115827918052673,1,0.9759188294410706,0.9858115911483765,1.0,0.963263213634491
693_class-8,1,0.28567567467689514,0,0.9758371710777283,0.986404538154602,0.9830566283793951,0.9487355351448059
693_class-8,2,0.26874417066574097,0,0.9435482621192932,0.897709846496582,0.7218283639973938,0.7972795963287354
693_class-8,3,0.3492022156715393,0,0.9828270077705383,0.9179024696350098,0.5047872253665856,0.6566687822341919
693_class-8,4,0.28796738386154175,0,0.9757130146026611,0.9930826425552368,0.6314302902998847,0.9670936465263367
693_class-8,5,0.36073780059814453,0,0.9810335636138916,0.9567927122116089,0.4504429996860331,0.8936116695404053
694_class-7,0,0.7401715517044067,1,0.995945155620575,0.9940096139907837,1.0,0.9752312898635864
694_class-7,1,0.720851719379425,0,0.9962114095687866,0.9935269355773926,0.9973931841302136,0.9738830327987671
694_class-7,2,0.7207735776901245,0,0.9959115982055664,0.9938162565231323,0.99828368012883,0.9764311909675598
694_class-7,3,0.7180551290512085,0,0.9929434657096863,0.9896482229232788,0.9883383775317997,0.9710090756416321
694_class-7,4,0.7204152345657349,0,0.9931797385215759,0.9947688579559326,0.9902511391331991,0.9767776727676392
694_class-7,5,0.7204784750938416,0,0.9958832859992981,0.9940271377563477,0.9977313685995972,0.9753593802452087
695_class-5,0,0.9606313705444336,1,0.8474969863891602,1.005207896232605,1.0,0.9814274311065674
695_class-5,1,0.7540509700775146,0,0.8809841871261597,0.968147873878479,0.8446937487999561,0.8309589624404907
695_class-5,2,0.38511937856674194,0,0.9916288256645203,0.9859066009521484,0.4597381246723322,0.959418773651123
695_class-5,3,0.9407387375831604,0,0.8445755243301392,1.0089528560638428,0.3871540931066622,0.9871813058853149
695_class-5,4,0.941017210483551,0,0.8444340229034424,1.008365273475647,0.9993789293613868,0.9866522550582886
695_class-5,5,0.9408546686172485,0,0.8438823819160461,1.0125043392181396,0.9994716084891271,0.9884538650512695
696_class-8,0,0.41494250297546387,1,0.9899566173553467,0.9296325445175171,1.0,0.8696264624595642
696_class-8,1,0.44119876623153687,0,0.9798054099082947,0.9127726554870605,0.37335837716003006,0.7503711581230164
696_class-8,2,0.32998204231262207,0,0.9893008470535278,0.9916921854019165,0.27430792511052426,0.9783268570899963
696_class-8,3,0.2977760434150696,0,0.9602171778678894,0.9305891990661621,0.5615416136476373,0.9033839702606201
696_class-8,4,0.30382901430130005,0,0.9865478277206421,0.9343661069869995,0.4152655329125917,0.8970827460289001
696_class-8,5,0.456747442483902,0,0.9883126020431519,0.858475923538208,0.3843780746077009,0.5192843675613403
697_class-8,0,0.03967239335179329,0,0.8756247758865356,0.998105525970459,1.0,0.41172412037849426
697_class-8,1,0.17720085382461548,1,0.8960698246955872,1.0050462484359741,0.715735777829103,0.9656785130500793
697_class-8,2,0.006818655412644148,0,0.8940249681472778,0.9533876180648804,0.6711381081807593,0.4424423575401306
697_class-8,3,0.006463781464844942,0,0.8962559700012207,0.9641766548156738,0.998724622980653,0.484039843082428
697_class-8,4,0.46860092878341675,0,0.984058678150177,0.9207638502120972,0.012075150846155567,0.22023704648017883
697_class-8,5,0.006451665423810482,0,0.8960614204406738,0.9753656387329102,0.012074475424079592,0.48039710521698
698_class-7,0,0.9232734441757202,0,0.9946758151054382,0.9970678091049194,1.0,0.9717534184455872
698_class-7,1,0.8636146783828735,0,0.99458909034729,0.9993166923522949,0.9992730312778293,0.973528265953064
698_class-7,2,0.8643267154693604,0,0.9945824146270752,0.995269775390625,0.998646635663421,0.9701995253562927
698_class-7,3,0.8626956939697266,1,0.9948253631591797,0.9996532201766968,0.9963931715560239,0.9738678932189941
698_class-7,4,0.8827754259109497,0,0.9935023784637451,0.9841508865356445,0.9494726450875461,0.942661702632904
698_class-7,5,0.8658524751663208,0,0.9944422245025635,0.9874570369720459,0.9646160241089058,0.9563054442405701
699_class-6,0,0.4019613564014435,1,0.970586895942688,0.9963276386260986,1.0,0.9846067428588867
699_class-6,1,0.383600652217865,0,0.9705952405929565,0.9986810684204102,0.9975211536169706,0.9843875169754028
699_class-6,2,0.38262027502059937,0,0.9739348888397217,0.9852209091186523,0.9809052996579354,0.949877917766571
699_class-6,3,0.35459715127944946,0,0.9806265234947205,0.9971288442611694,0.7180880974695407,0.9697400331497192
699_class-6,4,0.38338184356689453,0,0.9704221487045288,1.00066339969635,0.712376753643991,0.9844000935554504
699_class-6,5,0.3545982241630554,0,0.9805238246917725,1.0000054836273193,0.7144394710766392,0.9786911010742188
700_class-7,0,0.959027886390686,1,0.9973714351654053,1.002053141593933,1.0,0.9816521406173706
700_class-7,1,0.9602964520454407,0,0.9969425201416016,1.0110092163085938,0.9289613722079667,0.994988203048706
700_class-7,2,0.9601840972900391,0,0.9969213008880615,1.011183500289917,0.9995865917938471,0.9948910474777222
700_class-7,3,0.9602091312408447,0,0.9967688322067261,1.011454463005066,0.9994316714027384,0.9948679804801941
700_class-7,4,0.960189938545227,0,0.996882438659668,1.0115820169448853,0.9994833198422404,0.9949296116828918
700_class-7,5,0.9602971076965332,0,0.9968291521072388,1.0111719369888306,0.9994832486435277,0.9948651790618896
701_class-5,0,0.8912966847419739,1,0.8752003312110901,1.005414366722107,1.0,0.9907364845275879
701_class-5,1,0.853617787361145,0,0.8750541806221008,1.0028797388076782,0.9960454540167719,0.9904711246490479
701_class-5,2,0.85369473695755,0,0.8755477070808411,1.0036741495132446,0.9979924131893785,0.9902869462966919
701_class-5,3,0.8538274765014648,0,0.8751547336578369,1.004092812538147,0.998937077313025,0.9906138777732849
701_class-5,4,0.8537952303886414,0,0.8753372430801392,1.0033880472183228,0.9980499994161675,0.9892945289611816
701_class-5,5,0.8535402417182922,0,0.8754942417144775,1.0026397705078125,0.9985163724722842,0.9901224970817566
702_class-6,0,0.998238205909729,1,0.9981387257575989,1.0112133026123047,1.0,0.9949575066566467
702_class-6,1,0.9723896980285645,0,0.9981732964515686,1.011000633239746,0.999304152209555,0.9949861168861389
702_class-6,2,0.9723337292671204,0,0.9981510639190674,1.0127114057540894,0.9996186771911761,0.9949296712875366
702_class-6,3,0.9724093079566956,0,0.9981716871261597,1.0114871263504028,0.9996663425422792,0.9949035048484802
702_class-6,4,0.9723654985427856,0,0.9981748461723328,1.0124768018722534,0.9997235304211871,0.995026171207428
702_class-6,5,0.9723236560821533,0,0.9981635808944702,1.0116537809371948,0.9997330562202668,0.9949550628662109
703_class-8,0,0.5190806984901428,1,0.9584720134735107,0.9815919399261475,1.0,0.9766795635223389
703_class-8,1,0.4762584865093231,0,0.9542204141616821,0.9769971370697021,0.975542363143928,0.9715262055397034
703_class-8,2,0.4738660752773285,0,0.9572713375091553,0.9803134202957153,0.980809413834818,0.977135419845581
703_class-8,3,0.22565066814422607,0,0.903005838394165,0.9457825422286987,0.23546836942926733,0.760748565196991
703_class-8,4,0.4726794362068176,0,0.9564187526702881,0.9723095893859863,0.23220986191986878,0.9563407897949219
703_class-8,5,0.29995763301849365,0,0.9834754467010498,0.929572343826294,0.33863591416988037,0.6284211277961731
704_class-7,0,0.9708325266838074,0,0.9901429414749146,0.9993868470191956,1.0,0.9427515864372253
704_class-7,1,0.857313871383667,0,0.9900310635566711,0.9984105229377747,0.9989134563571637,0.9442300796508789
704_class-7,2,0.8572777509689331,0,0.9901126027107239,1.000085711479187,0.9989840989399293,0.942289412021637
704_class-7,3,0.8572070598602295,0,0.9901164770126343,1.0000203847885132,0.9993990968779548,0.9435588717460632
704_class-7,4,0.857263445854187,0,0.9900565147399902,0.9985551238059998,0.9979319670175253,0.9356672167778015
704_class-7,5,0.8769229054450989,1,0.9914098978042603,1.0015050172805786,0.9608342417223055,0.9803348779678345
705_class-5,0,0.9098361134529114,1,0.9053817391395569,1.008357048034668,1.0,0.9954233169555664
705_class-5,1,0.8832502961158752,0,0.9052727818489075,1.0095348358154297,0.999412772204551,0.9953890442848206
705_class-5,2,0.8867632150650024,0,0.9070230722427368,0.9968030452728271,0.9884133307423242,0.9766696095466614
705_class-5,3,0.8832136988639832,0,0.9054086208343506,1.0084779262542725,0.9889183212228729,0.9953301548957825
705_class-5,4,0.9650631546974182,0,0.9210289716720581,0.9984085559844971,0.8645506472509121,0.9763166904449463
705_class-5,5,0.883159875869751,0,0.905382513999939,1.0083564519882202,0.8644296729593194,0.9953397512435913
706_class-6,0,0.9902907609939575,1,0.9882144331932068,1.0094568729400635,1.0,0.9941383600234985
706_class-6,1,0.9633351564407349,0,0.9881531596183777,1.0098997354507446,0.9994031859021659,0.9938592910766602
706_class-6,2,0.9633059501647949,0,0.9881387948989868,1.0094828605651855,0.9993597812405053,0.9940743446350098
706_class-6,3,0.9633024334907532,0,0.988192081451416,1.0095800161361694,0.9996309522517339,0.9940701723098755
706_class-6,4,0.9633790254592896,0,0.9882171154022217,1.0096532106399536,0.9995333188626004,0.993989884853363
706_class-6,5,0.9633246660232544,0,0.9881691932678223,1.0096169710159302,0.9995766437620086,0.9941025972366333
707_class-5,0,0.6923158764839172,1,0.9566230773925781,1.0034797191619873,1.0,0.9750983119010925
707_class-5,1,0.6723531484603882,0,0.95625901222229,1.0033684968948364,0.9841170424616176,0.986702561378479
707_class-5,2,0.6725608110427856,0,0.9568448066711426,1.0037176609039307,0.9985004250132316,0.9865221381187439
707_class-5,3,0.6719223260879517,0,0.9563881158828735,1.0032029151916504,0.9975783235904961,0.9863461852073669
707_class-5,4,0.672522783279419,0,0.9565123319625854,1.0033729076385498,0.9977703634788746,0.9865334033966064
707_class-5,5,0.28362029790878296,0,0.987308919429779,0.9475811719894409,0.26141714597421767,0.842736005783081
708_class-8,0,0.37273305654525757,0,0.9446898102760315,0.9552494287490845,1.0,0.9431036114692688
708_class-8,1,0.352222740650177,0,0.9354482889175415,0.9588191509246826,0.7572240259740259,0.8058710694313049
708_class-8,2,0.3017292618751526,0,0.9449955224990845,0.9953452348709106,0.23690297519201908,0.9832552075386047
708_class-8,3,0.3582204282283783,1,0.9464077353477478,0.9980287551879883,0.355861425878251,0.9906678199768066
708_class-8,4,0.34951138496398926,0,0.9464219808578491,0.9650090932846069,0.7359413202933985,0.9648476243019104
708_class-8,5,0.35045671463012695,0,0.9470452666282654,0.961417555809021,0.9684682664274501,0.9602769613265991
709_class-5,0,0.9981541633605957,0,0.953423023223877,1.0115666389465332,1.0,0.9943370819091797
709_class-5,1,0.9643068909645081,1,0.9535564184188843,1.0117237567901611,0.9994439541041483,0.9944352507591248
709_class-5,2,0.9640790820121765,0,0.9534125328063965,1.0074208974838257,0.9986230393757779,0.9938482046127319
709_class-5,3,0.964215874671936,0,0.9531635046005249,0.9803606271743774,0.9976317975363626,0.9891891479492188
709_class-5,4,0.9642512202262878,0,0.9532458782196045,1.0126551389694214,0.9969273422393318,0.994126558303833
709_class-5,5,0.9639904499053955,0,0.9536055326461792,1.0110430717468262,0.9991879964695499,0.9941423535346985
710_class-7,0,0.9955965280532837,0,0.9781607985496521,1.0136897563934326,1.0,0.9952306747436523
710_class-7,1,0.9659895896911621,0,0.9781677722930908,1.0140948295593262,0.9997239584360273,0.9951689839363098
710_class-7,2,0.9660508632659912,0,0.9782274961471558,1.0136629343032837,0.9996844866005403,0.9951813220977783
710_class-7,3,0.9659996628761292,0,0.9781912565231323,1.0138006210327148,0.9998028002366397,0.9951923489570618
710_class-7,4,0.9659835696220398,1,0.9782143235206604,1.0140607357025146,0.9998619764965692,0.9952600002288818
710_class-7,5,0.9660066366195679,0,0.9781780242919922,1.0137579441070557,0.9996845425867508,0.9951854348182678
711_class-7,0,0.9784293174743652,0,0.9956212043762207,0.9987591505050659,1.0,0.981977641582489
711_class-7,1,0.9408247470855713,1,0.99579918384552,0.9996604919433594,0.9947533504419732,0.9830226898193359
711_class-7,2,0.9406245946884155,0,0.9955010414123535,1.000051736831665,0.998536983906823,0.9832997918128967
711_class-7,3,0.9400789737701416,0,0.9956434965133667,0.998604416847229,0.9960272201946472,0.9822414517402649
711_class-7,4,0.9411890506744385,0,0.9955551624298096,0.9994996786117554,0.9944773400136643,0.982569694519043
711_class-7,5,0.9409865140914917,0,0.9957582950592041,0.9988366365432739,0.9980454295310929,0.9822114109992981
712_class-5,0,0.6742767095565796,0,0.9640334844589233,0.9564499855041504,1.0,0.9540029764175415
712_class-5,1,0.6612060070037842,0,0.9640942811965942,0.9913555383682251,0.9811307470252764,0.9861004948616028
712_class-5,2,0.6608492732048035,0,0.9643809199333191,0.9953738451004028,0.9959571102126912,0.9863058924674988
712_class-5,3,0.660903811454773,1,0.964380145072937,0.995428204536438,0.99852237545736,0.9868034720420837
712_class-5,4,0.6612769365310669,0,0.9643675684928894,0.9445275068283081,0.9786530684016177,0.945098340511322
712_class-5,5,0.662264347076416,0,0.9640990495681763,0.984573245048523,0.9844436569808647,0.9712774753570557
713_class-8,0,0.362443208694458,0,0.9959592223167419,0.9168483018875122,1.0,0.9161574244499207
713_class-8,1,0.3202683925628662,0,0.9963948726654053,0.9431451559066772,0.41587137417140707,0.9154466986656189
713_class-8,2,0.7206482291221619,0,0.9707735180854797,0.9706549644470215,0.08803515143924688,0.850103497505188
713_class-8,3,0.3452291190624237,0,0.9609153866767883,0.7940962314605713,0.27304915461444423,0.40040886402130127
713_class-8,4,0.7242178916931152,0,0.9689121246337891,0.9769487380981445,0.2736041993319245,0.8840900659561157
713_class-8,5,0.3239651620388031,1,0.9972307085990906,0.9419015645980835,0.06485993938897534,0.9241693615913391
714_class-6,0,0.10063044726848602,1,0.9486345052719116,0.9667412042617798,1.0,0.9526134729385376
714_class-6,1,0.0992027148604393,0,0.8464623093605042,0.9502867460250854,0.4860405366828433,0.8574577569961548
714_class-6,2,0.0822630524635315,0,0.9039760828018188,0.9780124425888062,0.662847370671227,0.9716952443122864
714_class-6,3,0.08121129870414734,0,0.8908331394195557,0.942977786064148,0.9534421340402618,0.9530725479125977
714_class-6,4,0.5620800852775574,0,0.6927621364593506,0.9403302669525146,0.0537728918507635,0.627936065196991
714_class-6,5,0.09569856524467468,0,0.9310392737388611,0.9095785617828369,0.06829457122898192,0.6526471376419067
715_class-7,0,0.6483973264694214,0,0.9962018728256226,0.9943559169769287,1.0,0.9735071063041687
715_class-7,1,0.6348631381988525,0,0.9958352446556091,0.9962718486785889,0.9780900547748631,0.9691894054412842
715_class-7,2,0.6230779886245728,1,0.99651038646698,0.9952551126480103,0.9641482362821948,0.9764729738235474
715_class-7,3,0.9572694301605225,0,0.9861894845962524,1.0085026025772095,0.5223261333966295,0.9857405424118042
715_class-7,4,0.6182825565338135,0,0.9963265061378479,0.9972553253173828,0.5138429987467243,0.9637718796730042
715_class-7,5,0.6193183660507202,0,0.9962614178657532,0.9949482679367065,0.9943535968321479,0.9708624482154846
716_class-6,0,0.9178766012191772,0,0.9841203689575195,0.9293427467346191,1.0,0.9708589315414429
716_class-6,1,0.6207213997840881,0,0.8942012786865234,0.9693782329559326,0.6436794489641932,0.8901511430740356
716_class-6,2,0.8908399343490601,1,0.9841592907905579,1.007324457168579,0.642853941313572,0.9893112778663635
716_class-6,3,0.7724499702453613,0,0.9639557003974915,0.9928014278411865,0.8243111612610788,0.9156330823898315
716_class-6,4,0.8908498287200928,0,0.9841887950897217,1.007348895072937,0.8245644498466169,0.9886429309844971
716_class-6,5,0.8911130428314209,0,0.9842691421508789,0.9712104797363281,0.9973646938633356,0.9804900288581848
717_class-9,0,0.9893697500228882,0,0.9819698333740234,1.0079330205917358,1.0,0.988258957862854
717_class-9,1,0.9187263250350952,1,0.9819748997688293,1.0080740451812744,0.9991080426749452,0.9884619116783142
717_class-9,2,0.9186590909957886,0,0.9819303750991821,1.0079290866851807,0.9992007043069295,0.9882523417472839
717_class-9,3,0.9188134074211121,0,0.981887936592102,1.0080783367156982,0.9989231873653984,0.9885737299919128
717_class-9,4,0.9188187122344971,0,0.9818933606147766,1.00795316696167,0.9993286259983795,0.9885291457176208
717_class-9,5,0.9188138842582703,0,0.981898307800293,1.0080015659332275,0.999548480463097,0.9885253310203552
718_class-6,0,0.29754799604415894,0,0.9418806433677673,0.9829009771347046,1.0,0.884150505065918
718_class-6,1,0.29470306634902954,0,0.9434896111488342,0.9809300899505615,0.976403769200981,0.874563992023468
718_class-6,2,0.4232250452041626,0,0.9780374765396118,0.9258822202682495,0.4551700274030707,0.5061101913452148
718_class-6,3,0.4374760687351227,0,0.9809111952781677,0.9431970119476318,0.8833641730548947,0.4554416537284851
718_class-6,4,0.6494704484939575,1,0.9817582368850708,0.9693912267684937,0.38935778082321254,0.9033628106117249
718_class-6,5,0.312349408864975,0,0.9362555742263794,0.9566010236740112,0.2875533278620699,0.7102200388908386
719_class-7,0,0.9694789052009583,0,0.9758930206298828,1.0096912384033203,1.0,0.9678336381912231
719_class-7,1,0.9269540309906006,0,0.97445148229599,1.0060319900512695,0.9900726186428328,0.9803497791290283
719_class-7,2,0.44480961561203003,1,0.9816322326660156,1.014738917350769,0.43144654851255665,0.9952936768531799
719_class-7,3,0.9193024635314941,0,0.9755972623825073,1.009328842163086,0.43168747669948604,0.9680590629577637
719_class-7,4,0.44438958168029785,0,0.9823753833770752,0.9978952407836914,0.43214871581421543,0.9784463047981262
719_class-7,5,0.9154235124588013,0,0.9763001799583435,1.0081666707992554,0.43018372864315446,0.9625832438468933
720_class-5,0,0.2741851508617401,0,0.9644452333450317,0.8981313705444336,1.0,0.9196996688842773
720_class-5,1,0.8244335651397705,0,0.9793382883071899,0.9503920078277588,0.03680455006545921,0.8168731927871704
720_class-5,2,0.834051251411438,0,0.9530007243156433,0.9678549766540527,0.7270486249989797,0.897574782371521
720_class-5,3,0.2430216372013092,0,0.9615804553031921,0.9743624925613403,0.10545495110251739,0.9682413935661316
720_class-5,4,0.8685952425003052,1,0.964618444442749,0.9992843866348267,0.07945076606038885,0.9467000365257263
720_class-5,5,0.2411503791809082,0,0.966729462146759,0.9574638605117798,0.07882726019886489,0.9657585620880127
721_class-6,0,0.9857425093650818,0,0.9941698312759399,1.0016889572143555,1.0,0.9951376914978027
721_class-6,1,0.9738888740539551,1,0.9942976236343384,1.0025726556777954,0.9919417325275066,0.9952244758605957
721_class-6,2,0.934609055519104,0,0.9945763945579529,0.9676045179367065,0.9143818455150691,0.9809240102767944
721_class-6,3,0.8512563705444336,0,0.9962761402130127,0.9376819133758545,0.8236419280795715,0.9389145374298096
721_class-6,4,0.7078679800033569,0,0.9943808913230896,0.910510778427124,0.5658563276791996,0.8055776357650757
721_class-6,5,0.42678263783454895,0,0.9583786725997925,0.9114245176315308,0.35193239374587093,0.8848528861999512
722_class-8,0,0.3894203007221222,1,0.9945534467697144,1.0067994594573975,1.0,0.9966230392456055
722_class-8,1,0.30554190278053284,0,0.9932126402854919,0.9862700700759888,0.2779440468445023,0.9549740552902222
722_class-8,2,0.33493122458457947,0,0.9961696863174438,1.0016884803771973,0.6841548511617549,0.9892518520355225
722_class-8,3,0.37233397364616394,0,0.9944331645965576,0.9877004027366638,0.4088983050847458,0.9935035109519958
722_class-8,4,0.3044634163379669,0,0.9928158521652222,0.9904264211654663,0.2816354331578366,0.9606052041053772
722_class-8,5,0.3068713843822479,0,0.9933531284332275,0.9631904363632202,0.9625913928736696,0.8467372059822083
723_class-5,0,0.9986697435379028,0,0.9975250959396362,1.0086865425109863,1.0,0.9954471588134766
723_class-5,1,0.9697898626327515,0,0.9975013732910156,1.001936912536621,0.9882675647049238,0.9898040890693665
723_class-5,2,0.9710593223571777,1,0.9975495934486389,1.0087344646453857,0.9884017818339852,0.9956110715866089
723_class-5,3,0.9698450565338135,0,0.9975520372390747,1.0058752298355103,0.9882252281616688,0.9904277324676514
723_class-5,4,0.9697376489639282,0,0.9975060224533081,1.0045809745788574,0.9984208502691421,0.990410566329956
723_class-5,5,0.9708853960037231,0,0.9975293874740601,1.0061191320419312,0.9894350397715684,0.9949753880500793
724_class-7,0,0.6352933645248413,1,0.990030825138092,1.008863091468811,1.0,0.9694403409957886
724_class-7,1,0.460532546043396,0,0.9852079749107361,0.9813646674156189,0.7061954474032758,0.8885588645935059
724_class-7,2,0.46166712045669556,0,0.9854497313499451,0.9818316102027893,0.973916431731188,0.890667736530304
724_class-7,3,0.6088429093360901,0,0.9900936484336853,1.0072365999221802,0.7092183989399787,0.9658216834068298
724_class-7,4,0.6090201139450073,0,0.9900836944580078,1.0081568956375122,0.9992014028963553,0.96742844581604
724_class-7,5,0.4559464454650879,0,0.9856314659118652,0.9800999164581299,0.6970771103362063,0.884931206703186
725_class-7,0,0.9650123715400696,1,0.9874014854431152,0.9984118938446045,1.0,0.9843630194664001
725_class-7,1,0.9317846894264221,0,0.9890246987342834,0.990111231803894,0.9929650238473768,0.9811670184135437
725_class-7,2,0.7728482484817505,0,0.9781141877174377,0.9904191493988037,0.7043810129601654,0.9745604395866394
725_class-7,3,0.5109231472015381,0,0.9876694679260254,0.9621593952178955,0.2960867383912147,0.9593038558959961
725_class-7,4,0.9311327934265137,0,0.9867491126060486,0.9995908737182617,0.21663674446439257,0.9841529130935669
725_class-7,5,0.9308621883392334,0,0.9865236282348633,0.9989395141601562,0.9981580106515037,0.9833464026451111
726_class-9,0,0.8717688322067261,0,0.9495782256126404,1.0154517889022827,1.0,0.994708240032196
726_class-9,1,0.8486124277114868,0,0.9495741128921509,1.0157661437988281,0.9998122559327125,0.9947407245635986
726_class-9,2,0.8486217260360718,0,0.9495465755462646,1.0156303644180298,0.9995120486449967,0.9948694109916687
726_class-9,3,0.8485488891601562,1,0.9496117830276489,1.016807198524475,0.9995122591779692,0.9948264956474304
726_class-9,4,0.848624587059021,0,0.9493962526321411,1.0165308713912964,0.999062054475876,0.9947535991668701
726_class-9,5,0.8485814332962036,0,0.9495382905006409,1.0144374370574951,0.9994369580721444,0.9947177171707153
727_class-7,0,0.9538166522979736,0,0.9771459698677063,1.0022526979446411,1.0,0.9408925175666809
727_class-7,1,0.9150530099868774,0,0.9779611825942993,1.0010191202163696,0.97990591788141,0.9852539300918579
727_class-7,2,0.9062963128089905,0,0.9773885011672974,1.0046278238296509,0.9795110052848598,0.9431859850883484
727_class-7,3,0.3161955177783966,1,0.9995245933532715,0.9286746978759766,0.018884689658440652,0.9853461384773254
727_class-7,4,0.9065498113632202,0,0.9782710075378418,0.9629982709884644,0.01791697359979089,0.9367286562919617
727_class-7,5,0.9128764271736145,0,0.9779096245765686,1.0005630254745483,0.9788377052427953,0.9862197041511536
728_class-6,0,0.9966892004013062,1,0.9871228933334351,1.0098607540130615,1.0,0.993278980255127
728_class-6,1,0.965449869632721,0,0.9871046543121338,1.009211778640747,0.9995423674165601,0.9933795928955078
728_class-6,2,0.9654651284217834,0,0.9870812296867371,1.0091285705566406,0.9996983628383017,0.9933028817176819
728_class-6,3,0.9656408429145813,0,0.987169623374939,1.0067112445831299,0.9985124156081931,0.9923980236053467
728_class-6,4,0.965474009513855,0,0.987133264541626,1.0057835578918457,0.9987202031027271,0.9931120276451111
728_class-6,5,0.9656453132629395,0,0.9872027635574341,1.006115198135376,0.998740999708661,0.9923754334449768
729_class-9,0,0.9994499087333679,0,0.9298272728919983,0.9966914653778076,1.0,0.8709736466407776
729_class-9,1,0.6625849604606628,0,0.9396195411682129,0.9732837677001953,0.9460522725686402,0.9277967214584351
729_class-9,2,0.6843082308769226,0,0.9287247061729431,1.0073758363723755,0.9489002316641634,0.9594375491142273
729_class-9,3,0.2827396094799042,1,0.995052695274353,0.9772841930389404,0.36113055764163793,0.950834333896637
729_class-9,4,0.684310793876648,0,0.9296005964279175,1.0023536682128906,0.36116043866516456,0.9104909896850586
729_class-9,5,0.6631786227226257,0,0.9400148987770081,0.9821897745132446,0.9482531458650254,0.9129434823989868
730_class-9,0,0.9622870683670044,1,0.9064396619796753,1.0118767023086548,1.0,0.9946025609970093
730_class-9,1,0.9190410375595093,0,0.9062128067016602,1.0122355222702026,0.9995771514716967,0.9945806264877319
730_class-9,2,0.9190022945404053,0,0.9062540531158447,1.011939287185669,0.9996874195565035,0.9945648312568665
730_class-9,3,0.9195324778556824,0,0.9049487709999084,1.0062487125396729,0.9966372657111356,0.9915314316749573
730_class-9,4,0.9190080165863037,0,0.9063543081283569,1.0122824907302856,0.996637142122092,0.9945348501205444
730_class-9,5,0.9203155040740967,0,0.9052046537399292,1.008837103843689,0.993858148985859,0.9915210604667664
731_class-7,0,0.8782673478126526,1,0.9940433502197266,1.000396728515625,1.0,0.9842296838760376
731_class-7,1,0.5816777348518372,0,0.9940904378890991,1.0001258850097656,0.284431339890612,0.986446738243103
731_class-7,2,0.5827248692512512,0,0.9942446947097778,0.9897375106811523,0.9948761534725595,0.9816277623176575
731_class-7,3,0.5819047689437866,0,0.994048535823822,1.0026968717575073,0.9915579992214869,0.9830056428909302
731_class-7,4,0.5834764242172241,0,0.9949676990509033,0.9560625553131104,0.9623396100649891,0.7915711402893066
731_class-7,5,0.9537637233734131,0,0.9938073754310608,0.9989782571792603,0.30662990049154776,0.9910057783126831
732_class-5,0,0.9972811341285706,1,0.9911211133003235,1.0086610317230225,1.0,0.9933351278305054
732_class-5,1,0.9650672078132629,0,0.991087019443512,1.0073150396347046,0.9974365475083805,0.9932711124420166
732_class-5,2,0.9650539755821228,0,0.9911006093025208,1.0083400011062622,0.9979003734235187,0.9933390021324158
732_class-5,3,0.9649772644042969,0,0.9910411238670349,1.0086548328399658,0.9990848164000901,0.9932814240455627
732_class-5,4,0.96500563621521,0,0.9910787343978882,1.0073055028915405,0.9973950632929216,0.9934529662132263
732_class-5,5,0.9650738835334778,0,0.9911021590232849,1.007235050201416,0.9996329964428886,0.9933441281318665
733_class-7,0,0.9990867376327515,1,0.990816593170166,1.0153820514678955,1.0,0.9933497309684753
733_class-7,1,0.9187361001968384,0,0.9907820820808411,1.0161068439483643,0.9996451506811376,0.9934452772140503
733_class-7,2,0.9187624454498291,0,0.9908016324043274,1.01564621925354,0.9997490090183656,0.9933671355247498
733_class-7,3,0.9187473058700562,0,0.9907989501953125,1.0161274671554565,0.9997922707404683,0.9933767318725586
733_class-7,4,0.9187197685241699,0,0.9908087849617004,1.0163910388946533,0.9997057729086078,0.9934291243553162
733_class-7,5,0.918738842010498,0,0.990792989730835,1.0164108276367188,0.9997749950239284,0.9933851957321167
734_class-7,0,0.9896941184997559,0,0.9885934591293335,1.0049664974212646,1.0,0.9782781004905701
734_class-7,1,0.9574074149131775,0,0.9886731505393982,1.0047006607055664,0.9992601032895808,0.9764899611473083
734_class-7,2,0.9575194716453552,0,0.9886720180511475,1.005174160003662,0.9989498750203369,0.9801875352859497
734_class-7,3,0.9572569131851196,0,0.9886358976364136,1.004546046257019,0.9986392947997397,0.978419303894043
734_class-7,4,0.9575595855712891,1,0.9886946082115173,1.0059298276901245,0.993599929378531,0.9826197028160095
734_class-7,5,0.9574240446090698,0,0.9885265231132507,1.005155324935913,0.9940854519774012,0.9788784384727478
735_class-7,0,0.9953761100769043,1,0.9926686882972717,1.0151270627975464,1.0,0.9947717785835266
735_class-7,1,0.7643927335739136,0,0.992714524269104,1.0149742364883423,0.9998473835822889,0.9946766495704651
735_class-7,2,0.7644644975662231,0,0.9926742315292358,1.0151206254959106,0.9996947962765146,0.9947664141654968
735_class-7,3,0.7644665837287903,0,0.9926780462265015,1.0153230428695679,0.9997138496756963,0.9947006106376648
735_class-7,4,0.7644292116165161,0,0.9926932454109192,1.0151945352554321,0.9998092149193933,0.9947137832641602
735_class-7,5,0.7644056081771851,0,0.9927277565002441,1.0153428316116333,0.9999427622917978,0.9947125911712646
736_class-5,0,0.9943721294403076,1,0.9569780230522156,1.00949227809906,1.0,0.9867898225784302
736_class-5,1,0.9490706920623779,0,0.957646906375885,1.008492350578308,0.9942716806210704,0.9857436418533325
736_class-5,2,0.9531323909759521,0,0.9563552141189575,1.008152723312378,0.9933919046124883,0.9864467978477478
736_class-5,3,0.9541399478912354,0,0.9560190439224243,1.0083589553833008,0.9981708501162011,0.9859268069267273
736_class-5,4,0.2413242906332016,0,0.9791696071624756,0.9471364617347717,0.08859752430590358,0.9815520644187927
736_class-5,5,0.9532393217086792,0,0.9562315344810486,1.009352445602417,0.08874150577575876,0.986546516418457
737_class-6,0,0.17145006358623505,1,0.9530138969421387,1.0080808401107788,1.0,0.9859305024147034
737_class-6,1,0.2091177999973297,0,0.9268299341201782,0.9994326829910278,0.9190508052235706,0.9750230312347412
737_class-6,2,0.16693221032619476,0,0.9540947675704956,0.9981164932250977,0.9143122966592891,0.9754521250724792
737_class-6,3,0.16639219224452972,0,0.953173816204071,1.0070048570632935,0.9914353737234509,0.9860790371894836
737_class-6,4,0.20878422260284424,0,0.9268439412117004,1.0055571794509888,0.9205956768372286,0.9748326539993286
737_class-6,5,0.16637900471687317,0,0.9528815150260925,1.0080136060714722,0.9209632513487598,0.9853206872940063
738_class-7,0,0.9903608560562134,0,0.9742662906646729,1.0111325979232788,1.0,0.9884651899337769
738_class-7,1,0.9476768970489502,0,0.974132776260376,1.0115618705749512,0.9996334207483857,0.9886837601661682
738_class-7,2,0.9477071762084961,0,0.9742011427879333,1.0119075775146484,0.9996240071438642,0.9889109134674072
738_class-7,3,0.947646975517273,1,0.9743205904960632,1.0121937990188599,0.9994924716630011,0.9891272187232971
738_class-7,4,0.9478151798248291,0,0.9742202162742615,1.0120928287506104,0.9994080115766625,0.9891058206558228
738_class-7,5,0.9475421905517578,0,0.9741251468658447,1.0116980075836182,0.9992482333483687,0.9887434244155884
739_class-6,0,0.401492178440094,1,0.8821119070053101,1.0015664100646973,1.0,0.9485074281692505
739_class-6,1,0.16601955890655518,0,0.9681888818740845,0.9871729612350464,0.6229912984518025,0.9303476214408875
739_class-6,2,0.21607066690921783,0,0.9709547758102417,0.9691225290298462,0.7350356176286896,0.941859245300293
739_class-6,3,0.16573628783226013,0,0.9677664637565613,0.9855507612228394,0.7323569175304191,0.9397953748703003
739_class-6,4,0.17399097979068756,0,0.9636459946632385,0.9766315221786499,0.9600017322766445,0.8773782253265381
739_class-6,5,0.38878321647644043,0,0.8812820911407471,1.009769082069397,0.6488293561458802,0.9614379405975342
740_class-8,0,0.31227996945381165,0,0.9338709712028503,0.9683623313903809,1.0,0.8290787935256958
740_class-8,1,0.29375511407852173,0,0.9379891157150269,0.9580448865890503,0.9879438914621728,0.8076300024986267
740_class-8,2,0.30127233266830444,0,0.9436869025230408,0.9959779977798462,0.9376741940439353,0.8907934427261353
740_class-8,3,0.3715406060218811,1,0.9779704809188843,1.0138226747512817,0.5566922322818754,0.9957078099250793
740_class-8,4,0.29179131984710693,0,0.9335914850234985,0.9987796545028687,0.5168452883413295,0.9537872076034546
740_class-8,5,0.29656651616096497,0,0.9396118521690369,0.9514025449752808,0.9515794451789035,0.7468094229698181
741_class-5,0,0.9833564162254333,0,0.9623052477836609,0.975763201713562,1.0,0.9230024218559265
741_class-5,1,0.9471087455749512,0,0.9625271558761597,0.9750980138778687,0.9811989902587849,0.9516049027442932
741_class-5,2,0.6625387668609619,0,0.980840802192688,0.9934701919555664,0.6363001799342309,0.9312378764152527
741_class-5,3,0.5962711572647095,0,0.9650548696517944,0.9832193851470947,0.19564115164704873,0.8513838648796082
741_class-5,4,0.5134768486022949,1,0.991822361946106,1.000545859336853,0.7736699855760478,0.9855931401252747
741_class-5,5,0.7327345609664917,0,0.9853837490081787,1.008858323097229,0.16772990403667587,0.9854862689971924
742_class-7,0,0.25786498188972473,1,0.991612434387207,0.9865000247955322,1.0,0.9796065092086792
742_class-7,1,0.24255166947841644,0,0.9916409254074097,0.9895146489143372,0.9358861824299612,0.9838310480117798
742_class-7,2,0.2685666084289551,0,0.9894181489944458,0.9108275175094604,0.5010255172829824,0.8221415877342224
742_class-7,3,0.23748420178890228,0,0.9923973679542542,0.9541769027709961,0.6231960359244348,0.8762664794921875
742_class-7,4,0.2426319271326065,0,0.9916174411773682,0.9980641007423401,0.844883131126191,0.9794201254844666
742_class-7,5,0.24258993566036224,0,0.9917108416557312,0.9918211698532104,0.9988278960734518,0.9832225441932678
743_class-9,0,0.868278443813324,0,0.9924095869064331,1.0056394338607788,1.0,0.9890415668487549
743_class-9,1,0.8298613429069519,0,0.9924323558807373,1.0048178434371948,0.9990326786390209,0.9888430237770081
743_class-9,2,0.8298358917236328,0,0.9924888014793396,1.005265474319458,0.9993477803492531,0.9888618588447571
743_class-9,3,0.8291982412338257,0,0.9922484159469604,0.996390700340271,0.9957623562977259,0.9800223708152771
743_class-9,4,0.8300151824951172,1,0.992501974105835,1.0051641464233398,0.9953682357379385,0.9899020791053772
743_class-9,5,0.8298665881156921,0,0.9921179413795471,1.0053001642227173,0.9987396811393282,0.989224374294281
744_class-8,0,0.45491644740104675,0,0.9910088777542114,0.9277094602584839,1.0,0.9461148381233215
744_class-8,1,0.42717689275741577,0,0.9979885816574097,0.851423978805542,0.09385025119544822,0.8923251628875732
744_class-8,2,0.489621102809906,0,0.9922492504119873,0.8450378179550171,0.7456681753760344,0.8708354830741882
744_class-8,3,0.4044214189052582,1,0.9910426735877991,0.9844244718551636,0.3090448281324252,0.9540001749992371
744_class-8,4,0.3968777656555176,0,0.9887216091156006,0.9768772125244141,0.8583978053817465,0.9579029679298401
744_class-8,5,0.4391588270664215,0,0.9974378347396851,0.9244381785392761,0.2749837516635202,0.9515825510025024
745_class-6,0,0.4043295383453369,1,0.8967893123626709,0.991040825843811,1.0,0.9578282237052917
745_class-6,1,0.37694329023361206,0,0.90599524974823,0.9284284114837646,0.9720434979610331,0.913325309753418
745_class-6,2,0.35871753096580505,0,0.9111307859420776,0.9795233011245728,0.7821029492581059,0.9443390965461731
745_class-6,3,0.37669017910957336,0,0.8943703174591064,0.9938384294509888,0.7940984584412921,0.9647123217582703
745_class-6,4,0.37536245584487915,0,0.898393988609314,0.9455615282058716,0.9524772722220988,0.9346192479133606
745_class-6,5,0.3766079246997833,0,0.8975541591644287,0.9917205572128296,0.9543483578306019,0.9582948088645935
746_class-8,0,0.5615652203559875,0,0.9756155014038086,0.8717964887619019,1.0,0.701684832572937
746_class-8,1,0.4815995395183563,0,0.9805780053138733,0.9251405000686646,0.5291915905831321,0.8275246620178223
746_class-8,2,0.35626092553138733,0,0.9509371519088745,0.9336949586868286,7.93751587503175e-05,0.9506973624229431
746_class-8,3,0.39308232069015503,1,0.9876152276992798,0.9532829523086548,0.3154676307336675,0.8301803469657898
746_class-8,4,0.3143836259841919,0,0.8157510757446289,0.8416374921798706,0.23280462386731512,0.21152609586715698
746_class-8,5,0.4596570134162903,0,0.9725085496902466,0.8876696825027466,0.039686878350264986,0.8095243573188782
747_class-7,0,0.3351646661758423,0,0.9788058996200562,0.9625993967056274,1.0,0.7279022932052612
747_class-7,1,0.3172142803668976,0,0.9895621538162231,0.9778046607971191,0.5684890537145592,0.9699012637138367
747_class-7,2,0.8717985153198242,1,0.9906124472618103,1.0089285373687744,0.0005892751915144372,0.9965901374816895
747_class-7,3,0.8719232082366943,0,0.9903484582901001,1.0075929164886475,0.999252400943125,0.9965530633926392
747_class-7,4,0.3242608606815338,0,0.9949746131896973,0.9814083576202393,0.0,0.9846239686012268
747_class-7,5,0.8711326122283936,0,0.9906653165817261,0.9753381013870239,0.0,0.9937357902526855
748_class-6,0,0.5127968192100525,0,0.9486675262451172,0.9424636363983154,1.0,0.8944306373596191
748_class-6,1,0.6895221471786499,0,0.9659994840621948,0.8631678819656372,0.38286174373130893,0.7147159576416016
748_class-6,2,0.8201396465301514,1,0.972951352596283,0.9443529844284058,0.6935538964524471,0.9291406869888306
748_class-6,3,0.4814299941062927,0,0.9625399112701416,0.9607332944869995,0.26131833712984054,0.795723557472229
748_class-6,4,0.48796358704566956,0,0.9480955004692078,0.9858084917068481,0.9717788777210971,0.9518803358078003
748_class-6,5,0.48222988843917847,0,0.9571706056594849,0.9674861431121826,0.9743179585359095,0.8930023908615112
749_class-8,0,0.41718217730522156,1,0.996279239654541,0.9967919588088989,1.0,0.9884015917778015
749_class-8,1,0.3943292200565338,0,0.9978600144386292,0.9735614061355591,0.9608270499528746,0.9670708179473877
749_class-8,2,0.3886913061141968,0,0.9977129697799683,0.9372525215148926,0.9278527262507027,0.9362566471099854
749_class-8,3,0.4141058027744293,0,0.9925824999809265,0.9604607224464417,0.5270196584875879,0.9393681287765503
749_class-8,4,0.410330206155777,0,0.9911233186721802,0.9620355367660522,0.2654535331780288,0.8281466364860535
749_class-8,5,0.3925960659980774,0,0.9971968531608582,0.985244870185852,0.4623296588837775,0.9819915890693665
750_class-7,0,0.7356970906257629,1,0.9945294857025146,1.006007432937622,1.0,0.9843482971191406
750_class-7,1,0.7198978662490845,0,0.9940749406814575,1.0033529996871948,0.9852531696899246,0.9766315817832947
750_class-7,2,0.7197169065475464,0,0.9942379593849182,1.003096342086792,0.9990941416654273,0.9765821695327759
750_class-7,3,0.7266860604286194,0,0.9936436414718628,1.0019471645355225,0.9845071735915916,0.973249614238739
750_class-7,4,0.736413836479187,0,0.9932379126548767,1.0035736560821533,0.978269654426238,0.9848425388336182
750_class-7,5,0.7132829427719116,0,0.9944331645965576,1.0057495832443237,0.9497497262631003,0.9842262268066406
751_class-7,0,0.6279881000518799,1,0.9944552183151245,0.9942648410797119,1.0,0.989027738571167
751_class-7,1,0.5211917161941528,0,0.9944210052490234,1.0075092315673828,0.9984740927486234,0.9934418201446533
751_class-7,2,0.5192289352416992,0,0.9947142601013184,0.9431462287902832,0.9893360625969824,0.9903773069381714
751_class-7,3,0.5214071273803711,0,0.9944441318511963,1.006636619567871,0.9887699828246796,0.9933252930641174
751_class-7,4,0.35117989778518677,0,0.9922663569450378,0.933754563331604,0.6633331118346734,0.9598892331123352
751_class-7,5,0.5212398171424866,0,0.9944597482681274,1.000405192375183,0.6637303460426154,0.9922082424163818
752_class-7,0,0.9914492964744568,1,0.9110808372497559,1.0084459781646729,1.0,0.9943491816520691
752_class-7,1,0.901940107345581,0,0.9111589789390564,1.0076007843017578,0.9990460650182,0.9941197633743286
752_class-7,2,0.5944219827651978,0,0.9388885498046875,0.9600241184234619,0.514000261198903,0.8063604235649109
752_class-7,3,0.9017422199249268,0,0.911164402961731,1.0036816596984863,0.513828010853684,0.9939091205596924
752_class-7,4,0.901382327079773,0,0.9111997485160828,1.0059232711791992,0.996522913748249,0.9947448968887329
752_class-7,5,0.9017971754074097,0,0.9115939140319824,1.00278639793396,0.9944356718550267,0.9893240928649902
753_class-7,0,0.4907994568347931,1,0.9821751713752747,1.012459635734558,1.0,0.9958378672599792
753_class-7,1,0.480455607175827,0,0.982141375541687,1.0124980211257935,0.9996123050990308,0.9957975745201111
753_class-7,2,0.48042380809783936,0,0.9821829795837402,1.0126453638076782,0.9996628796817584,0.9958658814430237
753_class-7,3,0.480455607175827,0,0.9821765422821045,1.012523889541626,0.9997302946530915,0.9958105683326721
753_class-7,4,0.4804675877094269,0,0.9821144342422485,1.0134309530258179,0.9987539570283559,0.995985209941864
753_class-7,5,0.4804871082305908,0,0.9821812510490417,1.0125356912612915,0.9986529265171415,0.9958330392837524
754_class-8,0,0.6192808747291565,1,0.9744124412536621,0.984691321849823,1.0,0.9353988170623779
754_class-8,1,0.5133707523345947,0,0.9735928773880005,0.9668748378753662,0.69441873823276,0.9671139121055603
754_class-8,2,0.580886960029602,0,0.973289966583252,0.9316407442092896,0.6664459787509064,0.9386212229728699
754_class-8,3,0.5023553371429443,0,0.9797598123550415,0.951648473739624,0.6228569715861407,0.9393547773361206
754_class-8,4,0.5964815020561218,0,0.9713577628135681,0.9640508890151978,0.6354315341819347,0.963807225227356
754_class-8,5,0.5978737473487854,0,0.9705076217651367,0.9771009683609009,0.9840741983708088,0.976794958114624
755_class-7,0,0.9801047444343567,1,0.9165642261505127,1.0082409381866455,1.0,0.9876720309257507
755_class-7,1,0.9264463782310486,0,0.9190377593040466,1.0091716051101685,0.9944314953013642,0.9852932095527649
755_class-7,2,0.9251409769058228,0,0.9193559288978577,1.0081212520599365,0.9983991570244585,0.9848173260688782
755_class-7,3,0.9254162311553955,0,0.9191383123397827,1.0075167417526245,0.9991074748977316,0.9848577976226807
755_class-7,4,0.9257662296295166,0,0.9192111492156982,1.005406379699707,0.9991415554744427,0.9849411249160767
755_class-7,5,0.9253772497177124,0,0.9190781712532043,1.0081381797790527,0.99904692379446,0.9845746755599976
756_class-6,0,0.8666774034500122,0,0.9722322821617126,1.0010969638824463,1.0,0.9737011194229126
756_class-6,1,0.8250895738601685,0,0.9720001220703125,1.000010371208191,0.9986506163709966,0.973435640335083
756_class-6,2,0.825961709022522,1,0.9722467660903931,1.004714012145996,0.9977851521471085,0.9768651127815247
756_class-6,3,0.8249168395996094,0,0.9725440740585327,1.0000863075256348,0.9972749762131303,0.9720345139503479
756_class-6,4,0.8246374726295471,0,0.9728550314903259,0.9988695383071899,0.9988172363009256,0.9685661196708679
756_class-6,5,0.8278531432151794,0,0.9708732962608337,1.0007604360580444,0.9874860453187702,0.9838420748710632
757_class-9,0,0.6935421824455261,0,0.9686119556427002,0.999467134475708,1.0,0.9928206205368042
757_class-9,1,0.9697151184082031,0,0.9544140696525574,0.9762029647827148,0.6335211223400916,0.9742287993431091
757_class-9,2,0.6788632869720459,0,0.9703678488731384,1.0058377981185913,0.6334522922467548,0.992901086807251
757_class-9,3,0.6788142919540405,0,0.9666196703910828,0.995263934135437,0.9988655840392606,0.9924747347831726
757_class-9,4,0.6788831949234009,1,0.9705713987350464,1.0062447786331177,0.9987301195906794,0.9929566383361816
757_class-9,5,0.9693912267684937,0,0.9545177817344666,0.9716085195541382,0.6326166844651046,0.957354724407196
758_class-7,0,0.9475012421607971,1,0.9821518659591675,0.9933556318283081,1.0,0.9724236130714417
758_class-7,1,0.9629152417182922,0,0.9796135425567627,1.00711989402771,0.9304427743781847,0.9879553914070129
758_class-7,2,0.9625898599624634,0,0.9796571731567383,1.0064785480499268,0.9989750876416533,0.9872404336929321
758_class-7,3,0.9644712805747986,0,0.9779725670814514,1.007024884223938,0.9898337160594975,0.9901556372642517
758_class-7,4,0.9625914692878723,0,0.9795289039611816,1.0064040422439575,0.9905376244821658,0.9877904057502747
758_class-7,5,0.9632008075714111,0,0.9794275164604187,1.0076258182525635,0.9986615456238361,0.9879748225212097
759_class-7,0,0.9943735599517822,1,0.8721359968185425,1.013028621673584,1.0,0.9968703389167786
759_class-7,1,0.5812957286834717,0,0.8720219135284424,1.0130894184112549,0.9997004578715393,0.9969054460525513
759_class-7,2,0.5813053250312805,0,0.8719669580459595,1.0133012533187866,0.999764605178686,0.9968985319137573
759_class-7,3,0.5812395811080933,0,0.8720622062683105,1.0134302377700806,0.9997646253263149,0.9968640208244324
759_class-7,4,0.4553670883178711,0,0.8845303654670715,0.9779207706451416,0.7061640099399964,0.9714058637619019
759_class-7,5,0.5820295214653015,0,0.872571587562561,0.998621940612793,0.7062134037195473,0.9948073029518127
760_class-7,0,0.6661208271980286,1,0.996211051940918,1.0059303045272827,1.0,0.9929125905036926
760_class-7,1,0.7002904415130615,0,0.9960121512413025,0.9943071603775024,0.8267421294658649,0.9683521389961243
760_class-7,2,0.7675955295562744,0,0.9938814640045166,0.9788380861282349,0.7157731071438488,0.9259827136993408
760_class-7,3,0.7106561660766602,0,0.9951971769332886,0.9870798587799072,0.7331285797293932,0.9591153860092163
760_class-7,4,0.8820286989212036,0,0.9924054145812988,0.9821720123291016,0.602432509988301,0.8886376619338989
760_class-7,5,0.7354966402053833,0,0.994809627532959,0.998328447341919,0.6501763668430335,0.9759271740913391
761_class-5,0,0.7139317989349365,0,0.9912946820259094,1.0064671039581299,1.0,0.9946467876434326
761_class-5,1,0.6866825819015503,0,0.9914293885231018,1.010837197303772,0.9981388203666228,0.994852602481842
761_class-5,2,0.6867514848709106,0,0.9914786219596863,1.0111092329025269,0.9989069746831704,0.9950029850006104
761_class-5,3,0.9340923428535461,0,0.9899490475654602,0.9832603931427002,0.6234196407744343,0.9283990859985352
761_class-5,4,0.6968050003051758,0,0.9975621700286865,0.9903900623321533,0.6419473402205281,0.9116008281707764
761_class-5,5,0.6866968274116516,1,0.9915494322776794,1.010940432548523,0.9426008199882859,0.9948610663414001
762_class-8,0,0.33189505338668823,1,0.96632981300354,0.8679237365722656,1.0,0.5529048442840576
762_class-8,1,0.3173733949661255,0,0.9355676174163818,0.9076074361801147,0.21576538784226984,0.3581225574016571
762_class-8,2,0.3458263874053955,0,0.9639052152633667,0.9655822515487671,0.25519531423331215,0.8823949694633484
762_class-8,3,0.3145473003387451,0,0.9359320402145386,0.9680415391921997,0.8730939192132944,0.8919512629508972
762_class-8,4,0.3204176127910614,0,0.8346112966537476,0.9776148796081543,0.1640406973750605,0.7530125975608826
762_class-8,5,0.3158063590526581,0,0.9511100053787231,0.9388386011123657,0.16554634420639383,0.8538390398025513
763_class-7,0,0.615713357925415,1,0.9854864478111267,1.0092990398406982,1.0,0.9898280501365662
763_class-7,1,0.5507516264915466,0,0.9854507446289062,1.0094765424728394,0.9993273720028488,0.9905133247375488
763_class-7,2,0.5508367419242859,0,0.9855337738990784,1.0091664791107178,0.9991690737150318,0.9897829294204712
763_class-7,3,0.5508180260658264,0,0.9855697751045227,1.0077977180480957,0.9986935608384964,0.9888178110122681
763_class-7,4,0.8850623369216919,0,0.9780019521713257,1.0079745054244995,0.37740483817084913,0.9960640668869019
763_class-7,5,0.5507248640060425,0,0.9855358600616455,1.0091512203216553,0.37862628405318877,0.9898385405540466
764_class-8,0,0.7594660520553589,0,0.987026572227478,1.008411169052124,1.0,0.9888864159584045
764_class-8,1,0.6718637347221375,0,0.9843066930770874,0.953478217124939,0.9649334482428421,0.9529138803482056
764_class-8,2,0.6811153888702393,0,0.9866747260093689,1.0086555480957031,0.9692190039193194,0.9927583932876587
764_class-8,3,0.6810153126716614,0,0.9866466522216797,1.008466362953186,0.9991151660538372,0.9922587275505066
764_class-8,4,0.8902962803840637,1,0.9900780916213989,1.0112890005111694,0.6096371324614023,0.9944599270820618
764_class-8,5,0.681037425994873,0,0.9867148399353027,1.0090183019638062,0.6096875061456469,0.9923906922340393
765_class-7,0,0.0844566598534584,1,0.8507359027862549,0.9961667060852051,1.0,0.9079959392547607
765_class-7,1,0.08105536550283432,0,0.8508138656616211,0.9877910614013672,0.9942697514504691,0.8960670232772827
765_class-7,2,0.07906374335289001,0,0.8484483957290649,0.9902968406677246,0.9952455952455952,0.8828541040420532
765_class-7,3,0.33195117115974426,0,0.9748575687408447,0.9697589874267578,0.2720179168697581,0.8898419141769409
765_class-7,4,0.39319539070129395,0,0.9632221460342407,0.9403250217437744,0.39400181143541646,0.8536548614501953
765_class-7,5,0.317253977060318,0,0.9652425050735474,0.9660835266113281,0.4089050918789958,0.9214782118797302
766_class-9,0,0.7445999979972839,0,0.9832173585891724,0.960280179977417,1.0,0.9225125908851624
766_class-9,1,0.10855180770158768,0,0.8296798467636108,0.9925947189331055,0.11043418355066029,0.856256902217865
766_class-9,2,0.5044728517532349,0,0.9830707311630249,0.971585750579834,0.3194830634384416,0.9178224802017212
766_class-9,3,0.3675171136856079,1,0.9851058721542358,0.9981217384338379,0.07967024671102298,0.9767526388168335
766_class-9,4,0.11305297911167145,0,0.8345903754234314,0.999334454536438,0.1266362761908745,0.8967092037200928
766_class-9,5,0.5359519124031067,0,0.9805539846420288,0.9717390537261963,0.2933796160762829,0.9403541684150696
767_class-5,0,0.9707525968551636,1,0.9331380128860474,1.0100784301757812,1.0,0.984142541885376
767_class-5,1,0.9295501708984375,0,0.9327186942100525,1.0079331398010254,0.9973916082170581,0.9828631281852722
767_class-5,2,0.9287444353103638,0,0.9332575798034668,1.0081281661987305,0.9982896806571622,0.9820468425750732
767_class-5,3,0.9289908409118652,0,0.9321548342704773,1.0088139772415161,0.9968621922234768,0.9837124347686768
767_class-5,4,0.9283355474472046,0,0.9329405426979065,1.0082221031188965,0.9984204578799173,0.9840992093086243
767_class-5,5,0.9287514686584473,0,0.9329289197921753,1.0068645477294922,0.9986573492952645,0.9847256541252136
768_class-7,0,0.9899241924285889,1,0.9773252010345459,1.01177978515625,1.0,0.987311840057373
768_class-7,1,0.941977858543396,0,0.9775830507278442,1.0101393461227417,0.9994951987158763,0.9869289398193359
768_class-7,2,0.9419293403625488,0,0.9769577980041504,1.0113402605056763,0.9995688872753676,0.9871584177017212
768_class-7,3,0.9419381618499756,0,0.9773609042167664,1.0113577842712402,0.9996312621612575,0.9868850708007812
768_class-7,4,0.9418861865997314,0,0.977547287940979,1.0110604763031006,0.9997390204188155,0.9867563247680664
768_class-7,5,0.9418943524360657,0,0.9773805141448975,1.0111390352249146,0.9995461662393066,0.9870408177375793
769_class-6,0,0.9240139126777649,1,0.9821845293045044,1.0109484195709229,1.0,0.9927126169204712
769_class-6,1,0.8880530595779419,0,0.9821823835372925,1.0113412141799927,0.9995483939158091,0.992656409740448
769_class-6,2,0.8878079652786255,0,0.9821844100952148,1.0048259496688843,0.9981358163490828,0.991592526435852
769_class-6,3,0.8879535794258118,0,0.9822232723236084,1.0105998516082764,0.9986251982887083,0.9925565123558044
769_class-6,4,0.8869216442108154,0,0.9821904897689819,0.9901546239852905,0.9919722345068933,0.9835647940635681
769_class-6,5,0.8880407810211182,0,0.9821665287017822,1.0105409622192383,0.9915623168071346,0.992513120174408
770_class-8,0,0.7448829412460327,1,0.998357355594635,0.9074714183807373,1.0,0.8777186274528503
770_class-8,1,0.5831642150878906,0,0.9970055818557739,0.9090172052383423,0.5062632696390659,0.9427302479743958
770_class-8,2,0.9421364068984985,0,0.9964741468429565,0.9953219890594482,0.30038285319776564,0.9805178642272949
770_class-8,3,0.7301976084709167,0,0.9978892803192139,0.9629340767860413,0.5769071738681001,0.9615226984024048
770_class-8,4,0.9201699495315552,0,0.997133195400238,0.9832128286361694,0.5566009508294824,0.9492037892341614
770_class-8,5,0.9231707453727722,0,0.9969255924224854,0.9737001657485962,0.9532621821861027,0.9517871737480164
771_class-6,0,0.6886903047561646,0,0.9898592233657837,0.9665541648864746,1.0,0.8829230070114136
771_class-6,1,0.8606122732162476,0,0.9690672159194946,0.9919058084487915,0.6188325618155132,0.9516564011573792
771_class-6,2,0.36790731549263,0,0.9973719716072083,0.9277554750442505,0.1847618330241886,0.7905266284942627
771_class-6,3,0.8593515753746033,0,0.9685709476470947,0.9906492233276367,0.1858689577432769,0.9472949504852295
771_class-6,4,0.8583647608757019,0,0.9681543111801147,0.9895905256271362,0.9919018034749654,0.9478095769882202
771_class-6,5,0.6412832736968994,1,0.9922994375228882,0.9796396493911743,0.6212821895007613,0.9362132549285889
772_class-6,0,0.37678244709968567,1,0.9346781373023987,0.9355846643447876,1.0,0.8356326222419739
772_class-6,1,0.6867300271987915,0,0.9710423350334167,0.8511694669723511,0.1156955203772314,0.633800745010376
772_class-6,2,0.1634185016155243,0,0.89795982837677,0.9883054494857788,0.026218274111675127,0.9732650518417358
772_class-6,3,0.35004210472106934,0,0.9720450639724731,0.9325380325317383,0.1881676581590226,0.7992478013038635
772_class-6,4,0.2607197165489197,0,0.9125124216079712,0.869754433631897,0.004186913602884998,0.8583969473838806
772_class-6,5,0.18339209258556366,0,0.8982057571411133,1.0116987228393555,0.0,0.9866600036621094
773_class-6,0,0.42851391434669495,1,0.9859331846237183,0.9887471199035645,1.0,0.9750017523765564
773_class-6,1,0.23353371024131775,0,0.921730637550354,0.9326131343841553,0.23948500352986557,0.7505826354026794
773_class-6,2,0.22700056433677673,0,0.9283234477043152,0.9836878776550293,0.9311111111111111,0.9257211685180664
773_class-6,3,0.40203142166137695,0,0.9844754338264465,0.9614394903182983,0.26170549027691886,0.9173399209976196
773_class-6,4,0.519095778465271,0,0.9616143107414246,0.8193871974945068,5.5404731564075574e-05,0.8124554753303528
773_class-6,5,0.4714035391807556,0,0.9842448234558105,0.9634308815002441,0.026962218907539224,0.9173754453659058
774_class-9,0,0.9606239795684814,0,0.9966155886650085,0.9962953329086304,1.0,0.9886254072189331
774_class-9,1,0.40588921308517456,0,0.9733338952064514,0.9730689525604248,0.1680633197452505,0.9290595054626465
774_class-9,2,0.38238435983657837,0,0.9636847972869873,0.9735881090164185,0.931771992644924,0.9356141090393066
774_class-9,3,0.4062158763408661,0,0.9739911556243896,0.9743156433105469,0.9310378190105566,0.9317618608474731
774_class-9,4,0.8117120265960693,1,0.9969059824943542,0.9955964088439941,0.168933761863022,0.988682210445404
774_class-9,5,0.1786421835422516,0,0.7911645174026489,0.9776104688644409,0.08071132625015383,0.7812452912330627
775_class-6,0,0.8073757886886597,1,0.9961740970611572,1.0001213550567627,1.0,0.9883973002433777
775_class-6,1,0.7824958562850952,0,0.9960150122642517,0.9917302131652832,0.9941984732824427,0.9848285913467407
775_class-6,2,0.7824320793151855,0,0.9960812330245972,0.9834799766540527,0.9977684030325263,0.9853203892707825
775_class-6,3,0.783022403717041,0,0.9960372447967529,0.9964030981063843,0.9941670484043366,0.9862761497497559
775_class-6,4,0.8819572925567627,0,0.9975759983062744,0.9733303785324097,0.6178678678678678,0.9667414426803589
775_class-6,5,0.9444677829742432,0,0.9977397918701172,0.9678151607513428,0.8673811379579112,0.9833878874778748
776_class-9,0,0.7667713165283203,0,0.9977638721466064,0.97077476978302,1.0,0.9556033611297607
776_class-9,1,0.7071659564971924,0,0.9980289936065674,0.9637132883071899,0.9750020224900898,0.9420077204704285
776_class-9,2,0.5942128300666809,0,0.9984537959098816,0.9925553798675537,0.6919804340677409,0.9783833622932434
776_class-9,3,0.7452346682548523,0,0.9794092774391174,0.8681203126907349,0.5768803671898134,0.750971257686615
776_class-9,4,0.5918994545936584,1,0.9986850023269653,0.9936109781265259,0.5812908039544861,0.9773814678192139
776_class-9,5,0.8322800397872925,0,0.9889742732048035,0.9532309770584106,0.5177362620182913,0.9099788665771484
777_class-7,0,0.9866515398025513,0,0.9975109100341797,1.0068069696426392,1.0,0.9924421906471252
777_class-7,1,0.9565595388412476,1,0.997521162033081,1.0075795650482178,0.9981134961505124,0.9931504726409912
777_class-7,2,0.9563191533088684,0,0.9975262880325317,1.0068585872650146,0.9985210872558519,0.9927994012832642
777_class-7,3,0.9557431936264038,0,0.9974967837333679,1.0067410469055176,0.9983152090672385,0.9922719597816467
777_class-7,4,0.9561630487442017,0,0.9974901676177979,1.006914496421814,0.9985447303921569,0.992597758769989
777_class-7,5,0.9561112523078918,0,0.9975206851959229,1.0058053731918335,0.9993362436496388,0.9924769401550293
778_class-6,0,0.24979005753993988,0,0.9799190163612366,0.9519258737564087,1.0,0.8955358862876892
778_class-6,1,0.27299708127975464,0,0.9878478050231934,0.9913722276687622,0.2041367600524813,0.9956189393997192
778_class-6,2,0.2691337764263153,0,0.9857094883918762,0.9021250605583191,0.711623876069765,0.923860490322113
778_class-6,3,0.2730018198490143,0,0.9872119426727295,0.996469259262085,0.7117009750812567,0.9957476854324341
778_class-6,4,0.27303892374038696,1,0.9877637624740601,1.0021207332611084,0.9922875436554133,0.9949511289596558
778_class-6,5,0.27304351329803467,0,0.9875982999801636,1.0012950897216797,0.9967850358030104,0.9962373971939087
779_class-5,0,0.9697006940841675,0,0.9947391748428345,1.0087779760360718,1.0,0.9929931163787842
779_class-5,1,0.9165045022964478,1,0.9948358535766602,1.0090495347976685,0.9991541676911728,0.9931766986846924
779_class-5,2,0.9166268110275269,0,0.9946813583374023,1.0081602334976196,0.9989578724868505,0.9928672909736633
779_class-5,3,0.9165500998497009,0,0.9947506189346313,1.009007453918457,0.9993511026339335,0.9929962754249573
779_class-5,4,0.9163528084754944,0,0.9947996735572815,1.0092638731002808,0.9992034066658143,0.992997407913208
779_class-5,5,0.9163621068000793,0,0.9947830438613892,1.0092413425445557,0.9995671506709165,0.9930658936500549
780_class-8,0,0.3727789521217346,0,0.9945659637451172,0.9439051151275635,1.0,0.9180319309234619
780_class-8,1,0.31922414898872375,1,0.9956859350204468,0.9664802551269531,0.24207827965156298,0.944947361946106
780_class-8,2,0.3472440242767334,0,0.9954605102539062,0.9341129064559937,0.0949685534591195,0.9212627410888672
780_class-8,3,0.34436869621276855,0,0.9940537810325623,0.8658772706985474,0.719676119819712,0.8561456203460693
780_class-8,4,0.3456684648990631,0,0.9936050176620483,0.9357526302337646,0.5699459766846744,0.9036514759063721
780_class-8,5,0.2847594916820526,0,0.9241353869438171,0.8974692821502686,0.018529431919413416,0.7734929323196411
781_class-8,0,0.4404825270175934,1,0.9686727523803711,0.9998087882995605,1.0,0.9943135976791382
781_class-8,1,0.3956420123577118,0,0.9726995825767517,0.9258099794387817,0.725775564917656,0.9518629312515259
781_class-8,2,0.314555823802948,0,0.9748117923736572,0.9391032457351685,1.9630552992677803e-05,0.8752445578575134
781_class-8,3,0.2270609587430954,0,0.9538896083831787,0.8986518383026123,0.0,0.8800135254859924
781_class-8,4,0.4003051221370697,0,0.9674803614616394,0.9644809365272522,0.0007476214372766097,0.9918156266212463
781_class-8,5,0.22837960720062256,0,0.9537080526351929,0.9276231527328491,0.01475980743623886,0.89447420835495
782_class-6,0,0.8326864838600159,1,0.9103446006774902,1.0144245624542236,1.0,0.9945468902587891
782_class-6,1,0.7858902812004089,0,0.9105339646339417,1.011583685874939,0.9996917631678244,0.994403600692749
782_class-6,2,0.7858972549438477,0,0.9105280637741089,1.0122026205062866,0.9999202640853493,0.994157075881958
782_class-6,3,0.7859768271446228,0,0.9103195667266846,1.015336513519287,0.9997767809689831,0.994774341583252
782_class-6,4,0.7859923839569092,0,0.9103374481201172,1.0149438381195068,0.9999043392766986,0.9947443008422852
782_class-6,5,0.7829464673995972,0,0.9119690656661987,0.9509975910186768,0.9951105442176871,0.912588357925415
783_class-7,0,0.9910732507705688,0,0.9751297235488892,0.9972068071365356,1.0,0.9700320959091187
783_class-7,1,0.9412021636962891,0,0.9747292995452881,1.0036052465438843,0.9724847161959521,0.9209888577461243
783_class-7,2,0.9402883052825928,0,0.9774190187454224,1.0028266906738281,0.9961930783242259,0.9254789352416992
783_class-7,3,0.9397966265678406,0,0.9772256016731262,1.0034754276275635,0.9983950977531368,0.9334123730659485
783_class-7,4,0.9463595151901245,1,0.9754257202148438,1.0001035928726196,0.9727450284090909,0.9707098007202148
783_class-7,5,0.9456909894943237,0,0.9752318859100342,0.9999744892120361,0.9981653490268373,0.9694914817810059
784_class-8,0,0.36251941323280334,1,0.949699342250824,0.9749499559402466,1.0,0.9777259826660156
784_class-8,1,0.3530966341495514,0,0.9576470255851746,0.9684046506881714,0.9847509991213401,0.9627624154090881
784_class-8,2,0.3521517515182495,0,0.9531348347663879,0.9763781428337097,0.9871479122434537,0.9780657887458801
784_class-8,3,0.3569616675376892,0,0.9624617099761963,0.9833734035491943,0.866957171314741,0.9474385380744934
784_class-8,4,0.35230568051338196,0,0.9507448673248291,0.9740249514579773,0.8653733537671787,0.9768916368484497
784_class-8,5,0.3523039221763611,0,0.9501572251319885,0.9773358106613159,0.9956198110506728,0.9785981178283691
785_class-6,0,0.4539506435394287,0,0.9793225526809692,0.9750444889068604,1.0,0.9240980744361877
785_class-6,1,0.45768657326698303,0,0.9711394309997559,0.8763604164123535,0.10837341495408832,0.558010995388031
785_class-6,2,0.1897846758365631,0,0.9624464511871338,0.9362854957580566,0.012531732280291736,0.9285193681716919
785_class-6,3,0.4230767786502838,1,0.9838957786560059,0.9553016424179077,0.0005509012610264231,0.9812654256820679
785_class-6,4,0.3537946939468384,0,0.9415909647941589,0.970989465713501,0.16764341448712367,0.9475501775741577
785_class-6,5,0.45299527049064636,0,0.9816974401473999,0.8485026359558105,0.0,0.7334504127502441
786_class-6,0,0.894159734249115,1,0.9722681045532227,1.0049705505371094,1.0,0.986897885799408
786_class-6,1,0.8572542667388916,0,0.9721958637237549,1.0055004358291626,0.9993057394590493,0.9868800044059753
786_class-6,2,0.8574259281158447,0,0.9721794128417969,1.0058298110961914,0.999348874483035,0.9870516657829285
786_class-6,3,0.8572478294372559,0,0.9722879528999329,1.0046218633651733,0.9993416391753315,0.9867559671401978
786_class-6,4,0.8572433590888977,0,0.9722573757171631,1.0050832033157349,0.9996635166093929,0.9870731234550476
786_class-6,5,0.8571441769599915,0,0.9721847772598267,1.0057449340820312,0.9995132147868168,0.9873719215393066
787_class-7,0,0.39230814576148987,0,0.9873694777488708,0.9638549089431763,1.0,0.7589942812919617
787_class-7,1,0.5006102919578552,0,0.9906488656997681,0.9813739061355591,0.591531412710755,0.9088059663772583
787_class-7,2,0.24914610385894775,0,0.9825026988983154,0.9507213830947876,0.5464308950194696,0.7109317183494568
787_class-7,3,0.22178830206394196,1,0.9928579330444336,1.0119091272354126,0.6685221025228218,0.9939572215080261
787_class-7,4,0.2123853713274002,0,0.9944784641265869,0.9900854825973511,0.8662587024965633,0.9908130764961243
787_class-7,5,0.22178085148334503,0,0.9928091764450073,1.0103286504745483,0.8652345481954421,0.9925240874290466
788_class-8,0,0.7843099236488342,1,0.9934245944023132,0.9920815229415894,1.0,0.9849271178245544
788_class-8,1,0.8360662460327148,0,0.9927796125411987,0.9780615568161011,0.7381250904180933,0.951525866985321
788_class-8,2,0.554320752620697,0,0.9957191348075867,0.9168817400932312,0.2973528885709176,0.9328488111495972
788_class-8,3,0.6154125928878784,0,0.9974671006202698,0.9768475294113159,0.38891177682302397,0.9440128207206726
788_class-8,4,0.813224196434021,0,0.9941036701202393,0.9784867763519287,0.49677996812714215,0.9536966681480408
788_class-8,5,0.6659043431282043,0,0.9906850457191467,0.9155576229095459,0.5741776196354659,0.8240078687667847
789_class-7,0,0.861189603805542,0,0.9289436340332031,0.9730207920074463,1.0,0.9324083924293518
789_class-7,1,0.8419665098190308,0,0.9297801852226257,0.9727108478546143,0.9972595083341597,0.9330387711524963
789_class-7,2,0.8556674718856812,1,0.9309865236282349,0.9830231666564941,0.9797050418904214,0.9424008131027222
789_class-7,3,0.843319833278656,0,0.9313704967498779,0.9745842218399048,0.9819431665369099,0.9339204430580139
789_class-7,4,0.843646764755249,0,0.9326174259185791,0.9760516881942749,0.9979750708725195,0.9327483177185059
789_class-7,5,0.8425634503364563,0,0.9301574230194092,0.9720156192779541,0.9978121117173573,0.9343633651733398
790_class-6,0,0.2380882352590561,1,0.9329712390899658,1.011399507522583,1.0,0.9884320497512817
790_class-6,1,0.22333335876464844,0,0.9325658082962036,1.01201593875885,0.9996418936662926,0.9884188771247864
790_class-6,2,0.22331441938877106,0,0.9323079586029053,1.0114976167678833,0.9994827270629243,0.9881861805915833
790_class-6,3,0.22332623600959778,0,0.933257520198822,1.0114355087280273,0.9992679705278569,0.9884090423583984
790_class-6,4,0.22333471477031708,0,0.9331569671630859,1.011033535003662,0.9992442202739901,0.9884144067764282
790_class-6,5,0.2233184427022934,0,0.9322754144668579,1.0119982957839966,0.9993396399048445,0.9884911775588989
791_class-7,0,0.7957167029380798,1,0.9384812116622925,1.0021307468414307,1.0,0.983919084072113
791_class-7,1,0.8106907606124878,0,0.94310063123703,0.9532743692398071,0.936290723882563,0.9412744045257568
791_class-7,2,0.9762666821479797,0,0.9363595247268677,1.0004805326461792,0.7291773043061165,0.9919727444648743
791_class-7,3,0.7173599004745483,0,0.945885956287384,0.991061270236969,0.5997828308635667,0.7558048963546753
791_class-7,4,0.9769949913024902,0,0.937738299369812,0.972324788570404,0.6003990126993465,0.9880853891372681
791_class-7,5,0.9771153926849365,0,0.9376827478408813,0.9776765704154968,0.9986273019091063,0.9905912280082703
792_class-7,0,0.9733887314796448,0,0.9858835339546204,1.000185489654541,1.0,0.9734168648719788
792_class-7,1,0.9337657690048218,0,0.9860796928405762,1.0012720823287964,0.9992372055906963,0.9740486741065979
792_class-7,2,0.9337543249130249,1,0.9862732887268066,1.0019829273223877,0.9996948750748142,0.9757941961288452
792_class-7,3,0.9337069988250732,0,0.9854704141616821,1.0020509958267212,0.9996245233206219,0.9757460951805115
792_class-7,4,0.9337731003761292,0,0.9863262176513672,1.0008529424667358,0.9993782043009491,0.9728581309318542
792_class-7,5,0.9339364767074585,0,0.9852529764175415,1.0009764432907104,0.9993545888731121,0.9737294912338257
793_class-6,0,0.37664827704429626,0,0.8115125894546509,0.9570803642272949,1.0,0.9052667617797852
793_class-6,1,0.1214449405670166,0,0.7533983588218689,0.9790514707565308,0.2611587953236269,0.7568569183349609
793_class-6,2,0.01721053570508957,0,0.6853929758071899,1.0114847421646118,0.8106580104649602,0.0
793_class-6,3,0.12651585042476654,0,0.7610878944396973,0.9730504751205444,0.8015123507401499,0.7597126960754395
793_class-6,4,0.3350081741809845,1,0.8748600482940674,0.9978667497634888,0.088205833545127,0.973623514175415
793_class-6,5,0.12391318380832672,0,0.7525296211242676,0.9586619138717651,0.09386281588447654,0.608123242855072
794_class-5,0,0.9972805976867676,1,0.9862485527992249,1.008624792098999,1.0,0.9950750470161438
794_class-5,1,0.9789836406707764,0,0.9839521050453186,1.0035673379898071,0.9852013255254437,0.9915598630905151
794_class-5,2,0.9755017757415771,0,0.9854885339736938,1.008440613746643,0.9853355125760465,0.9951465725898743
794_class-5,3,0.7353557348251343,0,0.9953879714012146,1.003956913948059,0.6204986540006483,0.9855068325996399
794_class-5,4,0.9761354327201843,0,0.9853710532188416,1.0062799453735352,0.619656553124295,0.994804859161377
794_class-5,5,0.9755503535270691,0,0.9851822257041931,1.0090672969818115,0.9978206583427923,0.9951836466789246
795_class-7,0,0.991070032119751,1,0.994053840637207,1.0091475248336792,1.0,0.9930873513221741
795_class-7,1,0.9302915334701538,0,0.9940574765205383,1.008592128753662,0.9994004652389745,0.9934231638908386
795_class-7,2,0.5725383758544922,0,0.9897878170013428,0.9268431663513184,0.45703744530555773,0.6455462574958801
795_class-7,3,0.930484414100647,0,0.9940561652183533,1.0097769498825073,0.457188505591935,0.9929149746894836
795_class-7,4,0.9303796887397766,0,0.994049608707428,1.008725881576538,0.9995202571421717,0.9931925535202026
795_class-7,5,0.9304291605949402,0,0.9940240383148193,1.0092475414276123,0.9996402014871671,0.9929772019386292
796_class-6,0,0.8940141201019287,0,0.9653246998786926,0.990820050239563,1.0,0.9038611650466919
796_class-6,1,0.2947942912578583,0,0.9893049597740173,0.9656528234481812,0.03783749581943578,0.9658694863319397
796_class-6,2,0.25531473755836487,0,0.9634432196617126,0.9529405832290649,0.4653153940241132,0.9284725785255432
796_class-6,3,0.95046067237854,0,0.9831341505050659,1.0025253295898438,0.011562744418193986,0.9761253595352173
796_class-6,4,0.3211248219013214,1,0.9971781373023987,0.9966009855270386,0.016209250802550073,0.9956524968147278
796_class-6,5,0.382781982421875,0,0.9817330837249756,0.8730486631393433,0.009059804346778468,0.5683212876319885
797_class-6,0,0.9997414350509644,1,0.9772933721542358,1.0132536888122559,1.0,0.9937782883644104
797_class-6,1,0.9702205657958984,0,0.977252721786499,1.0133352279663086,0.9997755197707661,0.9939218163490295
797_class-6,2,0.9702216386795044,0,0.9772429466247559,1.0130317211151123,0.9998613550235697,0.9938040971755981
797_class-6,3,0.9701805710792542,0,0.9772629141807556,1.0131096839904785,0.9997491252393214,0.9938022494316101
797_class-6,4,0.9701239466667175,0,0.9772909283638,1.0121419429779053,0.9996698798362604,0.9936396479606628
797_class-6,5,0.9702432751655579,0,0.9772251844406128,1.0133919715881348,0.9995972959412712,0.9939797520637512
798_class-7,0,0.9847337007522583,1,0.9909572601318359,0.9985597133636475,1.0,0.9892635941505432
798_class-7,1,0.891727089881897,0,0.9890609979629517,0.9333374500274658,0.9768983147131225,0.9638638496398926
798_class-7,2,0.5191797018051147,0,0.9839056730270386,0.9312080144882202,0.3107980248957748,0.7935342788696289
798_class-7,3,0.5118311643600464,0,0.9860435724258423,0.9316532611846924,0.9592817616521193,0.8094133734703064
798_class-7,4,0.8975013494491577,0,0.990872323513031,0.992353081703186,0.29665550882613795,0.9904741644859314
798_class-7,5,0.8978309631347656,0,0.9911662340164185,0.9643956422805786,0.9838039271893364,0.9751895070075989
799_class-8,0,0.2505810260772705,0,0.9595934152603149,0.9544621706008911,1.0,0.812618613243103
799_class-8,1,0.26040586829185486,0,0.9457398056983948,0.9685462713241577,0.7522279861665336,0.9317919611930847
799_class-8,2,0.3730112910270691,1,0.998240053653717,0.931992769241333,0.039514143002240064,0.8954461216926575
799_class-8,3,0.26411759853363037,0,0.9548635482788086,0.922619104385376,0.09199351083118618,0.8221061825752258
799_class-8,4,0.25863832235336304,0,0.9389748573303223,0.9705785512924194,0.7754391221302573,0.9589737057685852
799_class-8,5,0.31028956174850464,0,0.9793196320533752,0.9663619995117188,0.46455674370472577,0.903209388256073
800_class-7,0,0.8126049041748047,0,0.9893375039100647,1.0056977272033691,1.0,0.9815648794174194
800_class-7,1,0.7993164658546448,0,0.9894664883613586,1.0049824714660645,0.9977167320727791,0.9808876514434814
800_class-7,2,0.801021933555603,0,0.9892683029174805,1.0049118995666504,0.9959826770756168,0.9819238781929016
800_class-7,3,0.7991623878479004,1,0.9894852638244629,1.0054627656936646,0.9954560346423942,0.9822475910186768
800_class-7,4,0.8015731573104858,0,0.9891630411148071,1.0055309534072876,0.995004625346901,0.9818087816238403
800_class-7,5,0.8021363019943237,0,0.9891486763954163,1.0059211254119873,0.995429447417354,0.9822885394096375
801_class-7,0,0.9976272583007812,1,0.989084780216217,1.0079796314239502,1.0,0.9938690066337585
801_class-7,1,0.9628548622131348,0,0.9890875816345215,1.0088937282562256,0.999195323768314,0.9937353730201721
801_class-7,2,0.9629327058792114,0,0.98903489112854,1.0088715553283691,0.9997265268915223,0.9936590194702148
801_class-7,3,0.9629088640213013,0,0.9890658855438232,1.0086909532546997,0.9998024796402091,0.9936615228652954
801_class-7,4,0.9629471898078918,0,0.9891192317008972,1.008916974067688,0.9995898028014949,0.993682861328125
801_class-7,5,0.9629333019256592,0,0.989078164100647,1.0080509185791016,0.9996201762382254,0.993614673614502
802_class-7,0,0.6489015817642212,0,0.9868676662445068,1.0020438432693481,1.0,0.9849157333374023
802_class-7,1,0.628234326839447,0,0.9870707988739014,1.0018916130065918,0.9988798796288556,0.9848721623420715
802_class-7,2,0.6290073394775391,0,0.9870968461036682,1.0023653507232666,0.9975470155355682,0.9849186539649963
802_class-7,3,0.6284027099609375,0,0.9869577884674072,1.002157211303711,0.9979807756491555,0.9845491051673889
802_class-7,4,0.628722608089447,0,0.9870756268501282,1.0019481182098389,0.9982302362467652,0.9847854971885681
802_class-7,5,0.628907322883606,1,0.9871401190757751,1.0024619102478027,0.9989820609094702,0.9850165843963623
803_class-9,0,0.9869318008422852,0,0.9305098056793213,0.9685491323471069,1.0,0.964346706867218
803_class-9,1,0.2333032637834549,0,0.9940344095230103,0.9334065914154053,0.0696191008751967,0.41698893904685974
803_class-9,2,0.9093889594078064,0,0.933651328086853,0.9752167463302612,0.07163122465639762,0.9561693072319031
803_class-9,3,0.8867939710617065,0,0.9388590455055237,0.912356972694397,0.9722091412742382,0.9535274505615234
803_class-9,4,0.18799100816249847,1,0.992274284362793,0.9984985589981079,0.0,0.9955600500106812
803_class-9,5,0.8828544616699219,0,0.9386293888092041,0.9805408716201782,0.0,0.9720903635025024
804_class-5,0,0.8033398389816284,1,0.9626262784004211,1.0115110874176025,1.0,0.9934614896774292
804_class-5,1,0.7807667851448059,0,0.9623816609382629,1.0105631351470947,0.9995817981238598,0.9936622977256775
804_class-5,2,0.780585765838623,0,0.9622665643692017,1.0098117589950562,0.9994664436304905,0.9935144782066345
804_class-5,3,0.7806620597839355,0,0.9623864889144897,1.0123111009597778,0.9995385258786035,0.9935685396194458
804_class-5,4,0.25042951107025146,0,0.9911271333694458,0.9669592380523682,0.13970073913827294,0.9795240163803101
804_class-5,5,0.7774128913879395,0,0.9627689123153687,1.0077122449874878,0.14077169016131377,0.9860167503356934
805_class-7,0,0.2813965380191803,1,0.9955697059631348,0.9945957660675049,1.0,0.9646119475364685
805_class-7,1,0.2750207781791687,0,0.9952746033668518,0.9946255683898926,0.993406159515662,0.9600866436958313
805_class-7,2,0.27514252066612244,0,0.994978129863739,0.994353175163269,0.9977646579269175,0.9594399929046631
805_class-7,3,0.26549363136291504,0,0.995795488357544,0.9954039454460144,0.9454875593742188,0.9042832851409912
805_class-7,4,0.27410757541656494,0,0.9955546259880066,0.995047926902771,0.9503015234870926,0.9637064933776855
805_class-7,5,0.27727997303009033,0,0.9950752854347229,0.9937360286712646,0.9840660270513037,0.9513252973556519
806_class-6,0,0.29969748854637146,1,0.9747247099876404,0.9878324270248413,1.0,0.9701011180877686
806_class-6,1,0.28958040475845337,0,0.9744881987571716,0.9955169558525085,0.97703426124197,0.9071316719055176
806_class-6,2,0.22664955258369446,0,0.9606155157089233,0.9982082843780518,0.6687094646586786,0.9595872163772583
806_class-6,3,0.2263510525226593,0,0.9591199159622192,0.9988287687301636,0.9939930906870118,0.9624999761581421
806_class-6,4,0.223517507314682,0,0.9590378999710083,0.9988564252853394,0.9836074408745094,0.9633983373641968
806_class-6,5,0.2868955731391907,0,0.969360888004303,0.9726054668426514,0.6615621585800512,0.929599404335022
807_class-7,0,0.26913967728614807,1,0.9853920936584473,1.0005261898040771,1.0,0.9828993678092957
807_class-7,1,0.24572986364364624,0,0.9853538870811462,0.998792290687561,0.9935508030290422,0.9785045981407166
807_class-7,2,0.24570676684379578,0,0.9849094152450562,0.9956969022750854,0.9918799646954987,0.9830291867256165
807_class-7,3,0.2627898156642914,0,0.9816948771476746,0.9960922002792358,0.8830039198651318,0.9744955897331238
807_class-7,4,0.361877977848053,0,0.9779030084609985,0.992255449295044,0.21859867372641753,0.9795888066291809
807_class-7,5,0.24575547873973846,0,0.9849228858947754,0.999290943145752,0.33091804941670894,0.9824244976043701
808_class-9,0,0.7742980718612671,1,0.9931752681732178,1.0001705884933472,1.0,0.9877235889434814
808_class-9,1,0.9388715624809265,0,0.9903312921524048,1.0037076473236084,0.6580781268913521,0.9925342798233032
808_class-9,2,0.744983434677124,0,0.9930742979049683,1.0013983249664307,0.6593981834569784,0.9869165420532227
808_class-9,3,0.7447521686553955,0,0.993137776851654,0.999138593673706,0.9976392577548647,0.9867199063301086
808_class-9,4,0.7449909448623657,0,0.9930247068405151,1.0018339157104492,0.9975698663426489,0.9871076941490173
808_class-9,5,0.9385930299758911,0,0.9903719425201416,1.0044057369232178,0.659474915518586,0.993030309677124
809_class-8,0,0.37471020221710205,1,0.9582071304321289,0.9803622961044312,1.0,0.9689956903457642
809_class-8,1,0.3411683142185211,0,0.9690089821815491,0.9055637121200562,0.568855714579196,0.8838310241699219
809_class-8,2,0.6017744541168213,0,0.9336232542991638,0.8945578336715698,0.3026089915095653,0.7094730138778687
809_class-8,3,0.21299108862876892,0,0.9364186525344849,0.8956359624862671,0.13548888938751394,0.8825262784957886
809_class-8,4,0.29786139726638794,0,0.9699999094009399,0.954271674156189,0.09527375771683028,0.9331791400909424
809_class-8,5,0.2949647307395935,0,0.9719970226287842,0.9588292837142944,0.9631500836780448,0.9400219321250916
810_class-8,0,0.5746761560440063,1,0.9947859048843384,0.9488464593887329,1.0,0.9082348346710205
810_class-8,1,0.6157862544059753,0,0.9866623878479004,0.9399651288986206,0.7045847425779782,0.8667882084846497
810_class-8,2,0.5580298900604248,0,0.9893351197242737,0.9725843667984009,0.8712494402149574,0.9303973317146301
810_class-8,3,0.4579836130142212,0,0.990228533744812,0.896050214767456,0.5496241729304512,0.8026548624038696
810_class-8,4,0.4295477569103241,0,0.9850422143936157,0.7559741735458374,0.7904958519707918,0.44787347316741943
810_class-8,5,0.4598434865474701,0,0.9816487431526184,0.9503165483474731,0.3332756365874298,0.7870059013366699
811_class-9,0,0.9847232103347778,0,0.9885393381118774,1.0121374130249023,1.0,0.9935007095336914
811_class-9,1,0.9255574941635132,0,0.98845374584198,1.0118894577026367,0.9993561215793959,0.993440568447113
811_class-9,2,0.9254918694496155,0,0.9885364174842834,1.011965036392212,0.999375011836897,0.9934847354888916
811_class-9,3,0.9255579113960266,1,0.9887042045593262,1.0119836330413818,0.9993181947311603,0.9935154914855957
811_class-9,4,0.9254679679870605,0,0.98860764503479,1.0121132135391235,0.9991667771318197,0.993562638759613
811_class-9,5,0.9255340695381165,0,0.9885560274124146,1.0121769905090332,0.9996969409982006,0.9936004877090454
812_class-7,0,0.9966830611228943,1,0.9925607442855835,1.012576699256897,1.0,0.9943767189979553
812_class-7,1,0.9558029174804688,0,0.9924764037132263,1.0125808715820312,0.9980941944398123,0.9943146705627441
812_class-7,2,0.956179141998291,0,0.9925269484519958,1.0126545429229736,0.999166190203926,0.9940797686576843
812_class-7,3,0.9561378955841064,0,0.9925171136856079,1.012344241142273,0.9997139588100686,0.9941248297691345
812_class-7,4,0.8196024298667908,0,0.9944338798522949,0.9653846025466919,0.7577811290586333,0.941916286945343
812_class-7,5,0.8867484331130981,0,0.994092583656311,0.9657703638076782,0.8645683616847084,0.9212920069694519
813_class-8,0,0.3782351315021515,0,0.9927351474761963,0.8062295913696289,1.0,0.8198845982551575
813_class-8,1,0.43647077679634094,0,0.9920477271080017,0.9118231534957886,0.1735764891104697,0.841652512550354
813_class-8,2,0.4240611791610718,1,0.9954156279563904,0.9629901647567749,0.6329362591431557,0.9370258450508118
813_class-8,3,0.31360045075416565,0,0.9970746636390686,0.9165866374969482,0.22797169624856703,0.8613793849945068
813_class-8,4,0.37336358428001404,0,0.9951527714729309,0.9087862968444824,0.2808690469740478,0.8609731793403625
813_class-8,5,0.428851842880249,0,0.984552800655365,0.8836413621902466,0.24400256933001926,0.7179434895515442
814_class-7,0,0.9974373579025269,0,0.9910975694656372,1.004860520362854,1.0,0.9876472353935242
814_class-7,1,0.9639763832092285,0,0.9910968542098999,1.0056419372558594,0.9996840941399463,0.9877690076828003
814_class-7,2,0.9639698266983032,0,0.9911167025566101,1.0050067901611328,0.9996446105853395,0.9881064891815186
814_class-7,3,0.9639419317245483,0,0.9911410212516785,1.004443883895874,0.999526234750681,0.9883925914764404
814_class-7,4,0.9639250040054321,0,0.991096556186676,1.0052344799041748,0.9994341956367273,0.9882380962371826
814_class-7,5,0.9639467000961304,1,0.9911054372787476,1.0056757926940918,0.9995130681967731,0.9878144860267639
815_class-6,0,0.9565558433532715,1,0.9908982515335083,0.9863781929016113,1.0,0.9725484848022461
815_class-6,1,0.9366671442985535,0,0.990536630153656,0.989483118057251,0.9900181605079791,0.9783891439437866
815_class-6,2,0.9631975889205933,0,0.9905279874801636,0.9869214296340942,0.9453729476536731,0.9722792506217957
815_class-6,3,0.9331231713294983,0,0.9898598790168762,0.9904106855392456,0.9399548588111185,0.9762036800384521
815_class-6,4,0.9543294906616211,0,0.9906740784645081,0.9908137321472168,0.9606757719269746,0.9753491282463074
815_class-6,5,0.9340077042579651,0,0.9907688498497009,0.989387035369873,0.9619767587154817,0.9754084944725037
816_class-6,0,0.387721449136734,1,0.9783670902252197,0.9515610933303833,1.0,0.8964160084724426
816_class-6,1,0.3581167161464691,0,0.973434329032898,0.9689611196517944,0.7818216104092023,0.936212956905365
816_class-6,2,0.33019042015075684,0,0.9668221473693848,1.0049256086349487,0.7626522930846809,0.9923174977302551
816_class-6,3,0.38366326689720154,0,0.9773601293563843,0.9608482122421265,0.5989819078731583,0.8656877875328064
816_class-6,4,0.41247060894966125,0,0.9912688136100769,0.9412437677383423,0.5771210676835081,0.8754326701164246
816_class-6,5,0.4402625262737274,0,0.9760299921035767,0.959134578704834,0.24639187503712062,0.9691035747528076
817_class-7,0,0.9849300384521484,0,0.9811158180236816,1.0006963014602661,1.0,0.9812585115432739
817_class-7,1,0.9284888505935669,0,0.9811078906059265,0.9988524913787842,0.9984349106978457,0.980520486831665
817_class-7,2,0.9276841878890991,0,0.9809839129447937,1.0019495487213135,0.9979993135720205,0.9817523956298828
817_class-7,3,0.9278778433799744,0,0.9808496236801147,1.0028870105743408,0.9990110709766093,0.9816570281982422
817_class-7,4,0.9277963638305664,0,0.9811300039291382,1.0013631582260132,0.9994887954008347,0.9811214804649353
817_class-7,5,0.927730917930603,1,0.9811282157897949,1.0019162893295288,0.9993212499057291,0.98292475938797
818_class-8,0,0.17018289864063263,1,0.9472742080688477,1.0042805671691895,1.0,0.9832987785339355
818_class-8,1,0.15995511412620544,0,0.9470492601394653,1.0019501447677612,0.9975889897197201,0.9820331931114197
818_class-8,2,0.16001339256763458,0,0.9472423195838928,1.0033211708068848,0.9978070358993245,0.9843493700027466
818_class-8,3,0.15991654992103577,0,0.9467544555664062,0.9997978210449219,0.9975563831122641,0.981380045413971
818_class-8,4,0.15999802947044373,0,0.9469804763793945,1.0049996376037598,0.9984596710058181,0.9829544425010681
818_class-8,5,0.1599266082048416,0,0.946800947189331,1.0013599395751953,0.9982425307557118,0.9817782640457153
819_class-5,0,0.20894528925418854,1,0.9528034925460815,0.9930838346481323,1.0,0.9741607904434204
819_class-5,1,0.20169250667095184,0,0.9525802135467529,0.9905648231506348,0.9904733384491569,0.9728601574897766
819_class-5,2,0.2021462768316269,0,0.9523383378982544,0.9906622171401978,0.9975858519696827,0.9742396473884583
819_class-5,3,0.20240038633346558,0,0.9521207809448242,0.9913530349731445,0.9982466010314112,0.9756368398666382
819_class-5,4,0.20369282364845276,0,0.9517024755477905,0.9914515018463135,0.9928262910798122,0.9731684923171997
819_class-5,5,0.20258402824401855,0,0.9518205523490906,0.9898327589035034,0.9936388920208967,0.9746996760368347
820_class-7,0,0.4932289123535156,1,0.9965348839759827,1.0126265287399292,1.0,0.9951341152191162
820_class-7,1,0.957801103591919,0,0.9519047737121582,1.0113708972930908,0.38207243535200325,0.990946352481842
820_class-7,2,0.9582552313804626,0,0.951722264289856,1.002320647239685,0.9976218787158145,0.9582699537277222
820_class-7,3,0.7688837647438049,0,0.9736590385437012,0.9990395307540894,0.7799803540698834,0.9582449793815613
820_class-7,4,0.7821168303489685,0,0.9740138649940491,0.9991729259490967,0.9781441504822913,0.956432580947876
820_class-7,5,0.6681709289550781,0,0.983447790145874,0.9541044235229492,0.8072083067506218,0.7480694651603699
821_class-5,0,0.9931411743164062,0,0.9810598492622375,0.9985668659210205,1.0,0.9785133600234985
821_class-5,1,0.9526388645172119,1,0.9818838834762573,0.9983232021331787,0.9904789382573572,0.9882445931434631
821_class-5,2,0.9548349380493164,0,0.9809219837188721,0.9981708526611328,0.9897576457010964,0.9782212376594543
821_class-5,3,0.9453493356704712,0,0.9800348877906799,0.9968264102935791,0.979065050466026,0.9785072207450867
821_class-5,4,0.954301118850708,0,0.9811052083969116,0.9972879886627197,0.9803388766107508,0.9782866835594177
821_class-5,5,0.9543962478637695,0,0.9814524054527283,1.0001150369644165,0.9974195893149191,0.9797437191009521
822_class-5,0,0.3703049123287201,0,0.9332200288772583,0.9564958810806274,1.0,0.9201858043670654
822_class-5,1,0.394331693649292,0,0.9323808550834656,0.9682501554489136,0.456538497696719,0.9705804586410522
822_class-5,2,0.35638687014579773,0,0.9269497394561768,0.9342097043991089,0.4958256402022959,0.9091542959213257
822_class-5,3,0.24382711946964264,0,0.9008482694625854,0.9508340358734131,0.2898936804214642,0.810831606388092
822_class-5,4,0.37660154700279236,0,0.9160570502281189,0.841809868812561,0.2237956291311856,0.587226152420044
822_class-5,5,0.3155466318130493,1,0.9414958357810974,0.9570512771606445,0.0003320571919681225,0.9602118134498596
823_class-9,0,0.519359827041626,1,0.9950769543647766,0.9648112058639526,1.0,0.9305676817893982
823_class-9,1,0.34942692518234253,0,0.991854727268219,0.9885109663009644,0.6600914240286196,0.9636797308921814
823_class-9,2,0.34662818908691406,0,0.9918457865715027,0.9794574975967407,0.9426140159639931,0.9639508128166199
823_class-9,3,0.5583834648132324,0,0.9944830536842346,0.9872437715530396,0.5669652469747212,0.9616978168487549
823_class-9,4,0.5570797920227051,0,0.9944003820419312,0.9791977405548096,0.9743248045486852,0.9400602579116821
823_class-9,5,0.5561082363128662,0,0.9946571588516235,0.974647045135498,0.9822292581774399,0.9444687962532043
824_class-5,0,0.9552158117294312,0,0.9894812107086182,0.997725248336792,1.0,0.9788744449615479
824_class-5,1,0.9253490567207336,0,0.9896595478057861,0.995989203453064,0.9884386290401328,0.9907544255256653
824_class-5,2,0.9264532923698425,0,0.9896163940429688,1.0027521848678589,0.9982549354131124,0.9909312129020691
824_class-5,3,0.9279593229293823,1,0.9896548986434937,1.0056010484695435,0.9976168706106647,0.9916543364524841
824_class-5,4,0.9250965118408203,0,0.9896259307861328,0.9989044666290283,0.9957006818601846,0.9914544224739075
824_class-5,5,0.43144991993904114,0,0.960655152797699,0.9410064220428467,0.23816826702353158,0.9171105027198792
825_class-7,0,0.703594446182251,0,0.9898085594177246,1.0026308298110962,1.0,0.984582245349884
825_class-7,1,0.6757892370223999,0,0.9893735647201538,1.0004886388778687,0.9989286344500744,0.9830779433250427
825_class-7,2,0.6759014129638672,0,0.9896736145019531,1.0016083717346191,0.9990545463713489,0.9839093089103699
825_class-7,3,0.6759763956069946,0,0.989984393119812,1.0038392543792725,0.999055308536232,0.9848871231079102
825_class-7,4,0.6759664416313171,1,0.9898682832717896,1.004567265510559,0.999508809934634,0.9851051568984985
825_class-7,5,0.5148599743843079,0,0.9836037755012512,0.9939054250717163,0.6231492421005003,0.9880533218383789
826_class-7,0,0.6230071783065796,0,0.9877134561538696,0.9000660181045532,1.0,0.8148878812789917
826_class-7,1,0.03216264024376869,0,0.6734319925308228,0.8695032596588135,0.168669376876371,0.4007299542427063
826_class-7,2,0.9247570633888245,0,0.9971937537193298,0.9732593297958374,0.0673107516779026,0.9820708632469177
826_class-7,3,0.9455372095108032,0,0.9966669082641602,0.9816510081291199,0.9495382944052145,0.9900909066200256
826_class-7,4,0.6867039203643799,0,0.9963371753692627,0.9505753517150879,0.49343012295658534,0.9326609373092651
826_class-7,5,0.9457194209098816,1,0.9965901970863342,1.0083847045898438,0.49423250056268286,0.9950727224349976
827_class-6,0,0.6077926158905029,0,0.9847754836082458,0.9737497568130493,1.0,0.8347262144088745
827_class-6,1,0.2640228569507599,0,0.9883514642715454,0.9365357160568237,0.07355391263601811,0.6323040127754211
827_class-6,2,0.9679316282272339,0,0.9625009298324585,1.0109379291534424,0.04840899138811852,0.9932162165641785
827_class-6,3,0.3126733899116516,1,0.990890383720398,0.956371545791626,0.08894514767932489,0.9606940150260925
827_class-6,4,0.2730838656425476,0,0.9807999730110168,0.9037082195281982,0.10614697273147435,0.5484610199928284
827_class-6,5,0.31506457924842834,0,0.989398717880249,0.9409290552139282,0.0294930238983285,0.7148318886756897
828_class-6,0,0.9940509796142578,1,0.992379903793335,1.0054916143417358,1.0,0.9892518520355225
828_class-6,1,0.9521142244338989,0,0.9918338060379028,0.98960280418396,0.9942986776514134,0.9775316119194031
828_class-6,2,0.9524099826812744,0,0.9924669861793518,1.005505919456482,0.9945829789139097,0.9890999794006348
828_class-6,3,0.7030662298202515,0,0.9813265204429626,0.9798635244369507,0.6170356897607691,0.9522315859794617
828_class-6,4,0.9523855447769165,0,0.9922903180122375,1.0056838989257812,0.6166408403002663,0.9891601204872131
828_class-6,5,0.9518254995346069,0,0.9918381571769714,0.9759355187416077,0.9955551564674718,0.975291907787323
829_class-7,0,0.7792078256607056,0,0.9243103861808777,0.9739928245544434,1.0,0.8746313452720642
829_class-7,1,0.7170411944389343,0,0.9243530035018921,0.974076509475708,0.9857299087945808,0.8627373576164246
829_class-7,2,0.6910070180892944,0,0.9255214929580688,0.9697717428207397,0.9766773969576469,0.886589765548706
829_class-7,3,0.7188438177108765,0,0.9260554313659668,0.9747403860092163,0.9759703376459451,0.8699761629104614
829_class-7,4,0.7117019295692444,1,0.9252418279647827,0.9750834703445435,0.9933374750958676,0.8817195892333984
829_class-7,5,0.7088881731033325,0,0.9232282638549805,0.9750407934188843,0.9958730412962815,0.8684828281402588
830_class-7,0,0.3249037563800812,1,0.9593040943145752,0.9689534902572632,1.0,0.962400496006012
830_class-7,1,0.31033778190612793,0,0.9584153890609741,0.953895092010498,0.9894361761477136,0.9427053332328796
830_class-7,2,0.1624448150396347,0,0.9605599641799927,0.8698723316192627,0.28958344729500574,0.4927860498428345
830_class-7,3,0.3105962872505188,0,0.9585754871368408,0.9562469720840454,0.28960368941073433,0.939685583114624
830_class-7,4,0.3103795051574707,0,0.9594880938529968,0.9556624889373779,0.9866577958391024,0.948845624923706
830_class-7,5,0.3107582628726959,0,0.9598655104637146,0.9592862129211426,0.9828920204649493,0.9353337287902832
831_class-7,0,0.39526960253715515,1,0.9590042233467102,0.9388359189033508,1.0,0.9771735072135925
831_class-7,1,0.15917560458183289,0,0.9741529226303101,0.9774671792984009,0.13397462707374877,0.9169943928718567
831_class-7,2,0.15947332978248596,0,0.9737056493759155,0.9780949354171753,0.9973200612557427,0.9191053509712219
831_class-7,3,0.2521791458129883,0,0.9767913818359375,0.9690324068069458,0.7576784280508572,0.878540575504303
831_class-7,4,0.2516457140445709,0,0.9685700535774231,0.9773930311203003,0.17560010248345687,0.9740665555000305
831_class-7,5,0.1601572334766388,0,0.9727234244346619,0.9766221046447754,0.22785013115242317,0.8900986313819885
832_class-6,0,0.5105080604553223,1,0.9848940372467041,0.9349380731582642,1.0,0.8811584711074829
832_class-6,1,0.344940721988678,0,0.9600876569747925,0.9569967985153198,0.2991959243800638,0.7301857471466064
832_class-6,2,0.3035655617713928,0,0.9521814584732056,0.9395021200180054,0.7735531115831742,0.8460594415664673
832_class-6,3,0.3161100745201111,0,0.9560578465461731,0.9752612113952637,0.12746305072549316,0.9372348785400391
832_class-6,4,0.34272897243499756,0,0.9592293500900269,0.9399819374084473,0.7710773311569068,0.715414822101593
832_class-6,5,0.3240874409675598,0,0.9606467485427856,0.9577702283859253,0.7039504641314113,0.8893262147903442
833_class-6,0,0.9835028648376465,1,0.9926430583000183,0.9973671436309814,1.0,0.9850179553031921
833_class-6,1,0.9450969696044922,0,0.9923424124717712,0.9706461429595947,0.9886554399109398,0.9758946895599365
833_class-6,2,0.8820555210113525,0,0.9901424646377563,0.9213085174560547,0.8878324243448042,0.8478428721427917
833_class-6,3,0.9489063620567322,0,0.9935536980628967,1.0051871538162231,0.8695469663211599,0.9663273096084595
833_class-6,4,0.9512767195701599,0,0.993408203125,0.9945336580276489,0.9877971272403712,0.9879691004753113
833_class-6,5,0.2905283272266388,0,0.7455693483352661,0.9765229225158691,0.27100714109825164,0.7056154012680054
834_class-7,0,0.9665588140487671,0,0.9526391625404358,1.0104190111160278,1.0,0.9889390468597412
834_class-7,1,0.6559351682662964,0,0.9543247818946838,1.009421467781067,0.9996529347194422,0.9885120391845703
834_class-7,2,0.655806303024292,0,0.9534920454025269,1.0091379880905151,0.9994027248660167,0.9883755445480347
834_class-7,3,0.6559692621231079,1,0.9545103311538696,1.0102735757827759,0.9992817715226444,0.9890900254249573
834_class-7,4,0.655846118927002,0,0.9528065919876099,1.009265661239624,0.999507715152689,0.9885992407798767
834_class-7,5,0.6558746695518494,0,0.9523873925209045,1.0097202062606812,0.9997820559389756,0.9886964559555054
835_class-6,0,0.30764341354370117,0,0.9770020246505737,0.982466459274292,1.0,0.9407706260681152
835_class-6,1,0.2907225489616394,0,0.9770736694335938,0.9817602634429932,0.9976485021981393,0.9411510825157166
835_class-6,2,0.29698607325553894,1,0.992340624332428,0.9724042415618896,0.7991895127866638,0.9541707038879395
835_class-6,3,0.2970237135887146,0,0.9922739863395691,0.9725091457366943,0.9983242510297541,0.9537051916122437
835_class-6,4,0.2906821668148041,0,0.9769454002380371,0.9825257062911987,0.7995987676434764,0.9435724020004272
835_class-6,5,0.29076793789863586,0,0.976918637752533,0.9813293218612671,0.997578247141412,0.9425548315048218
836_class-5,0,0.9783166646957397,0,0.9566528797149658,1.0022928714752197,1.0,0.971851646900177
836_class-5,1,0.8904253244400024,0,0.9551287293434143,0.9853692054748535,0.990492875684103,0.9588959217071533
836_class-5,2,0.5333336591720581,0,0.9243744611740112,1.0007872581481934,0.6188195696358034,0.9312596917152405
836_class-5,3,0.5292969346046448,0,0.9237609505653381,0.9995865821838379,0.9929702626222509,0.9269765615463257
836_class-5,4,0.8896881341934204,1,0.9569758176803589,1.0041580200195312,0.6152696246411792,0.974017858505249
836_class-5,5,0.8897188901901245,0,0.9551403522491455,1.002341389656067,0.9958072122387556,0.9719452857971191
837_class-8,0,0.7440520524978638,0,0.9872856140136719,0.9363948106765747,1.0,0.8560415506362915
837_class-8,1,0.5196102261543274,0,0.9841769337654114,0.9407333135604858,0.17378438274019034,0.8788884282112122
837_class-8,2,0.5005693435668945,0,0.9831694960594177,0.8097186088562012,0.8036235086168803,0.7454854249954224
837_class-8,3,0.35575735569000244,0,0.9772470593452454,0.9021744728088379,0.16123085649461147,0.7655866742134094
837_class-8,4,0.8278964161872864,1,0.9930270910263062,0.9856686592102051,0.07457869720211732,0.9294046759605408
837_class-8,5,0.7941566705703735,0,0.9787396788597107,0.8921657800674438,0.8723922380733241,0.7077887058258057
838_class-5,0,0.9967399835586548,0,0.8882341980934143,0.9956846237182617,1.0,0.9884252548217773
838_class-5,1,0.9712973237037659,1,0.8883978128433228,1.0112546682357788,0.9926315634348704,0.9952237010002136
838_class-5,2,0.9716166853904724,0,0.8882972002029419,1.0079401731491089,0.9984229918938836,0.9949304461479187
838_class-5,3,0.9718927145004272,0,0.8883682489395142,0.997394323348999,0.9943326888734744,0.9891376495361328
838_class-5,4,0.9713091254234314,0,0.8884516954421997,1.0107165575027466,0.9927073972037657,0.995309054851532
838_class-5,5,0.971640944480896,0,0.8881523609161377,1.007200837135315,0.9930902394106814,0.9913333058357239
839_class-5,0,0.9973200559616089,1,0.985761821269989,0.9961901903152466,1.0,0.9876933693885803
839_class-5,1,0.9440838098526001,0,0.9862576723098755,0.9982080459594727,0.9927838660168556,0.9870400428771973
839_class-5,2,0.9451508522033691,0,0.9858180284500122,0.9889984130859375,0.99084148096346,0.9820687770843506
839_class-5,3,0.9423801898956299,0,0.9845631718635559,0.9986830949783325,0.9841954214776747,0.9549518823623657
839_class-5,4,0.9453031420707703,0,0.9860489964485168,0.9881546497344971,0.9838778503800507,0.9865730404853821
839_class-5,5,0.9447097778320312,0,0.9861431121826172,0.9982888698577881,0.9894734011803772,0.9863764643669128
840_class-5,0,0.9943758845329285,0,0.9786335825920105,1.0020393133163452,1.0,0.9473302364349365
840_class-5,1,0.9637550115585327,0,0.9786431789398193,1.0052717924118042,0.9954248080313561,0.9687740206718445
840_class-5,2,0.6968209743499756,0,0.9706374406814575,1.00894296169281,0.5546773212889777,0.9954696297645569
840_class-5,3,0.9643446803092957,1,0.9790187478065491,1.0080010890960693,0.5558965240334978,0.992647647857666
840_class-5,4,0.964938759803772,0,0.9787250757217407,1.0048880577087402,0.9846549519389647,0.9685958623886108
840_class-5,5,0.9641765356063843,0,0.9789231419563293,0.999617338180542,0.9867799539170506,0.9920181035995483
841_class-8,0,0.5065047144889832,0,0.8951712250709534,0.9608527421951294,1.0,0.8957862257957458
841_class-8,1,0.4286819398403168,1,0.9021416306495667,0.991850733757019,0.7693009600888677,0.9633457660675049
841_class-8,2,0.410793662071228,0,0.9060778617858887,0.9372323751449585,0.932418387112014,0.9360385537147522
841_class-8,3,0.4456338584423065,0,0.8991629481315613,0.9757068157196045,0.8955372951377855,0.9475035071372986
841_class-8,4,0.3897838890552521,0,0.8941555023193359,1.0003794431686401,0.8111275795234295,0.9920254349708557
841_class-8,5,0.4056689143180847,0,0.9031388759613037,0.9631284475326538,0.9113244846088675,0.9398268461227417
842_class-7,0,0.6187565922737122,1,0.9416280388832092,0.9999179840087891,1.0,0.9821538925170898
842_class-7,1,0.5502747297286987,0,0.9353556036949158,0.9971846342086792,0.7109190887666929,0.9759365320205688
842_class-7,2,0.5717466473579407,0,0.9363876581192017,1.0001778602600098,0.8615163836402775,0.9813964366912842
842_class-7,3,0.5010595321655273,0,0.9201735258102417,0.9762001037597656,0.6110620987109738,0.9230923056602478
842_class-7,4,0.5720812678337097,0,0.9235350489616394,0.990010142326355,0.8491467862982685,0.9777075052261353
842_class-7,5,0.5738147497177124,0,0.923995316028595,1.0057975053787231,0.9903894472361809,0.987113356590271
843_class-6,0,0.2713007926940918,1,0.9805378317832947,1.0021240711212158,1.0,0.9897922873497009
843_class-6,1,0.26259568333625793,0,0.9805231094360352,1.0033777952194214,0.9897323576329983,0.9865844249725342
843_class-6,2,0.4090888500213623,0,0.9723546504974365,0.9850618839263916,0.678737902077996,0.8946481943130493
843_class-6,3,0.26275306940078735,0,0.9808059930801392,0.9923990964889526,0.6749982248100547,0.9825403690338135
843_class-6,4,0.2626221477985382,0,0.9800518751144409,1.0034912824630737,0.9868956225532564,0.9861733913421631
843_class-6,5,0.2628423273563385,0,0.9806494116783142,0.9925729036331177,0.9857825324625823,0.9823804497718811
844_class-9,0,0.5954482555389404,1,0.9983590245246887,0.9865419864654541,1.0,0.9820728898048401
844_class-9,1,0.6748628616333008,0,0.9955571293830872,0.9781430959701538,0.6203411244472521,0.9605221152305603
844_class-9,2,0.6818118691444397,0,0.9956340193748474,0.9531302452087402,0.9553517129535779,0.944182813167572
844_class-9,3,0.5450249314308167,0,0.9983362555503845,0.9885516166687012,0.5947435246317928,0.9823053479194641
844_class-9,4,0.5447946786880493,0,0.998312771320343,0.9871819019317627,0.9965718638902996,0.9822788834571838
844_class-9,5,0.5451756715774536,0,0.9983474612236023,0.9872081279754639,0.9962774957698816,0.9820495843887329
845_class-9,0,0.9878301620483398,1,0.9832524061203003,0.9908822774887085,1.0,0.9723684191703796
845_class-9,1,0.9207422137260437,0,0.9831310510635376,0.9880434274673462,0.9975161689005148,0.9710829854011536
845_class-9,2,0.921416163444519,0,0.9831650853157043,0.9903583526611328,0.9966666666666667,0.9711832404136658
845_class-9,3,0.9232766628265381,0,0.982582688331604,0.9898065328598022,0.9950934161045782,0.9729226231575012
845_class-9,4,0.9219897389411926,0,0.9827625751495361,0.989195704460144,0.9961909083310447,0.9712232947349548
845_class-9,5,0.9213719367980957,0,0.9831205606460571,0.9892072677612305,0.9978076218087719,0.9711526036262512
846_class-8,0,0.3350648581981659,1,0.8575876951217651,0.9939332008361816,1.0,0.9716659784317017
846_class-8,1,0.3205014765262604,0,0.8554980754852295,0.9924764633178711,0.9877502722908739,0.975175678730011
846_class-8,2,0.30673396587371826,0,0.8802900910377502,0.9638533592224121,0.9008759853312053,0.9221904873847961
846_class-8,3,0.3219919502735138,0,0.861585795879364,0.9748568534851074,0.896194490257162,0.9629237651824951
846_class-8,4,0.32419756054878235,0,0.931279182434082,0.8998191356658936,0.8065406562937106,0.9111393690109253
846_class-8,5,0.3222893178462982,0,0.8604997396469116,0.9938617944717407,0.8074105294474954,0.9675670862197876
847_class-7,0,0.9942423701286316,1,0.958690881729126,0.9542051553726196,1.0,0.7382173538208008
847_class-7,1,0.929911732673645,0,0.9560902118682861,1.006097674369812,0.9802499067512123,0.9910326600074768
847_class-7,2,0.268206924200058,0,0.9516257047653198,0.937813401222229,0.018897650453752603,0.4034412205219269
847_class-7,3,0.9302066564559937,0,0.9560089111328125,1.005765438079834,0.018904792537793504,0.9904231429100037
847_class-7,4,0.9298866987228394,0,0.9561194777488708,1.0066100358963013,0.9989989233704173,0.9912795424461365
847_class-7,5,0.9302003383636475,0,0.956048309803009,1.0063802003860474,0.9990178116087113,0.9909378886222839
848_class-8,0,0.16181136667728424,1,0.9925196766853333,0.9100805521011353,1.0,0.9456986784934998
848_class-8,1,0.23089635372161865,0,0.9501630067825317,0.8994081020355225,0.2668466389152207,0.2578437924385071
848_class-8,2,0.08744288980960846,0,0.9763171076774597,0.9244801998138428,0.003470195750587567,0.7858324646949768
848_class-8,3,0.08388716727495193,0,0.9733481407165527,0.9578192234039307,0.2647399844250238,0.6320244073867798
848_class-8,4,0.05927128344774246,0,0.9799137115478516,0.9919909238815308,0.7811284484959526,0.9633210897445679
848_class-8,5,0.0708092749118805,0,0.9574509859085083,0.9237232208251953,0.9137162012411347,0.38332369923591614
849_class-7,0,0.7498228549957275,1,0.9934859871864319,0.9619839191436768,1.0,0.9066444635391235
849_class-7,1,0.42403000593185425,0,0.9715434312820435,0.9166790246963501,0.36071296994789565,0.5019779801368713
849_class-7,2,0.23068679869174957,0,0.9680759310722351,0.9369877576828003,0.1948609612161014,0.4462154805660248
849_class-7,3,0.44806545972824097,0,0.9913233518600464,0.9732455015182495,0.10559404404921932,0.9507947564125061
849_class-7,4,0.7427411079406738,0,0.985119104385376,1.002001166343689,0.44150720063128823,0.9835331439971924
849_class-7,5,0.49073246121406555,0,0.9916423559188843,0.962336540222168,0.5235591021881344,0.8937646746635437
850_class-7,0,0.9930997490882874,0,0.9323455095291138,1.003397822380066,1.0,0.9590428471565247
850_class-7,1,0.9625623226165771,0,0.9302454590797424,1.0072649717330933,0.996319439675891,0.9756184220314026
850_class-7,2,0.9625195264816284,0,0.9302359819412231,1.0058315992355347,0.9989701268117186,0.9770358204841614
850_class-7,3,0.964853048324585,1,0.9337345957756042,1.0050026178359985,0.9917913853825351,0.9866108298301697
850_class-7,4,0.9647889137268066,0,0.9324363470077515,1.0050708055496216,0.9991828618900405,0.9859808683395386
850_class-7,5,0.9629542827606201,0,0.9298024773597717,1.008241057395935,0.9928605977205687,0.9787826538085938
851_class-8,0,0.43823108077049255,1,0.995103657245636,0.9171925783157349,1.0,0.6223222613334656
851_class-8,1,0.5627419948577881,0,0.9884001612663269,0.8849765062332153,0.24983296667481464,0.6107844710350037
851_class-8,2,0.388405442237854,0,0.9916913509368896,0.928645133972168,0.2887865753922578,0.9187068939208984
851_class-8,3,0.3708457350730896,0,0.9900413751602173,0.9643741846084595,0.7945118807704926,0.9254081845283508
851_class-8,4,0.5530825853347778,0,0.9898068904876709,0.9479106664657593,0.15111541677172774,0.88499915599823
851_class-8,5,0.38870447874069214,0,0.9892499446868896,0.8933050036430359,0.013318043211967995,0.9296770095825195
852_class-7,0,0.5028985738754272,0,0.9509521126747131,0.9785323143005371,1.0,0.9424706101417542
852_class-7,1,0.47113272547721863,1,0.9518777132034302,0.9913300275802612,0.9942923980722552,0.9565712809562683
852_class-7,2,0.474912166595459,0,0.9508821964263916,0.991672158241272,0.9720634529818329,0.9412609338760376
852_class-7,3,0.46985316276550293,0,0.9516415596008301,0.9828894138336182,0.9697081251643439,0.9465715885162354
852_class-7,4,0.4736972451210022,0,0.9504877924919128,0.9946160316467285,0.9760189324217723,0.9394659399986267
852_class-7,5,0.4709653854370117,0,0.9507212042808533,0.9908887147903442,0.9781616373055172,0.9532214999198914
853_class-8,0,0.6215440034866333,1,0.995111346244812,0.9569499492645264,1.0,0.8883709907531738
853_class-8,1,0.6786043643951416,0,0.9494776129722595,0.9846569299697876,0.30131143947834665,0.8752763867378235
853_class-8,2,0.581532895565033,0,0.9937959909439087,0.9700785875320435,0.30137436047094873,0.9179825186729431
853_class-8,3,0.8908418416976929,0,0.9631983637809753,0.9549779891967773,0.41194828954625556,0.877899706363678
853_class-8,4,0.8955700397491455,0,0.9618628621101379,0.9625505208969116,0.974070354562446,0.9213825464248657
853_class-8,5,0.619301974773407,0,0.9930742979049683,0.9753471612930298,0.4847974565882179,0.9365911483764648
854_class-5,0,0.8389753103256226,1,0.949578046798706,1.0078598260879517,1.0,0.9873698949813843
854_class-5,1,0.7792387008666992,0,0.9496952891349792,1.0025148391723633,0.9970834390058331,0.9869720935821533
854_class-5,2,0.7807083129882812,0,0.9493722915649414,1.0081242322921753,0.9969272763885056,0.9871283769607544
854_class-5,3,0.7772454023361206,0,0.9511508941650391,0.9904475212097168,0.9896847239936453,0.9783515334129333
854_class-5,4,0.6513198018074036,0,0.9766418933868408,0.9823333024978638,0.7940462732685206,0.9157092571258545
854_class-5,5,0.64756840467453,0,0.9778875708580017,0.9855886697769165,0.9910027048830257,0.9103907346725464
855_class-8,0,0.39300164580345154,1,0.9611364603042603,0.979596734046936,1.0,0.7711950540542603
855_class-8,1,0.3508981466293335,0,0.9532318115234375,0.9920288324356079,0.78557764015434,0.9394654631614685
855_class-8,2,0.3502577841281891,0,0.9535337686538696,0.9948818683624268,0.9915808256955146,0.9504421949386597
855_class-8,3,0.4087924063205719,0,0.9395632743835449,0.9958940744400024,0.4528213343689823,0.9786027669906616
855_class-8,4,0.35006946325302124,0,0.9540659785270691,0.9960918426513672,0.45139908071929685,0.9582453966140747
855_class-8,5,0.3511503040790558,0,0.9539614915847778,0.9926090240478516,0.9882019744295193,0.9490759372711182
856_class-5,0,0.9764513969421387,0,0.9881410002708435,1.008819818496704,1.0,0.9927233457565308
856_class-5,1,0.9288782477378845,0,0.9889923930168152,1.0036723613739014,0.9876854522530614,0.9852904081344604
856_class-5,2,0.9316755533218384,0,0.9881471991539001,1.009018063545227,0.9876428071811612,0.9928535223007202
856_class-5,3,0.9317053556442261,0,0.9881565570831299,1.0097206830978394,0.9993785603314345,0.9929097294807434
856_class-5,4,0.9316853880882263,0,0.9880983829498291,1.0074011087417603,0.9992405478411709,0.9922265410423279
856_class-5,5,0.931675910949707,1,0.9882334470748901,1.009340524673462,0.9992748931762269,0.9931873083114624
857_class-6,0,0.7872533202171326,0,0.9139736890792847,0.9997348785400391,1.0,0.8983404040336609
857_class-6,1,0.5233352184295654,0,0.832599937915802,0.9991495609283447,0.6264163793470395,0.9886536598205566
857_class-6,2,0.7363848686218262,1,0.9161753058433533,0.9809294939041138,0.6269643069500366,0.9506522417068481
857_class-6,3,0.5235802531242371,0,0.8324981927871704,1.0027663707733154,0.6263211468317923,0.9905178546905518
857_class-6,4,0.7395736575126648,0,0.9129270911216736,1.0004115104675293,0.6340570703650686,0.9242366552352905
857_class-6,5,0.7333413362503052,0,0.9125111103057861,1.0010474920272827,0.9700057319337149,0.9170428514480591
858_class-5,0,0.889053225517273,0,0.995466947555542,0.9779021739959717,1.0,0.9136661887168884
858_class-5,1,0.9649509191513062,1,0.9976500272750854,0.9999945163726807,0.8077066038904721,0.9894484281539917
858_class-5,2,0.9444055557250977,0,0.9941215515136719,0.9478074312210083,0.9502477411833284,0.9612880349159241
858_class-5,3,0.9592982530593872,0,0.9968571662902832,1.0002342462539673,0.9378628499166523,0.988358736038208
858_class-5,4,0.9288403987884521,0,0.994486927986145,0.9475913047790527,0.9155237082237027,0.9530450105667114
858_class-5,5,0.9004195928573608,0,0.9942171573638916,0.9987783432006836,0.8256298804680196,0.9860917329788208
859_class-9,0,0.078248530626297,1,0.9065099954605103,0.98124098777771,1.0,0.6168543696403503
859_class-9,1,0.7181322574615479,0,0.8977146148681641,0.9903267621994019,0.08990949779253642,0.9840124249458313
859_class-9,2,0.07391398400068283,0,0.9060386419296265,0.9736847877502441,0.08986404374905059,0.5669498443603516
859_class-9,3,0.07499851286411285,0,0.9045548439025879,0.970199465751648,0.994288600365317,0.5521788001060486
859_class-9,4,0.7186996340751648,0,0.8977334499359131,0.9915457963943481,0.08994668581292678,0.9807407855987549
859_class-9,5,0.7225611209869385,0,0.8971379995346069,0.9894217252731323,0.9698989555914069,0.9827851057052612
860_class-5,0,0.9656352996826172,0,0.9873143434524536,0.9854637384414673,1.0,0.9742365479469299
860_class-5,1,0.8928647041320801,0,0.9874236583709717,0.989008903503418,0.9808178721288946,0.9762710332870483
860_class-5,2,0.8936468362808228,0,0.9875665903091431,0.989769697189331,0.9560462055856119,0.9658130407333374
860_class-5,3,0.8591192364692688,0,0.9852173328399658,0.9984725713729858,0.9208570379886217,0.9585765600204468
860_class-5,4,0.891954779624939,1,0.9874662160873413,0.989057183265686,0.8769734925720943,0.9760285019874573
860_class-5,5,0.8962054252624512,0,0.987583577632904,0.9857606887817383,0.9747742499271774,0.9731208682060242
861_class-8,0,0.8556737899780273,0,0.9530593752861023,0.971892237663269,1.0,0.6398290991783142
861_class-8,1,0.42559558153152466,0,0.9917641878128052,0.9960122108459473,0.2479528765386444,0.9859811067581177
861_class-8,2,0.44504886865615845,0,0.9842956066131592,0.9578948020935059,0.5889019148104728,0.8609223961830139
861_class-8,3,0.2743736207485199,0,0.9685763716697693,0.9239894151687622,0.3097987949320306,0.5202847719192505
861_class-8,4,0.4795781970024109,0,0.9574335813522339,0.931390643119812,0.1352623147777333,0.47773683071136475
861_class-8,5,0.367087185382843,1,0.9980373382568359,0.990547776222229,0.1555706010682314,0.986946702003479
862_class-6,0,0.19534984230995178,0,0.906157374382019,0.9766243696212769,1.0,0.8987798690795898
862_class-6,1,0.2171151340007782,0,0.944342851638794,0.965255618095398,0.8038423736101726,0.8891050219535828
862_class-6,2,0.34908169507980347,0,0.9635903835296631,1.0036866664886475,0.12760905117851962,0.9935175776481628
862_class-6,3,0.3624139428138733,0,0.8552741408348083,0.9241305589675903,0.08422163137867109,0.788713812828064
862_class-6,4,0.3490723967552185,0,0.9636068344116211,1.0004321336746216,0.08425212215825935,0.9890981316566467
862_class-6,5,0.764138400554657,1,0.9641932249069214,1.011568307876587,0.0,0.9955700039863586
863_class-9,0,0.9549931287765503,0,0.9953132271766663,0.9963531494140625,1.0,0.9847948551177979
863_class-9,1,0.9063863754272461,0,0.9954603910446167,0.995932936668396,0.9985675953759557,0.9848196506500244
863_class-9,2,0.9066993594169617,0,0.9954316020011902,0.9961535930633545,0.9982453309668832,0.9847887754440308
863_class-9,3,0.9082576036453247,1,0.9956750869750977,1.0008350610733032,0.9927245761013348,0.9873771667480469
863_class-9,4,0.9081456065177917,0,0.9955942630767822,1.0007975101470947,0.999398725297631,0.9875307083129883
863_class-9,5,0.906415581703186,0,0.9953778982162476,0.9958935976028442,0.9934028474032485,0.9849206209182739
864_class-9,0,0.9817970991134644,1,0.9821512699127197,1.01030433177948,1.0,0.9672836661338806
864_class-9,1,0.9254345297813416,0,0.982214629650116,1.0100401639938354,0.9990985035158363,0.9673623442649841
864_class-9,2,0.926295280456543,0,0.9806164503097534,1.0098532438278198,0.9981048587648138,0.9666914939880371
864_class-9,3,0.9251256585121155,0,0.9826948642730713,1.009804129600525,0.9975648028262006,0.9670922756195068
864_class-9,4,0.925832211971283,0,0.9807862639427185,1.0099924802780151,0.9982245323315235,0.9677199125289917
864_class-9,5,0.9262194037437439,0,0.9807323217391968,1.0101343393325806,0.9980974418305695,0.9658432006835938
865_class-7,0,0.9977024793624878,1,0.9785909652709961,1.0127533674240112,1.0,0.9931172132492065
865_class-7,1,0.9731297492980957,0,0.9785659313201904,1.0126698017120361,0.9997516059957173,0.9932487607002258
865_class-7,2,0.9731932878494263,0,0.978524923324585,1.0134235620498657,0.9997002372408123,0.9932316541671753
865_class-7,3,0.9731513261795044,0,0.9785937070846558,1.0126703977584839,0.9997773038346567,0.9932297468185425
865_class-7,4,0.9731932878494263,0,0.978515625,1.0134340524673462,0.9997773019271948,0.9933357238769531
865_class-7,5,0.9731260538101196,0,0.9785479307174683,1.01289963722229,0.9997773038346567,0.9931053519248962
866_class-5,0,0.995813250541687,1,0.9950034618377686,1.0051674842834473,1.0,0.986038327217102
866_class-5,1,0.96736079454422,0,0.994733989238739,1.0070774555206299,0.9980747831923273,0.9873789548873901
866_class-5,2,0.9673786163330078,0,0.9947556257247925,1.0066816806793213,0.9995849339868416,0.9868988990783691
866_class-5,3,0.9673374891281128,0,0.9946939945220947,1.0064172744750977,0.9993994895661312,0.9870786070823669
866_class-5,4,0.9666324257850647,0,0.9950165152549744,1.0031670331954956,0.9964226723079505,0.9833168983459473
866_class-5,5,0.9662864208221436,0,0.9949804544448853,1.0038756132125854,0.9988477322484289,0.9841679334640503
867_class-8,0,0.4668899178504944,1,0.9864063858985901,1.0005216598510742,1.0,0.982249915599823
867_class-8,1,0.4731590151786804,0,0.994315505027771,0.897675633430481,0.47414544060768665,0.7038707733154297
867_class-8,2,0.44893503189086914,0,0.9862866401672363,0.8111041188240051,0.1621729285474673,0.7606995701789856
867_class-8,3,0.49315157532691956,0,0.9792494773864746,0.9913594722747803,0.0634906360304863,0.9792168736457825
867_class-8,4,0.4381740093231201,0,0.9871327877044678,0.9977291822433472,0.5345756756223227,0.9767900705337524
867_class-8,5,0.47891965508461,0,0.9880306720733643,0.95902419090271,0.4746568109820486,0.9219205975532532
868_class-8,0,0.26752087473869324,0,0.9874485731124878,0.9960513114929199,1.0,0.9337454438209534
868_class-8,1,0.30334725975990295,0,0.9969393014907837,0.9503731727600098,0.38069160197600566,0.9576177000999451
868_class-8,2,0.3338782787322998,0,0.9705850481987,0.9588104486465454,0.13229559943058736,0.9506348371505737
868_class-8,3,0.29508092999458313,0,0.9975867867469788,0.9508187174797058,0.09870380806698334,0.9231235384941101
868_class-8,4,0.2917420566082001,0,0.9870353937149048,0.9390625953674316,0.037331527900239324,0.7258365154266357
868_class-8,5,0.296819269657135,1,0.9984784126281738,0.992607831954956,0.7726084261031295,0.9791437983512878
869_class-9,0,0.34122204780578613,0,0.9467597603797913,1.00382399559021,1.0,0.9911344051361084
869_class-9,1,0.32842206954956055,0,0.9468802213668823,0.9845170974731445,0.9979986657771848,0.9750286340713501
869_class-9,2,0.3285582959651947,0,0.9476633071899414,1.0089082717895508,0.9972616505464138,0.9947680830955505
869_class-9,3,0.32856401801109314,0,0.9478318691253662,1.0089199542999268,0.9995727999195859,0.994674026966095
869_class-9,4,0.27645254135131836,0,0.9816485643386841,0.901145875453949,0.25052199097460764,0.6392191052436829
869_class-9,5,0.32856711745262146,1,0.947876513004303,1.0089731216430664,0.25052199097460764,0.994598925113678
870_class-7,0,0.9976820945739746,1,0.9906994104385376,1.0117968320846558,1.0,0.9927870631217957
870_class-7,1,0.9675270318984985,0,0.9907039403915405,1.01195228099823,0.9997909284975461,0.9927791953086853
870_class-7,2,0.9675207734107971,0,0.9907052516937256,1.0117565393447876,0.9997469329372284,0.9927383065223694
870_class-7,3,0.9675195217132568,0,0.9907105565071106,1.0116134881973267,0.9997579438429716,0.9926502704620361
870_class-7,4,0.9675139784812927,0,0.9907391667366028,1.0117849111557007,0.9998459456188035,0.9927235245704651
870_class-7,5,0.967522144317627,0,0.9907368421554565,1.0117452144622803,0.9997469217988358,0.9926891922950745
871_class-9,0,0.4382020831108093,1,0.9971176385879517,0.9216334819793701,1.0,0.9385308623313904
871_class-9,1,0.9198325872421265,0,0.995621383190155,1.005064606666565,0.0,0.9914685487747192
871_class-9,2,0.9197753667831421,0,0.9956220388412476,1.0048986673355103,0.9996181311337686,0.9915125966072083
871_class-9,3,0.7880374193191528,0,0.9957032203674316,0.9691437482833862,0.7235359732292248,0.9610050320625305
871_class-9,4,0.9147318005561829,0,0.994450032711029,0.98291015625,0.731864454051039,0.9764819145202637
871_class-9,5,0.9193288087844849,0,0.9956105351448059,1.004891276359558,0.9878890775325411,0.991335391998291
872_class-8,0,0.8277552127838135,1,0.9859372973442078,0.9897760152816772,1.0,0.969666600227356
872_class-8,1,0.8521124720573425,0,0.9782264828681946,1.0051287412643433,0.7749854265172614,0.980572521686554
872_class-8,2,0.7673168182373047,0,0.985736608505249,0.9538342952728271,0.7687365479135212,0.9480820298194885
872_class-8,3,0.6821082830429077,0,0.9875385761260986,0.9650428295135498,0.5118735314916623,0.8890937566757202
872_class-8,4,0.6007137894630432,0,0.9877580404281616,0.9793133735656738,0.764725123244784,0.9312199354171753
872_class-8,5,0.6324209570884705,0,0.98528653383255,0.970677375793457,0.9205857701620414,0.8444910645484924
873_class-7,0,0.9935017228126526,0,0.973321259021759,0.9993823766708374,1.0,0.9718825221061707
873_class-7,1,0.9232980012893677,0,0.9732269048690796,1.0002429485321045,0.9988551480800271,0.9719283580780029
873_class-7,2,0.9228366613388062,0,0.9732872247695923,1.000718593597412,0.9975733158437178,0.9708467125892639
873_class-7,3,0.9232192635536194,1,0.9734934568405151,0.9999343156814575,0.9980229747203119,0.972061276435852
873_class-7,4,0.9262875318527222,0,0.9745367169380188,1.0014704465866089,0.9759104009613309,0.9355903267860413
873_class-7,5,0.9260094165802002,0,0.9744923710823059,1.0014524459838867,0.9982975858420698,0.9305567145347595
874_class-7,0,0.9993258714675903,0,0.9937697649002075,1.0113110542297363,1.0,0.9952020645141602
874_class-7,1,0.9709935188293457,0,0.9937117695808411,1.0111894607543945,0.9996003266894886,0.9952386021614075
874_class-7,2,0.9710478782653809,0,0.9937923550605774,1.0109437704086304,0.9996350555236954,0.9950856566429138
874_class-7,3,0.9709782600402832,0,0.993740975856781,1.011391043663025,0.9995134834584376,0.9952062964439392
874_class-7,4,0.9709913730621338,1,0.993802547454834,1.011258840560913,0.9997393706670373,0.9952086210250854
874_class-7,5,0.9710177183151245,0,0.9937738180160522,1.0111459493637085,0.9997219615611859,0.9952224493026733
875_class-7,0,0.9589601755142212,1,0.9853385090827942,1.0045667886734009,1.0,0.9899531006813049
875_class-7,1,0.9057564735412598,0,0.9852870106697083,1.0048907995224,0.9997245257568418,0.9900256991386414
875_class-7,2,0.9058019518852234,0,0.9852970838546753,1.004763126373291,0.9994110606607519,0.9900254607200623
875_class-7,3,0.9056910276412964,0,0.9859408140182495,1.0041289329528809,0.9908004903870826,0.9869008660316467
875_class-7,4,0.9056763648986816,0,0.9859703779220581,1.0040136575698853,0.9996931044403952,0.9866735935211182
875_class-7,5,0.9057824611663818,0,0.9852780103683472,1.0054986476898193,0.9904049856074784,0.989899754524231
876_class-8,0,0.15248771011829376,0,0.6446887850761414,0.9255936145782471,1.0,0.5714769959449768
876_class-8,1,0.1057494729757309,0,0.5601625442504883,0.8895498514175415,0.7441740743535009,0.3705484867095947
876_class-8,2,0.3449062705039978,0,0.9169732928276062,0.912131667137146,0.19141348064156613,0.7463393807411194
876_class-8,3,0.36062583327293396,0,0.9801234006881714,0.918343186378479,0.7785820878900594,0.908254086971283
876_class-8,4,0.38341569900512695,0,0.9890708923339844,0.9044269323348999,0.5796334012219959,0.6647093296051025
876_class-8,5,0.38622480630874634,1,0.9883931279182434,0.9300938844680786,0.6117894426205319,0.8920615315437317
877_class-9,0,0.9987102150917053,1,0.9926116466522217,0.9964662790298462,1.0,0.9844038486480713
877_class-9,1,0.9390210509300232,0,0.9932450652122498,0.9885164499282837,0.9939655172413793,0.9833679795265198
877_class-9,2,0.9383002519607544,0,0.9940814971923828,0.9980857372283936,0.9959313287684827,0.989125669002533
877_class-9,3,0.9389868974685669,0,0.9921041131019592,1.003917932510376,0.9953712887654566,0.9933875203132629
877_class-9,4,0.9391617774963379,0,0.9920660853385925,1.003866195678711,0.9988065243336427,0.9933339953422546
877_class-9,5,0.9382295608520508,0,0.9919512867927551,1.0077425241470337,0.9973854911305269,0.9932569861412048
878_class-7,0,0.6164339780807495,0,0.9312309622764587,0.978743314743042,1.0,0.7805231809616089
878_class-7,1,0.25914910435676575,0,0.9920194745063782,0.9672186374664307,0.4247497579226613,0.7597390413284302
878_class-7,2,0.5247501134872437,0,0.9418007731437683,0.9633526802062988,0.46493772286675705,0.68940669298172
878_class-7,3,0.22068080306053162,0,0.9949055314064026,0.9731659889221191,0.37518906943319963,0.8516588807106018
878_class-7,4,0.8983919620513916,0,0.8733893036842346,1.0014746189117432,0.2658958767919755,0.9311475157737732
878_class-7,5,0.20583000779151917,1,0.9951141476631165,0.9766557216644287,0.24167147485686388,0.8795604109764099
879_class-9,0,0.42720484733581543,0,0.8999916911125183,0.9886115789413452,1.0,0.9785945415496826
879_class-9,1,0.41951966285705566,0,0.9117387533187866,0.9365521669387817,0.9689373802311925,0.9560838341712952
879_class-9,2,0.419597864151001,0,0.8997622132301331,0.987472414970398,0.9678453617782162,0.9831350445747375
879_class-9,3,0.419342577457428,1,0.903034508228302,0.9890570640563965,0.9951615420633682,0.9835924506187439
879_class-9,4,0.4198550283908844,0,0.8985689878463745,0.9888697862625122,0.9909780538819343,0.978464663028717
879_class-9,5,0.4191078245639801,0,0.88898766040802,0.9621844291687012,0.9710725960648862,0.9785784482955933
880_class-8,0,0.5818289518356323,0,0.9917224645614624,0.9377821683883667,1.0,0.8955238461494446
880_class-8,1,0.6742702722549438,0,0.9950405359268188,0.9422986507415771,0.3649154222492246,0.9569412469863892
880_class-8,2,0.6883430480957031,1,0.9955146908760071,0.9911820888519287,0.8393922181198523,0.9938566088676453
880_class-8,3,0.6708922982215881,0,0.9959075450897217,0.9836236238479614,0.9220593191776205,0.9876319766044617
880_class-8,4,0.5911221504211426,0,0.994550347328186,0.9576336145401001,0.4743358946212953,0.9224759340286255
880_class-8,5,0.7721170783042908,0,0.99721360206604,0.9490911960601807,0.3946846353810371,0.9192996621131897
881_class-8,0,0.41364550590515137,1,0.9771223068237305,0.95814049243927,1.0,0.23034995794296265
881_class-8,1,0.298455148935318,0,0.9252818822860718,0.989019513130188,0.30418185822301613,0.9637840390205383
881_class-8,2,0.2976466715335846,0,0.9285505414009094,0.9640307426452637,0.980848335269067,0.8998125791549683
881_class-8,3,0.3639860153198242,0,0.9704049825668335,0.9785948991775513,0.5613726996670692,0.7032186985015869
881_class-8,4,0.30083054304122925,0,0.9234144687652588,0.967652440071106,0.573838137030019,0.9775726199150085
881_class-8,5,0.2967747151851654,0,0.9339795112609863,0.9844255447387695,0.9704063978318996,0.9731577038764954
882_class-6,0,0.4129451811313629,1,0.9906416535377502,0.9565891027450562,1.0,0.9516306519508362
882_class-6,1,0.38092753291130066,0,0.9903501272201538,0.9419718980789185,0.9288894407293754,0.9217610955238342
882_class-6,2,0.3819047808647156,0,0.9907259345054626,0.954901933670044,0.9270661340434976,0.9499825239181519
882_class-6,3,0.3813342750072479,0,0.9906258583068848,0.9531002044677734,0.9786380841734438,0.9441386461257935
882_class-6,4,0.38122668862342834,0,0.9893935918807983,0.9473124742507935,0.952616627061409,0.9307985901832581
882_class-6,5,0.38123518228530884,0,0.9905474781990051,0.9520833492279053,0.9457904516866781,0.9407337307929993
883_class-8,0,0.49304908514022827,1,0.9970108866691589,0.9376494884490967,1.0,0.9556863903999329
883_class-8,1,0.42501798272132874,0,0.9971431493759155,0.8313674926757812,0.566218174291037,0.8155251741409302
883_class-8,2,0.3639812171459198,0,0.9731729030609131,0.9614689350128174,0.23059471994891356,0.9412907361984253
883_class-8,3,0.43268969655036926,0,0.9961880445480347,0.910408616065979,0.2584889880122665,0.9264909625053406
883_class-8,4,0.3631693124771118,0,0.9681165814399719,0.965599536895752,0.25389624643301384,0.959485650062561
883_class-8,5,0.4328431487083435,0,0.994299054145813,0.9104970693588257,0.2227848513465108,0.8965756297111511
884_class-8,0,0.4443880617618561,1,0.9979626536369324,0.8989779949188232,1.0,0.9186047315597534
884_class-8,1,0.3525257706642151,0,0.9926639795303345,0.8530797958374023,0.020426317003261623,0.7613914608955383
884_class-8,2,0.33382540941238403,0,0.9895911812782288,0.9765292406082153,0.7950854399096173,0.9301822185516357
884_class-8,3,0.4137062430381775,0,0.997853696346283,0.9335435628890991,0.2109377684615649,0.9774095416069031
884_class-8,4,0.3329331874847412,0,0.9881339073181152,0.9724624156951904,0.21551134809953515,0.9519032835960388
884_class-8,5,0.4136752188205719,0,0.997740626335144,1.0023722648620605,0.21498882576726888,0.9942269921302795
885_class-8,0,0.49077773094177246,0,0.9797763824462891,0.980377197265625,1.0,0.9018352031707764
885_class-8,1,0.45598626136779785,0,0.9833272099494934,0.986457109451294,0.9661132873220171,0.8776155710220337
885_class-8,2,0.36427971720695496,0,0.9848217964172363,0.9890446662902832,0.7793433912135876,0.9821968674659729
885_class-8,3,0.6372382640838623,1,0.9886225461959839,0.9869164228439331,0.16676029962546818,0.9649531245231628
885_class-8,4,0.6055071949958801,0,0.9564781188964844,0.929648756980896,0.8405602124943944,0.490418016910553
885_class-8,5,0.45333337783813477,0,0.9836269617080688,0.988447904586792,0.4159248115636341,0.9126856327056885
886_class-6,0,0.3767204284667969,1,0.9950321912765503,0.9632008075714111,1.0,0.9746289253234863
886_class-6,1,0.34174713492393494,0,0.9948927164077759,0.9686588048934937,0.726001498234224,0.9519810080528259
886_class-6,2,0.34150469303131104,0,0.991635799407959,0.9672828912734985,0.5261641094062709,0.9110591411590576
886_class-6,3,0.3457120358943939,0,0.9954321384429932,0.955695390701294,0.556198939372223,0.9176408052444458
886_class-6,4,0.3434598445892334,0,0.9934067726135254,0.9382443428039551,0.9198060839316112,0.9557464122772217
886_class-6,5,0.3338553309440613,0,0.9860532879829407,0.9317477941513062,0.48857037853730245,0.811755359172821
887_class-8,0,0.03362946957349777,1,0.9491602182388306,1.0090510845184326,1.0,0.9892237782478333
887_class-8,1,0.13575737178325653,0,0.9839532375335693,0.9929580688476562,0.539820159232336,0.9844075441360474
887_class-8,2,0.032211657613515854,0,0.9492459297180176,1.0116091966629028,0.538532737735925,0.9902462363243103
887_class-8,3,0.03215257450938225,0,0.9491673707962036,0.9949595928192139,0.9965534179947013,0.9657016396522522
887_class-8,4,0.03216526657342911,0,0.9490084648132324,1.008313536643982,0.9980911111827057,0.9893903732299805
887_class-8,5,0.03192238137125969,0,0.9492462873458862,0.986135721206665,0.9959530749403801,0.9713929295539856
888_class-8,0,0.38984403014183044,1,0.9804509878158569,0.9922357797622681,1.0,0.988523542881012
888_class-8,1,0.3551359474658966,0,0.9805247783660889,0.9938591718673706,0.9987131549555675,0.9888893365859985
888_class-8,2,0.30225637555122375,0,0.9896273612976074,0.9648870229721069,0.5076507402608145,0.8928493857383728
888_class-8,3,0.3550615608692169,0,0.9846959114074707,0.989643931388855,0.5067123325355561,0.9828082919120789
888_class-8,4,0.3619571030139923,0,0.9854782223701477,0.961694598197937,0.8906170629641276,0.9629502296447754
888_class-8,5,0.35718733072280884,0,0.982193648815155,0.9836714267730713,0.9236937663909622,0.9638936519622803
889_class-8,0,0.646466851234436,1,0.995581865310669,0.9783540964126587,1.0,0.9773219227790833
889_class-8,1,0.5861320495605469,0,0.9952704906463623,0.7298840284347534,0.7608681975463982,0.6359477043151855
889_class-8,2,0.5318275690078735,0,0.993709921836853,0.8014563322067261,0.5304256067534294,0.7691174149513245
889_class-8,3,0.5843973755836487,0,0.9957248568534851,0.8073176145553589,0.4837998585866988,0.8194677233695984
889_class-8,4,0.5756933689117432,0,0.9952250123023987,0.9543414115905762,0.9085082728402328,0.9754282236099243
889_class-8,5,0.5417223572731018,0,0.9937280416488647,0.8904695510864258,0.6913169107204075,0.8633025288581848
890_class-8,0,0.45485568046569824,0,0.9628956317901611,0.9718079566955566,1.0,0.9455464482307434
890_class-8,1,0.4290902316570282,1,0.9812021851539612,0.986291766166687,0.6759367418456286,0.9772166609764099
890_class-8,2,0.38480234146118164,0,0.8921190500259399,0.9787399768829346,0.40412819120043453,0.9405972957611084
890_class-8,3,0.42724335193634033,0,0.9639899730682373,0.9711815118789673,0.4378977475867,0.9689974188804626
890_class-8,4,0.3861498236656189,0,0.8863825798034668,0.9767638444900513,0.45259871710446087,0.9480252861976624
890_class-8,5,0.42651909589767456,0,0.9632726907730103,0.9851315021514893,0.46179353391524847,0.9722715616226196
891_class-6,0,0.9900885820388794,1,0.9676708579063416,1.0101268291473389,1.0,0.985830545425415
891_class-6,1,0.9536314010620117,0,0.9677494764328003,1.0027424097061157,0.9985365815484063,0.9757667183876038
891_class-6,2,0.8207385540008545,0,0.9790777564048767,0.9787071943283081,0.816411726466004,0.8882312178611755
891_class-6,3,0.9521697759628296,0,0.9671709537506104,1.0105171203613281,0.8115332819566724,0.9922394156455994
891_class-6,4,0.9524340629577637,0,0.9672268629074097,1.0064239501953125,0.998731339798571,0.9921806454658508
891_class-6,5,0.9533588290214539,0,0.9677070379257202,1.00937819480896,0.9948652818251235,0.984254777431488
892_class-8,0,0.4393523037433624,0,0.9943285584449768,0.9837768077850342,1.0,0.9482693672180176
892_class-8,1,0.4389761984348297,1,0.9965428113937378,0.9838569760322571,0.2332799267566949,0.9913429021835327
892_class-8,2,0.4787159860134125,0,0.9867637753486633,0.952210545539856,0.10149866475347762,0.9173821210861206
892_class-8,3,0.4370911121368408,0,0.989403247833252,0.9298719167709351,0.6959242650722471,0.8203782439231873
892_class-8,4,0.556041419506073,0,0.9952442646026611,0.8916765451431274,0.23756641616006893,0.9146410226821899
892_class-8,5,0.43101149797439575,0,0.9960302710533142,0.9847325086593628,0.5822716990117871,0.9861021637916565
893_class-7,0,0.9845089912414551,0,0.909744381904602,1.0045900344848633,1.0,0.9447582364082336
893_class-7,1,0.8758598566055298,1,0.9126126766204834,1.0021768808364868,0.9898288361717644,0.9481775164604187
893_class-7,2,0.8981049060821533,0,0.908963143825531,1.007901906967163,0.9886625104441159,0.9446724653244019
893_class-7,3,0.8979246616363525,0,0.9092264175415039,1.0082480907440186,0.9997643520323566,0.9444029927253723
893_class-7,4,0.8979958891868591,0,0.9086376428604126,1.0080441236495972,0.999824322355623,0.9457728266716003
893_class-7,5,0.8975212574005127,0,0.908453643321991,1.0065993070602417,0.999678634324425,0.9445639848709106
894_class-6,0,0.9974081516265869,1,0.9972422122955322,1.0043859481811523,1.0,0.9951068162918091
894_class-6,1,0.8132543563842773,0,0.9964038133621216,0.9868905544281006,0.7899233637116818,0.9809483289718628
894_class-6,2,0.9083589911460876,0,0.9971402287483215,1.0003913640975952,0.7908134169734046,0.994735062122345
894_class-6,3,0.7400345802307129,0,0.9936533570289612,0.9833120107650757,0.6490691150216782,0.9737945199012756
894_class-6,4,0.908185601234436,0,0.9972602725028992,1.0045974254608154,0.6482872787469757,0.9950135350227356
894_class-6,5,0.8627007603645325,0,0.9967864751815796,0.9861260652542114,0.896044211751018,0.9859787225723267
895_class-9,0,0.8094522356987,1,0.8821055293083191,1.0142086744308472,1.0,0.9956052303314209
895_class-9,1,0.7690390348434448,0,0.8820092678070068,1.0146499872207642,0.999563679786892,0.9956510066986084
895_class-9,2,0.7689555883407593,0,0.8807064294815063,1.0143442153930664,0.9992883379247015,0.9955438375473022
895_class-9,3,0.7691532373428345,0,0.876975417137146,1.007123589515686,0.9947216229861844,0.9902849793434143
895_class-9,4,0.7698530554771423,0,0.905728816986084,0.9904888868331909,0.9852523462176472,0.9891020655632019
895_class-9,5,0.7690539360046387,0,0.8802856206893921,1.0146909952163696,0.9885044414657973,0.9957181215286255
896_class-8,0,0.4482708275318146,0,0.9789769053459167,0.8390517234802246,1.0,0.4864347279071808
896_class-8,1,0.7497982978820801,0,0.9914845824241638,0.9944747686386108,0.004429985464110196,0.9753717184066772
896_class-8,2,0.6255143284797668,0,0.9767457246780396,0.9598205089569092,0.3460779381602879,0.9022539258003235
896_class-8,3,0.6319743394851685,0,0.9777799844741821,0.9871206283569336,0.969128313672853,0.930344820022583
896_class-8,4,0.7495006322860718,1,0.991724967956543,0.9942998886108398,0.35394036981799465,0.9775028824806213
896_class-8,5,0.6330083608627319,0,0.9754120111465454,0.9844506978988647,0.35687189962065946,0.935506284236908
897_class-6,0,0.4084395170211792,0,0.99061518907547,0.9574171304702759,1.0,0.9029741287231445
897_class-6,1,0.431789368391037,0,0.9955512285232544,0.9096125364303589,0.26010486177311726,0.9041628241539001
897_class-6,2,0.41753533482551575,0,0.9938169717788696,0.989081859588623,0.490315246381881,0.9760919213294983
897_class-6,3,0.3901739716529846,0,0.9902829527854919,0.9715341329574585,0.45168004070022894,0.9426283836364746
897_class-6,4,0.4179123640060425,1,0.99431973695755,0.991478681564331,0.44939570071039764,0.988150417804718
897_class-6,5,0.38686007261276245,0,0.990172803401947,0.9846590757369995,0.5142288056045239,0.9641657471656799
898_class-9,0,0.8181125521659851,0,0.9919819831848145,0.8755321502685547,1.0,0.853439211845398
898_class-9,1,0.8469247817993164,0,0.9966713190078735,0.9815846681594849,0.5766937669376694,0.9777427911758423
898_class-9,2,0.6644437909126282,0,0.9909166097640991,0.9838688373565674,0.4266461110005968,0.9617235064506531
898_class-9,3,0.902187168598175,1,0.9956913590431213,1.0037528276443481,0.5000371811714548,0.9923688769340515
898_class-9,4,0.9025083780288696,0,0.99567049741745,1.0034955739974976,0.9969674737099535,0.9921018481254578
898_class-9,5,0.6636062860488892,0,0.9905305504798889,0.9933998584747314,0.48921287092261245,0.9657164812088013
899_class-6,0,0.9685842990875244,1,0.9653326272964478,0.9956598281860352,1.0,0.9604992270469666
899_class-6,1,0.9036973714828491,0,0.9656634330749512,0.9940696954727173,0.9948376887886194,0.95889812707901
899_class-6,2,0.9035739302635193,0,0.9657295942306519,0.9949990510940552,0.9982461497506244,0.9595598578453064
899_class-6,3,0.9036496877670288,0,0.9662696719169617,0.9942078590393066,0.997642857702217,0.9576871991157532
899_class-6,4,0.9028463363647461,0,0.9656987190246582,0.9954725503921509,0.9940430243347134,0.9550632834434509
899_class-6,5,0.9034222364425659,0,0.9659818410873413,0.9957762956619263,0.9931777070858283,0.9590533375740051
900_class-8,0,0.3732541799545288,1,0.9755557775497437,0.9644918441772461,1.0,0.9119085669517517
900_class-8,1,0.40149781107902527,0,0.9904546141624451,0.9164415597915649,0.17594251282468854,0.8701251745223999
900_class-8,2,0.38258785009384155,0,0.9960095286369324,0.9252928495407104,0.28334333133373324,0.8772754669189453
900_class-8,3,0.2622278928756714,0,0.9107816219329834,0.923438310623169,0.1308758992959614,0.7778520584106445
900_class-8,4,0.2758614122867584,0,0.9246771335601807,0.8994537591934204,0.921161825726141,0.6500254273414612
900_class-8,5,0.3783529996871948,0,0.9853732585906982,0.8522423505783081,0.47959862946647086,0.6963088512420654
901_class-5,0,0.9912458658218384,1,0.9159156084060669,1.0062832832336426,1.0,0.9915222525596619
901_class-5,1,0.5810339450836182,0,0.956584095954895,0.9972871541976929,0.574097604259095,0.9140504598617554
901_class-5,2,0.9335833787918091,0,0.9159385561943054,1.0053131580352783,0.5739630273569173,0.9914054870605469
901_class-5,3,0.9310439825057983,0,0.9156493544578552,1.0047239065170288,0.9944196025021393,0.9911205172538757
901_class-5,4,0.9337660670280457,0,0.9160264730453491,1.0071842670440674,0.9940480493505868,0.9917957782745361
901_class-5,5,0.9336611032485962,0,0.9159473180770874,1.0066931247711182,0.9994218817748229,0.991849958896637
902_class-8,0,0.3565215468406677,0,0.9597174525260925,0.9168567657470703,1.0,0.7011999487876892
902_class-8,1,0.44155746698379517,0,0.9872852563858032,0.9109758734703064,0.2047785082922687,0.9201486706733704
902_class-8,2,0.43361109495162964,0,0.9847347736358643,0.9613597393035889,0.5439372096748358,0.9246750473976135
902_class-8,3,0.38726526498794556,0,0.9886188507080078,0.8574599623680115,0.43581732978039145,0.661751389503479
902_class-8,4,0.4299693703651428,1,0.9869639277458191,0.962590217590332,0.4831776565245538,0.9229885935783386
902_class-8,5,0.3944011330604553,0,0.9881417751312256,0.9064099192619324,0.5011772092293204,0.8010074496269226
903_class-9,0,0.9867159128189087,0,0.994611918926239,0.9900968074798584,1.0,0.9475804567337036
903_class-9,1,0.2312004715204239,0,0.9246826767921448,0.9924832582473755,0.058708474867254466,0.9408277273178101
903_class-9,2,0.9437054395675659,0,0.9946434497833252,0.9944354295730591,0.06000890466519069,0.9791644811630249
903_class-9,3,0.2647162973880768,0,0.9257099628448486,1.0052067041397095,0.11666534503687347,0.9660990834236145
903_class-9,4,0.2642342448234558,0,0.9272822737693787,1.0059338808059692,0.9978752549389669,0.9699715375900269
903_class-9,5,0.9436269998550415,1,0.9946614503860474,0.9977015256881714,0.11653718766742974,0.9813650250434875
904_class-9,0,0.9613219499588013,0,0.9393930435180664,1.0047472715377808,1.0,0.980973482131958
904_class-9,1,0.9327218532562256,0,0.9394949674606323,1.005151391029358,0.9994982673499151,0.9823741316795349
904_class-9,2,0.9324697852134705,1,0.9396323561668396,1.006399154663086,0.9995919268411793,0.9815130233764648
904_class-9,3,0.9324872493743896,0,0.9395783543586731,1.0059168338775635,0.999712280279155,0.9817324280738831
904_class-9,4,0.9325532913208008,0,0.9397903680801392,1.0052717924118042,0.9997122995296431,0.9817841649055481
904_class-9,5,0.9327638149261475,0,0.9394303560256958,1.004543662071228,0.9996789168796072,0.9829100966453552
905_class-5,0,0.9451077580451965,1,0.8728141784667969,1.0033208131790161,1.0,0.9707146286964417
905_class-5,1,0.8824713230133057,0,0.8724804520606995,1.0040353536605835,0.9991769811240087,0.9696651697158813
905_class-5,2,0.8832604289054871,0,0.8717849850654602,1.0025832653045654,0.9987820447758802,0.9696296453475952
905_class-5,3,0.8846232891082764,0,0.8713511228561401,1.0036771297454834,0.9986123490262426,0.971132755279541
905_class-5,4,0.884204626083374,0,0.8715020418167114,1.0045661926269531,0.999018305403055,0.971343457698822
905_class-5,5,0.6888790130615234,0,0.9543298482894897,0.9970608949661255,0.8264587659408646,0.9289047122001648
906_class-6,0,0.12052791565656662,0,0.8730175495147705,1.0024166107177734,1.0,0.9681476354598999
906_class-6,1,0.11557299643754959,1,0.8736637830734253,1.0016639232635498,0.9987704479846039,0.9689310193061829
906_class-6,2,0.1157505065202713,0,0.8727606534957886,1.0006967782974243,0.9979478848250358,0.9672726988792419
906_class-6,3,0.11526203900575638,0,0.8726069331169128,1.0034401416778564,0.9976719723626811,0.9696985483169556
906_class-6,4,0.11537324637174606,0,0.8729451298713684,1.0028679370880127,0.9985797881428328,0.970270037651062
906_class-6,5,0.11537019908428192,0,0.873037576675415,1.002485752105713,0.9990917978662592,0.968424379825592
907_class-5,0,0.388693243265152,0,0.9610820412635803,0.9742183685302734,1.0,0.8910636901855469
907_class-5,1,0.3839164972305298,0,0.970825731754303,0.9811981916427612,0.9254897388059702,0.9205418825149536
907_class-5,2,0.38371679186820984,0,0.9741812348365784,0.9825167655944824,0.9248760105985461,0.9198513627052307
907_class-5,3,0.3850322663784027,0,0.9756457805633545,0.9851177930831909,0.9901589236654034,0.9204613566398621
907_class-5,4,0.4682861566543579,1,0.9914145469665527,0.974639892578125,0.7173779865223606,0.9078009724617004
907_class-5,5,0.3917606770992279,0,0.9709838628768921,0.9826518297195435,0.7373493096304949,0.9207664728164673
908_class-6,0,0.32398489117622375,0,0.9757807850837708,0.9807015657424927,1.0,0.9166824817657471
908_class-6,1,0.48805639147758484,0,0.9871280789375305,0.977712869644165,0.1902409976180468,0.949936032295227
908_class-6,2,0.3113190233707428,0,0.9726153612136841,0.9840565919876099,0.21747171085965208,0.9075523018836975
908_class-6,3,0.3166672885417938,0,0.9848709106445312,0.9754788875579834,0.7424652483933404,0.9191791415214539
908_class-6,4,0.4332117438316345,1,0.9858083724975586,0.9793412685394287,0.25732071604561413,0.9601538181304932
908_class-6,5,0.30137619376182556,0,0.9695079326629639,0.9836313724517822,0.15720566762649787,0.9198638200759888
909_class-8,0,0.443769246339798,1,0.9966689348220825,0.9776908159255981,1.0,0.9826014637947083
909_class-8,1,0.4258996844291687,0,0.9893401861190796,0.8110403418540955,0.48467485848405356,0.8415163159370422
909_class-8,2,0.5137845277786255,0,0.9646473526954651,0.9906660318374634,0.09959658281917418,0.9532850384712219
909_class-8,3,0.4334423542022705,0,0.9955546259880066,0.9612087607383728,0.11046771773747796,0.9856626391410828
909_class-8,4,0.43013861775398254,0,0.9974151253700256,0.9401431083679199,0.7962149728147219,0.9624376893043518
909_class-8,5,0.4304022192955017,0,0.996638834476471,0.9802083969116211,0.671414922261791,0.9828829169273376
910_class-8,0,0.34952810406684875,1,0.9408963918685913,0.9762682914733887,1.0,0.929047167301178
910_class-8,1,0.33007004857063293,0,0.9483353495597839,0.9524176120758057,0.9526886648334861,0.8959742784500122
910_class-8,2,0.4733671545982361,0,0.9251749515533447,0.9539499282836914,0.01858607580354057,0.9498081207275391
910_class-8,3,0.1280689686536789,0,0.868697464466095,0.8913238048553467,5.313016358777369e-06,0.7551518678665161
910_class-8,4,0.4729783535003662,0,0.9830963015556335,0.8619952201843262,0.058981079872270935,0.4634803831577301
910_class-8,5,0.43705567717552185,0,0.9204176664352417,0.9371345043182373,0.3982553578712856,0.9657305479049683
911_class-9,0,0.8798929452896118,1,0.9886627197265625,0.9931179285049438,1.0,0.9791094660758972
911_class-9,1,0.855365514755249,0,0.9806439280509949,0.9763286113739014,0.9070115330791874,0.9313622117042542
911_class-9,2,0.8560231924057007,0,0.9786813855171204,0.9670596122741699,0.8571604805008558,0.8819318413734436
911_class-9,3,0.8200849294662476,0,0.9885678887367249,0.9944019317626953,0.8391103135625236,0.9795839190483093
911_class-9,4,0.8199670314788818,0,0.9884955286979675,0.9835817813873291,0.9924886547389286,0.9700526595115662
911_class-9,5,0.8512921333312988,0,0.9797823429107666,0.9760771989822388,0.9187401215557837,0.9327444434165955
912_class-6,0,0.9092435836791992,1,0.9497793912887573,1.0022454261779785,1.0,0.9097052216529846
912_class-6,1,0.8937157392501831,0,0.9487912654876709,1.0079307556152344,0.9915271261102263,0.984611451625824
912_class-6,2,0.8954743146896362,0,0.9480733275413513,1.0114861726760864,0.9974150030074758,0.9944604635238647
912_class-6,3,0.9424549341201782,0,0.9308298826217651,1.005313515663147,0.9145786250040941,0.9706800580024719
912_class-6,4,0.9485836029052734,0,0.931309700012207,1.0076308250427246,0.9924573243350536,0.9703035354614258
912_class-6,5,0.888573408126831,0,0.9498176574707031,1.0007447004318237,0.9011013344969747,0.9166960716247559
913_class-8,0,0.40595120191574097,1,0.9903230667114258,0.9667327404022217,1.0,0.9374319314956665
913_class-8,1,0.41387543082237244,0,0.9924298524856567,0.9630662202835083,0.17587696814353718,0.9199177026748657
913_class-8,2,0.3529699444770813,0,0.9838066101074219,0.9645994901657104,0.3731519575315196,0.8300248980522156
913_class-8,3,0.3862459659576416,0,0.9885704517364502,0.9744515419006348,0.7186028026377768,0.9322271943092346
913_class-8,4,0.4187474846839905,0,0.9862393140792847,1.0069407224655151,0.6394251263625845,0.9922465682029724
913_class-8,5,0.369856595993042,0,0.986847996711731,0.956801176071167,0.5276419199244443,0.8799935579299927
914_class-8,0,0.5271707773208618,0,0.9886285066604614,0.9391218423843384,1.0,0.9331600069999695
914_class-8,1,0.6752134561538696,0,0.9956454038619995,0.8557295203208923,0.21222217253253434,0.8783608078956604
914_class-8,2,0.4396250247955322,0,0.9594149589538574,0.980026125907898,0.10693608436797822,0.9558787941932678
914_class-8,3,0.4383297264575958,1,0.9974228143692017,0.9764006733894348,0.0,0.9935432076454163
914_class-8,4,0.5530659556388855,0,0.9893873333930969,0.9306049346923828,0.08481977451966337,0.8732662200927734
914_class-8,5,0.6520098447799683,0,0.9895269274711609,0.9744371175765991,0.5985994912009232,0.9643983244895935
915_class-8,0,0.6158819198608398,1,0.9948140382766724,0.9711318016052246,1.0,0.957464337348938
915_class-8,1,0.4685615301132202,0,0.9888326525688171,0.928443431854248,0.21895774061480813,0.7012422680854797
915_class-8,2,0.5435070991516113,0,0.9951868057250977,0.954755425453186,0.5002415147807046,0.9225698113441467
915_class-8,3,0.5286343693733215,0,0.9950085878372192,0.9507561922073364,0.7500986106850156,0.8862580060958862
915_class-8,4,0.44002071022987366,0,0.9885880947113037,0.934942364692688,0.6025358979694979,0.8088328242301941
915_class-8,5,0.5214382410049438,0,0.9950438737869263,0.9572744369506836,0.6296180384793073,0.8845426440238953
916_class-7,0,0.9304563999176025,1,0.9930793642997742,0.951680064201355,1.0,0.7307360172271729
916_class-7,1,0.3742726743221283,0,0.9907886981964111,0.9167886972427368,0.03973218555714969,0.5304539203643799
916_class-7,2,0.951795220375061,0,0.9915878176689148,0.9955910444259644,0.00014652819752001027,0.9855579137802124
916_class-7,3,0.5028614401817322,0,0.9339296221733093,0.9728702306747437,0.40432362143931083,0.8536433577537537
916_class-7,4,0.48061224818229675,0,0.9270427227020264,0.9732022285461426,0.9482722610289852,0.8821439743041992
916_class-7,5,0.9517395496368408,0,0.9914278984069824,0.9934988021850586,0.38692561740569725,0.9847407937049866
917_class-7,0,0.9862790107727051,1,0.9760534167289734,1.0098930597305298,1.0,0.9929139614105225
917_class-7,1,0.9557914733886719,0,0.976068913936615,1.0095125436782837,0.9991224114184025,0.9929477572441101
917_class-7,2,0.95585036277771,0,0.976036012172699,1.0094079971313477,0.9996828572125589,0.9930165410041809
917_class-7,3,0.9558254480361938,0,0.9760189056396484,1.0108009576797485,0.9989518841710135,0.9930697083473206
917_class-7,4,0.95578932762146,0,0.9761481881141663,1.0095359086990356,0.9995613661009102,0.9926493763923645
917_class-7,5,0.9558316469192505,0,0.9759957194328308,1.0094362497329712,0.999597860128441,0.9928377866744995
918_class-5,0,0.6073349714279175,1,0.9696908593177795,0.9492987394332886,1.0,0.9112176895141602
918_class-5,1,0.5229718089103699,0,0.9825851917266846,0.9028615951538086,0.6827805145046524,0.8364226818084717
918_class-5,2,0.5930430889129639,0,0.9736273288726807,0.9586843252182007,0.52739044878441,0.9291485548019409
918_class-5,3,0.6454812288284302,0,0.9692686796188354,0.9654762744903564,0.7506981018698526,0.9609578847885132
918_class-5,4,0.5366052389144897,0,0.9703322649002075,0.9088650941848755,0.6637946905261608,0.9293385744094849
918_class-5,5,0.5493370294570923,0,0.9658700227737427,0.9680484533309937,0.7727031097723044,0.9577575922012329
919_class-7,0,0.301364541053772,1,0.9696260690689087,1.0034453868865967,1.0,0.9452042579650879
919_class-7,1,0.29629895091056824,0,0.9708335399627686,0.9962846040725708,0.9903723351999214,0.9335368275642395
919_class-7,2,0.3274451196193695,0,0.9652097821235657,1.0030220746994019,0.8081606115533139,0.980186939239502
919_class-7,3,0.32749807834625244,0,0.9659360647201538,1.0010432004928589,0.9987183827441118,0.9778370261192322
919_class-7,4,0.3434339761734009,0,0.9701769351959229,0.9908292293548584,0.9618479741926468,0.9663763642311096
919_class-7,5,0.32092592120170593,0,0.9686380624771118,0.9992150068283081,0.7883528220237547,0.9681866765022278
920_class-9,0,0.5266215801239014,1,0.9856201410293579,0.907724142074585,1.0,0.887865424156189
920_class-9,1,0.5844525098800659,0,0.9782419204711914,0.935614824295044,0.592974061214367,0.9032419919967651
920_class-9,2,0.4969244599342346,0,0.9762393832206726,0.9558588266372681,0.8110810549705343,0.9466853141784668
920_class-9,3,0.5440995097160339,0,0.9712951183319092,0.9600199460983276,0.6182365465090669,0.943330705165863
920_class-9,4,0.5895968675613403,0,0.9747188687324524,0.9433785676956177,0.7399172130847284,0.9347214102745056
920_class-9,5,0.5869277715682983,0,0.9716342687606812,0.9768819808959961,0.9713058009071377,0.9833778142929077
921_class-7,0,0.9597586989402771,1,0.9567205905914307,0.996817946434021,1.0,0.9577340483665466
921_class-7,1,0.9231414198875427,0,0.9565521478652954,0.9972859621047974,0.9991945333905523,0.9567224979400635
921_class-7,2,0.9172111749649048,0,0.956871747970581,0.995098352432251,0.993851904192724,0.9519832134246826
921_class-7,3,0.9231045842170715,0,0.9558870196342468,0.9973009824752808,0.9939439168394775,0.9590544700622559
921_class-7,4,0.919453501701355,0,0.9561456441879272,0.9950716495513916,0.996222028480093,0.9551889300346375
921_class-7,5,0.9130830764770508,0,0.9573357105255127,0.9939526319503784,0.9936429442647293,0.9499191045761108
922_class-7,0,0.8289135098457336,0,0.9906899929046631,1.003097653388977,1.0,0.9757569432258606
922_class-7,1,0.5282065272331238,0,0.9980854392051697,0.9934965372085571,0.4714831823896144,0.9826478362083435
922_class-7,2,0.8040857315063477,0,0.9906497001647949,1.0035514831542969,0.4716148239400472,0.9762513637542725
922_class-7,3,0.5285061001777649,0,0.9979915618896484,0.9948681592941284,0.4721527269928024,0.9837782382965088
922_class-7,4,0.5285366773605347,1,0.9979968070983887,0.9950095415115356,0.9976454668470907,0.9839534163475037
922_class-7,5,0.8040487766265869,0,0.9905239343643188,1.0038211345672607,0.47261522660161764,0.9781466126441956
923_class-5,0,0.8920333981513977,1,0.8798128366470337,1.012943983078003,1.0,0.9586078524589539
923_class-5,1,0.8498955965042114,0,0.8796554803848267,1.0137079954147339,0.9992897933755581,0.956096351146698
923_class-5,2,0.8496608734130859,0,0.8800499439239502,1.0128041505813599,0.9996011235021357,0.9568008184432983
923_class-5,3,0.8501343727111816,0,0.8800163269042969,1.0144580602645874,0.9997880774888429,0.9575603008270264
923_class-5,4,0.8506627082824707,0,0.8798335790634155,1.0156903266906738,0.9996759451599502,0.9521287083625793
923_class-5,5,0.8515090942382812,0,0.8798900246620178,1.01255464553833,0.9993854177913244,0.960512101650238
924_class-7,0,0.9990370869636536,1,0.9948214292526245,1.002490520477295,1.0,0.9880110025405884
924_class-7,1,0.5820390582084656,0,0.9776067137718201,1.003258228302002,0.43617300729810293,0.9773156642913818
924_class-7,2,0.9313660860061646,0,0.9947755336761475,1.0028001070022583,0.4366486646952034,0.9903966784477234
924_class-7,3,0.9324032068252563,0,0.9948500394821167,0.9252106547355652,0.9868796349115802,0.9848253726959229
924_class-7,4,0.5821497440338135,0,0.9775280952453613,0.9944467544555664,0.4328322377822235,0.9774393439292908
924_class-7,5,0.9342566728591919,0,0.9948082566261292,1.0040032863616943,0.432563944036088,0.9819822907447815
925_class-6,0,0.42606687545776367,1,0.9785869717597961,0.9976390600204468,1.0,0.9858164191246033
925_class-6,1,0.3916102349758148,0,0.9792360663414001,0.9523912668228149,0.6952133794694348,0.907820463180542
925_class-6,2,0.4161387085914612,0,0.9804989099502563,0.9816594123840332,0.6221381020754471,0.9842678308486938
925_class-6,3,0.4171859323978424,0,0.9842098951339722,0.921097457408905,0.9111886448338752,0.9452977776527405
925_class-6,4,0.41859468817710876,0,0.9781683683395386,1.000506043434143,0.9543162019090492,0.9875662326812744
925_class-6,5,0.28522413969039917,0,0.8825194835662842,0.8883161544799805,0.19165693705103595,0.5579307675361633
926_class-9,0,0.5164008736610413,1,0.9880310297012329,0.9893666505813599,1.0,0.9545335173606873
926_class-9,1,0.5001235604286194,0,0.9880574941635132,0.989271879196167,0.9931717474999394,0.9532368183135986
926_class-9,2,0.49822112917900085,0,0.988123893737793,0.9890854358673096,0.9936803108996477,0.9543433785438538
926_class-9,3,0.5019213557243347,0,0.9880115985870361,0.9877409934997559,0.9889281110321314,0.9494211673736572
926_class-9,4,0.4981478452682495,0,0.987890362739563,0.9895389080047607,0.9886526531349756,0.9560205936431885
926_class-9,5,0.5014559030532837,0,0.9879122376441956,0.9883666038513184,0.9900748905584834,0.9526197910308838
927_class-8,0,0.35645586252212524,0,0.8730882406234741,0.925166130065918,1.0,0.8976013660430908
927_class-8,1,0.4278242588043213,0,0.987944483757019,0.9157117009162903,0.0,0.9886734485626221
927_class-8,2,0.37967127561569214,0,0.9697973728179932,0.8810427188873291,0.1961861868066029,0.7876723408699036
927_class-8,3,0.4279426336288452,1,0.9879443645477295,0.9162679314613342,0.19613756067334503,0.991399347782135
927_class-8,4,0.38013309240341187,0,0.9150193333625793,0.9093431234359741,0.01028030858379586,0.8018690347671509
927_class-8,5,0.34271353483200073,0,0.8723584413528442,0.9297915697097778,0.6398413991975928,0.9384728670120239
928_class-6,0,0.9911689758300781,1,0.9625462293624878,1.0031367540359497,1.0,0.9943937659263611
928_class-6,1,0.373477041721344,0,0.9648524522781372,1.0150132179260254,0.2540926060796935,0.9825493693351746
928_class-6,2,0.9714494943618774,0,0.9626439213752747,1.0052564144134521,0.25370098167882826,0.9932530522346497
928_class-6,3,0.37187302112579346,0,0.9662084579467773,1.008769154548645,0.2525865681806276,0.9681829810142517
928_class-6,4,0.3337462544441223,0,0.9681791663169861,0.9984608888626099,0.919341731003657,0.9519972205162048
928_class-6,5,0.3731950521469116,0,0.9653128385543823,1.009924292564392,0.9203561305899643,0.9783086180686951
929_class-5,0,0.7841825485229492,0,0.7772284746170044,0.9504088163375854,1.0,0.7193323373794556
929_class-5,1,0.8182548880577087,0,0.7921544313430786,0.9699678421020508,0.9510122804491079,0.8246737718582153
929_class-5,2,0.8662832379341125,0,0.8266438245773315,0.9773237705230713,0.9585669619593539,0.8771399259567261
929_class-5,3,0.4444621205329895,1,0.9777226448059082,1.0025866031646729,0.47610251172191226,0.9919684529304504
929_class-5,4,0.7956088781356812,0,0.7925267219543457,0.9726355075836182,0.44904349252063935,0.8494790196418762
929_class-5,5,0.4430784583091736,0,0.977005660533905,0.9860965013504028,0.4479081214109926,0.9607121348381042
930_class-7,0,0.36213135719299316,0,0.9938562512397766,1.0036782026290894,1.0,0.9884582757949829
930_class-7,1,0.35851284861564636,1,0.9947587847709656,1.0073281526565552,0.5352790472233763,0.9952747821807861
930_class-7,2,0.35850533843040466,0,0.9947988986968994,1.0065834522247314,0.9991031390134529,0.9950883388519287
930_class-7,3,0.3814195990562439,0,0.9913936257362366,0.9955675601959229,0.4611091942815139,0.9674071073532104
930_class-7,4,0.34729087352752686,0,0.9947823882102966,0.9893051385879517,0.555019159400175,0.9622669816017151
930_class-7,5,0.3585200607776642,0,0.9947797060012817,1.0071033239364624,0.8165617330060826,0.9951167106628418
931_class-5,0,0.9427474737167358,1,0.975357174873352,1.0096852779388428,1.0,0.9940076470375061
931_class-5,1,0.9227133989334106,0,0.9754658341407776,1.0052335262298584,0.9988068662920483,0.993708074092865
931_class-5,2,0.3012399673461914,0,0.9937631487846375,0.9704204797744751,0.032950627034732526,0.9881993532180786
931_class-5,3,0.871169924736023,0,0.97786945104599,0.9615241289138794,0.03550536067450817,0.9175362586975098
931_class-5,4,0.9208306670188904,0,0.9758347272872925,0.9970823526382446,0.9278613453902559,0.9908443689346313
931_class-5,5,0.9227733612060547,0,0.9755529761314392,1.0058377981185913,0.9967539347704637,0.993509829044342
932_class-6,0,0.3279416561126709,0,0.9942207336425781,0.8443472385406494,1.0,0.6234878897666931
932_class-6,1,0.3150468170642853,1,0.997634768486023,0.9190155863761902,0.056861742908254534,0.960045576095581
932_class-6,2,0.7226123809814453,0,0.9883754253387451,0.959823489189148,0.058252847676382696,0.9091792702674866
932_class-6,3,0.6480032205581665,0,0.9868510961532593,0.9462847709655762,0.5300547769622366,0.8772555589675903
932_class-6,4,0.3792330324649811,0,0.9950072169303894,0.9039656519889832,0.2555049155709222,0.9474471807479858
932_class-6,5,0.31170642375946045,0,0.9956110715866089,0.8608804941177368,0.2376819517528873,0.7586874961853027
933_class-7,0,0.9730024933815002,1,0.9909510612487793,0.9779115915298462,1.0,0.9672300219535828
933_class-7,1,0.7838982343673706,0,0.990862250328064,0.9761128425598145,0.9962539772103886,0.9688424468040466
933_class-7,2,0.7807294130325317,0,0.9915263652801514,0.9843850135803223,0.9831957871571171,0.9655627608299255
933_class-7,3,0.7838364839553833,0,0.991147518157959,0.9769712686538696,0.9830886744412661,0.9684325456619263
933_class-7,4,0.7656515836715698,0,0.9896602034568787,0.9758193492889404,0.9163786150478166,0.9568578004837036
933_class-7,5,0.6861658692359924,0,0.9925715923309326,0.9979442954063416,0.7383771171793986,0.9625073671340942
934_class-5,0,0.8978255987167358,1,0.996677577495575,0.9829586744308472,1.0,0.9877690672874451
934_class-5,1,0.7813441157341003,0,0.9952172040939331,0.9396613836288452,0.8001115310737964,0.8631886839866638
934_class-5,2,0.8565376996994019,0,0.9963618516921997,0.991138219833374,0.8133239099038195,0.9862886667251587
934_class-5,3,0.9529210329055786,0,0.9949737191200256,1.0041042566299438,0.7904072745901639,0.9935416579246521
934_class-5,4,0.8083067536354065,0,0.9897044897079468,0.9229216575622559,0.7103191765418216,0.717796802520752
934_class-5,5,0.8565534353256226,0,0.9963732957839966,0.9905823469161987,0.8481012658227848,0.98464035987854
935_class-9,0,0.6324716806411743,1,0.9928619861602783,1.0026841163635254,1.0,0.989797830581665
935_class-9,1,0.5850958824157715,0,0.9928948879241943,1.0017821788787842,0.9918125430737422,0.9825543165206909
935_class-9,2,0.5856775045394897,0,0.9927421808242798,1.002225399017334,0.9918125430737422,0.9901261329650879
935_class-9,3,0.5856256484985352,0,0.9928335547447205,1.0029785633087158,0.9992145731135975,0.9898564219474792
935_class-9,4,0.5856990814208984,0,0.9927923083305359,1.0023657083511353,0.9993386152256286,0.990070641040802
935_class-9,5,0.5856649875640869,0,0.9927958846092224,1.0026551485061646,0.9994902247144569,0.9899954199790955
936_class-5,0,0.8118565678596497,1,0.9315062165260315,0.9666945934295654,1.0,0.9056631922721863
936_class-5,1,0.9548908472061157,0,0.8819366693496704,1.0051934719085693,0.7309707010200757,0.9937878251075745
936_class-5,2,0.9549498558044434,0,0.8812253475189209,1.0039021968841553,0.9946795034203192,0.990261971950531
936_class-5,3,0.9549577236175537,0,0.8817432522773743,1.0050667524337769,0.9944277464455776,0.9936253428459167
936_class-5,4,0.7752376794815063,0,0.9290502667427063,0.9431744813919067,0.7265378923001025,0.8387791514396667
936_class-5,5,0.7967861890792847,0,0.926058292388916,0.9067294597625732,0.9568439684702467,0.7798745632171631
937_class-6,0,0.37157514691352844,0,0.9892586469650269,1.004959225654602,1.0,0.9936262369155884
937_class-6,1,0.42214635014533997,0,0.9863193035125732,0.9897353649139404,0.33652123956608426,0.9854952096939087
937_class-6,2,0.35159170627593994,1,0.9893839359283447,1.0049299001693726,0.3364473350789763,0.9937157034873962
937_class-6,3,0.353971928358078,0,0.9885962009429932,0.9947695732116699,0.9640510178224512,0.9852880835533142
937_class-6,4,0.3515080213546753,0,0.98912113904953,1.0001462697982788,0.9656170155163369,0.9930904507637024
937_class-6,5,0.35158368945121765,0,0.9890643358230591,0.9953933954238892,0.9970257207557374,0.9913367033004761
938_class-5,0,0.4019060730934143,1,0.9350919723510742,0.9907786846160889,1.0,0.9778003692626953
938_class-5,1,0.3849674165248871,0,0.9385465383529663,0.9881331920623779,0.9922314793965323,0.9758298993110657
938_class-5,2,0.3849692940711975,0,0.9464524984359741,0.9899049997329712,0.9975934505870181,0.9764361381530762
938_class-5,3,0.3828636407852173,0,0.9315200448036194,0.9774425029754639,0.9751855593131011,0.9745950102806091
938_class-5,4,0.375339150428772,0,0.946144700050354,0.9783233404159546,0.9185492980474423,0.9742621779441833
938_class-5,5,0.3829437494277954,0,0.9381767511367798,0.9762479066848755,0.9176819428755849,0.9738773703575134
939_class-5,0,0.9669498801231384,1,0.9883913397789001,1.012440800666809,1.0,0.9944218397140503
939_class-5,1,0.9397132396697998,0,0.9884152412414551,1.0119270086288452,0.9983952047442424,0.9935342073440552
939_class-5,2,0.9401655197143555,0,0.9882144927978516,1.0125919580459595,0.9986182413400934,0.9944583177566528
939_class-5,3,0.9401955604553223,0,0.9882420897483826,1.012168049812317,0.9994366616355945,0.994327187538147
939_class-5,4,0.9403714537620544,0,0.9883562922477722,1.0129550695419312,0.9992667998469843,0.9943511486053467
939_class-5,5,0.9368364810943604,0,0.9882360696792603,1.0120911598205566,0.9924546749133881,0.9916623830795288
940_class-5,0,0.7181797027587891,0,0.9860693216323853,0.9705244302749634,1.0,0.9529781341552734
940_class-5,1,0.7746545076370239,1,0.9876675605773926,0.990966796875,0.7986714941414602,0.9760837554931641
940_class-5,2,0.7741032242774963,0,0.9871230125427246,0.9837626218795776,0.9782260312151616,0.9698428511619568
940_class-5,3,0.47275856137275696,0,0.9841704368591309,0.9574218988418579,0.4016949736452269,0.960073709487915
940_class-5,4,0.7696930170059204,0,0.9875893592834473,0.9683276414871216,0.4132941988950276,0.9577488899230957
940_class-5,5,0.4274216890335083,0,0.9801916480064392,0.9318180084228516,0.297352464429369,0.9293176531791687
941_class-9,0,0.13830123841762543,1,0.9956241846084595,0.984723687171936,1.0,0.9836864471435547
941_class-9,1,0.11887869238853455,0,0.9947497248649597,0.9978962540626526,0.920943676275291,0.9780784249305725
941_class-9,2,0.11859701573848724,0,0.9955765008926392,0.9973192811012268,0.9739174689342212,0.9737215042114258
941_class-9,3,0.11862290650606155,0,0.9960874319076538,0.9966533780097961,0.9906861895685323,0.9685219526290894
941_class-9,4,0.11903718113899231,0,0.9947390556335449,0.9853419661521912,0.957713619130942,0.985642671585083
941_class-9,5,0.11944922804832458,0,0.9955238103866577,0.9909082651138306,0.9611456038453835,0.9862829446792603
942_class-6,0,0.15846270322799683,1,0.9578641653060913,0.9809125661849976,1.0,0.9782607555389404
942_class-6,1,0.12167179584503174,0,0.9670500755310059,0.9568221569061279,0.692408242772196,0.8323259353637695
942_class-6,2,0.14912569522857666,0,0.9724013805389404,0.8754651546478271,0.6899850830718585,0.6865123510360718
942_class-6,3,0.18298232555389404,0,0.9425494074821472,0.9512983560562134,0.7587458338476731,0.8528878688812256
942_class-6,4,0.18119187653064728,0,0.9478672742843628,0.9533556699752808,0.9842573908587169,0.8505832552909851
942_class-6,5,0.14620094001293182,0,0.9564297199249268,0.9902396202087402,0.7670430114131971,0.9680635929107666
943_class-7,0,0.9970195293426514,0,0.9949204921722412,1.0143342018127441,1.0,0.9956691265106201
943_class-7,1,0.9664490222930908,0,0.994884729385376,1.0144844055175781,0.9996692773710557,0.9957379698753357
943_class-7,2,0.9664665460586548,0,0.9948874711990356,1.0143479108810425,0.999699311423159,0.9957245588302612
943_class-7,3,0.9663618206977844,0,0.9949033856391907,1.0144587755203247,0.9994889062593951,0.9956586956977844
943_class-7,4,0.9663944244384766,0,0.994901716709137,1.014601230621338,0.9996843149634708,0.9956997036933899
943_class-7,5,0.9663951396942139,1,0.9949394464492798,1.0144926309585571,0.9997895211606405,0.9956841468811035
944_class-8,0,0.4901798665523529,0,0.9912017583847046,0.9176256656646729,1.0,0.88749098777771
944_class-8,1,0.5519412755966187,0,0.9947357177734375,0.9117321372032166,0.5646442149782906,0.9188262224197388
944_class-8,2,0.7018935680389404,0,0.9975342750549316,0.875226616859436,0.35266342039250403,0.9168491363525391
944_class-8,3,0.712026059627533,0,0.997463583946228,0.8532170057296753,0.9548635409377186,0.9280753135681152
944_class-8,4,0.5491503477096558,0,0.9946305751800537,0.9032375812530518,0.3983706262201532,0.9018240571022034
944_class-8,5,0.5551418662071228,1,0.9949320554733276,0.950162410736084,0.9374362076135032,0.9093252420425415
945_class-8,0,0.3673900365829468,1,0.9792616963386536,0.9608062505722046,1.0,0.8986719846725464
945_class-8,1,0.32596591114997864,0,0.9763595461845398,0.9678584337234497,0.9074813659953441,0.9127897024154663
945_class-8,2,0.3735249638557434,0,0.9893766045570374,0.8805117607116699,0.589135250398526,0.7104568481445312
945_class-8,3,0.32575395703315735,0,0.9764678478240967,0.9549899101257324,0.5912714890789802,0.9200274348258972
945_class-8,4,0.35250478982925415,0,0.9884942770004272,0.9032105207443237,0.6572250864442926,0.8982883095741272
945_class-8,5,0.38325121998786926,0,0.9756239652633667,0.9745001792907715,0.059446509336796384,0.9595579504966736
946_class-8,0,0.528734028339386,1,0.9847925901412964,0.9659900665283203,1.0,0.8720752000808716
946_class-8,1,0.525418221950531,0,0.955172598361969,0.9819837808609009,0.5513171942176184,0.9535477757453918
946_class-8,2,0.5243126749992371,0,0.9553022980690002,0.9871659278869629,0.9900851691734189,0.9585464000701904
946_class-8,3,0.5250334143638611,0,0.954571545124054,0.9821698665618896,0.9849579441663656,0.9451204538345337
946_class-8,4,0.5241510272026062,0,0.9548928141593933,0.9872249364852905,0.9854462880293139,0.9568055272102356
946_class-8,5,0.5508928298950195,0,0.9504294395446777,0.9799120426177979,0.7900429539926512,0.9501349925994873
947_class-8,0,0.7047646045684814,0,0.9987392425537109,0.9895405769348145,1.0,0.9796775579452515
947_class-8,1,0.6728947162628174,1,0.9987736940383911,0.9927399158477783,0.9880004705697816,0.9813784956932068
947_class-8,2,0.6719785928726196,0,0.9986787438392639,0.9891477823257446,0.985255480177248,0.979642927646637
947_class-8,3,0.672825038433075,0,0.9986686706542969,0.9894037246704102,0.9935394371779628,0.9802783727645874
947_class-8,4,0.6729889512062073,0,0.9987021088600159,0.9892717599868774,0.9967101351619169,0.9797654747962952
947_class-8,5,0.6279425621032715,0,0.997849702835083,0.9621814489364624,0.775408560311284,0.9357073903083801
948_class-8,0,0.3864274024963379,1,0.9753916263580322,1.0091825723648071,1.0,0.9913849234580994
948_class-8,1,0.3660517930984497,0,0.9824799299240112,0.9450619220733643,0.8679919852276745,0.8103206753730774
948_class-8,2,0.39694944024086,0,0.990165650844574,0.9135521650314331,0.6064132694567477,0.6599507331848145
948_class-8,3,0.3542841374874115,0,0.9804825186729431,0.9678606986999512,0.5207384877661326,0.965377926826477
948_class-8,4,0.3556707799434662,0,0.9755738973617554,1.0069622993469238,0.982435845527985,0.9943568110466003
948_class-8,5,0.4151272773742676,0,0.9897780418395996,0.9683613777160645,0.34962127127908793,0.8900285959243774
949_class-7,0,0.9803141355514526,1,0.9861866235733032,1.008289098739624,1.0,0.9837863445281982
949_class-7,1,0.9469999074935913,0,0.9860444664955139,1.0087003707885742,0.9990271073152618,0.9840002655982971
949_class-7,2,0.9472252130508423,0,0.9861442446708679,1.0089130401611328,0.9995692440232609,0.9842700958251953
949_class-7,3,0.9474177360534668,0,0.9860240817070007,1.0087966918945312,0.9994874271069346,0.9838560223579407
949_class-7,4,0.947577953338623,0,0.9860309362411499,1.0092430114746094,0.999375845209612,0.9842341542243958
949_class-7,5,0.9473090171813965,0,0.9861631393432617,1.0092931985855103,0.99959870098021,0.9842017292976379
950_class-7,0,0.4241097867488861,0,0.9975316524505615,0.9682241678237915,1.0,0.9674819707870483
950_class-7,1,0.4867004156112671,0,0.9956322908401489,0.9664485454559326,0.41603290763858997,0.9443034529685974
950_class-7,2,0.8207857608795166,0,0.9733164310455322,0.989223837852478,0.199295724185937,0.9617886543273926
950_class-7,3,0.4183005392551422,0,0.996985912322998,0.9334349632263184,0.20176363952928644,0.9020087718963623
950_class-7,4,0.40304073691368103,0,0.9961321353912354,0.9285833835601807,0.45224816149252256,0.9517300724983215
950_class-7,5,0.3858628273010254,1,0.9978320598602295,0.9875686168670654,0.7493165089379601,0.9869637489318848
951_class-6,0,0.4203888773918152,1,0.9788030385971069,0.9876056909561157,1.0,0.9849029183387756
951_class-6,1,0.1302569955587387,0,0.8119595050811768,0.9888918399810791,0.1583937990758238,0.8476787805557251
951_class-6,2,0.40015214681625366,0,0.9789819717407227,0.9871156215667725,0.15837785075803837,0.984227180480957
951_class-6,3,0.2661077678203583,0,0.9260375499725342,0.900102972984314,0.26280281385801063,0.4475165009498596
951_class-6,4,0.3932018578052521,0,0.9824725389480591,0.9248580932617188,0.2958359676993381,0.9331197738647461
951_class-6,5,0.4001467823982239,0,0.9790589809417725,0.988552451133728,0.8872650794078788,0.9846056699752808
952_class-9,0,0.2443157136440277,0,0.9482054710388184,0.9806166887283325,1.0,0.929154634475708
952_class-9,1,0.24176949262619019,0,0.9566296935081482,0.9798387289047241,0.9823060950092686,0.9303572177886963
952_class-9,2,0.31991931796073914,0,0.9583966135978699,0.9494665861129761,0.7109499189752295,0.8724901676177979
952_class-9,3,0.2924995422363281,0,0.9531124830245972,0.9862469434738159,0.9220437024609652,0.9573479890823364
952_class-9,4,0.2510831356048584,0,0.9523591995239258,0.9781202077865601,0.6949280017549082,0.9324618577957153
952_class-9,5,0.44538286328315735,1,0.992121160030365,0.9032469987869263,0.045477889181224175,0.9522629380226135
953_class-6,0,0.7311067581176758,0,0.9927090406417847,0.9550051689147949,1.0,0.9124463200569153
953_class-6,1,0.8481259346008301,0,0.993173360824585,1.0183266401290894,0.7001574352368685,0.9964038729667664
953_class-6,2,0.848129391670227,0,0.9932445883750916,1.0175127983093262,0.9996422609110422,0.9964686036109924
953_class-6,3,0.848211407661438,0,0.9932605028152466,1.014491081237793,0.9990221565026592,0.9961910843849182
953_class-6,4,0.8481528759002686,0,0.9932854771614075,1.018456220626831,0.9992843511450382,0.9964746832847595
953_class-6,5,0.848121702671051,1,0.9932578802108765,1.0185906887054443,0.999809173961787,0.9964526891708374
954_class-6,0,0.40169692039489746,1,0.9456729292869568,0.9951215982437134,1.0,0.9845727682113647
954_class-6,1,0.3778281509876251,0,0.9453362226486206,1.0008373260498047,0.9975441391212001,0.9859842658042908
954_class-6,2,0.3777804374694824,0,0.9451342821121216,1.000508189201355,0.9982965355515243,0.9858514070510864
954_class-6,3,0.3777924180030823,0,0.9463016390800476,0.9938932657241821,0.9959746090726118,0.9847114086151123
954_class-6,4,0.35489600896835327,0,0.9542795419692993,0.985995888710022,0.7508739775311407,0.9585238695144653
954_class-6,5,0.37783604860305786,0,0.945183277130127,0.994921088218689,0.750093388121031,0.9842297434806824
955_class-7,0,0.9673810005187988,0,0.9718258380889893,1.0026196241378784,1.0,0.9660195112228394
955_class-7,1,0.8646947145462036,0,0.9723860025405884,1.0043123960494995,0.9965853179581728,0.9623773694038391
955_class-7,2,0.8643803000450134,0,0.9730584621429443,1.0030834674835205,0.9980653200419727,0.9631199836730957
955_class-7,3,0.8636443614959717,0,0.9731098413467407,1.0027986764907837,0.9973426649898847,0.9627748131752014
955_class-7,4,0.8648180961608887,0,0.9730995297431946,1.0026428699493408,0.9971475409836066,0.9662127494812012
955_class-7,5,0.8730003833770752,1,0.9748739004135132,1.0014243125915527,0.9857498571751948,0.9837557673454285
956_class-6,0,0.9902102947235107,1,0.8740706443786621,0.9980946779251099,1.0,0.979960560798645
956_class-6,1,0.7396665811538696,0,0.8663322925567627,0.9992834329605103,0.6573954263019666,0.9793819785118103
956_class-6,2,0.9435168504714966,0,0.8737394213676453,0.9701341390609741,0.6544793753531618,0.9299706816673279
956_class-6,3,0.944844126701355,0,0.8738027215003967,0.9974902868270874,0.9861140535023015,0.9802823066711426
956_class-6,4,0.9446554183959961,0,0.8732442259788513,0.9960812330245972,0.9941889551664421,0.9786496162414551
956_class-6,5,0.9445647597312927,0,0.8728913068771362,0.9949934482574463,0.9967817775379635,0.9793348908424377
957_class-9,0,0.5484421849250793,1,0.988355278968811,1.004162311553955,1.0,0.9838171601295471
957_class-9,1,0.5270819067955017,0,0.9880441427230835,0.9972327947616577,0.9797080403546317,0.9765440821647644
957_class-9,2,0.9417277574539185,0,0.988176167011261,1.0062872171401978,0.32124157106292306,0.9948436617851257
957_class-9,3,0.5265856981277466,0,0.9880430698394775,0.9995917081832886,0.320081246118816,0.9794759154319763
957_class-9,4,0.5259379148483276,0,0.9881137609481812,0.9988676309585571,0.9950524389929651,0.9809627532958984
957_class-9,5,0.5228346586227417,0,0.9874688386917114,1.0041941404342651,0.9839629776814901,0.9360800385475159
958_class-8,0,0.28107523918151855,1,0.8281041383743286,0.999413251876831,1.0,0.9910719394683838
958_class-8,1,0.25814616680145264,0,0.8320139050483704,1.0029350519180298,0.9877720870678617,0.9920125007629395
958_class-8,2,0.25812074542045593,0,0.8278943300247192,1.0005611181259155,0.9883162612035852,0.9913352131843567
958_class-8,3,0.2581852972507477,0,0.8330930471420288,1.0029503107070923,0.9877155379250776,0.9920182228088379
958_class-8,4,0.1485373079776764,0,0.9466298222541809,0.9790900945663452,0.45470664472167227,0.9242380857467651
958_class-8,5,0.14393824338912964,0,0.9463080167770386,0.9815555810928345,0.9727116667746324,0.9329807162284851
959_class-7,0,0.382305383682251,0,0.9547014236450195,0.9658949375152588,1.0,0.9146000742912292
959_class-7,1,0.9465700387954712,0,0.9923853874206543,0.9669602513313293,0.1851294449158648,0.9793447852134705
959_class-7,2,0.9450756311416626,1,0.9917013645172119,1.006487488746643,0.9922486720440684,0.9937927722930908
959_class-7,3,0.3209419250488281,0,0.9655816555023193,0.9883439540863037,0.0986820520617443,0.9155626893043518
959_class-7,4,0.38237467408180237,0,0.9718940258026123,0.9187661409378052,0.324972074527501,0.47514647245407104
959_class-7,5,0.9469881057739258,0,0.9916918277740479,1.0079777240753174,0.012515665193588814,0.983851432800293
960_class-5,0,0.9867939949035645,0,0.923994779586792,1.0136253833770752,1.0,0.9916877150535583
960_class-5,1,0.9588433504104614,0,0.923858106136322,1.0138176679611206,0.9996431522800692,0.9918642044067383
960_class-5,2,0.9588237404823303,0,0.9243439435958862,1.0135995149612427,0.9995868337694532,0.9917076826095581
960_class-5,3,0.9587730169296265,0,0.9238448143005371,1.013192057609558,0.9997746337798923,0.9912777543067932
960_class-5,4,0.958907425403595,1,0.9247590899467468,1.013365387916565,0.9996682378421688,0.9918540716171265
960_class-5,5,0.9587878584861755,0,0.9241761565208435,1.0141414403915405,0.9996869737245745,0.9917531609535217
961_class-5,0,0.9875250458717346,0,0.9847633838653564,1.0014770030975342,1.0,0.9839562177658081
961_class-5,1,0.9574896097183228,0,0.9844892621040344,1.0013270378112793,0.9971213668864333,0.984291672706604
961_class-5,2,0.9632760286331177,0,0.9843137860298157,1.0018086433410645,0.9802651091693094,0.9858682751655579
961_class-5,3,0.9563097357749939,1,0.984796404838562,1.003182053565979,0.97817012249367,0.9842883348464966
961_class-5,4,0.9631921052932739,0,0.9847529530525208,1.00149667263031,0.9820257691778623,0.9836812615394592
961_class-5,5,0.957400918006897,0,0.9847437143325806,1.0016393661499023,0.9856172867825848,0.9848651885986328
962_class-6,0,0.3717476725578308,1,0.8576971292495728,0.976764440536499,1.0,0.9595960378646851
962_class-6,1,0.24490651488304138,0,0.9170507192611694,0.9937398433685303,0.48018649928710727,0.9499763250350952
962_class-6,2,0.24543853104114532,0,0.9168686866760254,0.9859322309494019,0.9949984037458763,0.9277024865150452
962_class-6,3,0.24520845711231232,0,0.9176952242851257,0.9926989078521729,0.9940488859056008,0.9413009285926819
962_class-6,4,0.24149943888187408,0,0.9201936721801758,0.9848607778549194,0.9730895152918629,0.9421188831329346
962_class-6,5,0.3605726659297943,0,0.8568265438079834,0.9788143634796143,0.47040553164647925,0.9614737033843994
963_class-8,0,0.4676167368888855,1,0.9871132373809814,0.9775241613388062,1.0,0.9658781886100769
963_class-8,1,0.3988843262195587,0,0.9659565091133118,0.992855429649353,0.16739460691226737,0.9734625220298767
963_class-8,2,0.4352816641330719,0,0.9843927621841431,0.930293083190918,0.1700578637829634,0.9672902226448059
963_class-8,3,0.33765625953674316,0,0.8226098418235779,0.8940677642822266,0.15740518089408678,0.7660796642303467
963_class-8,4,0.3521392047405243,0,0.8857756853103638,0.8620133399963379,0.10773553639616705,0.4045059084892273
963_class-8,5,0.5643470287322998,0,0.9787108302116394,0.9773056507110596,0.1919525726531675,0.9461742639541626
964_class-8,0,0.8083913922309875,0,0.9955995082855225,0.9429596662521362,1.0,0.9263996481895447
964_class-8,1,0.7809363007545471,0,0.995328962802887,0.9523345232009888,0.843598226226508,0.9547621607780457
964_class-8,2,0.7525262832641602,0,0.9955535531044006,0.9695243835449219,0.8902012731353718,0.9650830030441284
964_class-8,3,0.6562947034835815,1,0.9958691596984863,1.0042691230773926,0.6951856385148919,0.9914832711219788
964_class-8,4,0.6682044267654419,0,0.9966457486152649,0.9651877880096436,0.8591208901867983,0.9633176922798157
964_class-8,5,0.8300572037696838,0,0.991531491279602,0.923863410949707,0.4797222222222222,0.8683040738105774
965_class-7,0,0.5148109197616577,1,0.9807868003845215,0.9582319259643555,1.0,0.7524928450584412
965_class-7,1,0.39210912585258484,0,0.9751572608947754,0.9506573677062988,0.9466617052944929,0.709206223487854
965_class-7,2,0.7708793878555298,0,0.9734222888946533,0.9969139099121094,0.39511549382242345,0.9728851914405823
965_class-7,3,0.3176776170730591,0,0.9641916751861572,0.9531822204589844,0.2286750171997685,0.598924458026886
965_class-7,4,0.4592058062553406,0,0.9637005925178528,0.9559272527694702,0.30278731180836094,0.5983474850654602
965_class-7,5,0.764961302280426,0,0.9718886017799377,0.9917751550674438,0.4832793456223346,0.96427983045578
966_class-6,0,0.986190140247345,1,0.9863827228546143,1.0073223114013672,1.0,0.9909630417823792
966_class-6,1,0.9673731327056885,0,0.9863526225090027,1.0077838897705078,0.9989751848327355,0.9916229248046875
966_class-6,2,0.9671568274497986,0,0.986381471157074,1.0079549551010132,0.9993898942076556,0.9911878705024719
966_class-6,3,0.9663388729095459,0,0.9864192605018616,1.0054631233215332,0.9978880289083674,0.989970326423645
966_class-6,4,0.46659258008003235,0,0.9943480491638184,0.9476182460784912,0.22217737003058105,0.9471991658210754
966_class-6,5,0.9662898182868958,0,0.9864850044250488,1.0038070678710938,0.22226437259844833,0.9886252284049988
967_class-8,0,0.9389011263847351,1,0.9839929342269897,0.9721776247024536,1.0,0.9606472849845886
967_class-8,1,0.9428941607475281,0,0.9822505712509155,0.9861436486244202,0.9517714385566379,0.9576318860054016
967_class-8,2,0.9353978633880615,0,0.9832767844200134,0.973473310470581,0.9771854022455784,0.977088987827301
967_class-8,3,0.9431380033493042,0,0.9828087091445923,0.9714835286140442,0.9772751057754122,0.9053758382797241
967_class-8,4,0.9432785511016846,0,0.9826306104660034,0.9963774085044861,0.9976628732910716,0.9666153192520142
967_class-8,5,0.9452681541442871,0,0.9814088344573975,0.9976513385772705,0.9946473647395152,0.9878593683242798
968_class-8,0,0.9986720085144043,1,0.9561271667480469,1.017104983329773,1.0,0.9955772161483765
968_class-8,1,0.9755375385284424,0,0.9563800692558289,1.0151536464691162,0.9949493975903615,0.9948834180831909
968_class-8,2,0.974044680595398,0,0.9557711482048035,1.0162670612335205,0.9941829108559982,0.9957255721092224
968_class-8,3,0.975527286529541,0,0.9566910266876221,1.0168997049331665,0.9937976731643424,0.9944875836372375
968_class-8,4,0.9740558862686157,0,0.9558243155479431,1.0169907808303833,0.9939316881465642,0.9958727955818176
968_class-8,5,0.9756344556808472,0,0.9565052390098572,1.016809105873108,0.9939509526286385,0.9944329857826233
969_class-9,0,0.4407370090484619,0,0.958550214767456,0.910407304763794,1.0,0.6819890141487122
969_class-9,1,0.38828492164611816,0,0.9786991477012634,0.871944785118103,0.623093486452539,0.722832441329956
969_class-9,2,0.3682491183280945,0,0.9271029829978943,0.9461135864257812,0.7146809099227545,0.9346683025360107
969_class-9,3,0.38184988498687744,0,0.9726005792617798,0.8611087799072266,0.1262210762749033,0.572014570236206
969_class-9,4,0.4297025203704834,1,0.992438554763794,0.9356201887130737,0.15339885526645838,0.9483616352081299
969_class-9,5,0.3777192234992981,0,0.989854097366333,0.8310827016830444,0.1260597606956825,0.3831653594970703
970_class-9,0,0.7622321248054504,0,0.9934998750686646,0.8724526166915894,1.0,0.6991448402404785
970_class-9,1,0.8132978081703186,0,0.9937790632247925,0.8680086135864258,0.7031098153547133,0.8388213515281677
970_class-9,2,0.5664908289909363,1,0.9977383613586426,0.9698903560638428,0.44736346712961994,0.956727147102356
970_class-9,3,0.5473754405975342,0,0.9991177916526794,0.9573914408683777,0.7836944382398928,0.8618419766426086
970_class-9,4,0.6937970519065857,0,0.996727705001831,0.9435853958129883,0.47049873203719356,0.8638460040092468
970_class-9,5,0.8188238143920898,0,0.9925496578216553,0.9684637784957886,0.692948848583656,0.9423942565917969
971_class-6,0,0.6511390209197998,0,0.9840764403343201,0.9136629104614258,1.0,0.7942929863929749
971_class-6,1,0.5832117795944214,0,0.9847255349159241,0.916574239730835,0.8113604910042722,0.7243599891662598
971_class-6,2,0.43471187353134155,0,0.9853469729423523,0.9270617961883545,0.22376047117347536,0.9696893692016602
971_class-6,3,0.39974677562713623,0,0.9737792015075684,0.9295575618743896,0.34271380957289627,0.8826003074645996
971_class-6,4,0.4336238205432892,1,0.9874303340911865,0.9413671493530273,0.35599945272951156,0.9688858389854431
971_class-6,5,0.6709977388381958,0,0.9874367713928223,0.9081976413726807,0.23740940345660658,0.7295717597007751
972_class-7,0,0.5317389965057373,0,0.9963042736053467,0.9782785177230835,1.0,0.9494035243988037
972_class-7,1,0.3772215247154236,0,0.9974613189697266,0.9958323240280151,0.5674252980337513,0.9774073958396912
972_class-7,2,0.37716445326805115,0,0.9975510239601135,0.9952447414398193,0.9983111329029446,0.9770305156707764
972_class-7,3,0.3793605864048004,0,0.9978785514831543,0.9955326318740845,0.9532084105022334,0.9732370376586914
972_class-7,4,0.5141662359237671,0,0.9961943626403809,0.9864835739135742,0.538897269340886,0.9640045166015625
972_class-7,5,0.3772238492965698,1,0.9975240230560303,0.9956276416778564,0.5641151933999292,0.9774947762489319
973_class-7,0,0.9848882555961609,1,0.988921046257019,0.9913822412490845,1.0,0.9884568452835083
973_class-7,1,0.9592493176460266,0,0.988676905632019,0.9972171783447266,0.9992964952673318,0.9891088604927063
973_class-7,2,0.9589177370071411,0,0.9887473583221436,0.9931761026382446,0.9989895501579628,0.9886327981948853
973_class-7,3,0.9591831564903259,0,0.9888991713523865,0.9892605543136597,0.998925350220687,0.9880204200744629
973_class-7,4,0.9593134522438049,0,0.9881457686424255,0.9871817827224731,0.9991554810559046,0.987159788608551
973_class-7,5,0.9591872692108154,0,0.988224983215332,0.9885989427566528,0.9994495788638283,0.98776775598526
974_class-6,0,0.934708833694458,1,0.9863840937614441,1.005246877670288,1.0,0.9933801293373108
974_class-6,1,0.8902304172515869,0,0.9864209890365601,1.00192129611969,0.9993845566154859,0.9922286868095398
974_class-6,2,0.8149226307868958,0,0.9905397891998291,0.9682291746139526,0.8542294789587668,0.9050049185752869
974_class-6,3,0.8902207612991333,0,0.9863449335098267,1.0032159090042114,0.854501624790264,0.9918003678321838
974_class-6,4,0.890207052230835,0,0.9863954782485962,1.0026042461395264,0.9995222270589359,0.9918034076690674
974_class-6,5,0.8901733756065369,0,0.9864335060119629,1.0047476291656494,0.9991192979849962,0.9931723475456238
975_class-6,0,0.540184736251831,1,0.9774587750434875,0.9752489328384399,1.0,0.9507499933242798
975_class-6,1,0.46686407923698425,0,0.9621225595474243,0.9361859560012817,0.49715778857614373,0.9299660325050354
975_class-6,2,0.5276433825492859,0,0.9796503782272339,0.9107547998428345,0.5992906209311722,0.842917263507843
975_class-6,3,0.48837897181510925,0,0.9431846141815186,0.9550254344940186,0.7104721054265316,0.9285429120063782
975_class-6,4,0.4957031309604645,0,0.9833558797836304,0.8676320314407349,0.604141933781823,0.7659884691238403
975_class-6,5,0.6242144703865051,0,0.9938498735427856,0.8142354488372803,0.11731950844854071,0.8203441500663757
976_class-8,0,0.42303183674812317,0,0.9969804286956787,0.9864228963851929,1.0,0.9794183373451233
976_class-8,1,0.36031374335289,0,0.9948704242706299,0.9441578388214111,0.798030407740152,0.8824257254600525
976_class-8,2,0.3531806766986847,0,0.9972336292266846,0.9842296838760376,0.7922973019776262,0.9788084030151367
976_class-8,3,0.353802353143692,0,0.9974057078361511,0.9787639379501343,0.980059380516771,0.9669911861419678
976_class-8,4,0.39553216099739075,1,0.9984082579612732,0.9936739206314087,0.06989531994623437,0.9945542812347412
976_class-8,5,0.35103145241737366,0,0.997168779373169,0.9838341474533081,0.015063091482649843,0.9838945269584656
977_class-8,0,0.6037981510162354,0,0.9953885674476624,0.9763981103897095,1.0,0.9616189002990723
977_class-8,1,0.5456962585449219,0,0.9944992065429688,0.958357572555542,0.8608027522935779,0.9454779028892517
977_class-8,2,0.6326822638511658,0,0.9940314888954163,0.9464812278747559,0.7818064165988269,0.926467776298523
977_class-8,3,0.561447262763977,0,0.9956117868423462,0.981053352355957,0.8391879407854712,0.9751108884811401
977_class-8,4,0.5721625089645386,1,0.9958347678184509,0.9902219772338867,0.22675315008772395,0.9878312349319458
977_class-8,5,0.6464084386825562,0,0.9979702234268188,0.9476776123046875,0.3550588920797436,0.958400547504425
978_class-8,0,0.47698700428009033,1,0.9859417676925659,0.9632391929626465,1.0,0.9747512936592102
978_class-8,1,0.3691609799861908,0,0.984450101852417,0.9595825672149658,0.09281291310095317,0.876426637172699
978_class-8,2,0.4059695303440094,0,0.9786648750305176,0.9044804573059082,0.6307314566322161,0.8627568483352661
978_class-8,3,0.4152538776397705,0,0.980539083480835,0.9425626993179321,0.729217468410552,0.8689340353012085
978_class-8,4,0.4370669722557068,0,0.9758515357971191,0.8289560079574585,0.6091725725635354,0.642094075679779
978_class-8,5,0.4546893537044525,0,0.9829119443893433,0.9321650266647339,0.22532894736842105,0.9027937650680542
979_class-8,0,0.43237602710723877,1,0.997134804725647,0.8987560272216797,1.0,0.872007429599762
979_class-8,1,0.4386342465877533,0,0.9959757328033447,0.9944837093353271,0.6103592183782519,0.985829770565033
979_class-8,2,0.4217163026332855,0,0.9958109259605408,0.9753708839416504,0.6320381290895872,0.9580256342887878
979_class-8,3,0.43876412510871887,0,0.996082067489624,0.9938398599624634,0.6273583000040399,0.985474705696106
979_class-8,4,0.39852333068847656,0,0.9945198893547058,0.963036060333252,0.38096523296611623,0.8633934855461121
979_class-8,5,0.4228120446205139,0,0.9960805773735046,0.9920065402984619,0.5865143358261674,0.9488376379013062
980_class-9,0,0.2375473529100418,1,0.8817017078399658,0.9842658042907715,1.0,0.9391540288925171
980_class-9,1,0.22968946397304535,0,0.8845218420028687,0.9689927101135254,0.9304393123806216,0.8906474113464355
980_class-9,2,0.010262914933264256,0,0.8300621509552002,0.9611464738845825,0.5493316802913486,0.762818455696106
980_class-9,3,0.010913648642599583,0,0.8188077807426453,0.9285966157913208,0.994171380895385,0.6920319199562073
980_class-9,4,0.2249780148267746,0,0.8780423998832703,0.9898743629455566,0.5461043406819115,0.9515599012374878
980_class-9,5,0.007274279836565256,0,0.8278818130493164,0.95722496509552,0.5419241878377539,0.7749453783035278
981_class-5,0,0.9952741861343384,1,0.9830005764961243,1.005731225013733,1.0,0.9940786957740784
981_class-5,1,0.8195320963859558,0,0.9864358901977539,1.00375497341156,0.7667096557138051,0.983049750328064
981_class-5,2,0.965215802192688,0,0.9829940795898438,1.0053194761276245,0.7669031661011245,0.9939805865287781
981_class-5,3,0.888302206993103,0,0.9842861890792847,0.9927151203155518,0.871373810988595,0.9746755957603455
981_class-5,4,0.9655529260635376,0,0.9830445647239685,1.0061378479003906,0.871474985805312,0.9942014217376709
981_class-5,5,0.9654618501663208,0,0.9829448461532593,1.0067766904830933,0.9993888409548461,0.994161069393158
982_class-7,0,0.9627960920333862,0,0.9939625263214111,1.0041871070861816,1.0,0.9819436073303223
982_class-7,1,0.9489976167678833,1,0.9949855804443359,1.0004444122314453,0.9564861049979511,0.9854708313941956
982_class-7,2,0.9359689950942993,0,0.9939148426055908,1.0021723508834839,0.9465617916810519,0.9870700836181641
982_class-7,3,0.9341434240341187,0,0.9939948320388794,1.004530906677246,0.9877959079514238,0.982600212097168
982_class-7,4,0.9340097904205322,0,0.9939271807670593,1.004400372505188,0.998906273735379,0.9832912087440491
982_class-7,5,0.9344316720962524,0,0.9939980506896973,1.0046143531799316,0.998952084440732,0.98335862159729
983_class-8,0,0.6678838729858398,0,0.9945424199104309,0.981732964515686,1.0,0.9741136431694031
983_class-8,1,0.7757794857025146,0,0.9948253631591797,0.9438939690589905,0.6810865981000236,0.8474079966545105
983_class-8,2,0.7585256695747375,0,0.996694803237915,0.9665687680244446,0.4475385809121476,0.9787808656692505
983_class-8,3,0.9166598320007324,0,0.9967560768127441,0.9565383195877075,0.6328585900721053,0.9794944524765015
983_class-8,4,0.6449750065803528,0,0.9967453479766846,0.9868901968002319,0.4290543259557344,0.9672843813896179
983_class-8,5,0.6886410117149353,1,0.9951480031013489,0.9977115988731384,0.3953649440596697,0.9925215840339661
984_class-9,0,0.9995073080062866,1,0.996259331703186,1.0106806755065918,1.0,0.9951657652854919
984_class-9,1,0.9582476019859314,0,0.9962564706802368,1.0111935138702393,0.9995211492418197,0.9952725172042847
984_class-9,2,0.9583042860031128,0,0.9962586164474487,1.010744571685791,0.9996274515021688,0.9952090978622437
984_class-9,3,0.9583352208137512,0,0.9962526559829712,1.0117955207824707,0.9993347348253013,0.9953398704528809
984_class-9,4,0.9582115411758423,0,0.9962524175643921,1.0112147331237793,0.9993082162622392,0.9952340126037598
984_class-9,5,0.9581085443496704,0,0.9962545037269592,1.010809063911438,0.9992287028910344,0.9952000379562378
985_class-5,0,0.9319139719009399,0,0.9747746586799622,0.966834306716919,1.0,0.961249053478241
985_class-5,1,0.8628158569335938,0,0.9708194732666016,0.9596318006515503,0.904632244184483,0.9484950304031372
985_class-5,2,0.9313960671424866,0,0.9786813259124756,0.959458589553833,0.8442117199746523,0.9774411916732788
985_class-5,3,0.9366685152053833,1,0.9774201512336731,0.9964559078216553,0.9859171143514965,0.9831284880638123
985_class-5,4,0.8711421489715576,0,0.9737775921821594,0.9578611850738525,0.8596330586360091,0.952079713344574
985_class-5,5,0.9367300271987915,0,0.9771976470947266,0.9951932430267334,0.8599721911350765,0.983534038066864
986_class-6,0,0.35414549708366394,1,0.9249664545059204,0.9991790056228638,1.0,0.987025797367096
986_class-6,1,0.4276881814002991,0,0.9662696123123169,0.9934340715408325,0.2730328402501249,0.9853496551513672
986_class-6,2,0.34208858013153076,0,0.9261396527290344,0.9981293678283691,0.2736184030833662,0.9863566160202026
986_class-6,3,0.34188082814216614,0,0.9242998957633972,1.0002738237380981,0.997517295668892,0.9870273470878601
986_class-6,4,0.42773476243019104,0,0.9650651216506958,0.9956839084625244,0.27264606579963363,0.9846837520599365
986_class-6,5,0.3591019809246063,0,0.9164485931396484,0.9849177598953247,0.264729287630051,0.9628849029541016
987_class-8,0,0.4233950972557068,0,0.9643877148628235,0.8330240249633789,1.0,0.6461890935897827
987_class-8,1,0.37760570645332336,0,0.983278751373291,0.852226734161377,0.31356881671447745,0.6438791155815125
987_class-8,2,0.46149566769599915,0,0.9725366830825806,0.8217663764953613,0.5359563253012049,0.609019935131073
987_class-8,3,0.3841972053050995,0,0.9716099500656128,0.9087471961975098,0.5161654425976034,0.8315939903259277
987_class-8,4,0.3517480790615082,1,0.9704347252845764,0.968106746673584,0.34910434457574974,0.8693363666534424
987_class-8,5,0.39660441875457764,0,0.9565944075584412,0.9210494756698608,0.3782559456398641,0.80998295545578
988_class-8,0,0.3300243020057678,1,0.9874294996261597,0.9763952493667603,1.0,0.9179173707962036
988_class-8,1,0.3307804763317108,0,0.9899070858955383,0.9231892824172974,0.46275049871902624,0.7747162580490112
988_class-8,2,0.29659050703048706,0,0.984964907169342,0.9844681024551392,0.530792293823309,0.9515141844749451
988_class-8,3,0.4189883768558502,0,0.9865838885307312,0.9725559949874878,0.0,0.9892957806587219
988_class-8,4,0.31884974241256714,0,0.990858256816864,0.9631400108337402,0.0,0.9284230470657349
988_class-8,5,0.4189895987510681,0,0.9866665601730347,0.9837435483932495,0.0,0.9905762672424316
989_class-6,0,0.9599795341491699,0,0.9880242943763733,0.999081015586853,1.0,0.9756649732589722
989_class-6,1,0.9153834581375122,0,0.9879533052444458,0.9990255832672119,0.998236949046577,0.9761203527450562
989_class-6,2,0.9154589772224426,0,0.9880216717720032,0.9986587762832642,0.9990996961474498,0.9758882522583008
989_class-6,3,0.9169490337371826,0,0.9879462122917175,0.9989327192306519,0.997043671336086,0.9773153066635132
989_class-6,4,0.9152339696884155,1,0.9880598783493042,0.9992115497589111,0.99661955667544,0.9763076305389404
989_class-6,5,0.9159944653511047,0,0.988025426864624,0.9985998868942261,0.9982507215773494,0.9763691425323486
990_class-7,0,0.9997509717941284,0,0.9695992469787598,1.0148330926895142,1.0,0.995344340801239
990_class-7,1,0.9379744529724121,0,0.9696730375289917,1.0145912170410156,0.9993166406756496,0.9954739212989807
990_class-7,2,0.937938392162323,0,0.9696488976478577,1.014273762702942,0.999474246858625,0.9953567981719971
990_class-7,3,0.9378904104232788,0,0.9695760607719421,1.0140198469161987,0.9996495101904912,0.9953454732894897
990_class-7,4,0.9379924535751343,1,0.9696438312530518,1.0147229433059692,0.9993166047522254,0.9955341815948486
990_class-7,5,0.937908411026001,0,0.9696678519248962,1.014320969581604,0.9994742560723424,0.9953524470329285
991_class-9,0,0.770442545413971,1,0.9271649718284607,1.004836916923523,1.0,0.9905129671096802
991_class-9,1,0.7393523454666138,0,0.9271426200866699,1.0049092769622803,0.9994057550339406,0.9905286431312561
991_class-9,2,0.8602951765060425,0,0.9348751306533813,0.9919009208679199,0.7520043412806778,0.9662306904792786
991_class-9,3,0.7393302917480469,0,0.9268558025360107,1.0045714378356934,0.7520701668388159,0.9905380606651306
991_class-9,4,0.8586169481277466,0,0.934775710105896,0.986910343170166,0.753510249929795,0.966482400894165
991_class-9,5,0.73624187707901,0,0.9254210591316223,1.0031143426895142,0.7578694206691661,0.9863460063934326
992_class-7,0,0.9901089668273926,1,0.9921995401382446,1.0071024894714355,1.0,0.9918424487113953
992_class-7,1,0.9574880599975586,0,0.992169201374054,1.0077965259552002,0.9984911181728813,0.9922166466712952
992_class-7,2,0.9574708938598633,0,0.9922709465026855,1.0068296194076538,0.9993592090809227,0.9922056198120117
992_class-7,3,0.9575196504592896,0,0.9921998977661133,1.0074533224105835,0.9990390115547421,0.992326557636261
992_class-7,4,0.9576317071914673,0,0.9922634363174438,1.006983757019043,0.998719063086143,0.99233478307724
992_class-7,5,0.9574511647224426,0,0.9921961426734924,1.007089376449585,0.9989477777523618,0.992302417755127
993_class-5,0,0.3703575134277344,0,0.9163026809692383,0.9988687038421631,1.0,0.9904065132141113
993_class-5,1,0.35632073879241943,1,0.9196503162384033,1.0085036754608154,0.9859670874661858,0.9942007660865784
993_class-5,2,0.3563401699066162,0,0.9170272946357727,1.0087697505950928,0.9989672525161484,0.9943237900733948
993_class-5,3,0.4792703092098236,0,0.9296685457229614,0.9716167449951172,0.7593352630290462,0.9570116400718689
993_class-5,4,0.4381195902824402,0,0.890805184841156,0.9932085275650024,0.13038945996814827,0.9898472428321838
993_class-5,5,0.3563436269760132,0,0.9182322025299072,1.0074090957641602,0.17096119896330242,0.9942075610160828
994_class-6,0,0.3604576289653778,1,0.946652889251709,0.9790277481079102,1.0,0.9498669505119324
994_class-6,1,0.3473028838634491,0,0.9476042985916138,0.9728813171386719,0.9780350338312639,0.9597432613372803
994_class-6,2,0.34966957569122314,0,0.9487364292144775,0.9698299169540405,0.9724611241421249,0.9505635499954224
994_class-6,3,0.373472660779953,0,0.9362778663635254,1.007890224456787,0.7769591229259379,0.9944514632225037
994_class-6,4,0.3736204206943512,0,0.9337510466575623,1.0094199180603027,0.9980505361025718,0.9943586587905884
994_class-6,5,0.37455451488494873,0,0.9331570863723755,0.9961494207382202,0.9891459475700444,0.9907921552658081
995_class-8,0,0.3924379050731659,1,0.9965108036994934,0.9429208040237427,1.0,0.9094835519790649
995_class-8,1,0.30238255858421326,0,0.9909868836402893,0.9166841506958008,0.2456701001512255,0.8070132732391357
995_class-8,2,0.33792397379875183,0,0.9914335012435913,0.8970762491226196,0.12696547123661892,0.5271759033203125
995_class-8,3,0.30859681963920593,0,0.9955224394798279,0.9066609144210815,0.3239505768758694,0.62843257188797
995_class-8,4,0.34094417095184326,0,0.995760440826416,0.7852892279624939,0.22531948881789138,0.921972930431366
995_class-8,5,0.315722793340683,0,0.9925504326820374,0.8169708251953125,0.2943205557984745,0.6655813455581665
996_class-8,0,0.4020077884197235,1,0.9779469966888428,0.9734362363815308,1.0,0.9037578105926514
996_class-8,1,0.2536728084087372,0,0.9570883512496948,0.9868661165237427,0.24260201432873013,0.9344528317451477
996_class-8,2,0.41473740339279175,0,0.9762853384017944,0.9959396123886108,0.2818945318945319,0.9896510243415833
996_class-8,3,0.41460323333740234,0,0.9760027527809143,0.99042809009552,0.9971063977545647,0.9886680245399475
996_class-8,4,0.41461628675460815,0,0.9767202138900757,0.989344596862793,0.996791629332023,0.9890006184577942
996_class-8,5,0.3192986845970154,0,0.973387598991394,0.933086633682251,0.3561333258135469,0.7154303789138794
997_class-5,0,0.5334263443946838,0,0.9840547442436218,0.993979811668396,1.0,0.9743783473968506
997_class-5,1,0.5229490995407104,1,0.9846283197402954,0.9934873580932617,0.9851656474699281,0.984491229057312
997_class-5,2,0.49433350563049316,0,0.9874720573425293,0.9695901870727539,0.8587146408654169,0.8970279097557068
997_class-5,3,0.5242229104042053,0,0.9838127493858337,0.9946329593658447,0.879489611173377,0.9793775677680969
997_class-5,4,0.5237391591072083,0,0.9841252565383911,0.9917281866073608,0.9913699550410832,0.9726349115371704
997_class-5,5,0.5198091268539429,0,0.9856053590774536,0.98311448097229,0.9543820708618377,0.9680405259132385
998_class-7,0,0.9792377352714539,1,0.9737008810043335,1.0138682126998901,1.0,0.9917269349098206
998_class-7,1,0.9485997557640076,0,0.9740269184112549,1.0141218900680542,0.9997809724821791,0.9916667938232422
998_class-7,2,0.9486220479011536,0,0.9737330079078674,1.0136786699295044,0.9998406935142347,0.991379976272583
998_class-7,3,0.9486004710197449,0,0.9736228585243225,1.0136644840240479,0.9998075084961767,0.9914597868919373
998_class-7,4,0.9486522674560547,0,0.973892092704773,1.013203740119934,0.9997411458609887,0.9912236928939819
998_class-7,5,0.9486587047576904,0,0.9739741086959839,1.0138567686080933,0.9997477898425677,0.9916800856590271
999_class-9,0,0.9773484468460083,0,0.9928853511810303,1.0054901838302612,1.0,0.986710786819458
999_class-9,1,0.9399746060371399,0,0.9928062558174133,1.0032292604446411,0.9971982584858502,0.9865164756774902
999_class-9,2,0.5205675363540649,1,0.9980400800704956,0.9985407590866089,0.24181755926604764,0.9899219274520874
999_class-9,3,0.9403930902481079,0,0.9929122924804688,1.00265371799469,0.24232411959061972,0.9862263202667236
999_class-9,4,0.9405434131622314,0,0.9928882718086243,1.0035552978515625,0.998750705247038,0.9864041805267334
999_class-9,5,0.9087361097335815,0,0.9911909103393555,0.9860250949859619,0.9384324226378626,0.974095344543457
