obj_name,iteration,miou,selected,support_query,decoder_confidence,temporal_stability,foreground_background_separation
0_class-14,0,0.7104096412658691,0,0.9587019085884094,0.9313540458679199,1.0,0.5670465230941772
0_class-14,1,0.5993188619613647,0,0.9875737428665161,0.9501503705978394,0.7846657233816767,0.9280619621276855
0_class-14,2,0.44023948907852173,0,0.9956883788108826,0.9359170198440552,0.1231562158100787,0.8326737284660339
0_class-14,3,0.36113378405570984,0,0.971843957901001,0.8815042972564697,0.2882218122868802,0.4898810088634491
0_class-14,4,0.37076127529144287,0,0.9856753349304199,0.8766454458236694,0.32880679372285054,0.5279382467269897
0_class-14,5,0.3306525945663452,1,0.9918509125709534,0.9886212348937988,0.3331371927759924,0.9616578221321106
1_class-14,0,0.4433194100856781,0,0.9611089825630188,1.0036567449569702,1.0,0.9785942435264587
1_class-14,1,0.2551199793815613,0,0.9890618324279785,0.9911909103393555,0.11173204142053744,0.9519820809364319
1_class-14,2,0.39711663126945496,0,0.9609521627426147,0.9284007549285889,0.31088597181486516,0.951029896736145
1_class-14,3,0.2542957067489624,1,0.9898959398269653,0.9922478199005127,0.30860178510741054,0.9421868324279785
1_class-14,4,0.3961508870124817,0,0.9605801105499268,0.9730398654937744,0.30979874924856216,0.9744863510131836
1_class-14,5,0.39736688137054443,0,0.9607017040252686,0.9688843488693237,0.9954427218811778,0.9475401639938354
2_class-12,0,0.9600244760513306,0,0.9932683706283569,0.9931604266166687,1.0,0.9626613855361938
2_class-12,1,0.9042432308197021,1,0.9937254786491394,0.9934548139572144,0.9922023126018106,0.9630914926528931
2_class-12,2,0.9029717445373535,0,0.9933270215988159,0.9933462738990784,0.9941193766539254,0.9614343643188477
2_class-12,3,0.903828501701355,0,0.9935101866722107,0.9935516119003296,0.9926594239649787,0.962026059627533
2_class-12,4,0.9037890434265137,0,0.9938167929649353,0.9913238883018494,0.9906039553887513,0.9629387259483337
2_class-12,5,0.903092086315155,0,0.9935638904571533,0.9940647482872009,0.9926091944822434,0.9609585404396057
3_class-14,0,0.9791138172149658,0,0.921068549156189,1.006579041481018,1.0,0.9904617667198181
3_class-14,1,0.9482736587524414,0,0.9211447834968567,1.0042916536331177,0.9994919606200826,0.9904745221138
3_class-14,2,0.94873046875,0,0.9207064509391785,1.0139899253845215,0.9975594372994763,0.9927539229393005
3_class-14,3,0.9485611915588379,0,0.9208052158355713,1.0125453472137451,0.9992043677467146,0.9925394058227539
3_class-14,4,0.9484143257141113,0,0.9209671020507812,1.0114043951034546,0.9979704341625298,0.9914153814315796
3_class-14,5,0.9484049677848816,1,0.921561598777771,1.0126595497131348,0.9992864396080907,0.9918992519378662
4_class-10,0,0.686275839805603,0,0.9568355083465576,0.9553096294403076,1.0,0.8533300161361694
4_class-10,1,0.30628257989883423,0,0.7445412874221802,0.8654358386993408,0.2232556016976224,0.6720403432846069
4_class-10,2,0.5895038843154907,0,0.9541925191879272,0.8282241821289062,0.13651779912228384,0.7044426202774048
4_class-10,3,0.4512254595756531,1,0.9424604177474976,0.9891029596328735,0.42692872543199073,0.9780235886573792
4_class-10,4,0.4346964359283447,0,0.9374955296516418,0.9171757698059082,0.6416174939257202,0.8778855204582214
4_class-10,5,0.6589858531951904,0,0.9575008749961853,0.9147542715072632,0.2488713971524482,0.7983402013778687
5_class-14,0,0.45397040247917175,0,0.933582067489624,0.8382173776626587,1.0,0.5119321346282959
5_class-14,1,0.5281128883361816,0,0.9666883945465088,0.8879129886627197,0.25803821136657557,0.7753551602363586
5_class-14,2,0.40478515625,0,0.940361738204956,0.9365084171295166,0.18350264897045168,0.823337733745575
5_class-14,3,0.5860720276832581,1,0.9292490482330322,1.0080052614212036,0.00029036004645760743,0.9951439499855042
5_class-14,4,0.4969974458217621,0,0.9528100490570068,0.881725549697876,0.09452408084927727,0.8965937495231628
5_class-14,5,0.43706679344177246,0,0.9533945322036743,0.834993839263916,0.09242286531003045,0.5832076668739319
6_class-12,0,0.8791158199310303,0,0.9903717041015625,0.9902417659759521,1.0,0.9602026343345642
6_class-12,1,0.843343198299408,0,0.9887263774871826,0.9920102953910828,0.9870591150637408,0.9575161337852478
6_class-12,2,0.8486219644546509,1,0.9911894798278809,0.9890891313552856,0.9721179478809641,0.9785041213035583
6_class-12,3,0.8484858274459839,0,0.9907151460647583,0.9901329278945923,0.9939708088937389,0.9772085547447205
6_class-12,4,0.8457885980606079,0,0.9908491969108582,0.9897614121437073,0.9876816344367967,0.9632195830345154
6_class-12,5,0.5955912470817566,0,0.9884011149406433,0.9801979064941406,0.4326986391571554,0.975114107131958
7_class-14,0,0.41583704948425293,0,0.9885841012001038,0.9874869585037231,1.0,0.9769192337989807
7_class-14,1,0.4016190767288208,1,0.9895933866500854,0.992369532585144,0.9819768851531561,0.9799951314926147
7_class-14,2,0.48282313346862793,0,0.9857254028320312,0.9592598676681519,0.7688918217037762,0.9400098323822021
7_class-14,3,0.492921382188797,0,0.9840296506881714,0.9848723411560059,0.9550573427731545,0.9607295989990234
7_class-14,4,0.49332165718078613,0,0.9840896129608154,0.976259708404541,0.9631948280447636,0.9534492492675781
7_class-14,5,0.4010274112224579,0,0.9887679815292358,0.9641975164413452,0.7420074958527044,0.9723631739616394
8_class-12,0,0.886225700378418,0,0.9913817048072815,0.9831645488739014,1.0,0.9509883522987366
8_class-12,1,0.8427831530570984,1,0.9925687313079834,0.9843922853469849,0.9744419495443138,0.9557492733001709
8_class-12,2,0.848840594291687,0,0.9914842844009399,0.9827103614807129,0.9772064670023853,0.9518195986747742
8_class-12,3,0.8501209020614624,0,0.9913231730461121,0.9829851388931274,0.9885278503689825,0.9524856805801392
8_class-12,4,0.8454649448394775,0,0.9923611283302307,0.9819625616073608,0.9772947733587624,0.9535821676254272
8_class-12,5,0.8493366241455078,0,0.9914469718933105,0.983615517616272,0.9781388381319243,0.9520024657249451
9_class-14,0,0.9416881799697876,0,0.9796480536460876,0.9765594005584717,1.0,0.954594612121582
9_class-14,1,0.9069201350212097,0,0.9794326424598694,0.9334932565689087,0.9755621603770752,0.937804102897644
9_class-14,2,0.8988595008850098,0,0.9806557297706604,0.9658420085906982,0.9636963696369637,0.9461384415626526
9_class-14,3,0.5920789837837219,1,0.9899348616600037,0.9559380412101746,0.35117609274156547,0.9730167984962463
9_class-14,4,0.9103626608848572,0,0.9789116978645325,0.9478557109832764,0.3329673916268581,0.9451817274093628
9_class-14,5,0.5911888480186462,0,0.9899371266365051,0.9474160075187683,0.3314038056223469,0.959174394607544
10_class-10,0,0.13690932095050812,0,0.7659804821014404,0.945551872253418,1.0,0.6145727634429932
10_class-10,1,0.37951233983039856,1,0.9722157120704651,0.9911271333694458,0.005134954168686938,0.984718918800354
10_class-10,2,0.37960678339004517,0,0.9714415073394775,0.9894241094589233,0.9940190851664352,0.9840744137763977
10_class-10,3,0.37967175245285034,0,0.972002387046814,0.984000563621521,0.9860239011545473,0.9775917530059814
10_class-10,4,0.48381686210632324,0,0.969560980796814,0.9435057640075684,0.7143061286461961,0.7924584746360779
10_class-10,5,0.37919312715530396,0,0.9728959798812866,0.9834928512573242,0.7057443693892308,0.9813507795333862
11_class-10,0,0.28970134258270264,0,0.9480538964271545,0.9204983115196228,1.0,0.937255322933197
11_class-10,1,0.37670454382896423,1,0.9946016073226929,0.9918522834777832,0.10111553265053168,0.9877981543540955
11_class-10,2,0.2281591296195984,0,0.9459587931632996,0.9293980598449707,0.06845609424858395,0.8035995364189148
11_class-10,3,0.3792634904384613,0,0.995363712310791,0.9828668832778931,0.07468146554165014,0.9831310510635376
11_class-10,4,0.30481061339378357,0,0.964942216873169,0.9699069261550903,0.1416571784571097,0.925233781337738
11_class-10,5,0.21925193071365356,0,0.9125775694847107,0.9092406034469604,0.5010980257067195,0.8228601813316345
12_class-14,0,0.2941090762615204,0,0.969495415687561,0.9661285877227783,1.0,0.9635149836540222
12_class-14,1,0.2906671166419983,0,0.9654927253723145,1.0017578601837158,0.9519425106669661,0.9876253008842468
12_class-14,2,0.35988765954971313,1,0.9803339242935181,0.9842911958694458,0.3741125803304061,0.9631590247154236
12_class-14,3,0.33202120661735535,0,0.9670434594154358,0.9144817590713501,0.3341297030893136,0.8665792346000671
12_class-14,4,0.2909291088581085,0,0.9624764919281006,1.0091172456741333,0.887715614219289,0.9891267418861389
12_class-14,5,0.6107082366943359,0,0.9446148872375488,0.9652175903320312,0.4496318464681013,0.8096233010292053
13_class-14,0,0.9900066256523132,0,0.9470664262771606,1.0110706090927124,1.0,0.8215662837028503
13_class-14,1,0.9600352048873901,0,0.94659024477005,1.013193964958191,0.995154494937119,0.9196385145187378
13_class-14,2,0.959113597869873,0,0.9467960596084595,1.0108685493469238,0.9977604380994587,0.9138867855072021
13_class-14,3,0.9635207056999207,1,0.9464119672775269,1.0064831972122192,0.9867146545653704,0.9868987202644348
13_class-14,4,0.9593966007232666,0,0.9468627572059631,1.0131994485855103,0.9875831312103904,0.9141344428062439
13_class-14,5,0.9625545740127563,0,0.9468145370483398,1.003712773323059,0.9889058643788929,0.9867994785308838
14_class-14,0,0.43482810258865356,0,0.9939835071563721,0.9475045204162598,1.0,0.9493744969367981
14_class-14,1,0.3541744351387024,0,0.991703987121582,0.9840658903121948,0.6245019920318725,0.9785786867141724
14_class-14,2,0.35496091842651367,0,0.9942024350166321,0.9453631639480591,0.6440304999744128,0.9498339295387268
14_class-14,3,0.34081000089645386,0,0.9912109375,0.9163186550140381,0.5152496626180837,0.9132004380226135
14_class-14,4,0.35391542315483093,1,0.9916400909423828,0.9845960140228271,0.6426880257921516,0.9812779426574707
14_class-14,5,0.34442874789237976,0,0.9921102523803711,0.9736926555633545,0.7050483709551874,0.9179008603096008
15_class-11,0,0.8733934164047241,0,0.9965128898620605,0.980469822883606,1.0,0.9462247490882874
15_class-11,1,0.6009449362754822,1,0.9965633153915405,1.0051096677780151,0.4841342323611138,0.9918679594993591
15_class-11,2,0.7790695428848267,0,0.9978121519088745,0.9749900102615356,0.38178497882426077,0.9313223361968994
15_class-11,3,0.7761892676353455,0,0.9977102875709534,0.9750157594680786,0.9880374898483285,0.933290421962738
15_class-11,4,0.8180773258209229,0,0.9943225383758545,0.9345564842224121,0.8355936099298931,0.7673328518867493
15_class-11,5,0.7689621448516846,0,0.9972661137580872,0.9818686246871948,0.8241850844601065,0.9392057657241821
16_class-14,0,0.5312817096710205,0,0.9871553182601929,0.9762411117553711,1.0,0.8880370259284973
16_class-14,1,0.3644792139530182,1,0.9887275099754333,0.9606307148933411,0.475124914626694,0.9864094257354736
16_class-14,2,0.4016287922859192,0,0.9922787547111511,0.9035137891769409,0.0026036123073900014,0.7424304485321045
16_class-14,3,0.4958663284778595,0,0.9863950610160828,0.9487903714179993,0.4286227799290884,0.9194963574409485
16_class-14,4,0.3423616588115692,0,0.9933637380599976,0.8960731029510498,0.005381285381285381,0.8892913460731506
16_class-14,5,0.5072243213653564,0,0.9871935248374939,0.9317942261695862,0.03280430307457335,0.9109514951705933
17_class-14,0,0.9248956441879272,0,0.992496132850647,0.9431357383728027,1.0,0.8731858134269714
17_class-14,1,0.42825913429260254,0,0.9953917860984802,0.982548713684082,0.08788128606760098,0.9941035509109497
17_class-14,2,0.7914624214172363,0,0.9949175715446472,0.971970796585083,0.09736977067917063,0.9343611001968384
17_class-14,3,0.6174818873405457,1,0.9984437227249146,0.9845829010009766,0.5186423614856362,0.9653338193893433
17_class-14,4,0.7121368646621704,0,0.9439940452575684,0.8471430540084839,0.3016743708269132,0.6745991110801697
17_class-14,5,0.6624397039413452,0,0.9764561057090759,0.8676676750183105,0.44226763863577195,0.8193343877792358
18_class-14,0,0.4635877013206482,1,0.9869874119758606,0.9723658561706543,1.0,0.9430071115493774
18_class-14,1,0.8493105173110962,0,0.9495970606803894,0.9447959661483765,0.2919060501486488,0.8678416013717651
18_class-14,2,0.524567186832428,0,0.9638736248016357,0.9613207578659058,0.4345895995651386,0.9018276929855347
18_class-14,3,0.8697830438613892,0,0.9506034851074219,0.9630335569381714,0.4228742921609218,0.9268631935119629
18_class-14,4,0.846127986907959,0,0.9485306739807129,0.928383469581604,0.9549179879416559,0.8253326416015625
18_class-14,5,0.794981837272644,0,0.954957127571106,0.9211132526397705,0.911111870352022,0.7423591613769531
19_class-14,0,0.5463816523551941,0,0.978671133518219,0.9604109525680542,1.0,0.7922150492668152
19_class-14,1,0.9224728345870972,0,0.9721578359603882,1.0028337240219116,0.4485450154889382,0.9864153265953064
19_class-14,2,0.922511875629425,0,0.9722577333450317,1.0043723583221436,0.9974395903344535,0.988533079624176
19_class-14,3,0.9219456315040588,1,0.9721728563308716,1.0039857625961304,0.9917594536888356,0.9912285804748535
19_class-14,4,0.9224774837493896,0,0.9721604585647583,1.0050681829452515,0.9915113652407173,0.9873965978622437
19_class-14,5,0.9222339391708374,0,0.9722832441329956,1.0028660297393799,0.9947155845773358,0.9856579303741455
20_class-10,0,0.3828640878200531,0,0.9953089952468872,0.9497997760772705,1.0,0.9900305271148682
20_class-10,1,0.36358481645584106,0,0.995241641998291,1.0069832801818848,0.9929582473860161,0.9945597052574158
20_class-10,2,0.36358481645584106,0,0.9952467083930969,1.0069847106933594,0.9986485044634918,0.9950822591781616
20_class-10,3,0.36347344517707825,1,0.9952372908592224,1.0091172456741333,0.9953179867342957,0.9958987832069397
20_class-10,4,0.37683501839637756,0,0.9792879819869995,0.804075300693512,0.0007454840867819937,0.7442020773887634
20_class-10,5,0.39078882336616516,0,0.9895006418228149,0.937917947769165,0.1036403943760574,0.9437318444252014
21_class-14,0,0.6799544095993042,0,0.9957554936408997,1.008668065071106,1.0,0.9958123564720154
21_class-14,1,0.6559332609176636,0,0.9957222938537598,1.0064270496368408,0.9973024774614894,0.9960120320320129
21_class-14,2,0.6547514200210571,0,0.9956995248794556,1.0050203800201416,0.9933338061130417,0.994651198387146
21_class-14,3,0.44793832302093506,0,0.9939581751823425,0.9940177202224731,0.2798132439945826,0.991253137588501
21_class-14,4,0.6556803584098816,1,0.9957036375999451,1.009186029434204,0.27919286653167075,0.9959670305252075
21_class-14,5,0.6549100875854492,0,0.995704174041748,1.0020179748535156,0.9945719657998368,0.993615984916687
22_class-14,0,0.3314480781555176,0,0.9894047975540161,0.9411389827728271,1.0,0.8713688254356384
22_class-14,1,0.3530697822570801,0,0.9877181649208069,0.9338153004646301,0.43683403792429976,0.8315337896347046
22_class-14,2,0.4181070923805237,1,0.9948582649230957,1.0024408102035522,0.752324618762523,0.9497959613800049
22_class-14,3,0.35577890276908875,0,0.9953803420066833,0.968795895576477,0.29714225007967704,0.9168546199798584
22_class-14,4,0.35524243116378784,0,0.9935178756713867,0.9449195265769958,0.8897104754710403,0.876217246055603
22_class-14,5,0.2592740058898926,0,0.9892168641090393,1.001234531402588,0.5696357514539333,0.9934864640235901
23_class-14,0,0.5845707058906555,0,0.971693217754364,0.9358339309692383,1.0,0.6965563893318176
23_class-14,1,0.9528367519378662,0,0.9987660050392151,0.9616347551345825,0.30139309740247366,0.9859570264816284
23_class-14,2,0.7086077928543091,0,0.9929620027542114,0.9792656898498535,0.5317497428224072,0.9723313450813293
23_class-14,3,0.9536205530166626,1,0.9987767934799194,1.0015363693237305,0.5300945427314425,0.9918606877326965
23_class-14,4,0.7090890407562256,0,0.9929845333099365,0.9920728206634521,0.5317688178754213,0.9750871062278748
23_class-14,5,0.9535471796989441,0,0.9987879991531372,0.9848301410675049,0.5327779337888857,0.9905745387077332
24_class-12,0,0.865558922290802,0,0.9957567453384399,0.9578092098236084,1.0,0.964457631111145
24_class-12,1,0.6293957829475403,0,0.994236171245575,0.9693845510482788,0.5277950403945232,0.9429587721824646
24_class-12,2,0.8317255973815918,0,0.9959753155708313,0.9708975553512573,0.5189978136264256,0.9660259485244751
24_class-12,3,0.8766157627105713,0,0.997188925743103,0.9710679054260254,0.8953358268597551,0.9625705480575562
24_class-12,4,0.8558561205863953,0,0.9968740940093994,0.9697879552841187,0.9556437417992127,0.9589633345603943
24_class-12,5,0.8213111162185669,1,0.9961597323417664,0.9779112935066223,0.9035312948080964,0.9576881527900696
25_class-14,0,0.5718801617622375,0,0.9943699836730957,0.9689184427261353,1.0,0.9470242857933044
25_class-14,1,0.5632883310317993,0,0.9936601519584656,0.9096401929855347,0.7981664726426076,0.8331097364425659
25_class-14,2,0.4543169438838959,0,0.9781474471092224,0.8990377187728882,0.44793897657253945,0.8240990042686462
25_class-14,3,0.9203718900680542,1,0.9992529153823853,0.9667730331420898,0.13965942494171707,0.9888225197792053
25_class-14,4,0.9178643226623535,0,0.999106764793396,0.9071000814437866,0.9895138226882746,0.9899336099624634
25_class-14,5,0.5540658831596375,0,0.9960519075393677,0.9680575132369995,0.2626228809690477,0.9510668516159058
26_class-14,0,0.43685466051101685,0,0.9914536476135254,0.992223858833313,1.0,0.987529456615448
26_class-14,1,0.3550795018672943,0,0.952578067779541,0.9785640239715576,0.44419955605232914,0.9691998362541199
26_class-14,2,0.3553347885608673,0,0.9515780806541443,0.9496721029281616,0.9920722135007849,0.946306586265564
26_class-14,3,0.3558043837547302,0,0.9521042704582214,0.9734135866165161,0.9918126997622534,0.9610462784767151
26_class-14,4,0.4209742844104767,1,0.9917080402374268,0.9929871559143066,0.4458894345002376,0.9870566129684448
26_class-14,5,0.3562106192111969,0,0.9660731554031372,0.951301097869873,0.447434511698881,0.9459395408630371
27_class-14,0,0.4807630181312561,1,0.9929119348526001,0.9912204742431641,1.0,0.9886754155158997
27_class-14,1,0.7952659130096436,0,0.9855243563652039,0.9792580604553223,0.2014750608272506,0.9100388884544373
27_class-14,2,0.5905577540397644,0,0.9936739802360535,0.9658142328262329,0.558363545348361,0.9082580208778381
27_class-14,3,0.43896979093551636,0,0.995329737663269,0.9741343259811401,0.018898520550139138,0.9841933250427246
27_class-14,4,0.6280434727668762,0,0.9945966601371765,0.9338030815124512,0.11937920453204295,0.8222983479499817
27_class-14,5,0.6583448648452759,0,0.991093635559082,0.978036642074585,0.8671797868267817,0.9414888024330139
28_class-10,0,0.4202076196670532,0,0.9944050908088684,1.0078966617584229,1.0,0.9975354075431824
28_class-10,1,0.40717753767967224,0,0.9944412708282471,1.008745551109314,0.9994278357888714,0.997384250164032
28_class-10,2,0.39202791452407837,0,0.9974820017814636,0.9083409309387207,0.6330886351277868,0.8988556861877441
28_class-10,3,0.4072117209434509,1,0.9944376349449158,1.0087696313858032,0.6332698930578213,0.9975734353065491
28_class-10,4,0.3221966028213501,0,0.9641432762145996,0.925878643989563,0.1132823354419,0.6605912446975708
28_class-10,5,0.3914555013179779,0,0.9944658875465393,0.9897481203079224,0.1777781401872207,0.9837631583213806
29_class-14,0,0.6030154228210449,0,0.9582695960998535,0.860116720199585,1.0,0.6944792866706848
29_class-14,1,0.7754188179969788,0,0.9556193351745605,0.936416506767273,0.4197377887920697,0.9351123571395874
29_class-14,2,0.6000862717628479,0,0.9634037613868713,0.9229079484939575,0.3890067100093871,0.7826811671257019
29_class-14,3,0.811980664730072,0,0.9474077224731445,0.9747885465621948,0.40811190341582626,0.9863330125808716
29_class-14,4,0.5095019340515137,0,0.9690762162208557,0.925803542137146,0.3578784828974398,0.7352591753005981
29_class-14,5,0.7014732360839844,1,0.9563875198364258,0.9717888832092285,0.48195664105378705,0.9416468143463135
30_class-14,0,0.9366047382354736,0,0.9904309511184692,0.9780908823013306,1.0,0.9490967392921448
30_class-14,1,0.7710052132606506,0,0.9928090572357178,0.9367474317550659,0.6847833586311577,0.8847180604934692
30_class-14,2,0.6343012452125549,1,0.983193039894104,0.995903491973877,0.3070158768550352,0.9808454513549805
30_class-14,3,0.8895874619483948,0,0.9901589751243591,0.8966507911682129,0.4801087449025827,0.8992989659309387
30_class-14,4,0.9028892517089844,0,0.9899323582649231,0.9388077259063721,0.9608442471163071,0.9262480139732361
30_class-14,5,0.9041389226913452,0,0.9898177981376648,0.9674274921417236,0.9554665563850858,0.9662546515464783
31_class-11,0,0.6476829648017883,0,0.9377001523971558,1.0025241374969482,1.0,0.9699889421463013
31_class-11,1,0.6217886805534363,0,0.9385062456130981,1.0022897720336914,0.9978632154818373,0.9640798568725586
31_class-11,2,0.939716100692749,0,0.9854530692100525,1.0100319385528564,0.6060872546243162,0.9905976057052612
31_class-11,3,0.9396610260009766,0,0.9855296611785889,1.009851336479187,0.9994867632665728,0.9904488921165466
31_class-11,4,0.9398177862167358,0,0.9854795932769775,1.010107398033142,0.9993198253024987,0.9907183647155762
31_class-11,5,0.9398757219314575,1,0.9856134653091431,1.0100996494293213,0.9992723368722415,0.9905452132225037
32_class-12,0,0.4018670618534088,0,0.9856157302856445,0.9379087686538696,1.0,0.8849195837974548
32_class-12,1,0.3968537151813507,0,0.987197756767273,0.949028730392456,0.954943148257531,0.9047173857688904
32_class-12,2,0.3875254690647125,0,0.9817331433296204,0.9153026342391968,0.89792810282501,0.8617300391197205
32_class-12,3,0.39915141463279724,0,0.9876415729522705,0.94429612159729,0.8779455081001473,0.8940358757972717
32_class-12,4,0.40037718415260315,0,0.9867599010467529,0.9367176294326782,0.9756948394191028,0.889187753200531
32_class-12,5,0.3962981700897217,1,0.9875285029411316,0.952895998954773,0.9559800818200329,0.9160094261169434
33_class-12,0,0.42298322916030884,0,0.9979761838912964,0.9772254228591919,1.0,0.9682168364524841
33_class-12,1,0.45116275548934937,0,0.9956961274147034,0.9951303005218506,0.7207488299531981,0.9821377992630005
33_class-12,2,0.8978502750396729,0,0.9705169796943665,0.9963922500610352,0.2082480596208055,0.9702207446098328
33_class-12,3,0.4462769627571106,0,0.9968870878219604,0.9609856605529785,0.20914405374749148,0.964185893535614
33_class-12,4,0.4513397514820099,1,0.9958000183105469,0.993377685546875,0.9616038882138518,0.9905298352241516
33_class-12,5,0.9119749069213867,0,0.9649936556816101,0.9847826957702637,0.24162917583995405,0.9194177389144897
34_class-14,0,0.3875562846660614,0,0.9926035404205322,0.864142656326294,1.0,0.5488420128822327
34_class-14,1,0.3642168939113617,0,0.9942480325698853,0.8040246963500977,0.002637987012987013,0.5200528502464294
34_class-14,2,0.3482585847377777,1,0.9987931251525879,0.9896316528320312,0.0019317450096587251,0.995009183883667
34_class-14,3,0.5663008689880371,0,0.9946531057357788,0.9622455835342407,0.0709815078236131,0.910802960395813
34_class-14,4,0.6843270063400269,0,0.9631915092468262,0.9055533409118652,0.2669825646279661,0.600191056728363
34_class-14,5,0.6178585290908813,0,0.9940588474273682,0.9900881052017212,0.3927429968039105,0.9891600012779236
35_class-13,0,0.5118204355239868,0,0.9170836210250854,0.9706525802612305,1.0,0.8392999768257141
35_class-13,1,0.9606205821037292,0,0.8321900367736816,0.986970067024231,0.449210516106506,0.9833604693412781
35_class-13,2,0.9607639312744141,0,0.8321464657783508,0.9856307506561279,0.9990314494074749,0.983997106552124
35_class-13,3,0.402119517326355,1,0.9453842043876648,0.9916069507598877,0.38525921643126565,0.901641309261322
35_class-13,4,0.9608507752418518,0,0.8321520686149597,0.9832643270492554,0.38517196947170185,0.9844907522201538
35_class-13,5,0.9605076313018799,0,0.8330093026161194,0.9965052604675293,0.9963136920011386,0.9839722514152527
36_class-11,0,0.7820975184440613,0,0.9909325838088989,0.9936543703079224,1.0,0.9610627889633179
36_class-11,1,0.6318871974945068,0,0.992582380771637,0.8887724876403809,0.6616236243742143,0.774971604347229
36_class-11,2,0.41217535734176636,0,0.9648703932762146,1.0038120746612549,0.4373648311429047,0.9361667037010193
36_class-11,3,0.9620968103408813,0,0.9938329458236694,0.9910620450973511,0.18135521844303637,0.9938322901725769
36_class-11,4,0.41352930665016174,0,0.9642314910888672,1.0081955194473267,0.18316477879051918,0.9470723867416382
36_class-11,5,0.963259220123291,1,0.993880569934845,1.0084235668182373,0.18261831567817352,0.9972485899925232
37_class-14,0,0.383181095123291,0,0.9782267808914185,0.9817639589309692,1.0,0.9869839549064636
37_class-14,1,0.7668720483779907,0,0.9870015978813171,0.8637012243270874,0.0,0.547979474067688
37_class-14,2,0.7302086353302002,0,0.9923482537269592,0.946438193321228,0.62620796289138,0.9315228462219238
37_class-14,3,0.6606612205505371,1,0.993451714515686,0.9901357889175415,0.8343516178169097,0.9606373906135559
37_class-14,4,0.7522925734519958,0,0.9919154644012451,0.9238102436065674,0.690302562567923,0.9288133382797241
37_class-14,5,0.6923624277114868,0,0.9940618872642517,0.9694819450378418,0.7418950294032911,0.9268669486045837
38_class-14,0,0.9966030120849609,0,0.9925590753555298,0.9959602355957031,1.0,0.982563316822052
38_class-14,1,0.8587429523468018,0,0.9925794005393982,0.9969247579574585,0.9987151510207412,0.9815354347229004
38_class-14,2,0.8588854074478149,0,0.9925732612609863,0.996677041053772,0.9990007341544987,0.9819564819335938
38_class-14,3,0.7900079488754272,0,0.9924287796020508,0.98674476146698,0.8622494704252892,0.9517261981964111
38_class-14,4,0.8588993549346924,0,0.9925953149795532,0.9983499050140381,0.8615594407017687,0.9831852912902832
38_class-14,5,0.8589779138565063,1,0.9925938844680786,0.9982985258102417,0.999225801193896,0.9838137626647949
39_class-14,0,0.04160178825259209,0,0.7369662523269653,1.0128562450408936,1.0,0.5301324725151062
39_class-14,1,0.04488138109445572,0,0.7386993169784546,1.0047624111175537,0.9921456032289463,0.6145457029342651
39_class-14,2,0.010021490976214409,1,0.7280586361885071,0.979334831237793,0.9154460643387157,0.8734903335571289
39_class-14,3,0.0435103140771389,0,0.7379674911499023,1.013279914855957,0.9124336976423731,0.5612863302230835
39_class-14,4,0.043830156326293945,0,0.7382449507713318,1.0037682056427002,0.9990826242232508,0.5751221179962158
39_class-14,5,0.04382650554180145,0,0.7380949258804321,1.008035659790039,0.9996373595240344,0.5825262069702148
40_class-14,0,0.3817394971847534,0,0.8472973108291626,0.9437810182571411,1.0,0.7655785083770752
40_class-14,1,0.4139752686023712,1,0.9887756109237671,0.9579815864562988,0.11958272493263687,0.948461651802063
40_class-14,2,0.07856016606092453,0,0.6550189256668091,0.9258065223693848,0.04179110919292188,0.6290355324745178
40_class-14,3,0.26575568318367004,0,0.900493323802948,0.974102258682251,0.5781036640249391,0.8086869120597839
40_class-14,4,0.39399847388267517,0,0.9496882557868958,0.929807186126709,0.4080718123703604,0.8077242970466614
40_class-14,5,0.4020586907863617,0,0.9340219497680664,0.9321683645248413,0.222275140427797,0.8851525187492371
41_class-11,0,0.7001373767852783,0,0.9862601161003113,0.9999434947967529,1.0,0.9754382371902466
41_class-11,1,0.667223334312439,0,0.986341118812561,0.963835597038269,0.9935941510817748,0.9526398181915283
41_class-11,2,0.6672999858856201,0,0.98615962266922,0.9994664192199707,0.9938025522945448,0.9776236414909363
41_class-11,3,0.6668740510940552,0,0.9862096309661865,1.000714898109436,0.9969428064349917,0.9740083813667297
41_class-11,4,0.6673938632011414,0,0.9861381649971008,0.9819496870040894,0.9943903665112879,0.9759828448295593
41_class-11,5,0.6670999526977539,1,0.986234188079834,1.002561092376709,0.9955686516366294,0.9768330454826355
42_class-10,0,0.8810335397720337,0,0.9884801506996155,0.9160330891609192,1.0,0.8888977766036987
42_class-10,1,0.40149399638175964,0,0.9860142469406128,0.9509884119033813,0.10595923100941165,0.9547936320304871
42_class-10,2,0.818503737449646,0,0.9906283020973206,0.9012300968170166,0.10341409923873389,0.8846907615661621
42_class-10,3,0.8843420743942261,1,0.9912554621696472,0.956554651260376,0.8422727058490833,0.9619653820991516
42_class-10,4,0.5300215482711792,0,0.9900343418121338,0.7445163726806641,0.2752784632828653,0.5349318385124207
42_class-10,5,0.5552573204040527,0,0.9825565814971924,0.8225530385971069,0.12983229236848334,0.6614091992378235
43_class-14,0,0.03074859082698822,0,0.7791332006454468,0.9650228023529053,1.0,0.6922856569290161
43_class-14,1,0.34992486238479614,0,0.982547402381897,0.9920402765274048,0.1482882908417537,0.992807149887085
43_class-14,2,0.3500370979309082,0,0.9827316999435425,1.0013247728347778,0.9964139497355288,0.9915988445281982
43_class-14,3,0.35007476806640625,0,0.982663631439209,1.0014761686325073,0.9984414805934362,0.9920620322227478
43_class-14,4,0.3500695526599884,0,0.9825281500816345,0.9999638795852661,0.9990404222142257,0.9916995167732239
43_class-14,5,0.35002386569976807,1,0.9828941822052002,1.0035831928253174,0.9987113402061856,0.992030918598175
44_class-14,0,0.3686891794204712,0,0.9810851812362671,0.982697606086731,1.0,0.9573137164115906
44_class-14,1,0.35000354051589966,0,0.9806186556816101,0.9391511678695679,0.8721370214211802,0.8207000494003296
44_class-14,2,0.3721042573451996,0,0.9729263782501221,0.9611250162124634,0.783819754729537,0.9422524571418762
44_class-14,3,0.38989242911338806,0,0.9808676838874817,0.9712644815444946,0.8077205226321946,0.9462661743164062
44_class-14,4,0.3906862735748291,0,0.9813390970230103,0.9860260486602783,0.9891240446796002,0.938498318195343
44_class-14,5,0.4441887438297272,1,0.9937990307807922,0.9946963787078857,0.28809282303753,0.9932292103767395
45_class-14,0,0.6115984916687012,0,0.9779052734375,1.0050244331359863,1.0,0.988236665725708
45_class-14,1,0.5880367755889893,1,0.9780153632164001,1.0057810544967651,0.9992900773519885,0.9885653257369995
45_class-14,2,0.5879571437835693,0,0.9777697324752808,1.0053932666778564,0.9992900668520381,0.9885868430137634
45_class-14,3,0.5879951119422913,0,0.9778899550437927,1.0057789087295532,0.9996153846153846,0.9886748194694519
45_class-14,4,0.5879688858985901,0,0.9777964949607849,1.0056135654449463,0.9993343982960596,0.9882991313934326
45_class-14,5,0.5879989862442017,0,0.9776962995529175,1.0057141780853271,0.9995710566796828,0.9885364770889282
46_class-13,0,0.8269448280334473,0,0.9968132376670837,0.9685138463973999,1.0,0.9660359621047974
46_class-13,1,0.9150575399398804,0,0.9947400093078613,0.9851415157318115,0.7558128499572934,0.974043607711792
46_class-13,2,0.908775806427002,0,0.9954710602760315,0.9461112022399902,0.9159830104148484,0.9493467211723328
46_class-13,3,0.9162969589233398,1,0.9946901798248291,0.9953252077102661,0.9154302670623146,0.9769824743270874
46_class-13,4,0.9207621812820435,0,0.9952172040939331,0.9911625385284424,0.9852596000375552,0.9745526909828186
46_class-13,5,0.8550238609313965,0,0.9948505163192749,0.978268027305603,0.8214166173176446,0.9567700624465942
47_class-14,0,0.5817168951034546,0,0.9876917600631714,0.9856975078582764,1.0,0.957628607749939
47_class-14,1,0.567613422870636,0,0.9843595623970032,0.9866756200790405,0.9743453572449855,0.9520379304885864
47_class-14,2,0.8975532054901123,1,0.9920192360877991,0.9643877744674683,0.32846320346320346,0.9873734712600708
47_class-14,3,0.5366398096084595,0,0.984740138053894,1.001296043395996,0.28612230879083134,0.9611272215843201
47_class-14,4,0.532759964466095,0,0.9848390817642212,0.9345178604125977,0.9712592697725579,0.9078213572502136
47_class-14,5,0.5350311994552612,0,0.9857230186462402,0.9524669647216797,0.9740581918701492,0.8968052864074707
48_class-14,0,0.9975057244300842,0,0.9754034280776978,1.0135102272033691,1.0,0.9945762753486633
48_class-14,1,0.7577873468399048,0,0.9754268527030945,1.0124515295028687,0.9996669852025599,0.9943640828132629
48_class-14,2,0.7577958703041077,0,0.9754118919372559,1.0138229131698608,0.9997248689507371,0.9943943619728088
48_class-14,3,0.7577625513076782,0,0.9754332900047302,1.0128065347671509,0.999710335937896,0.9941583275794983
48_class-14,4,0.757831335067749,1,0.9753241539001465,1.0160877704620361,0.9995655794084639,0.994253933429718
48_class-14,5,0.7577710151672363,0,0.9754111170768738,1.0132709741592407,0.9995655794084639,0.9941721558570862
49_class-11,0,0.8324292898178101,0,0.9851056337356567,0.9855581521987915,1.0,0.9676840901374817
49_class-11,1,0.800229549407959,0,0.9863713979721069,0.9594709873199463,0.9670568003901338,0.8490000367164612
49_class-11,2,0.611748218536377,0,0.9948751330375671,0.9812273979187012,0.6325102987278804,0.9586750864982605
49_class-11,3,0.6600043177604675,0,0.9866080284118652,0.9640934467315674,0.831774731638174,0.9033583402633667
49_class-11,4,0.6043186187744141,1,0.9941762685775757,1.006345272064209,0.8059449882166756,0.992071270942688
49_class-11,5,0.7928359508514404,0,0.9852533340454102,0.9669578075408936,0.6278929730861871,0.9382231831550598
50_class-10,0,0.40916961431503296,0,0.987697184085846,0.9919021129608154,1.0,0.9801155924797058
50_class-10,1,0.3903603255748749,0,0.9872743487358093,0.9896169900894165,0.9897141414778823,0.9739910364151001
50_class-10,2,0.38688915967941284,0,0.9871417284011841,0.9735275506973267,0.919165885660731,0.979807436466217
50_class-10,3,0.5311703681945801,0,0.9911485910415649,0.9761940240859985,0.5309974960487294,0.8878387212753296
50_class-10,4,0.3902398347854614,1,0.9873735904693604,0.9934921264648438,0.550897981855212,0.9815294146537781
50_class-10,5,0.3902207911014557,0,0.9870572090148926,0.990066409111023,0.9838185660663029,0.9784112572669983
51_class-14,0,0.41367727518081665,0,0.958961009979248,0.9583927392959595,1.0,0.6493942737579346
51_class-14,1,0.213711217045784,0,0.9676433801651001,0.9772175550460815,0.6527268191024098,0.9100503921508789
51_class-14,2,0.3605692982673645,0,0.9305698871612549,0.947839617729187,0.677085414493011,0.5921956300735474
51_class-14,3,0.42573827505111694,0,0.9645100235939026,0.9434306621551514,0.11867623375346857,0.9646116495132446
51_class-14,4,0.2807353734970093,1,0.9866812229156494,0.9643913507461548,0.2136042171911532,0.9030699133872986
51_class-14,5,0.36924630403518677,0,0.9421566724777222,0.9384005069732666,0.4813237455235486,0.6013384461402893
52_class-12,0,0.99174565076828,1,0.9576797485351562,0.9973019361495972,1.0,0.9845056533813477
52_class-12,1,0.9096201658248901,0,0.9560829401016235,0.9806010723114014,0.9901891631933312,0.9700232148170471
52_class-12,2,0.9103148579597473,0,0.955815315246582,0.9742228984832764,0.9929602365874827,0.9702253937721252
52_class-12,3,0.9081429839134216,0,0.9570367336273193,0.9399309754371643,0.9895846686322266,0.9723668098449707
52_class-12,4,0.9104467630386353,0,0.9557956457138062,0.974463939666748,0.9881969100854044,0.9717010855674744
52_class-12,5,0.9104243516921997,0,0.9557989239692688,0.9795083999633789,0.9938227913261695,0.9731755256652832
53_class-14,0,0.48918402194976807,0,0.9600337743759155,0.9850594997406006,1.0,0.9781160950660706
53_class-14,1,0.4412108063697815,0,0.9627591371536255,0.9559667110443115,0.776129763750376,0.9281488656997681
53_class-14,2,0.4685314893722534,1,0.9593465328216553,0.9912542104721069,0.7751709529620334,0.9828968644142151
53_class-14,3,0.46849894523620605,0,0.9594306945800781,0.9851858615875244,0.991472121486854,0.9794994592666626
53_class-14,4,0.4248552620410919,0,0.9597041606903076,0.9713562726974487,0.8577233478187256,0.9677839875221252
53_class-14,5,0.4251047670841217,0,0.959801971912384,0.9661365747451782,0.988837480182483,0.9696078896522522
54_class-14,0,0.9373624324798584,1,0.9878104329109192,1.0004452466964722,1.0,0.9845625162124634
54_class-14,1,0.9095345139503479,0,0.9876356720924377,1.0000847578048706,0.9981079425576805,0.985054612159729
54_class-14,2,0.5083397626876831,0,0.9877725839614868,0.9830359220504761,0.3141396840931952,0.9648831486701965
54_class-14,3,0.9091867208480835,0,0.9875834584236145,1.001041054725647,0.31403890627125564,0.9847423434257507
54_class-14,4,0.9086506366729736,0,0.9875905513763428,0.999048113822937,0.9978193910649549,0.9842005968093872
54_class-14,5,0.9096477031707764,0,0.9876619577407837,1.00040602684021,0.9974275914634146,0.985526442527771
55_class-14,0,0.9930760264396667,0,0.9241169691085815,1.0022926330566406,1.0,0.988412618637085
55_class-14,1,0.8903422355651855,0,0.923600435256958,1.0037815570831299,0.9976847016224497,0.9873854517936707
55_class-14,2,0.8901528716087341,1,0.9239214658737183,1.0035793781280518,0.9983629397422501,0.9879653453826904
55_class-14,3,0.8901834487915039,0,0.9241515398025513,0.9996976852416992,0.9977544910179641,0.9890416264533997
55_class-14,4,0.890072226524353,0,0.9244025945663452,1.0002473592758179,0.9964878727288533,0.9885635375976562
55_class-14,5,0.8902537822723389,0,0.9246187210083008,0.9992707967758179,0.9965404540871319,0.9889428615570068
56_class-11,0,0.5164194107055664,0,0.9890909790992737,0.9467170238494873,1.0,0.5161135792732239
56_class-11,1,0.7200993895530701,1,0.9979175329208374,1.0018936395645142,0.17994683388998706,0.9957454204559326
56_class-11,2,0.2797183096408844,0,0.9602348208427429,0.9875189065933228,0.0,0.9832816123962402
56_class-11,3,0.28181910514831543,0,0.9380452036857605,0.9645266532897949,0.801935976094351,0.9123824834823608
56_class-11,4,0.546147346496582,0,0.9879992008209229,0.9831843376159668,0.1692679590218726,0.9525523781776428
56_class-11,5,0.9457630515098572,0,0.9970695972442627,0.9964898824691772,0.2159845132743363,0.9790118336677551
57_class-14,0,0.7556962966918945,0,0.9789690375328064,0.9666154384613037,1.0,0.8561605215072632
57_class-14,1,0.5791354179382324,0,0.9936895966529846,0.9601820707321167,0.6504754561809304,0.9510220289230347
57_class-14,2,0.43398821353912354,1,0.9953378438949585,0.9847363233566284,0.0013946654048265384,0.9728664755821228
57_class-14,3,0.49846526980400085,0,0.8188768029212952,0.9735894203186035,0.13326790548191927,0.6167967319488525
57_class-14,4,0.40504002571105957,0,0.7961660623550415,0.9782131910324097,0.8861475358896277,0.7058172821998596
57_class-14,5,0.713608980178833,0,0.9799467325210571,0.940254807472229,0.3966358107332747,0.7681996822357178
58_class-14,0,0.8922562599182129,0,0.9577117562294006,0.9876135587692261,1.0,0.9404847025871277
58_class-14,1,0.4985705018043518,0,0.9685244560241699,0.9595471620559692,0.38860688099266777,0.942343533039093
58_class-14,2,0.49252671003341675,1,0.9625486731529236,0.9956586360931396,0.8382177378981014,0.9823009371757507
58_class-14,3,0.9081735610961914,0,0.9529101252555847,1.010721206665039,0.2773997942646767,0.99413001537323
58_class-14,4,0.5070637464523315,0,0.9684451818466187,0.959449291229248,0.29590419993057965,0.9632445573806763
58_class-14,5,0.7576465606689453,0,0.9554994106292725,0.9842941761016846,0.45911592557001835,0.948800802230835
59_class-11,0,0.9796813726425171,0,0.9872838258743286,1.0020840167999268,1.0,0.9875777959823608
59_class-11,1,0.9158868789672852,0,0.9874501824378967,1.0023598670959473,0.9966054932109865,0.9870087504386902
59_class-11,2,0.9147281646728516,0,0.98729407787323,1.0024439096450806,0.9969918283171295,0.9873713850975037
59_class-11,3,0.9150751829147339,0,0.9872345924377441,1.0031219720840454,0.9986822931200199,0.9871045351028442
59_class-11,4,0.9146878719329834,1,0.9872270822525024,1.003414273262024,0.9982795232264364,0.9873427748680115
59_class-11,5,0.9145393371582031,0,0.9872303009033203,1.0019667148590088,0.9989618841028819,0.9873263835906982
60_class-13,0,0.1348411738872528,0,0.7311598062515259,0.9409716129302979,1.0,0.6123549938201904
60_class-13,1,0.29699862003326416,0,0.9618046283721924,0.940420389175415,0.16856635973278697,0.9020377993583679
60_class-13,2,0.5349128842353821,1,0.9947755932807922,0.9487801790237427,0.18622530274059912,0.9096028208732605
60_class-13,3,0.3243754506111145,0,0.9568803906440735,0.9118902683258057,0.18769522083218695,0.7503938674926758
60_class-13,4,0.3256358206272125,0,0.976012647151947,0.9560091495513916,0.10918718959464634,0.9037898182868958
60_class-13,5,0.1027350127696991,0,0.7010020017623901,0.9564768075942993,0.23961045561524086,0.601317286491394
61_class-14,0,0.3387681543827057,0,0.9523547887802124,0.9552977085113525,1.0,0.6607529520988464
61_class-14,1,0.37632811069488525,0,0.9650925397872925,0.9629350900650024,0.47326126470869606,0.9731010794639587
61_class-14,2,0.37737998366355896,1,0.9654039144515991,0.9940063953399658,0.9767239314564418,0.9849407076835632
61_class-14,3,0.34825822710990906,0,0.9740911722183228,0.9190348386764526,0.7288447747571549,0.853741466999054
61_class-14,4,0.2257622629404068,0,0.9437311887741089,0.8158969879150391,0.45286653771760155,0.46345755457878113
61_class-14,5,0.2651861608028412,0,0.9621519446372986,0.9378567934036255,0.8011030813152961,0.6283266544342041
62_class-11,0,0.9852504730224609,1,0.9959062337875366,1.0060120820999146,1.0,0.9895913004875183
62_class-11,1,0.8027422428131104,0,0.995837926864624,1.0051729679107666,0.9990617105738001,0.9885643720626831
62_class-11,2,0.8027020692825317,0,0.9959454536437988,1.005508542060852,0.9987372826322245,0.989396870136261
62_class-11,3,0.80283123254776,0,0.9958897829055786,1.0056432485580444,0.9990262901655307,0.9894686937332153
62_class-11,4,0.7730351686477661,0,0.9960377216339111,0.9830940961837769,0.9324644549763034,0.9707369804382324
62_class-11,5,0.8026429414749146,0,0.9958321452140808,1.0056434869766235,0.9324324324324325,0.989342212677002
63_class-14,0,0.6356329917907715,0,0.9948095679283142,0.9682579040527344,1.0,0.9087833762168884
63_class-14,1,0.8136512041091919,0,0.9728181958198547,1.0021164417266846,0.4492083837307963,0.9922291040420532
63_class-14,2,0.4812157452106476,0,0.9896328449249268,0.9794872999191284,0.42942937494330036,0.9297969937324524
63_class-14,3,0.48618412017822266,1,0.9925211668014526,0.9788832664489746,0.9831146204033214,0.9428445100784302
63_class-14,4,0.20534691214561462,0,0.9492454528808594,0.9605810642242432,0.3988657422912899,0.6611423492431641
63_class-14,5,0.27490219473838806,0,0.9620862007141113,0.9600282907485962,0.7452237838804102,0.4881059527397156
64_class-14,0,0.998248279094696,0,0.985102653503418,0.9987287521362305,1.0,0.9918921589851379
64_class-14,1,0.9632042646408081,0,0.9851151704788208,1.0062317848205566,0.9966685626066466,0.993334949016571
64_class-14,2,0.9640902280807495,0,0.9852471351623535,1.0059354305267334,0.9927883638727502,0.9906284213066101
64_class-14,3,0.9642003774642944,0,0.985334575176239,1.003172516822815,0.9968758933311553,0.9910262823104858
64_class-14,4,0.9633234143257141,0,0.9851205945014954,1.0066982507705688,0.9938233979438417,0.9934968948364258
64_class-14,5,0.9634125232696533,1,0.9851278066635132,1.0068608522415161,0.9994310562035194,0.9935585260391235
65_class-14,0,0.784637987613678,0,0.9931302070617676,0.9878804683685303,1.0,0.9782305359840393
65_class-14,1,0.5797512531280518,0,0.9933881759643555,0.9550046920776367,0.5595866454689984,0.910571813583374
65_class-14,2,0.6986933350563049,1,0.9930360317230225,0.9891642332077026,0.5621006453253647,0.9832715392112732
65_class-14,3,0.6514785289764404,0,0.9936387538909912,0.9588240385055542,0.8092090162052977,0.907555103302002
65_class-14,4,0.649272084236145,0,0.9914870858192444,0.9048501253128052,0.3766546329723225,0.7119354605674744
65_class-14,5,0.697844386100769,0,0.9929489493370056,0.9866952896118164,0.24609483133625973,0.9828362464904785
66_class-10,0,0.45298248529434204,0,0.9929606914520264,0.9769614934921265,1.0,0.9779660105705261
66_class-10,1,0.4698712229728699,0,0.9910724759101868,0.9043399095535278,0.7683658842501344,0.8927432894706726
66_class-10,2,0.6073244214057922,1,0.991936981678009,0.990925669670105,0.36824887887519225,0.978211522102356
66_class-10,3,0.23716720938682556,0,0.9646393656730652,0.9502938985824585,0.10405593151974185,0.8920072317123413
66_class-10,4,0.6060973405838013,0,0.9922901391983032,0.9770647287368774,0.10411972241922597,0.9459454417228699
66_class-10,5,0.3507310152053833,0,0.9581977128982544,0.9818423986434937,0.36297837530231897,0.9463035464286804
67_class-14,0,0.28416404128074646,0,0.9921908974647522,0.983993411064148,1.0,0.9762051105499268
67_class-14,1,0.7165590524673462,0,0.974460244178772,0.989229679107666,0.22426817273861066,0.9673207998275757
67_class-14,2,0.7169987559318542,0,0.9748061895370483,0.9894119501113892,0.9955700830071825,0.966677725315094
67_class-14,3,0.28578412532806396,1,0.9909673929214478,0.9912271499633789,0.23278727317708053,0.9904631972312927
67_class-14,4,0.72368323802948,0,0.9757314920425415,0.9892442226409912,0.23074309978768578,0.9580591320991516
67_class-14,5,0.28605982661247253,0,0.9910579323768616,0.9931142330169678,0.23023065563146097,0.9659332036972046
68_class-11,0,0.0002222229668404907,0,0.9371426105499268,0.9919314384460449,1.0,0.7126765251159668
68_class-11,1,0.0018164606299251318,0,0.9403546452522278,0.980248212814331,0.9953543888899414,0.647576093673706
68_class-11,2,0.00452043442055583,0,0.9418388605117798,1.0041019916534424,0.9925862120847376,0.6002976298332214
68_class-11,3,0.002376999007537961,1,0.9392863512039185,0.9995887279510498,0.994064255003818,0.6860087513923645
68_class-11,4,0.0011153711238875985,0,0.9384597539901733,1.0008348226547241,0.9966815749842971,0.6725897789001465
68_class-11,5,0.0002580533328000456,0,0.9373594522476196,0.977313756942749,0.9943663896681713,0.6228285431861877
69_class-13,0,0.3376477360725403,0,0.9579412341117859,0.9996662139892578,1.0,0.9876031875610352
69_class-13,1,0.17726562917232513,1,0.9939890503883362,0.9902445077896118,0.09626708194727288,0.9935227632522583
69_class-13,2,0.1824953705072403,0,0.9981563091278076,0.9457762241363525,0.9474064050518719,0.9707046747207642
69_class-13,3,0.2863287329673767,0,0.9575421810150146,0.9978598356246948,0.09644015902755564,0.9931695461273193
69_class-13,4,0.28589996695518494,0,0.9577785134315491,0.9992305040359497,0.9968315194930432,0.987983763217926
69_class-13,5,0.177769735455513,0,0.9955129027366638,0.978596568107605,0.10287629976882766,0.9785283803939819
70_class-14,0,0.2016286849975586,0,0.9688901305198669,0.9221007823944092,1.0,0.6593369841575623
70_class-14,1,0.3668231964111328,0,0.9653599858283997,0.9666875600814819,0.0869801975919027,0.961913526058197
70_class-14,2,0.37676262855529785,0,0.9658010005950928,0.9111365079879761,0.8875583919994736,0.8958603143692017
70_class-14,3,0.40474027395248413,1,0.9641764760017395,1.002562403678894,0.09161312020958348,0.9930979609489441
70_class-14,4,0.4046262204647064,0,0.9640781879425049,0.977004885673523,0.9971722884265805,0.9724984765052795
70_class-14,5,0.40340811014175415,0,0.9646927118301392,0.9948993921279907,0.9931291679679606,0.9847527146339417
71_class-11,0,0.2905855178833008,0,0.9269826412200928,0.9875332117080688,1.0,0.9073196053504944
71_class-11,1,0.2812119126319885,0,0.9273815751075745,0.9894746541976929,0.9985025508871516,0.9166475534439087
71_class-11,2,0.2772686779499054,0,0.9257109761238098,0.9798935651779175,0.981235718803599,0.9335309267044067
71_class-11,3,0.2813548445701599,0,0.9281133413314819,0.987956166267395,0.9807969548642966,0.9078741669654846
71_class-11,4,0.28103363513946533,1,0.9279983043670654,0.9884417057037354,0.9982653895911773,0.9155729413032532
71_class-11,5,0.28128910064697266,0,0.9285725355148315,0.9881612062454224,0.9982244915721373,0.9076662659645081
72_class-14,0,0.6912944316864014,0,0.9619399309158325,0.9365304708480835,1.0,0.879046618938446
72_class-14,1,0.6930255889892578,1,0.9780429601669312,0.9791744947433472,0.7138611054077573,0.9490233659744263
72_class-14,2,0.7185507416725159,0,0.954013466835022,0.9387151002883911,0.6130828406342381,0.902804970741272
72_class-14,3,0.7148821353912354,0,0.9511078596115112,0.9672483205795288,0.9827478042659975,0.9247873425483704
72_class-14,4,0.3596947193145752,0,0.9945201873779297,0.9267634153366089,0.16226947778566594,0.8803809285163879
72_class-14,5,0.49188822507858276,0,0.8857579231262207,0.9578628540039062,0.11238158398746806,0.8888028860092163
73_class-14,0,0.49118122458457947,0,0.9932486414909363,0.9015498161315918,1.0,0.9160824418067932
73_class-14,1,0.550735592842102,0,0.9876419305801392,0.8833891153335571,0.11952070377673289,0.8628334999084473
73_class-14,2,0.46473047137260437,0,0.9796620011329651,0.9422496557235718,0.3373617369930356,0.8517688512802124
73_class-14,3,0.42196881771087646,1,0.9881100654602051,0.9529372453689575,0.14522179220005954,0.9342811107635498
73_class-14,4,0.4289493262767792,0,0.9873324632644653,0.8166588544845581,0.4096845273284248,0.7460290193557739
73_class-14,5,0.432788223028183,0,0.9912710189819336,0.890762448310852,0.0770891150169596,0.8706803321838379
74_class-11,0,0.9499140381813049,0,0.9987941980361938,0.9881601929664612,1.0,0.9765885472297668
74_class-11,1,0.8888498544692993,0,0.9967669248580933,0.9222458600997925,0.830167005390121,0.9190787672996521
74_class-11,2,0.8909904956817627,0,0.9988518953323364,0.9884716868400574,0.8284731106895487,0.9771822094917297
74_class-11,3,0.8913816213607788,1,0.9987557530403137,0.9907673597335815,0.9959537272397158,0.9777486324310303
74_class-11,4,0.8906551599502563,0,0.9988418221473694,0.9890720248222351,0.993774964984178,0.9767347574234009
74_class-11,5,0.8115673065185547,0,0.9968621730804443,0.9810624122619629,0.8046223793887345,0.9797022938728333
75_class-13,0,0.9635934233665466,0,0.8881585001945496,0.9979466199874878,1.0,0.9806090593338013
75_class-13,1,0.9268797039985657,1,0.8881893754005432,0.9990525245666504,0.9954742999052381,0.9793213605880737
75_class-13,2,0.9249313473701477,0,0.8870240449905396,0.9993212223052979,0.9950660590761564,0.979521632194519
75_class-13,3,0.889447808265686,0,0.8819637298583984,0.9924509525299072,0.9317722122642285,0.9726847410202026
75_class-13,4,0.9258939027786255,0,0.8869034051895142,0.9981199502944946,0.930376110189943,0.9797967672348022
75_class-13,5,0.9254709482192993,0,0.8870176076889038,0.9991166591644287,0.9980960509470506,0.9810554385185242
76_class-14,0,0.4761715531349182,0,0.9888275265693665,0.9882925748825073,1.0,0.9376493692398071
76_class-14,1,0.32982346415519714,0,0.9927091002464294,0.9970072507858276,0.7739225898692811,0.9798734188079834
76_class-14,2,0.3298400342464447,0,0.9928567409515381,0.9986851215362549,0.9982138175144205,0.9809001684188843
76_class-14,3,0.32970014214515686,1,0.9927797317504883,0.9997907876968384,0.9966780126988283,0.9807278513908386
76_class-14,4,0.32984092831611633,0,0.9928297400474548,0.9981389045715332,0.9960078534031414,0.9806469082832336
76_class-14,5,0.32978934049606323,0,0.992861807346344,0.9984641075134277,0.9964806023899165,0.9805260300636292
77_class-14,0,0.5057716369628906,0,0.9811527729034424,0.97301185131073,1.0,0.9723453521728516
77_class-14,1,0.8702194690704346,0,0.9850512742996216,0.9896273016929626,0.11606372838273342,0.9907684922218323
77_class-14,2,0.41843461990356445,1,0.985403299331665,1.0030133724212646,0.07143850282250215,0.9787106513977051
77_class-14,3,0.41838863492012024,0,0.98509681224823,0.9981259107589722,0.997681296252586,0.9777157306671143
77_class-14,4,0.4204660654067993,0,0.9845252633094788,0.9826205968856812,0.9795237435968435,0.9635511040687561
77_class-14,5,0.4187057316303253,0,0.9853764176368713,0.9728683233261108,0.9788667008494893,0.9615621566772461
78_class-13,0,0.7486171126365662,0,0.9936028122901917,0.9415394067764282,1.0,0.8479808568954468
78_class-13,1,0.8633893132209778,1,0.9849258661270142,0.9813429117202759,0.662226252954907,0.941142737865448
78_class-13,2,0.786692202091217,0,0.9913531541824341,0.9514265060424805,0.8138706181051506,0.8610316514968872
78_class-13,3,0.8616069555282593,0,0.9842065572738647,0.9791785478591919,0.8172205886720723,0.934873640537262
78_class-13,4,0.8287211656570435,0,0.9908994436264038,0.9546928405761719,0.9185265054724311,0.8877127170562744
78_class-13,5,0.8596445322036743,0,0.9859102964401245,0.9786036014556885,0.9216635722242852,0.9319458603858948
79_class-14,0,0.5249300599098206,1,0.9715327024459839,0.9986963272094727,1.0,0.91810542345047
79_class-14,1,0.47753962874412537,0,0.9722933769226074,0.9956063032150269,0.9730453068246989,0.9148180484771729
79_class-14,2,0.4776160717010498,0,0.9714672565460205,0.9899442195892334,0.9845699480948971,0.9173890352249146
79_class-14,3,0.49325504899024963,0,0.9724053740501404,0.9541207551956177,0.9526190806350967,0.829850971698761
79_class-14,4,0.4997689127922058,0,0.9733964204788208,0.9344264268875122,0.9574418423714308,0.775316596031189
79_class-14,5,0.4979199171066284,0,0.9725109934806824,0.961815595626831,0.9579789466471379,0.8692435622215271
80_class-14,0,0.9016144275665283,0,0.9969448447227478,0.9384618997573853,1.0,0.969940721988678
80_class-14,1,0.5322908163070679,0,0.9989776611328125,0.9459264278411865,0.32055695103420473,0.9031678438186646
80_class-14,2,0.8212275505065918,1,0.9969203472137451,0.9959713220596313,0.32880713918849513,0.992459774017334
80_class-14,3,0.8211352825164795,0,0.9968701004981995,0.9795056581497192,0.9946650661865226,0.9903789758682251
80_class-14,4,0.8209080696105957,0,0.9968962669372559,0.9998157620429993,0.991998399679936,0.9558150172233582
80_class-14,5,0.5709754228591919,0,0.9964075088500977,0.9200830459594727,0.4322071847945069,0.8439899682998657
81_class-10,0,0.3964802324771881,0,0.9892826676368713,0.9755728244781494,1.0,0.9734901785850525
81_class-10,1,0.362639844417572,0,0.9896143078804016,0.9826768636703491,0.9808917197452229,0.9819568395614624
81_class-10,2,0.35219448804855347,1,0.9876745939254761,0.9987460374832153,0.6543169037380085,0.9740619659423828
81_class-10,3,0.5873141288757324,0,0.9837287664413452,0.9715168476104736,0.2985039777181074,0.9035701751708984
81_class-10,4,0.5659022331237793,0,0.9806069135665894,0.9718164205551147,0.8495301804163892,0.8868135809898376
81_class-10,5,0.5485008955001831,0,0.9699544310569763,0.9542518854141235,0.9183678951326958,0.8758936524391174
82_class-12,0,0.38770776987075806,0,0.9953470230102539,0.9788204431533813,1.0,0.9755727648735046
82_class-12,1,0.3685564696788788,0,0.9915029406547546,1.0041778087615967,0.943791876912896,0.9962760806083679
82_class-12,2,0.36849987506866455,1,0.9914778470993042,1.0077331066131592,0.9980376766091051,0.9966675043106079
82_class-12,3,0.3685022294521332,0,0.9914575219154358,1.0074198246002197,0.9996068667278207,0.9968309998512268
82_class-12,4,0.6230832934379578,0,0.9876537919044495,0.9969309568405151,0.46143445269615757,0.9776700139045715
82_class-12,5,0.368603378534317,0,0.9915661811828613,0.9747381806373596,0.4612636253532499,0.993790328502655
83_class-14,0,0.39224034547805786,1,0.9904913902282715,0.9794944524765015,1.0,0.9657270908355713
83_class-14,1,0.5310589075088501,0,0.9933844208717346,0.930844783782959,0.416668122957552,0.8082809448242188
83_class-14,2,0.7746708393096924,0,0.984427273273468,0.8510704040527344,0.19242602226324326,0.5625768899917603
83_class-14,3,0.5392924547195435,0,0.9972283840179443,0.9284530878067017,0.20554509669690227,0.8274787664413452
83_class-14,4,0.4876694679260254,0,0.9937988519668579,0.949857234954834,0.7076108906065037,0.8719589114189148
83_class-14,5,0.37852048873901367,0,0.988994836807251,0.9550541639328003,0.620473368680043,0.9579480290412903
84_class-11,0,0.9936874508857727,0,0.9883347749710083,0.9978011846542358,1.0,0.9820164442062378
84_class-11,1,0.8355468511581421,0,0.9871180057525635,0.9940555095672607,0.7294608832100425,0.9811715483665466
84_class-11,2,0.974867582321167,0,0.9882943630218506,0.9994467496871948,0.7285209886229894,0.9821146130561829
84_class-11,3,0.9765651226043701,1,0.988204836845398,0.9978134632110596,0.9827173550038962,0.9890663623809814
84_class-11,4,0.9753897786140442,0,0.9883741140365601,0.9979935884475708,0.9842762919878663,0.9824260473251343
84_class-11,5,0.8350973129272461,0,0.987138569355011,0.9964015483856201,0.7292262004818737,0.9816610813140869
85_class-10,0,0.3390507102012634,0,0.9710008502006531,1.0068700313568115,1.0,0.9921631217002869
85_class-10,1,0.31224769353866577,0,0.9710885286331177,1.0052956342697144,0.9975178344571485,0.9909534454345703
85_class-10,2,0.3121928870677948,0,0.9709681272506714,1.011221170425415,0.9973773828629585,0.991225004196167
85_class-10,3,0.31218037009239197,1,0.971104621887207,1.010668396949768,0.9990783771594407,0.991476833820343
85_class-10,4,0.31220564246177673,0,0.9708985090255737,1.0106911659240723,0.9995881706934421,0.99156653881073
85_class-10,5,0.4442308247089386,0,0.987801730632782,0.9430166482925415,0.2717172070465065,0.6637454628944397
86_class-14,0,0.9929695129394531,1,0.9983529448509216,1.0104711055755615,1.0,0.9915246367454529
86_class-14,1,0.9313539862632751,0,0.9983745813369751,1.0102466344833374,0.9988234371323241,0.9911164045333862
86_class-14,2,0.9312772750854492,0,0.9983754754066467,1.0096423625946045,0.999235189143608,0.9910435080528259
86_class-14,3,0.9313333630561829,0,0.9983746409416199,1.0099296569824219,0.9996077046800832,0.9909753203392029
86_class-14,4,0.9313180446624756,0,0.9983510971069336,1.0098097324371338,0.9995096308501039,0.9910284280776978
86_class-14,5,0.9313602447509766,0,0.998347282409668,1.0100395679473877,0.9992352041416638,0.9911882281303406
87_class-12,0,0.33917132019996643,1,0.9388042688369751,0.9986504316329956,1.0,0.9789510369300842
87_class-12,1,0.3688483238220215,0,0.9563776254653931,0.9563490152359009,0.6812937809946783,0.901885986328125
87_class-12,2,0.32450878620147705,0,0.9373621940612793,0.9968158006668091,0.680131797426318,0.9780703783035278
87_class-12,3,0.3240611255168915,0,0.9317227602005005,0.9957003593444824,0.9958664794883794,0.9779067039489746
87_class-12,4,0.3241601884365082,0,0.9299697875976562,0.9964828491210938,0.9981029106029106,0.977515459060669
87_class-12,5,0.3242240846157074,0,0.9377108812332153,0.998113751411438,0.9977906009565398,0.9785585999488831
88_class-14,0,0.7630388736724854,0,0.9885419607162476,0.985090970993042,1.0,0.9891766905784607
88_class-14,1,0.8839836716651917,0,0.9952472448348999,0.9581171274185181,0.6284121711907762,0.9256707429885864
88_class-14,2,0.7320116758346558,1,0.9884560108184814,0.9987404346466064,0.6274674186418718,0.9939818978309631
88_class-14,3,0.8855793476104736,0,0.9941740036010742,0.9151363372802734,0.49470357378529506,0.8418834805488586
88_class-14,4,0.7320095300674438,0,0.988458514213562,0.9986902475357056,0.49451503159064086,0.9939919710159302
88_class-14,5,0.8792415857315063,0,0.9953697919845581,0.9864990711212158,0.6455725724947524,0.9171710014343262
89_class-12,0,0.4322948455810547,0,0.9879400730133057,0.9328120946884155,1.0,0.8918538689613342
89_class-12,1,0.476123571395874,0,0.9946766495704651,0.9446910619735718,0.5056655569184043,0.932114839553833
89_class-12,2,0.3164159059524536,1,0.9846172332763672,0.9826103448867798,0.1229261744966443,0.9838680624961853
89_class-12,3,0.8059173822402954,0,0.9664417505264282,0.9624245166778564,0.19523898041220344,0.9407246112823486
89_class-12,4,0.3165797293186188,0,0.9834632873535156,0.9791926145553589,0.19543091114238853,0.9817360639572144
89_class-12,5,0.3168054223060608,0,0.9841232299804688,0.9820659160614014,0.9718052830877321,0.9824360013008118
90_class-14,0,0.8112988471984863,0,0.9886208772659302,0.951424241065979,1.0,0.7290136218070984
90_class-14,1,0.22057132422924042,0,0.9850374460220337,0.9207904934883118,0.02634690622247264,0.8665878772735596
90_class-14,2,0.41725435853004456,1,0.9970278143882751,0.9923208951950073,0.022947803513370467,0.9908565878868103
90_class-14,3,0.6137830018997192,0,0.9872675538063049,0.9700928926467896,0.3311942170096629,0.8703632354736328
90_class-14,4,0.5949228405952454,0,0.9918645024299622,0.9765950441360474,0.9244875414262919,0.8623247742652893
90_class-14,5,0.6167063117027283,0,0.9877875447273254,0.9745454788208008,0.8893583311328228,0.8490822315216064
91_class-12,0,0.676523745059967,0,0.99674391746521,0.9742788076400757,1.0,0.9701342582702637
91_class-12,1,0.6170185208320618,0,0.9971281290054321,0.915169358253479,0.801539442074815,0.8736011981964111
91_class-12,2,0.646979570388794,0,0.9967116713523865,0.9727778434753418,0.8046331668135959,0.9685810804367065
91_class-12,3,0.6477744579315186,0,0.9967496991157532,0.9744788408279419,0.9891042619792921,0.9712073802947998
91_class-12,4,0.5934189558029175,0,0.9882391095161438,0.892510175704956,0.17266907634019946,0.4195958077907562
91_class-12,5,0.642678439617157,1,0.9964443445205688,0.9770463705062866,0.16305438053290305,0.97193843126297
92_class-14,0,0.2420618236064911,0,0.974016547203064,0.9795733690261841,1.0,0.8851220011711121
92_class-14,1,0.25784212350845337,0,0.9490488171577454,0.9711685180664062,0.8563114604277098,0.9176538586616516
92_class-14,2,0.44484764337539673,1,0.9870538115501404,0.9703569412231445,0.02018386201246985,0.9698718786239624
92_class-14,3,0.24240116775035858,0,0.9710921049118042,0.9744439125061035,0.09243106784375378,0.8659098744392395
92_class-14,4,0.6021407842636108,0,0.9813247323036194,0.9590094089508057,0.05546218487394958,0.9467852711677551
92_class-14,5,0.031091682612895966,0,0.9288266897201538,0.9582334756851196,0.04264577545415969,0.5539899468421936
93_class-11,0,0.6444305181503296,0,0.9921408891677856,0.9857757687568665,1.0,0.9689064025878906
93_class-11,1,0.788689136505127,1,0.991161584854126,1.0047240257263184,0.6817459450934721,0.987402081489563
93_class-11,2,0.7883362174034119,0,0.991152822971344,1.0008944272994995,0.9969789619276407,0.9860971570014954
93_class-11,3,0.7883121371269226,0,0.9910720586776733,1.0019423961639404,0.9987222702215949,0.9853870272636414
93_class-11,4,0.7887144088745117,0,0.9910404682159424,1.0044993162155151,0.9955725376031053,0.987642765045166
93_class-11,5,0.7887479066848755,0,0.9910065531730652,1.004542589187622,0.9993450655540866,0.9871865510940552
94_class-13,0,0.7196258306503296,0,0.9705211520195007,0.9191684722900391,1.0,0.931269645690918
94_class-13,1,0.6514951586723328,0,0.958867609500885,0.9696909189224243,0.9095944423582426,0.9470681548118591
94_class-13,2,0.8068108558654785,0,0.9778837561607361,0.9788274765014648,0.6341668037506168,0.9118149876594543
94_class-13,3,0.6409807801246643,0,0.9614473581314087,0.9840381145477295,0.6839828253310042,0.9767842292785645
94_class-13,4,0.8195379972457886,0,0.9809666872024536,0.9626719951629639,0.6494508528653823,0.9326634407043457
94_class-13,5,0.8056678175926208,1,0.9774687886238098,0.9823658466339111,0.9299012889415895,0.918491542339325
95_class-14,0,0.37703198194503784,0,0.9712278842926025,0.965476393699646,1.0,0.917090117931366
95_class-14,1,0.3103500008583069,0,0.9769673347473145,0.9841557741165161,0.9084006744865333,0.8268554210662842
95_class-14,2,0.30542340874671936,0,0.9802495241165161,0.9722495079040527,0.6032768169208736,0.9185948967933655
95_class-14,3,0.4108515977859497,1,0.9862416386604309,0.9543594121932983,0.4361950051963594,0.9109722971916199
95_class-14,4,0.4755423069000244,0,0.9863961935043335,0.9176371097564697,0.6614040182696623,0.8425536751747131
95_class-14,5,0.24448494613170624,0,0.9850810170173645,0.928604006767273,0.15223236793456948,0.8702973127365112
96_class-14,0,0.2915736436843872,0,0.9716295003890991,0.9840213060379028,1.0,0.9191378951072693
96_class-14,1,0.8366206288337708,1,0.9973001480102539,0.9309942722320557,0.11915654917170834,0.911624550819397
96_class-14,2,0.03877011314034462,0,0.957772970199585,0.964996337890625,0.05717844689233989,0.5860545039176941
96_class-14,3,0.03353594243526459,0,0.9531040191650391,0.9394625425338745,0.9631575528545063,0.4750114381313324
96_class-14,4,0.3008663058280945,0,0.9725713729858398,0.9651796817779541,0.5179262010669357,0.8549293875694275
96_class-14,5,0.03423772007226944,0,0.9559228420257568,0.9669977426528931,0.49656019372249793,0.6564417481422424
97_class-14,0,0.27963823080062866,0,0.9851770401000977,0.9554541110992432,1.0,0.8663580417633057
97_class-14,1,0.6486555337905884,0,0.9599349498748779,0.9952911138534546,0.12891947388867306,0.9685346484184265
97_class-14,2,0.6594326496124268,0,0.9624056816101074,0.9971460103988647,0.9744351488247681,0.9800246357917786
97_class-14,3,0.6593784093856812,1,0.9630210399627686,0.9999336004257202,0.9987512837270096,0.9843882918357849
97_class-14,4,0.9339525699615479,0,0.9420241713523865,1.0002974271774292,0.6522085889570552,0.9158646464347839
97_class-14,5,0.6571006178855896,0,0.9604429006576538,0.9949675798416138,0.6495127985826867,0.9747387170791626
98_class-12,0,0.994038462638855,0,0.9958621263504028,0.9940919876098633,1.0,0.9839460253715515
98_class-12,1,0.9065052270889282,1,0.9959043264389038,0.9946470260620117,0.9976020249567032,0.9843577146530151
98_class-12,2,0.8969769477844238,0,0.9960305094718933,0.9967595338821411,0.9687798591205031,0.965423047542572
98_class-12,3,0.8968942165374756,0,0.9959932565689087,0.99614018201828,0.9975501419543914,0.9652140140533447
98_class-12,4,0.8967389464378357,0,0.995986819267273,0.9969825148582458,0.9974570446735396,0.9643686413764954
98_class-12,5,0.8985446095466614,0,0.9959429502487183,0.9970763325691223,0.9936953194599905,0.9660868048667908
99_class-14,0,0.39646288752555847,0,0.920215904712677,1.0013213157653809,1.0,0.9859177470207214
99_class-14,1,0.3729165196418762,0,0.9203833341598511,1.0017213821411133,0.998826680835049,0.9860050082206726
99_class-14,2,0.3728806674480438,1,0.9206631183624268,1.0011303424835205,0.998715791338234,0.9857715964317322
99_class-14,3,0.3740832209587097,0,0.9194748401641846,0.995570957660675,0.9707608816037213,0.9682084918022156
99_class-14,4,0.37289369106292725,0,0.9198098182678223,1.0011926889419556,0.9695581956151412,0.9860712289810181
99_class-14,5,0.37292996048927307,0,0.9205341339111328,0.9943439960479736,0.9966826635999735,0.9847688674926758
100_class-13,0,0.5435777306556702,0,0.9960875511169434,0.9455654621124268,1.0,0.933881402015686
100_class-13,1,0.8557850122451782,0,0.9943044781684875,0.9867380857467651,0.328165664962834,0.978799045085907
100_class-13,2,0.6321568489074707,0,0.9962431192398071,0.9838849306106567,0.5544229796323709,0.962204098701477
100_class-13,3,0.8410297632217407,1,0.99427729845047,0.9984244108200073,0.5387630820843817,0.9771485924720764
100_class-13,4,0.7685022354125977,0,0.9959957599639893,0.9798744916915894,0.796340753673796,0.9696335792541504
100_class-13,5,0.7142360210418701,0,0.9949230551719666,0.9688527584075928,0.5651395029730142,0.9346294403076172
101_class-14,0,0.40756285190582275,0,0.9881349205970764,0.9711755514144897,1.0,0.9210079908370972
101_class-14,1,0.38446033000946045,0,0.9820375442504883,0.950541615486145,0.5335818834576084,0.8822352886199951
101_class-14,2,0.3595721125602722,0,0.9841400980949402,1.004043698310852,0.7239997742791039,0.986751139163971
101_class-14,3,0.3595343828201294,0,0.9841479659080505,1.0041499137878418,0.9991133748349368,0.987366795539856
101_class-14,4,0.39159584045410156,0,0.9892924427986145,0.9682083129882812,0.6871822143820691,0.9175304770469666
101_class-14,5,0.34476491808891296,1,0.9888113737106323,0.995580792427063,0.7962275899644553,0.96527099609375
102_class-14,0,0.20279379189014435,0,0.967355489730835,0.9661508798599243,1.0,0.7793481349945068
102_class-14,1,0.18726618587970734,0,0.9658557176589966,0.9676022529602051,0.9586651804895666,0.8565854430198669
102_class-14,2,0.19570177793502808,1,0.9684282541275024,0.9695695638656616,0.9308012456013957,0.8468599319458008
102_class-14,3,0.19325387477874756,0,0.9664387106895447,0.9668724536895752,0.9549927167870627,0.8504775166511536
102_class-14,4,0.1828169822692871,0,0.966262698173523,0.9676598310470581,0.9586920386037164,0.8443096876144409
102_class-14,5,0.18569649755954742,0,0.967362642288208,0.9702136516571045,0.9786165837310856,0.8459188938140869
103_class-14,0,0.370084285736084,0,0.983936071395874,0.9688539505004883,1.0,0.8579584956169128
103_class-14,1,0.39954543113708496,0,0.9653403162956238,0.9160242080688477,0.027034923355602734,0.856026828289032
103_class-14,2,0.4390382468700409,0,0.9796096682548523,0.9467381238937378,0.04148227041518997,0.9504191875457764
103_class-14,3,0.33697938919067383,1,0.9787873029708862,0.9940899610519409,0.2158702300912364,0.9711390733718872
103_class-14,4,0.4078429043292999,0,0.9723362922668457,0.901552677154541,0.4624496196363542,0.6945191025733948
103_class-14,5,0.3383249044418335,0,0.9811367392539978,0.9684867858886719,0.4297803175913623,0.8588610887527466
104_class-13,0,0.9337958097457886,0,0.9628665447235107,0.9891459941864014,1.0,0.9723377227783203
104_class-13,1,0.8565449118614197,1,0.9642878174781799,0.9870818853378296,0.9926468815545215,0.9705914258956909
104_class-13,2,0.8553500175476074,0,0.9674413800239563,0.9593911170959473,0.9806217392349674,0.9511803984642029
104_class-13,3,0.8493999242782593,0,0.9613579511642456,0.9815528392791748,0.9680427391937834,0.9495804905891418
104_class-13,4,0.8517546653747559,0,0.9618169069290161,0.9794619083404541,0.9919563058589871,0.9504921436309814
104_class-13,5,0.8580985069274902,0,0.9638544917106628,0.987104058265686,0.9690318846172399,0.9726700186729431
105_class-14,0,0.9722622036933899,1,0.9918792247772217,0.9873816967010498,1.0,0.9489535689353943
105_class-14,1,0.6767139434814453,0,0.9889780282974243,0.9140175580978394,0.5220279246306087,0.785976767539978
105_class-14,2,0.696476399898529,0,0.9901201725006104,0.9497532844543457,0.7353919419457253,0.86555016040802
105_class-14,3,0.6061221361160278,0,0.9812911152839661,0.9478616714477539,0.3251303584642654,0.7702467441558838
105_class-14,4,0.5537828207015991,0,0.9764096140861511,0.9231806993484497,0.17947815004862996,0.9016563892364502
105_class-14,5,0.7622377872467041,0,0.9902840852737427,0.9259213209152222,0.2516939716876094,0.8055696487426758
106_class-11,0,0.9415048360824585,0,0.9465740919113159,0.9812545776367188,1.0,0.9519320130348206
106_class-11,1,0.8956408500671387,0,0.9422743916511536,0.9868922233581543,0.9815095483479842,0.9557772874832153
106_class-11,2,0.9279848337173462,0,0.9513198137283325,0.9848026037216187,0.9451171843839244,0.9578974843025208
106_class-11,3,0.9308674335479736,0,0.9532566070556641,0.9848178625106812,0.9948355737829422,0.9558615684509277
106_class-11,4,0.9264730215072632,0,0.9511857032775879,0.9870457649230957,0.9915551480793009,0.9605185389518738
106_class-11,5,0.9533400535583496,1,0.9561474919319153,0.9827100038528442,0.9628736173217227,0.9536916017532349
107_class-13,0,0.8768376111984253,0,0.997169554233551,0.9644451141357422,1.0,0.9530216455459595
107_class-13,1,0.7150614857673645,0,0.9926361441612244,0.9554077386856079,0.46458340143170007,0.906586229801178
107_class-13,2,0.9165249466896057,0,0.9966093897819519,0.8526872396469116,0.5383776639682802,0.8149641156196594
107_class-13,3,0.6886357665061951,0,0.9921627044677734,0.9506328105926514,0.49072400915552344,0.9076148271560669
107_class-13,4,0.9409666657447815,1,0.9968188405036926,0.9934009313583374,0.4930906232046204,0.9863539934158325
107_class-13,5,0.5604102611541748,0,0.9707145690917969,0.9045644998550415,0.29582307803677427,0.8764841556549072
108_class-10,0,0.8651589155197144,1,0.9683763980865479,1.0016095638275146,1.0,0.9910622835159302
108_class-10,1,0.7740749716758728,0,0.9729217290878296,0.973427414894104,0.7820073649053695,0.9654884934425354
108_class-10,2,0.8070529699325562,0,0.9763386845588684,0.9603234529495239,0.6954964566029109,0.9654940962791443
108_class-10,3,0.7743591666221619,0,0.9725196361541748,0.9744085073471069,0.6941123051309217,0.977290689945221
108_class-10,4,0.623245358467102,0,0.9751423001289368,0.9461026191711426,0.6241011758734456,0.9537208676338196
108_class-10,5,0.6929183006286621,0,0.9689449071884155,0.9720674753189087,0.6229065701490706,0.9788591265678406
109_class-10,0,0.8534168004989624,0,0.9934917688369751,0.9189062118530273,1.0,0.9273356199264526
109_class-10,1,0.7805324792861938,0,0.9934479594230652,0.9415946006774902,0.952650615615067,0.9482688307762146
109_class-10,2,0.8935256004333496,0,0.9926202297210693,0.9679661393165588,0.7497204688908927,0.979221761226654
109_class-10,3,0.8159329295158386,0,0.9908810257911682,0.9827606678009033,0.8202463887904908,0.971124529838562
109_class-10,4,0.885553240776062,0,0.9912813901901245,0.9063599705696106,0.8184364152729567,0.9690219163894653
109_class-10,5,0.8941491842269897,1,0.9925569295883179,0.9903213381767273,0.9662603698382537,0.9778844714164734
110_class-14,0,0.8265470862388611,0,0.9633729457855225,0.9538651704788208,1.0,0.9426764249801636
110_class-14,1,0.8059600591659546,0,0.9626178741455078,0.9832261800765991,0.9958673391899345,0.9606592655181885
110_class-14,2,0.9686622619628906,0,0.9719980955123901,0.9925473928451538,0.793289179699968,0.9843093752861023
110_class-14,3,0.8056468963623047,0,0.9622180461883545,0.9862499237060547,0.7934859815321751,0.9746557474136353
110_class-14,4,0.9685282111167908,1,0.9719188809394836,1.0035032033920288,0.792952385512173,0.988869309425354
110_class-14,5,0.9685410857200623,0,0.9719711542129517,1.0031734704971313,0.9998093135287033,0.9888962507247925
111_class-14,0,0.4429272413253784,0,0.9658832550048828,0.9609582424163818,1.0,0.9590076208114624
111_class-14,1,0.5035340189933777,0,0.9762207865715027,0.9479022026062012,0.559523158527916,0.8753885626792908
111_class-14,2,0.43079912662506104,1,0.9636046886444092,0.99306321144104,0.48183582538337477,0.983198881149292
111_class-14,3,0.4030974805355072,0,0.9679672122001648,0.9412537813186646,0.46177387857413504,0.9016181826591492
111_class-14,4,0.4273974895477295,0,0.9662173390388489,0.9486364126205444,0.5197673752363491,0.936916708946228
111_class-14,5,0.4176486134529114,0,0.9740058183670044,0.9511135816574097,0.5897863164085474,0.8729208707809448
112_class-14,0,0.5562739372253418,0,0.9944708943367004,0.886793851852417,1.0,0.7572171688079834
112_class-14,1,0.472317099571228,0,0.9848302602767944,0.988794207572937,0.21138458730110438,0.9426788687705994
112_class-14,2,0.5864343643188477,0,0.9921026825904846,0.9765594005584717,0.18192988418603434,0.9617095589637756
112_class-14,3,0.43567129969596863,0,0.9806443452835083,0.9305205941200256,0.3599409217548924,0.985812783241272
112_class-14,4,0.5867657661437988,1,0.9934574961662292,0.9732164144515991,0.35995436394751856,0.9597400426864624
112_class-14,5,0.4077635407447815,0,0.9811466336250305,0.9909900426864624,0.2488285068941105,0.990915060043335
113_class-10,0,0.30118006467819214,0,0.613003134727478,0.896454930305481,1.0,0.5356443524360657
113_class-10,1,0.2596244215965271,0,0.9563074111938477,0.9492428302764893,0.2529499156447511,0.7596924304962158
113_class-10,2,0.44372695684432983,0,0.960220992565155,0.8218104839324951,0.24990831840233027,0.46340587735176086
113_class-10,3,0.5955354571342468,1,0.9762716889381409,0.9593839645385742,0.13298781556802244,0.887867271900177
113_class-10,4,0.6199610233306885,0,0.9644423723220825,0.9246411323547363,0.9268797497353578,0.8379128575325012
113_class-10,5,0.6221919655799866,0,0.9592151045799255,0.8522650003433228,0.4369299457850537,0.6105594635009766
114_class-14,0,0.20424844324588776,1,0.9982138872146606,0.9877375364303589,1.0,0.987305760383606
114_class-14,1,0.3025849759578705,0,0.9917888045310974,0.9412415623664856,0.09099865651589789,0.9688153862953186
114_class-14,2,0.6519424319267273,0,0.9621212482452393,0.9258277416229248,0.11884877296672235,0.6498709321022034
114_class-14,3,0.3027909994125366,0,0.9918984174728394,0.9697743654251099,0.11839751997138429,0.9723598957061768
114_class-14,4,0.39763158559799194,0,0.9832470417022705,0.9740232229232788,0.5378611723315203,0.963356077671051
114_class-14,5,0.1987154334783554,0,0.9933964610099792,0.8389785289764404,0.06026249429144412,0.9350919127464294
115_class-11,0,0.9816054701805115,0,0.9857791662216187,0.9881407022476196,1.0,0.9799384474754333
115_class-11,1,0.9439996480941772,0,0.986294150352478,0.9976476430892944,0.9973961192765604,0.9824585318565369
115_class-11,2,0.9436430931091309,0,0.9864309430122375,1.0033056735992432,0.9981317214852029,0.9796910881996155
115_class-11,3,0.898557722568512,0,0.9847809672355652,0.9727151393890381,0.9241866220248927,0.9407293200492859
115_class-11,4,0.9441391229629517,1,0.9868837594985962,1.0021038055419922,0.9251018626309663,0.9785909056663513
115_class-11,5,0.8221156597137451,0,0.9755251407623291,0.9711785316467285,0.8013293386036909,0.9190244078636169
116_class-14,0,0.4344724714756012,0,0.9629212617874146,0.9878342151641846,1.0,0.9568703770637512
116_class-14,1,0.4147542417049408,0,0.9614975452423096,0.9685235023498535,0.9828248674402521,0.9174626469612122
116_class-14,2,0.4142002463340759,0,0.9620062112808228,0.9797192811965942,0.9847494553376906,0.9485682249069214
116_class-14,3,0.8863987326622009,1,0.9867380261421204,0.9713196754455566,0.15892280756083327,0.967167854309082
116_class-14,4,0.4486604928970337,0,0.9550966024398804,0.98015296459198,0.21867076175850864,0.9280816316604614
116_class-14,5,0.7142638564109802,0,0.97735595703125,0.9364726543426514,0.3594974946656757,0.8728131055831909
117_class-10,0,0.2838151752948761,0,0.7685911059379578,0.849143385887146,1.0,0.62108314037323
117_class-10,1,0.26734092831611633,0,0.7585559487342834,0.9022949934005737,0.6790396789704916,0.45366138219833374
117_class-10,2,0.2907707989215851,0,0.7515723705291748,0.9253895282745361,0.6102720182613658,0.8836254477500916
117_class-10,3,0.26451873779296875,0,0.7573724985122681,0.8776348829269409,0.5783022512555754,0.5448190569877625
117_class-10,4,0.27233660221099854,0,0.7506957054138184,0.9650769233703613,0.5949472314587249,0.9645902514457703
117_class-10,5,0.27088648080825806,1,0.7497252225875854,0.9719761610031128,0.9512509928514694,0.9680355191230774
118_class-12,0,0.8042618036270142,0,0.9941663146018982,0.9732074737548828,1.0,0.9544540047645569
118_class-12,1,0.7667957544326782,0,0.9944647550582886,0.936152458190918,0.9759907793244081,0.9156447649002075
118_class-12,2,0.7622894644737244,0,0.9942912459373474,0.9739773273468018,0.978731700400553,0.9509324431419373
118_class-12,3,0.766123354434967,1,0.9939080476760864,0.9752873182296753,0.9847360912981455,0.9565703868865967
118_class-12,4,0.7628810405731201,0,0.9937515258789062,0.9742521047592163,0.9898663139834144,0.9548091292381287
118_class-12,5,0.7605133056640625,0,0.9929149746894836,0.9488492608070374,0.9807578607901102,0.9420304894447327
119_class-14,0,0.49750861525535583,0,0.9911485314369202,0.972209095954895,1.0,0.9387000203132629
119_class-14,1,0.8283509016036987,0,0.9909909963607788,0.9803094863891602,0.129262907013424,0.9574016332626343
119_class-14,2,0.6311451196670532,1,0.9945296049118042,0.9848870038986206,0.4914031924717471,0.9808610081672668
119_class-14,3,0.8910714983940125,0,0.9902114868164062,0.9904013872146606,0.42291635604592215,0.9900994300842285
119_class-14,4,0.8914939165115356,0,0.990318775177002,0.9957680702209473,0.9950354609929078,0.9904605150222778
119_class-14,5,0.8087409734725952,0,0.9893176555633545,1.0016056299209595,0.7923731978785389,0.988928496837616
120_class-14,0,0.5564108490943909,0,0.9819989800453186,0.9297000169754028,1.0,0.8287125825881958
120_class-14,1,0.51346755027771,1,0.9842495322227478,0.9322036504745483,0.6956040277098194,0.8824664354324341
120_class-14,2,0.0525861531496048,0,0.9046927690505981,0.9927053451538086,0.135061657259488,0.8248234987258911
120_class-14,3,0.05031527206301689,0,0.9070954322814941,0.9885469675064087,0.9881181377836656,0.8232277035713196
120_class-14,4,0.43854010105133057,0,0.9833734035491943,0.9078080654144287,0.08443439289567599,0.9338831901550293
120_class-14,5,0.05286683514714241,0,0.9003737568855286,0.9837185144424438,0.08118387329959913,0.7413621544837952
121_class-11,0,0.3307909071445465,0,0.932961106300354,0.9524623155593872,1.0,0.8397234678268433
121_class-11,1,0.30437731742858887,0,0.9295197129249573,0.9620956182479858,0.8791356957649092,0.9135539531707764
121_class-11,2,0.3053295612335205,0,0.9337531328201294,0.9623340368270874,0.9846726945610556,0.9180627465248108
121_class-11,3,0.31624042987823486,0,0.9320158958435059,0.968073844909668,0.9305443912440732,0.9104132652282715
121_class-11,4,0.3133772313594818,1,0.9339452385902405,0.9686882495880127,0.9612248617777508,0.9252385497093201
121_class-11,5,0.2413281500339508,0,0.9415891766548157,0.8982547521591187,0.22970805261469363,0.7847864031791687
122_class-14,0,0.36660823225975037,1,0.9915036559104919,0.992897629737854,1.0,0.9781967997550964
122_class-14,1,0.35986313223838806,0,0.9894819259643555,0.9789628982543945,0.9805397781420349,0.9621805548667908
122_class-14,2,0.3593706786632538,0,0.9906244277954102,0.9860104322433472,0.9853132908965412,0.9697636365890503
122_class-14,3,0.3589232861995697,0,0.9910576343536377,0.9935880899429321,0.9922994815492528,0.9785985350608826
122_class-14,4,0.7621537446975708,0,0.9885379672050476,0.9806143045425415,0.16657653535227476,0.9297299385070801
122_class-14,5,0.5311782360076904,0,0.9866123199462891,0.9807039499282837,0.4519348446879189,0.9195897579193115
123_class-14,0,0.5065513849258423,0,0.988722026348114,1.0090957880020142,1.0,0.9906579256057739
123_class-14,1,0.4902403950691223,0,0.9888597726821899,0.9867693185806274,0.9948625397212042,0.9820328950881958
123_class-14,2,0.4884425401687622,0,0.9888584017753601,1.0006650686264038,0.9922064676341141,0.9867979288101196
123_class-14,3,0.4895540475845337,0,0.9887623190879822,1.0097270011901855,0.9940103849517842,0.9925854206085205
123_class-14,4,0.48731881380081177,0,0.9887911677360535,1.0009446144104004,0.9905339725208419,0.9856412410736084
123_class-14,5,0.4895492196083069,1,0.9887635111808777,1.0095746517181396,0.9904462476890546,0.9931676387786865
124_class-13,0,0.9313936233520508,1,0.9892041683197021,0.9821975231170654,1.0,0.9295822381973267
124_class-13,1,0.8800241351127625,0,0.9897422194480896,0.9794713258743286,0.9855777699489167,0.9281005859375
124_class-13,2,0.8786720037460327,0,0.9891582131385803,0.9792457818984985,0.9850920461552013,0.923262357711792
124_class-13,3,0.877760648727417,0,0.9893084764480591,0.9775729179382324,0.9938602119609709,0.923029363155365
124_class-13,4,0.87136310338974,0,0.9903993010520935,0.9788491725921631,0.9846972721224219,0.9183195233345032
124_class-13,5,0.8771070241928101,0,0.989988386631012,0.9784948825836182,0.9859120503077573,0.9266958236694336
125_class-14,0,0.7496377825737,0,0.9934907555580139,0.9637808799743652,1.0,0.9466754794120789
125_class-14,1,0.8108704090118408,0,0.9944700598716736,0.9846097230911255,0.6639563046809352,0.9523735046386719
125_class-14,2,0.8330519795417786,0,0.9944307804107666,0.9792267084121704,0.9010591133004926,0.9490035176277161
125_class-14,3,0.7216616868972778,0,0.9941340088844299,0.9702190160751343,0.747140456442782,0.9445324540138245
125_class-14,4,0.8229005336761475,1,0.9951388239860535,0.9841352701187134,0.7546772943651058,0.9480035305023193
125_class-14,5,0.7978940606117249,0,0.9942858815193176,0.983924150466919,0.9288057377960636,0.9419096112251282
126_class-14,0,0.43952375650405884,0,0.9718032479286194,0.9982014298439026,1.0,0.9023933410644531
126_class-14,1,0.4277125597000122,0,0.972053050994873,0.9958463311195374,0.9945749833142231,0.9080204963684082
126_class-14,2,0.42721664905548096,0,0.9720878005027771,0.99568772315979,0.9972961872818126,0.9129680395126343
126_class-14,3,0.42669546604156494,0,0.9718578457832336,0.9971305727958679,0.9974439908052287,0.9100828766822815
126_class-14,4,0.46721258759498596,1,0.9722543358802795,0.9945231676101685,0.8533650318452644,0.9560731053352356
126_class-14,5,0.4275892376899719,0,0.9720412492752075,0.9988265633583069,0.8567990373044525,0.9070041179656982
127_class-14,0,0.3402041494846344,1,0.987338125705719,0.9985113143920898,1.0,0.9766432642936707
127_class-14,1,0.2190117985010147,0,0.9329526424407959,0.9944876432418823,0.5729789499549512,0.9839184880256653
127_class-14,2,0.21931195259094238,0,0.9319950342178345,0.9961000680923462,0.9987180099149658,0.9835176467895508
127_class-14,3,0.21937178075313568,0,0.932209849357605,0.9945828914642334,0.999113698807584,0.9841521382331848
127_class-14,4,0.22064173221588135,0,0.9297578930854797,0.9680463075637817,0.988899873862203,0.9499226212501526
127_class-14,5,0.2187720537185669,0,0.9334429502487183,0.9948625564575195,0.9891885242540629,0.9745323657989502
128_class-14,0,0.4119848906993866,0,0.990338921546936,0.9667688608169556,1.0,0.943785548210144
128_class-14,1,0.39523106813430786,0,0.9875243902206421,0.9877135753631592,0.6238346997675784,0.9805166721343994
128_class-14,2,0.37748008966445923,0,0.9911078214645386,0.9653457403182983,0.6008036851906302,0.9548054337501526
128_class-14,3,0.3951197862625122,1,0.9877349734306335,0.9871115684509277,0.6040905770635501,0.9828401803970337
128_class-14,4,0.3776364028453827,0,0.9908534288406372,0.9614436626434326,0.6062752040916691,0.9492562413215637
128_class-14,5,0.39435118436813354,0,0.9875527620315552,0.9436642527580261,0.5901591259074577,0.9582687616348267
129_class-14,0,0.3961947560310364,0,0.9896482229232788,0.9886391162872314,1.0,0.9779976606369019
129_class-14,1,0.33707278966903687,1,0.9896558523178101,0.9930610656738281,0.9911608411231344,0.9895325303077698
129_class-14,2,0.33667442202568054,0,0.9895087480545044,0.9935007095336914,0.9928620284466582,0.9797425866127014
129_class-14,3,0.3366250991821289,0,0.9895590543746948,0.9939041137695312,0.9994878044472704,0.9792599081993103
129_class-14,4,0.3372079133987427,0,0.9893434047698975,0.9891688823699951,0.9916945559040493,0.9893495440483093
129_class-14,5,0.33715951442718506,0,0.989599883556366,0.9894362688064575,0.9992818356980206,0.989077091217041
130_class-12,0,0.6389777064323425,0,0.9914612174034119,0.9808691740036011,1.0,0.9781175255775452
130_class-12,1,0.5524441003799438,0,0.9879941940307617,0.9571938514709473,0.6138800229151322,0.912226140499115
130_class-12,2,0.8418985605239868,0,0.9935386776924133,0.9829889535903931,0.35441045161896706,0.9708999991416931
130_class-12,3,0.7285443544387817,0,0.979129433631897,0.8737874031066895,0.6850711403695052,0.7614413499832153
130_class-12,4,0.5981019735336304,0,0.9818132519721985,0.9172618389129639,0.5350241825376623,0.8306244015693665
130_class-12,5,0.8434098958969116,1,0.9939078092575073,0.9867566823959351,0.44564242856157615,0.9733390808105469
131_class-14,0,0.44721344113349915,0,0.9945701956748962,0.8996460437774658,1.0,0.7932845950126648
131_class-14,1,0.4887860417366028,0,0.9831414222717285,0.7316627502441406,0.24103221083455345,0.6584407687187195
131_class-14,2,0.42520153522491455,0,0.996211588382721,0.7774555683135986,0.2573287197231834,0.6222977638244629
131_class-14,3,0.42538395524024963,0,0.9942832589149475,0.7974661588668823,0.7490617963472604,0.6316804885864258
131_class-14,4,0.3980608582496643,1,0.9924178719520569,0.9212040901184082,0.5171834427982281,0.8543007969856262
131_class-14,5,0.7342818379402161,0,0.9932488203048706,0.7557724714279175,0.0522478442011433,0.6813286542892456
132_class-10,0,0.5900646448135376,0,0.9817168712615967,0.9755172729492188,1.0,0.9376243948936462
132_class-10,1,0.5702400803565979,1,0.9879343509674072,0.9623689651489258,0.48968741595812904,0.9227572679519653
132_class-10,2,0.3236808776855469,0,0.9836170673370361,0.9624825716018677,0.11132314243818171,0.8586353659629822
132_class-10,3,0.7841969728469849,0,0.9668302536010742,0.945368766784668,0.06571164947477998,0.8360985517501831
132_class-10,4,0.5742278099060059,0,0.9834885597229004,0.8969889879226685,0.5345500332078813,0.8329042196273804
132_class-10,5,0.6335940361022949,0,0.9855375289916992,0.8721225261688232,0.7728319416911956,0.7923698425292969
133_class-14,0,0.7496523857116699,0,0.9911479353904724,0.9784075021743774,1.0,0.96296226978302
133_class-14,1,0.8756425380706787,0,0.9951279759407043,0.9900510311126709,0.6802504793572971,0.9471074938774109
133_class-14,2,0.8404070138931274,0,0.9949047565460205,0.986824631690979,0.9435565718198604,0.9204603433609009
133_class-14,3,0.678837776184082,1,0.9920872449874878,0.9993898868560791,0.7112748501916004,0.9746112823486328
133_class-14,4,0.6790728569030762,0,0.9920945763587952,0.9992761611938477,0.9991236385098278,0.9747560620307922
133_class-14,5,0.6706360578536987,0,0.9882607460021973,0.9924039840698242,0.9460209486099125,0.9799022674560547
134_class-12,0,0.9701709747314453,0,0.9607670307159424,0.9698779582977295,1.0,0.9443951845169067
134_class-12,1,0.9216265678405762,0,0.9609304666519165,0.9695032835006714,0.9976785482264282,0.9430336356163025
134_class-12,2,0.9217575788497925,0,0.9606279730796814,0.9693688154220581,0.994386451249621,0.940743625164032
134_class-12,3,0.9210448861122131,1,0.961574137210846,0.9702188968658447,0.9950421246056236,0.9448372721672058
134_class-12,4,0.9243685603141785,0,0.9616844654083252,0.9698491096496582,0.9919968819020397,0.9398301839828491
134_class-12,5,0.9222301840782166,0,0.9616506099700928,0.9697278738021851,0.9943081588849205,0.9389405250549316
135_class-14,0,0.3568216562271118,0,0.9240888357162476,0.9685232639312744,1.0,0.8769890069961548
135_class-14,1,0.1988304853439331,0,0.9742029905319214,0.9749883413314819,0.6603175938837332,0.9049934148788452
135_class-14,2,0.7899190187454224,0,0.990817129611969,0.97684645652771,0.015101399173442024,0.9430030584335327
135_class-14,3,0.9507097005844116,1,0.9905247092247009,1.0116726160049438,0.6978068371257226,0.9939846396446228
135_class-14,4,0.3420618176460266,0,0.9226308465003967,0.9805526733398438,0.27612518235248207,0.9116041660308838
135_class-14,5,0.34129756689071655,0,0.9250717163085938,0.9792721271514893,0.9959019339995686,0.9201326966285706
136_class-14,0,0.997223973274231,0,0.981769323348999,0.9885932207107544,1.0,0.9817283749580383
136_class-14,1,0.842792272567749,0,0.9885615110397339,0.9159168004989624,0.7961996114618747,0.9425610303878784
136_class-14,2,0.9661318063735962,0,0.9817231297492981,0.9978936910629272,0.7950274733614644,0.9893277287483215
136_class-14,3,0.96598219871521,0,0.9817289710044861,0.998610258102417,0.9989324793167867,0.9879871606826782
136_class-14,4,0.966159999370575,0,0.9817103743553162,0.9974527359008789,0.9987418266389614,0.987829327583313
136_class-14,5,0.9660100936889648,1,0.9817720055580139,0.9980028867721558,0.9988558788757103,0.9899407625198364
137_class-14,0,0.36816754937171936,0,0.9501699805259705,0.9335323572158813,1.0,0.8160247802734375
137_class-14,1,0.8530697226524353,0,0.9784917831420898,0.9194936752319336,0.06437051971326165,0.9494922161102295
137_class-14,2,0.8042711019515991,1,0.971511721611023,0.9683436155319214,0.7737199316681287,0.9781216979026794
137_class-14,3,0.7447811365127563,0,0.9760242700576782,0.9308896064758301,0.49828977518015477,0.8493362069129944
137_class-14,4,0.9126851558685303,0,0.9786986112594604,0.8881065845489502,0.6212762558901046,0.9484362006187439
137_class-14,5,0.4348100423812866,0,0.9945792555809021,0.7930076122283936,0.019285108787793163,0.5200794339179993
138_class-13,0,0.9821929931640625,0,0.9918893575668335,0.9999078512191772,1.0,0.988869309425354
138_class-13,1,0.9643837809562683,1,0.9919508695602417,1.0010101795196533,0.9971018913971934,0.9895167350769043
138_class-13,2,0.9640949964523315,0,0.9915356636047363,1.0012601613998413,0.998879180783045,0.9893637299537659
138_class-13,3,0.9637293815612793,0,0.9914858341217041,1.000274896621704,0.9986743148502231,0.9892645478248596
138_class-13,4,0.9649718999862671,0,0.9919308423995972,0.9996278285980225,0.9957524734847522,0.9889700412750244
138_class-13,5,0.9533171653747559,0,0.9955377578735352,0.9669433832168579,0.9684018084344196,0.9552517533302307
139_class-14,0,0.7471515536308289,0,0.9363360404968262,0.989687442779541,1.0,0.9516482353210449
139_class-14,1,0.6329071521759033,0,0.9363117218017578,0.9890809059143066,0.991041961338991,0.9613654017448425
139_class-14,2,0.6347840428352356,0,0.9363946914672852,0.9865061044692993,0.9815055031446541,0.9306111931800842
139_class-14,3,0.6343047618865967,0,0.9364451169967651,0.9866149425506592,0.9900895712101051,0.9422222971916199
139_class-14,4,0.6336531639099121,1,0.9364475011825562,0.9887678623199463,0.9840090928687609,0.9646281599998474
139_class-14,5,0.6325131058692932,0,0.9364417791366577,0.9887080192565918,0.9950663690825796,0.963482677936554
140_class-11,0,0.9987128973007202,0,0.9922911524772644,1.0051066875457764,1.0,0.9861862063407898
140_class-11,1,0.7870277166366577,0,0.9947075843811035,0.9827241897583008,0.7275008908237408,0.9573742747306824
140_class-11,2,0.9515143632888794,0,0.9922642707824707,1.0048973560333252,0.7274966690422334,0.985993504524231
140_class-11,3,0.9515455961227417,0,0.992243766784668,1.005266547203064,0.9992557941739315,0.9869306087493896
140_class-11,4,0.9514459371566772,0,0.9921635985374451,1.0067346096038818,0.999170935992007,0.988322913646698
140_class-11,5,0.9514761567115784,1,0.9922095537185669,1.0070075988769531,0.9997236100776018,0.9883866310119629
141_class-14,0,0.34022682905197144,0,0.9937828779220581,0.9727863073348999,1.0,0.9772725701332092
141_class-14,1,0.3854844570159912,0,0.9907096028327942,0.999710202217102,0.6470942208438447,0.9912721514701843
141_class-14,2,0.3850531578063965,1,0.9904460906982422,1.004270076751709,0.9943234476367007,0.9888594150543213
141_class-14,3,0.2396678626537323,0,0.9934145212173462,0.9908552169799805,0.2134304207119741,0.990595281124115
141_class-14,4,0.3851322531700134,0,0.9906716346740723,0.9983909130096436,0.21319422002677624,0.989055871963501
141_class-14,5,0.38467878103256226,0,0.9905625581741333,0.9401166439056396,0.9920352954835714,0.9488390684127808
142_class-10,0,0.16469606757164001,0,0.9909312725067139,0.9964425563812256,1.0,0.9857461452484131
142_class-10,1,0.14868327975273132,0,0.9907186627388,1.002359390258789,0.995703125,0.9887009263038635
142_class-10,2,0.1485907882452011,1,0.9906830787658691,1.0035215616226196,0.9985689594290705,0.9890078902244568
142_class-10,3,0.14893823862075806,0,0.9908775687217712,0.9961661100387573,0.995206421166066,0.9858359694480896
142_class-10,4,0.1486164927482605,0,0.9907541871070862,1.0030730962753296,0.9957253043397454,0.9888160228729248
142_class-10,5,0.14864376187324524,0,0.9907293319702148,1.0031639337539673,0.9989777141688816,0.9890757203102112
143_class-14,0,0.19094374775886536,0,0.9851078391075134,0.978894829750061,1.0,0.9703074097633362
143_class-14,1,0.19367371499538422,1,0.9835547804832458,0.995058536529541,0.5425015903307888,0.9928890466690063
143_class-14,2,0.17314279079437256,0,0.9879594445228577,0.9560379981994629,0.5335596659642551,0.9336389303207397
143_class-14,3,0.1933751404285431,0,0.9887748956680298,0.9622375965118408,0.5332815232174082,0.9862498044967651
143_class-14,4,0.1939319372177124,0,0.9864674806594849,0.9849871397018433,0.9631310662663222,0.9815746545791626
143_class-14,5,0.18164938688278198,0,0.9877223968505859,0.9569987058639526,0.6628441476750375,0.9264307022094727
144_class-10,0,0.6584509611129761,0,0.9850690364837646,0.9458332061767578,1.0,0.7934234142303467
144_class-10,1,0.3436369299888611,0,0.9927828907966614,0.9793928861618042,0.1993357595500471,0.9705914855003357
144_class-10,2,0.33283817768096924,0,0.9926181435585022,0.9731267690658569,0.8806226516371444,0.9781230688095093
144_class-10,3,0.9589192271232605,0,0.9756332635879517,1.00523042678833,0.13142304340526237,0.9755391478538513
144_class-10,4,0.34312108159065247,1,0.9926300048828125,0.9911365509033203,0.13676276138370058,0.9744809865951538
144_class-10,5,0.4308009147644043,0,0.9856773614883423,0.9618916511535645,0.5162902370250426,0.852088212966919
145_class-14,0,0.5965940952301025,0,0.9967712759971619,0.9750980138778687,1.0,0.9900522232055664
145_class-14,1,0.6748164296150208,0,0.9848936200141907,0.937639594078064,0.2540535574847274,0.8761520385742188
145_class-14,2,0.6581043601036072,1,0.9969751834869385,0.9967678785324097,0.20154202620645573,0.9910971522331238
145_class-14,3,0.6531409621238708,0,0.9958086013793945,0.9118999242782593,0.3350921626565358,0.8148296475410461
145_class-14,4,0.527728259563446,0,0.9976807832717896,0.9385687112808228,0.3636563031200307,0.7593141198158264
145_class-14,5,0.8058109879493713,0,0.992522120475769,0.9512888193130493,0.19903518256674707,0.8572580814361572
146_class-13,0,0.7970948219299316,1,0.8363915085792542,0.983228325843811,1.0,0.8603412508964539
146_class-13,1,0.7566249966621399,0,0.8373416662216187,0.9786981344223022,0.9959751604009379,0.8489271402359009
146_class-13,2,0.7548338174819946,0,0.837046205997467,0.9765349626541138,0.9972752746657308,0.8456903100013733
146_class-13,3,0.7529256343841553,0,0.8344477415084839,0.97572922706604,0.9980681057132553,0.8397883772850037
146_class-13,4,0.7519944906234741,0,0.8319733738899231,0.9852535724639893,0.9968149594164184,0.8540502786636353
146_class-13,5,0.753003716468811,0,0.8336406350135803,0.9785664081573486,0.9965072500243979,0.8458457589149475
147_class-12,0,0.9450681805610657,0,0.9951145648956299,0.9515715837478638,1.0,0.9560160040855408
147_class-12,1,0.8371416926383972,1,0.9960917234420776,0.9712128639221191,0.9639832900530654,0.9541459083557129
147_class-12,2,0.8327323198318481,0,0.9955836534500122,0.9506639242172241,0.9622620254590515,0.9547040462493896
147_class-12,3,0.3499870300292969,0,0.9693074226379395,0.9556591510772705,0.1978800783314165,0.8861034512519836
147_class-12,4,0.35103660821914673,0,0.9682043790817261,0.9565908908843994,0.9939019146424412,0.8852091431617737
147_class-12,5,0.3508481979370117,0,0.970655083656311,0.9597229957580566,0.9900652385283694,0.8944961428642273
148_class-14,0,0.6517618894577026,0,0.9980071783065796,0.9482028484344482,1.0,0.9322108030319214
148_class-14,1,0.6933069229125977,0,0.9952697157859802,0.9128789901733398,0.2901506207291331,0.8225089311599731
148_class-14,2,0.5393818616867065,0,0.9958589673042297,0.9646968841552734,0.4148284645818655,0.9359220266342163
148_class-14,3,0.6234419345855713,0,0.9660356640815735,0.9625073671340942,0.1751135032972451,0.9456190466880798
148_class-14,4,0.6119537949562073,0,0.9964901804924011,0.9277013540267944,0.2179730499145948,0.8519716262817383
148_class-14,5,0.8723776340484619,1,0.998688817024231,0.9859428405761719,0.34811518848115186,0.9912089705467224
149_class-14,0,0.5356612205505371,0,0.997413694858551,0.8851065635681152,1.0,0.9526251554489136
149_class-14,1,0.4750592112541199,1,0.9972926378250122,0.9865430593490601,0.936627337832964,0.9784367680549622
149_class-14,2,0.3689621090888977,0,0.9963512420654297,0.8023561239242554,0.30265592685316206,0.8320807218551636
149_class-14,3,0.4281933605670929,0,0.9853365421295166,0.866756796836853,0.07232942644502874,0.6558269262313843
149_class-14,4,0.678309440612793,0,0.9895172119140625,0.8780549764633179,0.07219910371318822,0.8597824573516846
149_class-14,5,0.4794725179672241,0,0.9977516531944275,0.8861676454544067,0.008487343565877598,0.9452410340309143
150_class-10,0,0.1769198328256607,0,0.9758251309394836,0.9730275869369507,1.0,0.978141725063324
150_class-10,1,0.18022151291370392,0,0.962563157081604,0.8612962365150452,0.8444393276536956,0.9150801301002502
150_class-10,2,0.20003989338874817,0,0.9749830365180969,0.9256068468093872,0.5462863293864371,0.8605100512504578
150_class-10,3,0.1731189787387848,1,0.9763575792312622,0.9837143421173096,0.6057327525642827,0.9799796938896179
150_class-10,4,0.17322228848934174,0,0.975750207901001,0.9845383167266846,0.9969750985793766,0.9806153178215027
150_class-10,5,0.27381619811058044,0,0.9746602773666382,0.9032562971115112,0.2819255791665899,0.7035986185073853
151_class-14,0,0.30013418197631836,0,0.9926481246948242,0.9473248720169067,1.0,0.8730744123458862
151_class-14,1,0.36740583181381226,0,0.8282712697982788,0.8943667411804199,0.4213803265008084,0.5479181408882141
151_class-14,2,0.40608450770378113,0,0.8255733251571655,0.8904314041137695,0.9048392314161868,0.5498383045196533
151_class-14,3,0.38168036937713623,0,0.9942853450775146,0.881202220916748,0.06213245731435292,0.9652866721153259
151_class-14,4,0.43381306529045105,1,0.9971302151679993,0.986475944519043,0.734791962283151,0.9707202911376953
151_class-14,5,0.7876423597335815,0,0.9781917929649353,0.984368085861206,0.3398256484917352,0.966231644153595
152_class-14,0,0.3762962818145752,1,0.9846530556678772,1.007653832435608,1.0,0.993956983089447
152_class-14,1,0.3660878837108612,0,0.9849709868431091,1.0040197372436523,0.9976359839289312,0.9916731119155884
152_class-14,2,0.36654555797576904,0,0.984736442565918,1.0065573453903198,0.9977628635346756,0.9939145445823669
152_class-14,3,0.36604154109954834,0,0.9847769737243652,0.9974328279495239,0.9971157720611626,0.9896941781044006
152_class-14,4,0.36652952432632446,0,0.984778106212616,1.0028157234191895,0.9976552221703519,0.9932121634483337
152_class-14,5,0.3653945326805115,0,0.984700620174408,0.9969245195388794,0.9961805334521612,0.9884668588638306
153_class-14,0,0.7148910164833069,0,0.9959872961044312,0.9777517318725586,1.0,0.9401308298110962
153_class-14,1,0.8549560308456421,0,0.9960806369781494,0.9729012250900269,0.559488841110741,0.9362687468528748
153_class-14,2,0.8600273728370667,0,0.9945157766342163,0.9806417226791382,0.9620419630581625,0.9413798451423645
153_class-14,3,0.8877418041229248,0,0.9953061938285828,0.976529598236084,0.9134239069663423,0.9342692494392395
153_class-14,4,0.8592157959938049,0,0.9945055246353149,0.9862102270126343,0.9131308619919607,0.9422804117202759
153_class-14,5,0.6386098265647888,1,0.9910978674888611,1.003679871559143,0.5112230601842191,0.9875607490539551
154_class-14,0,0.37466961145401,1,0.9663372039794922,0.9962842464447021,1.0,0.9725722074508667
154_class-14,1,0.36381080746650696,0,0.9655564427375793,0.9945538640022278,0.9487324890261063,0.9456915259361267
154_class-14,2,0.3643987476825714,0,0.9654216766357422,0.9949637055397034,0.9915722880906034,0.9425910711288452
154_class-14,3,0.3303605616092682,0,0.97609543800354,0.9262160062789917,0.6232769517847468,0.9200372695922852
154_class-14,4,0.36377277970314026,0,0.9654385447502136,0.9947336912155151,0.6190005984440455,0.9443763494491577
154_class-14,5,0.3330684006214142,0,0.9754222631454468,0.9340614080429077,0.6396562591277345,0.8942574262619019
155_class-14,0,0.7712662220001221,0,0.9952538013458252,0.9841370582580566,1.0,0.9606020450592041
155_class-14,1,0.6753276586532593,1,0.9952478408813477,0.9982236623764038,0.973682815647196,0.9696954488754272
155_class-14,2,0.6679607629776001,0,0.9943326711654663,0.9607218503952026,0.97012760241773,0.9306710362434387
155_class-14,3,0.6667414903640747,0,0.9947912693023682,0.9947704076766968,0.9575336541060713,0.9590002298355103
155_class-14,4,0.6668797731399536,0,0.9951887726783752,0.9911737442016602,0.9797469743955652,0.95557701587677
155_class-14,5,0.638024091720581,0,0.9937436580657959,0.9340595006942749,0.8828033779563907,0.879006028175354
156_class-14,0,0.9591151475906372,0,0.9922415018081665,0.9856418371200562,1.0,0.9829142689704895
156_class-14,1,0.8818969130516052,0,0.9923492074012756,0.9717378616333008,0.9924305857922765,0.9770022034645081
156_class-14,2,0.8834085464477539,0,0.9920734763145447,0.9714465141296387,0.9810994276587249,0.9834203124046326
156_class-14,3,0.827934741973877,0,0.9944366812705994,0.9613423347473145,0.8673272423111569,0.9220126867294312
156_class-14,4,0.8838766813278198,0,0.9918130040168762,0.9804636240005493,0.8641749349773625,0.9865049719810486
156_class-14,5,0.8843538165092468,1,0.9917029142379761,0.9940823316574097,0.990466314310564,0.9878401160240173
157_class-14,0,0.3817022740840912,0,0.9562229514122009,0.9094916582107544,1.0,0.7292293310165405
157_class-14,1,0.33080169558525085,0,0.9761442542076111,0.938696026802063,0.6611561800154256,0.9457167983055115
157_class-14,2,0.3302839398384094,0,0.9764543175697327,0.9506033658981323,0.990338295360482,0.9423983693122864
157_class-14,3,0.36585983633995056,0,0.974504828453064,0.9282240867614746,0.8644695971385542,0.8986337780952454
157_class-14,4,0.3309112787246704,0,0.9768120646476746,0.9482970237731934,0.8603346039813639,0.942865252494812
157_class-14,5,0.33076298236846924,1,0.9763435125350952,0.9470871686935425,0.9918059563347308,0.9535169005393982
158_class-11,0,0.9955511093139648,0,0.9952436685562134,1.0098176002502441,1.0,0.9934695363044739
158_class-11,1,0.9562228918075562,0,0.9952349662780762,1.0094763040542603,0.9989384109866037,0.9935715198516846
158_class-11,2,0.9564008712768555,0,0.9952554106712341,1.0095003843307495,0.9992248976359378,0.9934415221214294
158_class-11,3,0.9564518928527832,1,0.995252251625061,1.009742021560669,0.9995279201510655,0.993583083152771
158_class-11,4,0.9563854932785034,0,0.9952300190925598,1.0092474222183228,0.9995278962720666,0.9934796094894409
158_class-11,5,0.9563850164413452,0,0.9952359199523926,1.0091869831085205,0.9994436952124073,0.9934341311454773
159_class-12,0,0.390867680311203,0,0.9796916246414185,0.9303709268569946,1.0,0.9033907055854797
159_class-12,1,0.3898281455039978,0,0.9782041311264038,0.9530458450317383,0.45441237465537854,0.9109254479408264
159_class-12,2,0.39507392048835754,0,0.978025496006012,0.9892293214797974,0.5941780821917808,0.9833189845085144
159_class-12,3,0.4056682586669922,1,0.9780436754226685,0.9943163394927979,0.7749686501355123,0.9836421608924866
159_class-12,4,0.45609161257743835,0,0.9898308515548706,0.9528260231018066,0.6121880967021587,0.8961693644523621
159_class-12,5,0.40563589334487915,0,0.9781955480575562,0.9939078092575073,0.6132509062661833,0.9825218915939331
160_class-14,0,0.505487859249115,0,0.9949344396591187,0.9535714387893677,1.0,0.9350894689559937
160_class-14,1,0.49114900827407837,0,0.971264660358429,0.8341782093048096,0.06643469817122512,0.6516307592391968
160_class-14,2,0.507125198841095,0,0.9389196634292603,0.9179803133010864,0.18968092328581126,0.8173128366470337
160_class-14,3,0.5295305252075195,0,0.942826509475708,0.9347275495529175,0.6402678945165341,0.8591693639755249
160_class-14,4,0.4261365234851837,0,0.9505035877227783,0.9171565175056458,0.46164073448560855,0.7903486490249634
160_class-14,5,0.8311265110969543,1,0.9975128173828125,0.9639936089515686,0.0,0.985404908657074
161_class-11,0,0.987282395362854,0,0.9965578317642212,1.0074737071990967,1.0,0.9942524433135986
161_class-11,1,0.9692139625549316,0,0.9965841174125671,1.0080041885375977,0.9992629516845433,0.9943097829818726
161_class-11,2,0.9693143367767334,1,0.9965726733207703,1.0082613229751587,0.999456848557739,0.9943059086799622
161_class-11,3,0.9695629477500916,0,0.9966357946395874,1.0047544240951538,0.9976352006202752,0.9932986497879028
161_class-11,4,0.9693654775619507,0,0.996548056602478,1.006868600845337,0.9977701078104397,0.9942183494567871
161_class-11,5,0.7142075300216675,0,0.9916296601295471,0.9958280324935913,0.6097792861097071,0.9411556124687195
162_class-14,0,0.5319521427154541,1,0.9957784414291382,0.9719760417938232,1.0,0.9631229639053345
162_class-14,1,0.7901396751403809,0,0.9940167665481567,0.8842588663101196,0.18176029110757336,0.8515341281890869
162_class-14,2,0.6432052850723267,0,0.9930792450904846,0.9034812450408936,0.2921521779084727,0.8630126118659973
162_class-14,3,0.7529230117797852,0,0.9777040481567383,0.7736297845840454,0.4175436190998526,0.6619667410850525
162_class-14,4,0.5889227390289307,0,0.9952965974807739,0.9229068756103516,0.31721492061080303,0.8907100558280945
162_class-14,5,0.7374191284179688,0,0.9812225103378296,0.8600485324859619,0.4680877432147726,0.7025232315063477
163_class-11,0,0.985497236251831,0,0.9982861280441284,0.9989546537399292,1.0,0.9876328110694885
163_class-11,1,0.9258946776390076,1,0.9984776973724365,0.9999169111251831,0.9964317573595004,0.9872794151306152
163_class-11,2,0.9261264801025391,0,0.9984974265098572,0.997050404548645,0.9950853913257157,0.9843477606773376
163_class-11,3,0.730844259262085,0,0.9970129728317261,1.003416895866394,0.5272783251231528,0.9925842881202698
163_class-11,4,0.6213791966438293,0,0.9976335763931274,0.9943594932556152,0.6145365455287872,0.9891571402549744
163_class-11,5,0.8730354309082031,0,0.9990724921226501,0.9734581708908081,0.4002685078634446,0.9571592807769775
164_class-14,0,0.99753737449646,0,0.9733351469039917,1.0151454210281372,1.0,0.9934929013252258
164_class-14,1,0.9328333139419556,0,0.9733931422233582,1.0157712697982788,0.9997696360249194,0.9935562014579773
164_class-14,2,0.9327901601791382,1,0.9734718203544617,1.0155082941055298,0.9996694347333941,0.9934646487236023
164_class-14,3,0.9328180551528931,0,0.9733825325965881,1.0149106979370117,0.9996494004748119,0.9933897852897644
164_class-14,4,0.9328713417053223,0,0.9733795523643494,1.0155510902404785,0.9996194291437156,0.9933213591575623
164_class-14,5,0.9328299164772034,0,0.9733717441558838,1.0150750875473022,0.999579394327832,0.9934368133544922
165_class-12,0,0.6287132501602173,0,0.9647946357727051,0.8360347747802734,1.0,0.7017008066177368
165_class-12,1,0.9194934368133545,1,0.9954745769500732,0.9908351898193359,0.36979490366687384,0.9858431220054626
165_class-12,2,0.9144103527069092,0,0.9943777322769165,0.9762153625488281,0.981452229299363,0.9800968170166016
165_class-12,3,0.919187068939209,0,0.995703935623169,0.9549679160118103,0.9765427094943764,0.9683842658996582
165_class-12,4,0.6046961545944214,0,0.9430104494094849,0.8704943656921387,0.3683601211723619,0.37332069873809814
165_class-12,5,0.9163732528686523,0,0.9958658814430237,0.9575426578521729,0.3681350445138166,0.9777933359146118
166_class-14,0,0.864773154258728,0,0.9903428554534912,0.9166092872619629,1.0,0.9326849579811096
166_class-14,1,0.7472517490386963,0,0.9901180267333984,0.9187977313995361,0.6975455874432561,0.9371026158332825
166_class-14,2,0.572976291179657,1,0.9950571656227112,0.9737792015075684,0.2303966570641679,0.9171746373176575
166_class-14,3,0.6184971928596497,0,0.9772226810455322,0.9144293069839478,0.20815665348515888,0.8561240434646606
166_class-14,4,0.6672978401184082,0,0.9956094026565552,0.9773460626602173,0.33799680978333113,0.8127705454826355
166_class-14,5,0.6283130049705505,0,0.9866787195205688,0.9591391086578369,0.30534787915776623,0.9526739120483398
167_class-14,0,0.9620316028594971,0,0.9907063841819763,0.9769067764282227,1.0,0.9387273788452148
167_class-14,1,0.6847448348999023,1,0.9921801090240479,1.0120584964752197,0.4984010534236268,0.9955902695655823
167_class-14,2,0.9527637958526611,0,0.9896672964096069,0.9782373905181885,0.5092311982894859,0.9399868249893188
167_class-14,3,0.6845376491546631,0,0.9922086000442505,1.0100758075714111,0.508722660318405,0.9956561923027039
167_class-14,4,0.958543062210083,0,0.9889997243881226,0.992501974105835,0.5218591465234258,0.9688451290130615
167_class-14,5,0.9583122730255127,0,0.9888802766799927,1.0051207542419434,0.9883235874706693,0.981461763381958
168_class-12,0,0.8440345525741577,0,0.9942583441734314,0.9611788988113403,1.0,0.9456586837768555
168_class-12,1,0.7459118962287903,0,0.9899788498878479,0.9289700984954834,0.6425452102345893,0.9365701675415039
168_class-12,2,0.8097665905952454,1,0.9973634481430054,0.9743732213973999,0.8100970873786407,0.9700120091438293
168_class-12,3,0.5851699709892273,0,0.9868407845497131,0.9020390510559082,0.4283299593152381,0.7832693457603455
168_class-12,4,0.8155020475387573,0,0.9973501563072205,0.9742319583892822,0.42667604587998514,0.966073215007782
168_class-12,5,0.7798157930374146,0,0.9941939115524292,0.9161423444747925,0.856400755594304,0.9004769921302795
169_class-14,0,0.8192414045333862,0,0.9852066040039062,0.9320253133773804,1.0,0.897121787071228
169_class-14,1,0.782866895198822,0,0.9836123585700989,0.9774601459503174,0.9662398137369034,0.8852455615997314
169_class-14,2,0.9044337272644043,0,0.9821113348007202,0.981232762336731,0.7060010586211459,0.9740765690803528
169_class-14,3,0.4144560992717743,0,0.9872059226036072,0.8397657871246338,0.10721708822306782,0.5674341917037964
169_class-14,4,0.9149803519248962,1,0.9830629229545593,0.9832015037536621,0.09421389878717183,0.9816042184829712
169_class-14,5,0.37598884105682373,0,0.9985252618789673,0.8731324672698975,0.019791317243692732,0.9128715395927429
170_class-14,0,0.8814198970794678,0,0.8914657831192017,1.003006100654602,1.0,0.9610681533813477
170_class-14,1,0.8572270274162292,0,0.8885276317596436,1.014374852180481,0.9945176518479124,0.9763570427894592
170_class-14,2,0.7193257808685303,0,0.9151759743690491,1.000145673751831,0.8344263902965312,0.9666613936424255
170_class-14,3,0.32984459400177,1,0.987413763999939,1.000470519065857,0.3193714023817107,0.9815800189971924
170_class-14,4,0.37627577781677246,0,0.9799509644508362,0.9793970584869385,0.7750103777501037,0.9671022891998291
170_class-14,5,0.7173957824707031,0,0.9229252338409424,1.008622169494629,0.409770011924153,0.9796757698059082
171_class-11,0,0.6667386293411255,0,0.9876515865325928,1.0004907846450806,1.0,0.9842063784599304
171_class-11,1,0.6425762176513672,1,0.9878292083740234,1.00099778175354,0.9988079142861297,0.9851300120353699
171_class-11,2,0.6430398225784302,0,0.9876300692558289,0.9987683296203613,0.9979531102562241,0.9867293238639832
171_class-11,3,0.6427660584449768,0,0.9874628782272339,1.000336766242981,0.9977943523812288,0.9845809936523438
171_class-11,4,0.6424609422683716,0,0.9877569675445557,1.0015931129455566,0.9979510578935131,0.982807993888855
171_class-11,5,0.6426244378089905,0,0.9876805543899536,1.0005706548690796,0.9980520990812886,0.9846346378326416
172_class-14,0,0.35084617137908936,0,0.9587545990943909,1.0037122964859009,1.0,0.9840748906135559
172_class-14,1,0.37397465109825134,1,0.9805554151535034,0.9917694330215454,0.14181635861693304,0.9827064871788025
172_class-14,2,0.34244468808174133,0,0.9861980080604553,0.9418433904647827,0.5360005708712923,0.8971481919288635
172_class-14,3,0.3406079411506653,0,0.9585428237915039,1.0043102502822876,0.2572055505763822,0.9863604307174683
172_class-14,4,0.34058448672294617,0,0.9585909247398376,1.0036365985870361,0.9994499075968379,0.9866275787353516
172_class-14,5,0.34059938788414,0,0.9588357210159302,1.0049020051956177,0.9991715610510047,0.9853248596191406
173_class-11,0,0.9931601285934448,0,0.9861811399459839,1.0098072290420532,1.0,0.991767942905426
173_class-11,1,0.9482176303863525,0,0.986116349697113,1.0090203285217285,0.9991509714301886,0.991534948348999
173_class-11,2,0.9483611583709717,0,0.9861595630645752,1.00972318649292,0.999292486203481,0.9918534159660339
173_class-11,3,0.9483755826950073,1,0.9861546158790588,1.010090947151184,0.9994621372965322,0.9918106198310852
173_class-11,4,0.9481200575828552,0,0.986207127571106,1.0095000267028809,0.9991652754590985,0.9917873740196228
173_class-11,5,0.9481059312820435,0,0.9861129522323608,1.0099927186965942,0.9991231047748359,0.9918153285980225
174_class-14,0,0.6364049911499023,0,0.9326363801956177,0.912472128868103,1.0,0.7319385409355164
174_class-14,1,0.6179099082946777,0,0.8693706393241882,0.9917479753494263,0.2402255946380405,0.9764414429664612
174_class-14,2,0.7579792141914368,0,0.8925888538360596,0.9488577842712402,0.6751202805186333,0.8549216389656067
174_class-14,3,0.5219451785087585,1,0.9537690877914429,0.917212963104248,0.4424695977549111,0.7181654572486877
174_class-14,4,0.6839737892150879,0,0.9248153567314148,0.933098554611206,0.5572136078411035,0.7464227080345154
174_class-14,5,0.6652349233627319,0,0.8804632425308228,0.8318783044815063,0.5251558325912734,0.6774659156799316
175_class-11,0,0.43809524178504944,0,0.9824129939079285,0.9904969930648804,1.0,0.944963276386261
175_class-11,1,0.7133690118789673,0,0.9870834350585938,0.9546999931335449,0.29101413243939966,0.9435660243034363
175_class-11,2,0.40445876121520996,0,0.9821677207946777,0.9904669523239136,0.29128893597082733,0.937958836555481
175_class-11,3,0.842660665512085,0,0.9840807914733887,0.9791327714920044,0.19509732943131877,0.9754689335823059
175_class-11,4,0.35880735516548157,1,0.9833767414093018,1.000484824180603,0.11138870699642371,0.9683076739311218
175_class-11,5,0.3610090911388397,0,0.9820366501808167,0.9938594102859497,0.9830439246249462,0.9591131210327148
176_class-13,0,0.9273198843002319,0,0.9903448224067688,0.9785271883010864,1.0,0.9479577541351318
176_class-13,1,0.8541227579116821,0,0.9907011985778809,0.9830014705657959,0.9475901518957988,0.9539055824279785
176_class-13,2,0.8099247217178345,0,0.9915009140968323,0.9733847379684448,0.8951386256388806,0.9193087816238403
176_class-13,3,0.810602605342865,0,0.981575608253479,0.9789624214172363,0.8035512208780056,0.9506576061248779
176_class-13,4,0.6866079568862915,1,0.9961438179016113,0.9719364643096924,0.6306592163130081,0.944534182548523
176_class-13,5,0.8492526412010193,0,0.9891080856323242,0.9854412078857422,0.685830207456174,0.9549203515052795
177_class-12,0,0.9554540514945984,0,0.9390659332275391,0.9719313383102417,1.0,0.9644829034805298
177_class-12,1,0.8995456695556641,0,0.9390906691551208,0.9779977798461914,0.9807173624250232,0.9697867631912231
177_class-12,2,0.8944058418273926,0,0.9391480684280396,0.963080883026123,0.9729394835718282,0.9618668556213379
177_class-12,3,0.903915524482727,0,0.9397575855255127,0.9438387155532837,0.9635396291370002,0.9637311697006226
177_class-12,4,0.8981620669364929,1,0.9389661550521851,0.9787740707397461,0.9622321991178324,0.9705427885055542
177_class-12,5,0.886489748954773,0,0.9377574324607849,0.9431427717208862,0.900578119821777,0.9372691512107849
178_class-14,0,0.4482930302619934,0,0.9976515769958496,0.9599134922027588,1.0,0.9601696729660034
178_class-14,1,0.45182961225509644,0,0.987749457359314,0.9575202465057373,0.46584431361554995,0.8737614750862122
178_class-14,2,0.4322524964809418,1,0.9978258609771729,0.9708852767944336,0.46351530545542835,0.9651674628257751
178_class-14,3,0.514946699142456,0,0.997039258480072,0.9556373357772827,0.7257938006565378,0.9520562291145325
178_class-14,4,0.5093255639076233,0,0.9967751502990723,0.880361795425415,0.9341056406012964,0.8555397987365723
178_class-14,5,0.5143567323684692,0,0.9970619678497314,0.9533137083053589,0.9433873943332324,0.9526062607765198
179_class-14,0,0.8539375066757202,0,0.9852598905563354,0.9693347215652466,1.0,0.9444273114204407
179_class-14,1,0.5284391641616821,0,0.9904555678367615,0.9908448457717896,0.45555941562597135,0.9790061712265015
179_class-14,2,0.4777403473854065,1,0.9927136898040771,0.9993520975112915,0.766136463800633,0.9892369508743286
179_class-14,3,0.5887088775634766,0,0.9915324449539185,0.9561238288879395,0.58441317457863,0.9353309869766235
179_class-14,4,0.7573481798171997,0,0.9873992204666138,0.9685219526290894,0.4574799875246907,0.9074522852897644
179_class-14,5,0.8765698671340942,0,0.9839535355567932,0.9856358766555786,0.7722904629643382,0.9744303822517395
180_class-14,0,0.982629656791687,0,0.989017128944397,0.9983142614364624,1.0,0.980695903301239
180_class-14,1,0.9462279081344604,1,0.9890576004981995,1.0109376907348633,0.9925575101488497,0.9931007027626038
180_class-14,2,0.9462034106254578,0,0.9890748262405396,1.0087178945541382,0.9989829646580218,0.9927724003791809
180_class-14,3,0.944374680519104,0,0.9889106750488281,0.992246687412262,0.9936751788923932,0.9825084209442139
180_class-14,4,0.9061223268508911,0,0.9885251522064209,0.9872655868530273,0.9303052534209435,0.9595858454704285
180_class-14,5,0.9413546919822693,0,0.9883874654769897,1.0051003694534302,0.9377562251750706,0.9838818311691284
181_class-11,0,0.26249831914901733,0,0.9347692728042603,0.9302761554718018,1.0,0.5379007458686829
181_class-11,1,0.3280128836631775,1,0.9738274812698364,0.9719530344009399,0.5854305266667725,0.871347963809967
181_class-11,2,0.2646397352218628,0,0.953465461730957,0.8900089263916016,0.4597359207304515,0.8833780288696289
181_class-11,3,0.2518490254878998,0,0.955829918384552,0.9305448532104492,0.5929821013247042,0.642661452293396
181_class-11,4,0.3924312889575958,0,0.9767926335334778,0.9523736238479614,0.49517938638614045,0.8323912620544434
181_class-11,5,0.4805636405944824,0,0.9583238959312439,0.8505865335464478,0.12819626067221443,0.4856886863708496
182_class-12,0,0.42289087176322937,0,0.9728704690933228,0.967477560043335,1.0,0.9782492518424988
182_class-12,1,0.41604578495025635,0,0.9854497313499451,0.9283710718154907,0.6902731393129771,0.8609431982040405
182_class-12,2,0.400892972946167,1,0.9763201475143433,0.9923053979873657,0.6953960812597668,0.9805179238319397
182_class-12,3,0.4008885622024536,0,0.9760329723358154,0.9913761615753174,0.9945790328014456,0.9821957945823669
182_class-12,4,0.4008888602256775,0,0.9768938422203064,0.9894176721572876,0.9944258981348197,0.978289008140564
182_class-12,5,0.4005590081214905,0,0.9753097295761108,0.9750118255615234,0.9914954581478997,0.9816002249717712
183_class-14,0,0.4657941162586212,0,0.99126136302948,0.8548452258110046,1.0,0.9031477570533752
183_class-14,1,0.429491251707077,0,0.9971058368682861,0.928791880607605,0.590724103509176,0.868137001991272
183_class-14,2,0.412489652633667,0,0.9831594824790955,0.8577492237091064,0.39484553824972035,0.6520667672157288
183_class-14,3,0.5836405754089355,0,0.9976979494094849,0.9359644055366516,0.12444429008057793,0.9186519384384155
183_class-14,4,0.5996216535568237,1,0.9978442192077637,0.9200272560119629,0.9014430229098482,0.965326189994812
183_class-14,5,0.7006312012672424,0,0.9952953457832336,0.9312453269958496,0.4680827926197122,0.8629881739616394
184_class-10,0,0.7842905521392822,0,0.977870762348175,0.9125787019729614,1.0,0.8571053743362427
184_class-10,1,0.6072382926940918,0,0.9814435243606567,0.9256289005279541,0.7827950295687983,0.8182178139686584
184_class-10,2,0.19712963700294495,0,0.677919328212738,0.9284205436706543,0.13315018776621215,0.6717771291732788
184_class-10,3,0.48674431443214417,0,0.9788976907730103,0.886713981628418,0.09577284195723208,0.8238093852996826
184_class-10,4,0.6385833621025085,0,0.9864814877510071,0.8996918201446533,0.5277054162596331,0.7424550652503967
184_class-10,5,0.49726244807243347,1,0.9812949299812317,0.9254573583602905,0.26963494965962415,0.8778112530708313
185_class-14,0,0.8446947336196899,0,0.962917685508728,0.9478152990341187,1.0,0.8231106400489807
185_class-14,1,0.7097009420394897,0,0.9726207852363586,0.9756177663803101,0.7027858673553492,0.8537316918373108
185_class-14,2,0.4344245493412018,0,0.982758641242981,0.9125530123710632,0.4221949279104498,0.9337230324745178
185_class-14,3,0.37360310554504395,1,0.9919213652610779,0.9819759130477905,0.15854996529410448,0.9754399657249451
185_class-14,4,0.43351316452026367,0,0.983182966709137,0.9902896881103516,0.1578361531611754,0.9815151691436768
185_class-14,5,0.45128369331359863,0,0.9930315613746643,0.9408292770385742,0.8815669691363462,0.6771504282951355
186_class-10,0,0.2884983718395233,0,0.7992870807647705,0.9759764671325684,1.0,0.8933204412460327
186_class-10,1,0.3092443645000458,0,0.9387441873550415,0.9698293209075928,0.8545473461203799,0.9124482870101929
186_class-10,2,0.28267455101013184,0,0.8050232529640198,0.986710786819458,0.8575757862737113,0.9179746508598328
186_class-10,3,0.19997908174991608,0,0.8355803489685059,0.9682196378707886,0.5834672546747891,0.8171842694282532
186_class-10,4,0.36155641078948975,1,0.9747977256774902,0.8922240734100342,0.4106297998954578,0.8206112384796143
186_class-10,5,0.18333227932453156,0,0.8157509565353394,0.959784746170044,0.3843423549511723,0.8002305030822754
187_class-11,0,0.9780016541481018,0,0.9791122674942017,0.9891273975372314,1.0,0.9489442110061646
187_class-11,1,0.9475240111351013,0,0.9809672832489014,0.9827337265014648,0.9946001656066665,0.9301961064338684
187_class-11,2,0.9552544951438904,0,0.9798203110694885,1.0142308473587036,0.9881847381825501,0.9937470555305481
187_class-11,3,0.955159068107605,1,0.9798114895820618,1.014757513999939,0.9996062165284049,0.9936976432800293
187_class-11,4,0.6797184348106384,0,0.9778149724006653,0.9988579750061035,0.6341979976195478,0.9422062039375305
187_class-11,5,0.9482582211494446,0,0.980563759803772,0.9835827350616455,0.6399473097936595,0.9337223768234253
188_class-11,0,0.9165425896644592,0,0.9932608008384705,0.991426944732666,1.0,0.9801095128059387
188_class-11,1,0.8751109838485718,0,0.9933809638023376,0.9871870279312134,0.9926011896126505,0.9780922532081604
188_class-11,2,0.8748424053192139,0,0.9934996962547302,0.9890118837356567,0.9973764757324005,0.9798201322555542
188_class-11,3,0.875859260559082,0,0.9936073422431946,0.9842987060546875,0.9948660064083892,0.9762216806411743
188_class-11,4,0.8761184215545654,1,0.9938169717788696,0.9900879859924316,0.9974816599145955,0.9806332588195801
188_class-11,5,0.8734463453292847,0,0.9934983253479004,0.9904900789260864,0.9936011634248318,0.9806929230690002
189_class-14,0,0.9820603132247925,0,0.9849280714988708,1.008673071861267,1.0,0.9895382523536682
189_class-14,1,0.9574572443962097,0,0.9844443798065186,1.0140455961227417,0.9944896074602237,0.9922452569007874
189_class-14,2,0.956901490688324,0,0.9845784902572632,1.0081956386566162,0.9989933089103515,0.9923962950706482
189_class-14,3,0.9574989080429077,1,0.9844204187393188,1.014153003692627,0.9989555187211916,0.9922682642936707
189_class-14,4,0.9570823907852173,0,0.9844779968261719,1.0107216835021973,0.9990614947965941,0.9921549558639526
189_class-14,5,0.9539444446563721,0,0.9848831295967102,1.0089902877807617,0.9954849510995962,0.9894333481788635
190_class-14,0,0.35430046916007996,0,0.9767115116119385,0.9938528537750244,1.0,0.9691886305809021
190_class-14,1,0.3772238790988922,0,0.9860330820083618,0.992321252822876,0.40252454417952316,0.9760344624519348
190_class-14,2,0.3763311207294464,1,0.9877270460128784,0.9941724538803101,0.6280629352592211,0.9910082817077637
190_class-14,3,0.3820466697216034,0,0.9885724782943726,0.9267166256904602,0.7565136476426799,0.9471036195755005
190_class-14,4,0.34343454241752625,0,0.9729325771331787,0.993148684501648,0.31414704062021565,0.9679784178733826
190_class-14,5,0.34454548358917236,0,0.9735057950019836,0.9872632026672363,0.968228675490228,0.9655103087425232
191_class-14,0,0.37104642391204834,0,0.9858453273773193,0.9952582120895386,1.0,0.977060079574585
191_class-14,1,0.3568189740180969,1,0.986339271068573,0.9976694583892822,0.9298651889835414,0.9806214570999146
191_class-14,2,0.3436828851699829,0,0.9854351282119751,0.9969340562820435,0.9299499938008844,0.9792341589927673
191_class-14,3,0.9164565801620483,0,0.9853591918945312,0.9943249225616455,0.017820927723840346,0.9820321202278137
191_class-14,4,0.3570765256881714,0,0.9854798913002014,0.9948724508285522,0.04189084213252007,0.9815009832382202
191_class-14,5,0.9113373160362244,0,0.9852418303489685,0.9987239837646484,0.042147479983204714,0.98895663022995
192_class-14,0,0.43380385637283325,1,0.9288263320922852,0.9833943843841553,1.0,0.9620795845985413
192_class-14,1,0.9168609380722046,0,0.9155451059341431,0.9794934988021851,0.3371079713936857,0.9155541062355042
192_class-14,2,0.8775174617767334,0,0.9259455800056458,0.9879435300827026,0.9398002176400011,0.8707541227340698
192_class-14,3,0.41364920139312744,0,0.9248659610748291,0.9771664142608643,0.31143389146114386,0.9438070058822632
192_class-14,4,0.9066394567489624,0,0.9190650582313538,0.9877508878707886,0.3282626608353933,0.8958187699317932
192_class-14,5,0.8963410258293152,0,0.9150973558425903,0.9446374177932739,0.9453463090698175,0.8498600721359253
193_class-13,0,0.9632127285003662,0,0.9921075105667114,0.9788151979446411,1.0,0.938313901424408
193_class-13,1,0.9173001050949097,0,0.992533802986145,0.9647985696792603,0.9777244204112104,0.9167065024375916
193_class-13,2,0.9306590557098389,0,0.9919575452804565,0.9839152097702026,0.9689662737589502,0.9570826888084412
193_class-13,3,0.9254311323165894,0,0.9919546842575073,0.9789199829101562,0.975767334605598,0.9400104284286499
193_class-13,4,0.9301227331161499,1,0.9921145439147949,0.9809443950653076,0.9652219708200047,0.9662157893180847
193_class-13,5,0.9234976768493652,0,0.9921039342880249,0.9775010347366333,0.9553522665210268,0.9382105469703674
194_class-14,0,0.7795451879501343,0,0.9942032098770142,0.9938154220581055,1.0,0.9823077321052551
194_class-14,1,0.9417879581451416,1,0.9934515357017517,0.9976606369018555,0.6553868058851448,0.987034797668457
194_class-14,2,0.9413840770721436,0,0.9935739040374756,0.9918533563613892,0.9968640121638316,0.9821810126304626
194_class-14,3,0.835877537727356,0,0.9927282929420471,0.971899151802063,0.8074292430110013,0.9426214694976807
194_class-14,4,0.6450308561325073,0,0.9964058995246887,0.9630880355834961,0.37678961192704674,0.9378944039344788
194_class-14,5,0.7657087445259094,0,0.994780421257019,0.9845638275146484,0.6420509202847432,0.9705839157104492
195_class-10,0,0.2083958387374878,0,0.8659663200378418,0.9286092519760132,1.0,0.9479467272758484
195_class-10,1,0.7667589783668518,0,0.9869378209114075,0.9610810279846191,0.051024876451821424,0.7939746379852295
195_class-10,2,0.4036508798599243,1,0.9888926148414612,0.9977667331695557,0.20396701460233965,0.9950689077377319
195_class-10,3,0.20409370958805084,0,0.867716908454895,0.9147369861602783,0.06393839613930556,0.9273526668548584
195_class-10,4,0.20387357473373413,0,0.8698496222496033,0.9808391332626343,0.9916799248845883,0.9646342396736145
195_class-10,5,0.20869916677474976,0,0.8605409264564514,0.9968098402023315,0.9706249291142112,0.9711192846298218
196_class-14,0,0.4135952591896057,0,0.9941330552101135,0.9060123562812805,1.0,0.9040402173995972
196_class-14,1,0.3757203221321106,0,0.9911309480667114,0.9154468774795532,0.7431050760299701,0.8736264109611511
196_class-14,2,0.38510140776634216,1,0.9932379126548767,0.9942747354507446,0.746338901569475,0.9806262850761414
196_class-14,3,0.18187513947486877,0,0.8524866104125977,0.926588773727417,0.23903092898132647,0.4595014452934265
196_class-14,4,0.3873847723007202,0,0.9948828220367432,0.9013603925704956,0.18647059171913033,0.9137190580368042
196_class-14,5,0.38912877440452576,0,0.9932291507720947,0.9707887172698975,0.6903914590747331,0.9131343364715576
197_class-13,0,0.9853156805038452,0,0.9706156253814697,0.9918837547302246,1.0,0.9796479940414429
197_class-13,1,0.9430927038192749,0,0.9706048369407654,0.990273118019104,0.9963871223181807,0.9792324900627136
197_class-13,2,0.9433202743530273,0,0.9701464176177979,0.9933717250823975,0.9960415635823849,0.9797133803367615
197_class-13,3,0.9426674246788025,0,0.9703896045684814,0.9932593107223511,0.9965847501670503,0.9807656407356262
197_class-13,4,0.7293152213096619,1,0.9779825210571289,0.9999964237213135,0.6048039540701003,0.9596256613731384
197_class-13,5,0.9425612688064575,0,0.972623348236084,0.9744266271591187,0.6062102822034153,0.962533712387085
198_class-14,0,0.9851052165031433,0,0.9457817673683167,0.9939651489257812,1.0,0.988768458366394
198_class-14,1,0.9364210367202759,0,0.9458322525024414,0.9937065839767456,0.9984552845528455,0.9886643886566162
198_class-14,2,0.5812451839447021,1,0.9567304849624634,0.9922254085540771,0.36724091196578623,0.9609535336494446
198_class-14,3,0.9366858601570129,0,0.9457634687423706,0.9944859743118286,0.36731128381227784,0.9887489080429077
198_class-14,4,0.9368847012519836,0,0.946178138256073,0.9963316917419434,0.990481952006453,0.9902016520500183
198_class-14,5,0.9374873638153076,0,0.9457424283027649,0.9925110340118408,0.9882191559751473,0.9886214733123779
199_class-12,0,0.9350725412368774,1,0.9928346872329712,0.9872357845306396,1.0,0.9805342555046082
199_class-12,1,0.8684216141700745,0,0.9924627542495728,0.9755878448486328,0.9772040149957674,0.9750352501869202
199_class-12,2,0.8764517307281494,0,0.9924496412277222,0.9730154275894165,0.9772067965188562,0.9685226082801819
199_class-12,3,0.8755873441696167,0,0.9923844933509827,0.9721590280532837,0.9901538824361771,0.9749727845191956
199_class-12,4,0.5690561532974243,0,0.9773546457290649,0.9352912902832031,0.32856526175339457,0.5525647401809692
199_class-12,5,0.882582426071167,0,0.9924161434173584,0.9761732816696167,0.3298983237153064,0.9649435877799988
200_class-13,0,0.9649633765220642,0,0.9851807951927185,0.9731826782226562,1.0,0.9547905921936035
200_class-13,1,0.8601049780845642,0,0.9846270084381104,0.9641236066818237,0.9660905132603246,0.9609637260437012
200_class-13,2,0.8749363422393799,0,0.985342800617218,0.9817179441452026,0.9303855520764146,0.9583582878112793
200_class-13,3,0.8750065565109253,1,0.9852844476699829,0.9828097820281982,0.9936210860343878,0.9619369506835938
200_class-13,4,0.8659085631370544,0,0.9851089715957642,0.970299243927002,0.9344468448715055,0.9511071443557739
200_class-13,5,0.8747104406356812,0,0.9854190945625305,0.9805704355239868,0.9427140906430848,0.9538429379463196
201_class-11,0,0.4126448631286621,0,0.9791698455810547,0.9970664978027344,1.0,0.9759150743484497
201_class-11,1,0.8515400290489197,0,0.9942870736122131,0.9972370862960815,0.20874151632470728,0.9696647524833679
201_class-11,2,0.9459758996963501,0,0.9970598220825195,0.9972091913223267,0.8055497098878633,0.9888961911201477
201_class-11,3,0.9474843144416809,0,0.9970131516456604,1.0029865503311157,0.9865480740958542,0.989418625831604
201_class-11,4,0.9477008581161499,1,0.9970310926437378,1.0032826662063599,0.9991434211016349,0.9892973303794861
201_class-11,5,0.8510958552360535,0,0.994402289390564,0.9966212511062622,0.807891626511501,0.9694953560829163
202_class-14,0,0.01927775889635086,0,0.9243648052215576,0.9924644231796265,1.0,0.9518077969551086
202_class-14,1,0.019187482073903084,0,0.9241809844970703,0.9935097694396973,0.9973979995874066,0.9530172348022461
202_class-14,2,0.01751759462058544,1,0.9247483015060425,0.9936779737472534,0.9938245428041347,0.9535799026489258
202_class-14,3,0.41161900758743286,0,0.9369335174560547,0.9698138236999512,0.0701748445136749,0.40484005212783813
202_class-14,4,0.017499295994639397,0,0.925022304058075,0.9925981760025024,0.07017395328885728,0.9509072303771973
202_class-14,5,0.10867034643888474,0,0.9424628019332886,0.951150119304657,0.6724893144693681,0.8037967085838318
203_class-14,0,0.5216550230979919,1,0.9883161187171936,1.0176860094070435,1.0,0.9436057209968567
203_class-14,1,0.4661782383918762,0,0.9775159955024719,1.030195951461792,0.7421618648407716,0.903100311756134
203_class-14,2,0.7816063761711121,0,0.987293541431427,0.961894154548645,0.14681426814268142,0.8028567433357239
203_class-14,3,0.4438665509223938,0,0.9806594848632812,1.0204806327819824,0.11238342096413016,0.9595708250999451
203_class-14,4,0.6096042394638062,0,0.9904137849807739,0.9989385008811951,0.5508617677885175,0.769071102142334
203_class-14,5,0.5861079692840576,0,0.991086483001709,1.0150831937789917,0.7904998179783461,0.8630927205085754
204_class-14,0,0.4064957797527313,0,0.9034024477005005,0.9687449932098389,1.0,0.9441222548484802
204_class-14,1,0.33642759919166565,0,0.8998712301254272,0.9777787923812866,0.9804492227624461,0.9582599401473999
204_class-14,2,0.33644020557403564,0,0.9010144472122192,0.9694184064865112,0.9775592709332602,0.9379066824913025
204_class-14,3,0.34500107169151306,0,0.9122452139854431,0.9039016962051392,0.7909353041628174,0.8116635680198669
204_class-14,4,0.3363301753997803,1,0.9098383188247681,0.9819097518920898,0.794746265316399,0.9508969783782959
204_class-14,5,0.3363088071346283,0,0.8983943462371826,0.9667373895645142,0.9839969844424645,0.9440088272094727
205_class-14,0,0.3182671070098877,0,0.9181455373764038,0.9357284307479858,1.0,0.8754428029060364
205_class-14,1,0.3838978111743927,1,0.9807103872299194,0.9273995161056519,0.14024940872930552,0.9330278038978577
205_class-14,2,0.35119467973709106,0,0.9181898832321167,0.9504765272140503,0.2599004894624004,0.8985942006111145
205_class-14,3,0.35667094588279724,0,0.9350457787513733,0.9804118871688843,0.8756251270583452,0.9725541472434998
205_class-14,4,0.6364507079124451,0,0.9606955051422119,0.9545464515686035,0.21648057394028192,0.8911662697792053
205_class-14,5,0.35088521242141724,0,0.9595139026641846,0.9107768535614014,0.2449833705684334,0.625357449054718
206_class-14,0,0.6028509736061096,0,0.9119199514389038,0.8941429853439331,1.0,0.5170361399650574
206_class-14,1,0.5039325952529907,0,0.9143871068954468,0.8947802782058716,0.5361732121234027,0.4257279634475708
206_class-14,2,0.46738606691360474,0,0.965650737285614,0.991217851638794,0.6963426883308715,0.8358824253082275
206_class-14,3,0.5845414400100708,1,0.962026834487915,0.9922138452529907,0.3058180372944869,0.9338865280151367
206_class-14,4,0.3107181787490845,0,0.9477288722991943,0.9703035354614258,0.0,0.843431830406189
206_class-14,5,0.41718727350234985,0,0.9802405834197998,0.9023833274841309,0.0,0.9039918780326843
207_class-11,0,0.939694881439209,0,0.9862959384918213,1.0081526041030884,1.0,0.9946369528770447
207_class-11,1,0.9116736650466919,0,0.9863061904907227,1.007790207862854,0.9995333789585018,0.9948427677154541
207_class-11,2,0.9117467999458313,0,0.9862959980964661,1.0067821741104126,0.9995333789585018,0.9942811727523804
207_class-11,3,0.9117431640625,1,0.9862873554229736,1.0082179307937622,0.9995955573530785,0.9946158528327942
207_class-11,4,0.9609403610229492,0,0.986250638961792,0.9964765310287476,0.9024362829122994,0.9873652458190918
207_class-11,5,0.9118218421936035,0,0.9862583875656128,1.0057618618011475,0.8991988756148981,0.993623673915863
208_class-11,0,0.5258151292800903,0,0.9914321303367615,0.981809139251709,1.0,0.955791175365448
208_class-11,1,0.4987336993217468,0,0.9920828342437744,0.9726448059082031,0.9775534414179712,0.9388515949249268
208_class-11,2,0.3734462857246399,1,0.990473210811615,0.9848018884658813,0.3403386288618176,0.9785649180412292
208_class-11,3,0.44698357582092285,0,0.9944201707839966,0.8301953077316284,0.3001909400337604,0.5918258428573608
208_class-11,4,0.3623517155647278,0,0.9914484620094299,0.9312573075294495,0.3798979938796328,0.9162259697914124
208_class-11,5,0.6121141314506531,0,0.9944207072257996,0.8839414119720459,0.5229805244188738,0.8304495811462402
209_class-14,0,0.6198083162307739,0,0.9979805946350098,0.9562056064605713,1.0,0.9459207653999329
209_class-14,1,0.5626322031021118,0,0.998387336730957,0.9428571462631226,0.8958550902085058,0.94647216796875
209_class-14,2,0.4929984211921692,0,0.9836305379867554,0.9819324016571045,0.16354138025845477,0.9636013507843018
209_class-14,3,0.5859570503234863,0,0.9973163604736328,0.977033257484436,0.24143476246286352,0.9862605929374695
209_class-14,4,0.5846933722496033,1,0.9974346160888672,0.9945809841156006,0.985337347264034,0.9846261143684387
209_class-14,5,0.6053113341331482,0,0.9975494146347046,0.978682279586792,0.9024794462678322,0.95545893907547
210_class-14,0,0.5113883018493652,0,0.9829275608062744,0.9689056873321533,1.0,0.8903448581695557
210_class-14,1,0.5947918891906738,0,0.9910464882850647,0.8929526805877686,0.26455248990578734,0.7541863322257996
210_class-14,2,0.38617122173309326,1,0.9863689541816711,0.9500875473022461,0.16012363662202012,0.9710085391998291
210_class-14,3,0.9633236527442932,0,0.9783660173416138,0.9281048774719238,0.008861500439010114,0.9639438986778259
210_class-14,4,0.9634057283401489,0,0.977043867111206,0.9462863206863403,0.9944090613012955,0.9840636849403381
210_class-14,5,0.7511751055717468,0,0.9850919842720032,0.849219799041748,0.617145183559316,0.7231267094612122
211_class-14,0,0.9512914419174194,0,0.8729006052017212,0.998503565788269,1.0,0.9410760402679443
211_class-14,1,0.9462145566940308,0,0.8719841241836548,0.9997318983078003,0.9799919700214133,0.9512779116630554
211_class-14,2,0.9054014682769775,0,0.8725091218948364,0.9991512298583984,0.9717764335534843,0.9480392932891846
211_class-14,3,0.5631842017173767,0,0.9586223363876343,1.013904094696045,0.6683380975277265,0.9907439947128296
211_class-14,4,0.3212057054042816,1,0.9761229753494263,0.987236738204956,0.0,0.9112069010734558
211_class-14,5,0.5407301783561707,0,0.9648095369338989,0.9573105573654175,0.5049803008743287,0.6468424797058105
212_class-14,0,0.530958354473114,0,0.9946392178535461,0.958789587020874,1.0,0.8849455118179321
212_class-14,1,0.48129844665527344,0,0.9920490384101868,0.9508925676345825,0.6423219335840695,0.6321766972541809
212_class-14,2,0.7686176300048828,0,0.9956028461456299,0.9902834892272949,0.11285695133395898,0.9801516532897949
212_class-14,3,0.6950942277908325,1,0.9968519806861877,0.9922165870666504,0.7596693238854444,0.994231641292572
212_class-14,4,0.4808787405490875,0,0.9871529340744019,0.9860115051269531,0.18108655517915076,0.9468526244163513
212_class-14,5,0.4036572575569153,0,0.9956778287887573,0.9560236930847168,0.4264606761502714,0.9646561145782471
213_class-14,0,0.0378597117960453,0,0.9420269727706909,0.946980357170105,1.0,0.5013273358345032
213_class-14,1,0.9023488759994507,0,0.9825283288955688,0.9838058948516846,0.07726848084862731,0.9777265191078186
213_class-14,2,0.8947983980178833,0,0.9821826219558716,0.9890888929367065,0.969901547116737,0.9855583906173706
213_class-14,3,0.3144340515136719,0,0.962343692779541,0.9107892513275146,0.02159036707517692,0.492348849773407
213_class-14,4,0.9032710790634155,0,0.9824460744857788,0.9766412973403931,0.021746164027648413,0.9704551100730896
213_class-14,5,0.7961465120315552,1,0.9834973812103271,0.9872720241546631,0.7530900421786173,0.9790059924125671
214_class-10,0,0.5700058937072754,0,0.9542378783226013,0.9705599546432495,1.0,0.9520467519760132
214_class-10,1,0.393465518951416,0,0.9753117561340332,0.9613677263259888,0.13028030521540762,0.890781819820404
214_class-10,2,0.6563336849212646,1,0.9784393310546875,0.9983735084533691,0.17713099176462307,0.9880044460296631
214_class-10,3,0.6561778783798218,0,0.9784570932388306,0.9979559183120728,0.9981859410430839,0.987580418586731
214_class-10,4,0.41827690601348877,0,0.9726129174232483,0.9330222606658936,0.1989444037877276,0.8858871459960938
214_class-10,5,0.3061935305595398,0,0.9732078313827515,0.9489620923995972,0.4739314232033819,0.9440824389457703
215_class-14,0,0.5671448707580566,0,0.9616982936859131,0.9115752577781677,1.0,0.7783685922622681
215_class-14,1,0.660841703414917,1,0.9633673429489136,0.9807171821594238,0.3461977077128816,0.9190211892127991
215_class-14,2,0.6669666767120361,0,0.9566338062286377,0.9707654714584351,0.9568446716800231,0.901938796043396
215_class-14,3,0.41377443075180054,0,0.9606302976608276,0.9253801107406616,0.425045513160889,0.7136508226394653
215_class-14,4,0.6543238162994385,0,0.9616903066635132,0.9814270734786987,0.40355351525971267,0.8957626223564148
215_class-14,5,0.6289596557617188,0,0.9505362510681152,0.8985519409179688,0.8376696007391917,0.7154064178466797
216_class-12,0,0.3456924557685852,0,0.951979398727417,1.0043803453445435,1.0,0.964775025844574
216_class-12,1,0.33941030502319336,0,0.9526617527008057,0.9999836683273315,0.9988774270443069,0.9605363011360168
216_class-12,2,0.33854642510414124,0,0.9519928097724915,1.005540132522583,0.9988404859795814,0.9673597812652588
216_class-12,3,0.3389778435230255,1,0.952499270439148,1.0052303075790405,0.9994317814344978,0.9662604928016663
216_class-12,4,0.6197270750999451,0,0.9620105028152466,0.9874697923660278,0.681271088513982,0.9098305702209473
216_class-12,5,0.3385278582572937,0,0.9518644213676453,1.0024124383926392,0.680826492856186,0.9627615809440613
217_class-14,0,0.2522604465484619,0,0.9041219353675842,0.9901939630508423,1.0,0.9304834008216858
217_class-14,1,0.9234147667884827,0,0.9689106345176697,0.9912611246109009,0.134578494549548,0.9828217625617981
217_class-14,2,0.9239743947982788,1,0.9690799713134766,0.998703122138977,0.9954941551540913,0.9859655499458313
217_class-14,3,0.924015998840332,0,0.9688426852226257,0.9847171306610107,0.9929351044927659,0.9830616116523743
217_class-14,4,0.9232670068740845,0,0.9689732789993286,0.9955083131790161,0.985319626010069,0.9843606948852539
217_class-14,5,0.9234070181846619,0,0.968988299369812,0.9977625608444214,0.9918231761850006,0.9870055913925171
218_class-11,0,0.9304118752479553,0,0.9986752271652222,0.9897477626800537,1.0,0.9763409495353699
218_class-11,1,0.929806113243103,0,0.9982842206954956,0.9839903116226196,0.8681814624474995,0.9812976121902466
218_class-11,2,0.8782178163528442,1,0.9986871480941772,0.9910016059875488,0.8671518376503117,0.9760684967041016
218_class-11,3,0.9303885698318481,0,0.9982714056968689,0.9783942699432373,0.8658434927581536,0.9792105555534363
218_class-11,4,0.8791528940200806,0,0.9986958503723145,0.9893344640731812,0.8667587069212535,0.9764843583106995
218_class-11,5,0.9298113584518433,0,0.9982579946517944,0.9773834943771362,0.8669497707378074,0.9790619611740112
219_class-14,0,0.36377111077308655,0,0.959556519985199,0.9910324811935425,1.0,0.978014349937439
219_class-14,1,0.3496933579444885,0,0.9610549807548523,0.9539384841918945,0.9690310285271871,0.964682936668396
219_class-14,2,0.34985852241516113,0,0.9607654213905334,0.948063313961029,0.9928395885797506,0.9642913937568665
219_class-14,3,0.3499421179294586,0,0.9603537321090698,0.988213837146759,0.9798877597451843,0.973678708076477
219_class-14,4,0.34887421131134033,1,0.9595564007759094,0.9917473793029785,0.9707665526142025,0.977668285369873
219_class-14,5,0.3496015667915344,0,0.9608734846115112,0.982276201248169,0.9748472871002515,0.9744074940681458
220_class-14,0,0.5589776039123535,0,0.9221740365028381,0.9174201488494873,1.0,0.9074971079826355
220_class-14,1,0.944050669670105,0,0.9323514699935913,0.9832483530044556,0.2614273611167144,0.9800557494163513
220_class-14,2,0.9441148042678833,1,0.9339492917060852,0.9849356412887573,0.996325977068179,0.9816766977310181
220_class-14,3,0.9441000819206238,0,0.9337091445922852,0.9845744371414185,0.9965962064968059,0.9803603887557983
220_class-14,4,0.8856505155563354,0,0.9169663190841675,0.9827946424484253,0.8689357504007893,0.9698329567909241
220_class-14,5,0.943960428237915,0,0.9311504364013672,0.9834233522415161,0.868552371541502,0.9774989485740662
221_class-14,0,0.9987843632698059,0,0.9962605834007263,0.9821666479110718,1.0,0.9828667640686035
221_class-14,1,0.008756374008953571,0,0.869429886341095,0.9923232793807983,0.02069207562949909,0.7164455652236938
221_class-14,2,0.013089210726320744,0,0.8726251125335693,0.9880571365356445,0.9764529479715722,0.6097081899642944
221_class-14,3,0.9328492879867554,1,0.9964142441749573,0.9925644397735596,0.029549552239920264,0.986416220664978
221_class-14,4,0.9237459897994995,0,0.9965336918830872,0.9528270959854126,0.9753190974532696,0.9765303730964661
221_class-14,5,0.017350688576698303,0,0.8641968965530396,0.9883142709732056,0.04041741413583862,0.587151288986206
222_class-14,0,0.6881434917449951,0,0.9684652090072632,0.9854229688644409,1.0,0.9489403963088989
222_class-14,1,0.8788564801216125,0,0.9778211712837219,0.9963041543960571,0.5337174248006967,0.9766009449958801
222_class-14,2,0.8001681566238403,0,0.9826797842979431,0.9808586835861206,0.8308642306043721,0.939386785030365
222_class-14,3,0.8789090514183044,1,0.9778193235397339,0.9997804164886475,0.8304660409944707,0.9819475412368774
222_class-14,4,0.6401171684265137,0,0.9693920016288757,0.9871912002563477,0.5453778474147282,0.9686082601547241
222_class-14,5,0.6383649110794067,0,0.9689383506774902,0.9811333417892456,0.9886162904808636,0.9522004723548889
223_class-14,0,0.9941022992134094,0,0.9656540155410767,0.9945954084396362,1.0,0.9834889769554138
223_class-14,1,0.19958776235580444,0,0.9323330521583557,0.9270248413085938,0.019256328249695042,0.4466254413127899
223_class-14,2,0.9047922492027283,0,0.9654228091239929,0.9960490465164185,0.019462712645909677,0.9838126301765442
223_class-14,3,0.9048866629600525,1,0.9657843708992004,0.995481014251709,0.9961261759822911,0.9835346341133118
223_class-14,4,0.9050132036209106,0,0.9647618532180786,0.993238091468811,0.9964125892229743,0.9830926656723022
223_class-14,5,0.9055271744728088,0,0.9654833674430847,0.9936306476593018,0.9958233228608391,0.9835831522941589
224_class-14,0,0.5763822197914124,0,0.9945642948150635,0.9946925640106201,1.0,0.9885871410369873
224_class-14,1,0.5467995405197144,0,0.9945762753486633,0.9993942975997925,0.9824424502536091,0.9780107736587524
224_class-14,2,0.5462791919708252,1,0.9947041869163513,1.0019943714141846,0.9931612691106362,0.9806532859802246
224_class-14,3,0.4548431932926178,0,0.9535200595855713,0.9143071174621582,0.4541731393870922,0.5116057395935059
224_class-14,4,0.5463489890098572,0,0.9946509599685669,0.9987499713897705,0.4531150667514304,0.9777378439903259
224_class-14,5,0.4604038894176483,0,0.9979800581932068,0.9636924266815186,0.39558154645873944,0.9735463261604309
225_class-14,0,0.645099937915802,0,0.9197031259536743,0.9929479360580444,1.0,0.9804908037185669
225_class-14,1,0.9244831800460815,0,0.9404515027999878,0.9940593242645264,0.39084290050898135,0.9766711592674255
225_class-14,2,0.9243572950363159,1,0.9426376819610596,0.992509126663208,0.9980169584245077,0.9766324162483215
225_class-14,3,0.9244600534439087,0,0.9346368312835693,0.9947057962417603,0.9905221908320423,0.9762787818908691
225_class-14,4,0.9249001741409302,0,0.9347559809684753,0.9916561841964722,0.9955975419609282,0.9573593139648438
225_class-14,5,0.9249652028083801,0,0.9393220543861389,0.9925218820571899,0.9960822947214076,0.9666876792907715
226_class-10,0,0.28232336044311523,0,0.9604562520980835,0.9432533979415894,1.0,0.9007679224014282
226_class-10,1,0.17318883538246155,0,0.9635878801345825,0.9894126653671265,0.40112657840100746,0.9816128611564636
226_class-10,2,0.43379807472229004,1,0.9660406708717346,1.0082814693450928,0.18819424437401966,0.9852014780044556
226_class-10,3,0.2665412425994873,0,0.9584731459617615,0.9472967386245728,0.4399439439439439,0.9300020337104797
226_class-10,4,0.25976669788360596,0,0.958619236946106,0.9864225387573242,0.9578417292344611,0.9679980874061584
226_class-10,5,0.17550811171531677,0,0.9639873504638672,0.999567985534668,0.4598194857045545,0.9835028648376465
227_class-14,0,0.24448634684085846,1,0.975142776966095,0.9946697950363159,1.0,0.9707614779472351
227_class-14,1,0.23986293375492096,0,0.9752921462059021,0.994242787361145,0.9997197511390115,0.9693828225135803
227_class-14,2,0.23908403515815735,0,0.9753667116165161,0.9503365755081177,0.9942836641951687,0.9501944780349731
227_class-14,3,0.23983386158943176,0,0.9754337072372437,0.9642212390899658,0.9945464113153992,0.9553112387657166
227_class-14,4,0.23971320688724518,0,0.9746050238609314,0.9791754484176636,0.9970582592568907,0.952238142490387
227_class-14,5,0.23377197980880737,0,0.9734688997268677,0.9989877939224243,0.9734394611492676,0.9544261693954468
228_class-12,0,0.528424084186554,0,0.9788296222686768,0.9634726047515869,1.0,0.9134299755096436
228_class-12,1,0.5164355635643005,0,0.9794709086418152,0.9773987531661987,0.983315684198141,0.9427682161331177
228_class-12,2,0.795411229133606,1,0.9964190125465393,0.985106348991394,0.1991329241426434,0.9703702926635742
228_class-12,3,0.8890434503555298,0,0.995109498500824,0.9816060066223145,0.7948814275651561,0.9744904041290283
228_class-12,4,0.7446662187576294,0,0.9960241317749023,0.9719381332397461,0.679597971068946,0.9734556674957275
228_class-12,5,0.5203388333320618,0,0.980073094367981,0.9695513248443604,0.17244215570575402,0.9419170618057251
229_class-13,0,0.9721090793609619,0,0.987277626991272,0.9853461980819702,1.0,0.9741942882537842
229_class-13,1,0.9400495290756226,0,0.9874199628829956,0.9840134382247925,0.9983436162525707,0.9733785390853882
229_class-13,2,0.9475876092910767,1,0.9873586893081665,0.9994049072265625,0.9778006323920393,0.9810408353805542
229_class-13,3,0.930058479309082,0,0.9873804450035095,0.9751652479171753,0.9665635490028303,0.9583675265312195
229_class-13,4,0.838198184967041,0,0.9846907258033752,1.0027084350585938,0.860788836872696,0.9801967740058899
229_class-13,5,0.9480843544006348,0,0.987453281879425,0.9929025173187256,0.8370279958654967,0.9779608845710754
230_class-14,0,0.40870463848114014,0,0.9861570596694946,0.9660292863845825,1.0,0.9059134721755981
230_class-14,1,0.3814839720726013,0,0.9854766130447388,0.973349928855896,0.9468675154418252,0.8802005052566528
230_class-14,2,0.9078132510185242,0,0.9152462482452393,0.9980024099349976,0.2786982010383269,0.9290057420730591
230_class-14,3,0.34381863474845886,0,0.9931015968322754,0.918688178062439,0.22920585560884865,0.5516322255134583
230_class-14,4,0.5184639692306519,1,0.9772980213165283,0.9936840534210205,0.4397785888405543,0.9464536905288696
230_class-14,5,0.3596624732017517,0,0.9880771636962891,0.8786716461181641,0.4846039870689655,0.7064986824989319
231_class-13,0,0.975946307182312,0,0.8874304294586182,0.9856935739517212,1.0,0.9508382081985474
231_class-13,1,0.9296935796737671,1,0.8883465528488159,0.9825352430343628,0.9726708960011405,0.9608345031738281
231_class-13,2,0.8916823267936707,0,0.8873535394668579,0.9752638339996338,0.9176356589147286,0.9025624394416809
231_class-13,3,0.8890327215194702,0,0.890984058380127,0.9734103679656982,0.9781169151164223,0.8809119462966919
231_class-13,4,0.6554969549179077,0,0.8513818979263306,0.9925277233123779,0.5671607189774818,0.9777805805206299
231_class-13,5,0.6556763052940369,0,0.8516368865966797,0.9911909103393555,0.9980518267460169,0.9790418148040771
232_class-14,0,0.3981565535068512,0,0.9636388421058655,0.9939383268356323,1.0,0.8490952253341675
232_class-14,1,0.2903252840042114,0,0.985482394695282,0.9390244483947754,0.673403200816083,0.9180098176002502
232_class-14,2,0.2910916805267334,0,0.9883942604064941,0.9619249105453491,0.9591904676034456,0.9308357238769531
232_class-14,3,0.2870402932167053,0,0.9833702445030212,0.9328964948654175,0.950493297951963,0.8794997930526733
232_class-14,4,0.29230934381484985,0,0.9887605309486389,0.958562970161438,0.943805333916275,0.9163433313369751
232_class-14,5,0.5114205479621887,1,0.9836380481719971,1.0001046657562256,0.35603318419928504,0.9588202238082886
233_class-11,0,0.9982527494430542,0,0.9956239461898804,1.0082201957702637,1.0,0.9938270449638367
233_class-11,1,0.869723916053772,0,0.9956178665161133,1.0082165002822876,0.9993142595908415,0.9937095046043396
233_class-11,2,0.8697336912155151,0,0.9956215023994446,1.0081547498703003,0.9994283536585366,0.9937962889671326
233_class-11,3,0.8696725964546204,1,0.9956030249595642,1.008437991142273,0.9994664634146342,0.9938783645629883
233_class-11,4,0.8697336912155151,0,0.9955928325653076,1.008122444152832,0.9997713066016161,0.9937416911125183
233_class-11,5,0.8695962429046631,0,0.9956291317939758,1.0082547664642334,0.999276052581444,0.9937906265258789
234_class-11,0,0.9965379238128662,0,0.9423877000808716,1.0128992795944214,1.0,0.9934830665588379
234_class-11,1,0.9719081521034241,0,0.9423501491546631,1.0128775835037231,0.9997079439252337,0.9935344457626343
234_class-11,2,0.9719998836517334,0,0.9425433874130249,1.0124249458312988,0.9994625979882472,0.9935735464096069
234_class-11,3,0.9719672799110413,0,0.9423309564590454,1.0131862163543701,0.9995443392919734,0.9934741258621216
234_class-11,4,0.9718635678291321,0,0.9424570202827454,1.0126937627792358,0.9995911214953271,0.9933772087097168
234_class-11,5,0.9720426797866821,1,0.9424854516983032,1.0130383968353271,0.9994976107301001,0.9934146404266357
235_class-14,0,0.9972968101501465,0,0.9197202920913696,1.0167890787124634,1.0,0.9953791499137878
235_class-14,1,0.9762705564498901,0,0.9195727109909058,1.0180182456970215,0.999540135915385,0.9953089952468872
235_class-14,2,0.9761836528778076,0,0.9196910858154297,1.0170931816101074,0.9989907764633741,0.9954795241355896
235_class-14,3,0.9762277603149414,1,0.9196456670761108,1.0182982683181763,0.9986206896551724,0.9953799247741699
235_class-14,4,0.9763953685760498,0,0.9197733998298645,1.0173283815383911,0.9991829752467032,0.9954186081886292
235_class-14,5,0.9763079881668091,0,0.9198049902915955,1.0167808532714844,0.9993489167762444,0.9953376650810242
236_class-14,0,0.32532230019569397,0,0.9897244572639465,0.9972571134567261,1.0,0.9808657169342041
236_class-14,1,0.2905169427394867,1,0.9897638559341431,0.9972108602523804,0.9988601776118842,0.9806406497955322
236_class-14,2,0.26081061363220215,0,0.9828712940216064,0.9811283349990845,0.8085504328362785,0.9301151633262634
236_class-14,3,0.2944297790527344,0,0.9894753098487854,0.9973548650741577,0.789556929523653,0.9444637298583984
236_class-14,4,0.259493887424469,0,0.984217643737793,0.9825340509414673,0.7873372139415453,0.940052330493927
236_class-14,5,0.29087528586387634,0,0.9897885322570801,0.9913718700408936,0.8054627327926973,0.9747272729873657
237_class-14,0,0.5394306182861328,0,0.9768115282058716,0.9861927032470703,1.0,0.9798633456230164
237_class-14,1,0.4208937883377075,0,0.9786906242370605,1.0100133419036865,0.7684288905435592,0.9905023574829102
237_class-14,2,0.42087993025779724,0,0.9787763953208923,1.004492163658142,0.99779546002549,0.9894639849662781
237_class-14,3,0.4208696186542511,0,0.9787348508834839,1.0094718933105469,0.9983457972912431,0.9905101656913757
237_class-14,4,0.42095208168029785,1,0.9788080453872681,1.012407660484314,0.9970040290643617,0.9890897274017334
237_class-14,5,0.4209028482437134,0,0.9786860346794128,1.0106655359268188,0.9975542542197726,0.9885079860687256
238_class-11,0,0.9977524280548096,0,0.9910626411437988,1.010770559310913,1.0,0.9959087371826172
238_class-11,1,0.774411678314209,0,0.995743453502655,0.9823763370513916,0.6338182011935208,0.9667109251022339
238_class-11,2,0.9720859527587891,0,0.9913325905799866,1.010629415512085,0.6339559297647278,0.9958781003952026
238_class-11,3,0.9721818566322327,0,0.9911884069442749,1.0112050771713257,0.999334248741314,0.9957452416419983
238_class-11,4,0.8080826997756958,0,0.9960991144180298,0.9659463167190552,0.6898311967051453,0.9652037620544434
238_class-11,5,0.9719771146774292,1,0.9912333488464355,1.0112732648849487,0.6900603458280143,0.995749831199646
239_class-14,0,0.11924116313457489,0,0.8948063254356384,0.9579881429672241,1.0,0.7922101020812988
239_class-14,1,0.1412455439567566,0,0.9110652804374695,0.9218029975891113,0.8813761482101089,0.665479838848114
239_class-14,2,0.2007262259721756,1,0.929745078086853,0.9205645322799683,0.6968452783119381,0.8527021408081055
239_class-14,3,0.1184227243065834,0,0.8920656442642212,0.9662063121795654,0.6262098440948689,0.8166187405586243
239_class-14,4,0.21485531330108643,0,0.8921729326248169,0.9859015941619873,0.5865172797688135,0.9780939817428589
239_class-14,5,0.21479780972003937,0,0.8913610577583313,0.9869641065597534,0.9979031694400388,0.9753909111022949
240_class-14,0,0.9981015920639038,0,0.9981986284255981,1.0048925876617432,1.0,0.9941742420196533
240_class-14,1,0.9438447952270508,0,0.9980118274688721,0.940316379070282,0.9899173553719008,0.9802016019821167
240_class-14,2,0.9431284666061401,0,0.9983879327774048,1.004462718963623,0.9898863035430989,0.9941573739051819
240_class-14,3,0.9431369304656982,0,0.9984800219535828,1.0056432485580444,0.9982092521969823,0.9940295815467834
240_class-14,4,0.9429967999458313,1,0.9984228610992432,1.0062047243118286,0.9988057721015093,0.9941015839576721
240_class-14,5,0.9438059329986572,0,0.9984152317047119,0.9562177658081055,0.9917946003176283,0.9876749515533447
241_class-13,0,0.12344422191381454,0,0.7772650122642517,1.0012991428375244,1.0,0.948571503162384
241_class-13,1,0.12243854999542236,0,0.7756683826446533,1.0016820430755615,0.9989216978914339,0.9501862525939941
241_class-13,2,0.12141963094472885,1,0.7790945768356323,1.002018690109253,0.9968296685933311,0.9466920495033264
241_class-13,3,0.12056354433298111,0,0.7783982157707214,1.0022735595703125,0.9971019650710528,0.9471480250358582
241_class-13,4,0.09506972134113312,0,0.7719616889953613,0.9901107549667358,0.8786844222003753,0.8819823265075684
241_class-13,5,0.12231969833374023,0,0.7757328152656555,1.0021419525146484,0.8743319331486281,0.9479133486747742
242_class-14,0,0.9999593496322632,0,0.9954962730407715,1.0076849460601807,1.0,0.9949820637702942
242_class-14,1,0.9629497528076172,1,0.995514988899231,1.0101850032806396,0.9988759517295498,0.9954103827476501
242_class-14,2,0.9630273580551147,0,0.995483934879303,1.0098851919174194,0.999448533310709,0.9954320192337036
242_class-14,3,0.963263213634491,0,0.9954997897148132,1.0076098442077637,0.9990028852681602,0.9951903223991394
242_class-14,4,0.963379979133606,0,0.9954336881637573,1.0068550109863281,0.9991721151396791,0.9949557781219482
242_class-14,5,0.9633877277374268,0,0.9954642653465271,1.0076707601547241,0.9995115943260001,0.9949662089347839
243_class-14,0,0.2958466410636902,0,0.9213258028030396,0.9951337575912476,1.0,0.9655435085296631
243_class-14,1,0.42135143280029297,0,0.9517506957054138,0.956937313079834,0.4513006054898851,0.8564029335975647
243_class-14,2,0.41360849142074585,0,0.9232301712036133,0.9671685695648193,0.9380630048743519,0.8903982639312744
243_class-14,3,0.3722744882106781,0,0.880670964717865,0.9713897705078125,0.8786580180420537,0.9267123341560364
243_class-14,4,0.8894208669662476,1,0.9940314888954163,0.9872727394104004,0.0014262134833261221,0.9912894368171692
243_class-14,5,0.28939953446388245,0,0.9192203283309937,0.9976246356964111,0.04958643845712882,0.9670276045799255
244_class-14,0,0.9963659048080444,0,0.9782517552375793,1.012567400932312,1.0,0.9916338324546814
244_class-14,1,0.3674090504646301,0,0.9123476147651672,1.0022234916687012,0.32271945411091496,0.9300166368484497
244_class-14,2,0.47175413370132446,0,0.9696264863014221,1.0019562244415283,0.8101045098261956,0.945138156414032
244_class-14,3,0.47522151470184326,0,0.9703892469406128,1.0038834810256958,0.9922030558990589,0.9416698217391968
244_class-14,4,0.9690706729888916,1,0.9782533645629883,1.0130023956298828,0.3912952500523122,0.9917461276054382
244_class-14,5,0.47366148233413696,0,0.9698889255523682,1.0046074390411377,0.39044430707682476,0.9545581340789795
245_class-14,0,0.14866429567337036,0,0.9381520748138428,1.0049419403076172,1.0,0.9770564436912537
245_class-14,1,0.14281080663204193,0,0.9679882526397705,0.9223062992095947,0.8564746064746065,0.735582172870636
245_class-14,2,0.17891718447208405,1,0.9477156400680542,1.0016801357269287,0.42054798631534723,0.9815870523452759
245_class-14,3,0.16756853461265564,0,0.9610651135444641,0.9507690668106079,0.6158103888731195,0.882946789264679
245_class-14,4,0.2290351539850235,0,0.9729235768318176,0.9132052659988403,0.19277063397129188,0.6291525959968567
245_class-14,5,0.16269010305404663,0,0.9411230087280273,0.9611728191375732,0.18482904073352519,0.9173688292503357
246_class-14,0,0.9975600242614746,0,0.9636601805686951,1.0098012685775757,1.0,0.9888523817062378
246_class-14,1,0.9474366903305054,0,0.9637396931648254,0.9934494495391846,0.9942796905762166,0.9815137386322021
246_class-14,2,0.7404969930648804,1,0.9857572913169861,1.0004266500473022,0.6489015585783782,0.9871340394020081
246_class-14,3,0.9457452893257141,0,0.9635481834411621,1.0073966979980469,0.6479389692515654,0.9890515208244324
246_class-14,4,0.9468880891799927,0,0.963582456111908,1.0100659132003784,0.995363383174371,0.9888806343078613
246_class-14,5,0.9472332000732422,0,0.9637658596038818,1.0109684467315674,0.9982586793948911,0.9891621470451355
247_class-11,0,0.7823038101196289,0,0.9766795635223389,1.0114208459854126,1.0,0.9947241544723511
247_class-11,1,0.824409544467926,0,0.9795871376991272,0.9985660314559937,0.8645424343098762,0.9724006652832031
247_class-11,2,0.7695735692977905,0,0.9767292737960815,1.0116877555847168,0.8648199613339778,0.9944437146186829
247_class-11,3,0.9746698141098022,0,0.9819658398628235,1.0144051313400269,0.639628786864766,0.9957364201545715
247_class-11,4,0.9748246073722839,0,0.9820321202278137,1.014012336730957,0.9989518988470887,0.9955536723136902
247_class-11,5,0.9747219085693359,1,0.9820067882537842,1.0142492055892944,0.9992862718858035,0.9957403540611267
248_class-14,0,0.9849556684494019,0,0.9973814487457275,0.9955446720123291,1.0,0.9798300862312317
248_class-14,1,0.9175442457199097,0,0.9975672364234924,0.9957180023193359,0.997372911193565,0.9803797602653503
248_class-14,2,0.9174152612686157,1,0.9976285099983215,0.9961484670639038,0.997103410936654,0.9804216623306274
248_class-14,3,0.9236432313919067,0,0.9972242116928101,0.9977984428405762,0.9678126098834221,0.9793331027030945
248_class-14,4,0.5064725875854492,0,0.8923040628433228,0.9467126131057739,0.35398607213387384,0.6456930637359619
248_class-14,5,0.917014479637146,0,0.9972121715545654,0.9941284656524658,0.3540574901547335,0.9780840873718262
249_class-11,0,0.3722890317440033,0,0.9898561239242554,1.003525733947754,1.0,0.9862862229347229
249_class-11,1,0.4666476845741272,0,0.9812390804290771,0.9769341945648193,0.43007298676479555,0.9206294417381287
249_class-11,2,0.5886988639831543,1,0.9947332739830017,1.0043001174926758,0.6810628214177674,0.9759835600852966
249_class-11,3,0.36616551876068115,0,0.989818274974823,1.0053634643554688,0.6168583495301699,0.9876002669334412
249_class-11,4,0.5440084338188171,0,0.9956533908843994,0.9842126369476318,0.6661143984220907,0.931365430355072
249_class-11,5,0.6130701899528503,0,0.9942336082458496,0.9807661771774292,0.8264554535364746,0.8990921974182129
250_class-14,0,0.9686014652252197,0,0.9888063669204712,0.9674423933029175,1.0,0.9418562054634094
250_class-14,1,0.8937557935714722,0,0.9825916886329651,0.938462495803833,0.8894654476567004,0.8274699449539185
250_class-14,2,0.9178324937820435,0,0.9889278411865234,0.9916104078292847,0.8884147044769233,0.949100911617279
250_class-14,3,0.9281209707260132,1,0.9888496398925781,0.9964793920516968,0.9754887513508204,0.9646359086036682
250_class-14,4,0.914069652557373,0,0.9890087842941284,0.9913629293441772,0.9696632158301665,0.9512237310409546
250_class-14,5,0.9187629222869873,0,0.9888615012168884,0.9659110307693481,0.9708936958391216,0.9432694911956787
251_class-14,0,0.9994622468948364,0,0.9624618291854858,1.0148890018463135,1.0,0.9949944615364075
251_class-14,1,0.4230360984802246,1,0.9878553748130798,0.9993525743484497,0.12570180910792264,0.9958242177963257
251_class-14,2,0.9572580456733704,0,0.9625049233436584,1.0144367218017578,0.12577847698048444,0.9950659871101379
251_class-14,3,0.9571258425712585,0,0.9624671339988708,1.011091709136963,0.999181392931393,0.9948338866233826
251_class-14,4,0.9570413827896118,0,0.9622946977615356,1.010424017906189,0.9990518495428097,0.9953139424324036
251_class-14,5,0.9591796398162842,0,0.9628517627716064,1.006762146949768,0.9922563209728972,0.9945608973503113
252_class-14,0,0.4373854994773865,0,0.9904270172119141,0.8386064767837524,1.0,0.8678138256072998
252_class-14,1,0.39466777443885803,0,0.9704875946044922,0.9337232112884521,0.24107582905020067,0.9121912121772766
252_class-14,2,0.4148496091365814,1,0.9889326095581055,0.9584420919418335,0.21822608695652174,0.9328249096870422
252_class-14,3,0.4149835407733917,0,0.9885222911834717,0.8470113277435303,0.6067913385826772,0.8639769554138184
252_class-14,4,0.39955073595046997,0,0.9804441928863525,0.8822822570800781,0.27661768497035316,0.8474385142326355
252_class-14,5,0.8494250774383545,0,0.9831510186195374,0.902287483215332,0.028750860648041894,0.818615734577179
253_class-14,0,0.9858003854751587,0,0.9790222644805908,1.0004829168319702,1.0,0.9923493266105652
253_class-14,1,0.9538427591323853,1,0.9789136052131653,1.003825068473816,0.9920325478894728,0.9928178191184998
253_class-14,2,0.02607090398669243,0,0.9551565051078796,0.9758028984069824,0.05235654971197726,0.5392544865608215
253_class-14,3,0.954123318195343,0,0.9790025949478149,1.0021594762802124,0.05216272135109754,0.992560088634491
253_class-14,4,0.02845665253698826,0,0.9554044008255005,0.9907878637313843,0.057734693115170536,0.5287519097328186
253_class-14,5,0.9524813890457153,0,0.9786393642425537,1.002771019935608,0.05831543962507235,0.9939403533935547
254_class-14,0,0.7777149677276611,0,0.9890932440757751,0.9847090244293213,1.0,0.9773041605949402
254_class-14,1,0.9706206321716309,0,0.9734944701194763,0.9631569385528564,0.6747040498442367,0.9670118093490601
254_class-14,2,0.9613541960716248,0,0.9792419075965881,0.9670791625976562,0.9779754341380771,0.8175577521324158
254_class-14,3,0.3912881016731262,1,0.9945639371871948,0.9781907796859741,0.0860714919058597,0.9893416166305542
254_class-14,4,0.4708728790283203,0,0.9833112955093384,0.9434430599212646,0.0,0.7477021813392639
254_class-14,5,0.5163341164588928,0,0.9833645224571228,0.9751057624816895,0.5494192666818493,0.9348880052566528
255_class-12,0,0.28588560223579407,0,0.9495787620544434,1.0006579160690308,1.0,0.9550191760063171
255_class-12,1,0.24659116566181183,0,0.9206822514533997,0.9667860269546509,0.752971225347559,0.7835835814476013
255_class-12,2,0.7892601490020752,0,0.9970847964286804,0.8819053173065186,0.0001631494945912396,0.8182150721549988
255_class-12,3,0.9512515068054199,0,0.996161699295044,0.9992103576660156,0.658730838400274,0.9928612112998962
255_class-12,4,0.9516639709472656,0,0.9955059289932251,0.9984915256500244,0.9952009598080384,0.9927158355712891
255_class-12,5,0.9505007266998291,1,0.9960196614265442,1.0007624626159668,0.9861419401283821,0.9915841221809387
256_class-14,0,0.24678729474544525,0,0.9239557981491089,0.9711872339248657,1.0,0.9628717303276062
256_class-14,1,0.24802663922309875,0,0.9179243445396423,0.9763697385787964,0.9076190795427882,0.9606132507324219
256_class-14,2,0.27680712938308716,1,0.9243155717849731,0.9983352422714233,0.7152575495003871,0.9901847243309021
256_class-14,3,0.5748213529586792,0,0.9173579812049866,0.9532948732376099,0.30143191229828525,0.7440723180770874
256_class-14,4,0.2768164575099945,0,0.9239336252212524,0.9953548908233643,0.3013930649760312,0.9857320785522461
256_class-14,5,0.7873144745826721,0,0.9345520734786987,0.9733134508132935,0.2182660410113615,0.8785322308540344
257_class-14,0,0.9863942861557007,0,0.9727315902709961,1.004980444908142,1.0,0.989295482635498
257_class-14,1,0.9652909636497498,0,0.9725924730300903,1.0048760175704956,0.9990617879640799,0.9897633194923401
257_class-14,2,0.9665564298629761,0,0.9717856645584106,1.0059937238693237,0.9916467251617478,0.9939697980880737
257_class-14,3,0.9651004076004028,0,0.9726688265800476,1.0047706365585327,0.9914694673402464,0.989567756652832
257_class-14,4,0.8497002720832825,0,0.9648319482803345,0.9940537214279175,0.7901006000312284,0.9704591631889343
257_class-14,5,0.8190100193023682,1,0.9822787046432495,0.9862254858016968,0.5994219750874643,0.9407361149787903
258_class-11,0,0.7213529348373413,1,0.9837990403175354,0.9955394268035889,1.0,0.9837926030158997
258_class-11,1,0.8266279101371765,0,0.9754747748374939,0.9855984449386597,0.7962746625129803,0.9571362733840942
258_class-11,2,0.864091157913208,0,0.9723451137542725,0.988513708114624,0.9427850789857958,0.9739305377006531
258_class-11,3,0.8711884617805481,0,0.9730501174926758,1.0040123462677002,0.982917532218704,0.9392575621604919
258_class-11,4,0.8779614567756653,0,0.9718709588050842,0.9984080791473389,0.9832531835877216,0.9863811731338501
258_class-11,5,0.85326087474823,0,0.9740570783615112,0.9883893728256226,0.9583818712227565,0.9676270484924316
259_class-14,0,0.08504778146743774,0,0.9848713874816895,0.9988632202148438,1.0,0.9878063201904297
259_class-14,1,0.08305208384990692,0,0.9849488139152527,0.9997373819351196,0.9993614112810688,0.9875439405441284
259_class-14,2,0.08293827623128891,0,0.985086977481842,0.9982119798660278,0.9988034102807,0.9876065254211426
259_class-14,3,0.08286886662244797,0,0.9851425886154175,0.9984664916992188,0.9991728783832263,0.9879637956619263
259_class-14,4,0.08304893225431442,0,0.9851886034011841,0.9983279705047607,0.9984553137208004,0.9877892136573792
259_class-14,5,0.08287011086940765,1,0.9851757287979126,0.9994839429855347,0.9983358577806123,0.9882381558418274
260_class-12,0,0.656555712223053,0,0.9757184982299805,0.9987671375274658,1.0,0.9858642816543579
260_class-12,1,0.628677248954773,0,0.9756009578704834,0.9980795383453369,0.9966577540106952,0.9866102337837219
260_class-12,2,0.6285155415534973,1,0.9761344790458679,0.9986391067504883,0.998597989732971,0.9863947629928589
260_class-12,3,0.6291238069534302,0,0.9784533977508545,0.9627909064292908,0.9913237215878661,0.9828256964683533
260_class-12,4,0.627697229385376,0,0.975602388381958,0.9987306594848633,0.9892410896075784,0.9790653586387634
260_class-12,5,0.6285274028778076,0,0.9758291244506836,0.9988034963607788,0.9941565862388684,0.9866775870323181
261_class-14,0,0.35145220160484314,0,0.9645382761955261,0.9579969644546509,1.0,0.9422346353530884
261_class-14,1,0.27398228645324707,1,0.9621394872665405,0.9980698227882385,0.7974493884804349,0.9784285426139832
261_class-14,2,0.27370360493659973,0,0.9602682590484619,0.9987632036209106,0.9943246800889062,0.9865332245826721
261_class-14,3,0.27372780442237854,0,0.9611437916755676,0.9976711273193359,0.9979946091644205,0.9856523871421814
261_class-14,4,0.27377036213874817,0,0.9613088369369507,0.9981164932250977,0.9988778350849177,0.9859405159950256
261_class-14,5,0.7542717456817627,0,0.9689173698425293,0.9864417314529419,0.14580569799441684,0.7517586946487427
262_class-14,0,0.33022329211235046,0,0.9891500473022461,0.9990779161453247,1.0,0.983913004398346
262_class-14,1,0.3610127568244934,0,0.9898190498352051,1.002842664718628,0.9123744340072866,0.9843142628669739
262_class-14,2,0.3199423551559448,0,0.9892133474349976,0.9994169473648071,0.9122032476760711,0.9847395420074463
262_class-14,3,0.36143505573272705,1,0.9899442195892334,1.003627896308899,0.9114833092788305,0.98395174741745
262_class-14,4,0.3200059235095978,0,0.989469587802887,0.9993181228637695,0.9052861378972191,0.9803662300109863
262_class-14,5,0.3619953989982605,0,0.9898887872695923,1.0022850036621094,0.9031041147567705,0.9837519526481628
263_class-11,0,0.9323145151138306,0,0.9947834014892578,1.0055973529815674,1.0,0.9905683994293213
263_class-11,1,0.8885232210159302,1,0.9947664737701416,1.006461501121521,0.9984404066216953,0.9908920526504517
263_class-11,2,0.8888022899627686,0,0.9947307109832764,1.0020970106124878,0.9978763390340162,0.9905438423156738
263_class-11,3,0.8885539174079895,0,0.9947198629379272,1.004845380783081,0.9985517876958377,0.9900894165039062
263_class-11,4,0.8887515664100647,0,0.9947253465652466,1.000145435333252,0.9985327313769752,0.9900357723236084
263_class-11,5,0.8883830904960632,0,0.9947603940963745,1.0053417682647705,0.9981010754305483,0.9910141825675964
264_class-13,0,0.5072442293167114,1,0.9909653663635254,0.9908304214477539,1.0,0.9313235878944397
264_class-13,1,0.4335501194000244,0,0.9885172843933105,0.9870080351829529,0.8423164214071308,0.882165789604187
264_class-13,2,0.5279276371002197,0,0.9709511995315552,0.96378493309021,0.7156370262914963,0.884485125541687
264_class-13,3,0.4954155385494232,0,0.9802039861679077,0.9490545988082886,0.5509825370160566,0.8634387850761414
264_class-13,4,0.5506606101989746,0,0.9604326486587524,0.9599611759185791,0.704812823207038,0.859363317489624
264_class-13,5,0.6065385341644287,0,0.9631777405738831,0.9880415201187134,0.5643044191187868,0.9154844284057617
265_class-14,0,0.4125956594944,0,0.9578537940979004,0.9449422359466553,1.0,0.907172679901123
265_class-14,1,0.4169045686721802,1,0.9519168138504028,0.9536678791046143,0.6145194962623746,0.9713401198387146
265_class-14,2,0.49526965618133545,0,0.9482252597808838,0.9341062307357788,0.7052690226042662,0.9143506288528442
265_class-14,3,0.4187977910041809,0,0.9384479522705078,0.9879392385482788,0.7064654293289823,0.9822186827659607
265_class-14,4,0.5244202613830566,0,0.9432069659233093,0.9208347797393799,0.24681731832487452,0.791746199131012
265_class-14,5,0.5244893431663513,0,0.9426533579826355,0.980616569519043,0.4790735007453274,0.9701976776123047
266_class-10,0,0.21435658633708954,0,0.9694517254829407,1.0069708824157715,1.0,0.9875335693359375
266_class-10,1,0.2024819552898407,0,0.9697650671005249,1.0063426494598389,0.998884472507121,0.9873777627944946
266_class-10,2,0.2025158703327179,1,0.9700261354446411,1.008733868598938,0.9975762297387955,0.9845004081726074
266_class-10,3,0.20254060626029968,0,0.9694878458976746,1.006042242050171,0.9972963035061536,0.9851600527763367
266_class-10,4,0.2025560736656189,0,0.9699150323867798,1.005847692489624,0.9992420879394537,0.9853348731994629
266_class-10,5,0.20250949263572693,0,0.9690364599227905,1.006914734840393,0.9987874851142146,0.985406219959259
267_class-13,0,0.9645543098449707,0,0.9955942630767822,0.9803388118743896,1.0,0.9697211384773254
267_class-13,1,0.8353185057640076,0,0.9953175187110901,0.9645707607269287,0.8277904840463425,0.941417932510376
267_class-13,2,0.9217299818992615,1,0.9957080483436584,0.9826006889343262,0.8267343422235541,0.9723456501960754
267_class-13,3,0.9238170385360718,0,0.9957178831100464,0.9821785688400269,0.984576883863194,0.9697384834289551
267_class-13,4,0.9212309718132019,0,0.9955309629440308,0.9815073013305664,0.9823458507185906,0.9697739481925964
267_class-13,5,0.9190977811813354,0,0.9953433275222778,0.9837437868118286,0.9841451516061243,0.9716289639472961
268_class-14,0,0.09194323420524597,0,0.8994454741477966,1.0010014772415161,1.0,0.9605228900909424
268_class-14,1,0.08738238364458084,0,0.8989081382751465,1.000531792640686,0.9991567379359121,0.9628742337226868
268_class-14,2,0.08749733120203018,0,0.8982338309288025,1.000372052192688,0.9992056583242656,0.9619544148445129
268_class-14,3,0.08746527135372162,0,0.8990166187286377,1.00066077709198,0.9995374275529918,0.9623790383338928
268_class-14,4,0.08713677525520325,0,0.8997334241867065,1.0010075569152832,0.9987225344915688,0.9611952900886536
268_class-14,5,0.08737389743328094,1,0.9001955986022949,1.0001277923583984,0.9990107082676524,0.9616687297821045
269_class-11,0,0.9991933107376099,0,0.9926173686981201,0.9901604652404785,1.0,0.9908832907676697
269_class-11,1,0.9154782295227051,0,0.992577314376831,1.003448486328125,0.9779668107655836,0.9914168119430542
269_class-11,2,0.6603558659553528,0,0.9935535192489624,0.9965236186981201,0.47324601482384,0.986955463886261
269_class-11,3,0.6599541902542114,1,0.9935672879219055,1.0013986825942993,0.9972620335316387,0.9878330230712891
269_class-11,4,0.9152425527572632,0,0.9925884008407593,1.0032798051834106,0.4731491488786814,0.9913589954376221
269_class-11,5,0.9088959097862244,0,0.9926058650016785,0.9946626424789429,0.9832539237668162,0.9910240769386292
270_class-14,0,0.9999772310256958,1,0.9887699484825134,1.0100897550582886,1.0,0.9979974031448364
270_class-14,1,0.9832677841186523,0,0.9886695146560669,1.0094783306121826,0.9998424231813009,0.9979062676429749
270_class-14,2,0.9832245707511902,0,0.9886616468429565,1.0076818466186523,0.9997023757418723,0.9979666471481323
270_class-14,3,0.9831875562667847,0,0.98870849609375,1.0101524591445923,0.9996849070475791,0.9978408813476562
270_class-14,4,0.9832801818847656,0,0.988650918006897,1.0092949867248535,0.9997373949579832,0.9978635907173157
270_class-14,5,0.9832863211631775,0,0.988662838935852,1.009822964668274,0.9998774252293899,0.9979094862937927
271_class-10,0,0.3947731852531433,0,0.8726965188980103,0.9561928510665894,1.0,0.8990290760993958
271_class-10,1,0.3676769733428955,0,0.8558135628700256,0.955162525177002,0.8936299134106057,0.886883556842804
271_class-10,2,0.4746464490890503,0,0.9618754982948303,0.9702669382095337,0.3285522531160115,0.9811468124389648
271_class-10,3,0.24139583110809326,0,0.9088565111160278,0.9705507755279541,0.13705725163273938,0.9281597137451172
271_class-10,4,0.39380547404289246,0,0.9066910743713379,0.9459636211395264,0.1240725508984067,0.8139429688453674
271_class-10,5,0.47484612464904785,1,0.9641566872596741,0.9648736715316772,0.40343153586216746,0.9830086827278137
272_class-14,0,0.3420717418193817,0,0.9922170639038086,0.899261474609375,1.0,0.7936488389968872
272_class-14,1,0.4015147387981415,0,0.9917535185813904,0.8871040344238281,0.0004992284650993918,0.8512845635414124
272_class-14,2,0.37551888823509216,0,0.9880034327507019,0.9704020023345947,0.0008722958827634334,0.9071760773658752
272_class-14,3,0.532431960105896,0,0.9836491942405701,0.9834898710250854,0.29754594198249396,0.8877149224281311
272_class-14,4,0.3292282819747925,0,0.9922835230827332,0.9024341106414795,0.5601545997932678,0.7773849368095398
272_class-14,5,0.6467170119285583,1,0.9928733706474304,0.9779599905014038,0.36532378891293493,0.9113865494728088
273_class-12,0,0.9534633159637451,0,0.9934737682342529,0.9835798740386963,1.0,0.9727303385734558
273_class-12,1,0.925663948059082,0,0.9935631155967712,0.983495831489563,0.99032016008004,0.9764485955238342
273_class-12,2,0.9257310032844543,1,0.9930824637413025,0.9905551671981812,0.9950742611391709,0.9762090444564819
273_class-12,3,0.9277522563934326,0,0.9934844970703125,0.9833049774169922,0.9923736892278361,0.9729790687561035
273_class-12,4,0.9256842732429504,0,0.9928576946258545,0.9913725852966309,0.9929453705563366,0.9762997627258301
273_class-12,5,0.9257892370223999,0,0.9932865500450134,0.9848511219024658,0.9954926755978465,0.9760884046554565
274_class-14,0,0.40223169326782227,0,0.9782669544219971,0.9784517288208008,1.0,0.9707750678062439
274_class-14,1,0.39078962802886963,0,0.977927565574646,0.9906998872756958,0.9807716011339825,0.9773784279823303
274_class-14,2,0.39075663685798645,1,0.977778434753418,0.9916068315505981,0.9974161503148283,0.9769317507743835
274_class-14,3,0.39164984226226807,0,0.977837324142456,0.9800913333892822,0.9825927849071533,0.9703191518783569
274_class-14,4,0.3912352919578552,0,0.9778422117233276,0.9808996915817261,0.9888932864987879,0.9661653637886047
274_class-14,5,0.4682479202747345,0,0.9767360687255859,0.9614132642745972,0.8236219811578086,0.9358789920806885
275_class-11,0,0.9894487857818604,0,0.9834633469581604,0.9375471472740173,1.0,0.969600260257721
275_class-11,1,0.5473781228065491,0,0.9815950393676758,0.9460829496383667,0.5164565320567054,0.8724781274795532
275_class-11,2,0.5497979521751404,0,0.9812490940093994,0.9856046438217163,0.9916433390878515,0.9273934960365295
275_class-11,3,0.5480141639709473,0,0.9811156988143921,0.991361141204834,0.9933859435847774,0.9549265503883362
275_class-11,4,0.9177707433700562,1,0.9834201335906982,1.0030606985092163,0.5170140818020317,0.9863361716270447
275_class-11,5,0.917978048324585,0,0.9834088683128357,1.0027483701705933,0.9985738997240232,0.9864760637283325
276_class-10,0,0.8317009210586548,1,0.98265141248703,0.9909417629241943,1.0,0.9664419293403625
276_class-10,1,0.756864070892334,0,0.9710529446601868,0.972903847694397,0.8058269164463855,0.9702315926551819
276_class-10,2,0.8183640241622925,0,0.9824427366256714,0.9885063171386719,0.7507840380663999,0.9654267430305481
276_class-10,3,0.5311647057533264,0,0.992141604423523,0.8935917615890503,0.3156177156177156,0.6927925944328308
276_class-10,4,0.8012099266052246,0,0.9831967949867249,0.9775421619415283,0.3379185294025698,0.9465236663818359
276_class-10,5,0.7651164531707764,0,0.9688594937324524,0.9406536221504211,0.8106978085351788,0.919201672077179
277_class-14,0,0.8807806968688965,0,0.9339492321014404,0.9516923427581787,1.0,0.805213987827301
277_class-14,1,0.5934898257255554,0,0.9720798134803772,1.0004600286483765,0.4273529611058409,0.992780864238739
277_class-14,2,0.5929926037788391,1,0.9756457805633545,0.9976330995559692,0.9957713359811884,0.9895181655883789
277_class-14,3,0.5898890495300293,0,0.9734459519386292,1.000444769859314,0.9838188984175398,0.9475656747817993
277_class-14,4,0.5894967317581177,0,0.9743806719779968,1.0045562982559204,0.9896446741176942,0.9413326978683472
277_class-14,5,0.5933893918991089,0,0.9733573198318481,0.997230052947998,0.9844174381951191,0.9918142557144165
278_class-11,0,0.9927990436553955,0,0.9951183795928955,0.9945893287658691,1.0,0.9861624836921692
278_class-11,1,0.9686803221702576,0,0.9951028227806091,1.0101419687271118,0.9938543996453686,0.9933302998542786
278_class-11,2,0.9686384201049805,1,0.9950494766235352,1.0110291242599487,0.9991740199041057,0.9937158226966858
278_class-11,3,0.9687048196792603,0,0.9950506687164307,1.010787010192871,0.9994962419650594,0.9934867024421692
278_class-11,4,0.9686168432235718,0,0.9950479865074158,1.0108684301376343,0.9995163727959697,0.9936866164207458
278_class-11,5,0.9686046838760376,0,0.9950865507125854,1.010674238204956,0.9992544080604534,0.9934800267219543
279_class-14,0,0.9022383689880371,0,0.992717981338501,0.9720056056976318,1.0,0.8949851393699646
279_class-14,1,0.885344386100769,0,0.9914753437042236,0.9672338962554932,0.9128543076688209,0.8931921124458313
279_class-14,2,0.8432103395462036,0,0.9935743808746338,0.9748457670211792,0.8338448049101271,0.9395269751548767
279_class-14,3,0.634279727935791,0,0.9944480657577515,0.9923275709152222,0.5972441575682667,0.973456621170044
279_class-14,4,0.3570329248905182,1,0.9952524900436401,1.0084896087646484,0.1527702089009991,0.9926465749740601
279_class-14,5,0.8289510607719421,0,0.9870338439941406,0.8188154697418213,0.01345863399899312,0.6537398099899292
280_class-11,0,0.9940577745437622,0,0.9823932647705078,1.0109909772872925,1.0,0.9948766231536865
280_class-11,1,0.9654302000999451,0,0.9824234843254089,1.01069176197052,0.9997465846522451,0.9949131011962891
280_class-11,2,0.9655165672302246,0,0.9824694395065308,1.0109730958938599,0.9994932977106269,0.9948272705078125
280_class-11,3,0.9655694961547852,0,0.9823587536811829,1.0106991529464722,0.9993550319028862,0.9948257207870483
280_class-11,4,0.9654563069343567,0,0.9824045896530151,1.0109716653823853,0.9993319203833395,0.9949092268943787
280_class-11,5,0.9655649662017822,1,0.9824981689453125,1.0110093355178833,0.99953931911365,0.9948940873146057
281_class-14,0,0.39620500802993774,0,0.9897350072860718,0.9386012554168701,1.0,0.891676664352417
281_class-14,1,0.9833794236183167,0,0.8537181615829468,1.0000240802764893,0.3133440622686191,0.9782196283340454
281_class-14,2,0.9835559129714966,0,0.8549370765686035,1.0111740827560425,0.9989721690292503,0.9848421216011047
281_class-14,3,0.9775151014328003,0,0.8539978265762329,0.9780274629592896,0.9917136630465795,0.9384641647338867
281_class-14,4,0.2477405071258545,1,0.9865730404853821,0.9944013357162476,0.09490069519430257,0.9858930110931396
281_class-14,5,0.39149534702301025,0,0.9908226728439331,0.9569742679595947,0.2801757905799178,0.9178368449211121
282_class-11,0,0.4867286682128906,0,0.9932917952537537,0.9423129558563232,1.0,0.8026614189147949
282_class-11,1,0.30406761169433594,0,0.9670710563659668,0.968287467956543,0.3986840577466424,0.8809851408004761
282_class-11,2,0.5102473497390747,0,0.9937012791633606,0.9467275142669678,0.3607229941556682,0.7151283621788025
282_class-11,3,0.3056524395942688,0,0.9662585258483887,0.9698804616928101,0.36295378959584396,0.8761574029922485
282_class-11,4,0.39405640959739685,1,0.9895491600036621,0.9518735408782959,0.6685982662336145,0.8324851989746094
282_class-11,5,0.32148706912994385,0,0.9746631383895874,0.9761196374893188,0.7162288460896559,0.8831620812416077
283_class-14,0,0.4760724604129791,0,0.9867216348648071,0.936050534248352,1.0,0.8763253092765808
283_class-14,1,0.5721731781959534,0,0.9890567660331726,0.9836453199386597,0.7497280183847348,0.9502779841423035
283_class-14,2,0.5108599662780762,0,0.9972846508026123,0.9771662950515747,0.5387625426265302,0.9542016386985779
283_class-14,3,0.8834280967712402,0,0.995918333530426,0.9543172121047974,0.2635458424932109,0.9104421138763428
283_class-14,4,0.5414169430732727,0,0.9904372692108154,0.9343501329421997,0.2847142409361613,0.84035325050354
283_class-14,5,0.6822429895401001,1,0.9955629110336304,0.9758518934249878,0.4339974791545472,0.986884593963623
284_class-14,0,0.7127863764762878,1,0.94524747133255,1.0084599256515503,1.0,0.991355836391449
284_class-14,1,0.6863827705383301,0,0.9453978538513184,0.9855883121490479,0.9938854643070193,0.9888713359832764
284_class-14,2,0.6874630451202393,0,0.9454913139343262,1.006003737449646,0.9908416271623935,0.9920421242713928
284_class-14,3,0.6874638795852661,0,0.9450189471244812,1.0049951076507568,0.9953798002881414,0.9916866421699524
284_class-14,4,0.686367928981781,0,0.9453902244567871,0.9840596914291382,0.990551532586053,0.989188551902771
284_class-14,5,0.8690701723098755,0,0.9545764923095703,0.9586291313171387,0.6574149343862501,0.9207735061645508
285_class-14,0,0.4950152039527893,0,0.9906473159790039,1.0117381811141968,1.0,0.9967970848083496
285_class-14,1,0.4517860412597656,0,0.9904792308807373,1.011581540107727,0.9992277550553442,0.9966587424278259
285_class-14,2,0.45171356201171875,0,0.9910203218460083,1.012490153312683,0.9991420236801464,0.9967930912971497
285_class-14,3,0.4517415165901184,1,0.9909933805465698,1.0126593112945557,0.9995422293430991,0.9966703653335571
285_class-14,4,0.7122704982757568,0,0.9777154326438904,1.0005346536636353,0.4349215463544332,0.9782653450965881
285_class-14,5,0.45173710584640503,0,0.9905136823654175,1.0119552612304688,0.4348710651788612,0.9967355132102966
286_class-14,0,0.28827333450317383,0,0.9734278321266174,1.0131640434265137,1.0,0.9944928288459778
286_class-14,1,0.23367492854595184,0,0.9624315500259399,1.020939826965332,0.8224117364564453,0.9830946326255798
286_class-14,2,0.23378132283687592,0,0.9625815749168396,1.0077764987945557,0.9970708346571404,0.9795545339584351
286_class-14,3,0.27308517694473267,0,0.9748925566673279,1.0089566707611084,0.8202222790975437,0.9894967079162598
286_class-14,4,0.2731269598007202,1,0.9744535088539124,1.0106210708618164,0.9944524366966612,0.9937801361083984
286_class-14,5,0.2346632331609726,0,0.961335301399231,1.0042927265167236,0.8266100384894642,0.9685045480728149
287_class-14,0,0.19782809913158417,0,0.996300995349884,0.8308736085891724,1.0,0.8735657930374146
287_class-14,1,0.2626378536224365,0,0.9956508874893188,0.9306025505065918,0.02130053854191785,0.9178493022918701
287_class-14,2,0.1886412650346756,0,0.996345043182373,0.9689961671829224,0.0027069149372487902,0.9778891205787659
287_class-14,3,0.19135721027851105,0,0.9978189468383789,0.9606971740722656,0.1854059854536783,0.964023232460022
287_class-14,4,0.1844516396522522,0,0.995902419090271,0.8462151288986206,0.19309316200091786,0.90692538022995
287_class-14,5,0.1825311928987503,1,0.9967336654663086,0.9828331470489502,0.7464464599972925,0.9649591445922852
288_class-11,0,0.5666469931602478,1,0.9959529638290405,0.9921884536743164,1.0,0.9728925228118896
288_class-11,1,0.7110241651535034,0,0.9745286107063293,0.9577134847640991,0.6041495031692923,0.9076976180076599
288_class-11,2,0.8725393414497375,0,0.9728030562400818,0.9616848230361938,0.7247784134155024,0.8215554356575012
288_class-11,3,0.6559523344039917,0,0.984514594078064,0.9842110872268677,0.6293684780468596,0.9551674723625183
288_class-11,4,0.6123321652412415,0,0.9737275242805481,0.9601523876190186,0.8682704659581922,0.8921922445297241
288_class-11,5,0.8360186815261841,0,0.9180175065994263,0.9767279624938965,0.40605475509572125,0.9227489829063416
289_class-14,0,0.23952670395374298,0,0.9796661734580994,0.9896470308303833,1.0,0.9821102619171143
289_class-14,1,0.2381555438041687,0,0.9831875562667847,0.9810973405838013,0.9620636838244812,0.9327321648597717
289_class-14,2,0.23260968923568726,0,0.9790143966674805,0.9831598997116089,0.9653436948686589,0.9741300344467163
289_class-14,3,0.23233073949813843,1,0.9775362014770508,1.0035709142684937,0.9877202061366626,0.980804443359375
289_class-14,4,0.23292194306850433,0,0.9753539562225342,1.0013062953948975,0.9954027235873971,0.9746277928352356
289_class-14,5,0.23539051413536072,0,0.9806534051895142,0.9833292961120605,0.9774531494013534,0.9421977400779724
290_class-14,0,0.39573293924331665,0,0.9893825054168701,0.9934384822845459,1.0,0.9835673570632935
290_class-14,1,0.38331127166748047,0,0.9900147914886475,1.0039130449295044,0.9922912110971219,0.9874382019042969
290_class-14,2,0.26088178157806396,0,0.9940968751907349,0.9772034883499146,0.2828699513817271,0.4937972128391266
290_class-14,3,0.3838660717010498,0,0.9895043969154358,0.9939354658126831,0.286159482849382,0.985458493232727
290_class-14,4,0.38449907302856445,1,0.9902985095977783,1.0041853189468384,0.9919809658089531,0.9864333271980286
290_class-14,5,0.38777583837509155,0,0.989099383354187,1.0033955574035645,0.9823948248165675,0.9822489023208618
291_class-13,0,0.6661942601203918,0,0.9892085194587708,0.9616008996963501,1.0,0.926797091960907
291_class-13,1,0.7808724641799927,1,0.9880948066711426,0.9801579713821411,0.5307242292253822,0.9740459322929382
291_class-13,2,0.7825393676757812,0,0.9880469441413879,0.9789186716079712,0.9926385122045719,0.9720926880836487
291_class-13,3,0.7824275493621826,0,0.9877520203590393,0.9763220548629761,0.9891430787126794,0.9729979038238525
291_class-13,4,0.7509548664093018,0,0.9899628162384033,0.9483078718185425,0.871622567548649,0.9133232235908508
291_class-13,5,0.7546323537826538,0,0.9878231287002563,0.9735255241394043,0.8105957253296954,0.9568584561347961
292_class-14,0,0.9752817153930664,1,0.9953382611274719,0.994938850402832,1.0,0.9911674857139587
292_class-14,1,0.8648809194564819,0,0.9953100681304932,0.9652132987976074,0.9875625080138479,0.9853295087814331
292_class-14,2,0.3728635907173157,0,0.9155862927436829,0.9853764772415161,0.14804220301390875,0.9317418336868286
292_class-14,3,0.6040586233139038,0,0.993206799030304,0.9560878276824951,0.11531870867618293,0.9623722434043884
292_class-14,4,0.41864901781082153,0,0.9539109468460083,0.9357205629348755,0.11925616757784178,0.7693893909454346
292_class-14,5,0.8645126819610596,0,0.9953355193138123,0.9902536869049072,0.15759894774602415,0.9905800819396973
293_class-12,0,0.9562988877296448,0,0.996703028678894,0.9926305413246155,1.0,0.9761490821838379
293_class-12,1,0.4424194395542145,0,0.9252856373786926,0.9077205657958984,0.11364125017102872,0.4500417709350586
293_class-12,2,0.894881010055542,1,0.9967002868652344,1.0018365383148193,0.11271592252961361,0.9895257353782654
293_class-12,3,0.8930580615997314,0,0.9969766139984131,0.9845112562179565,0.9913778355630068,0.9763853549957275
293_class-12,4,0.8938907384872437,0,0.9966973662376404,0.9854168891906738,0.9923029345062195,0.9752377867698669
293_class-12,5,0.8852218985557556,0,0.9968029260635376,0.9982038140296936,0.9740062743475713,0.9732534289360046
294_class-13,0,0.9976735711097717,1,0.9983091354370117,0.9977113008499146,1.0,0.9822246432304382
294_class-13,1,0.9311487674713135,0,0.9983649253845215,0.9937982559204102,0.9924828255943603,0.9780668616294861
294_class-13,2,0.9299715757369995,0,0.9983271360397339,0.9975345134735107,0.9921976125413491,0.9818893074989319
294_class-13,3,0.9305944442749023,0,0.9983437061309814,0.9952948093414307,0.9942132125655956,0.9804924726486206
294_class-13,4,0.9301725029945374,0,0.9983429312705994,0.9971013069152832,0.9952091063002053,0.9799078702926636
294_class-13,5,0.9306482076644897,0,0.9983639121055603,0.996574878692627,0.9931676795282103,0.9832102060317993
295_class-14,0,0.9895634651184082,0,0.9850228428840637,0.9776427745819092,1.0,0.9845499992370605
295_class-14,1,0.9204856157302856,1,0.983904242515564,1.005831003189087,0.9912417151359394,0.991004228591919
295_class-14,2,0.8758792877197266,0,0.9869011640548706,0.9296600818634033,0.8983160223710897,0.9493758678436279
295_class-14,3,0.9202927350997925,0,0.9841436147689819,0.9965907335281372,0.8951837885894723,0.973106324672699
295_class-14,4,0.9212100505828857,0,0.983887791633606,0.9817901849746704,0.9905312637381218,0.9877939820289612
295_class-14,5,0.7772026062011719,0,0.9874343276023865,0.947507381439209,0.7060674272266844,0.9119983911514282
296_class-12,0,0.9188519716262817,0,0.9898990392684937,0.9566787481307983,1.0,0.9489045143127441
296_class-12,1,0.6638360023498535,0,0.9942411184310913,0.9427334070205688,0.6220220801859384,0.926902711391449
296_class-12,2,0.6633257865905762,0,0.9937708377838135,0.9368047714233398,0.9470159543037227,0.9211426973342896
296_class-12,3,0.7170219421386719,1,0.9964480400085449,0.9879888296127319,0.3809248447089108,0.9717990756034851
296_class-12,4,0.7126797437667847,0,0.9968568086624146,0.987095296382904,0.9825528928105886,0.9553623795509338
296_class-12,5,0.6625128388404846,0,0.9941802024841309,0.9409395456314087,0.3811830076401795,0.9297246336936951
297_class-14,0,0.5159496665000916,0,0.9914445877075195,0.952865719795227,1.0,0.8771224617958069
297_class-14,1,0.47543492913246155,0,0.9948621988296509,0.9668887853622437,0.9318667275216796,0.9323214888572693
297_class-14,2,0.3592176139354706,0,0.9955352544784546,0.9699283838272095,0.7228593634485243,0.9693287014961243
297_class-14,3,0.4707242250442505,0,0.9950957298278809,0.9558707475662231,0.7306852986217458,0.9123510718345642
297_class-14,4,0.47595664858818054,0,0.9942619204521179,0.979090690612793,0.9601658803835033,0.9496491551399231
297_class-14,5,0.35943877696990967,1,0.9957081079483032,0.9852408170700073,0.7258400796408648,0.9709447026252747
298_class-10,0,0.517561674118042,0,0.9864556193351746,0.9644156694412231,1.0,0.8515585064888
298_class-10,1,0.3888166844844818,0,0.9861767292022705,0.9888991117477417,0.6071257771401244,0.9804410934448242
298_class-10,2,0.38850879669189453,0,0.9861258864402771,0.9896326065063477,0.9956467027174097,0.9806981086730957
298_class-10,3,0.5131060481071472,0,0.9872398376464844,0.9821012020111084,0.533139717715829,0.9589572548866272
298_class-10,4,0.38845378160476685,1,0.9864506721496582,0.9921008348464966,0.5335220859009234,0.9806770086288452
298_class-10,5,0.3881348967552185,0,0.9860291481018066,0.9914575815200806,0.9965895914330537,0.9809793829917908
299_class-14,0,0.5714068412780762,1,0.9885402917861938,0.9821881055831909,1.0,0.9465727210044861
299_class-14,1,0.9525917768478394,0,0.9519239664077759,0.9978193044662476,0.438969338620592,0.9802536964416504
299_class-14,2,0.5659857988357544,0,0.9888188242912292,0.9660936594009399,0.4566441242077683,0.8870851993560791
299_class-14,3,0.9527702331542969,0,0.9510879516601562,1.0039960145950317,0.4547409803696881,0.9873044490814209
299_class-14,4,0.44026321172714233,0,0.9895198941230774,0.9723163843154907,0.26736242716991776,0.9488074779510498
299_class-14,5,0.4102160930633545,0,0.9773438572883606,0.9655206203460693,0.16582840856699776,0.9371739029884338
