obj_name,selector,selected_iter,pre_fallback_iter,fallback_applied,selector_miou,baseline_miou,oracle_miou,support_query_selected,decoder_confidence_selected,temporal_stability_selected,foreground_background_separation_selected
0_class-14,original,5,5,False,0.3306525945663452,0.7104096412658691,0.7104096412658691,0.9918509125709534,0.9886212348937988,0.3331371927759924,0.9616578221321106
1_class-14,original,3,3,False,0.2542957067489624,0.4433194100856781,0.4433194100856781,0.9898959398269653,0.9922478199005127,0.30860178510741054,0.9421868324279785
2_class-12,original,1,1,False,0.9042432308197021,0.9600244760513306,0.9600244760513306,0.9937254786491394,0.9934548139572144,0.9922023126018106,0.9630914926528931
3_class-14,original,5,5,False,0.9484049677848816,0.9791138172149658,0.9791138172149658,0.921561598777771,1.0126595497131348,0.9992864396080907,0.9918992519378662
4_class-10,original,3,3,False,0.4512254595756531,0.686275839805603,0.686275839805603,0.9424604177474976,0.9891029596328735,0.42692872543199073,0.9780235886573792
5_class-14,original,3,3,False,0.5860720276832581,0.45397040247917175,0.5860720276832581,0.9292490482330322,1.0080052614212036,0.00029036004645760743,0.9951439499855042
6_class-12,original,2,2,False,0.8486219644546509,0.8791158199310303,0.8791158199310303,0.9911894798278809,0.9890891313552856,0.9721179478809641,0.9785041213035583
7_class-14,original,1,1,False,0.4016190767288208,0.41583704948425293,0.49332165718078613,0.9895933866500854,0.992369532585144,0.9819768851531561,0.9799951314926147
8_class-12,original,1,1,False,0.8427831530570984,0.886225700378418,0.886225700378418,0.9925687313079834,0.9843922853469849,0.9744419495443138,0.9557492733001709
9_class-14,original,3,3,False,0.5920789837837219,0.9416881799697876,0.9416881799697876,0.9899348616600037,0.9559380412101746,0.35117609274156547,0.9730167984962463
10_class-10,original,1,1,False,0.37951233983039856,0.13690932095050812,0.48381686210632324,0.9722157120704651,0.9911271333694458,0.005134954168686938,0.984718918800354
11_class-10,original,1,1,False,0.37670454382896423,0.28970134258270264,0.3792634904384613,0.9946016073226929,0.9918522834777832,0.10111553265053168,0.9877981543540955
12_class-14,original,2,2,False,0.35988765954971313,0.2941090762615204,0.6107082366943359,0.9803339242935181,0.9842911958694458,0.3741125803304061,0.9631590247154236
13_class-14,original,3,3,False,0.9635207056999207,0.9900066256523132,0.9900066256523132,0.9464119672775269,1.0064831972122192,0.9867146545653704,0.9868987202644348
14_class-14,original,4,4,False,0.35391542315483093,0.43482810258865356,0.43482810258865356,0.9916400909423828,0.9845960140228271,0.6426880257921516,0.9812779426574707
15_class-11,original,1,1,False,0.6009449362754822,0.8733934164047241,0.8733934164047241,0.9965633153915405,1.0051096677780151,0.4841342323611138,0.9918679594993591
16_class-14,original,1,1,False,0.3644792139530182,0.5312817096710205,0.5312817096710205,0.9887275099754333,0.9606307148933411,0.475124914626694,0.9864094257354736
17_class-14,original,3,3,False,0.6174818873405457,0.9248956441879272,0.9248956441879272,0.9984437227249146,0.9845829010009766,0.5186423614856362,0.9653338193893433
18_class-14,original,0,0,False,0.4635877013206482,0.4635877013206482,0.8697830438613892,0.9869874119758606,0.9723658561706543,1.0,0.9430071115493774
19_class-14,original,3,3,False,0.9219456315040588,0.5463816523551941,0.922511875629425,0.9721728563308716,1.0039857625961304,0.9917594536888356,0.9912285804748535
20_class-10,original,3,3,False,0.36347344517707825,0.3828640878200531,0.39078882336616516,0.9952372908592224,1.0091172456741333,0.9953179867342957,0.9958987832069397
21_class-14,original,4,4,False,0.6556803584098816,0.6799544095993042,0.6799544095993042,0.9957036375999451,1.009186029434204,0.27919286653167075,0.9959670305252075
22_class-14,original,2,2,False,0.4181070923805237,0.3314480781555176,0.4181070923805237,0.9948582649230957,1.0024408102035522,0.752324618762523,0.9497959613800049
23_class-14,original,3,3,False,0.9536205530166626,0.5845707058906555,0.9536205530166626,0.9987767934799194,1.0015363693237305,0.5300945427314425,0.9918606877326965
24_class-12,original,5,5,False,0.8213111162185669,0.865558922290802,0.8766157627105713,0.9961597323417664,0.9779112935066223,0.9035312948080964,0.9576881527900696
25_class-14,original,3,3,False,0.9203718900680542,0.5718801617622375,0.9203718900680542,0.9992529153823853,0.9667730331420898,0.13965942494171707,0.9888225197792053
26_class-14,original,4,4,False,0.4209742844104767,0.43685466051101685,0.43685466051101685,0.9917080402374268,0.9929871559143066,0.4458894345002376,0.9870566129684448
27_class-14,original,0,0,False,0.4807630181312561,0.4807630181312561,0.7952659130096436,0.9929119348526001,0.9912204742431641,1.0,0.9886754155158997
28_class-10,original,3,3,False,0.4072117209434509,0.4202076196670532,0.4202076196670532,0.9944376349449158,1.0087696313858032,0.6332698930578213,0.9975734353065491
29_class-14,original,5,5,False,0.7014732360839844,0.6030154228210449,0.811980664730072,0.9563875198364258,0.9717888832092285,0.48195664105378705,0.9416468143463135
30_class-14,original,2,2,False,0.6343012452125549,0.9366047382354736,0.9366047382354736,0.983193039894104,0.995903491973877,0.3070158768550352,0.9808454513549805
31_class-11,original,5,5,False,0.9398757219314575,0.6476829648017883,0.9398757219314575,0.9856134653091431,1.0100996494293213,0.9992723368722415,0.9905452132225037
32_class-12,original,5,5,False,0.3962981700897217,0.4018670618534088,0.4018670618534088,0.9875285029411316,0.952895998954773,0.9559800818200329,0.9160094261169434
33_class-12,original,4,4,False,0.4513397514820099,0.42298322916030884,0.9119749069213867,0.9958000183105469,0.993377685546875,0.9616038882138518,0.9905298352241516
34_class-14,original,2,2,False,0.3482585847377777,0.3875562846660614,0.6843270063400269,0.9987931251525879,0.9896316528320312,0.0019317450096587251,0.995009183883667
35_class-13,original,3,3,False,0.402119517326355,0.5118204355239868,0.9608507752418518,0.9453842043876648,0.9916069507598877,0.38525921643126565,0.901641309261322
36_class-11,original,5,5,False,0.963259220123291,0.7820975184440613,0.963259220123291,0.993880569934845,1.0084235668182373,0.18261831567817352,0.9972485899925232
37_class-14,original,3,3,False,0.6606612205505371,0.383181095123291,0.7668720483779907,0.993451714515686,0.9901357889175415,0.8343516178169097,0.9606373906135559
38_class-14,original,5,5,False,0.8589779138565063,0.9966030120849609,0.9966030120849609,0.9925938844680786,0.9982985258102417,0.999225801193896,0.9838137626647949
39_class-14,original,2,2,False,0.010021490976214409,0.04160178825259209,0.04488138109445572,0.7280586361885071,0.979334831237793,0.9154460643387157,0.8734903335571289
40_class-14,original,1,1,False,0.4139752686023712,0.3817394971847534,0.4139752686023712,0.9887756109237671,0.9579815864562988,0.11958272493263687,0.948461651802063
41_class-11,original,5,5,False,0.6670999526977539,0.7001373767852783,0.7001373767852783,0.986234188079834,1.002561092376709,0.9955686516366294,0.9768330454826355
42_class-10,original,3,3,False,0.8843420743942261,0.8810335397720337,0.8843420743942261,0.9912554621696472,0.956554651260376,0.8422727058490833,0.9619653820991516
43_class-14,original,5,5,False,0.35002386569976807,0.03074859082698822,0.35007476806640625,0.9828941822052002,1.0035831928253174,0.9987113402061856,0.992030918598175
44_class-14,original,5,5,False,0.4441887438297272,0.3686891794204712,0.4441887438297272,0.9937990307807922,0.9946963787078857,0.28809282303753,0.9932292103767395
45_class-14,original,1,1,False,0.5880367755889893,0.6115984916687012,0.6115984916687012,0.9780153632164001,1.0057810544967651,0.9992900773519885,0.9885653257369995
46_class-13,original,3,3,False,0.9162969589233398,0.8269448280334473,0.9207621812820435,0.9946901798248291,0.9953252077102661,0.9154302670623146,0.9769824743270874
47_class-14,original,2,2,False,0.8975532054901123,0.5817168951034546,0.8975532054901123,0.9920192360877991,0.9643877744674683,0.32846320346320346,0.9873734712600708
48_class-14,original,4,4,False,0.757831335067749,0.9975057244300842,0.9975057244300842,0.9753241539001465,1.0160877704620361,0.9995655794084639,0.994253933429718
49_class-11,original,4,4,False,0.6043186187744141,0.8324292898178101,0.8324292898178101,0.9941762685775757,1.006345272064209,0.8059449882166756,0.992071270942688
50_class-10,original,4,4,False,0.3902398347854614,0.40916961431503296,0.5311703681945801,0.9873735904693604,0.9934921264648438,0.550897981855212,0.9815294146537781
51_class-14,original,4,4,False,0.2807353734970093,0.41367727518081665,0.42573827505111694,0.9866812229156494,0.9643913507461548,0.2136042171911532,0.9030699133872986
52_class-12,original,0,0,False,0.99174565076828,0.99174565076828,0.99174565076828,0.9576797485351562,0.9973019361495972,1.0,0.9845056533813477
53_class-14,original,2,2,False,0.4685314893722534,0.48918402194976807,0.48918402194976807,0.9593465328216553,0.9912542104721069,0.7751709529620334,0.9828968644142151
54_class-14,original,0,0,False,0.9373624324798584,0.9373624324798584,0.9373624324798584,0.9878104329109192,1.0004452466964722,1.0,0.9845625162124634
55_class-14,original,2,2,False,0.8901528716087341,0.9930760264396667,0.9930760264396667,0.9239214658737183,1.0035793781280518,0.9983629397422501,0.9879653453826904
56_class-11,original,1,1,False,0.7200993895530701,0.5164194107055664,0.9457630515098572,0.9979175329208374,1.0018936395645142,0.17994683388998706,0.9957454204559326
57_class-14,original,2,2,False,0.43398821353912354,0.7556962966918945,0.7556962966918945,0.9953378438949585,0.9847363233566284,0.0013946654048265384,0.9728664755821228
58_class-14,original,2,2,False,0.49252671003341675,0.8922562599182129,0.9081735610961914,0.9625486731529236,0.9956586360931396,0.8382177378981014,0.9823009371757507
59_class-11,original,4,4,False,0.9146878719329834,0.9796813726425171,0.9796813726425171,0.9872270822525024,1.003414273262024,0.9982795232264364,0.9873427748680115
60_class-13,original,2,2,False,0.5349128842353821,0.1348411738872528,0.5349128842353821,0.9947755932807922,0.9487801790237427,0.18622530274059912,0.9096028208732605
61_class-14,original,2,2,False,0.37737998366355896,0.3387681543827057,0.37737998366355896,0.9654039144515991,0.9940063953399658,0.9767239314564418,0.9849407076835632
62_class-11,original,0,0,False,0.9852504730224609,0.9852504730224609,0.9852504730224609,0.9959062337875366,1.0060120820999146,1.0,0.9895913004875183
63_class-14,original,3,3,False,0.48618412017822266,0.6356329917907715,0.8136512041091919,0.9925211668014526,0.9788832664489746,0.9831146204033214,0.9428445100784302
64_class-14,original,5,5,False,0.9634125232696533,0.998248279094696,0.998248279094696,0.9851278066635132,1.0068608522415161,0.9994310562035194,0.9935585260391235
65_class-14,original,2,2,False,0.6986933350563049,0.784637987613678,0.784637987613678,0.9930360317230225,0.9891642332077026,0.5621006453253647,0.9832715392112732
66_class-10,original,2,2,False,0.6073244214057922,0.45298248529434204,0.6073244214057922,0.991936981678009,0.990925669670105,0.36824887887519225,0.978211522102356
67_class-14,original,3,3,False,0.28578412532806396,0.28416404128074646,0.72368323802948,0.9909673929214478,0.9912271499633789,0.23278727317708053,0.9904631972312927
68_class-11,original,3,3,False,0.002376999007537961,0.0002222229668404907,0.00452043442055583,0.9392863512039185,0.9995887279510498,0.994064255003818,0.6860087513923645
69_class-13,original,1,1,False,0.17726562917232513,0.3376477360725403,0.3376477360725403,0.9939890503883362,0.9902445077896118,0.09626708194727288,0.9935227632522583
70_class-14,original,3,3,False,0.40474027395248413,0.2016286849975586,0.40474027395248413,0.9641764760017395,1.002562403678894,0.09161312020958348,0.9930979609489441
71_class-11,original,4,4,False,0.28103363513946533,0.2905855178833008,0.2905855178833008,0.9279983043670654,0.9884417057037354,0.9982653895911773,0.9155729413032532
72_class-14,original,1,1,False,0.6930255889892578,0.6912944316864014,0.7185507416725159,0.9780429601669312,0.9791744947433472,0.7138611054077573,0.9490233659744263
73_class-14,original,3,3,False,0.42196881771087646,0.49118122458457947,0.550735592842102,0.9881100654602051,0.9529372453689575,0.14522179220005954,0.9342811107635498
74_class-11,original,3,3,False,0.8913816213607788,0.9499140381813049,0.9499140381813049,0.9987557530403137,0.9907673597335815,0.9959537272397158,0.9777486324310303
75_class-13,original,1,1,False,0.9268797039985657,0.9635934233665466,0.9635934233665466,0.8881893754005432,0.9990525245666504,0.9954742999052381,0.9793213605880737
76_class-14,original,3,3,False,0.32970014214515686,0.4761715531349182,0.4761715531349182,0.9927797317504883,0.9997907876968384,0.9966780126988283,0.9807278513908386
77_class-14,original,2,2,False,0.41843461990356445,0.5057716369628906,0.8702194690704346,0.985403299331665,1.0030133724212646,0.07143850282250215,0.9787106513977051
78_class-13,original,1,1,False,0.8633893132209778,0.7486171126365662,0.8633893132209778,0.9849258661270142,0.9813429117202759,0.662226252954907,0.941142737865448
79_class-14,original,0,0,False,0.5249300599098206,0.5249300599098206,0.5249300599098206,0.9715327024459839,0.9986963272094727,1.0,0.91810542345047
80_class-14,original,2,2,False,0.8212275505065918,0.9016144275665283,0.9016144275665283,0.9969203472137451,0.9959713220596313,0.32880713918849513,0.992459774017334
81_class-10,original,2,2,False,0.35219448804855347,0.3964802324771881,0.5873141288757324,0.9876745939254761,0.9987460374832153,0.6543169037380085,0.9740619659423828
82_class-12,original,2,2,False,0.36849987506866455,0.38770776987075806,0.6230832934379578,0.9914778470993042,1.0077331066131592,0.9980376766091051,0.9966675043106079
83_class-14,original,0,0,False,0.39224034547805786,0.39224034547805786,0.7746708393096924,0.9904913902282715,0.9794944524765015,1.0,0.9657270908355713
84_class-11,original,3,3,False,0.9765651226043701,0.9936874508857727,0.9936874508857727,0.988204836845398,0.9978134632110596,0.9827173550038962,0.9890663623809814
85_class-10,original,3,3,False,0.31218037009239197,0.3390507102012634,0.4442308247089386,0.971104621887207,1.010668396949768,0.9990783771594407,0.991476833820343
86_class-14,original,0,0,False,0.9929695129394531,0.9929695129394531,0.9929695129394531,0.9983529448509216,1.0104711055755615,1.0,0.9915246367454529
87_class-12,original,0,0,False,0.33917132019996643,0.33917132019996643,0.3688483238220215,0.9388042688369751,0.9986504316329956,1.0,0.9789510369300842
88_class-14,original,2,2,False,0.7320116758346558,0.7630388736724854,0.8855793476104736,0.9884560108184814,0.9987404346466064,0.6274674186418718,0.9939818978309631
89_class-12,original,2,2,False,0.3164159059524536,0.4322948455810547,0.8059173822402954,0.9846172332763672,0.9826103448867798,0.1229261744966443,0.9838680624961853
90_class-14,original,2,2,False,0.41725435853004456,0.8112988471984863,0.8112988471984863,0.9970278143882751,0.9923208951950073,0.022947803513370467,0.9908565878868103
91_class-12,original,5,5,False,0.642678439617157,0.676523745059967,0.676523745059967,0.9964443445205688,0.9770463705062866,0.16305438053290305,0.97193843126297
92_class-14,original,2,2,False,0.44484764337539673,0.2420618236064911,0.6021407842636108,0.9870538115501404,0.9703569412231445,0.02018386201246985,0.9698718786239624
93_class-11,original,1,1,False,0.788689136505127,0.6444305181503296,0.7887479066848755,0.991161584854126,1.0047240257263184,0.6817459450934721,0.987402081489563
94_class-13,original,5,5,False,0.8056678175926208,0.7196258306503296,0.8195379972457886,0.9774687886238098,0.9823658466339111,0.9299012889415895,0.918491542339325
95_class-14,original,3,3,False,0.4108515977859497,0.37703198194503784,0.4755423069000244,0.9862416386604309,0.9543594121932983,0.4361950051963594,0.9109722971916199
96_class-14,original,1,1,False,0.8366206288337708,0.2915736436843872,0.8366206288337708,0.9973001480102539,0.9309942722320557,0.11915654917170834,0.911624550819397
97_class-14,original,3,3,False,0.6593784093856812,0.27963823080062866,0.9339525699615479,0.9630210399627686,0.9999336004257202,0.9987512837270096,0.9843882918357849
98_class-12,original,1,1,False,0.9065052270889282,0.994038462638855,0.994038462638855,0.9959043264389038,0.9946470260620117,0.9976020249567032,0.9843577146530151
99_class-14,original,2,2,False,0.3728806674480438,0.39646288752555847,0.39646288752555847,0.9206631183624268,1.0011303424835205,0.998715791338234,0.9857715964317322
100_class-13,original,3,3,False,0.8410297632217407,0.5435777306556702,0.8557850122451782,0.99427729845047,0.9984244108200073,0.5387630820843817,0.9771485924720764
101_class-14,original,5,5,False,0.34476491808891296,0.40756285190582275,0.40756285190582275,0.9888113737106323,0.995580792427063,0.7962275899644553,0.96527099609375
102_class-14,original,2,2,False,0.19570177793502808,0.20279379189014435,0.20279379189014435,0.9684282541275024,0.9695695638656616,0.9308012456013957,0.8468599319458008
103_class-14,original,3,3,False,0.33697938919067383,0.370084285736084,0.4390382468700409,0.9787873029708862,0.9940899610519409,0.2158702300912364,0.9711390733718872
104_class-13,original,1,1,False,0.8565449118614197,0.9337958097457886,0.9337958097457886,0.9642878174781799,0.9870818853378296,0.9926468815545215,0.9705914258956909
105_class-14,original,0,0,False,0.9722622036933899,0.9722622036933899,0.9722622036933899,0.9918792247772217,0.9873816967010498,1.0,0.9489535689353943
106_class-11,original,5,5,False,0.9533400535583496,0.9415048360824585,0.9533400535583496,0.9561474919319153,0.9827100038528442,0.9628736173217227,0.9536916017532349
107_class-13,original,4,4,False,0.9409666657447815,0.8768376111984253,0.9409666657447815,0.9968188405036926,0.9934009313583374,0.4930906232046204,0.9863539934158325
108_class-10,original,0,0,False,0.8651589155197144,0.8651589155197144,0.8651589155197144,0.9683763980865479,1.0016095638275146,1.0,0.9910622835159302
109_class-10,original,5,5,False,0.8941491842269897,0.8534168004989624,0.8941491842269897,0.9925569295883179,0.9903213381767273,0.9662603698382537,0.9778844714164734
110_class-14,original,4,4,False,0.9685282111167908,0.8265470862388611,0.9686622619628906,0.9719188809394836,1.0035032033920288,0.792952385512173,0.988869309425354
111_class-14,original,2,2,False,0.43079912662506104,0.4429272413253784,0.5035340189933777,0.9636046886444092,0.99306321144104,0.48183582538337477,0.983198881149292
112_class-14,original,4,4,False,0.5867657661437988,0.5562739372253418,0.5867657661437988,0.9934574961662292,0.9732164144515991,0.35995436394751856,0.9597400426864624
113_class-10,original,3,3,False,0.5955354571342468,0.30118006467819214,0.6221919655799866,0.9762716889381409,0.9593839645385742,0.13298781556802244,0.887867271900177
114_class-14,original,0,0,False,0.20424844324588776,0.20424844324588776,0.6519424319267273,0.9982138872146606,0.9877375364303589,1.0,0.987305760383606
115_class-11,original,4,4,False,0.9441391229629517,0.9816054701805115,0.9816054701805115,0.9868837594985962,1.0021038055419922,0.9251018626309663,0.9785909056663513
116_class-14,original,3,3,False,0.8863987326622009,0.4344724714756012,0.8863987326622009,0.9867380261421204,0.9713196754455566,0.15892280756083327,0.967167854309082
117_class-10,original,5,5,False,0.27088648080825806,0.2838151752948761,0.2907707989215851,0.7497252225875854,0.9719761610031128,0.9512509928514694,0.9680355191230774
118_class-12,original,3,3,False,0.766123354434967,0.8042618036270142,0.8042618036270142,0.9939080476760864,0.9752873182296753,0.9847360912981455,0.9565703868865967
119_class-14,original,2,2,False,0.6311451196670532,0.49750861525535583,0.8914939165115356,0.9945296049118042,0.9848870038986206,0.4914031924717471,0.9808610081672668
120_class-14,original,1,1,False,0.51346755027771,0.5564108490943909,0.5564108490943909,0.9842495322227478,0.9322036504745483,0.6956040277098194,0.8824664354324341
121_class-11,original,4,4,False,0.3133772313594818,0.3307909071445465,0.3307909071445465,0.9339452385902405,0.9686882495880127,0.9612248617777508,0.9252385497093201
122_class-14,original,0,0,False,0.36660823225975037,0.36660823225975037,0.7621537446975708,0.9915036559104919,0.992897629737854,1.0,0.9781967997550964
123_class-14,original,5,5,False,0.4895492196083069,0.5065513849258423,0.5065513849258423,0.9887635111808777,1.0095746517181396,0.9904462476890546,0.9931676387786865
124_class-13,original,0,0,False,0.9313936233520508,0.9313936233520508,0.9313936233520508,0.9892041683197021,0.9821975231170654,1.0,0.9295822381973267
125_class-14,original,4,4,False,0.8229005336761475,0.7496377825737,0.8330519795417786,0.9951388239860535,0.9841352701187134,0.7546772943651058,0.9480035305023193
126_class-14,original,4,4,False,0.46721258759498596,0.43952375650405884,0.46721258759498596,0.9722543358802795,0.9945231676101685,0.8533650318452644,0.9560731053352356
127_class-14,original,0,0,False,0.3402041494846344,0.3402041494846344,0.3402041494846344,0.987338125705719,0.9985113143920898,1.0,0.9766432642936707
128_class-14,original,3,3,False,0.3951197862625122,0.4119848906993866,0.4119848906993866,0.9877349734306335,0.9871115684509277,0.6040905770635501,0.9828401803970337
129_class-14,original,1,1,False,0.33707278966903687,0.3961947560310364,0.3961947560310364,0.9896558523178101,0.9930610656738281,0.9911608411231344,0.9895325303077698
130_class-12,original,5,5,False,0.8434098958969116,0.6389777064323425,0.8434098958969116,0.9939078092575073,0.9867566823959351,0.44564242856157615,0.9733390808105469
131_class-14,original,4,4,False,0.3980608582496643,0.44721344113349915,0.7342818379402161,0.9924178719520569,0.9212040901184082,0.5171834427982281,0.8543007969856262
132_class-10,original,1,1,False,0.5702400803565979,0.5900646448135376,0.7841969728469849,0.9879343509674072,0.9623689651489258,0.48968741595812904,0.9227572679519653
133_class-14,original,3,3,False,0.678837776184082,0.7496523857116699,0.8756425380706787,0.9920872449874878,0.9993898868560791,0.7112748501916004,0.9746112823486328
134_class-12,original,3,3,False,0.9210448861122131,0.9701709747314453,0.9701709747314453,0.961574137210846,0.9702188968658447,0.9950421246056236,0.9448372721672058
135_class-14,original,3,3,False,0.9507097005844116,0.3568216562271118,0.9507097005844116,0.9905247092247009,1.0116726160049438,0.6978068371257226,0.9939846396446228
136_class-14,original,5,5,False,0.9660100936889648,0.997223973274231,0.997223973274231,0.9817720055580139,0.9980028867721558,0.9988558788757103,0.9899407625198364
137_class-14,original,2,2,False,0.8042711019515991,0.36816754937171936,0.9126851558685303,0.971511721611023,0.9683436155319214,0.7737199316681287,0.9781216979026794
138_class-13,original,1,1,False,0.9643837809562683,0.9821929931640625,0.9821929931640625,0.9919508695602417,1.0010101795196533,0.9971018913971934,0.9895167350769043
139_class-14,original,4,4,False,0.6336531639099121,0.7471515536308289,0.7471515536308289,0.9364475011825562,0.9887678623199463,0.9840090928687609,0.9646281599998474
140_class-11,original,5,5,False,0.9514761567115784,0.9987128973007202,0.9987128973007202,0.9922095537185669,1.0070075988769531,0.9997236100776018,0.9883866310119629
141_class-14,original,2,2,False,0.3850531578063965,0.34022682905197144,0.3854844570159912,0.9904460906982422,1.004270076751709,0.9943234476367007,0.9888594150543213
142_class-10,original,2,2,False,0.1485907882452011,0.16469606757164001,0.16469606757164001,0.9906830787658691,1.0035215616226196,0.9985689594290705,0.9890078902244568
143_class-14,original,1,1,False,0.19367371499538422,0.19094374775886536,0.1939319372177124,0.9835547804832458,0.995058536529541,0.5425015903307888,0.9928890466690063
144_class-10,original,4,4,False,0.34312108159065247,0.6584509611129761,0.9589192271232605,0.9926300048828125,0.9911365509033203,0.13676276138370058,0.9744809865951538
145_class-14,original,2,2,False,0.6581043601036072,0.5965940952301025,0.8058109879493713,0.9969751834869385,0.9967678785324097,0.20154202620645573,0.9910971522331238
146_class-13,original,0,0,False,0.7970948219299316,0.7970948219299316,0.7970948219299316,0.8363915085792542,0.983228325843811,1.0,0.8603412508964539
147_class-12,original,1,1,False,0.8371416926383972,0.9450681805610657,0.9450681805610657,0.9960917234420776,0.9712128639221191,0.9639832900530654,0.9541459083557129
148_class-14,original,5,5,False,0.8723776340484619,0.6517618894577026,0.8723776340484619,0.998688817024231,0.9859428405761719,0.34811518848115186,0.9912089705467224
149_class-14,original,1,1,False,0.4750592112541199,0.5356612205505371,0.678309440612793,0.9972926378250122,0.9865430593490601,0.936627337832964,0.9784367680549622
150_class-10,original,3,3,False,0.1731189787387848,0.1769198328256607,0.27381619811058044,0.9763575792312622,0.9837143421173096,0.6057327525642827,0.9799796938896179
151_class-14,original,4,4,False,0.43381306529045105,0.30013418197631836,0.7876423597335815,0.9971302151679993,0.986475944519043,0.734791962283151,0.9707202911376953
152_class-14,original,0,0,False,0.3762962818145752,0.3762962818145752,0.3762962818145752,0.9846530556678772,1.007653832435608,1.0,0.993956983089447
153_class-14,original,5,5,False,0.6386098265647888,0.7148910164833069,0.8877418041229248,0.9910978674888611,1.003679871559143,0.5112230601842191,0.9875607490539551
154_class-14,original,0,0,False,0.37466961145401,0.37466961145401,0.37466961145401,0.9663372039794922,0.9962842464447021,1.0,0.9725722074508667
155_class-14,original,1,1,False,0.6753276586532593,0.7712662220001221,0.7712662220001221,0.9952478408813477,0.9982236623764038,0.973682815647196,0.9696954488754272
156_class-14,original,5,5,False,0.8843538165092468,0.9591151475906372,0.9591151475906372,0.9917029142379761,0.9940823316574097,0.990466314310564,0.9878401160240173
157_class-14,original,5,5,False,0.33076298236846924,0.3817022740840912,0.3817022740840912,0.9763435125350952,0.9470871686935425,0.9918059563347308,0.9535169005393982
158_class-11,original,3,3,False,0.9564518928527832,0.9955511093139648,0.9955511093139648,0.995252251625061,1.009742021560669,0.9995279201510655,0.993583083152771
159_class-12,original,3,3,False,0.4056682586669922,0.390867680311203,0.45609161257743835,0.9780436754226685,0.9943163394927979,0.7749686501355123,0.9836421608924866
160_class-14,original,5,5,False,0.8311265110969543,0.505487859249115,0.8311265110969543,0.9975128173828125,0.9639936089515686,0.0,0.985404908657074
161_class-11,original,2,2,False,0.9693143367767334,0.987282395362854,0.987282395362854,0.9965726733207703,1.0082613229751587,0.999456848557739,0.9943059086799622
162_class-14,original,0,0,False,0.5319521427154541,0.5319521427154541,0.7901396751403809,0.9957784414291382,0.9719760417938232,1.0,0.9631229639053345
163_class-11,original,1,1,False,0.9258946776390076,0.985497236251831,0.985497236251831,0.9984776973724365,0.9999169111251831,0.9964317573595004,0.9872794151306152
164_class-14,original,2,2,False,0.9327901601791382,0.99753737449646,0.99753737449646,0.9734718203544617,1.0155082941055298,0.9996694347333941,0.9934646487236023
165_class-12,original,1,1,False,0.9194934368133545,0.6287132501602173,0.9194934368133545,0.9954745769500732,0.9908351898193359,0.36979490366687384,0.9858431220054626
166_class-14,original,2,2,False,0.572976291179657,0.864773154258728,0.864773154258728,0.9950571656227112,0.9737792015075684,0.2303966570641679,0.9171746373176575
167_class-14,original,1,1,False,0.6847448348999023,0.9620316028594971,0.9620316028594971,0.9921801090240479,1.0120584964752197,0.4984010534236268,0.9955902695655823
168_class-12,original,2,2,False,0.8097665905952454,0.8440345525741577,0.8440345525741577,0.9973634481430054,0.9743732213973999,0.8100970873786407,0.9700120091438293
169_class-14,original,4,4,False,0.9149803519248962,0.8192414045333862,0.9149803519248962,0.9830629229545593,0.9832015037536621,0.09421389878717183,0.9816042184829712
170_class-14,original,3,3,False,0.32984459400177,0.8814198970794678,0.8814198970794678,0.987413763999939,1.000470519065857,0.3193714023817107,0.9815800189971924
171_class-11,original,1,1,False,0.6425762176513672,0.6667386293411255,0.6667386293411255,0.9878292083740234,1.00099778175354,0.9988079142861297,0.9851300120353699
172_class-14,original,1,1,False,0.37397465109825134,0.35084617137908936,0.37397465109825134,0.9805554151535034,0.9917694330215454,0.14181635861693304,0.9827064871788025
173_class-11,original,3,3,False,0.9483755826950073,0.9931601285934448,0.9931601285934448,0.9861546158790588,1.010090947151184,0.9994621372965322,0.9918106198310852
174_class-14,original,3,3,False,0.5219451785087585,0.6364049911499023,0.7579792141914368,0.9537690877914429,0.917212963104248,0.4424695977549111,0.7181654572486877
175_class-11,original,4,4,False,0.35880735516548157,0.43809524178504944,0.842660665512085,0.9833767414093018,1.000484824180603,0.11138870699642371,0.9683076739311218
176_class-13,original,4,4,False,0.6866079568862915,0.9273198843002319,0.9273198843002319,0.9961438179016113,0.9719364643096924,0.6306592163130081,0.944534182548523
177_class-12,original,4,4,False,0.8981620669364929,0.9554540514945984,0.9554540514945984,0.9389661550521851,0.9787740707397461,0.9622321991178324,0.9705427885055542
178_class-14,original,2,2,False,0.4322524964809418,0.4482930302619934,0.514946699142456,0.9978258609771729,0.9708852767944336,0.46351530545542835,0.9651674628257751
179_class-14,original,2,2,False,0.4777403473854065,0.8539375066757202,0.8765698671340942,0.9927136898040771,0.9993520975112915,0.766136463800633,0.9892369508743286
180_class-14,original,1,1,False,0.9462279081344604,0.982629656791687,0.982629656791687,0.9890576004981995,1.0109376907348633,0.9925575101488497,0.9931007027626038
181_class-11,original,1,1,False,0.3280128836631775,0.26249831914901733,0.4805636405944824,0.9738274812698364,0.9719530344009399,0.5854305266667725,0.871347963809967
182_class-12,original,2,2,False,0.400892972946167,0.42289087176322937,0.42289087176322937,0.9763201475143433,0.9923053979873657,0.6953960812597668,0.9805179238319397
183_class-14,original,4,4,False,0.5996216535568237,0.4657941162586212,0.7006312012672424,0.9978442192077637,0.9200272560119629,0.9014430229098482,0.965326189994812
184_class-10,original,5,5,False,0.49726244807243347,0.7842905521392822,0.7842905521392822,0.9812949299812317,0.9254573583602905,0.26963494965962415,0.8778112530708313
185_class-14,original,3,3,False,0.37360310554504395,0.8446947336196899,0.8446947336196899,0.9919213652610779,0.9819759130477905,0.15854996529410448,0.9754399657249451
186_class-10,original,4,4,False,0.36155641078948975,0.2884983718395233,0.36155641078948975,0.9747977256774902,0.8922240734100342,0.4106297998954578,0.8206112384796143
187_class-11,original,3,3,False,0.955159068107605,0.9780016541481018,0.9780016541481018,0.9798114895820618,1.014757513999939,0.9996062165284049,0.9936976432800293
188_class-11,original,4,4,False,0.8761184215545654,0.9165425896644592,0.9165425896644592,0.9938169717788696,0.9900879859924316,0.9974816599145955,0.9806332588195801
189_class-14,original,3,3,False,0.9574989080429077,0.9820603132247925,0.9820603132247925,0.9844204187393188,1.014153003692627,0.9989555187211916,0.9922682642936707
190_class-14,original,2,2,False,0.3763311207294464,0.35430046916007996,0.3820466697216034,0.9877270460128784,0.9941724538803101,0.6280629352592211,0.9910082817077637
191_class-14,original,1,1,False,0.3568189740180969,0.37104642391204834,0.9164565801620483,0.986339271068573,0.9976694583892822,0.9298651889835414,0.9806214570999146
192_class-14,original,0,0,False,0.43380385637283325,0.43380385637283325,0.9168609380722046,0.9288263320922852,0.9833943843841553,1.0,0.9620795845985413
193_class-13,original,4,4,False,0.9301227331161499,0.9632127285003662,0.9632127285003662,0.9921145439147949,0.9809443950653076,0.9652219708200047,0.9662157893180847
194_class-14,original,1,1,False,0.9417879581451416,0.7795451879501343,0.9417879581451416,0.9934515357017517,0.9976606369018555,0.6553868058851448,0.987034797668457
195_class-10,original,2,2,False,0.4036508798599243,0.2083958387374878,0.7667589783668518,0.9888926148414612,0.9977667331695557,0.20396701460233965,0.9950689077377319
196_class-14,original,2,2,False,0.38510140776634216,0.4135952591896057,0.4135952591896057,0.9932379126548767,0.9942747354507446,0.746338901569475,0.9806262850761414
197_class-13,original,4,4,False,0.7293152213096619,0.9853156805038452,0.9853156805038452,0.9779825210571289,0.9999964237213135,0.6048039540701003,0.9596256613731384
198_class-14,original,2,2,False,0.5812451839447021,0.9851052165031433,0.9851052165031433,0.9567304849624634,0.9922254085540771,0.36724091196578623,0.9609535336494446
199_class-12,original,0,0,False,0.9350725412368774,0.9350725412368774,0.9350725412368774,0.9928346872329712,0.9872357845306396,1.0,0.9805342555046082
200_class-13,original,3,3,False,0.8750065565109253,0.9649633765220642,0.9649633765220642,0.9852844476699829,0.9828097820281982,0.9936210860343878,0.9619369506835938
201_class-11,original,4,4,False,0.9477008581161499,0.4126448631286621,0.9477008581161499,0.9970310926437378,1.0032826662063599,0.9991434211016349,0.9892973303794861
202_class-14,original,2,2,False,0.01751759462058544,0.01927775889635086,0.41161900758743286,0.9247483015060425,0.9936779737472534,0.9938245428041347,0.9535799026489258
203_class-14,original,0,0,False,0.5216550230979919,0.5216550230979919,0.7816063761711121,0.9883161187171936,1.0176860094070435,1.0,0.9436057209968567
204_class-14,original,4,4,False,0.3363301753997803,0.4064957797527313,0.4064957797527313,0.9098383188247681,0.9819097518920898,0.794746265316399,0.9508969783782959
205_class-14,original,1,1,False,0.3838978111743927,0.3182671070098877,0.6364507079124451,0.9807103872299194,0.9273995161056519,0.14024940872930552,0.9330278038978577
206_class-14,original,3,3,False,0.5845414400100708,0.6028509736061096,0.6028509736061096,0.962026834487915,0.9922138452529907,0.3058180372944869,0.9338865280151367
207_class-11,original,3,3,False,0.9117431640625,0.939694881439209,0.9609403610229492,0.9862873554229736,1.0082179307937622,0.9995955573530785,0.9946158528327942
208_class-11,original,2,2,False,0.3734462857246399,0.5258151292800903,0.6121141314506531,0.990473210811615,0.9848018884658813,0.3403386288618176,0.9785649180412292
209_class-14,original,4,4,False,0.5846933722496033,0.6198083162307739,0.6198083162307739,0.9974346160888672,0.9945809841156006,0.985337347264034,0.9846261143684387
210_class-14,original,2,2,False,0.38617122173309326,0.5113883018493652,0.9634057283401489,0.9863689541816711,0.9500875473022461,0.16012363662202012,0.9710085391998291
211_class-14,original,4,4,False,0.3212057054042816,0.9512914419174194,0.9512914419174194,0.9761229753494263,0.987236738204956,0.0,0.9112069010734558
212_class-14,original,3,3,False,0.6950942277908325,0.530958354473114,0.7686176300048828,0.9968519806861877,0.9922165870666504,0.7596693238854444,0.994231641292572
213_class-14,original,5,5,False,0.7961465120315552,0.0378597117960453,0.9032710790634155,0.9834973812103271,0.9872720241546631,0.7530900421786173,0.9790059924125671
214_class-10,original,2,2,False,0.6563336849212646,0.5700058937072754,0.6563336849212646,0.9784393310546875,0.9983735084533691,0.17713099176462307,0.9880044460296631
215_class-14,original,1,1,False,0.660841703414917,0.5671448707580566,0.6669666767120361,0.9633673429489136,0.9807171821594238,0.3461977077128816,0.9190211892127991
216_class-12,original,3,3,False,0.3389778435230255,0.3456924557685852,0.6197270750999451,0.952499270439148,1.0052303075790405,0.9994317814344978,0.9662604928016663
217_class-14,original,2,2,False,0.9239743947982788,0.2522604465484619,0.924015998840332,0.9690799713134766,0.998703122138977,0.9954941551540913,0.9859655499458313
218_class-11,original,2,2,False,0.8782178163528442,0.9304118752479553,0.9304118752479553,0.9986871480941772,0.9910016059875488,0.8671518376503117,0.9760684967041016
219_class-14,original,4,4,False,0.34887421131134033,0.36377111077308655,0.36377111077308655,0.9595564007759094,0.9917473793029785,0.9707665526142025,0.977668285369873
220_class-14,original,2,2,False,0.9441148042678833,0.5589776039123535,0.9441148042678833,0.9339492917060852,0.9849356412887573,0.996325977068179,0.9816766977310181
221_class-14,original,3,3,False,0.9328492879867554,0.9987843632698059,0.9987843632698059,0.9964142441749573,0.9925644397735596,0.029549552239920264,0.986416220664978
222_class-14,original,3,3,False,0.8789090514183044,0.6881434917449951,0.8789090514183044,0.9778193235397339,0.9997804164886475,0.8304660409944707,0.9819475412368774
223_class-14,original,3,3,False,0.9048866629600525,0.9941022992134094,0.9941022992134094,0.9657843708992004,0.995481014251709,0.9961261759822911,0.9835346341133118
224_class-14,original,2,2,False,0.5462791919708252,0.5763822197914124,0.5763822197914124,0.9947041869163513,1.0019943714141846,0.9931612691106362,0.9806532859802246
225_class-14,original,2,2,False,0.9243572950363159,0.645099937915802,0.9249652028083801,0.9426376819610596,0.992509126663208,0.9980169584245077,0.9766324162483215
226_class-10,original,2,2,False,0.43379807472229004,0.28232336044311523,0.43379807472229004,0.9660406708717346,1.0082814693450928,0.18819424437401966,0.9852014780044556
227_class-14,original,0,0,False,0.24448634684085846,0.24448634684085846,0.24448634684085846,0.975142776966095,0.9946697950363159,1.0,0.9707614779472351
228_class-12,original,2,2,False,0.795411229133606,0.528424084186554,0.8890434503555298,0.9964190125465393,0.985106348991394,0.1991329241426434,0.9703702926635742
229_class-13,original,2,2,False,0.9475876092910767,0.9721090793609619,0.9721090793609619,0.9873586893081665,0.9994049072265625,0.9778006323920393,0.9810408353805542
230_class-14,original,4,4,False,0.5184639692306519,0.40870463848114014,0.9078132510185242,0.9772980213165283,0.9936840534210205,0.4397785888405543,0.9464536905288696
231_class-13,original,1,1,False,0.9296935796737671,0.975946307182312,0.975946307182312,0.8883465528488159,0.9825352430343628,0.9726708960011405,0.9608345031738281
232_class-14,original,5,5,False,0.5114205479621887,0.3981565535068512,0.5114205479621887,0.9836380481719971,1.0001046657562256,0.35603318419928504,0.9588202238082886
233_class-11,original,3,3,False,0.8696725964546204,0.9982527494430542,0.9982527494430542,0.9956030249595642,1.008437991142273,0.9994664634146342,0.9938783645629883
234_class-11,original,5,5,False,0.9720426797866821,0.9965379238128662,0.9965379238128662,0.9424854516983032,1.0130383968353271,0.9994976107301001,0.9934146404266357
235_class-14,original,3,3,False,0.9762277603149414,0.9972968101501465,0.9972968101501465,0.9196456670761108,1.0182982683181763,0.9986206896551724,0.9953799247741699
236_class-14,original,1,1,False,0.2905169427394867,0.32532230019569397,0.32532230019569397,0.9897638559341431,0.9972108602523804,0.9988601776118842,0.9806406497955322
237_class-14,original,4,4,False,0.42095208168029785,0.5394306182861328,0.5394306182861328,0.9788080453872681,1.012407660484314,0.9970040290643617,0.9890897274017334
238_class-11,original,5,5,False,0.9719771146774292,0.9977524280548096,0.9977524280548096,0.9912333488464355,1.0112732648849487,0.6900603458280143,0.995749831199646
239_class-14,original,2,2,False,0.2007262259721756,0.11924116313457489,0.21485531330108643,0.929745078086853,0.9205645322799683,0.6968452783119381,0.8527021408081055
240_class-14,original,4,4,False,0.9429967999458313,0.9981015920639038,0.9981015920639038,0.9984228610992432,1.0062047243118286,0.9988057721015093,0.9941015839576721
241_class-13,original,2,2,False,0.12141963094472885,0.12344422191381454,0.12344422191381454,0.7790945768356323,1.002018690109253,0.9968296685933311,0.9466920495033264
242_class-14,original,1,1,False,0.9629497528076172,0.9999593496322632,0.9999593496322632,0.995514988899231,1.0101850032806396,0.9988759517295498,0.9954103827476501
243_class-14,original,4,4,False,0.8894208669662476,0.2958466410636902,0.8894208669662476,0.9940314888954163,0.9872727394104004,0.0014262134833261221,0.9912894368171692
244_class-14,original,4,4,False,0.9690706729888916,0.9963659048080444,0.9963659048080444,0.9782533645629883,1.0130023956298828,0.3912952500523122,0.9917461276054382
245_class-14,original,2,2,False,0.17891718447208405,0.14866429567337036,0.2290351539850235,0.9477156400680542,1.0016801357269287,0.42054798631534723,0.9815870523452759
246_class-14,original,2,2,False,0.7404969930648804,0.9975600242614746,0.9975600242614746,0.9857572913169861,1.0004266500473022,0.6489015585783782,0.9871340394020081
247_class-11,original,5,5,False,0.9747219085693359,0.7823038101196289,0.9748246073722839,0.9820067882537842,1.0142492055892944,0.9992862718858035,0.9957403540611267
248_class-14,original,2,2,False,0.9174152612686157,0.9849556684494019,0.9849556684494019,0.9976285099983215,0.9961484670639038,0.997103410936654,0.9804216623306274
249_class-11,original,2,2,False,0.5886988639831543,0.3722890317440033,0.6130701899528503,0.9947332739830017,1.0043001174926758,0.6810628214177674,0.9759835600852966
250_class-14,original,3,3,False,0.9281209707260132,0.9686014652252197,0.9686014652252197,0.9888496398925781,0.9964793920516968,0.9754887513508204,0.9646359086036682
251_class-14,original,1,1,False,0.4230360984802246,0.9994622468948364,0.9994622468948364,0.9878553748130798,0.9993525743484497,0.12570180910792264,0.9958242177963257
252_class-14,original,2,2,False,0.4148496091365814,0.4373854994773865,0.8494250774383545,0.9889326095581055,0.9584420919418335,0.21822608695652174,0.9328249096870422
253_class-14,original,1,1,False,0.9538427591323853,0.9858003854751587,0.9858003854751587,0.9789136052131653,1.003825068473816,0.9920325478894728,0.9928178191184998
254_class-14,original,3,3,False,0.3912881016731262,0.7777149677276611,0.9706206321716309,0.9945639371871948,0.9781907796859741,0.0860714919058597,0.9893416166305542
255_class-12,original,5,5,False,0.9505007266998291,0.28588560223579407,0.9516639709472656,0.9960196614265442,1.0007624626159668,0.9861419401283821,0.9915841221809387
256_class-14,original,2,2,False,0.27680712938308716,0.24678729474544525,0.7873144745826721,0.9243155717849731,0.9983352422714233,0.7152575495003871,0.9901847243309021
257_class-14,original,5,5,False,0.8190100193023682,0.9863942861557007,0.9863942861557007,0.9822787046432495,0.9862254858016968,0.5994219750874643,0.9407361149787903
258_class-11,original,0,0,False,0.7213529348373413,0.7213529348373413,0.8779614567756653,0.9837990403175354,0.9955394268035889,1.0,0.9837926030158997
259_class-14,original,5,5,False,0.08287011086940765,0.08504778146743774,0.08504778146743774,0.9851757287979126,0.9994839429855347,0.9983358577806123,0.9882381558418274
260_class-12,original,2,2,False,0.6285155415534973,0.656555712223053,0.656555712223053,0.9761344790458679,0.9986391067504883,0.998597989732971,0.9863947629928589
261_class-14,original,1,1,False,0.27398228645324707,0.35145220160484314,0.7542717456817627,0.9621394872665405,0.9980698227882385,0.7974493884804349,0.9784285426139832
262_class-14,original,3,3,False,0.36143505573272705,0.33022329211235046,0.3619953989982605,0.9899442195892334,1.003627896308899,0.9114833092788305,0.98395174741745
263_class-11,original,1,1,False,0.8885232210159302,0.9323145151138306,0.9323145151138306,0.9947664737701416,1.006461501121521,0.9984404066216953,0.9908920526504517
264_class-13,original,0,0,False,0.5072442293167114,0.5072442293167114,0.6065385341644287,0.9909653663635254,0.9908304214477539,1.0,0.9313235878944397
265_class-14,original,1,1,False,0.4169045686721802,0.4125956594944,0.5244893431663513,0.9519168138504028,0.9536678791046143,0.6145194962623746,0.9713401198387146
266_class-10,original,2,2,False,0.2025158703327179,0.21435658633708954,0.21435658633708954,0.9700261354446411,1.008733868598938,0.9975762297387955,0.9845004081726074
267_class-13,original,2,2,False,0.9217299818992615,0.9645543098449707,0.9645543098449707,0.9957080483436584,0.9826006889343262,0.8267343422235541,0.9723456501960754
268_class-14,original,5,5,False,0.08737389743328094,0.09194323420524597,0.09194323420524597,0.9001955986022949,1.0001277923583984,0.9990107082676524,0.9616687297821045
269_class-11,original,3,3,False,0.6599541902542114,0.9991933107376099,0.9991933107376099,0.9935672879219055,1.0013986825942993,0.9972620335316387,0.9878330230712891
270_class-14,original,0,0,False,0.9999772310256958,0.9999772310256958,0.9999772310256958,0.9887699484825134,1.0100897550582886,1.0,0.9979974031448364
271_class-10,original,5,5,False,0.47484612464904785,0.3947731852531433,0.47484612464904785,0.9641566872596741,0.9648736715316772,0.40343153586216746,0.9830086827278137
272_class-14,original,5,5,False,0.6467170119285583,0.3420717418193817,0.6467170119285583,0.9928733706474304,0.9779599905014038,0.36532378891293493,0.9113865494728088
273_class-12,original,2,2,False,0.9257310032844543,0.9534633159637451,0.9534633159637451,0.9930824637413025,0.9905551671981812,0.9950742611391709,0.9762090444564819
274_class-14,original,2,2,False,0.39075663685798645,0.40223169326782227,0.4682479202747345,0.977778434753418,0.9916068315505981,0.9974161503148283,0.9769317507743835
275_class-11,original,4,4,False,0.9177707433700562,0.9894487857818604,0.9894487857818604,0.9834201335906982,1.0030606985092163,0.5170140818020317,0.9863361716270447
276_class-10,original,0,0,False,0.8317009210586548,0.8317009210586548,0.8317009210586548,0.98265141248703,0.9909417629241943,1.0,0.9664419293403625
277_class-14,original,2,2,False,0.5929926037788391,0.8807806968688965,0.8807806968688965,0.9756457805633545,0.9976330995559692,0.9957713359811884,0.9895181655883789
278_class-11,original,2,2,False,0.9686384201049805,0.9927990436553955,0.9927990436553955,0.9950494766235352,1.0110291242599487,0.9991740199041057,0.9937158226966858
279_class-14,original,4,4,False,0.3570329248905182,0.9022383689880371,0.9022383689880371,0.9952524900436401,1.0084896087646484,0.1527702089009991,0.9926465749740601
280_class-11,original,5,5,False,0.9655649662017822,0.9940577745437622,0.9940577745437622,0.9824981689453125,1.0110093355178833,0.99953931911365,0.9948940873146057
281_class-14,original,4,4,False,0.2477405071258545,0.39620500802993774,0.9835559129714966,0.9865730404853821,0.9944013357162476,0.09490069519430257,0.9858930110931396
282_class-11,original,4,4,False,0.39405640959739685,0.4867286682128906,0.5102473497390747,0.9895491600036621,0.9518735408782959,0.6685982662336145,0.8324851989746094
283_class-14,original,5,5,False,0.6822429895401001,0.4760724604129791,0.8834280967712402,0.9955629110336304,0.9758518934249878,0.4339974791545472,0.986884593963623
284_class-14,original,0,0,False,0.7127863764762878,0.7127863764762878,0.8690701723098755,0.94524747133255,1.0084599256515503,1.0,0.991355836391449
285_class-14,original,3,3,False,0.4517415165901184,0.4950152039527893,0.7122704982757568,0.9909933805465698,1.0126593112945557,0.9995422293430991,0.9966703653335571
286_class-14,original,4,4,False,0.2731269598007202,0.28827333450317383,0.28827333450317383,0.9744535088539124,1.0106210708618164,0.9944524366966612,0.9937801361083984
287_class-14,original,5,5,False,0.1825311928987503,0.19782809913158417,0.2626378536224365,0.9967336654663086,0.9828331470489502,0.7464464599972925,0.9649591445922852
288_class-11,original,0,0,False,0.5666469931602478,0.5666469931602478,0.8725393414497375,0.9959529638290405,0.9921884536743164,1.0,0.9728925228118896
289_class-14,original,3,3,False,0.23233073949813843,0.23952670395374298,0.23952670395374298,0.9775362014770508,1.0035709142684937,0.9877202061366626,0.980804443359375
290_class-14,original,4,4,False,0.38449907302856445,0.39573293924331665,0.39573293924331665,0.9902985095977783,1.0041853189468384,0.9919809658089531,0.9864333271980286
291_class-13,original,1,1,False,0.7808724641799927,0.6661942601203918,0.7825393676757812,0.9880948066711426,0.9801579713821411,0.5307242292253822,0.9740459322929382
292_class-14,original,0,0,False,0.9752817153930664,0.9752817153930664,0.9752817153930664,0.9953382611274719,0.994938850402832,1.0,0.9911674857139587
293_class-12,original,2,2,False,0.894881010055542,0.9562988877296448,0.9562988877296448,0.9967002868652344,1.0018365383148193,0.11271592252961361,0.9895257353782654
294_class-13,original,0,0,False,0.9976735711097717,0.9976735711097717,0.9976735711097717,0.9983091354370117,0.9977113008499146,1.0,0.9822246432304382
295_class-14,original,1,1,False,0.9204856157302856,0.9895634651184082,0.9895634651184082,0.983904242515564,1.005831003189087,0.9912417151359394,0.991004228591919
296_class-12,original,3,3,False,0.7170219421386719,0.9188519716262817,0.9188519716262817,0.9964480400085449,0.9879888296127319,0.3809248447089108,0.9717990756034851
297_class-14,original,5,5,False,0.35943877696990967,0.5159496665000916,0.5159496665000916,0.9957081079483032,0.9852408170700073,0.7258400796408648,0.9709447026252747
298_class-10,original,4,4,False,0.38845378160476685,0.517561674118042,0.517561674118042,0.9864506721496582,0.9921008348464966,0.5335220859009234,0.9806770086288452
299_class-14,original,0,0,False,0.5714068412780762,0.5714068412780762,0.9527702331542969,0.9885402917861938,0.9821881055831909,1.0,0.9465727210044861
300_class-11,original,0,0,False,0.31199681758880615,0.31199681758880615,0.31199681758880615,0.9507938027381897,1.0129379034042358,1.0,0.9933704733848572
301_class-14,original,4,4,False,0.9625438451766968,0.996903657913208,0.996903657913208,0.9698445796966553,1.0135782957077026,0.999262925134253,0.9933437705039978
302_class-14,original,4,4,False,0.6164946556091309,0.6923769116401672,0.6923769116401672,0.9331514239311218,0.9643146991729736,0.3909917713295799,0.8887007832527161
303_class-11,original,4,4,False,0.9553136825561523,0.98961341381073,0.98961341381073,0.9912578463554382,0.992851972579956,0.997851045625485,0.9826216697692871
304_class-14,original,1,1,False,0.6143615245819092,0.4231882691383362,0.6143615245819092,0.9916062355041504,1.0082483291625977,0.08850410449001296,0.9959982633590698
305_class-14,original,0,0,False,0.9801845550537109,0.9801845550537109,0.9801845550537109,0.9935562610626221,0.9924561977386475,1.0,0.962029755115509
306_class-12,original,3,3,False,0.9187486171722412,0.9934116005897522,0.9934116005897522,0.9953318238258362,1.0095093250274658,0.9989946380697051,0.9931368231773376
307_class-14,original,0,0,False,0.996153712272644,0.996153712272644,0.996153712272644,0.9948384761810303,1.012163758277893,1.0,0.9961366057395935
308_class-14,original,3,3,False,0.4614800810813904,0.8729540109634399,0.8729540109634399,0.9767797589302063,0.9857196807861328,0.014984400404271214,0.9502198696136475
309_class-14,original,5,5,False,0.3649179935455322,0.47779661417007446,0.8308950662612915,0.9988704323768616,0.9560784101486206,0.5071943504487274,0.978790819644928
310_class-10,original,4,4,False,0.4585965573787689,0.27738967537879944,0.4585965573787689,0.9881241917610168,0.963260293006897,0.5294616812516574,0.952122151851654
311_class-14,original,4,4,False,0.7472480535507202,0.7748048305511475,0.7748048305511475,0.9449998140335083,1.015062689781189,0.9988946396525267,0.9937621355056763
312_class-12,original,0,0,False,0.9989073276519775,0.9989073276519775,0.9989073276519775,0.9810372591018677,1.0012760162353516,1.0,0.9929244518280029
313_class-13,original,1,1,False,0.9358052611351013,0.9923413991928101,0.9923413991928101,0.9898595809936523,1.0030437707901,0.998806323476307,0.985755443572998
314_class-12,original,2,2,False,0.29967525601387024,0.45487093925476074,0.8522127270698547,0.9918175935745239,0.9952012300491333,0.9843421973407978,0.9893438816070557
315_class-13,original,2,2,False,0.7985318899154663,0.19509419798851013,0.7985318899154663,0.9902392625808716,0.9860618114471436,0.041449671305387174,0.9824522733688354
316_class-14,original,5,5,False,0.17482474446296692,0.6774720549583435,0.6774720549583435,0.9079210162162781,0.9909517765045166,0.8856957057454479,0.9304313659667969
317_class-10,original,1,1,False,0.8623954653739929,0.6895504593849182,0.8623954653739929,0.9926626682281494,0.9730720520019531,0.41660100934818256,0.9313399791717529
318_class-14,original,1,1,False,0.5999438762664795,0.7437251806259155,0.8189865350723267,0.9818071126937866,1.0007987022399902,0.7252662961676508,0.9887106418609619
319_class-12,original,1,1,False,0.9279033541679382,0.985958456993103,0.985958456993103,0.9778954386711121,1.0007001161575317,0.9990343495654573,0.9874822497367859
320_class-14,original,4,4,False,0.6758373975753784,0.9925597906112671,0.9925597906112671,0.9966405630111694,0.9818965196609497,0.47438040555272915,0.9768171310424805
321_class-12,original,0,0,False,0.9428730010986328,0.9428730010986328,0.9428730010986328,0.9959519505500793,0.9854729175567627,1.0,0.9634236693382263
322_class-12,original,1,1,False,0.7430474758148193,0.8022048473358154,0.8022048473358154,0.9939873814582825,0.9959490299224854,0.9217070379861078,0.9761434197425842
323_class-13,original,0,0,False,0.9294801354408264,0.9294801354408264,0.9294801354408264,0.998681902885437,0.9857884645462036,1.0,0.9768152832984924
324_class-14,original,3,3,False,0.6160483360290527,0.7454886436462402,0.7454886436462402,0.9959781765937805,1.001008152961731,0.0,0.9877576231956482
325_class-10,original,5,5,False,0.11709751188755035,0.11752112209796906,0.11804689466953278,0.9781886339187622,1.0012239217758179,0.9970639937165725,0.9803610444068909
326_class-11,original,2,2,False,0.7029974460601807,0.9962472319602966,0.9962472319602966,0.9945616126060486,0.9924216866493225,0.5526992287917738,0.9756816625595093
327_class-14,original,0,0,False,0.616073727607727,0.616073727607727,0.8220804929733276,0.9988693594932556,0.9612467288970947,1.0,0.9764871001243591
328_class-13,original,1,1,False,0.7980658411979675,0.9235880374908447,0.9235880374908447,0.9822503328323364,0.9640506505966187,0.8429856203982804,0.9547566175460815
329_class-14,original,4,4,False,0.7666400671005249,0.5888001322746277,0.7682419419288635,0.9934369325637817,0.989125669002533,0.8610594219079518,0.9720045924186707
330_class-14,original,5,5,False,0.5998512506484985,0.6332976818084717,0.7003506422042847,0.9818263053894043,0.9587891101837158,0.24078864619194887,0.8558189868927002
331_class-13,original,4,4,False,0.8623606562614441,0.890514075756073,0.9610629081726074,0.9946355819702148,0.9977784156799316,0.8432887014405854,0.97331303358078
332_class-14,original,0,0,False,0.7489471435546875,0.7489471435546875,0.7961588501930237,0.9989915490150452,0.9864336252212524,1.0,0.9853034019470215
333_class-12,original,4,4,False,0.9617908000946045,0.9865913391113281,0.9865913391113281,0.995250940322876,0.9961003065109253,0.993885901888947,0.9851354360580444
334_class-13,original,2,2,False,0.9505957365036011,0.986721396446228,0.986721396446228,0.9948593974113464,1.0001176595687866,0.997849348634689,0.989969789981842
335_class-12,original,4,4,False,0.9395866394042969,0.995215892791748,0.995215892791748,0.9953240752220154,1.0095471143722534,0.969358663504836,0.9932116866111755
336_class-12,original,3,3,False,0.9039686918258667,0.9555947184562683,0.9555947184562683,0.9862969517707825,1.0005162954330444,0.9980711955750957,0.9828650951385498
337_class-14,original,2,2,False,0.8857555389404297,0.769839346408844,0.8857555389404297,0.9832607507705688,0.9946877956390381,0.6571317592875177,0.9851671457290649
338_class-14,original,1,1,False,0.9296243190765381,0.9921368956565857,0.9921368956565857,0.9736672639846802,1.0037232637405396,0.9973604500216356,0.9778584241867065
339_class-13,original,5,5,False,0.4212144613265991,0.4400443732738495,0.7780741453170776,0.9861047267913818,1.0136491060256958,0.5147759502449971,0.9938855767250061
340_class-10,original,4,4,False,0.7863785624504089,0.6491813659667969,0.7863785624504089,0.9963750839233398,0.978408932685852,0.9311089439955419,0.9807004928588867
341_class-12,original,2,2,False,0.3116993010044098,0.30536752939224243,0.4380107522010803,0.946135401725769,1.0123635530471802,0.9993028959215212,0.9907127618789673
342_class-10,original,2,2,False,0.5316818952560425,0.6259261965751648,0.7061229348182678,0.776750922203064,0.8723176717758179,7.617016414670374e-05,0.9383649230003357
343_class-14,original,2,2,False,0.930099368095398,0.9651062488555908,0.9651062488555908,0.9764043092727661,0.9907286167144775,0.4203627115421183,0.9606366157531738
344_class-11,original,1,1,False,0.5579347014427185,0.9674012660980225,0.9674012660980225,0.9962654113769531,1.0052889585494995,0.6078688615146661,0.9883919358253479
345_class-14,original,3,3,False,0.39763888716697693,0.4023134410381317,0.5586237907409668,0.9940496683120728,0.9762445688247681,0.5217789821862671,0.949235200881958
346_class-12,original,1,1,False,0.5752307772636414,0.30187761783599854,0.8623288869857788,0.9820617437362671,0.9762357473373413,0.1790632182047713,0.9703015089035034
347_class-14,original,2,2,False,0.5294086933135986,0.8395383358001709,0.8395383358001709,0.9710068106651306,0.9657700061798096,0.31921140160172434,0.8928568959236145
348_class-14,original,2,2,False,0.45472288131713867,0.46489453315734863,0.6538805365562439,0.9739583134651184,1.0117552280426025,0.9880118658062937,0.9962959289550781
349_class-14,original,1,1,False,0.32473745942115784,0.33524397015571594,0.33524397015571594,0.9773838520050049,1.009222388267517,0.9982670242069356,0.9942276477813721
350_class-10,original,0,0,False,0.46000099182128906,0.46000099182128906,0.46000099182128906,0.9952445030212402,0.9988863468170166,1.0,0.9837435483932495
351_class-14,original,1,1,False,0.9455620646476746,0.9912678003311157,0.9912678003311157,0.9783236980438232,0.98869788646698,0.9960723368183103,0.9777877330780029
352_class-13,original,4,4,False,0.27733302116394043,0.29436948895454407,0.29436948895454407,0.966614842414856,0.9854977130889893,0.9972718691327034,0.9878126978874207
353_class-14,original,5,5,False,0.3591892123222351,0.5321049690246582,0.9215561747550964,0.9987043142318726,1.0037823915481567,0.3465531085111264,0.9954757690429688
354_class-14,original,4,4,False,0.39562150835990906,0.3634989559650421,0.6148352026939392,0.9850590229034424,0.9940646886825562,0.969504523395842,0.9651371240615845
355_class-11,original,2,2,False,0.22435608506202698,0.23723219335079193,0.33533725142478943,0.9787305593490601,0.96480393409729,0.5041705129895819,0.939720094203949
356_class-14,original,2,2,False,0.37529420852661133,0.6054579019546509,0.6296943426132202,0.9801704287528992,0.9603660106658936,0.28316325404149906,0.7435925602912903
357_class-13,original,5,5,False,0.814814567565918,0.9243457317352295,0.9243457317352295,0.9962230920791626,0.9653806686401367,0.9496614741013927,0.9236992001533508
358_class-14,original,3,3,False,0.5180651545524597,0.9733949303627014,0.9733949303627014,0.9957624077796936,0.9658941030502319,0.34832145032424494,0.9662169814109802
359_class-11,original,1,1,False,0.07625721395015717,0.20055288076400757,0.20055288076400757,0.9621338844299316,0.9802936315536499,0.39305003091208135,0.8754950165748596
360_class-10,original,5,5,False,0.459553599357605,0.756969690322876,0.756969690322876,0.5588732957839966,0.9738569259643555,0.31542877068748154,0.7683824300765991
361_class-14,original,4,4,False,0.08968396484851837,0.20992426574230194,0.7673336267471313,0.9368033409118652,0.9632831811904907,0.3608313514631372,0.9308952689170837
362_class-10,original,5,5,False,0.31162604689598083,0.18124905228614807,0.31162604689598083,0.9780507683753967,0.904954195022583,0.402424716464607,0.7469949126243591
363_class-11,original,4,4,False,0.9146052598953247,0.9883816242218018,0.9883816242218018,0.9982975721359253,1.0079922676086426,0.989289254084471,0.9844939112663269
364_class-12,original,3,3,False,0.8958562612533569,0.9364525675773621,0.9364525675773621,0.9633210897445679,0.9923843145370483,0.9924638263665595,0.9849953651428223
365_class-14,original,5,5,False,0.9190390110015869,0.5974915623664856,0.9190390110015869,0.996507465839386,0.9891334772109985,0.22326661085318517,0.9883177280426025
366_class-10,original,0,0,False,0.8503368496894836,0.8503368496894836,0.8503368496894836,0.9867555499076843,0.9864734411239624,1.0,0.9620032906532288
367_class-14,original,5,5,False,0.45124179124832153,0.997336745262146,0.997336745262146,0.9980524182319641,0.9902739524841309,0.20485540975153005,0.974663496017456
368_class-11,original,5,5,False,0.9488715529441833,0.9985296130180359,0.9985296130180359,0.9967203140258789,1.0128933191299438,0.9994310908832315,0.9936957955360413
369_class-14,original,3,3,False,0.9332259893417358,0.9755102396011353,0.9755102396011353,0.9166830778121948,1.000102162361145,0.9159783989834815,0.9731782078742981
370_class-14,original,2,2,False,0.9250830411911011,0.9201936721801758,0.9250830411911011,0.9904404282569885,0.9754239916801453,0.0,0.9885681867599487
371_class-12,original,1,1,False,0.4270009994506836,0.5926809310913086,0.8824121952056885,0.9937098622322083,0.9408950209617615,0.386667510561876,0.9453346133232117
372_class-14,original,2,2,False,0.9590891003608704,0.9976370334625244,0.9976370334625244,0.9547034502029419,1.0092257261276245,0.9956047533778284,0.9904991984367371
373_class-10,original,4,4,False,0.1316661834716797,0.1328471451997757,0.16143982112407684,0.987938642501831,0.9510377645492554,0.41143604638272396,0.8934274315834045
374_class-13,original,3,3,False,0.8696578741073608,0.8002274036407471,0.8696578741073608,0.994480550289154,0.9976793527603149,0.6329832025883083,0.9853722453117371
375_class-14,original,0,0,False,0.6515836715698242,0.6515836715698242,0.8684611320495605,0.9918648600578308,0.9883867502212524,1.0,0.9864981174468994
376_class-14,original,5,5,False,0.25536227226257324,0.26570558547973633,0.26570558547973633,0.9549175500869751,0.9923202991485596,0.9941731285748704,0.962924599647522
377_class-10,original,3,3,False,0.3558329939842224,0.7061843872070312,0.7061843872070312,0.9803339242935181,0.9806675910949707,0.15797301461819838,0.9537743926048279
378_class-14,original,5,5,False,0.9243806600570679,0.9927207827568054,0.9927207827568054,0.9801438450813293,1.0086665153503418,0.9988798018251034,0.9881275296211243
379_class-10,original,3,3,False,0.6077223420143127,0.5695755481719971,0.6077223420143127,0.9868214130401611,0.9929527044296265,0.7876712328767124,0.9861053824424744
380_class-14,original,4,4,False,0.49418461322784424,0.43502357602119446,0.49418461322784424,0.9952152967453003,0.9569442272186279,0.0002231418370658877,0.9746369123458862
381_class-12,original,2,2,False,0.9550687670707703,0.993334174156189,0.993334174156189,0.9811480045318604,1.0091466903686523,0.9987698075627545,0.9927839636802673
382_class-12,original,4,4,False,0.9492825269699097,0.9939272403717041,0.9939272403717041,0.8911926746368408,1.005988359451294,0.9997644974837068,0.9843958020210266
383_class-12,original,0,0,False,0.2778892517089844,0.2778892517089844,0.8340381979942322,0.9945529699325562,0.9709200859069824,1.0,0.9157961010932922
384_class-14,original,1,1,False,0.951461911201477,0.2621077299118042,0.951461911201477,0.9702267050743103,1.0073844194412231,0.14027508581836864,0.9941307902336121
385_class-12,original,1,1,False,0.9540149569511414,0.9973027110099792,0.9973027110099792,0.9955657124519348,1.002030849456787,0.9993859089728147,0.9799089431762695
386_class-13,original,4,4,False,0.9246011972427368,0.7963576316833496,0.9247685670852661,0.9954037666320801,0.993932843208313,0.994370317221586,0.9735488295555115
387_class-14,original,2,2,False,0.4674338102340698,0.32648512721061707,0.4674338102340698,0.9264571666717529,1.0044939517974854,0.7255428226779252,0.9688867330551147
388_class-11,original,5,5,False,0.9101667404174805,0.7057000398635864,0.912227988243103,0.9728783965110779,0.9962867498397827,0.056557999419728014,0.9924792051315308
389_class-14,original,3,3,False,0.3192980885505676,0.6151989698410034,0.6151989698410034,0.9964100122451782,0.9896509647369385,0.9268395864731234,0.982652485370636
390_class-14,original,4,4,False,0.35618168115615845,0.3968978524208069,0.3968978524208069,0.9952757358551025,0.9994897842407227,0.6472282217422606,0.9929373264312744
391_class-12,original,3,3,False,0.556335985660553,0.6171187162399292,0.6171187162399292,0.9939404726028442,0.9967609643936157,0.9837892849354237,0.9825336337089539
392_class-14,original,0,0,False,0.3488612174987793,0.3488612174987793,0.3488612174987793,0.9704549312591553,1.0101404190063477,1.0,0.9988157749176025
393_class-14,original,4,4,False,0.5704633593559265,0.4433383047580719,0.7475282549858093,0.9975156784057617,0.9313806295394897,0.004029763132426901,0.8969539999961853
394_class-14,original,1,1,False,0.418913871049881,0.44026437401771545,0.44026437401771545,0.9197701215744019,0.9753199815750122,0.9674060128257927,0.9590203166007996
395_class-14,original,5,5,False,0.5372165441513062,0.6852964758872986,0.8142226338386536,0.9942699670791626,0.995736837387085,0.36429674340258283,0.9901715517044067
396_class-12,original,0,0,False,0.9982702732086182,0.9982702732086182,0.9982702732086182,0.9965389966964722,0.9846961498260498,1.0,0.9824878573417664
397_class-12,original,3,3,False,0.33492326736450195,0.7308032512664795,0.8749575614929199,0.950434684753418,0.953021764755249,0.0,0.9640681743621826
398_class-13,original,1,1,False,0.9479418992996216,0.9924427270889282,0.9924427270889282,0.99265056848526,0.9835629463195801,0.996154544904015,0.9738563895225525
399_class-14,original,2,2,False,0.5865280628204346,0.6087014079093933,0.6905039548873901,0.9880220890045166,1.000084638595581,0.997337509788567,0.9747797250747681
400_class-13,original,0,0,False,0.9430376291275024,0.9430376291275024,0.9430376291275024,0.9892521500587463,0.9886077642440796,1.0,0.9606208801269531
401_class-14,original,4,4,False,0.38100042939186096,0.36689114570617676,0.42171165347099304,0.9724286794662476,0.9739854335784912,0.8283312324857021,0.8943419456481934
402_class-11,original,2,2,False,0.18854127824306488,0.37711331248283386,0.37711331248283386,0.9895988702774048,0.9572705030441284,0.43865574318675804,0.861699104309082
403_class-11,original,1,1,False,0.943196713924408,0.9190655946731567,0.9449463486671448,0.993043065071106,1.0112860202789307,0.8394742671490807,0.9960423707962036
404_class-12,original,1,1,False,0.9289060831069946,0.7717850208282471,0.9294349551200867,0.9955773949623108,1.008325219154358,0.5854796421961752,0.9929843544960022
405_class-11,original,2,2,False,0.9304218292236328,0.9551618099212646,0.9551618099212646,0.9977447390556335,1.0082876682281494,0.6545603495357728,0.9954554438591003
406_class-10,original,2,2,False,0.06057743728160858,0.05272853374481201,0.18412518501281738,0.9220840334892273,0.9847148656845093,0.5299041315879118,0.978060245513916
407_class-14,original,3,3,False,0.6779104471206665,0.6778461933135986,0.7562209367752075,0.9908649921417236,0.9750790596008301,0.08468344152429354,0.9461820721626282
408_class-14,original,1,1,False,0.9163222312927246,0.9951850175857544,0.9951850175857544,0.954526424407959,0.9976959228515625,0.9845126024901306,0.9921166896820068
409_class-12,original,4,4,False,0.7542393207550049,0.8306783437728882,0.8504940271377563,0.9917591214179993,0.9896138906478882,0.7671665593277517,0.9873366355895996
410_class-14,original,2,2,False,0.2623221278190613,0.27875417470932007,0.31481510400772095,0.9456925392150879,0.9673209190368652,0.717577083475764,0.9408787488937378
411_class-11,original,3,3,False,0.9790849089622498,0.9998777508735657,0.9998777508735657,0.9827750325202942,1.010301113128662,0.9996393327656163,0.9967892169952393
412_class-14,original,3,3,False,0.4546206593513489,0.29004785418510437,0.4546206593513489,0.9557730555534363,0.9733656644821167,0.4492702655178477,0.8828883767127991
413_class-11,original,1,1,False,0.3104071021080017,0.3219723403453827,0.6811200380325317,0.9952499270439148,1.0054508447647095,0.9921587909528492,0.9920765161514282
414_class-14,original,2,2,False,0.374804824590683,0.3208024799823761,0.5494791269302368,0.9976001977920532,0.993986964225769,0.8355543810638378,0.9847626090049744
415_class-14,original,2,2,False,0.9314371347427368,0.9944886565208435,0.9944886565208435,0.980908989906311,1.0062482357025146,0.998813693367981,0.9900120496749878
416_class-14,original,3,3,False,0.30885007977485657,0.4209025204181671,0.4209025204181671,0.96512770652771,1.0008875131607056,0.9972028874807699,0.9716886281967163
417_class-14,original,0,0,False,0.2763589322566986,0.2763589322566986,0.2763589322566986,0.927947998046875,1.0157923698425293,1.0,0.9949111938476562
418_class-11,original,3,3,False,0.9418799877166748,0.9942505359649658,0.9942505359649658,0.9923737049102783,1.0077160596847534,0.7892913179916318,0.9904232025146484
419_class-14,original,2,2,False,0.3619605600833893,0.2984110713005066,0.9289921522140503,0.9566125869750977,0.9811617136001587,0.0079553861942228,0.9522894024848938
420_class-12,original,4,4,False,0.8724655508995056,0.9981411695480347,0.9981411695480347,0.9888410568237305,0.9995287656784058,0.9953560371517027,0.9901324510574341
421_class-11,original,5,5,False,0.8253952860832214,0.9474049806594849,0.9474049806594849,0.9882104396820068,1.00138521194458,0.7694904589620416,0.983685314655304
422_class-12,original,0,0,False,0.8839590549468994,0.8839590549468994,0.8839590549468994,0.9933359622955322,1.0090851783752441,1.0,0.9942238926887512
423_class-14,original,5,5,False,0.10090204328298569,0.17099782824516296,0.17099782824516296,0.9598561525344849,0.9549356698989868,0.917653042352506,0.8037192225456238
424_class-13,original,4,4,False,0.863349437713623,0.9405909180641174,0.9405909180641174,0.9941989183425903,1.003818392753601,0.9942182165421796,0.9927242398262024
425_class-14,original,0,0,False,0.3339373469352722,0.3339373469352722,0.3339373469352722,0.9867918491363525,1.0035780668258667,1.0,0.9925439953804016
426_class-13,original,0,0,False,0.9446278810501099,0.9446278810501099,0.9446278810501099,0.9972280859947205,0.992209792137146,1.0,0.9785482287406921
427_class-14,original,3,3,False,0.5672854781150818,0.7832452058792114,0.8643244504928589,0.993385374546051,1.0008080005645752,0.3508977023438402,0.970340371131897
428_class-11,original,2,2,False,0.3522254526615143,0.41550472378730774,0.41550472378730774,0.9570753574371338,1.0040158033370972,0.9924105529454282,0.9862859845161438
429_class-14,original,5,5,False,0.9298691153526306,0.9760032296180725,0.9760032296180725,0.986160397529602,0.9955916404724121,0.7646691564596506,0.970331609249115
430_class-14,original,0,0,False,0.24442511796951294,0.24442511796951294,0.36287111043930054,0.9803082942962646,0.9837807416915894,1.0,0.9788469672203064
431_class-13,original,1,1,False,0.8557767271995544,0.9172986745834351,0.9172986745834351,0.9926041960716248,0.992388129234314,0.9955951354974624,0.9632550477981567
432_class-14,original,0,0,False,0.3462747633457184,0.3462747633457184,0.408317893743515,0.9621483087539673,0.9939866065979004,1.0,0.9645191431045532
433_class-10,original,3,3,False,0.30619528889656067,0.1879883110523224,0.3257695734500885,0.9732181429862976,1.003949522972107,0.9956521739130435,0.996103823184967
434_class-11,original,1,1,False,0.9471595883369446,0.8624839782714844,0.9488762617111206,0.9992749691009521,1.0053672790527344,0.7322296615610382,0.9946507215499878
435_class-10,original,1,1,False,0.34405723214149475,0.5503617525100708,0.6101130247116089,0.9370583295822144,0.9779247045516968,0.07747917648907748,0.9817814230918884
436_class-11,original,1,1,False,0.9512459635734558,0.996659517288208,0.996659517288208,0.9865918755531311,1.0043154954910278,0.9986893840104849,0.9811298251152039
437_class-10,original,0,0,False,0.4175054132938385,0.4175054132938385,0.5110668540000916,0.9823223352432251,0.9684265851974487,1.0,0.9546502232551575
438_class-14,original,5,5,False,0.7573144435882568,0.8163242340087891,0.8163242340087891,0.9947043657302856,1.0082634687423706,0.9985583469044504,0.9894629716873169
439_class-14,original,5,5,False,0.4726071357727051,0.3316609263420105,0.697801411151886,0.9852094650268555,0.9880465269088745,0.3924447526304682,0.9826828837394714
440_class-13,original,1,1,False,0.9316906929016113,0.987801730632782,0.987801730632782,0.9970924258232117,0.9936262369155884,0.9948205697373289,0.9826856255531311
441_class-14,original,3,3,False,0.5031949281692505,0.5248701572418213,0.5876211524009705,0.9881805181503296,0.9885607957839966,0.36150551774385586,0.9537743926048279
442_class-14,original,2,2,False,0.29497602581977844,0.3171476125717163,0.3876994848251343,0.9981549978256226,0.9717777967453003,0.08051859433640396,0.9909879565238953
443_class-12,original,4,4,False,0.9387454986572266,0.9909156560897827,0.9909156560897827,0.9938916563987732,1.0035006999969482,0.9987678807548984,0.9873130917549133
444_class-10,original,2,2,False,0.7119582891464233,0.6647286415100098,0.7119582891464233,0.9861764907836914,0.9786533117294312,0.694712172257214,0.9151830673217773
445_class-14,original,2,2,False,0.24781209230422974,0.34672868251800537,0.34672868251800537,0.9634682536125183,0.9846793413162231,0.3964455377594766,0.9013575315475464
446_class-11,original,3,3,False,0.8687297105789185,0.6393389701843262,0.9317920207977295,0.9974091053009033,1.0091842412948608,0.41981814891884556,0.9960699081420898
447_class-14,original,0,0,False,0.6606658697128296,0.6606658697128296,0.7149949073791504,0.9018487930297852,0.9907656908035278,1.0,0.984785258769989
448_class-10,original,1,1,False,0.6629754304885864,0.7750656604766846,0.7750656604766846,0.9960468411445618,0.9677344560623169,0.7097253036663421,0.9494037628173828
449_class-14,original,3,3,False,0.7517999410629272,0.5706027150154114,0.7740687131881714,0.9928824305534363,0.9688248634338379,0.250198169633206,0.9026439785957336
450_class-10,original,0,0,False,0.864852786064148,0.864852786064148,0.864852786064148,0.9916204810142517,1.0015052556991577,1.0,0.9802145957946777
451_class-13,original,2,2,False,0.9474647045135498,0.9950603246688843,0.9950603246688843,0.9968780279159546,1.0068089962005615,0.9974622969837587,0.9945142865180969
452_class-11,original,3,3,False,0.9175543785095215,0.9732272624969482,0.9732272624969482,0.9904476404190063,1.006962776184082,0.592437196074645,0.9935644865036011
453_class-11,original,0,0,False,0.5922605991363525,0.5922605991363525,0.5922605991363525,0.9911131858825684,1.000866413116455,1.0,0.9883909225463867
454_class-14,original,3,3,False,0.6055722832679749,0.6226274371147156,0.742403507232666,0.9777624607086182,0.9939448833465576,0.29164113297944305,0.9880774617195129
455_class-12,original,3,3,False,0.8794202208518982,0.40131428837776184,0.8794202208518982,0.9933450222015381,0.9362581372261047,0.23186403831565122,0.9747272729873657
456_class-14,original,3,3,False,0.4402329623699188,0.3816903233528137,0.4402329623699188,0.9765531420707703,0.8408910036087036,0.28304270286337063,0.7799477577209473
457_class-11,original,4,4,False,0.648959755897522,0.6677926182746887,0.6677926182746887,0.9679412245750427,0.9976143836975098,0.9934856305410389,0.9684835076332092
458_class-12,original,4,4,False,0.7295341491699219,0.7679847478866577,0.8195456862449646,0.9890439510345459,1.0060545206069946,0.9989569689031194,0.99124675989151
459_class-14,original,2,2,False,0.5867898464202881,0.9987048506736755,0.9987048506736755,0.9355841875076294,0.9587844610214233,0.5316788073860749,0.9121761918067932
460_class-10,original,2,2,False,0.3974713683128357,0.4331255555152893,0.4331255555152893,0.9890893697738647,0.9720115661621094,0.8050548686627936,0.9273415803909302
461_class-13,original,5,5,False,0.8165717124938965,0.5817738175392151,0.8165717124938965,0.9974246621131897,0.9872266054153442,0.44933114117031614,0.9785441160202026
462_class-14,original,2,2,False,0.9617947340011597,0.8047573566436768,0.9620926976203918,0.9982067346572876,1.0137001276016235,0.9987129434982196,0.9962806105613708
463_class-11,original,1,1,False,0.9354536533355713,0.9895021915435791,0.9895021915435791,0.9599609375,1.0117963552474976,0.9995205138643869,0.990688681602478
464_class-12,original,0,0,False,0.997071385383606,0.997071385383606,0.997071385383606,0.9391782879829407,1.0074598789215088,1.0,0.9911555051803589
465_class-11,original,2,2,False,0.937474250793457,0.9848678112030029,0.9848678112030029,0.9842756986618042,1.0022637844085693,0.9970721349946918,0.9815242290496826
466_class-10,original,1,1,False,0.6041741371154785,0.2829879820346832,0.6041741371154785,0.9684243202209473,0.9097453355789185,0.11398082927280836,0.9697390794754028
467_class-14,original,3,3,False,0.9498084187507629,0.28846660256385803,0.9498084187507629,0.9787505865097046,0.9413138628005981,0.26840022324826224,0.9378175735473633
468_class-12,original,0,0,False,0.2660849988460541,0.2660849988460541,0.3502131700515747,0.9384797811508179,1.0053536891937256,1.0,0.9815571308135986
469_class-11,original,0,0,False,0.2889149785041809,0.2889149785041809,0.5144505500793457,0.9592069387435913,1.0061653852462769,1.0,0.9519325494766235
470_class-10,original,4,4,False,0.6048649549484253,0.6407250165939331,0.6407250165939331,0.9697549343109131,0.9681967496871948,0.17149443362341632,0.9387639760971069
471_class-14,original,5,5,False,0.9272367358207703,0.7089440822601318,0.927526593208313,0.9305570125579834,1.0051238536834717,0.6922569225692257,0.9926695227622986
472_class-11,original,4,4,False,0.015067735686898232,0.015167328529059887,0.015167328529059887,0.9548966884613037,1.0062618255615234,0.9998777303599461,0.9462900161743164
473_class-13,original,4,4,False,0.927419900894165,0.9892783164978027,0.9892783164978027,0.9483258724212646,0.9907256364822388,0.9647096878537926,0.9613364338874817
474_class-14,original,1,1,False,0.49134743213653564,0.5135474801063538,0.6954454779624939,0.9785752296447754,1.0034574270248413,0.9939625114080453,0.9909356236457825
475_class-10,original,3,3,False,0.7387102842330933,0.5945314764976501,0.7387102842330933,0.9949181079864502,0.9853862524032593,0.405771637623953,0.9821524024009705
476_class-14,original,5,5,False,0.9295787811279297,0.8149099946022034,0.9295787811279297,0.9709478616714478,0.9822932481765747,0.9210756237258518,0.9869171977043152
477_class-13,original,2,2,False,0.7860665917396545,0.8152601718902588,0.949978232383728,0.9958475828170776,0.999267578125,0.713372538992585,0.9848008751869202
478_class-12,original,4,4,False,0.7295171022415161,0.7619315385818481,0.7619315385818481,0.9661614298820496,1.012087345123291,0.9996787438099417,0.9906547665596008
479_class-11,original,0,0,False,0.9994004964828491,0.9994004964828491,0.9994004964828491,0.9452990889549255,1.0155887603759766,1.0,0.9937416315078735
480_class-14,original,5,5,False,0.45383453369140625,0.2997533082962036,0.45383453369140625,0.9756890535354614,0.9890097379684448,0.7265688244649949,0.9686218500137329
481_class-11,original,2,2,False,0.34070688486099243,0.3459266424179077,0.3459266424179077,0.9802169799804688,0.9993027448654175,0.9985206667252541,0.9789143800735474
482_class-11,original,1,1,False,0.9205011129379272,0.9428176283836365,0.9428176283836365,0.9675438404083252,1.0010374784469604,0.9068231271370842,0.991339385509491
483_class-13,original,1,1,False,0.9279221892356873,0.9792940020561218,0.9792940020561218,0.9944872856140137,0.9802539348602295,0.9919828689316585,0.9652999639511108
484_class-14,original,3,3,False,0.5641968846321106,0.23134444653987885,0.9026807546615601,0.9775832295417786,0.9718997478485107,0.29848970835014976,0.9476152658462524
485_class-14,original,0,0,False,0.5394665002822876,0.5394665002822876,0.5394665002822876,0.9950518012046814,0.973741888999939,1.0,0.927096426486969
486_class-10,original,1,1,False,0.5189943313598633,0.5470826625823975,0.5470826625823975,0.985556423664093,0.990338921546936,0.7685116733837312,0.960934042930603
487_class-14,original,5,5,False,0.948703408241272,0.9972389936447144,0.9972389936447144,0.9665807485580444,1.0048718452453613,0.9982368319721135,0.9907876253128052
488_class-12,original,1,1,False,0.9353505373001099,0.9912710189819336,0.9912710189819336,0.9913403391838074,1.00278639793396,0.9982284843241461,0.9837329387664795
489_class-13,original,5,5,False,0.8564851880073547,0.9513607025146484,0.9513607025146484,0.9516029357910156,1.0020774602890015,0.1202135663733549,0.9896860122680664
490_class-14,original,0,0,False,0.612751305103302,0.612751305103302,0.6984125971794128,0.9787230491638184,1.0003697872161865,1.0,0.9768770933151245
491_class-11,original,2,2,False,0.2682141661643982,0.2550084888935089,0.26835528016090393,0.9741640090942383,1.0071275234222412,0.9979753277645627,0.9908954501152039
492_class-14,original,1,1,False,0.43513810634613037,0.8499869704246521,0.8499869704246521,0.9944084882736206,1.0023753643035889,0.11802627452346935,0.9813134670257568
493_class-10,original,1,1,False,0.4386661648750305,0.46859222650527954,0.5957810878753662,0.9893096685409546,0.9897043704986572,0.9740695326024236,0.9760691523551941
494_class-14,original,2,2,False,0.29649341106414795,0.4389171898365021,0.765722393989563,0.9970818161964417,0.9625459909439087,0.0,0.9784922003746033
495_class-13,original,3,3,False,0.8897101879119873,0.9898154139518738,0.9898154139518738,0.9941282272338867,1.0043119192123413,0.9960222044111972,0.9896072149276733
496_class-14,original,4,4,False,0.30259373784065247,0.3050033450126648,0.6960040330886841,0.9657854437828064,0.9797040224075317,0.6258923931179737,0.9024176597595215
497_class-12,original,3,3,False,0.8815510272979736,0.9619636535644531,0.9619636535644531,0.9870775938034058,0.9895780086517334,0.9950879052919869,0.971991240978241
498_class-14,original,0,0,False,0.5180360078811646,0.5180360078811646,0.5180360078811646,0.963943600654602,0.9724253416061401,1.0,0.9303094744682312
499_class-11,original,4,4,False,0.3504895269870758,0.37325146794319153,0.4959278106689453,0.9947059750556946,1.007633090019226,0.7304707552012562,0.9907084703445435
500_class-12,original,1,1,False,0.8901698589324951,0.9443715810775757,0.9443715810775757,0.9744316339492798,0.9946680665016174,0.9618449381839167,0.9612516760826111
501_class-14,original,4,4,False,0.47440409660339355,0.9672732353210449,0.9672732353210449,0.9743736386299133,0.9717626571655273,0.8818657046090413,0.9617656469345093
502_class-13,original,3,3,False,0.8429832458496094,0.9154986143112183,0.9154986143112183,0.9769483208656311,0.9879674911499023,0.9864908778608236,0.9492223858833313
503_class-14,original,0,0,False,0.28314435482025146,0.28314435482025146,0.29421257972717285,0.9512182474136353,0.9902184009552002,1.0,0.9496890902519226
504_class-11,original,3,3,False,0.9325211644172668,0.9590738415718079,0.9590738415718079,0.9768490791320801,1.0119435787200928,0.9966772736063009,0.9936879873275757
505_class-14,original,1,1,False,0.32540711760520935,0.3365371823310852,0.3365371823310852,0.9873185157775879,0.9940061569213867,0.9939121130502159,0.9911496043205261
506_class-11,original,1,1,False,0.29616615176200867,0.3012428283691406,0.3012428283691406,0.9810621738433838,1.001519799232483,0.9995590140288662,0.9819820523262024
507_class-10,original,4,4,False,0.8156000375747681,0.28425756096839905,0.8156901597976685,0.9828668832778931,1.0060533285140991,0.1481918102701016,0.9946010112762451
508_class-14,original,1,1,False,0.739712655544281,0.823855996131897,0.8795075416564941,0.9883620738983154,1.0034880638122559,0.8662933206236808,0.9894006252288818
509_class-11,original,5,5,False,0.9250748157501221,0.9715179204940796,0.9715179204940796,0.9362020492553711,0.9951515197753906,0.9735356157715398,0.981896162033081
510_class-14,original,5,5,False,0.36619558930397034,0.38715577125549316,0.38715577125549316,0.991776704788208,1.0142890214920044,0.9980108149864813,0.9963833689689636
511_class-14,original,2,2,False,0.3516766428947449,0.3982873558998108,0.4161950945854187,0.9933769106864929,1.013717770576477,0.3592849372452873,0.9938442707061768
512_class-11,original,2,2,False,0.919632077217102,0.9882305860519409,0.9882305860519409,0.9765713214874268,1.001092553138733,0.9989565775744442,0.9821398258209229
513_class-14,original,4,4,False,0.9689985513687134,0.9910085797309875,0.9910085797309875,0.9917514324188232,1.0061061382293701,0.5588708347080171,0.9922757744789124
514_class-14,original,0,0,False,0.8928104639053345,0.8928104639053345,0.8928104639053345,0.9638386368751526,1.0085312128067017,1.0,0.9935258626937866
515_class-11,original,2,2,False,0.3233084976673126,0.20746512711048126,0.5496319532394409,0.899657130241394,0.9842672348022461,0.13531907703283705,0.9443572759628296
516_class-12,original,5,5,False,0.8339052200317383,0.915040135383606,0.915040135383606,0.9937022924423218,0.9976379871368408,0.9985701469103959,0.9846909642219543
517_class-14,original,2,2,False,0.40817490220069885,0.4270034730434418,0.4952388405799866,0.9454861879348755,0.996098518371582,0.9976986977997305,0.9835730791091919
518_class-14,original,2,2,False,0.5120080709457397,0.7438206672668457,0.7684648633003235,0.9975323677062988,0.9487731456756592,0.32045155703793976,0.9599642753601074
519_class-11,original,5,5,False,0.9420804977416992,0.9879592657089233,0.9879592657089233,0.9860870838165283,1.0055005550384521,0.9993419008098277,0.9916834235191345
520_class-12,original,3,3,False,0.6763278245925903,0.6962693929672241,0.6962693929672241,0.9867218136787415,0.9759223461151123,0.9948453608247423,0.9520455598831177
521_class-11,original,0,0,False,0.8562942743301392,0.8562942743301392,0.8875725269317627,0.9793452620506287,0.9986504316329956,1.0,0.9685881733894348
522_class-14,original,5,5,False,0.47999823093414307,0.42237648367881775,0.7847014665603638,0.9977681636810303,0.9837104082107544,0.7142229432839857,0.963651180267334
523_class-11,original,2,2,False,0.5633776783943176,0.9606783390045166,0.9606783390045166,0.9833638072013855,0.993954062461853,0.9977647345052004,0.9786011576652527
524_class-13,original,1,1,False,0.9397850036621094,0.9916772246360779,0.9916772246360779,0.9659842252731323,1.0068098306655884,0.9988110687171199,0.9785559773445129
525_class-11,original,4,4,False,0.951589822769165,0.9855684638023376,0.9855684638023376,0.9813858270645142,1.00933837890625,0.9994032340401056,0.9891043901443481
526_class-13,original,4,4,False,0.8061609268188477,0.7938829660415649,0.8322696685791016,0.9973515272140503,0.9676128625869751,0.3874058863791923,0.9721841812133789
527_class-14,original,4,4,False,0.6198412179946899,0.5473546981811523,0.8749059438705444,0.9875021576881409,0.9898011684417725,0.30656712794367563,0.9815855026245117
528_class-14,original,1,1,False,0.9295647740364075,0.9979512095451355,0.9979512095451355,0.9680538177490234,1.0100903511047363,0.9959895920364756,0.9875293970108032
529_class-11,original,0,0,False,0.5840433835983276,0.5840433835983276,0.8428484201431274,0.9912770986557007,0.9932992458343506,1.0,0.9631718993186951
530_class-12,original,5,5,False,0.9590920209884644,0.994857668876648,0.994857668876648,0.949483335018158,1.008029818534851,0.9997178057677748,0.9887687563896179
531_class-13,original,4,4,False,0.9183005094528198,0.95490562915802,0.95490562915802,0.9171850085258484,0.9896818399429321,0.5179524916317428,0.9383467435836792
532_class-11,original,5,5,False,0.023531215265393257,0.02474227175116539,0.02474227175116539,0.9219366312026978,1.0072686672210693,0.998348529019858,0.9560810327529907
533_class-14,original,1,1,False,0.8171639442443848,0.8440467119216919,0.9157350063323975,0.9995212554931641,0.9816181659698486,0.9730075294786191,0.9861449003219604
534_class-10,original,4,4,False,0.4017711579799652,0.3474423587322235,0.4596107006072998,0.9971104860305786,0.9965296983718872,0.7184129246851984,0.9892775416374207
535_class-14,original,4,4,False,0.5725135803222656,0.6046099662780762,0.6046099662780762,0.982475757598877,1.0163203477859497,0.9989995303918165,0.995563268661499
536_class-14,original,0,0,False,0.9935641288757324,0.9935641288757324,0.9935641288757324,0.9879546761512756,1.0010560750961304,1.0,0.983717143535614
537_class-14,original,0,0,False,0.6936906576156616,0.6936906576156616,0.8734567165374756,0.979525089263916,0.9789096117019653,1.0,0.9433730840682983
538_class-14,original,3,3,False,0.455149382352829,0.42074209451675415,0.49517881870269775,0.978965163230896,0.9793347120285034,0.08092682262800692,0.9783209562301636
539_class-14,original,0,0,False,0.5934547781944275,0.5934547781944275,0.9164013862609863,0.934181272983551,1.004399299621582,1.0,0.9876367449760437
540_class-10,original,5,5,False,0.3585888147354126,0.39371442794799805,0.39371442794799805,0.9773890376091003,1.0157150030136108,0.9988678423688221,0.9933854341506958
541_class-11,original,5,5,False,0.9491953253746033,0.9982285499572754,0.9982285499572754,0.9969660043716431,1.0083595514297485,0.9995483174826227,0.9923160672187805
542_class-11,original,0,0,False,0.9841336607933044,0.9841336607933044,0.9841336607933044,0.9671071171760559,1.0021710395812988,1.0,0.9826639890670776
543_class-14,original,0,0,False,0.980009138584137,0.980009138584137,0.980009138584137,0.9895946979522705,0.9985674619674683,1.0,0.9785109758377075
544_class-14,original,1,1,False,0.3090049922466278,0.38808372616767883,0.38808372616767883,0.946723461151123,1.0063060522079468,0.9919612011692799,0.9933123588562012
545_class-12,original,3,3,False,0.7954157590866089,0.8291369676589966,0.8291369676589966,0.9816086888313293,1.011569619178772,0.9995864957515773,0.9906050562858582
546_class-14,original,5,5,False,0.9212472438812256,0.7363102436065674,0.9212472438812256,0.9950276017189026,0.9892821311950684,0.23389296227333484,0.9714139699935913
547_class-11,original,0,0,False,0.9979670643806458,0.9979670643806458,0.9979670643806458,0.9904428720474243,1.013543963432312,1.0,0.9934797286987305
548_class-13,original,4,4,False,0.8948930501937866,0.9791350364685059,0.9791350364685059,0.9770475625991821,0.9925317764282227,0.9974912104026431,0.9644460678100586
549_class-14,original,3,3,False,0.6296829581260681,0.43989789485931396,0.6296829581260681,0.9803851842880249,0.9809982776641846,0.9671263316123129,0.9583277702331543
550_class-13,original,1,1,False,0.9249919652938843,0.9102662801742554,0.9386624097824097,0.9636155962944031,0.9981478452682495,0.9093373520063052,0.9604425430297852
551_class-10,original,5,5,False,0.4072343111038208,0.4950948655605316,0.4950948655605316,0.9912000894546509,0.9142792224884033,0.26020682457860284,0.8943730592727661
552_class-13,original,3,3,False,0.6409238576889038,0.06309285014867783,0.93404620885849,0.8080264329910278,0.9974391460418701,0.6183600832717749,0.9663645625114441
553_class-14,original,3,3,False,0.3825853168964386,0.39710667729377747,0.6151195764541626,0.955186665058136,0.9851781129837036,0.9952363636363636,0.978248119354248
554_class-11,original,5,5,False,0.9733750820159912,0.9996975660324097,0.9996975660324097,0.9692150950431824,1.01361882686615,0.9998441666378086,0.993541419506073
555_class-14,original,5,5,False,0.2573293447494507,0.6560492515563965,0.9555575847625732,0.989096462726593,0.9930776357650757,0.08634388952480404,0.9618542194366455
556_class-12,original,0,0,False,0.23914197087287903,0.23914197087287903,0.9590575695037842,0.9389175176620483,1.0012545585632324,1.0,0.9883076548576355
557_class-14,original,4,4,False,0.2989434599876404,0.19256678223609924,0.5336959362030029,0.9268164038658142,0.985578179359436,0.36500944308578775,0.8999945521354675
558_class-14,original,3,3,False,0.9276358485221863,0.9766008853912354,0.9766008853912354,0.9923105239868164,0.9938087463378906,0.9794221737485254,0.9822933077812195
559_class-14,original,3,3,False,0.9113361835479736,0.5323389172554016,0.9113361835479736,0.998633086681366,0.951198935508728,0.16529572548667343,0.9811582565307617
560_class-14,original,3,3,False,0.20900273323059082,0.1966569721698761,0.31596314907073975,0.9669232368469238,0.9890559911727905,0.8252532646940751,0.9466378688812256
561_class-14,original,3,3,False,0.37949368357658386,0.4282122850418091,0.4282122850418091,0.9869130849838257,1.0006518363952637,0.9982373466671463,0.9863859415054321
562_class-11,original,5,5,False,0.9666627645492554,0.9996609687805176,0.9996609687805176,0.9746443629264832,1.0100672245025635,0.9996530633223685,0.9940354228019714
563_class-11,original,5,5,False,0.37996727228164673,0.7755658626556396,0.9325600862503052,0.9964739084243774,0.9939919710159302,0.1722474141807825,0.9861724972724915
564_class-13,original,4,4,False,0.8757269382476807,0.9247524738311768,0.9247524738311768,0.9755629301071167,0.9982738494873047,0.959686026861158,0.9844732880592346
565_class-14,original,0,0,False,0.37050682306289673,0.37050682306289673,0.9103267788887024,0.9645644426345825,0.98211669921875,1.0,0.9603554606437683
566_class-10,original,5,5,False,0.34388965368270874,0.3798881769180298,0.7127252817153931,0.9858044385910034,0.9640957117080688,0.1367444925626059,0.9374730587005615
567_class-14,original,3,3,False,0.9122862815856934,0.9977959394454956,0.9977959394454956,0.9904975891113281,1.0163264274597168,0.999068771243656,0.9960922598838806
568_class-14,original,0,0,False,0.40675973892211914,0.40675973892211914,0.40675973892211914,0.984351634979248,0.9859848022460938,1.0,0.9216016530990601
569_class-14,original,1,1,False,0.3349545896053314,0.01413353905081749,0.3349545896053314,0.9747750163078308,0.975843608379364,0.2693992454513639,0.9760331511497498
570_class-14,original,3,3,False,0.4420663118362427,0.3734400272369385,0.4421576261520386,0.9866578578948975,0.9967540502548218,0.5124867928152915,0.9900509119033813
571_class-11,original,3,3,False,0.6657476425170898,0.8732643127441406,0.9743005633354187,0.9979987144470215,1.0039665699005127,0.9980190979276716,0.9910944104194641
572_class-10,original,4,4,False,0.7106585502624512,0.4840557277202606,0.7106585502624512,0.9712280631065369,0.936140775680542,0.18554570777412002,0.8997198939323425
573_class-12,original,2,2,False,0.6836833357810974,0.7889028787612915,0.8597899675369263,0.9816091656684875,0.948262095451355,0.6909121948443635,0.7872287034988403
574_class-10,original,0,0,False,0.3377881348133087,0.3377881348133087,0.627342700958252,0.9230968952178955,0.9619184732437134,1.0,0.9531155824661255
575_class-14,original,1,1,False,0.6832849979400635,0.43656206130981445,0.6832849979400635,0.9977136254310608,0.9685779809951782,0.15021958150348746,0.9450327157974243
576_class-11,original,0,0,False,0.9790456891059875,0.9790456891059875,0.9790456891059875,0.9564186930656433,1.0123969316482544,1.0,0.9885622262954712
577_class-14,original,2,2,False,0.179019957780838,0.1905195415019989,0.1905195415019989,0.9799556136131287,1.0120668411254883,0.9993589946503751,0.9881640076637268
578_class-13,original,3,3,False,0.3701697885990143,0.9185063242912292,0.9185063242912292,0.9302959442138672,0.9960665702819824,0.4308028497874633,0.7706305980682373
579_class-10,original,5,5,False,0.3407715857028961,0.6480299234390259,0.6764921545982361,0.9615048170089722,0.9115445613861084,0.28744666003134617,0.9024204015731812
580_class-13,original,0,0,False,0.9479928016662598,0.9479928016662598,0.9479928016662598,0.9848669767379761,0.988632082939148,1.0,0.9716327786445618
581_class-11,original,1,1,False,0.9210230112075806,0.9934487342834473,0.9934487342834473,0.9973034858703613,1.0006242990493774,0.9810716532281123,0.9897019267082214
582_class-14,original,5,5,False,0.9542385339736938,0.9913681745529175,0.9913681745529175,0.9629697203636169,0.9784982204437256,0.7010263275323516,0.984078586101532
583_class-13,original,2,2,False,0.6105323433876038,0.7361823320388794,0.7361823320388794,0.97629314661026,0.9921693801879883,0.9235469462423506,0.9539416432380676
584_class-14,original,5,5,False,0.20972053706645966,0.22382070124149323,0.22382070124149323,0.962883472442627,0.9610025882720947,0.8277476142819994,0.8974099159240723
585_class-14,original,2,2,False,0.36017903685569763,0.36923083662986755,0.463274747133255,0.9386420845985413,0.9946314096450806,0.2538875456312521,0.9868104457855225
586_class-13,original,0,0,False,0.9878476858139038,0.9878476858139038,0.9878476858139038,0.9841131567955017,1.0069886445999146,1.0,0.9928163290023804
587_class-14,original,5,5,False,0.43341702222824097,0.41619226336479187,0.43341702222824097,0.996904194355011,0.982728123664856,0.8593513972809668,0.9712705016136169
588_class-14,original,0,0,False,0.9395526647567749,0.9395526647567749,0.9395526647567749,0.9880205392837524,0.9928948879241943,1.0,0.9663639664649963
589_class-14,original,3,3,False,0.9130203127861023,0.9970256686210632,0.9970256686210632,0.9822532534599304,1.0016934871673584,0.9925997226189737,0.9846010208129883
590_class-12,original,5,5,False,0.9626033306121826,0.9993126392364502,0.9993126392364502,0.9908905029296875,1.0144402980804443,0.999183908597763,0.995324969291687
591_class-11,original,2,2,False,0.6422957181930542,0.6536182165145874,0.6536182165145874,0.9533588886260986,0.9913108348846436,0.9326433055399113,0.9123328328132629
592_class-14,original,4,4,False,0.42087072134017944,0.7039396166801453,0.9329450130462646,0.9504454135894775,1.0034292936325073,0.9815161962691556,0.9773267507553101
593_class-11,original,2,2,False,0.7649886012077332,0.6976507902145386,0.7649886012077332,0.9955065250396729,0.9877327680587769,0.36866974833076527,0.9905582666397095
594_class-13,original,4,4,False,0.40980732440948486,0.5916701555252075,0.5916701555252075,0.9851361513137817,0.9582692384719849,0.5974989678624976,0.8980242013931274
595_class-14,original,0,0,False,0.9280385375022888,0.9280385375022888,0.9280385375022888,0.9906604886054993,0.9586389064788818,1.0,0.9167157411575317
596_class-11,original,5,5,False,0.26808425784111023,0.26916781067848206,0.27150121331214905,0.9809436798095703,1.0122159719467163,0.996051237599923,0.9837233424186707
597_class-14,original,2,2,False,0.9640707969665527,0.9998323917388916,0.9998323917388916,0.9787629842758179,1.0139299631118774,0.997003763866878,0.9947634339332581
598_class-10,original,0,0,False,0.4602802097797394,0.4602802097797394,0.5745260715484619,0.9998072385787964,1.016830325126648,1.0,0.9979389309883118
599_class-14,original,5,5,False,0.34993332624435425,0.7163958549499512,0.7163958549499512,0.9399060010910034,0.9526944160461426,0.31536606800820244,0.806875467300415
600_class-12,original,3,3,False,0.9132635593414307,0.96004319190979,0.96004319190979,0.9838868379592896,0.9881738424301147,0.9972923406979359,0.9585511684417725
601_class-13,original,1,1,False,0.9045556783676147,0.998259425163269,0.998259425163269,0.9828790426254272,1.001180648803711,0.9980300725631499,0.9847673177719116
602_class-14,original,0,0,False,0.33908987045288086,0.33908987045288086,0.33908987045288086,0.9773515462875366,0.9305776357650757,1.0,0.7942713499069214
603_class-10,original,5,5,False,0.7152945399284363,0.5970537662506104,0.7152945399284363,0.9974187612533569,0.9753737449645996,0.799836862077526,0.923018217086792
604_class-14,original,2,2,False,0.2718307375907898,0.356129914522171,0.8284776210784912,0.9971894025802612,0.9622130990028381,0.22850611455971453,0.9642937779426575
605_class-14,original,4,4,False,0.3675532639026642,0.374957799911499,0.6846785545349121,0.9758152961730957,0.9974474906921387,0.9610140135411747,0.9843420386314392
606_class-11,original,3,3,False,0.9461376667022705,0.9789198040962219,0.9789198040962219,0.8853205442428589,0.9950757622718811,0.9979942909964014,0.9250602722167969
607_class-13,original,0,0,False,0.945152759552002,0.945152759552002,0.945152759552002,0.9943543672561646,0.9917529821395874,1.0,0.9739536643028259
608_class-14,original,0,0,False,0.5195168256759644,0.5195168256759644,0.5195168256759644,0.9608184099197388,0.9900251626968384,1.0,0.9687458872795105
609_class-12,original,2,2,False,0.9203838109970093,0.9857791662216187,0.9857791662216187,0.9754945635795593,1.0009151697158813,0.9993092263334935,0.9830909967422485
610_class-11,original,0,0,False,0.7499074935913086,0.7499074935913086,0.7499074935913086,0.9965884685516357,0.995040774345398,1.0,0.9769363403320312
611_class-11,original,5,5,False,0.9025254845619202,0.40157973766326904,0.9025254845619202,0.9946615099906921,0.92410808801651,0.029455453367466262,0.9819937348365784
612_class-14,original,0,0,False,0.27541637420654297,0.27541637420654297,0.3717683255672455,0.9558565616607666,0.9578776359558105,1.0,0.9410223364830017
613_class-13,original,3,3,False,0.6138189435005188,0.6911464929580688,0.8096153736114502,0.9779719114303589,0.9857888221740723,0.5053405866512444,0.9546698331832886
614_class-14,original,0,0,False,0.4940648376941681,0.4940648376941681,0.5285111665725708,0.9756326675415039,0.9817852973937988,1.0,0.9404191970825195
615_class-14,original,5,5,False,0.28375276923179626,0.2968284785747528,0.2968284785747528,0.9834046959877014,1.0064750909805298,0.9978864734299517,0.9917500019073486
616_class-13,original,0,0,False,0.9169642329216003,0.9169642329216003,0.9169642329216003,0.9935223460197449,1.0019102096557617,1.0,0.9834334254264832
617_class-13,original,5,5,False,0.9619108438491821,0.9790515899658203,0.9790515899658203,0.9881423711776733,0.997245192527771,0.9962586227054835,0.9789600372314453
618_class-13,original,4,4,False,0.8988405466079712,0.9783907532691956,0.9783907532691956,0.9977564215660095,0.9940638542175293,0.9974116050561657,0.9812756776809692
619_class-11,original,1,1,False,0.22559107840061188,0.2352944314479828,0.40126872062683105,0.9898415207862854,1.008766770362854,0.5795983609676887,0.9929739832878113
620_class-14,original,5,5,False,0.9217091202735901,0.950685977935791,0.950685977935791,0.9500870108604431,1.0026671886444092,0.9875627004358194,0.9687339067459106
621_class-14,original,0,0,False,0.7002377510070801,0.7002377510070801,0.9414441585540771,0.9871028065681458,0.9819883108139038,1.0,0.9549533128738403
622_class-10,original,1,1,False,0.35943710803985596,0.3481675088405609,0.3595595955848694,0.9932688474655151,1.0003478527069092,0.04900972745596354,0.9934974312782288
623_class-14,original,5,5,False,0.5970211029052734,0.6336013078689575,0.6336013078689575,0.9879047870635986,1.0096796751022339,0.9994987468671679,0.9936899542808533
624_class-11,original,0,0,False,0.9518096446990967,0.9518096446990967,0.9518096446990967,0.9901989698410034,1.001784086227417,1.0,0.9834909439086914
625_class-14,original,0,0,False,0.7384223937988281,0.7384223937988281,0.7384223937988281,0.9824773669242859,0.9693628549575806,1.0,0.9403570890426636
626_class-14,original,2,2,False,0.6335628032684326,0.5307174921035767,0.6335628032684326,0.9950394034385681,0.9861392974853516,0.6700233457611764,0.9869514107704163
627_class-11,original,3,3,False,0.9275490045547485,0.9969805479049683,0.9969805479049683,0.9979508519172668,1.0003725290298462,0.9546620754844373,0.9846025109291077
628_class-14,original,5,5,False,0.297479510307312,0.9893651008605957,0.9893651008605957,0.9920073747634888,0.9771689176559448,0.008232445520581114,0.9844404458999634
629_class-11,original,2,2,False,0.9350978136062622,0.9952720403671265,0.9952720403671265,0.9820032119750977,1.00138521194458,0.9979911751045053,0.9721510410308838
630_class-11,original,0,0,False,0.9908413290977478,0.9908413290977478,0.9908413290977478,0.9570234417915344,1.001685380935669,1.0,0.9667854309082031
631_class-14,original,0,0,False,0.597590982913971,0.597590982913971,0.7176101207733154,0.9786956310272217,0.9836403131484985,1.0,0.9733098745346069
632_class-14,original,5,5,False,0.2457433044910431,0.5433648824691772,0.5433648824691772,0.9975786209106445,0.9546914100646973,0.8839168405595487,0.9783833026885986
633_class-14,original,1,1,False,0.25007542967796326,0.2599945664405823,0.2599945664405823,0.9463839530944824,1.0048478841781616,0.9781504640108647,0.9766482710838318
634_class-10,original,5,5,False,0.33002030849456787,0.5547854900360107,0.5547854900360107,0.9939059019088745,0.9842760562896729,0.6317287912449601,0.9539612531661987
635_class-14,original,0,0,False,0.36829787492752075,0.36829787492752075,0.37690669298171997,0.9851055145263672,1.0006732940673828,1.0,0.9860096573829651
636_class-10,original,4,4,False,0.5520080327987671,0.5343074798583984,0.5520080327987671,0.9945859313011169,0.9801093339920044,0.5316945753066841,0.9713184237480164
637_class-12,original,4,4,False,0.2808651626110077,0.29723167419433594,0.44896408915519714,0.963392436504364,0.981802225112915,0.2263000469673124,0.9168822169303894
638_class-14,original,0,0,False,0.35608378052711487,0.35608378052711487,0.35608378052711487,0.9870999455451965,0.9679960012435913,1.0,0.9668559432029724
639_class-14,original,2,2,False,0.4131302833557129,0.45841023325920105,0.4991414546966553,0.9882688522338867,0.9975563287734985,0.11790062636357239,0.9756473898887634
640_class-13,original,3,3,False,0.7943038940429688,0.6024475693702698,0.8434597253799438,0.9952175617218018,0.9753807783126831,0.7896490938136947,0.9566295742988586
641_class-14,original,0,0,False,0.6775217056274414,0.6775217056274414,0.9098326563835144,0.9981979131698608,0.9905405044555664,1.0,0.9811329245567322
642_class-14,original,4,4,False,0.43746453523635864,0.5996636152267456,0.5996636152267456,0.9757899045944214,0.9714803695678711,0.43131238792200927,0.9096623063087463
643_class-13,original,0,0,False,0.8917431831359863,0.8917431831359863,0.8917431831359863,0.991509735584259,0.9951819181442261,1.0,0.9733322262763977
644_class-12,original,5,5,False,0.9349753856658936,0.9929272532463074,0.9929272532463074,0.9820557832717896,1.0007119178771973,0.9972747607879077,0.9818265438079834
645_class-11,original,0,0,False,0.9943705797195435,0.9943705797195435,0.9943705797195435,0.9976805448532104,1.0042775869369507,1.0,0.9890213012695312
646_class-14,original,2,2,False,0.92003333568573,0.7546027302742004,0.92003333568573,0.9889325499534607,0.9767583608627319,3.927729772191673e-05,0.9802253842353821
647_class-14,original,4,4,False,0.6220704317092896,0.9466871023178101,0.9466871023178101,0.994760274887085,0.9799621105194092,0.35627950407221043,0.9831956624984741
648_class-10,original,3,3,False,0.7580006122589111,0.7684649229049683,0.8981496095657349,0.9873546361923218,0.9871858358383179,0.993601462522852,0.9797378182411194
649_class-13,original,2,2,False,0.7697188854217529,0.4645484685897827,0.9304487705230713,0.9843707084655762,0.9820259809494019,0.4221448246636296,0.918790876865387
650_class-14,original,5,5,False,0.5625094771385193,0.4281633794307709,0.9325897693634033,0.9605724811553955,0.9912602305412292,0.07779656921961826,0.991113007068634
651_class-14,original,5,5,False,0.5805158019065857,0.8788162469863892,0.8788162469863892,0.9872663617134094,0.9985857009887695,0.5052778774641439,0.983139157295227
652_class-14,original,3,3,False,0.17528410255908966,0.3063901960849762,0.3063901960849762,0.988070547580719,1.0046606063842773,0.2687548500881834,0.9820630550384521
653_class-10,original,4,4,False,0.3945138156414032,0.41917115449905396,0.44818779826164246,0.9931260943412781,1.0046888589859009,0.9991178740765244,0.993057906627655
654_class-14,original,1,1,False,0.937033474445343,0.998656690120697,0.998656690120697,0.9872592687606812,1.005244255065918,0.9987209738240678,0.9927449226379395
655_class-14,original,0,0,False,0.5115503072738647,0.5115503072738647,0.9348540306091309,0.966155469417572,0.9959481954574585,1.0,0.954666793346405
656_class-10,original,0,0,False,0.7054668664932251,0.7054668664932251,0.7054668664932251,0.9823125004768372,0.9949536323547363,1.0,0.9733104109764099
657_class-14,original,1,1,False,0.5765860080718994,0.4343929886817932,0.6550937294960022,0.9886958003044128,0.9910416603088379,0.35213598496535864,0.9858497381210327
658_class-11,original,3,3,False,0.18031953275203705,0.18283279240131378,0.18283279240131378,0.9922401905059814,1.0083019733428955,0.9995058556110096,0.9891263246536255
659_class-14,original,3,3,False,0.6560277342796326,0.7457760572433472,0.7457760572433472,0.9884620904922485,0.9860942363739014,0.6691744407663758,0.9733346104621887
660_class-14,original,2,2,False,0.4962703585624695,0.5275323390960693,0.5275323390960693,0.9746385216712952,0.9787037372589111,0.9783347819418171,0.965786337852478
661_class-14,original,5,5,False,0.9503147602081299,0.9997354745864868,0.9997354745864868,0.9839617609977722,1.0128217935562134,0.9988359598853869,0.9944748282432556
662_class-14,original,2,2,False,0.34314900636672974,0.5845978260040283,0.5845978260040283,0.98622065782547,0.9886878728866577,0.9002311318179337,0.9767269492149353
663_class-10,original,1,1,False,0.6975131034851074,0.8727073073387146,0.8727073073387146,0.8475440144538879,0.9856266975402832,0.8098542997655926,0.9500312805175781
664_class-11,original,3,3,False,0.19072331488132477,0.2247772365808487,0.2247772365808487,0.9731737375259399,0.9974223375320435,0.9971871446525824,0.974473237991333
665_class-14,original,5,5,False,0.7792824506759644,0.926527738571167,0.926527738571167,0.9365733861923218,0.9977602958679199,0.9782232598763774,0.9700410962104797
666_class-14,original,3,3,False,0.3737892806529999,0.40437886118888855,0.40437886118888855,0.9916671514511108,0.9997552633285522,0.9968431916142219,0.9828823804855347
667_class-14,original,4,4,False,0.8505862951278687,0.995832085609436,0.995832085609436,0.9827365875244141,0.9988077878952026,0.9982108325953771,0.9829022884368896
668_class-14,original,1,1,False,0.5097049474716187,0.4881977438926697,0.5097049474716187,0.9384785890579224,0.9873669743537903,0.5270236226575974,0.9304708242416382
669_class-14,original,3,3,False,0.9386070966720581,0.5393348932266235,0.9391619563102722,0.9855207204818726,1.0095348358154297,0.9973846018433528,0.9948285818099976
670_class-14,original,1,1,False,0.569736123085022,0.7539752721786499,0.7539752721786499,0.9372332692146301,0.9415310621261597,0.3612891737891738,0.9416763186454773
671_class-14,original,2,2,False,0.523280143737793,0.5607661008834839,0.6707818508148193,0.9989665746688843,1.0099341869354248,0.5795160107553166,0.9964880347251892
672_class-11,original,1,1,False,0.9318225979804993,0.9890113472938538,0.9890113472938538,0.9782742261886597,1.0040550231933594,0.9965538811487062,0.9776349663734436
673_class-10,original,5,5,False,0.3311092257499695,0.6784282922744751,0.6784282922744751,0.9910338521003723,0.9501233100891113,0.07340402969247084,0.9871230125427246
674_class-14,original,1,1,False,0.9081035852432251,0.6430355310440063,0.9092198014259338,0.9928408861160278,0.9848266839981079,0.4451274281694714,0.9434971213340759
675_class-11,original,1,1,False,0.16783016920089722,0.20478489995002747,0.21599458158016205,0.8984901905059814,0.9930546283721924,0.9501986241643252,0.9451932311058044
676_class-14,original,2,2,False,0.28158485889434814,0.3340643048286438,0.3340643048286438,0.9901558756828308,1.000238060951233,0.5291043085875569,0.9748877286911011
677_class-12,original,4,4,False,0.9092581868171692,0.999646008014679,0.999646008014679,0.9942651987075806,1.0059702396392822,0.9993139721015322,0.9887814521789551
678_class-11,original,4,4,False,0.7191934585571289,0.7705594897270203,0.7705594897270203,0.9943156242370605,0.9742263555526733,0.6435727644947682,0.9351873993873596
679_class-14,original,4,4,False,0.40952354669570923,0.42319807410240173,0.6877298355102539,0.9737640619277954,1.0020524263381958,0.9958044785927311,0.9967076778411865
680_class-10,original,0,0,False,0.4431145191192627,0.4431145191192627,0.4431145191192627,0.9922719597816467,1.0075823068618774,1.0,0.9969198703765869
681_class-11,original,2,2,False,0.42445141077041626,0.4415798485279083,0.4415798485279083,0.9812823534011841,1.0084291696548462,0.47765498217772123,0.9969723224639893
682_class-11,original,4,4,False,0.9395465850830078,0.999197244644165,0.999197244644165,0.9613478779792786,0.9744906425476074,0.6584433373995652,0.9595574140548706
683_class-11,original,5,5,False,0.9599957466125488,0.9999492168426514,0.9999492168426514,0.9919843673706055,1.0144017934799194,0.999640090984999,0.9954820275306702
684_class-14,original,4,4,False,0.8151174783706665,0.9595170021057129,0.9595170021057129,0.9736073017120361,0.9941511154174805,0.9581636536631779,0.9696327447891235
685_class-14,original,5,5,False,0.6641182899475098,0.9595170021057129,0.9595170021057129,0.9711020588874817,0.9799866676330566,0.952521799254792,0.9564042091369629
686_class-11,original,3,3,False,0.9491299986839294,0.983874499797821,0.983874499797821,0.9845061302185059,1.0096508264541626,0.9987540518638574,0.9882193207740784
687_class-10,original,4,4,False,0.6530013680458069,0.6911520957946777,0.6911520957946777,0.983697772026062,0.9815247058868408,0.9230514253243678,0.9418415427207947
688_class-14,original,0,0,False,0.9955390691757202,0.9955390691757202,0.9955390691757202,0.9732763171195984,1.010218858718872,1.0,0.9893820881843567
689_class-11,original,0,0,False,0.9953923225402832,0.9953923225402832,0.9953923225402832,0.9952426552772522,1.01095712184906,1.0,0.9931542873382568
690_class-11,original,3,3,False,0.6108406782150269,0.688866138458252,0.688866138458252,0.9589329361915588,0.9905072450637817,0.941199123170804,0.9536254405975342
691_class-14,original,0,0,False,0.6481283903121948,0.6481283903121948,0.6481283903121948,0.9890540838241577,0.9873864650726318,1.0,0.9691749215126038
692_class-11,original,4,4,False,0.9491097927093506,0.9856220483779907,0.9856220483779907,0.9158737063407898,1.0100784301757812,0.9997293171212335,0.9849636554718018
693_class-14,original,1,1,False,0.5746811032295227,0.50264573097229,0.8377207517623901,0.9909281134605408,0.9757754802703857,0.04571032143683034,0.9757882952690125
694_class-11,original,3,3,False,0.8670446872711182,0.9939631819725037,0.9939631819725037,0.9761048555374146,1.0047295093536377,0.9934656618890476,0.9913228750228882
695_class-10,original,0,0,False,0.6269160509109497,0.6269160509109497,0.6269160509109497,0.9799402952194214,1.0136369466781616,1.0,0.9965776801109314
696_class-14,original,5,5,False,0.5871296525001526,0.627468466758728,0.627468466758728,0.9832099676132202,1.0067951679229736,0.9941817329844976,0.9954309463500977
697_class-14,original,3,3,False,0.17656883597373962,0.18571732938289642,0.18571732938289642,0.8597790002822876,0.9978855848312378,0.7827110359488731,0.9658750891685486
698_class-11,original,0,0,False,0.7987305521965027,0.7987305521965027,0.7987305521965027,0.9198143482208252,1.012651801109314,1.0,0.989324152469635
699_class-11,original,5,5,False,0.8118636608123779,0.8946380019187927,0.8946380019187927,0.9939192533493042,1.0091526508331299,0.9980466272609655,0.9941573143005371
700_class-14,original,4,4,False,0.9768832921981812,0.9995385408401489,0.9995385408401489,0.987900972366333,1.019052267074585,0.9998848769416737,0.9966737627983093
701_class-14,original,3,3,False,0.4586583077907562,0.48680567741394043,0.48680567741394043,0.9958246350288391,1.0013052225112915,0.9957684013508565,0.985821008682251
702_class-13,original,5,5,False,0.48840105533599854,0.6418209671974182,0.8211729526519775,0.9864429235458374,0.990878701210022,0.2791037848633595,0.9432351589202881
703_class-14,original,0,0,False,0.47065457701683044,0.47065457701683044,0.8377973437309265,0.988895058631897,0.9860363006591797,1.0,0.9248960018157959
704_class-14,original,4,4,False,0.9388078451156616,0.9985358715057373,0.9985358715057373,0.958243191242218,1.0131909847259521,0.9987264740257124,0.9905344843864441
705_class-10,original,0,0,False,0.9638032913208008,0.9638032913208008,0.9638032913208008,0.9830349683761597,0.9902194738388062,1.0,0.9853655695915222
706_class-14,original,3,3,False,0.48154598474502563,0.49191734194755554,0.8265493512153625,0.9936618208885193,0.9552441835403442,0.02478384209006438,0.9333662986755371
707_class-11,original,3,3,False,0.9415489435195923,0.9862246513366699,0.9862246513366699,0.9974524974822998,1.0003842115402222,0.9729225243957187,0.9877589344978333
708_class-14,original,5,5,False,0.3950212001800537,0.8598651885986328,0.8598651885986328,0.9852863550186157,0.9910323619842529,0.40542999289267945,0.9770552515983582
709_class-14,original,2,2,False,0.5144435167312622,0.2920580506324768,0.5144435167312622,0.9746509194374084,0.9210467338562012,0.2614268553750344,0.7396349310874939
710_class-14,original,2,2,False,0.8148225545883179,0.39901936054229736,0.8148225545883179,0.9956165552139282,0.9068983793258667,0.035906925469506676,0.8762114644050598
711_class-14,original,5,5,False,0.5718019008636475,0.6646391749382019,0.7678687572479248,0.9941936731338501,0.9827080965042114,0.9370250946305902,0.9715401530265808
712_class-14,original,5,5,False,0.5630525350570679,0.6106308698654175,0.6106308698654175,0.9928553104400635,1.0165668725967407,0.9997401697557595,0.9936681985855103
713_class-11,original,1,1,False,0.9244714975357056,0.966966986656189,0.966966986656189,0.9323962926864624,1.0064630508422852,0.9988639801795939,0.9789424538612366
714_class-14,original,3,3,False,0.9320657253265381,0.7071806788444519,0.9338725805282593,0.9821404218673706,0.9882322549819946,0.5325676652477712,0.9820418357849121
715_class-14,original,1,1,False,0.65578293800354,0.7510112524032593,0.7510112524032593,0.9818316698074341,0.9987771511077881,0.8833673254096631,0.9702726602554321
716_class-14,original,4,4,False,0.423700213432312,0.44319742918014526,0.44319742918014526,0.9530119299888611,0.9942134618759155,0.92562958403857,0.9839449524879456
717_class-12,original,4,4,False,0.4110841751098633,0.07083291560411453,0.4110841751098633,0.9242403507232666,1.0008546113967896,0.3974854893774674,0.9741215109825134
718_class-14,original,5,5,False,0.9560469388961792,0.9912665486335754,0.9912665486335754,0.9928514957427979,1.008029818534851,0.9986864228667507,0.9897820949554443
719_class-13,original,2,2,False,0.8770118951797485,0.5958551168441772,0.8770118951797485,0.9959205985069275,0.9901823997497559,0.6253497481813095,0.9848569631576538
720_class-14,original,4,4,False,0.4737858772277832,0.41840219497680664,0.47385865449905396,0.9934141039848328,0.9993150234222412,0.9539554446479241,0.9781959652900696
721_class-12,original,1,1,False,0.43989861011505127,0.5618334412574768,0.7137827277183533,0.982520580291748,0.9629168510437012,0.6426556540969919,0.9602922201156616
722_class-14,original,5,5,False,0.31442564725875854,0.4373025894165039,0.4373025894165039,0.9858157634735107,0.9984908103942871,0.8071030392354962,0.9792261123657227
723_class-14,original,3,3,False,0.784758448600769,0.9957423210144043,0.9957423210144043,0.9487733840942383,1.0084147453308105,0.9992499927883922,0.9871668219566345
724_class-11,original,0,0,False,0.9967881441116333,0.9967881441116333,0.9967881441116333,0.9978575706481934,0.9974615573883057,1.0,0.9802185297012329
725_class-14,original,5,5,False,0.4543626308441162,0.4936766028404236,0.5299597978591919,0.9474162459373474,0.9742431640625,0.9716257993478169,0.9190998077392578
726_class-14,original,1,1,False,0.43278777599334717,0.4450007677078247,0.9197235107421875,0.9473371505737305,1.0057916641235352,0.9919206276475374,0.9794261455535889
727_class-12,original,3,3,False,0.9026116132736206,0.8997849822044373,0.9031774997711182,0.9928566217422485,0.992759108543396,0.9808704480483048,0.9630128741264343
728_class-14,original,0,0,False,0.9795858263969421,0.9795858263969421,0.9795858263969421,0.9846385717391968,1.0125792026519775,1.0,0.993124783039093
729_class-10,original,2,2,False,0.29016047716140747,0.29376286268234253,0.35423457622528076,0.9943671822547913,0.9974415302276611,0.42259842812977244,0.9930768609046936
730_class-14,original,4,4,False,0.3210379183292389,0.35195040702819824,0.41129642724990845,0.9982558488845825,1.0080674886703491,0.6747750238029423,0.9925572872161865
731_class-12,original,0,0,False,0.8846533298492432,0.8846533298492432,0.8846533298492432,0.9948258399963379,0.9881997108459473,1.0,0.9765154719352722
732_class-14,original,0,0,False,0.9921663403511047,0.9921663403511047,0.9921663403511047,0.9911599159240723,0.9971832036972046,1.0,0.9890850186347961
733_class-12,original,3,3,False,0.7653056979179382,0.5785017609596252,0.7672017812728882,0.9924050569534302,0.9867954254150391,0.9964644435516271,0.9710477590560913
734_class-14,original,3,3,False,0.3136308491230011,0.526786208152771,0.526786208152771,0.9814593195915222,0.9684228897094727,0.9387333854573886,0.9495733976364136
735_class-10,original,5,5,False,0.37927138805389404,0.3958699405193329,0.3958699405193329,0.9862610101699829,0.9922517538070679,0.9947589331319816,0.9839059710502625
736_class-10,original,4,4,False,0.9564464688301086,0.938086748123169,0.9564773440361023,0.9778743982315063,1.0151859521865845,0.9598111491650704,0.9977446794509888
737_class-14,original,4,4,False,0.9551805257797241,0.9797477722167969,0.9797477722167969,0.9931527972221375,1.0027244091033936,0.9972079418542812,0.9887673258781433
738_class-14,original,5,5,False,0.965175986289978,0.9971256852149963,0.9971256852149963,0.9057543277740479,1.0076388120651245,0.9981864740541255,0.9900785684585571
739_class-14,original,0,0,False,0.4240272045135498,0.4240272045135498,0.6296122670173645,0.9749716520309448,0.9632343053817749,1.0,0.8897813558578491
740_class-11,original,3,3,False,0.540241539478302,0.7425748705863953,0.7425748705863953,0.9992957711219788,0.9997318983078003,0.9984073897117376,0.9880378246307373
741_class-14,original,2,2,False,0.4187963604927063,0.5504279136657715,0.5504279136657715,0.9504163265228271,0.9799878597259521,0.39243232414293944,0.8944587111473083
742_class-14,original,2,2,False,0.6151502132415771,0.8029841184616089,0.8029841184616089,0.9955292344093323,0.9878531694412231,0.44141440884888067,0.9864768385887146
743_class-14,original,5,5,False,0.5187289118766785,0.90639328956604,0.90639328956604,0.9779859781265259,0.9637174606323242,0.43825818751442,0.901113748550415
744_class-14,original,4,4,False,0.9225851893424988,0.9691249132156372,0.9691249132156372,0.9803694486618042,1.0079878568649292,0.9967438176537886,0.9911232590675354
745_class-10,original,1,1,False,0.36356261372566223,0.38256388902664185,0.38256388902664185,0.9954492449760437,1.0080294609069824,0.9992529348986126,0.9957643747329712
746_class-14,original,0,0,False,0.73873370885849,0.73873370885849,0.73873370885849,0.9623557329177856,0.9524738788604736,1.0,0.8364222645759583
747_class-14,original,5,5,False,0.25941646099090576,0.4484825134277344,0.4484825134277344,0.9709041118621826,1.0045356750488281,0.7169416328960763,0.9936890006065369
748_class-14,original,4,4,False,0.7113714814186096,0.5898498296737671,0.9533778429031372,0.959208071231842,0.9904289245605469,0.7240138277217408,0.9767169952392578
749_class-12,original,3,3,False,0.6243647336959839,0.5894174575805664,0.8215209245681763,0.9839481115341187,0.976938009262085,0.5290049566052152,0.9434028267860413
750_class-14,original,3,3,False,0.5549359917640686,0.45547497272491455,0.5549359917640686,0.9760347008705139,0.9684191942214966,0.44389003303431973,0.9464203715324402
751_class-14,original,4,4,False,0.4813218116760254,0.3406897187232971,0.5823538303375244,0.9795079231262207,0.9854145050048828,0.4077558484141497,0.9768667817115784
752_class-14,original,4,4,False,0.6676575541496277,0.8902769684791565,0.8902769684791565,0.9937200546264648,1.0010721683502197,0.7700572303895497,0.9766082167625427
753_class-10,original,3,3,False,0.25397732853889465,0.2541951835155487,0.2541951835155487,0.8558062314987183,0.9987162351608276,0.8656954357050008,0.9781835675239563
754_class-14,original,3,3,False,0.8186283111572266,0.8467183709144592,0.8467183709144592,0.9595403671264648,0.991829514503479,0.9626796390508374,0.9723127484321594
755_class-14,original,3,3,False,0.9166870713233948,0.9050120115280151,0.9166870713233948,0.9890141487121582,0.9901163578033447,0.9905827964813904,0.9750263094902039
756_class-11,original,0,0,False,0.23654867708683014,0.23654867708683014,0.6303155422210693,0.9926600456237793,1.0126055479049683,1.0,0.9948757886886597
757_class-12,original,4,4,False,0.40015166997909546,0.2332380712032318,0.40015166997909546,0.9861339926719666,0.9422850608825684,0.8397862720920674,0.8907543420791626
758_class-12,original,1,1,False,0.8914338946342468,0.8779168128967285,0.9007717967033386,0.9848941564559937,0.9939606189727783,0.9066707939947377,0.9518044590950012
759_class-14,original,3,3,False,0.8148472309112549,0.6779651045799255,0.8353409171104431,0.9861863851547241,0.990148663520813,0.3670152800180377,0.9307844638824463
760_class-13,original,0,0,False,0.9877327084541321,0.9877327084541321,0.9877327084541321,0.994333028793335,0.9999094009399414,1.0,0.992937445640564
761_class-11,original,2,2,False,0.8545373678207397,0.4257535934448242,0.8545373678207397,0.989456295967102,1.0000921487808228,0.06409247970334579,0.9856892824172974
762_class-14,original,5,5,False,0.322146475315094,0.8380467891693115,0.8380467891693115,0.9973579049110413,0.9956685304641724,0.21472004760399427,0.9941739439964294
763_class-14,original,3,3,False,0.45727086067199707,0.9973469972610474,0.9973469972610474,0.9370505213737488,0.9885936975479126,0.27750079138968026,0.848205029964447
764_class-14,original,3,3,False,0.30095428228378296,0.0431906133890152,0.30095428228378296,0.8793064951896667,0.9587713479995728,0.4304202364536474,0.5904769897460938
765_class-14,original,1,1,False,0.2864825427532196,0.47086697816848755,0.47086697816848755,0.9854734539985657,0.9918702840805054,0.11509821858923285,0.9621484279632568
766_class-11,original,4,4,False,0.32815778255462646,0.3653026223182678,0.4105691611766815,0.9951421618461609,1.0018010139465332,0.748748094927063,0.9881384372711182
767_class-10,original,5,5,False,0.3752571642398834,0.38837501406669617,0.38837501406669617,0.9884511828422546,0.9989231824874878,0.11409579576608092,0.9871129393577576
768_class-14,original,3,3,False,0.8354347944259644,0.6037461161613464,0.8359494805335999,0.9982839226722717,1.0020085573196411,0.9941283660660053,0.9916828274726868
769_class-14,original,4,4,False,0.44395768642425537,0.35385122895240784,0.44395768642425537,0.9670354127883911,0.9891973733901978,0.1760266105815844,0.992641031742096
770_class-14,original,0,0,False,0.28215062618255615,0.28215062618255615,0.49428290128707886,0.9892312288284302,0.9757422208786011,1.0,0.985864520072937
771_class-13,original,2,2,False,0.9110018014907837,0.2430451512336731,0.9110018014907837,0.9709678888320923,0.8932305574417114,0.24234817365807781,0.8490509390830994
772_class-14,original,0,0,False,0.5486619472503662,0.5486619472503662,0.5486619472503662,0.9842343330383301,0.9853087663650513,1.0,0.9746685028076172
773_class-14,original,2,2,False,0.7575233578681946,0.9957339763641357,0.9957339763641357,0.9468945264816284,1.0100181102752686,0.9968770831521897,0.9934174418449402
774_class-11,original,0,0,False,0.5338704586029053,0.5338704586029053,0.8418243527412415,0.9962403774261475,0.9689905643463135,1.0,0.9428402781486511
775_class-10,original,1,1,False,0.5315636992454529,0.3862687349319458,0.5315636992454529,0.9943573474884033,0.9654616117477417,0.671400521344663,0.927736222743988
776_class-14,original,0,0,False,0.5231508016586304,0.5231508016586304,0.5644927024841309,0.9877386689186096,0.9899908304214478,1.0,0.9387855529785156
777_class-12,original,4,4,False,0.9097628593444824,0.9923977255821228,0.9923977255821228,0.9945117235183716,0.9962701797485352,0.9627021468856137,0.9858222603797913
778_class-14,original,2,2,False,0.4157763421535492,0.6674455404281616,0.7538920044898987,0.9949315786361694,0.9743670225143433,0.8281741205626564,0.9653104543685913
779_class-14,original,5,5,False,0.9090045690536499,0.9362563490867615,0.9362563490867615,0.9923603534698486,1.0024020671844482,0.9987459789542555,0.9848752021789551
780_class-14,original,2,2,False,0.8903605937957764,0.9933719038963318,0.9933719038963318,0.9959878921508789,1.0038281679153442,0.9984703898767621,0.9891372919082642
781_class-11,original,4,4,False,0.7196363210678101,0.9606083631515503,0.9606083631515503,0.9976037740707397,0.9849359393119812,0.5144286003919714,0.9902490377426147
782_class-14,original,0,0,False,0.5811789631843567,0.5811789631843567,0.7068537473678589,0.9927194714546204,0.9914766550064087,1.0,0.9601539969444275
783_class-14,original,4,4,False,0.9082655906677246,0.9868978261947632,0.9868978261947632,0.9827032089233398,1.0123579502105713,0.9991319256060245,0.9944037199020386
784_class-11,original,3,3,False,0.9162650108337402,0.9841729998588562,0.9841729998588562,0.982179582118988,1.0024287700653076,0.9851071445245024,0.9877089262008667
785_class-13,original,3,3,False,0.4218779504299164,0.4158872663974762,0.42441022396087646,0.9746499061584473,0.9826645851135254,0.8995717183860545,0.9238241314888
786_class-14,original,0,0,False,0.3832889497280121,0.3832889497280121,0.3832889497280121,0.9661350250244141,0.9408615827560425,1.0,0.8931322693824768
787_class-11,original,4,4,False,0.8025330305099487,0.9511061906814575,0.9511061906814575,0.9985411167144775,1.0055019855499268,0.9992072072072072,0.990648627281189
788_class-14,original,2,2,False,0.11807069182395935,0.5581799745559692,0.5581799745559692,0.9670988321304321,0.9993308782577515,0.2293680363247737,0.9294911026954651
789_class-14,original,3,3,False,0.9639245271682739,0.9975217580795288,0.9975217580795288,0.9662532806396484,1.0085561275482178,0.0,0.9901706576347351
790_class-14,original,4,4,False,0.429362952709198,0.7226263880729675,0.7226263880729675,0.9675755500793457,0.9672774076461792,0.8251375652146334,0.9221776723861694
791_class-10,original,2,2,False,0.6076371073722839,0.6602402329444885,0.6602402329444885,0.9551340937614441,0.9824333190917969,0.9851298453312965,0.9687163233757019
792_class-14,original,3,3,False,0.8552926778793335,0.7022412419319153,0.8552926778793335,0.9704723358154297,0.9922666549682617,0.9929324117613733,0.9868777394294739
793_class-11,original,5,5,False,0.8790218234062195,0.18698814511299133,0.8790218234062195,0.9919283390045166,0.8760147094726562,0.020244545944565803,0.7216410040855408
794_class-13,original,0,0,False,0.33739763498306274,0.33739763498306274,0.33739763498306274,0.9899526834487915,1.0053915977478027,1.0,0.9961991310119629
795_class-14,original,3,3,False,0.5510968565940857,0.47708573937416077,0.5510968565940857,0.9936822652816772,0.9816774129867554,0.11343947997420105,0.9749146103858948
796_class-11,original,1,1,False,0.2793603837490082,0.29403817653656006,0.29403817653656006,0.896060585975647,0.9881774187088013,0.9795564536963148,0.9418178796768188
797_class-14,original,4,4,False,0.7249021530151367,0.5127677917480469,0.7249021530151367,0.9768813848495483,0.9717565774917603,0.6790862320687817,0.9030088782310486
798_class-14,original,5,5,False,0.42530858516693115,0.09274128079414368,0.42530858516693115,0.9468882083892822,0.9968036413192749,0.059878381079630935,0.9942525625228882
799_class-11,original,4,4,False,0.809036135673523,0.8521764278411865,0.9107621908187866,0.9544753432273865,0.981404185295105,0.08744496679352287,0.9684348702430725
800_class-13,original,0,0,False,0.9631154537200928,0.9631154537200928,0.9631154537200928,0.9944025278091431,0.9997415542602539,1.0,0.9806627631187439
801_class-14,original,4,4,False,0.7420674562454224,0.48804134130477905,0.89307701587677,0.996376633644104,0.9727665185928345,0.582251347378736,0.9670002460479736
802_class-14,original,1,1,False,0.9464717507362366,0.9775393009185791,0.9775393009185791,0.9980634450912476,0.9863977432250977,0.9955611921369689,0.9897587299346924
803_class-13,original,0,0,False,0.9574952125549316,0.9574952125549316,0.9574952125549316,0.9958600401878357,0.9854257106781006,1.0,0.9467258453369141
804_class-14,original,4,4,False,0.28102564811706543,0.4163629710674286,0.4163629710674286,0.9801831245422363,0.9934036731719971,0.6266385767790262,0.9250667095184326
805_class-14,original,2,2,False,0.8210285902023315,0.7025833129882812,0.8210285902023315,0.9916903972625732,1.007035255432129,0.9911041513960152,0.9950645565986633
806_class-10,original,4,4,False,0.3853507936000824,0.6515662670135498,0.6515662670135498,0.9845804572105408,0.9600436687469482,0.4507320153111558,0.9058490991592407
807_class-12,original,4,4,False,0.6232438683509827,0.6558064222335815,0.7506145238876343,0.9934238195419312,0.9986809492111206,0.43844761713251557,0.9775017499923706
808_class-14,original,3,3,False,0.4104439318180084,0.39142051339149475,0.4104439318180084,0.9934452176094055,0.9997506141662598,0.5469066682720286,0.9884696006774902
809_class-11,original,5,5,False,0.3234280049800873,0.3288068175315857,0.557128369808197,0.9914432764053345,1.0065542459487915,0.9893139256235023,0.9953033924102783
810_class-10,original,4,4,False,0.3121660053730011,0.3391411304473877,0.3391411304473877,0.9952829480171204,1.0107098817825317,0.9990966753726214,0.9911284446716309
811_class-14,original,4,4,False,0.9313646554946899,0.9930444359779358,0.9930444359779358,0.994340181350708,1.0111372470855713,0.9942849340719357,0.9944691061973572
812_class-12,original,3,3,False,0.43597257137298584,0.4053407609462738,0.4924391210079193,0.992141604423523,0.9871917963027954,0.3237315065101211,0.978507936000824
813_class-14,original,2,2,False,0.731057345867157,0.7585314512252808,0.9219658374786377,0.9898401498794556,0.99769127368927,0.9982476282554837,0.9897228479385376
814_class-12,original,5,5,False,0.24525271356105804,0.9158861041069031,0.9158861041069031,0.9877094030380249,1.0023494958877563,0.47369269196680364,0.9849061965942383
815_class-14,original,4,4,False,0.20575857162475586,0.24591156840324402,0.46670669317245483,0.9791385531425476,1.0043827295303345,0.5118367611126393,0.9809345006942749
816_class-12,original,2,2,False,0.4500976502895355,0.2644522488117218,0.7490317821502686,0.9940168261528015,0.9986572265625,0.07615294011053729,0.9948061108589172
817_class-14,original,5,5,False,0.4533868134021759,0.3933304250240326,0.5576701760292053,0.9874613881111145,0.915025532245636,0.32129508503083537,0.9913876056671143
818_class-11,original,5,5,False,0.7886483073234558,0.815307080745697,0.815307080745697,0.9574652314186096,1.0046347379684448,0.998413467361027,0.9879707098007202
819_class-13,original,1,1,False,0.6405085325241089,0.7386778593063354,0.821698009967804,0.9875353574752808,0.9861010313034058,0.9273080797432474,0.9736387729644775
820_class-14,original,0,0,False,0.24581439793109894,0.24581439793109894,0.24581439793109894,0.9293878078460693,0.9879372119903564,1.0,0.9746094942092896
821_class-14,original,2,2,False,0.6990970969200134,0.7686980962753296,0.8132129907608032,0.9951283931732178,0.9430578351020813,0.02430720506730008,0.9808962345123291
822_class-14,original,5,5,False,0.3483787775039673,0.6686297655105591,0.9475919604301453,0.9858908653259277,0.9592783451080322,0.1957986564753567,0.7671817541122437
823_class-12,original,5,5,False,0.906826376914978,0.9948919415473938,0.9948919415473938,0.973309338092804,1.0014519691467285,0.9987381005091875,0.9860163927078247
824_class-14,original,2,2,False,0.3728211522102356,0.39661622047424316,0.39661622047424316,0.938541054725647,1.0006059408187866,0.9966321760131168,0.9859830141067505
825_class-13,original,5,5,False,0.8826255798339844,0.8764925003051758,0.8826255798339844,0.8522824048995972,0.9639298915863037,0.7966695748969584,0.9080868363380432
826_class-14,original,4,4,False,0.38870078325271606,0.43185147643089294,0.5186953544616699,0.9905123114585876,0.9878790378570557,0.9979439643155841,0.9761490821838379
827_class-14,original,5,5,False,0.44115138053894043,0.4879094958305359,0.4879094958305359,0.9952608942985535,0.9365688562393188,0.6801305589555283,0.9397925138473511
828_class-14,original,0,0,False,0.4484799802303314,0.4484799802303314,0.4484799802303314,0.9976012706756592,1.0065879821777344,1.0,0.9951949715614319
829_class-13,original,1,1,False,0.858741044998169,0.9338214993476868,0.9338214993476868,0.8171330690383911,0.9901435375213623,0.9916369420611202,0.9741928577423096
830_class-14,original,5,5,False,0.6119629144668579,0.6873286366462708,0.7950645089149475,0.936087429523468,0.9882218837738037,0.3423503620540756,0.9389314651489258
831_class-11,original,5,5,False,0.9525060653686523,0.9860602021217346,0.9860602021217346,0.9810017347335815,0.9969334602355957,0.9907809157972849,0.9715440273284912
832_class-13,original,5,5,False,0.7134310007095337,0.800092875957489,0.800092875957489,0.861051082611084,0.9657518863677979,0.014476288206406215,0.9254310727119446
833_class-10,original,3,3,False,0.24290062487125397,0.35956424474716187,0.35956424474716187,0.9645158052444458,0.9894379377365112,0.73305033526028,0.9637498259544373
834_class-10,original,4,4,False,0.308208167552948,0.33501917123794556,0.33501917123794556,0.9931182861328125,1.002137303352356,0.9992158745399264,0.9918111562728882
835_class-14,original,3,3,False,0.9686942100524902,0.9952115416526794,0.9952115416526794,0.9690489172935486,1.0051569938659668,0.9994986212083229,0.9894582033157349
836_class-14,original,2,2,False,0.437793493270874,0.4480792284011841,0.4480792284011841,0.9363635182380676,0.9953362941741943,0.498542600896861,0.9854124784469604
837_class-14,original,3,3,False,0.8825415372848511,0.8783838748931885,0.8860780000686646,0.9310505390167236,0.9859508275985718,0.9875331406952843,0.9686039090156555
838_class-10,original,4,4,False,0.3621114194393158,0.3760007321834564,0.49525874853134155,0.9948773980140686,0.9698220491409302,0.041465849137316414,0.9571890830993652
839_class-14,original,0,0,False,0.9657680988311768,0.9657680988311768,0.9657680988311768,0.9861100912094116,1.0083391666412354,1.0,0.9812085032463074
840_class-11,original,5,5,False,0.4915027320384979,0.8067641854286194,0.8067641854286194,0.9984180927276611,0.9934899806976318,0.3730760009590026,0.9862510561943054
841_class-14,original,5,5,False,0.41609570384025574,0.4357246458530426,0.569862425327301,0.9740573167800903,0.9887875318527222,0.935007177278786,0.9539417028427124
842_class-10,original,4,4,False,0.2714766561985016,0.23319262266159058,0.2714766561985016,0.9682594537734985,0.9916952848434448,0.9726207980530345,0.9766845703125
843_class-12,original,4,4,False,0.2890775203704834,0.7306579351425171,0.7681931257247925,0.9880791902542114,0.9963974952697754,0.09867466382896392,0.986393392086029
844_class-14,original,0,0,False,0.9635247588157654,0.9635247588157654,0.9635247588157654,0.9931443333625793,0.999646782875061,1.0,0.992151141166687
845_class-14,original,4,4,False,0.9465492963790894,0.6482857465744019,0.9465492963790894,0.9981769323348999,0.9709601402282715,0.8143819082708678,0.982722282409668
846_class-11,original,5,5,False,0.9375176429748535,0.4708791673183441,0.9375176429748535,0.9941520690917969,0.9952781200408936,0.9849675696299123,0.9908275008201599
847_class-14,original,0,0,False,0.9998849630355835,0.9998849630355835,0.9998849630355835,0.9797590970993042,1.0127224922180176,1.0,0.9969879984855652
848_class-14,original,0,0,False,0.5066264867782593,0.5066264867782593,0.5066264867782593,0.9729903340339661,1.0093789100646973,1.0,0.992729663848877
849_class-13,original,5,5,False,0.5123732089996338,0.8842777013778687,0.8842777013778687,0.9983763694763184,0.9846819639205933,0.3986365147988028,0.967038631439209
850_class-14,original,5,5,False,0.5683960914611816,0.620840311050415,0.6719774603843689,0.9626239538192749,0.9786300659179688,0.9225502935797478,0.8900543451309204
851_class-14,original,2,2,False,0.4657590389251709,0.8812686204910278,0.8812686204910278,0.9818664789199829,0.9987889528274536,0.9985225022901214,0.9692273736000061
852_class-14,original,2,2,False,0.3673580586910248,0.4014781713485718,0.4014781713485718,0.968204140663147,0.9880784749984741,0.40823805536873603,0.9625537991523743
853_class-14,original,4,4,False,0.41896873712539673,0.5200561881065369,0.5324900150299072,0.9834075570106506,0.9614521265029907,0.4219826295297993,0.9255377054214478
854_class-14,original,1,1,False,0.3366073966026306,0.39742934703826904,0.6441555023193359,0.9904371500015259,0.9936391115188599,0.9926489984700069,0.9794682264328003
855_class-12,original,4,4,False,0.8420842885971069,0.4596463143825531,0.8420842885971069,0.9976674914360046,0.9795304536819458,0.8841013154063997,0.9734491109848022
856_class-14,original,1,1,False,0.398488312959671,0.4213387370109558,0.4436633288860321,0.9918588995933533,0.9477489590644836,0.9858231437178806,0.9692230224609375
857_class-10,original,2,2,False,0.5291985869407654,0.6637134552001953,0.6637134552001953,0.9932308197021484,0.993626594543457,0.5351717824756129,0.9846269488334656
858_class-14,original,0,0,False,0.9581059217453003,0.9581059217453003,0.9581059217453003,0.9925309419631958,1.001767635345459,1.0,0.9497836828231812
859_class-12,original,3,3,False,0.914065957069397,0.9605917930603027,0.9605917930603027,0.9712581038475037,0.9828805923461914,0.9955332668266422,0.9104616045951843
860_class-14,original,5,5,False,0.18009206652641296,0.19067305326461792,0.19067305326461792,0.9712634086608887,0.9687117338180542,0.995688222638143,0.9348025321960449
861_class-14,original,1,1,False,0.9657334089279175,0.9501573443412781,0.9661293029785156,0.99483323097229,0.9981323480606079,0.9123918212077984,0.9904845356941223
862_class-14,original,0,0,False,0.39238056540489197,0.39238056540489197,0.5795063972473145,0.9620519876480103,0.9768027067184448,1.0,0.9522719979286194
863_class-13,original,1,1,False,0.9644613265991211,0.9816640615463257,0.9816640615463257,0.9975658059120178,1.001140832901001,0.9985999745449917,0.9894811511039734
864_class-14,original,3,3,False,0.5276540517807007,0.34642961621284485,0.5761421918869019,0.9850835800170898,0.9625308513641357,0.2803347280334728,0.8887960314750671
865_class-11,original,5,5,False,0.9512234330177307,0.9986587762832642,0.9986587762832642,0.9930781126022339,1.0067548751831055,0.7265118581661226,0.9889233708381653
866_class-14,original,5,5,False,0.6571944952011108,0.7000162601470947,0.7000162601470947,0.9938417077064514,1.0041775703430176,0.9729484690508805,0.9814577698707581
867_class-10,original,0,0,False,0.14697609841823578,0.14697609841823578,0.22840265929698944,0.9758522510528564,0.9951921701431274,1.0,0.9783480763435364
868_class-14,original,4,4,False,0.8895255327224731,0.9754428863525391,0.9754428863525391,0.9679347276687622,0.990702748298645,0.9951313012042347,0.9541285634040833
869_class-10,original,2,2,False,0.3334770202636719,0.34441250562667847,0.9501447677612305,0.986208975315094,0.9714446067810059,0.9625363583478767,0.9772751927375793
870_class-14,original,5,5,False,0.6707717180252075,0.9714263677597046,0.9714263677597046,0.96988844871521,0.9724955558776855,0.4747947862701961,0.9494231939315796
871_class-13,original,2,2,False,0.7481443285942078,0.7746180295944214,0.7746180295944214,0.7950006723403931,0.9861698150634766,0.9718658362333776,0.8306283950805664
872_class-12,original,3,3,False,0.6156343817710876,0.9186278581619263,0.9186278581619263,0.943581759929657,0.9851677417755127,0.2931831311380705,0.9823287725448608
873_class-14,original,5,5,False,0.856411337852478,0.9455263614654541,0.9455263614654541,0.9986451864242554,0.9823908805847168,0.18221340651577317,0.9900847673416138
874_class-14,original,4,4,False,0.561798095703125,0.6056444644927979,0.6095289587974548,0.9251626133918762,1.008963942527771,0.0,0.993739664554596
875_class-10,original,5,5,False,0.1731189787387848,0.36428916454315186,0.36428916454315186,0.9168587923049927,0.9825652837753296,0.27350581773505817,0.9781306385993958
876_class-14,original,4,4,False,0.323413223028183,0.29200321435928345,0.36339685320854187,0.9756735563278198,0.9732567071914673,0.6374132352534498,0.9472557902336121
877_class-14,original,0,0,False,0.3762669861316681,0.3762669861316681,0.3762669861316681,0.9723356366157532,1.0118188858032227,1.0,0.9945421814918518
878_class-14,original,3,3,False,0.6385695934295654,0.645453691482544,0.8637896776199341,0.9757574200630188,1.0039985179901123,0.4988743408969726,0.9876693487167358
879_class-14,original,5,5,False,0.3595796823501587,0.39361464977264404,0.39361464977264404,0.9768062829971313,0.9967442750930786,0.9698123527431841,0.9725865721702576
880_class-14,original,5,5,False,0.5432032942771912,0.6246740818023682,0.6246740818023682,0.9933779835700989,0.9966415166854858,0.7911509086120622,0.9837853312492371
881_class-14,original,0,0,False,0.9622515439987183,0.9622515439987183,0.9622515439987183,0.9801071286201477,0.9875448942184448,1.0,0.9816750288009644
882_class-14,original,2,2,False,0.5355975031852722,0.30417323112487793,0.664979100227356,0.9928784370422363,0.9953585863113403,0.28343931586448856,0.9769415855407715
883_class-11,original,3,3,False,0.9565179347991943,0.9956526756286621,0.9956526756286621,0.968305766582489,1.0095548629760742,0.9994772344013491,0.9934871792793274
884_class-12,original,3,3,False,0.7390745878219604,0.9139978885650635,0.9139978885650635,0.9629002809524536,0.972617506980896,0.952539242843952,0.9629729986190796
885_class-14,original,2,2,False,0.41912081837654114,0.4384235143661499,0.4384235143661499,0.9900335073471069,0.9854947328567505,0.4479841694234226,0.9735733866691589
886_class-11,original,1,1,False,0.969040036201477,0.9873214960098267,0.9873214960098267,0.972279965877533,1.009899616241455,0.9996899284897579,0.9944471120834351
887_class-14,original,5,5,False,0.6721190810203552,0.13149093091487885,0.7054675817489624,0.9958658814430237,0.9279419183731079,0.2904639333210762,0.8892783522605896
888_class-11,original,5,5,False,0.7530736327171326,0.7799451947212219,0.925267219543457,0.9958226680755615,1.0100250244140625,0.5747864560929147,0.9954944849014282
889_class-14,original,3,3,False,0.5649979114532471,0.5932201147079468,0.9328871965408325,0.9920799732208252,1.0081919431686401,0.9979845854004252,0.9883342385292053
890_class-12,original,4,4,False,0.9193555116653442,0.9622406363487244,0.9622406363487244,0.9889341592788696,0.9872241020202637,0.6722820689128276,0.9853772521018982
891_class-14,original,0,0,False,0.4516424238681793,0.4516424238681793,0.7697983384132385,0.9604912996292114,0.9877408742904663,1.0,0.9860119819641113
892_class-14,original,4,4,False,0.5468508005142212,0.6684863567352295,0.9289959669113159,0.9947948455810547,1.0102156400680542,0.2980500841334257,0.9968958497047424
893_class-12,original,2,2,False,0.8502946496009827,0.6323213577270508,0.8502946496009827,0.9990411996841431,0.9697586297988892,0.43770271339292777,0.9687778949737549
894_class-14,original,5,5,False,0.9281779527664185,0.9809237718582153,0.9809237718582153,0.894095778465271,1.0039359331130981,0.9888494678155094,0.9939153790473938
895_class-14,original,4,4,False,0.84654700756073,0.7814959287643433,0.8585299253463745,0.9755939245223999,0.9942677021026611,0.9875112681524179,0.9382210373878479
896_class-11,original,0,0,False,0.34959879517555237,0.34959879517555237,0.9381800889968872,0.9933156967163086,0.9395439624786377,1.0,0.9022648930549622
897_class-14,original,3,3,False,0.34060239791870117,0.2110099494457245,0.3406149446964264,0.9736716747283936,1.0054185390472412,0.9996291672332167,0.987406313419342
898_class-11,original,1,1,False,0.948363184928894,0.9936473369598389,0.9936473369598389,0.9816498756408691,1.0090699195861816,0.9977915569523486,0.9916300177574158
899_class-14,original,5,5,False,0.8276338577270508,0.9739255905151367,0.9739255905151367,0.9975650310516357,0.9649418592453003,0.7953836556456644,0.9199838042259216
900_class-11,original,0,0,False,0.9096350073814392,0.9096350073814392,0.9096350073814392,0.9969146251678467,0.9860249757766724,1.0,0.9743004441261292
901_class-13,original,0,0,False,0.948948860168457,0.948948860168457,0.948948860168457,0.9933750033378601,0.9926630258560181,1.0,0.9800537824630737
902_class-12,original,2,2,False,0.8875988125801086,0.962199330329895,0.962199330329895,0.9805050492286682,0.973360538482666,0.9635214007782101,0.9682528376579285
903_class-14,original,3,3,False,0.31665536761283875,0.4462320804595947,0.4462320804595947,0.9201328158378601,0.9713993072509766,0.21567534661190613,0.7460968494415283
904_class-14,original,0,0,False,0.959058403968811,0.959058403968811,0.959058403968811,0.9895846247673035,0.9859921932220459,1.0,0.9634914398193359
905_class-14,original,3,3,False,0.9462422132492065,0.9853646755218506,0.9853646755218506,0.9959627389907837,1.010638952255249,0.999051104785143,0.9931449294090271
906_class-11,original,1,1,False,0.38813087344169617,0.7717505097389221,0.7717505097389221,0.9762153029441833,0.9853768348693848,0.0,0.9756708741188049
907_class-12,original,2,2,False,0.40095269680023193,0.29705193638801575,0.40139803290367126,0.9653427600860596,0.9943201541900635,0.9922895695009638,0.9799293279647827
908_class-14,original,1,1,False,0.392214834690094,0.4067068099975586,0.5972260236740112,0.9907354712486267,0.9783167839050293,0.7014290619964604,0.9302448034286499
909_class-10,original,3,3,False,0.38096967339515686,0.48733285069465637,0.6560484170913696,0.9559314250946045,0.9778455495834351,0.2902388540263495,0.9904500842094421
910_class-14,original,0,0,False,0.7104828953742981,0.7104828953742981,0.7104828953742981,0.9745742082595825,1.0047255754470825,1.0,0.9815883636474609
911_class-10,original,1,1,False,0.38959237933158875,0.35673412680625916,0.456398069858551,0.9592218995094299,0.9690333604812622,0.6602198552311609,0.9470744132995605
912_class-11,original,1,1,False,0.9552705883979797,0.9818315505981445,0.9818315505981445,0.9919073581695557,1.0150495767593384,0.9995625125777634,0.9938299059867859
913_class-11,original,1,1,False,0.8726369738578796,0.9214158654212952,0.9214158654212952,0.99128657579422,0.9909558296203613,0.990874290172173,0.9802796244621277
914_class-14,original,4,4,False,0.3986099660396576,0.4083995819091797,0.4083995819091797,0.9539409279823303,0.9996277093887329,0.994341922005571,0.9890376329421997
915_class-14,original,2,2,False,0.5022508502006531,0.5829129219055176,0.5829129219055176,0.9960472583770752,0.9856865406036377,0.2682477472950792,0.9935381412506104
916_class-14,original,5,5,False,0.5806950330734253,0.883381187915802,0.911724865436554,0.9917164444923401,0.9994322061538696,0.4975521702267319,0.993614912033081
917_class-14,original,2,2,False,0.512792706489563,0.5347388982772827,0.5347388982772827,0.9689173698425293,1.000065565109253,0.8622707423580787,0.9859921336174011
918_class-13,original,0,0,False,0.9730900526046753,0.9730900526046753,0.9730900526046753,0.9912837147712708,0.9958714246749878,1.0,0.9743187427520752
919_class-14,original,5,5,False,0.5042856931686401,0.7814323902130127,0.7814323902130127,0.9808449745178223,0.9915809631347656,0.33073527657374635,0.9912800192832947
920_class-10,original,1,1,False,0.8369648456573486,0.853563666343689,0.853563666343689,0.9828304052352905,1.0043888092041016,0.9883628779979144,0.9845544099807739
921_class-14,original,0,0,False,0.39734557271003723,0.39734557271003723,0.41262367367744446,0.9300276041030884,0.9673902988433838,1.0,0.9384859800338745
922_class-13,original,3,3,False,0.9437713623046875,0.8504041433334351,0.9437713623046875,0.9928807616233826,0.9914319515228271,0.8467851580846909,0.9793010354042053
923_class-14,original,5,5,False,0.5808634757995605,0.6024698615074158,0.6024698615074158,0.9396159648895264,1.0032531023025513,0.9948886784227063,0.9784507751464844
924_class-12,original,4,4,False,0.9152102470397949,0.812239944934845,0.9152102470397949,0.9711336493492126,0.9773731231689453,0.9808395171115295,0.9785242080688477
925_class-13,original,5,5,False,0.8744211196899414,0.9796638488769531,0.9796638488769531,0.997360110282898,0.9823575019836426,0.9854692556634305,0.957827627658844
926_class-11,original,2,2,False,0.9474422931671143,0.9974997043609619,0.9974997043609619,0.9879242181777954,1.0037249326705933,0.9942863462105573,0.9920848608016968
927_class-14,original,0,0,False,0.9969909191131592,0.9969909191131592,0.9969909191131592,0.9900774955749512,1.0026272535324097,1.0,0.9913512468338013
928_class-14,original,1,1,False,0.7144298553466797,0.7401119470596313,0.7401119470596313,0.9586949944496155,1.0130923986434937,0.998985871343951,0.9932752251625061
929_class-14,original,0,0,False,0.9949604272842407,0.9949604272842407,0.9949604272842407,0.9808892011642456,0.986950159072876,1.0,0.9715158343315125
930_class-14,original,1,1,False,0.9563018083572388,0.975793182849884,0.975793182849884,0.9215487241744995,1.0120320320129395,0.9616693258491763,0.9939292669296265
931_class-14,original,4,4,False,0.6230736374855042,0.3569697141647339,0.6404869556427002,0.9717214107513428,1.0217986106872559,0.5292638439976932,0.9323963522911072
932_class-11,original,0,0,False,0.9399499893188477,0.9399499893188477,0.9399499893188477,0.9975841045379639,1.0091187953948975,1.0,0.9953277707099915
933_class-11,original,5,5,False,0.38340508937835693,0.713352382183075,0.7143795490264893,0.9976378679275513,1.0030180215835571,0.4290592418976804,0.9927082061767578
934_class-14,original,3,3,False,0.5859929919242859,0.6188781261444092,0.7864034175872803,0.993682861328125,0.9969549179077148,0.4112023697320587,0.987710177898407
935_class-14,original,1,1,False,0.9628572463989258,0.9982683658599854,0.9982683658599854,0.9692178964614868,1.0069854259490967,0.9976339269587834,0.9953669905662537
936_class-14,original,1,1,False,0.32172295451164246,0.32837408781051636,0.34271687269210815,0.9832143187522888,1.0046498775482178,0.9992062206382634,0.9899178743362427
937_class-14,original,2,2,False,0.9373754262924194,0.996262788772583,0.996262788772583,0.9814611673355103,0.9971650838851929,0.9927504962457927,0.9839077591896057
938_class-14,original,3,3,False,0.8961456418037415,0.4017718434333801,0.901859700679779,0.993810772895813,0.9875725507736206,0.004695018756677923,0.9843418598175049
939_class-10,original,5,5,False,0.6565674543380737,0.707126259803772,0.707126259803772,0.9788327813148499,0.9988059997558594,0.23396091728384047,0.9875103831291199
940_class-14,original,5,5,False,0.6952633857727051,0.748664379119873,0.748664379119873,0.9738186001777649,0.999779462814331,0.7224438730777946,0.9709463119506836
941_class-12,original,0,0,False,0.9464672803878784,0.9464672803878784,0.9464672803878784,0.9859157204627991,0.9752151966094971,1.0,0.9408491849899292
942_class-14,original,2,2,False,0.9235106706619263,0.9805659651756287,0.9805659651756287,0.999260663986206,0.9971332550048828,0.9938977553981394,0.9840389490127563
943_class-11,original,1,1,False,0.8706865310668945,0.9160957336425781,0.9317542314529419,0.998033881187439,0.994878351688385,0.9903127594796568,0.9738045930862427
944_class-14,original,3,3,False,0.3425185978412628,0.4116148352622986,0.5205304622650146,0.9926497936248779,0.9879835844039917,0.9967571213614902,0.9838905334472656
945_class-14,original,1,1,False,0.945040225982666,0.9840999841690063,0.9840999841690063,0.9848842620849609,0.9844437837600708,0.9835659447128946,0.9809406995773315
946_class-14,original,0,0,False,0.9986738562583923,0.9986738562583923,0.9986738562583923,0.9851846098899841,0.9959934949874878,1.0,0.9895721673965454
947_class-14,original,0,0,False,0.5106922388076782,0.5106922388076782,0.8605010509490967,0.9967206716537476,0.9882800579071045,1.0,0.9796952605247498
948_class-14,original,5,5,False,0.9002094268798828,0.995294451713562,0.995294451713562,0.9777934551239014,0.9905149936676025,0.9739965669624923,0.9783791303634644
949_class-14,original,4,4,False,0.46331438422203064,0.47255492210388184,0.623978316783905,0.9988701343536377,0.9641150236129761,0.484942210646264,0.9692923426628113
950_class-14,original,4,4,False,0.9251687526702881,0.9993472099304199,0.9993472099304199,0.9895133376121521,0.9947532415390015,0.9879962856431047,0.9796489477157593
951_class-10,original,2,2,False,0.12762649357318878,0.12590044736862183,0.13357120752334595,0.9961972832679749,1.0015079975128174,0.7897178198685736,0.9907994866371155
952_class-14,original,2,2,False,0.2789193391799927,0.2949404716491699,0.2949404716491699,0.9842116236686707,0.968881368637085,0.9746221922225973,0.886629045009613
953_class-12,original,2,2,False,0.44231611490249634,0.04680916666984558,0.4446199834346771,0.9655807018280029,0.9960466623306274,0.6424827045146566,0.9841060638427734
954_class-13,original,1,1,False,0.9472407102584839,0.9782483577728271,0.9782483577728271,0.9828013777732849,1.0026941299438477,0.9922940976300508,0.9808186888694763
955_class-14,original,5,5,False,0.38674095273017883,0.4120229482650757,0.4120229482650757,0.9695181846618652,1.0055994987487793,0.9959622195985832,0.9923933744430542
956_class-13,original,3,3,False,0.5702874064445496,0.9761812686920166,0.9761812686920166,0.9960839152336121,0.9933040142059326,0.3994335104829761,0.97149658203125
957_class-14,original,0,0,False,0.4451095163822174,0.4451095163822174,0.4451095163822174,0.994377076625824,0.979491114616394,1.0,0.9477513432502747
958_class-11,original,2,2,False,0.8698253631591797,0.5964359641075134,0.8698253631591797,0.9917719960212708,1.0081857442855835,0.1996234787870638,0.9938461184501648
959_class-11,original,2,2,False,0.9720520973205566,0.9964850544929504,0.9964850544929504,0.9861276149749756,1.0130149126052856,0.9994858191251914,0.9932722449302673
960_class-14,original,0,0,False,0.996967077255249,0.996967077255249,0.996967077255249,0.981278657913208,1.0164128541946411,1.0,0.9953424334526062
961_class-14,original,1,1,False,0.5071057677268982,0.3153979778289795,0.6896661520004272,0.9941260814666748,0.966557502746582,0.19961466940168318,0.9594298005104065
962_class-14,original,5,5,False,0.968041718006134,0.6627258658409119,0.968041718006134,0.9954639673233032,0.9968736171722412,0.28514765279222193,0.9937136769294739
963_class-11,original,4,4,False,0.9719938039779663,0.7709574103355408,0.972072958946228,0.9926819205284119,1.0111851692199707,0.539425108842325,0.9956163763999939
964_class-14,original,4,4,False,0.9642701148986816,0.9983912706375122,0.9983912706375122,0.923233687877655,1.0077309608459473,0.997689615573905,0.9895758032798767
965_class-14,original,4,4,False,0.9426932334899902,0.9974890947341919,0.9974890947341919,0.9924485087394714,1.0079821348190308,0.99237729095549,0.9940731525421143
966_class-13,original,5,5,False,0.12455937266349792,0.12257810682058334,0.12461671233177185,0.9431141018867493,1.0054761171340942,0.9990283525692106,0.9574906229972839
967_class-14,original,1,1,False,0.9633176922798157,0.9999457597732544,0.9999457597732544,0.9973924160003662,1.0077913999557495,0.9990021443281459,0.9951650500297546
968_class-14,original,5,5,False,0.2759540379047394,0.25948914885520935,0.2812357246875763,0.9290693402290344,0.9889402389526367,0.9769960440682292,0.9494953751564026
969_class-14,original,5,5,False,0.9693412780761719,0.6202245950698853,0.9693412780761719,0.9946614503860474,1.0094239711761475,0.6255007838355687,0.993434488773346
970_class-14,original,5,5,False,0.8358526825904846,0.9529731273651123,0.9529731273651123,0.9818486571311951,0.9776015281677246,0.7690206481780325,0.9467926025390625
971_class-14,original,3,3,False,0.5613790154457092,0.9971641302108765,0.9971641302108765,0.9940645098686218,1.006274700164795,0.34549576126447845,0.9966094493865967
972_class-11,original,0,0,False,0.9935184121131897,0.9935184121131897,0.9935184121131897,0.991320788860321,1.0149844884872437,1.0,0.9959074854850769
973_class-14,original,1,1,False,0.9166488647460938,0.9875118732452393,0.9875118732452393,0.9930527806282043,0.9950920343399048,0.9662620253503765,0.9813842177391052
974_class-11,original,0,0,False,0.372304230928421,0.372304230928421,0.5814692974090576,0.989922046661377,1.002363920211792,1.0,0.9834420680999756
975_class-14,original,4,4,False,0.9316754341125488,0.9889781475067139,0.9889781475067139,0.9865810871124268,0.9911425113677979,0.965513344204595,0.9632980227470398
976_class-14,original,3,3,False,0.9567775726318359,0.9993759393692017,0.9993759393692017,0.9811975955963135,1.0163668394088745,0.9993901410461027,0.9949406385421753
977_class-14,original,3,3,False,0.11668591946363449,0.12260082364082336,0.12260082364082336,0.9657837152481079,1.0125821828842163,0.9935566855398079,0.9830904006958008
978_class-14,original,5,5,False,0.8457187414169312,0.01109971571713686,0.8457187414169312,0.9768357276916504,0.9498368501663208,0.01714797369490301,0.8028619885444641
979_class-14,original,0,0,False,0.4026804268360138,0.4026804268360138,0.89378821849823,0.9990078806877136,0.9992127418518066,1.0,0.9934841394424438
980_class-12,original,2,2,False,0.2806848883628845,0.9863988161087036,0.9863988161087036,0.9277575016021729,0.9836047887802124,0.9528485635448791,0.946668803691864
981_class-14,original,3,3,False,0.9714751243591309,0.9964616894721985,0.9964616894721985,0.9761450886726379,1.0104402303695679,0.9952975847267602,0.9962459206581116
982_class-14,original,3,3,False,0.9663997292518616,0.9893519282341003,0.9893519282341003,0.989173412322998,1.00690758228302,0.9992469045562274,0.994239091873169
983_class-11,original,0,0,False,0.9007309079170227,0.9007309079170227,0.9007309079170227,0.9769947528839111,1.0060609579086304,1.0,0.9881379008293152
984_class-14,original,0,0,False,0.13094615936279297,0.13094615936279297,0.39297187328338623,0.9842720031738281,0.988595724105835,1.0,0.9743111729621887
985_class-12,original,3,3,False,0.25417035818099976,0.3878520131111145,0.3878520131111145,0.9931802749633789,0.9905999898910522,0.6400612840262766,0.9907236099243164
986_class-14,original,0,0,False,0.8284011483192444,0.8284011483192444,0.9324930906295776,0.9944890141487122,1.0087852478027344,1.0,0.9931167960166931
987_class-14,original,3,3,False,0.3206888735294342,0.37321850657463074,0.37321850657463074,0.987654447555542,1.0003570318222046,0.8974137729996968,0.9805342555046082
988_class-11,original,4,4,False,0.9457919597625732,0.9981036186218262,0.9981036186218262,0.9100557565689087,1.010543942451477,0.999163564886454,0.9931703805923462
989_class-13,original,1,1,False,0.3275996744632721,0.5253140926361084,0.6059828400611877,0.9967001676559448,0.9959051609039307,0.4677195707035692,0.9847259521484375
990_class-14,original,5,5,False,0.6468176245689392,0.6562157869338989,0.6562157869338989,0.9964889287948608,0.987225353717804,0.368510267338241,0.9905950427055359
991_class-10,original,3,3,False,0.3470616936683655,0.34335362911224365,0.4115850627422333,0.9978307485580444,1.0007860660552979,0.499768177028451,0.995614767074585
992_class-13,original,2,2,False,0.9303963780403137,0.963543713092804,0.963543713092804,0.9973639249801636,0.9829485416412354,0.9536742048362667,0.9690243005752563
993_class-14,original,3,3,False,0.08805429190397263,0.09250816702842712,0.09250816702842712,0.9262152910232544,1.0017989873886108,0.9990679167120898,0.9539622068405151
994_class-11,original,4,4,False,0.9084740877151489,0.7153371572494507,0.9084740877151489,0.9939054250717163,0.9981942176818848,0.987940116440255,0.9913187623023987
995_class-14,original,5,5,False,0.6878348588943481,0.9999545216560364,0.9999545216560364,0.9823579788208008,1.0023876428604126,0.9965226372869685,0.9866554141044617
996_class-10,original,4,4,False,0.36594897508621216,0.34044957160949707,0.5732336044311523,0.9879251718521118,0.9313266277313232,0.26216052246529387,0.8166537880897522
997_class-14,original,1,1,False,0.7378337383270264,0.7628003358840942,0.7628003358840942,0.9862285852432251,0.9963233470916748,0.9898877101557169,0.9660069346427917
998_class-12,original,4,4,False,0.9257540702819824,0.9521909356117249,0.9521909356117249,0.9971414804458618,0.9920868873596191,0.9964924587863907,0.9776002168655396
999_class-14,original,3,3,False,0.49208325147628784,0.4900263249874115,0.5280337929725647,0.9924712181091309,0.9829449653625488,0.9202316630893346,0.9735747575759888
