obj_name,iter_0,iter_1,iter_2,iter_3,iter_4,iter_5
0_class-760,0.9804949164390564,0.9802875518798828,0.9804586172103882,0.9801003336906433,0.9805678129196167,0.9803784489631653
1_class-760,0.9712297916412354,0.9713048338890076,0.9706231355667114,0.9704144597053528,0.9705470204353333,0.9703359603881836
2_class-760,0.976893424987793,0.9768413305282593,0.8592373132705688,0.9765477776527405,0.8552135825157166,0.8550305366516113
3_class-760,0.9642367362976074,0.9638984799385071,0.9643529653549194,0.9641809463500977,0.9640122652053833,0.9638237953186035
4_class-760,0.9706425666809082,0.9688401818275452,0.9701088666915894,0.9705289602279663,0.9711685180664062,0.9713801145553589
5_class-760,0.9413452744483948,0.948259174823761,0.9276185631752014,0.9396743774414062,0.9313363432884216,0.929152250289917
6_class-760,0.944915771484375,0.9381647109985352,0.9446268081665039,0.9446792006492615,0.9450403451919556,0.9451709985733032
7_class-760,0.8797058463096619,0.8908498287200928,0.8797186017036438,0.8795682191848755,0.8800734281539917,0.8798462152481079
8_class-760,0.9335267543792725,0.933220386505127,0.933405876159668,0.9331560134887695,0.9338487386703491,0.933661699295044
9_class-760,0.942328691482544,0.9680483341217041,0.9426252841949463,0.9403156042098999,0.9660810232162476,0.9424005150794983
10_class-761,0.9756484031677246,0.9756745100021362,0.8252753019332886,0.8208117485046387,0.97567218542099,0.9756540656089783
11_class-761,0.9742840528488159,0.974449098110199,0.9747439622879028,0.9747538566589355,0.9745861291885376,0.9746232032775879
12_class-761,0.5810160040855408,0.5813354849815369,0.5814018249511719,0.5831971168518066,0.5817477107048035,0.5807424187660217
13_class-761,0.9741334319114685,0.9740687608718872,0.6254832744598389,0.9742625951766968,0.9738665223121643,0.9745386838912964
14_class-761,0.6429975628852844,0.7616963386535645,0.7575265169143677,0.7586624622344971,0.6367788910865784,0.7593055963516235
15_class-761,0.9541888236999512,0.9534606337547302,0.9537819623947144,0.9520882368087769,0.9523434638977051,0.9511343240737915
16_class-761,0.9734451770782471,0.9733291864395142,0.9735010266304016,0.9735003113746643,0.9734535217285156,0.9730967283248901
17_class-761,0.9703614115715027,0.9705771207809448,0.9706111550331116,0.9706799983978271,0.9705950617790222,0.9705073833465576
18_class-761,0.683048665523529,0.6852176189422607,0.6850067377090454,0.6854003667831421,0.6897961497306824,0.6850017309188843
19_class-761,0.8019338846206665,0.9590706825256348,0.8007739782333374,0.9593451023101807,0.9595969915390015,0.9599146842956543
20_class-762,0.944749116897583,0.9523578882217407,0.9521808624267578,0.9524689316749573,0.9444642066955566,0.9526609182357788
21_class-762,0.7317071557044983,0.7313909530639648,0.7298494577407837,0.9459426403045654,0.7292769551277161,0.7289938926696777
22_class-762,0.9563108086585999,0.9576438665390015,0.9562336206436157,0.957240104675293,0.9616278409957886,0.9538973569869995
23_class-762,0.931286633014679,0.938069224357605,0.9314783811569214,0.9310828447341919,0.8868371248245239,0.9314765334129333
24_class-762,0.8681650161743164,0.8681740760803223,0.8680828809738159,0.8684422373771667,0.8681710362434387,0.8682587742805481
25_class-762,0.9218069314956665,0.9236998558044434,0.9217542409896851,0.5456230044364929,0.9217330813407898,0.9336787462234497
26_class-762,0.7495184540748596,0.7266413569450378,0.7257450819015503,0.7239954471588135,0.8694717884063721,0.8883266448974609
27_class-762,0.2406436651945114,0.23488718271255493,0.9391101598739624,0.3511671721935272,0.9413931965827942,0.24632611870765686
28_class-762,0.9395308494567871,0.8061968684196472,0.7421143651008606,0.8967040777206421,0.8921689391136169,0.9343792796134949
29_class-762,0.9649615287780762,0.964754581451416,0.9647340178489685,0.964762806892395,0.9647101163864136,0.9647263288497925
30_class-763,0.7837902307510376,0.7838178873062134,0.7838057279586792,0.7837570905685425,0.7840892672538757,0.7845200896263123
31_class-763,0.9535965323448181,0.952930748462677,0.9531179070472717,0.9458763599395752,0.9456450343132019,0.9532970190048218
32_class-763,0.2296474426984787,0.9598047137260437,0.23483285307884216,0.9615992307662964,0.23210325837135315,0.9615401029586792
33_class-763,0.9587218165397644,0.9584547877311707,0.9588743448257446,0.9587731957435608,0.9586630463600159,0.9587677717208862
34_class-763,0.9760395288467407,0.9758204221725464,0.9757063388824463,0.9760442972183228,0.9758713245391846,0.975959837436676
35_class-763,0.07238142937421799,0.5434585809707642,0.4330478608608246,0.9552513360977173,0.43363744020462036,0.9540582895278931
36_class-763,0.956873893737793,0.9566091299057007,0.9554165601730347,0.9567216634750366,0.9567678570747375,0.9567884206771851
37_class-763,0.953277587890625,0.9549968242645264,0.9521554708480835,0.9487184286117554,0.8664443492889404,0.9499974250793457
38_class-763,0.9341087937355042,0.9342690706253052,0.9315600395202637,0.30220142006874084,0.2752527892589569,0.2750438153743744
39_class-763,0.9544976353645325,0.9548466205596924,0.9544357061386108,0.9544769525527954,0.9547469615936279,0.9540119171142578
40_class-764,0.49439695477485657,0.848060131072998,0.49451667070388794,0.848953902721405,0.8490397930145264,0.849153995513916
41_class-764,0.947785496711731,0.948836088180542,0.9490870237350464,0.9478834867477417,0.9486619830131531,0.9492435455322266
42_class-764,0.8954495787620544,0.8890513181686401,0.6774337291717529,0.9101619720458984,0.9306199550628662,0.8919967412948608
43_class-764,0.9809362888336182,0.9809224605560303,0.9809218645095825,0.9810413122177124,0.9807838797569275,0.980954110622406
44_class-764,0.96448814868927,0.6346921920776367,0.3373616337776184,0.9619014859199524,0.960753321647644,0.9645700454711914
45_class-764,0.017725860700011253,0.017929915338754654,0.017245084047317505,0.011800704523921013,0.016737034544348717,0.01704147458076477
46_class-764,0.9765284657478333,0.9762347936630249,0.976321816444397,0.9762817025184631,0.9765932559967041,0.9761738777160645
47_class-764,0.9617369174957275,0.9605158567428589,0.9643973708152771,0.9617873430252075,0.96421879529953,0.9646077156066895
48_class-764,0.9358119964599609,0.9287482500076294,0.9322345852851868,0.9356740713119507,0.933935284614563,0.934590756893158
49_class-764,0.9638427495956421,0.9626344442367554,0.9638264179229736,0.9634387493133545,0.9638314247131348,0.9636223912239075
50_class-765,0.9528605937957764,0.951211154460907,0.9521363377571106,0.9519013166427612,0.9518589377403259,0.9517470598220825
51_class-765,0.49962636828422546,0.770127534866333,0.49727100133895874,0.8706464767456055,0.4994334578514099,0.43881142139434814
52_class-765,0.9023703336715698,0.9024391174316406,0.7683306336402893,0.9025601744651794,0.9026741981506348,0.9024345874786377
53_class-765,0.8402624726295471,0.8401399254798889,0.8403192162513733,0.8402552604675293,0.8401317596435547,0.8402184247970581
54_class-765,0.49943363666534424,0.9506212472915649,0.4992169737815857,0.498595267534256,0.9508236646652222,0.9490134716033936
55_class-765,0.49463579058647156,0.7710500359535217,0.6431366205215454,0.9031753540039062,0.715996265411377,0.45919156074523926
56_class-765,0.9268298149108887,0.926727294921875,0.9261369109153748,0.9268319606781006,0.9271605014801025,0.9272308349609375
57_class-765,0.8344466686248779,0.563668429851532,0.6188788414001465,0.618563175201416,0.7061333656311035,0.6937547922134399
58_class-765,0.6260011196136475,0.6534450650215149,0.8653557300567627,0.7577502727508545,0.810020923614502,0.8501707315444946
59_class-765,0.8903948068618774,0.8905082941055298,0.8910754919052124,0.8913609981536865,0.8912815451622009,0.8907195925712585
60_class-766,0.9874693155288696,0.9874416589736938,0.9873250722885132,0.9863929748535156,0.9874869585037231,0.9874049425125122
61_class-766,0.9822409152984619,0.9803783893585205,0.9822785258293152,0.9823212623596191,0.9823614358901978,0.9821358919143677
62_class-766,0.9870310425758362,0.9866139888763428,0.9863809943199158,0.043652258813381195,0.9870560765266418,0.9865866899490356
63_class-766,0.3641490042209625,0.3641597330570221,0.36415544152259827,0.3641575872898102,0.3641575872898102,0.3641447126865387
64_class-766,0.8635494112968445,0.9582278728485107,0.8348695635795593,0.8196007013320923,0.9590171575546265,0.8319867253303528
65_class-766,0.9773715734481812,0.016829457134008408,0.016787920147180557,0.006820572540163994,0.9775134921073914,0.016777127981185913
66_class-766,0.8584088087081909,0.818132758140564,0.9506016969680786,0.9510225653648376,0.9540104866027832,0.7488664984703064
67_class-766,0.021442240104079247,0.5169574618339539,0.43469157814979553,0.4352719485759735,0.4308135509490967,0.024450527504086494
68_class-766,0.9761150479316711,0.4576933979988098,0.7410680055618286,0.9765712022781372,0.5659738779067993,0.7513488531112671
69_class-766,0.9861949682235718,0.9863842725753784,0.9864047765731812,0.9546492695808411,0.9868085384368896,0.9867502450942993
70_class-767,0.9568929672241211,0.9567112922668457,0.9568498134613037,0.9569883346557617,0.9609407186508179,0.960708737373352
71_class-767,0.8633112907409668,0.8615478277206421,0.8569000959396362,0.8581286668777466,0.8614591360092163,0.8606035709381104
72_class-767,0.9471430778503418,0.9473870396614075,0.9480471014976501,0.9480835199356079,0.9478791952133179,0.9462631940841675
73_class-767,0.9294010400772095,0.929246187210083,0.9296339154243469,0.9291906356811523,0.9293744564056396,0.929171621799469
74_class-767,0.8106003999710083,0.8068007230758667,0.8107024431228638,0.693332314491272,0.8408926725387573,0.8056033849716187
75_class-767,0.4111807942390442,0.33954277634620667,0.8791937828063965,0.9029402136802673,0.8996617794036865,0.9015241861343384
76_class-767,0.9568344354629517,0.6974745988845825,0.9568045139312744,0.3017417788505554,0.7199534177780151,0.6561404466629028
77_class-767,0.9734096527099609,0.9732113480567932,0.973468542098999,0.973258376121521,0.9730890393257141,0.9732785224914551
78_class-767,0.9255515336990356,0.9239964485168457,0.9265563488006592,0.9237713813781738,0.9267425537109375,0.9268988966941833
79_class-767,0.9370434284210205,0.9373173713684082,0.9371888637542725,0.9370605945587158,0.9353212118148804,0.9358912706375122
80_class-768,0.21009021997451782,0.3877309560775757,0.3847423493862152,0.21011926233768463,0.05138936638832092,0.21060830354690552
81_class-768,0.9787344336509705,0.9798743724822998,0.9802665114402771,0.981093168258667,0.9802848100662231,0.980717658996582
82_class-768,0.9782983064651489,0.9783753156661987,0.9783245325088501,0.978309154510498,0.9792723655700684,0.9781970977783203
83_class-768,0.9282451868057251,0.9869414567947388,0.9864641427993774,0.9866827726364136,0.9864243268966675,0.9865243434906006
84_class-768,0.7804304957389832,0.7805836796760559,0.9417614936828613,0.7803295850753784,0.9421681761741638,0.9420782327651978
85_class-768,0.9795625805854797,0.9796887636184692,0.7972419857978821,0.9742400646209717,0.9795448780059814,0.9805262088775635
86_class-768,0.9804701805114746,0.9803155660629272,0.853550910949707,0.980462908744812,0.9804272651672363,0.9803863763809204
87_class-768,0.5687506198883057,0.5862542986869812,0.5757026076316833,0.7597498297691345,0.545904278755188,0.6494770050048828
88_class-768,0.6668347120285034,0.9753255248069763,0.9761850833892822,0.9752377867698669,0.9759933948516846,0.9765266180038452
89_class-768,0.9914025068283081,0.9914255738258362,0.9914259314537048,0.6891331076622009,0.9914835691452026,0.9905062913894653
90_class-769,0.36696183681488037,0.3711404800415039,0.2994459271430969,0.3525494933128357,0.3513234853744507,0.35497063398361206
91_class-769,0.9610314965248108,0.9638890624046326,0.9639114141464233,0.9638159871101379,0.6366415023803711,0.9639686346054077
92_class-769,0.8124832510948181,0.693036675453186,0.8101625442504883,0.8097425103187561,0.693997859954834,0.8094844222068787
93_class-769,0.9313127994537354,0.6688368320465088,0.9233533143997192,0.9322449564933777,0.9312835335731506,0.928583025932312
94_class-769,0.9509255886077881,0.950639009475708,0.9506053328514099,0.9503520727157593,0.9508548974990845,0.9506508111953735
95_class-769,0.9750714302062988,0.9608911275863647,0.9754284024238586,0.9720795154571533,0.9749025106430054,0.9749018549919128
96_class-769,0.7797541618347168,0.9634050130844116,0.6584066152572632,0.6595115065574646,0.9614822864532471,0.6593818664550781
97_class-769,0.04496092349290848,0.9476413726806641,0.950309157371521,0.9518833756446838,0.9519575834274292,0.9518430233001709
98_class-769,0.9694612622261047,0.9695380330085754,0.969638466835022,0.9696550369262695,0.9699355363845825,0.9695887565612793
99_class-769,0.9690487384796143,0.9689986705780029,0.9689726829528809,0.9686038494110107,0.9686244130134583,0.9689559936523438
100_class-770,0.8911858797073364,0.8914026021957397,0.8905173540115356,0.8926781415939331,0.8959718942642212,0.8936713933944702
101_class-770,0.9533244371414185,0.9535320401191711,0.953376054763794,0.9493778944015503,0.9534594416618347,0.94971764087677
102_class-770,0.9805639982223511,0.98087477684021,0.9801121950149536,0.9803120493888855,0.9817835092544556,0.9808526635169983
103_class-770,0.9725742936134338,0.9726336002349854,0.9726479649543762,0.9724704027175903,0.9727593660354614,0.9724410772323608
104_class-770,0.9610832929611206,0.9611164331436157,0.9610189199447632,0.9610683917999268,0.9612747430801392,0.9609874486923218
105_class-770,0.9379528760910034,0.9379476308822632,0.937993586063385,0.9379489421844482,0.9378440976142883,0.9378302097320557
106_class-770,0.9593957662582397,0.9595276713371277,0.959641695022583,0.9588674902915955,0.9590452909469604,0.9592124819755554
107_class-770,0.9451625347137451,0.8620054721832275,0.9451643228530884,0.943641185760498,0.9447926878929138,0.9480336904525757
108_class-770,0.9441192150115967,0.9295123815536499,0.9442588090896606,0.9443176984786987,0.9445912837982178,0.9442522525787354
109_class-770,0.9500498175621033,0.9497522115707397,0.949908971786499,0.9500730633735657,0.9517557621002197,0.9514453411102295
110_class-771,0.7152869701385498,0.9262708425521851,0.8868522644042969,0.5380144715309143,0.9193868041038513,0.8423703908920288
111_class-771,0.962955117225647,0.9633599519729614,0.9629527926445007,0.9622724652290344,0.9632371664047241,0.9626963138580322
112_class-771,0.6759129762649536,0.676433801651001,0.6761893033981323,0.9316506385803223,0.6807001829147339,0.9302695393562317
113_class-771,0.9574748277664185,0.9595173597335815,0.9577298164367676,0.9587019681930542,0.9588064551353455,0.9585186243057251
114_class-771,0.8997611403465271,0.8999941349029541,0.899469792842865,0.9001619815826416,0.8998821377754211,0.9001601934432983
115_class-771,0.5616454482078552,0.5598148107528687,0.5609753131866455,0.9245357513427734,0.560553252696991,0.926954984664917
116_class-771,0.9225654602050781,0.8144017457962036,0.8148505687713623,0.8148337602615356,0.8140621185302734,0.8146584033966064
117_class-771,0.9651807546615601,0.9653763771057129,0.964911162853241,0.9651588201522827,0.9653899669647217,0.965218186378479
118_class-771,0.8006779551506042,0.739841639995575,0.7990971803665161,0.8647273778915405,0.7997673749923706,0.8029601573944092
119_class-771,0.9695354700088501,0.9689792394638062,0.9658629298210144,0.9693894982337952,0.9687595367431641,0.9283334016799927
120_class-772,0.9894628524780273,0.9893748760223389,0.9893749952316284,0.9892638921737671,0.9893193244934082,0.9892634153366089
121_class-772,0.9807102680206299,0.9793508052825928,0.9807683229446411,0.9810189008712769,0.9807684421539307,0.9807520508766174
122_class-772,0.013339236378669739,0.012810755521059036,0.013820662163197994,0.014451428316533566,0.012289159931242466,0.014024469070136547
123_class-772,0.9371119737625122,0.9871864914894104,0.9873485565185547,0.9874406456947327,0.9872562885284424,0.9875349998474121
124_class-772,0.795391857624054,0.7952086925506592,0.7953566312789917,0.7954870462417603,0.7952021956443787,0.7954932451248169
125_class-772,0.9918978214263916,0.991278886795044,0.9918508529663086,0.9913251399993896,0.9918886423110962,0.991897702217102
126_class-772,0.9913506507873535,0.9913520812988281,0.991391658782959,0.9913750290870667,0.9913589358329773,0.9913840293884277
127_class-772,0.13067005574703217,0.1308451145887375,0.13069134950637817,0.13077646493911743,0.13075099885463715,0.1308911293745041
128_class-772,0.9807811975479126,0.9799524545669556,0.980241596698761,0.980644702911377,0.9806386232376099,0.9812746047973633
129_class-772,0.012499986216425896,0.01238827221095562,0.012520227581262589,0.012666735798120499,0.012470493093132973,0.012626050040125847
130_class-773,0.7629653215408325,0.016696233302354813,0.7655841112136841,0.8994755744934082,0.016696233302354813,0.7597001791000366
131_class-773,0.9560325145721436,0.45665866136550903,0.611031174659729,0.5639204382896423,0.9788420796394348,0.9646631479263306
132_class-773,0.9378805160522461,0.9353007078170776,0.7722114324569702,0.07088562101125717,0.7740752696990967,0.9357890486717224
133_class-773,0.9323408007621765,0.9323775768280029,0.9316545724868774,0.9314430952072144,0.932233452796936,0.9318342208862305
134_class-773,0.9845094680786133,0.9844968318939209,0.9843843579292297,0.9843317270278931,0.9843328595161438,0.9843899011611938
135_class-773,0.9376161098480225,0.9382476806640625,0.9399712085723877,0.9401499032974243,0.9403878450393677,0.9403241872787476
136_class-773,0.9422072172164917,0.935702919960022,0.11482870578765869,0.9405562877655029,0.11350546032190323,0.9361171722412109
137_class-773,0.9803197383880615,0.9803875684738159,0.980353593826294,0.9803425073623657,0.979933500289917,0.9803986549377441
138_class-773,0.9736782312393188,0.9737775325775146,0.973905086517334,0.9774520397186279,0.9737412929534912,0.9737870693206787
139_class-773,0.65598064661026,0.6562972664833069,0.6565209627151489,0.6565418243408203,0.6564620733261108,0.6566359400749207
140_class-774,0.9878407120704651,0.9877188205718994,0.9879528284072876,0.9878671169281006,0.9879540205001831,0.9878243207931519
141_class-774,0.7930254936218262,0.7932527661323547,0.38754037022590637,0.7933026552200317,0.7933070063591003,0.7932360172271729
142_class-774,0.9895986318588257,0.9897853136062622,0.9897462129592896,0.9881004095077515,0.9897943139076233,0.9898465871810913
143_class-774,0.9812209606170654,0.9811933040618896,0.9811494946479797,0.9811499118804932,0.9812041521072388,0.9811925888061523
144_class-774,0.8969783782958984,0.8196216225624084,0.8163710832595825,0.6686602830886841,0.8195630311965942,0.92118239402771
145_class-774,0.956545352935791,0.9564906358718872,0.9569076299667358,0.9565752148628235,0.9569560289382935,0.9569720029830933
146_class-774,0.8948074579238892,0.9836310148239136,0.9837737083435059,0.9836979508399963,0.9835638999938965,0.9300867915153503
147_class-774,0.7249683737754822,0.9809938669204712,0.8470078706741333,0.7328463792800903,0.9816347360610962,0.7254453301429749
148_class-774,0.9755734205245972,0.9747478365898132,0.9747374057769775,0.9713053107261658,0.9743567705154419,0.9756380915641785
149_class-774,0.8999528884887695,0.9004899263381958,0.9006282091140747,0.9011561870574951,0.8989994525909424,0.9091658592224121
150_class-775,0.9517664313316345,0.9829975366592407,0.9833014607429504,0.9835681319236755,0.9831749200820923,0.983244776725769
151_class-775,0.9798909425735474,0.979886531829834,0.97984778881073,0.9799070358276367,0.9799051284790039,0.9799237251281738
152_class-775,0.9394186735153198,0.9434813857078552,0.9356634616851807,0.8093787431716919,0.9407283067703247,0.9400399923324585
153_class-775,0.9808870553970337,0.9807813167572021,0.9809433221817017,0.9807979464530945,0.9809611439704895,0.9807606339454651
154_class-775,0.9860395193099976,0.9861980080604553,0.986371636390686,0.986412525177002,0.5102459192276001,0.9848066568374634
155_class-775,0.9492785930633545,0.7678463459014893,0.9487295746803284,0.8197418451309204,0.7872158288955688,0.9491943120956421
156_class-775,0.9693464040756226,0.6984691619873047,0.9694521427154541,0.9695085287094116,0.9693642854690552,0.9692040085792542
157_class-775,0.9781907796859741,0.9774190187454224,0.9785987138748169,0.9783371686935425,0.9784526824951172,0.9782677888870239
158_class-775,0.9747114777565002,0.974901556968689,0.9747899174690247,0.9745075106620789,0.9744438529014587,0.974822998046875
159_class-775,0.6473734378814697,0.6464072465896606,0.9024933576583862,0.6460549831390381,0.6285951137542725,0.6464875936508179
160_class-776,0.9720532894134521,0.9722506403923035,0.9718628525733948,0.9718320369720459,0.9719005823135376,0.9721451997756958
161_class-776,0.6077394485473633,0.6079463362693787,0.984194278717041,0.6077280044555664,0.6077443361282349,0.6076812744140625
162_class-776,0.9830303192138672,0.9842760562896729,0.9831366539001465,0.9844722151756287,0.9844726920127869,0.9843831062316895
163_class-776,0.9833996295928955,0.9833229184150696,0.9833551049232483,0.9833005666732788,0.981994092464447,0.9833892583847046
164_class-776,0.633533775806427,0.8186995983123779,0.6335750818252563,0.8189696073532104,0.7872434854507446,0.785332202911377
165_class-776,0.969810962677002,0.9697839617729187,0.9694977402687073,0.969619870185852,0.9695007801055908,0.9697142243385315
166_class-776,0.07046186178922653,0.07098694890737534,0.9384329319000244,0.9389301538467407,0.9872230291366577,0.9874774217605591
167_class-776,0.9844396114349365,0.9850953817367554,0.9846811294555664,0.9844274520874023,0.9847060441970825,0.9849847555160522
168_class-776,0.9752304553985596,0.9751638174057007,0.9751206636428833,0.9751649498939514,0.9750089645385742,0.975179135799408
169_class-776,0.9893239736557007,0.17044208943843842,0.9892815351486206,0.9892899990081787,0.9892900586128235,0.9893069267272949
170_class-777,0.6469141244888306,0.6471680402755737,0.6465458869934082,0.8414959907531738,0.8413969278335571,0.8494859337806702
171_class-777,0.4725431203842163,0.9825568199157715,0.47246167063713074,0.4749925136566162,0.9825351238250732,0.47254449129104614
172_class-777,0.4316786229610443,0.8627939820289612,0.7509065270423889,0.43211638927459717,0.431832492351532,0.6241337656974792
173_class-777,0.5582385659217834,0.7986336350440979,0.6049417853355408,0.5732572078704834,0.680140495300293,0.6797795295715332
174_class-777,0.9708257913589478,0.9699199199676514,0.7661231756210327,0.9676644802093506,0.9699901342391968,0.9701546430587769
175_class-777,0.41374272108078003,0.4130988121032715,0.41376712918281555,0.4133898615837097,0.4094671607017517,0.4097006618976593
176_class-777,0.9247883558273315,0.8289068937301636,0.9345394372940063,0.834909975528717,0.8369481563568115,0.9334580302238464
177_class-777,0.6638670563697815,0.6634831428527832,0.9270951747894287,0.6638345122337341,0.9337531328201294,0.8284211158752441
178_class-777,0.6947160959243774,0.7051576375961304,0.7276989221572876,0.6035071015357971,0.6926378011703491,0.7150386571884155
179_class-777,0.6555289030075073,0.9391967058181763,0.6552157402038574,0.7576726675033569,0.6557595729827881,0.9398993253707886
180_class-778,0.5889416933059692,0.5877670049667358,0.5892093181610107,0.5897254347801208,0.5871739387512207,0.5872572064399719
181_class-778,0.9808351993560791,0.6376693844795227,0.9814316034317017,0.6376413106918335,0.8764916658401489,0.6368412971496582
182_class-778,0.18839892745018005,0.6079720258712769,0.18834389746189117,0.2511696517467499,0.18898870050907135,0.17114031314849854
183_class-778,0.13155066967010498,0.12639744579792023,0.13076487183570862,0.1313295215368271,0.13269764184951782,0.22267481684684753
184_class-778,0.9321041703224182,0.9443057775497437,0.9337965250015259,0.9229955673217773,0.9415065050125122,0.9276123642921448
185_class-778,0.5498330593109131,0.6608647108078003,0.8094193935394287,0.5498040914535522,0.8325260877609253,0.6819047331809998
186_class-778,0.9823118448257446,0.9826468229293823,0.9822297692298889,0.9822450876235962,0.9811782240867615,0.9818490743637085
187_class-778,0.6518478393554688,0.9595775604248047,0.96016925573349,0.9592695236206055,0.6525824069976807,0.6530740857124329
188_class-778,0.47148942947387695,0.7291983366012573,0.7296469211578369,0.7288796305656433,0.8775866031646729,0.7466752529144287
189_class-778,0.7517267465591431,0.9767985343933105,0.9767287969589233,0.7522007822990417,0.7520453333854675,0.8371601104736328
190_class-779,0.8989274501800537,0.7672355771064758,0.899616003036499,0.8987919092178345,0.9008063077926636,0.8996710777282715
191_class-779,0.9785638451576233,0.9440180063247681,0.9792952537536621,0.9804385304450989,0.9790639877319336,0.9790624976158142
192_class-779,0.9846105575561523,0.9847196340560913,0.9847075343132019,0.9847317934036255,0.9848166704177856,0.9847802519798279
193_class-779,0.9782230854034424,0.9790482521057129,0.9789983034133911,0.9793210625648499,0.9780918955802917,0.9779826402664185
194_class-779,0.7973987460136414,0.7974200248718262,0.7975775003433228,0.7979324460029602,0.7974185943603516,0.797492504119873
195_class-779,0.9539244174957275,0.9545658230781555,0.9548617005348206,0.752733588218689,0.955264687538147,0.9567681550979614
196_class-779,0.7115542888641357,0.7112646698951721,0.7115213871002197,0.41053342819213867,0.7119570374488831,0.7120453119277954
197_class-779,0.8667669296264648,0.9689631462097168,0.9692336320877075,0.969135046005249,0.9689617156982422,0.9690853953361511
198_class-779,0.9491382837295532,0.96790611743927,0.9471054077148438,0.9480161666870117,0.9474326372146606,0.9473438858985901
199_class-779,0.8927136659622192,0.6874651908874512,0.8928859233856201,0.5929403305053711,0.892182469367981,0.7073705196380615
200_class-780,0.9838346242904663,0.9833217859268188,0.9837175607681274,0.9838101863861084,0.9835575819015503,0.9834070205688477
201_class-780,0.9831517934799194,0.9831889867782593,0.9829580783843994,0.9830372333526611,0.9830118417739868,0.9830100536346436
202_class-780,0.8902377486228943,0.8894632458686829,0.8885878920555115,0.8887718915939331,0.8895931243896484,0.8897983431816101
203_class-780,0.982202410697937,0.9822204113006592,0.9822317361831665,0.9821217060089111,0.9821900725364685,0.9822597503662109
204_class-780,0.9708556532859802,0.08381113409996033,0.9716580510139465,0.9721907377243042,0.9723551273345947,0.9722100496292114
205_class-780,0.9802830219268799,0.9804452657699585,0.9802948832511902,0.9803714752197266,0.9803079962730408,0.9803076982498169
206_class-780,0.9725427627563477,0.9722000360488892,0.97243332862854,0.97246253490448,0.9722219109535217,0.9727250337600708
207_class-780,0.953255295753479,0.9533109664916992,0.9533916711807251,0.9534298181533813,0.9534814357757568,0.953341007232666
208_class-780,0.9787254333496094,0.9787797927856445,0.9787571430206299,0.9787862300872803,0.9787495732307434,0.9787417650222778
209_class-780,0.9811891317367554,0.9812448620796204,0.981188178062439,0.9810423851013184,0.9813090562820435,0.9814234375953674
210_class-781,0.9611766338348389,0.9613382816314697,0.9613895416259766,0.9612789154052734,0.9616127014160156,0.9616618156433105
211_class-781,0.9490258693695068,0.9481704235076904,0.9480676651000977,0.9480587840080261,0.9477576017379761,0.9484959840774536
212_class-781,0.9605315923690796,0.960621178150177,0.9605135917663574,0.9606223702430725,0.9606475234031677,0.9606034755706787
213_class-781,0.9580549001693726,0.958048939704895,0.958004891872406,0.9580753445625305,0.9580848217010498,0.9580188393592834
214_class-781,0.978485107421875,0.9783998727798462,0.9777638912200928,0.9778287410736084,0.9777393341064453,0.9776982069015503
215_class-781,0.977638840675354,0.9773584008216858,0.9776300191879272,0.9776456952095032,0.9775140285491943,0.9775450229644775
216_class-781,0.9471195936203003,0.9472644329071045,0.9472913146018982,0.9472079277038574,0.9476029872894287,0.9471463561058044
217_class-781,0.83504718542099,0.8356552124023438,0.8352739810943604,0.8349621295928955,0.8353029489517212,0.8355768918991089
218_class-781,0.9723681211471558,0.972405195236206,0.9724975824356079,0.9724489450454712,0.9724613428115845,0.9725430011749268
219_class-781,0.963439404964447,0.9634767770767212,0.9639274477958679,0.9631586670875549,0.963386058807373,0.9633252620697021
220_class-782,0.9879393577575684,0.9878219366073608,0.9877874255180359,0.9877959489822388,0.9878138899803162,0.9879413843154907
221_class-782,0.9621968269348145,0.9612749814987183,0.9535789489746094,0.912065863609314,0.9614523649215698,0.9610536694526672
222_class-782,0.973717451095581,0.9737097024917603,0.7156488299369812,0.9738578796386719,0.97352135181427,0.973579466342926
223_class-782,0.9739898443222046,0.7201060056686401,0.7199767827987671,0.974132776260376,0.7198734283447266,0.7201131582260132
224_class-782,0.7076941728591919,0.7093026638031006,0.7092617750167847,0.981311559677124,0.9798091650009155,0.7090667486190796
225_class-782,0.9861671328544617,0.9862064123153687,0.9862163662910461,0.9858160018920898,0.9857860803604126,0.9862465858459473
226_class-782,0.9801127910614014,0.9858413934707642,0.9852449893951416,0.985879123210907,0.975902795791626,0.9802570343017578
227_class-782,0.9598878622055054,0.9597649574279785,0.9598959684371948,0.9598603844642639,0.9598717093467712,0.9598422646522522
228_class-782,0.7708551287651062,0.5133056044578552,0.4405251741409302,0.7705782651901245,0.9775363206863403,0.44040971994400024
229_class-782,0.98893141746521,0.9888503551483154,0.6373805999755859,0.6374126672744751,0.9887175559997559,0.636764407157898
230_class-783,0.42556533217430115,0.4259182810783386,0.4656887352466583,0.5512892007827759,0.550865888595581,0.5556679964065552
231_class-783,0.9795752167701721,0.979739785194397,0.9796862006187439,0.9789635539054871,0.5953608155250549,0.5953267812728882
232_class-783,0.9190011024475098,0.7656185626983643,0.7692367434501648,0.8819352388381958,0.7646464705467224,0.7647160291671753
233_class-783,0.908721387386322,0.8367838859558105,0.7318704128265381,0.9461808800697327,0.9476677179336548,0.8348162770271301
234_class-783,0.8184335827827454,0.8126946687698364,0.5332874059677124,0.9813075065612793,0.9367116689682007,0.8122134208679199
235_class-783,0.7462427616119385,0.6858569383621216,0.685265839099884,0.7472543716430664,0.7453172206878662,0.685682475566864
236_class-783,0.9727420210838318,0.7273604273796082,0.7276585102081299,0.8114789724349976,0.9719773530960083,0.9722941517829895
237_class-783,0.9851174354553223,0.9849196672439575,0.9849649667739868,0.9849461317062378,0.9848513603210449,0.9850012063980103
238_class-783,0.6562327146530151,0.7427909970283508,0.6582266688346863,0.7428939938545227,0.9749396443367004,0.7427829504013062
239_class-783,0.865134060382843,0.7849687337875366,0.9491314888000488,0.863933801651001,0.8751347064971924,0.9497665166854858
240_class-784,0.9807674884796143,0.9800609350204468,0.9801993370056152,0.9799784421920776,0.9802334308624268,0.9802238345146179
241_class-784,0.9682300686836243,0.029519733041524887,0.029989346861839294,0.9678120613098145,0.9685786962509155,0.968103289604187
242_class-784,0.8646332025527954,0.8613418936729431,0.8566864728927612,0.8935507535934448,0.8935956358909607,0.9001976847648621
243_class-784,0.9707975387573242,0.970841646194458,0.9674881100654602,0.04675115644931793,0.9708169102668762,0.9009302854537964
244_class-784,0.9513339400291443,0.5852943062782288,0.9516177177429199,0.9507333636283875,0.9512128829956055,0.9515668749809265
245_class-784,0.961764395236969,0.961464524269104,0.9615024328231812,0.9615378379821777,0.0417756512761116,0.961484968662262
246_class-784,0.7701306939125061,0.7477965354919434,0.3304119408130646,0.3326829969882965,0.3309054374694824,0.9499510526657104
247_class-784,0.9716819524765015,0.9738645553588867,0.9711781144142151,0.9715373516082764,0.9737507700920105,0.9718706607818604
248_class-784,0.9611198306083679,0.961052656173706,0.9609474539756775,0.9613931179046631,0.9611669778823853,0.9611873626708984
249_class-784,0.698773205280304,0.9470313787460327,0.9467015266418457,0.945441722869873,0.6999460458755493,0.9469476938247681
250_class-785,0.593829333782196,0.5937938690185547,0.5918281674385071,0.5671557188034058,0.5671378970146179,0.5941139459609985
251_class-785,0.9736534953117371,0.9737060070037842,0.9737814664840698,0.9737056493759155,0.9736754894256592,0.973872184753418
252_class-785,0.9851619601249695,0.6789327263832092,0.9829904437065125,0.9867033958435059,0.6789488792419434,0.6822700500488281
253_class-785,0.9824318885803223,0.9821723699569702,0.9821169376373291,0.9831769466400146,0.9822769165039062,0.9821897745132446
254_class-785,0.9786602258682251,0.9785938262939453,0.978542685508728,0.9786158800125122,0.9785499572753906,0.9785645008087158
255_class-785,0.9854252338409424,0.9853948354721069,0.9855269193649292,0.9853441715240479,0.7951763868331909,0.985434353351593
256_class-785,0.9556492567062378,0.9552598595619202,0.9558331966400146,0.9556588530540466,0.9556903839111328,0.9555503129959106
257_class-785,0.9018893837928772,0.902084231376648,0.08638453483581543,0.9020437002182007,0.9020280241966248,0.6078065633773804
258_class-785,0.9838541746139526,0.9835208654403687,0.9834625720977783,0.9833008646965027,0.9832781553268433,0.983521580696106
259_class-785,0.9892551898956299,0.9892966151237488,0.9892963171005249,0.9893633127212524,0.9893131256103516,0.9892548322677612
260_class-786,0.97893226146698,0.9787946939468384,0.9789333343505859,0.9789338707923889,0.9788259863853455,0.9788254499435425
261_class-786,0.9904291033744812,0.9904170036315918,0.9904922246932983,0.9904568195343018,0.9904925227165222,0.9904578328132629
262_class-786,0.9879248142242432,0.9888629913330078,0.9884846806526184,0.9871246814727783,0.9886512756347656,0.9890161752700806
263_class-786,0.9851385354995728,0.9852080941200256,0.9852578639984131,0.985255241394043,0.9852805137634277,0.9852091670036316
264_class-786,0.9876646995544434,0.9881696701049805,0.9882310628890991,0.988038182258606,0.9881798624992371,0.9876263737678528
265_class-786,0.9821099042892456,0.9821754693984985,0.9820623397827148,0.9821666479110718,0.9821195602416992,0.982101321220398
266_class-786,0.9749851226806641,0.9752328395843506,0.9751597046852112,0.9749126434326172,0.9753627777099609,0.9752851724624634
267_class-786,0.9708231687545776,0.977691650390625,0.9738236665725708,0.9705778956413269,0.9724479913711548,0.3457634747028351
268_class-786,0.9682471752166748,0.9583609104156494,0.6071627736091614,0.959762692451477,0.9688464403152466,0.968934178352356
269_class-786,0.978937029838562,0.9791480898857117,0.9791791439056396,0.9792165756225586,0.979195237159729,0.9790067076683044
270_class-787,0.8881334066390991,0.8883084058761597,0.8209991455078125,0.8431961536407471,0.8870002031326294,0.8886892795562744
271_class-787,0.9411787986755371,0.7813947200775146,0.2812859117984772,0.7858456969261169,0.7794791460037231,0.785193920135498
272_class-787,0.800944983959198,0.8881974220275879,0.8012850284576416,0.8499755859375,0.023609429597854614,0.8835949897766113
273_class-787,0.8572111129760742,0.9239846467971802,0.22304651141166687,0.9274779558181763,0.22076019644737244,0.9301852583885193
274_class-787,0.9466812610626221,0.8012487292289734,0.9476056098937988,0.8841485977172852,0.9475401639938354,0.8873794078826904
275_class-787,0.931307315826416,0.8229400515556335,0.9586732387542725,0.9067676067352295,0.9590288400650024,0.9314039945602417
276_class-787,0.9590840935707092,0.9587956666946411,0.9591013193130493,0.9577286243438721,0.8925762176513672,0.9575961828231812
277_class-787,0.9515255689620972,0.9512920379638672,0.9517865777015686,0.951676607131958,0.669205367565155,0.9529386758804321
278_class-787,0.29810255765914917,0.29560598731040955,0.9338061809539795,0.29862600564956665,0.9375019073486328,0.29903948307037354
279_class-787,0.9250956177711487,0.9430950284004211,0.9266411066055298,0.9250204563140869,0.9258228540420532,0.9264236092567444
280_class-788,0.9476892948150635,0.9477397203445435,0.9476965665817261,0.9429981708526611,0.9477046728134155,0.948418378829956
281_class-788,0.9605127573013306,0.9607148170471191,0.9605648517608643,0.9594654440879822,0.959954023361206,0.960774838924408
282_class-788,0.9282941818237305,0.9302409291267395,0.9307552576065063,0.9310196042060852,0.9309431314468384,0.9309638738632202
283_class-788,0.9269663095474243,0.9265710115432739,0.9268275499343872,0.9253862500190735,0.9263839721679688,0.9267096519470215
284_class-788,0.9520195722579956,0.9527294039726257,0.9540632963180542,0.9546599984169006,0.9540355205535889,0.9529430270195007
285_class-788,0.9675726890563965,0.9673953056335449,0.9676522612571716,0.9673076868057251,0.9670416116714478,0.9674906730651855
286_class-788,0.9597177505493164,0.9601860642433167,0.9587529897689819,0.9641451239585876,0.9607197642326355,0.9613204002380371
287_class-788,0.9632710218429565,0.9632880687713623,0.9633049368858337,0.9599953889846802,0.963397741317749,0.9633294343948364
288_class-788,0.949104905128479,0.9539413452148438,0.9537560939788818,0.9536923766136169,0.9536424875259399,0.9487784504890442
289_class-788,0.9258959293365479,0.9035145044326782,0.9299954175949097,0.9025232791900635,0.9063769578933716,0.9276515245437622
290_class-789,0.9417908191680908,0.9416952133178711,0.9416564702987671,0.9417677521705627,0.9417032599449158,0.9418529868125916
291_class-789,0.9441120624542236,0.9413489699363708,0.9438678622245789,0.9423097372055054,0.9426877498626709,0.9439749121665955
292_class-789,0.9422147870063782,0.9399603009223938,0.9375190734863281,0.9552559852600098,0.9521757960319519,0.937934398651123
293_class-789,0.9642279148101807,0.9641452431678772,0.9642497301101685,0.9641664028167725,0.9642093777656555,0.9642541408538818
294_class-789,0.9553601741790771,0.9550882577896118,0.9552983045578003,0.9556165933609009,0.9553115367889404,0.9554662704467773
295_class-789,0.8748686909675598,0.9125444293022156,0.8726788759231567,0.939806342124939,0.9408798217773438,0.9435767531394958
296_class-789,0.966911792755127,0.966942548751831,0.9650035500526428,0.9667407870292664,0.9668624401092529,0.9669589996337891
297_class-789,0.958526074886322,0.9588512182235718,0.9585789442062378,0.9586018919944763,0.958533525466919,0.9585264921188354
298_class-789,0.9543874263763428,0.9544767141342163,0.9545941352844238,0.9544187188148499,0.9544538259506226,0.9544676542282104
299_class-789,0.9472849369049072,0.9476659297943115,0.9476428031921387,0.9474773406982422,0.949172854423523,0.9440156817436218
300_class-790,0.8159723281860352,0.9837586283683777,0.8705538511276245,0.6333512663841248,0.6055973768234253,0.7767993807792664
301_class-790,0.9919450283050537,0.9919055700302124,0.9918537735939026,0.9918926954269409,0.9918537735939026,0.9919986724853516
302_class-790,0.9782745838165283,0.9446734189987183,0.9793990850448608,0.9441224336624146,0.9466220140457153,0.9802122116088867
303_class-790,0.9912455081939697,0.9909390211105347,0.6609045267105103,0.792941689491272,0.7542822360992432,0.7214882969856262
304_class-790,0.9506988525390625,0.9614681601524353,0.9845350980758667,0.9842203259468079,0.9560757875442505,0.9574669599533081
305_class-790,0.9856760501861572,0.9857720732688904,0.98569256067276,0.9857111573219299,0.9857715368270874,0.9857103228569031
306_class-790,0.787451982498169,0.7757514119148254,0.9646381139755249,0.9686908721923828,0.9625098705291748,0.9681481122970581
307_class-790,0.9746739864349365,0.5996357202529907,0.9746416807174683,0.9746271967887878,0.9746122360229492,0.974481999874115
308_class-790,0.9862306118011475,0.9868097305297852,0.9864827394485474,0.9868903160095215,0.7147117853164673,0.9865332841873169
309_class-790,0.9857059717178345,0.9857430458068848,0.9856687784194946,0.9854575395584106,0.9855082035064697,0.9856206178665161
310_class-791,0.3645779490470886,0.4429737627506256,0.37055671215057373,0.4446490406990051,0.44454702734947205,0.3676137328147888
311_class-791,0.27565667033195496,0.9350391626358032,0.7878038883209229,0.9138193726539612,0.1314784288406372,0.27103191614151
312_class-791,0.798890233039856,0.8057947158813477,0.7624573707580566,0.8014839887619019,0.7343305349349976,0.8305375576019287
313_class-791,0.06814455986022949,0.7240331172943115,0.062041737139225006,0.8546006679534912,0.06579256057739258,0.8174733519554138
314_class-791,0.890753448009491,0.8845820426940918,0.8844929933547974,0.8846463561058044,0.8847224712371826,0.8846273422241211
315_class-791,0.9487487077713013,0.47162753343582153,0.9541046619415283,0.9533921480178833,0.9534202814102173,0.9549736380577087
316_class-791,0.737079381942749,0.7361271381378174,0.7708162069320679,0.7615736722946167,0.7608762979507446,0.29223859310150146
317_class-791,0.7944109439849854,0.7942948341369629,0.7944095134735107,0.8466665148735046,0.8463623523712158,0.9003602266311646
318_class-791,0.8647400140762329,0.8639658689498901,0.9237699508666992,0.8654002547264099,0.8584055304527283,0.8623524308204651
319_class-791,0.7817741632461548,0.7032623887062073,0.09339973330497742,0.6503958106040955,0.09346762299537659,0.603438138961792
320_class-792,0.9634698629379272,0.9637376070022583,0.963485836982727,0.9640810489654541,0.963407039642334,0.9638767242431641
321_class-792,0.8322984576225281,0.8321995139122009,0.841373085975647,0.9455116987228394,0.8415031433105469,0.8414491415023804
322_class-792,0.7060564160346985,0.705775260925293,0.7067515850067139,0.70658940076828,0.7060248255729675,0.706270694732666
323_class-792,0.9373373985290527,0.9371326565742493,0.9379749894142151,0.32163751125335693,0.936794638633728,0.9361022710800171
324_class-792,0.9851988554000854,0.9849777817726135,0.9851309061050415,0.9850975275039673,0.9848294258117676,0.9850448369979858
325_class-792,0.9648151397705078,0.9151785969734192,0.915162205696106,0.9656929969787598,0.9153008460998535,0.9153729677200317
326_class-792,0.9679108262062073,0.9680441617965698,0.9679627418518066,0.9677579998970032,0.968055248260498,0.3902120590209961
327_class-792,0.9570902585983276,0.9566184282302856,0.9562459588050842,0.9567468166351318,0.9564393758773804,0.9564715623855591
328_class-792,0.8013266324996948,0.9307891130447388,0.7926686406135559,0.7862148284912109,0.7924357652664185,0.9154585599899292
329_class-792,0.8681062459945679,0.8674347996711731,0.836815595626831,0.8669754266738892,0.866571307182312,0.8392740488052368
330_class-793,0.888695478439331,0.8958630561828613,0.5325117111206055,0.6224570274353027,0.5349208116531372,0.6184932589530945
331_class-793,0.6953337788581848,0.6827991604804993,0.7680426836013794,0.9050647020339966,0.5704828500747681,0.767196536064148
332_class-793,0.6647787094116211,0.6263119578361511,0.8613035678863525,0.7531609535217285,0.47258636355400085,0.562326967716217
333_class-793,0.9595495462417603,0.959547221660614,0.9588338136672974,0.32599952816963196,0.958824872970581,0.44311729073524475
334_class-793,0.950501561164856,0.9489066004753113,0.9491470456123352,0.9489420652389526,0.9487199187278748,0.9494738578796387
335_class-793,0.9337524175643921,0.9365781545639038,0.9363913536071777,0.1252753734588623,0.9333533644676208,0.92313152551651
336_class-793,0.8711414933204651,0.6850631833076477,0.5370017290115356,0.6111176013946533,0.6949769854545593,0.5958991646766663
337_class-793,0.8968910574913025,0.8829989433288574,0.6180963516235352,0.466494619846344,0.49418312311172485,0.6079908609390259
338_class-793,0.8605653047561646,0.7740873694419861,0.9287842512130737,0.5445884466171265,0.9508967399597168,0.9507901668548584
339_class-793,0.9140238165855408,0.9147773385047913,0.11662357300519943,0.9104406833648682,0.9044455885887146,0.9032579660415649
340_class-794,0.9813650250434875,0.9812781810760498,0.9814925193786621,0.9812060594558716,0.981096625328064,0.9810532927513123
341_class-794,0.42004793882369995,0.41985005140304565,0.4198405146598816,0.4196660816669464,0.42003753781318665,0.4204091429710388
342_class-794,0.9915988445281982,0.9915632009506226,0.991492509841919,0.9914926290512085,0.9914460182189941,0.9915041923522949
343_class-794,0.9881662130355835,0.9849027395248413,0.48445481061935425,0.9883159399032593,0.985083818435669,0.761243462562561
344_class-794,0.7924230098724365,0.9614536762237549,0.8228089809417725,0.826295793056488,0.9609546065330505,0.860957145690918
345_class-794,0.9913173913955688,0.9912422895431519,0.9913612604141235,0.6836473941802979,0.9914462566375732,0.678350567817688
346_class-794,0.991236686706543,0.9913819432258606,0.9912862181663513,0.9912182092666626,0.9713209867477417,0.9912799000740051
347_class-794,0.9883999824523926,0.988215446472168,0.988067626953125,0.9888285398483276,0.946648120880127,0.9886735677719116
348_class-794,0.2860441207885742,0.4967474043369293,0.49642571806907654,0.4963024854660034,0.496399849653244,0.4959261417388916
349_class-794,0.9870394468307495,0.9866853952407837,0.8454360961914062,0.9869508743286133,0.9868633151054382,0.8793311715126038
350_class-795,0.9185649156570435,0.9233686923980713,0.8850399255752563,0.7095298767089844,0.925731897354126,0.7070406079292297
351_class-795,0.9214671850204468,0.8907513618469238,0.8949949741363525,0.9007583856582642,0.9217383861541748,0.9230524301528931
352_class-795,0.9609887599945068,0.9628863334655762,0.9609359502792358,0.9628113508224487,0.9629742503166199,0.9610086679458618
353_class-795,0.9603087902069092,0.9423354268074036,0.7342758178710938,0.564970076084137,0.9604469537734985,0.9598163366317749
354_class-795,0.3895597457885742,0.9669559597969055,0.967207670211792,0.9671776294708252,0.9654142260551453,0.9646406173706055
355_class-795,0.9157711267471313,0.9143827557563782,0.9166277050971985,0.9138423800468445,0.9136757850646973,0.913863480091095
356_class-795,0.7518849968910217,0.606918215751648,0.9192197322845459,0.20810705423355103,0.396024227142334,0.21010032296180725
357_class-795,0.9048095941543579,0.9072222709655762,0.9062649011611938,0.9077251553535461,0.9061897993087769,0.9057300090789795
358_class-795,0.9648345708847046,0.9645863771438599,0.9653499722480774,0.9660294055938721,0.9646856784820557,0.9646115899085999
359_class-795,0.9048211574554443,0.905768871307373,0.8938984274864197,0.9060831069946289,0.9192283749580383,0.9061757326126099
360_class-796,0.8922829627990723,0.9395757913589478,0.891566812992096,0.8938452005386353,0.8938409090042114,0.8744060397148132
361_class-796,0.960277259349823,0.9603475332260132,0.9601958990097046,0.960627555847168,0.9602630138397217,0.958817183971405
362_class-796,0.9619283080101013,0.9630167484283447,0.9627995491027832,0.962955117225647,0.9619817733764648,0.9416642785072327
363_class-796,0.8765356540679932,0.8744584321975708,0.8715580105781555,0.8707969784736633,0.8711267709732056,0.8710774183273315
364_class-796,0.9215388894081116,0.9223012924194336,0.9225724935531616,0.921960711479187,0.9221751689910889,0.9222414493560791
365_class-796,0.9509215354919434,0.9506483674049377,0.9506076574325562,0.9510641694068909,0.9508776664733887,0.9482200145721436
366_class-796,0.9727555513381958,0.9722796678543091,0.9726395606994629,0.9723462462425232,0.9723018407821655,0.9726790189743042
367_class-796,0.9660393595695496,0.9661276936531067,0.7800736427307129,0.9667632579803467,0.9665733575820923,0.7722181677818298
368_class-796,0.9874019622802734,0.9874107837677002,0.98789381980896,0.9874540567398071,0.9874531030654907,0.9874801635742188
369_class-796,0.9654821157455444,0.9654887914657593,0.9653558731079102,0.9653692245483398,0.965355396270752,0.9654823541641235
370_class-797,0.9889055490493774,0.9889055490493774,0.9888828992843628,0.9889585971832275,0.988981306552887,0.9889509677886963
371_class-797,0.7671282291412354,0.7665903568267822,0.5099926590919495,0.5428065657615662,0.991191029548645,0.7664752006530762
372_class-797,0.9879858493804932,0.9886780977249146,0.9882971048355103,0.9887576103210449,0.988383948802948,0.9884992837905884
373_class-797,0.9935792088508606,0.9934149980545044,0.9930173754692078,0.9935059547424316,0.9930427074432373,0.9930176734924316
374_class-797,0.7607830762863159,0.9779819250106812,0.7152687907218933,0.8734763860702515,0.9736286401748657,0.7475677728652954
375_class-797,0.8806056380271912,0.9678484797477722,0.9631240367889404,0.9649640321731567,0.9649194478988647,0.9651703238487244
376_class-797,0.9848494529724121,0.7185121178627014,0.7202936410903931,0.7207971811294556,0.7202966213226318,0.7197778224945068
377_class-797,0.5000792741775513,0.49975311756134033,0.49955981969833374,0.9865995645523071,0.9866510033607483,0.49969008564949036
378_class-797,0.9915903210639954,0.49450600147247314,0.9916024208068848,0.991640567779541,0.49609217047691345,0.49618011713027954
379_class-797,0.9929230213165283,0.9931079149246216,0.9931191205978394,0.9931406378746033,0.9930647611618042,0.9931296110153198
380_class-798,0.7647846937179565,0.9913467168807983,0.9913641214370728,0.9913469552993774,0.9913551807403564,0.7646406292915344
381_class-798,0.44596830010414124,0.4230642318725586,0.42341533303260803,0.004160316661000252,0.006008980795741081,0.06546688824892044
382_class-798,0.5834817290306091,0.9880846738815308,0.9893360733985901,0.989335834980011,0.9471935033798218,0.9893051385879517
383_class-798,0.9761232137680054,0.967637300491333,0.5934169292449951,0.5934703350067139,0.9678706526756287,0.9677208662033081
384_class-798,0.9889347553253174,0.9892127513885498,0.9891201257705688,0.9886202812194824,0.04468059167265892,0.9890981912612915
385_class-798,0.989837110042572,0.6942154765129089,0.9899545907974243,0.6942095160484314,0.693973183631897,0.6940393447875977
386_class-798,0.38495615124702454,0.3847646713256836,0.37824898958206177,0.3783332109451294,0.37930628657341003,0.3764951229095459
387_class-798,0.04087824746966362,0.9149274230003357,0.04241207242012024,0.0427083894610405,0.04271983355283737,0.04270787164568901
388_class-798,0.78309565782547,0.7829503417015076,0.782982587814331,0.7824337482452393,0.7822838425636292,0.9702187776565552
389_class-798,0.9859703779220581,0.9859530329704285,0.9859621524810791,0.9859795570373535,0.985918402671814,0.9859446287155151
390_class-799,0.9304181933403015,0.9303656816482544,0.930578351020813,0.9305970668792725,0.9307096004486084,0.9304642677307129
391_class-799,0.9904510974884033,0.9904958009719849,0.9904361963272095,0.9904062747955322,0.9904661178588867,0.9904137849807739
392_class-799,0.9918917417526245,0.9918821454048157,0.9919304251670837,0.9915450811386108,0.99188232421875,0.991863489151001
393_class-799,0.9727816581726074,0.9728914499282837,0.9728826880455017,0.9728026390075684,0.9728330373764038,0.9727827906608582
394_class-799,0.924505352973938,0.709762454032898,0.7104690074920654,0.9180532097816467,0.9178922772407532,0.9265438318252563
395_class-799,0.9521893262863159,0.9532260894775391,0.9530389308929443,0.952932596206665,0.9530279636383057,0.951968789100647
396_class-799,0.8579058647155762,0.8620247840881348,0.8576750159263611,0.9519264698028564,0.8577160835266113,0.9521694183349609
397_class-799,0.41376417875289917,0.9395250082015991,0.9396173357963562,0.9393279552459717,0.9393100738525391,0.504868745803833
398_class-799,0.9904738664627075,0.8366596698760986,0.9903944730758667,0.7345975637435913,0.8660368323326111,0.9903751611709595
399_class-799,0.9843037128448486,0.980676531791687,0.9807400703430176,0.9806334376335144,0.9845409393310547,0.9844871759414673
400_class-800,0.9787254333496094,0.9874014854431152,0.9788651466369629,0.9786795377731323,0.9803610444068909,0.9876031279563904
401_class-800,0.9894925355911255,0.9894627332687378,0.9895001649856567,0.9887726306915283,0.9886156916618347,0.9885554909706116
402_class-800,0.9793442487716675,0.979332447052002,0.979405403137207,0.9795359373092651,0.979328989982605,0.9792747497558594
403_class-800,0.9880346059799194,0.9862803816795349,0.9877581000328064,0.990224301815033,0.9874470233917236,0.9887603521347046
404_class-800,0.9748020768165588,0.9755206108093262,0.9755290150642395,0.9763011932373047,0.9754924774169922,0.9757529497146606
405_class-800,0.967371940612793,0.9746738076210022,0.9785417318344116,0.9745938777923584,0.9671626091003418,0.9671265482902527
406_class-800,0.9905776977539062,0.990577757358551,0.9906005263328552,0.9905775785446167,0.9906154870986938,0.9906232357025146
407_class-800,0.9797688722610474,0.9799003601074219,0.9796829223632812,0.9771530628204346,0.9796908497810364,0.97972172498703
408_class-800,0.9822044968605042,0.9819468259811401,0.9779038429260254,0.9820724129676819,0.9821106195449829,0.9805487394332886
409_class-800,0.9775772094726562,0.9779735803604126,0.9699537754058838,0.9760518074035645,0.9779806137084961,0.9762423038482666
410_class-801,0.6918315887451172,0.9547107219696045,0.7025438547134399,0.956748902797699,0.9565083980560303,0.9523247480392456
411_class-801,0.9811021089553833,0.98116135597229,0.9786258935928345,0.9807850122451782,0.9812512397766113,0.9806259870529175
412_class-801,0.6999484300613403,0.7665032148361206,0.7664309740066528,0.6882792115211487,0.7657793164253235,0.7665272951126099
413_class-801,0.9668429493904114,0.9673842191696167,0.9666057229042053,0.967322587966919,0.8179193735122681,0.9673523902893066
414_class-801,0.5411549806594849,0.958098292350769,0.8190435171127319,0.9574133157730103,0.5402842164039612,0.5410138964653015
415_class-801,0.9818647503852844,0.8484430313110352,0.9818066358566284,0.9502511620521545,0.8027282953262329,0.9499270915985107
416_class-801,0.8673566579818726,0.9393863081932068,0.901404619216919,0.8672400116920471,0.9399412870407104,0.9019606113433838
417_class-801,0.9551718831062317,0.9562289714813232,0.9583260416984558,0.9551345109939575,0.9556745290756226,0.9560271501541138
418_class-801,0.9809819459915161,0.9799976348876953,0.7964636087417603,0.796087920665741,0.5961334705352783,0.7466865181922913
419_class-801,0.5723177790641785,0.6788460612297058,0.8799540996551514,0.880659818649292,0.8818485736846924,0.8866064548492432
420_class-802,0.7159103155136108,0.7148246765136719,0.7155337333679199,0.7151685953140259,0.7155376672744751,0.7155146598815918
421_class-802,0.9825551509857178,0.9828308820724487,0.9827183485031128,0.982913076877594,0.9826471209526062,0.9827193021774292
422_class-802,0.6866973042488098,0.68678218126297,0.6866278648376465,0.6866607666015625,0.9718605279922485,0.6867420077323914
423_class-802,0.9842653274536133,0.9841844439506531,0.9843751192092896,0.9842413663864136,0.984409511089325,0.9843864440917969
424_class-802,0.9872385263442993,0.9872273802757263,0.9869377613067627,0.9869825839996338,0.9872280359268188,0.9870976209640503
425_class-802,0.9346812963485718,0.9352375864982605,0.9343863129615784,0.5835754871368408,0.9351807236671448,0.9347754716873169
426_class-802,0.9594548940658569,0.854537844657898,0.9593702554702759,0.9596362113952637,0.9595797657966614,0.9594812393188477
427_class-802,0.9135869145393372,0.7156742215156555,0.6575524806976318,0.7682385444641113,0.8080211877822876,0.7500674724578857
428_class-802,0.7998356223106384,0.7997372150421143,0.7997243404388428,0.8006460666656494,0.9728674292564392,0.9728504419326782
429_class-802,0.65387362241745,0.6542161107063293,0.6532898545265198,0.2692919671535492,0.6564396619796753,0.657168984413147
430_class-803,0.6525316834449768,0.6515470743179321,0.6660971641540527,0.6526128649711609,0.6526188850402832,0.6526741981506348
431_class-803,0.9683113098144531,0.967901349067688,0.9679756760597229,0.9680231213569641,0.9678375720977783,0.9677499532699585
432_class-803,0.9289838671684265,0.8108009099960327,0.9286764860153198,0.9287890791893005,0.9287764430046082,0.9278632998466492
433_class-803,0.9179708361625671,0.9169469475746155,0.8066686987876892,0.9153749942779541,0.917628824710846,0.9177601337432861
434_class-803,0.5499839782714844,0.9608902335166931,0.6386666297912598,0.5500123500823975,0.6389108896255493,0.9609631299972534
435_class-803,0.8058671951293945,0.6086627840995789,0.6070585250854492,0.6653724312782288,0.6027703285217285,0.6081874370574951
436_class-803,0.9654820561408997,0.29546427726745605,0.9631274342536926,0.02670808881521225,0.9432764649391174,0.831733226776123
437_class-803,0.6898729205131531,0.716127336025238,0.5138294100761414,0.6743533611297607,0.7279123067855835,0.6419921517372131
438_class-803,0.9675664901733398,0.9675403833389282,0.8619798421859741,0.9672435522079468,0.967632532119751,0.9669108390808105
439_class-803,0.07940250635147095,0.779674232006073,0.9356361627578735,0.9363729953765869,0.9372490644454956,0.9362660646438599
440_class-804,0.972618818283081,0.9725793600082397,0.9726271033287048,0.9725698232650757,0.9725068211555481,0.9726271033287048
441_class-804,0.8816998600959778,0.8724456429481506,0.8824554681777954,0.8726759552955627,0.882184624671936,0.8737143874168396
442_class-804,0.3194984197616577,0.318231999874115,0.31810513138771057,0.31814128160476685,0.318170428276062,0.3199737071990967
443_class-804,0.4129263162612915,0.4086674451828003,0.942538321018219,0.9725203514099121,0.9126496911048889,0.4097520112991333
444_class-804,0.9736208319664001,0.9736508131027222,0.973691463470459,0.9736883044242859,0.9737195372581482,0.9740018248558044
445_class-804,0.8928864598274231,0.8923303484916687,0.8945271968841553,0.8934445977210999,0.8930219411849976,0.8937135934829712
446_class-804,0.9830064177513123,0.982926070690155,0.9830294847488403,0.9829958081245422,0.9829363822937012,0.9829607009887695
447_class-804,0.9544711709022522,0.9540128707885742,0.9556137323379517,0.9209111928939819,0.955508828163147,0.9513671398162842
448_class-804,0.9697202444076538,0.9696271419525146,0.9694948196411133,0.9695298671722412,0.9697381258010864,0.9699141383171082
449_class-804,0.9744358062744141,0.9743106365203857,0.9736102819442749,0.9746395349502563,0.9746754169464111,0.9740893840789795
450_class-805,0.8357685804367065,0.7969011664390564,0.834363579750061,0.7513837814331055,0.8352801203727722,0.79599928855896
451_class-805,0.98374342918396,0.983665943145752,0.9838131666183472,0.9837052226066589,0.983797550201416,0.9837898015975952
452_class-805,0.9653403759002686,0.7817693948745728,0.964002251625061,0.7796989679336548,0.781326174736023,0.7792820334434509
453_class-805,0.817074179649353,0.8166098594665527,0.9673551321029663,0.815481424331665,0.801323413848877,0.8473503589630127
454_class-805,0.9637848138809204,0.964440107345581,0.18771739304065704,0.7026447057723999,0.9665132761001587,0.9634107947349548
455_class-805,0.9661006927490234,0.9662635326385498,0.9660166501998901,0.7498611807823181,0.9662390947341919,0.9662776589393616
456_class-805,0.9713072776794434,0.9711708426475525,0.9715224504470825,0.9713060855865479,0.9711581468582153,0.9709370732307434
457_class-805,0.620047926902771,0.9715983867645264,0.6200622320175171,0.6202701330184937,0.6198224425315857,0.7241556644439697
458_class-805,0.9545035362243652,0.8559933304786682,0.9564083814620972,0.9548482894897461,0.9549815654754639,0.8561900854110718
459_class-805,0.9790274500846863,0.9833385944366455,0.9826194047927856,0.9796311259269714,0.9824974536895752,0.9804432392120361
460_class-806,0.9861000180244446,0.9861850738525391,0.9861463904380798,0.9860693216323853,0.9861699342727661,0.9860693216323853
461_class-806,0.9907606840133667,0.9907233715057373,0.9907683730125427,0.9907459616661072,0.9907683730125427,0.9907459616661072
462_class-806,0.9824509620666504,0.9825966358184814,0.9824919700622559,0.9825467467308044,0.9823873043060303,0.9824184775352478
463_class-806,0.9858847260475159,0.9860245585441589,0.985962986946106,0.9860166311264038,0.9859939217567444,0.9859235286712646
464_class-806,0.990410327911377,0.9902883172035217,0.9904406666755676,0.9904482364654541,0.9904028177261353,0.9904104471206665
465_class-806,0.924866795539856,0.9247778654098511,0.9247307777404785,0.9248945713043213,0.9250128269195557,0.9248464107513428
466_class-806,0.9851278066635132,0.9852622747421265,0.985292375087738,0.9853520393371582,0.9851428270339966,0.9852771759033203
467_class-806,0.7649487257003784,0.7649205327033997,0.7645940780639648,0.7646597623825073,0.7646738290786743,0.765225887298584
468_class-806,0.9835175275802612,0.9835172891616821,0.9834250211715698,0.9835265874862671,0.9835079312324524,0.9834901094436646
469_class-806,0.9850652813911438,0.9850747585296631,0.9850932359695435,0.9850366711616516,0.985121488571167,0.9850940704345703
470_class-807,0.93009352684021,0.9300668835639954,0.9291996955871582,0.9296478033065796,0.9300744533538818,0.9306344389915466
471_class-807,0.9574635624885559,0.9571579694747925,0.9582128524780273,0.9575474858283997,0.9560525417327881,0.9568933844566345
472_class-807,0.9476128816604614,0.9470664262771606,0.9477146863937378,0.9474480152130127,0.9474464654922485,0.9474412202835083
473_class-807,0.8480907082557678,0.8481541275978088,0.8481305241584778,0.8484405875205994,0.8992592096328735,0.8484059572219849
474_class-807,0.8776736855506897,0.9452235698699951,0.5799328088760376,0.9440016746520996,0.9447783827781677,0.945225179195404
475_class-807,0.9338686466217041,0.9333704710006714,0.9331774711608887,0.9341809749603271,0.9330077171325684,0.9324821829795837
476_class-807,0.9375137090682983,0.9377652406692505,0.9376672506332397,0.937653124332428,0.9374507665634155,0.9376180171966553
477_class-807,0.9779553413391113,0.9780658483505249,0.9779226779937744,0.9778244495391846,0.9779121279716492,0.9780683517456055
478_class-807,0.8616272211074829,0.8612808585166931,0.861082911491394,0.8613141179084778,0.8612439632415771,0.934726357460022
479_class-807,0.9428713321685791,0.9431027173995972,0.9431286454200745,0.9128824472427368,0.9424780607223511,0.9441255331039429
480_class-808,0.9693361520767212,0.969269871711731,0.9693438410758972,0.9693211317062378,0.9693138599395752,0.9692990779876709
481_class-808,0.9360963106155396,0.9359645843505859,0.9362004399299622,0.936144232749939,0.9362372159957886,0.9359949827194214
482_class-808,0.9712648391723633,0.9712474942207336,0.9711041450500488,0.9713538289070129,0.9712721109390259,0.971204400062561
483_class-808,0.6394209265708923,0.9691187143325806,0.9330636262893677,0.6268962621688843,0.9323894381523132,0.9704040288925171
484_class-808,0.9709219932556152,0.9712166786193848,0.97100830078125,0.9715914726257324,0.9712830781936646,0.9715253114700317
485_class-808,0.9528193473815918,0.9528274536132812,0.9526947736740112,0.9532660841941833,0.9530370235443115,0.9527804851531982
486_class-808,0.9443711042404175,0.9487310647964478,0.9440194964408875,0.9441320896148682,0.9447367191314697,0.9396668672561646
487_class-808,0.9364978671073914,0.9373776912689209,0.9377957582473755,0.9383108019828796,0.7305350303649902,0.9370695352554321
488_class-808,0.9674544334411621,0.966743528842926,0.967343807220459,0.9669275283813477,0.9673106670379639,0.9674841165542603
489_class-808,0.4376659095287323,0.17015856504440308,0.9609330296516418,0.9605217576026917,0.1693262755870819,0.1692972183227539
490_class-809,0.9468632936477661,0.6708583831787109,0.9589613676071167,0.6719788908958435,0.9460630416870117,0.9457576274871826
491_class-809,0.9360769987106323,0.9333933591842651,0.9363038539886475,0.9300993084907532,0.9324167966842651,0.9369051456451416
492_class-809,0.791911244392395,0.7922817468643188,0.7926136255264282,0.9137415885925293,0.7919981479644775,0.9144941568374634
493_class-809,0.9527731537818909,0.9451730847358704,0.9528063535690308,0.9370834827423096,0.952303409576416,0.732559323310852
494_class-809,0.745597779750824,0.7463374137878418,0.7456265687942505,0.7458082437515259,0.745388388633728,0.7457780838012695
495_class-809,0.5744028091430664,0.9682083129882812,0.5856826305389404,0.9681282639503479,0.57337886095047,0.9682995676994324
496_class-809,0.28749361634254456,0.28694942593574524,0.2868313789367676,0.2853432297706604,0.2856028079986572,0.2868666648864746
497_class-809,0.9006204605102539,0.9005403518676758,0.9004929065704346,0.9027101397514343,0.901614248752594,0.9026006460189819
498_class-809,0.9181017875671387,0.9170063138008118,0.9176843166351318,0.9168065786361694,0.9156017303466797,0.9178688526153564
499_class-809,0.8580626845359802,0.8581756949424744,0.9621150493621826,0.8578634858131409,0.9617019891738892,0.9628618955612183
500_class-810,0.36210644245147705,0.4987918734550476,0.4988880753517151,0.8176029324531555,0.49950358271598816,0.8149695992469788
501_class-810,0.9916876554489136,0.9916566610336304,0.9916977882385254,0.9916467666625977,0.9917060136795044,0.9917275905609131
502_class-810,0.7593728303909302,0.6757727265357971,0.9549174308776855,0.7025525569915771,0.7613189220428467,0.5877988934516907
503_class-810,0.9858424663543701,0.9859316349029541,0.9858310222625732,0.9858317375183105,0.9859093427658081,0.9858760833740234
504_class-810,0.6461868286132812,0.8814881443977356,0.06259782612323761,0.8847862482070923,0.88315749168396,0.8819624185562134
505_class-810,0.5771775245666504,0.9609684944152832,0.9611074924468994,0.5765919089317322,0.9611671566963196,0.9608110189437866
506_class-810,0.9808561205863953,0.980769693851471,0.9808639287948608,0.9808475375175476,0.9808292984962463,0.9808815121650696
507_class-810,0.990964949131012,0.9910725355148315,0.990932822227478,0.9910395741462708,0.9909740686416626,0.9909822940826416
508_class-810,0.6819721460342407,0.46927815675735474,0.565360963344574,0.5012277960777283,0.8511900901794434,0.5406237244606018
509_class-810,0.9566739797592163,0.9564681053161621,0.956580638885498,0.9568610191345215,0.9568116664886475,0.9563743472099304
510_class-811,0.9409706592559814,0.9371886253356934,0.9361184239387512,0.9381699562072754,0.9335780143737793,0.9408620595932007
511_class-811,0.9291812181472778,0.9290021657943726,0.9333306550979614,0.928554356098175,0.9284000992774963,0.8182586431503296
512_class-811,0.9018077850341797,0.9067161083221436,0.9065638780593872,0.9058324098587036,0.910167932510376,0.9022432565689087
513_class-811,0.9336869716644287,0.7642098665237427,0.9339869022369385,0.9348070621490479,0.9328885078430176,0.8128724098205566
514_class-811,0.9690642952919006,0.9653201103210449,0.8334704637527466,0.8334959149360657,0.9637241363525391,0.9699445366859436
515_class-811,0.9103074669837952,0.9255915880203247,0.6756514310836792,0.7959424257278442,0.7915274500846863,0.9255764484405518
516_class-811,0.9277102947235107,0.5667717456817627,0.9279669523239136,0.9271124601364136,0.9258431196212769,0.01692356914281845
517_class-811,0.44452789425849915,0.018543878570199013,0.018449710682034492,0.018485773354768753,0.413400262594223,0.018449710682034492
518_class-811,0.8637892007827759,0.00905383750796318,0.7096284627914429,0.86509770154953,0.010955039411783218,0.8668813705444336
519_class-811,0.7399062514305115,0.900404691696167,0.739692211151123,0.7405699491500854,0.9114944934844971,0.9108307361602783
520_class-812,0.9806379079818726,0.9823744297027588,0.9808251857757568,0.9825192093849182,0.9817855954170227,0.9822235107421875
521_class-812,0.6442654132843018,0.7943060398101807,0.6339958310127258,0.8023380637168884,0.8002935647964478,0.6895349621772766
522_class-812,0.7271403074264526,0.892235517501831,0.7394500970840454,0.764837920665741,0.7349729537963867,0.7205111980438232
523_class-812,0.9349371194839478,0.9431185722351074,0.04097069427371025,0.9361742734909058,0.05061052367091179,0.04101649299263954
524_class-812,0.8832892775535583,0.9692856073379517,0.9667776823043823,0.96933513879776,0.9693641066551208,0.8817494511604309
525_class-812,0.9833067655563354,0.9831985235214233,0.9832309484481812,0.983228325843811,0.983150839805603,0.9832607507705688
526_class-812,0.512369692325592,0.6270688772201538,0.9462611675262451,0.948691725730896,0.48310863971710205,0.9459586143493652
527_class-812,0.028370270505547523,0.4814356565475464,0.028461821377277374,0.02838275395333767,0.6586254239082336,0.02851800248026848
528_class-812,0.6233892440795898,0.6232463121414185,0.13668477535247803,0.623963475227356,0.13697975873947144,0.6240496635437012
529_class-812,0.8948240280151367,0.9215838313102722,0.9213994145393372,0.9219963550567627,0.9216073751449585,0.9212357997894287
530_class-813,0.9853934049606323,0.9853849411010742,0.9853516817092896,0.9853430986404419,0.9853932857513428,0.9853766560554504
531_class-813,0.9706462025642395,0.9702823162078857,0.6715019941329956,0.970600962638855,0.6716097593307495,0.9704406261444092
532_class-813,0.9773344397544861,0.9772217273712158,0.9771696329116821,0.9772560596466064,0.977178692817688,0.977230429649353
533_class-813,0.9796547889709473,0.9678069353103638,0.9678174257278442,0.9676891565322876,0.9677962064743042,0.967710018157959
534_class-813,0.9852509498596191,0.9854222536087036,0.985331654548645,0.9853416681289673,0.9853528738021851,0.9854934215545654
535_class-813,0.986005425453186,0.9859427213668823,0.9859890937805176,0.9859275817871094,0.9859741926193237,0.9858965873718262
536_class-813,0.9807934165000916,0.980616569519043,0.980509877204895,0.980521023273468,0.9805197715759277,0.9804280996322632
537_class-813,0.9778231382369995,0.9777364730834961,0.9777151346206665,0.977725625038147,0.9776930809020996,0.9777906537055969
538_class-813,0.9808759689331055,0.9808677434921265,0.9809898138046265,0.9809157848358154,0.9808820486068726,0.9809403419494629
539_class-813,0.7915481925010681,0.7915468215942383,0.7920140624046326,0.7915812134742737,0.7916431427001953,0.7918161153793335
540_class-814,0.9782305955886841,0.9782008528709412,0.9782757759094238,0.9789108037948608,0.9781261682510376,0.9788085222244263
541_class-814,0.633873462677002,0.6329780220985413,0.9669934511184692,0.6338276863098145,0.9669656753540039,0.9659506678581238
542_class-814,0.9749187231063843,0.4715437889099121,0.9718097448348999,0.2959628999233246,0.45998790860176086,0.29340341687202454
543_class-814,0.9902377724647522,0.9902857542037964,0.9913994669914246,0.990502119064331,0.9902055263519287,0.9911938905715942
544_class-814,0.991951584815979,0.9920387864112854,0.9920229911804199,0.9920071363449097,0.9919435977935791,0.9920308589935303
545_class-814,0.9912140369415283,0.9913337230682373,0.9915244579315186,0.9915802478790283,0.9912298917770386,0.9912298917770386
546_class-814,0.9722973704338074,0.0904712900519371,0.9721133708953857,0.06719811260700226,0.9721795916557312,0.06555342674255371
547_class-814,0.9789317846298218,0.9789755344390869,0.9788296818733215,0.9789755344390869,0.9788880348205566,0.9788661003112793
548_class-814,0.9659756422042847,0.9659367799758911,0.9655901193618774,0.9659769535064697,0.9649491310119629,0.964707612991333
549_class-814,0.9609087705612183,0.9609816074371338,0.960970938205719,0.9610888361930847,0.9608792662620544,0.9610251784324646
550_class-815,0.9405918121337891,0.9410982131958008,0.9412523508071899,0.942327082157135,0.8510675430297852,0.9420989751815796
551_class-815,0.9738276600837708,0.9738642573356628,0.9737812280654907,0.9415042400360107,0.9737982153892517,0.9413284063339233
552_class-815,0.971462607383728,0.9713636636734009,0.9714913368225098,0.9714882373809814,0.9714995622634888,0.9715365171432495
553_class-815,0.8451322317123413,0.8462507724761963,0.8448567390441895,0.8447347283363342,0.8450894355773926,0.8446173667907715
554_class-815,0.9846798181533813,0.9806860685348511,0.8685570359230042,0.9814529418945312,0.9843376278877258,0.9844962358474731
555_class-815,0.8361654281616211,0.8355035185813904,0.9643696546554565,0.9641666412353516,0.9642634391784668,0.9642014503479004
556_class-815,0.9549877643585205,0.9553960561752319,0.9550520181655884,0.9549649953842163,0.9549202919006348,0.9551688432693481
557_class-815,0.9534974694252014,0.9537230730056763,0.5221695303916931,0.806130051612854,0.9537795782089233,0.9537667036056519
558_class-815,0.9612699747085571,0.9633969068527222,0.963374137878418,0.9608811140060425,0.9610077738761902,0.9613620042800903
559_class-815,0.7038232088088989,0.7051948308944702,0.9511035680770874,0.8966014385223389,0.7032735347747803,0.898101806640625
560_class-816,0.7408303022384644,0.03661179915070534,0.7787036895751953,0.189363032579422,0.9457200765609741,0.7445881366729736
561_class-816,0.9757591485977173,0.8318566679954529,0.976300835609436,0.9763998985290527,0.9765602350234985,0.9767069816589355
562_class-816,0.4639440178871155,0.5695549249649048,0.5446174144744873,0.42324206233024597,0.3210763931274414,0.3208397328853607
563_class-816,0.9735033512115479,0.973312258720398,0.973533034324646,0.9733526706695557,0.973429262638092,0.9735133647918701
564_class-816,0.9220160841941833,0.9214223623275757,0.9230378866195679,0.9227207899093628,0.92249995470047,0.9217990040779114
565_class-816,0.9469741582870483,0.9475944638252258,0.9469781517982483,0.9478541016578674,0.9472284317016602,0.948184609413147
566_class-816,0.9544997215270996,0.9545894861221313,0.9545186758041382,0.9545983076095581,0.9553695917129517,0.9544436931610107
567_class-816,0.9638485908508301,0.9659056663513184,0.9640107154846191,0.9637377858161926,0.9660211205482483,0.963746190071106
568_class-816,0.35594651103019714,0.3559163212776184,0.3559480607509613,0.3559586703777313,0.3559173047542572,0.35596925020217896
569_class-816,0.9763147830963135,0.976868748664856,0.7305004596710205,0.7310165762901306,0.9761309623718262,0.9762388467788696
570_class-817,0.9080401062965393,0.9066498279571533,0.9072405099868774,0.9065471291542053,0.6784398555755615,0.909603476524353
571_class-817,0.9260601997375488,0.925274670124054,0.9218002557754517,0.04722066968679428,0.06462865322828293,0.3488357365131378
572_class-817,0.9595178365707397,0.9596483707427979,0.9594837427139282,0.9595804214477539,0.9601054787635803,0.7003709077835083
573_class-817,0.8585188388824463,0.8577935695648193,0.8585853576660156,0.8582133054733276,0.8584403991699219,0.8587398529052734
574_class-817,0.040860313922166824,0.9475967288017273,0.03648269176483154,0.9491822719573975,0.036484841257333755,0.5961980819702148
575_class-817,0.9241331219673157,0.9195218086242676,0.6597286462783813,0.9401054978370667,0.9331737756729126,0.8498513102531433
576_class-817,0.9260393381118774,0.9306502342224121,0.9261714220046997,0.9266257286071777,0.9260571002960205,0.9180784225463867
577_class-817,0.04063393920660019,0.026569439098238945,0.15321992337703705,0.026561172679066658,0.02657150849699974,0.9595691561698914
578_class-817,0.9025901556015015,0.8753836154937744,0.047132398933172226,0.9026448726654053,0.9020509719848633,0.9025813341140747
579_class-817,0.7349357604980469,0.9554988145828247,0.9552727937698364,0.9546045064926147,0.9030181169509888,0.9523273706436157
580_class-818,0.9639856219291687,0.8511108160018921,0.4894007444381714,0.8528054356575012,0.853874683380127,0.4914223253726959
581_class-818,0.806652307510376,0.9368492364883423,0.9165091514587402,0.8158157467842102,0.8015856742858887,0.877011775970459
582_class-818,0.9713798761367798,0.8218173980712891,0.9684512615203857,0.8179962635040283,0.971144437789917,0.8219295144081116
583_class-818,0.8010704517364502,0.5289507508277893,0.8087548017501831,0.9772666096687317,0.8745938539505005,0.8084447979927063
584_class-818,0.9933980703353882,0.9934067726135254,0.9934240579605103,0.9934157133102417,0.9934688806533813,0.993468165397644
585_class-818,0.9671981334686279,0.9694344401359558,0.8919867277145386,0.9684159755706787,0.9692537784576416,0.9685677289962769
586_class-818,0.9891000986099243,0.9891971945762634,0.9857470393180847,0.9887634515762329,0.9893391132354736,0.9887634515762329
587_class-818,0.9477453231811523,0.9477452039718628,0.9479291439056396,0.9475044012069702,0.9477026462554932,0.9476603865623474
588_class-818,0.537411093711853,0.9920610189437866,0.5262794494628906,0.7401171922683716,0.5088514685630798,0.5302562713623047
589_class-818,0.9397854804992676,0.9396354556083679,0.939499020576477,0.9394441843032837,0.9393772482872009,0.9394132494926453
590_class-819,0.9218219518661499,0.9205850958824158,0.9215713143348694,0.9204362630844116,0.9214900135993958,0.9217619895935059
591_class-819,0.9478341341018677,0.947900652885437,0.9480589032173157,0.9482603073120117,0.9486643075942993,0.9484477043151855
592_class-819,0.9545716047286987,0.9549840092658997,0.9537743330001831,0.9551140666007996,0.9546949863433838,0.9552866220474243
593_class-819,0.873469352722168,0.7965613603591919,0.8738819360733032,0.6544380187988281,0.897003173828125,0.6901491284370422
594_class-819,0.823134183883667,0.8235304355621338,0.8244340419769287,0.8235327005386353,0.8238959908485413,0.970360279083252
595_class-819,0.9405004978179932,0.9416896104812622,0.9431392550468445,0.9405052661895752,0.920832633972168,0.9411038756370544
596_class-819,0.9546651840209961,0.954302966594696,0.8152784109115601,0.8149683475494385,0.9541658759117126,0.955017626285553
597_class-819,0.9392022490501404,0.7799935340881348,0.9389802813529968,0.9385420680046082,0.9389079809188843,0.9386383295059204
598_class-819,0.9777637720108032,0.8299369812011719,0.9784214496612549,0.9784956574440002,0.603835940361023,0.9774686098098755
599_class-819,0.909488320350647,0.8786851763725281,0.8809058666229248,0.615615963935852,0.8825936317443848,0.9088778495788574
600_class-820,0.9482690095901489,0.9160581827163696,0.9691813588142395,0.9154276251792908,0.9697805643081665,0.948710560798645
601_class-820,0.9521037936210632,0.1643286645412445,0.9520890712738037,0.9519819021224976,0.9519205093383789,0.18699093163013458
602_class-820,0.9532231092453003,0.9531456232070923,0.9532110691070557,0.9533965587615967,0.9528279900550842,0.7775167226791382
603_class-820,0.9614157676696777,0.4725443720817566,0.9634180068969727,0.9636631011962891,0.9630432724952698,0.9619115591049194
604_class-820,0.933535635471344,0.9478604793548584,0.9446532726287842,0.9457062482833862,0.9439340829849243,0.9442075490951538
605_class-820,0.9543159008026123,0.953787088394165,0.9554846286773682,0.9540235996246338,0.9529064893722534,0.9537750482559204
606_class-820,0.9282357692718506,0.9325323104858398,0.9712358117103577,0.9597588777542114,0.932274341583252,0.9703434705734253
607_class-820,0.046663325279951096,0.9000414609909058,0.8999476432800293,0.046495504677295685,0.047988686710596085,0.8988595604896545
608_class-820,0.9506695866584778,0.9504826068878174,0.9542175531387329,0.9536868333816528,0.9535373449325562,0.9538955688476562
609_class-820,0.9447722434997559,0.9488556385040283,0.9479537010192871,0.9480630159378052,0.9443119764328003,0.9485710859298706
610_class-821,0.9812641739845276,0.9812131524085999,0.9812308549880981,0.9812055230140686,0.9813261032104492,0.9812139272689819
611_class-821,0.9926598072052002,0.9927642345428467,0.9928163290023804,0.9936805963516235,0.9927642345428467,0.9925851821899414
612_class-821,0.8151983022689819,0.8190169334411621,0.8155137300491333,0.9876487255096436,0.8180325031280518,0.9832859039306641
613_class-821,0.776201069355011,0.7782576084136963,0.7762637734413147,0.7762501239776611,0.7761799097061157,0.7762478590011597
614_class-821,0.8231452703475952,0.8423153162002563,0.8619678020477295,0.8330528736114502,0.8312093615531921,0.7760052680969238
615_class-821,0.7465084791183472,0.7482219934463501,0.7461044788360596,0.7490386366844177,0.746670126914978,0.7495642900466919
616_class-821,0.11304596066474915,0.9821987152099609,0.1161627396941185,0.9821419715881348,0.0921766385436058,0.11506254971027374
617_class-821,0.9799067974090576,0.9799064993858337,0.9800059795379639,0.9798508882522583,0.9798726439476013,0.9798398613929749
618_class-821,0.7419776916503906,0.741798996925354,0.7419989705085754,0.7419692277908325,0.7408443093299866,0.7409126162528992
619_class-821,0.9886432886123657,0.7130464315414429,0.7132694721221924,0.7133969068527222,0.6999931335449219,0.713003933429718
620_class-822,0.9410633444786072,0.18910090625286102,0.9394477009773254,0.9396308660507202,0.9379461407661438,0.9358173608779907
621_class-822,0.9793697595596313,0.9792017936706543,0.9797059297561646,0.9795726537704468,0.9794043302536011,0.9795275926589966
622_class-822,0.9764928221702576,0.9760306477546692,0.9765319228172302,0.9764935970306396,0.9765899181365967,0.9766714572906494
623_class-822,0.558148980140686,0.9861879348754883,0.9517742991447449,0.9862699508666992,0.9863861799240112,0.9864445328712463
624_class-822,0.9511123895645142,0.9329800605773926,0.9516615867614746,0.9258055686950684,0.9511269330978394,0.9501268863677979
625_class-822,0.9836541414260864,0.9835010766983032,0.9837674498558044,0.9558204412460327,0.9838640689849854,0.9837703704833984
626_class-822,0.9559469819068909,0.9551818370819092,0.9590381979942322,0.9550659656524658,0.9562655687332153,0.9591552019119263
627_class-822,0.9730106592178345,0.9757965803146362,0.9732435941696167,0.9731570482254028,0.973259687423706,0.9761561751365662
628_class-822,0.975279688835144,0.974952757358551,0.9754927158355713,0.974638819694519,0.9805094599723816,0.9752697944641113
629_class-822,0.9451472759246826,0.9553576707839966,0.9442455768585205,0.9756641387939453,0.6703057289123535,0.946263313293457
630_class-823,0.8647716045379639,0.9576404094696045,0.6389585733413696,0.9546829462051392,0.9581319093704224,0.6396225690841675
631_class-823,0.8072210550308228,0.7988104820251465,0.809623122215271,0.8046197891235352,0.8427882194519043,0.812572717666626
632_class-823,0.9512354731559753,0.9530489444732666,0.8580887317657471,0.9529972076416016,0.9517104625701904,0.8984408378601074
633_class-823,0.9655100107192993,0.9640857577323914,0.9648760557174683,0.9634002447128296,0.9644870758056641,0.9650328159332275
634_class-823,0.9054651260375977,0.9632685780525208,0.7881911993026733,0.9027462005615234,0.8971724510192871,0.9652829766273499
635_class-823,0.7015208005905151,0.7055779099464417,0.7035070657730103,0.6708406209945679,0.7072537541389465,0.7074733972549438
636_class-823,0.9117477536201477,0.5396597385406494,0.8811644315719604,0.7656153440475464,0.9105247259140015,0.8721164464950562
637_class-823,0.9680131673812866,0.28053075075149536,0.9679120779037476,0.9602470397949219,0.9671844840049744,0.966637372970581
638_class-823,0.46097832918167114,0.8595780730247498,0.973838210105896,0.9811661243438721,0.9819395542144775,0.9811463356018066
639_class-823,0.7517497539520264,0.7313036918640137,0.7328344583511353,0.7276972532272339,0.7282154560089111,0.8135688900947571
640_class-824,0.9650546312332153,0.9648863077163696,0.9642616510391235,0.9629132747650146,0.964012622833252,0.981699526309967
641_class-824,0.9723477363586426,0.9720853567123413,0.9708738327026367,0.9536751508712769,0.9727199077606201,0.9724937677383423
642_class-824,0.9920288324356079,0.9919905662536621,0.9921281933784485,0.9919829964637756,0.9920900464057922,0.9920825958251953
643_class-824,0.19080664217472076,0.42380353808403015,0.42992550134658813,0.1907656341791153,0.5283365249633789,0.46317046880722046
644_class-824,0.976725697517395,0.9767425656318665,0.9767765402793884,0.9767261743545532,0.9766750335693359,0.9766495227813721
645_class-824,0.13908681273460388,0.19059070944786072,0.23047813773155212,0.13697195053100586,0.27310219407081604,0.22865238785743713
646_class-824,0.8741317987442017,0.8742328882217407,0.8741658926010132,0.8741187453269958,0.8744663000106812,0.8743511438369751
647_class-824,0.9867602586746216,0.9867116808891296,0.9865344762802124,0.9867520332336426,0.9865185618400574,0.986703634262085
648_class-824,0.9857450127601624,0.9858238697052002,0.9858710765838623,0.9858080148696899,0.9857608675956726,0.9857450723648071
649_class-824,0.9878838658332825,0.9878479242324829,0.9878478050231934,0.9877398014068604,0.9878566265106201,0.987811803817749
650_class-825,0.8804624080657959,0.8809331655502319,0.8807536959648132,0.8806279301643372,0.8804678916931152,0.880423903465271
651_class-825,0.9653066396713257,0.9651833772659302,0.9638609886169434,0.964545726776123,0.9649850130081177,0.9653995633125305
652_class-825,0.9752210378646851,0.9753881692886353,0.9748358726501465,0.9768056869506836,0.9753154516220093,0.9753009080886841
653_class-825,0.9735538959503174,0.973720133304596,0.9732462167739868,0.9732760787010193,0.9737563133239746,0.9733282923698425
654_class-825,0.9777105450630188,0.976567268371582,0.9766982793807983,0.9764798879623413,0.9765017032623291,0.976654589176178
655_class-825,0.9665687680244446,0.9663419723510742,0.9664807319641113,0.966437041759491,0.9665249586105347,0.9665169715881348
656_class-825,0.9731571674346924,0.9739895462989807,0.9740987420082092,0.9741569757461548,0.9739957451820374,0.9740406274795532
657_class-825,0.8524577617645264,0.8530668616294861,0.8531082272529602,0.8526579141616821,0.8531665802001953,0.8524625301361084
658_class-825,0.9724948406219482,0.969498872756958,0.9719152450561523,0.9721977710723877,0.9723427295684814,0.9721108675003052
659_class-825,0.9572669267654419,0.9572024345397949,0.957316517829895,0.9571598172187805,0.9572261571884155,0.9571017026901245
660_class-826,0.979823112487793,0.9798668026924133,0.9798521995544434,0.9798083901405334,0.979896068572998,0.9798961877822876
661_class-826,0.25407475233078003,0.49983248114585876,0.5034236311912537,0.49967873096466064,0.5000388026237488,0.49995625019073486
662_class-826,0.9836975336074829,0.9837766289710999,0.9829995036125183,0.9836124181747437,0.9838399887084961,0.9830458164215088
663_class-826,0.38380616903305054,0.38375815749168396,0.3834872245788574,0.3835560083389282,0.3838098347187042,0.3834649622440338
664_class-826,0.9436579942703247,0.9773555397987366,0.7885555028915405,0.9790782928466797,0.9770888686180115,0.9782198071479797
665_class-826,0.5220091342926025,0.5336447954177856,0.74174964427948,0.90212082862854,0.7554689645767212,0.7060026526451111
666_class-826,0.5792880058288574,0.5982681512832642,0.8457352519035339,0.5807666778564453,0.5807927250862122,0.7442695498466492
667_class-826,0.9756971597671509,0.9758683443069458,0.9755179286003113,0.9813883304595947,0.9757950305938721,0.9758928418159485
668_class-826,0.9854955673217773,0.8303733468055725,0.9850683212280273,0.7602931261062622,0.9853639602661133,0.7031276226043701
669_class-826,0.971490740776062,0.9714282155036926,0.9714910387992859,0.9714298248291016,0.9714508056640625,0.9714807271957397
670_class-827,0.9871816635131836,0.9871704578399658,0.9871277809143066,0.6450366973876953,0.9872238636016846,0.5625902414321899
671_class-827,0.9808883666992188,0.6696832776069641,0.9808330535888672,0.6682857275009155,0.9809076189994812,0.9808893799781799
672_class-827,0.9851429462432861,0.9854280948638916,0.985435962677002,0.9852120876312256,0.9851504564285278,0.5613555908203125
673_class-827,0.7806986570358276,0.9893655776977539,0.9893563985824585,0.7806572914123535,0.7806609272956848,0.7806525826454163
674_class-827,0.5912932753562927,0.8120428323745728,0.5912566184997559,0.8127322196960449,0.5912414193153381,0.7472082376480103
675_class-827,0.9847586154937744,0.9841508865356445,0.984845757484436,0.9847019910812378,0.21593722701072693,0.9851662516593933
676_class-827,0.560082733631134,0.9753773212432861,0.9753347635269165,0.9207016229629517,0.9771344661712646,0.5601117014884949
677_class-827,0.9660409688949585,0.966143012046814,0.9662070274353027,0.9661270380020142,0.9661509990692139,0.9663649201393127
678_class-827,0.9205179214477539,0.9202152490615845,0.9202953577041626,0.9202057123184204,0.9202868938446045,0.9203880429267883
679_class-827,0.9818883538246155,0.672015905380249,0.9821279048919678,0.9825147390365601,0.9820201396942139,0.9822363257408142
680_class-828,0.9616252183914185,0.9616886973381042,0.9618192911148071,0.9619463682174683,0.9614549875259399,0.9617592096328735
681_class-828,0.9481657147407532,0.9478206038475037,0.9484438896179199,0.9477170705795288,0.9481251239776611,0.9480382204055786
682_class-828,0.9618208408355713,0.9712766408920288,0.9711347818374634,0.9604268074035645,0.961627721786499,0.9567693471908569
683_class-828,0.9315340518951416,0.9332982301712036,0.5388203263282776,0.9326834678649902,0.9333173036575317,0.9343928098678589
684_class-828,0.9184173941612244,0.9183952808380127,0.9185193777084351,0.9185993671417236,0.9186710715293884,0.9190455675125122
685_class-828,0.9402889609336853,0.14412549138069153,0.9425165057182312,0.9414194822311401,0.942488431930542,0.9413684606552124
686_class-828,0.9056111574172974,0.9054096341133118,0.9051164984703064,0.9054301977157593,0.9055486917495728,0.9026827812194824
687_class-828,0.469283789396286,0.9350563287734985,0.8166849613189697,0.8008074760437012,0.9344010353088379,0.028714759275317192
688_class-828,0.956221342086792,0.6247507333755493,0.9570938944816589,0.9591305255889893,0.6293694972991943,0.6302585601806641
689_class-828,0.951683759689331,0.9518452882766724,0.9521777629852295,0.9518826007843018,0.9509984850883484,0.9522799253463745
690_class-829,0.8724397420883179,0.8724775910377502,0.8736081123352051,0.8862341046333313,0.8868210315704346,0.8860642910003662
691_class-829,0.08798570930957794,0.09171997010707855,0.08869880437850952,0.08789850771427155,0.08786004036664963,0.08814472705125809
692_class-829,0.6361203789710999,0.12090378999710083,0.6295117139816284,0.27706387639045715,0.21012035012245178,0.8043828010559082
693_class-829,0.9360050559043884,0.9358971118927002,0.93647301197052,0.9374531507492065,0.9362596273422241,0.9379721879959106
694_class-829,0.9541755318641663,0.7264212369918823,0.9527620077133179,0.7242820262908936,0.9542009234428406,0.9528753757476807
695_class-829,0.9555307626724243,0.9555040001869202,0.9554175138473511,0.9550994634628296,0.9553069472312927,0.9553545713424683
696_class-829,0.9383976459503174,0.9452966451644897,0.6446664333343506,0.9367935657501221,0.9451580047607422,0.9429144859313965
697_class-829,0.954093337059021,0.924648642539978,0.9297669529914856,0.9262120723724365,0.9290412664413452,0.9514485597610474
698_class-829,0.96219801902771,0.9623914957046509,0.9624036550521851,0.9616608619689941,0.9620990753173828,0.9516862630844116
699_class-829,0.046502839773893356,0.01742083765566349,0.02416572906076908,0.006061751861125231,0.006058724597096443,0.0060364855453372
700_class-830,0.48174649477005005,0.9603193402290344,0.9579523801803589,0.9613575339317322,0.034205179661512375,0.9581444263458252
701_class-830,0.8848680257797241,0.9802948236465454,0.9800138473510742,0.9802372455596924,0.9303005337715149,0.9803597927093506
702_class-830,0.9596794843673706,0.9592328667640686,0.9597334861755371,0.9596789479255676,0.9591705203056335,0.9589803218841553
703_class-830,0.9501384496688843,0.9504294395446777,0.6640015244483948,0.9497858285903931,0.6938342452049255,0.7740823030471802
704_class-830,0.017644507810473442,0.9680114984512329,0.9679712057113647,0.9681048393249512,0.017955996096134186,0.9676464796066284
705_class-830,0.9002879858016968,0.9661462903022766,0.7404212951660156,0.9677059054374695,0.9675083756446838,0.5607640743255615
706_class-830,0.976657509803772,0.9767496585845947,0.9765877723693848,0.976743221282959,0.9766167402267456,0.7619370818138123
707_class-830,0.9582154750823975,0.9034618139266968,0.7098519802093506,0.9583034515380859,0.958768367767334,0.9585645198822021
708_class-830,0.9622055292129517,0.9621313810348511,0.9620864391326904,0.9622308015823364,0.9621912240982056,0.9621493816375732
709_class-830,0.9739781618118286,0.9739234447479248,0.9740623235702515,0.9741477966308594,0.974103569984436,0.9740726351737976
710_class-831,0.9294177889823914,0.6858949661254883,0.9293345808982849,0.9298793077468872,0.9286816120147705,0.6860806941986084
711_class-831,0.7164075970649719,0.7150089144706726,0.9767884016036987,0.9771604537963867,0.9770258665084839,0.8968263268470764
712_class-831,0.4443359375,0.5363397598266602,0.4766118824481964,0.5446908473968506,0.452013224363327,0.4099540114402771
713_class-831,0.6956949234008789,0.7384824752807617,0.7227945327758789,0.7079828977584839,0.6301088333129883,0.6531088352203369
714_class-831,0.0163284745067358,0.017960431054234505,0.6121386289596558,0.5108191967010498,0.14726129174232483,0.7542071342468262
715_class-831,0.8143688440322876,0.5607730746269226,0.5615752935409546,0.8114888668060303,0.5624898672103882,0.7900647521018982
716_class-831,0.9121711850166321,0.6449379324913025,0.8420635461807251,0.7247339487075806,0.7804601788520813,0.8375510573387146
717_class-831,0.681257963180542,0.680554211139679,0.9505506753921509,0.6806347966194153,0.9258947372436523,0.680797278881073
718_class-831,0.8771454691886902,0.9712771773338318,0.9727576971054077,0.8800398111343384,0.7943847179412842,0.8782120943069458
719_class-831,0.6867753267288208,0.46834951639175415,0.46397891640663147,0.4769561290740967,0.47792428731918335,0.7221304774284363
720_class-832,0.9678128361701965,0.9680949449539185,0.9680992364883423,0.9682697057723999,0.968849778175354,0.9679664373397827
721_class-832,0.9610079526901245,0.9611585736274719,0.9606399536132812,0.9612325429916382,0.9611687660217285,0.9610843658447266
722_class-832,0.468689501285553,0.4219844341278076,0.4244418144226074,0.42033201456069946,0.46754923462867737,0.41433119773864746
723_class-832,0.8607557415962219,0.2818067967891693,0.30267858505249023,0.2941705584526062,0.8525694608688354,0.8573155999183655
724_class-832,0.9825283288955688,0.982626736164093,0.9826177358627319,0.9828045964241028,0.9826186895370483,0.9827154874801636
725_class-832,0.9751958847045898,0.9755632281303406,0.9756686091423035,0.9751662611961365,0.9756965637207031,0.9754409790039062
726_class-832,0.8702470660209656,0.8677272200584412,0.8715347051620483,0.8684457540512085,0.8689647912979126,0.9623697400093079
727_class-832,0.9723639488220215,0.9720226526260376,0.9726201295852661,0.9719460010528564,0.9725568294525146,0.9718303084373474
728_class-832,0.9758069515228271,0.9759173393249512,0.9758037328720093,0.975563108921051,0.9759231805801392,0.9757509231567383
729_class-832,0.980122983455658,0.980567991733551,0.9806313514709473,0.9803443551063538,0.9804624319076538,0.9800049066543579
730_class-833,0.9531488418579102,0.9529362916946411,0.9531270265579224,0.953040361404419,0.9529569149017334,0.9533345699310303
731_class-833,0.8875185251235962,0.8888325691223145,0.8892483711242676,0.8896316289901733,0.8886505365371704,0.8877233266830444
732_class-833,0.9720682501792908,0.9719105958938599,0.9717822074890137,0.972111701965332,0.9719383716583252,0.9720592498779297
733_class-833,0.9344541430473328,0.933483362197876,0.9343400001525879,0.9354643821716309,0.9349064826965332,0.934932291507721
734_class-833,0.7582296133041382,0.759978175163269,0.7609266638755798,0.7602177858352661,0.7600686550140381,0.7634958028793335
735_class-833,0.9553558826446533,0.95448899269104,0.9551073312759399,0.9554176330566406,0.9547895193099976,0.9554367065429688
736_class-833,0.9508887529373169,0.9507655501365662,0.9510345458984375,0.950925350189209,0.9508157968521118,0.9519960880279541
737_class-833,0.9584551453590393,0.9578626751899719,0.9581679701805115,0.9579229950904846,0.9585168361663818,0.9579764604568481
738_class-833,0.9557532072067261,0.9558057188987732,0.9549018144607544,0.9548271298408508,0.95486980676651,0.9546688795089722
739_class-833,0.9320434331893921,0.9172854423522949,0.9187160730361938,0.9188318848609924,0.9203898906707764,0.9197661876678467
740_class-834,0.9723987579345703,0.9725229740142822,0.9724127650260925,0.8063589930534363,0.9723209738731384,0.9724962115287781
741_class-834,0.1355242282152176,0.953992486000061,0.9539570808410645,0.9386935234069824,0.3133912980556488,0.3424219489097595
742_class-834,0.989357590675354,0.9892476797103882,0.9892493486404419,0.9892804622650146,0.9892483949661255,0.9890837669372559
743_class-834,0.9608192443847656,0.9425088763237,0.9614201784133911,0.9779316186904907,0.5264117121696472,0.956846296787262
744_class-834,0.695380449295044,0.695408284664154,0.985769510269165,0.6954174041748047,0.6954152584075928,0.9857621192932129
745_class-834,0.9827535152435303,0.9827792644500732,0.9828418493270874,0.9824503660202026,0.9829138517379761,0.9823665618896484
746_class-834,0.9908888339996338,0.9909482002258301,0.990888237953186,0.9909018278121948,0.9909169673919678,0.9908726811408997
747_class-834,0.6071071028709412,0.9820373058319092,0.6095947027206421,0.6094408631324768,0.6483878493309021,0.7195308804512024
748_class-834,0.8509176969528198,0.5758880376815796,0.5760418176651001,0.9791141152381897,0.9795856475830078,0.9797993898391724
749_class-834,0.7063283324241638,0.7064390182495117,0.706179141998291,0.7062094807624817,0.7063493132591248,0.9738643169403076
750_class-835,0.9877257943153381,0.9877181649208069,0.987695038318634,0.9876563549041748,0.9876950979232788,0.987695038318634
751_class-835,0.9796977043151855,0.9798448085784912,0.9798300862312317,0.980583131313324,0.9825825691223145,0.9826047420501709
752_class-835,0.9868123531341553,0.9869685769081116,0.987065851688385,0.9869017004966736,0.986842155456543,0.9868943691253662
753_class-835,0.7030885219573975,0.7032769918441772,0.7009851336479187,0.7010215520858765,0.7030616998672485,0.7031121850013733
754_class-835,0.9725737571716309,0.9724290370941162,0.9726400375366211,0.9725037217140198,0.9729619026184082,0.9724244475364685
755_class-835,0.9864494800567627,0.9878508448600769,0.9863457679748535,0.9880141019821167,0.9878286719322205,0.9863976836204529
756_class-835,0.9898635745048523,0.989923357963562,0.9890400171279907,0.9897664785385132,0.9900872111320496,0.9888767004013062
757_class-835,0.9804061055183411,0.978804349899292,0.9793258309364319,0.980303168296814,0.9801633954048157,0.9804798364639282
758_class-835,0.9867359399795532,0.9867896437644958,0.9869747757911682,0.9867988228797913,0.9868544936180115,0.9867896437644958
759_class-835,0.9885200262069702,0.9885092377662659,0.9868603944778442,0.9885417222976685,0.9889897108078003,0.9873589277267456
760_class-836,0.9751314520835876,0.9751439094543457,0.9751700758934021,0.975172221660614,0.9752355813980103,0.9750488996505737
761_class-836,0.9586924314498901,0.9587011337280273,0.9586769342422485,0.95854651927948,0.958672046661377,0.9586839079856873
762_class-836,0.9739227294921875,0.9581718444824219,0.9676886796951294,0.9739349484443665,0.9738204479217529,0.9573414325714111
763_class-836,0.9692362546920776,0.9693444967269897,0.9693505764007568,0.9693536162376404,0.9694976806640625,0.9693440198898315
764_class-836,0.9726754426956177,0.9725532531738281,0.9727464914321899,0.9723825454711914,0.972643256187439,0.9725835919380188
765_class-836,0.9605598449707031,0.9610295295715332,0.960481584072113,0.9605830907821655,0.9607385396957397,0.960594892501831
766_class-836,0.9609129428863525,0.960975170135498,0.9609827995300293,0.9610463380813599,0.9609619379043579,0.9609471559524536
767_class-836,0.9716147184371948,0.9716025590896606,0.9715820550918579,0.971671462059021,0.9715476036071777,0.9716809391975403
768_class-836,0.9745997190475464,0.9745496511459351,0.9744700193405151,0.9745641946792603,0.9745383262634277,0.9744420647621155
769_class-836,0.9692806005477905,0.9682136178016663,0.9689115881919861,0.9689159393310547,0.9692728519439697,0.9688706398010254
770_class-837,0.7240574359893799,0.7248268127441406,0.9182735681533813,0.9186850190162659,0.9208597540855408,0.724582850933075
771_class-837,0.8834601640701294,0.8837052583694458,0.883389413356781,0.8830182552337646,0.8836325407028198,0.8827884793281555
772_class-837,0.7084083557128906,0.7513672709465027,0.7192611694335938,0.7534791827201843,0.5405811667442322,0.73335200548172
773_class-837,0.9194878935813904,0.9210994243621826,0.9188972115516663,0.9192600846290588,0.919061541557312,0.9195393919944763
774_class-837,0.917395830154419,0.9191669821739197,0.9176706075668335,0.9170973896980286,0.9169931411743164,0.9171754121780396
775_class-837,0.8902404308319092,0.8980967402458191,0.891053318977356,0.8911252021789551,0.8885692954063416,0.8888643383979797
776_class-837,0.9140798449516296,0.9140030145645142,0.9152699708938599,0.9149036407470703,0.9145593047142029,0.9151095151901245
777_class-837,0.9209980964660645,0.9224953651428223,0.9223625659942627,0.9223222732543945,0.9204573035240173,0.9209349155426025
778_class-837,0.9245532751083374,0.9242731928825378,0.9240678548812866,0.9247298836708069,0.9246125221252441,0.924468994140625
779_class-837,0.8577864170074463,0.8685207962989807,0.8591460585594177,0.8784697651863098,0.8582355976104736,0.8699154853820801
780_class-838,0.9808961153030396,0.9803853631019592,0.9799067974090576,0.9804465770721436,0.980182409286499,0.9800957441329956
781_class-838,0.9905562996864319,0.990804135799408,0.9907625317573547,0.9906837940216064,0.990878701210022,0.9905862808227539
782_class-838,0.9918753504753113,0.9918681979179382,0.9918920993804932,0.9918670654296875,0.9918919801712036,0.9918756484985352
783_class-838,0.9813265800476074,0.9820987582206726,0.9813778400421143,0.9812532663345337,0.9814661145210266,0.9815248250961304
784_class-838,0.9888712167739868,0.9859668016433716,0.9858850836753845,0.985795795917511,0.9888414144515991,0.9888562560081482
785_class-838,0.9847047328948975,0.9846432209014893,0.9846590161323547,0.983281135559082,0.9846593141555786,0.9846907258033752
786_class-838,0.9918948411941528,0.9919360876083374,0.9919031858444214,0.991944432258606,0.9919030666351318,0.9919444918632507
787_class-838,0.9904117584228516,0.9903872609138489,0.9903057813644409,0.9903382062911987,0.9904035329818726,0.9903383255004883
788_class-838,0.9458310604095459,0.9458261728286743,0.9457290172576904,0.9459253549575806,0.9882175922393799,0.9460839033126831
789_class-838,0.9922620058059692,0.9863249659538269,0.9922391176223755,0.9922164678573608,0.9865864515304565,0.9865341186523438
790_class-839,0.29952001571655273,0.9895932674407959,0.9022873044013977,0.8697474002838135,0.9904000759124756,0.9894760251045227
791_class-839,0.9832030534744263,0.9831847548484802,0.9831365346908569,0.9831892251968384,0.9830722212791443,0.9831485748291016
792_class-839,0.5407483577728271,0.5410556793212891,0.5407261848449707,0.8046705722808838,0.7730679512023926,0.7723981142044067
793_class-839,0.7672935724258423,0.7649805545806885,0.764839231967926,0.7672587633132935,0.7648583650588989,0.7672569751739502
794_class-839,0.9300668239593506,0.9379561543464661,0.9374024868011475,0.9394525289535522,0.9537591934204102,0.9317715167999268
795_class-839,0.9834867119789124,0.9853673577308655,0.9854114055633545,0.985227644443512,0.9852938055992126,0.9855437278747559
796_class-839,0.9776216745376587,0.9776754975318909,0.9777320623397827,0.9777941703796387,0.9777394533157349,0.9776334762573242
797_class-839,0.7038406133651733,0.7365396618843079,0.6983741521835327,0.700774073600769,0.715826153755188,0.7020471096038818
798_class-839,0.8403655290603638,0.8403791785240173,0.8404441475868225,0.8404102325439453,0.840351402759552,0.8405030369758606
799_class-839,0.9704594612121582,0.9700653553009033,0.9737517833709717,0.9721229672431946,0.9699581265449524,0.9697093963623047
800_class-840,0.9572814702987671,0.9567710161209106,0.7086834907531738,0.9565528035163879,0.9567375183105469,0.7085745334625244
801_class-840,0.9776897430419922,0.9775320291519165,0.9777219295501709,0.9775155186653137,0.9775403738021851,0.9777051210403442
802_class-840,0.9715819358825684,0.971380889415741,0.9716800451278687,0.9708817005157471,0.9723074436187744,0.971563458442688
803_class-840,0.6899872422218323,0.6939002871513367,0.6193663477897644,0.6193228960037231,0.6892756819725037,0.6228506565093994
804_class-840,0.9652231931686401,0.8440249562263489,0.9655095338821411,0.8441818952560425,0.8433277606964111,0.9651449918746948
805_class-840,0.5268875360488892,0.5310837030410767,0.7672888040542603,0.5506918430328369,0.5253435373306274,0.5433473587036133
806_class-840,0.6345285773277283,0.8855667114257812,0.7101457118988037,0.8869644403457642,0.7114335298538208,0.8849628567695618
807_class-840,0.8843613862991333,0.8865683674812317,0.8859994411468506,0.8862154483795166,0.8871974349021912,0.8862160444259644
808_class-840,0.9462039470672607,0.9463745951652527,0.9461222290992737,0.945965051651001,0.9462546110153198,0.9461040496826172
809_class-840,0.5062989592552185,0.771869957447052,0.768386960029602,0.7703573703765869,0.5131832957267761,0.9506375789642334
810_class-841,0.9514339566230774,0.9491173624992371,0.9525976181030273,0.9515912532806396,0.9507127404212952,0.9513723850250244
811_class-841,0.9311115741729736,0.9303810596466064,0.9302152395248413,0.930607795715332,0.9302794933319092,0.930387020111084
812_class-841,0.9304032325744629,0.9304376840591431,0.9317580461502075,0.9306904077529907,0.9306783676147461,0.9306216239929199
813_class-841,0.9680851101875305,0.9680460691452026,0.9680445194244385,0.9680334329605103,0.9682562351226807,0.9682539701461792
814_class-841,0.935267448425293,0.9354234337806702,0.9353430271148682,0.9354846477508545,0.935375452041626,0.9353199005126953
815_class-841,0.9139649868011475,0.9141535758972168,0.9141923189163208,0.9144822955131531,0.9143825769424438,0.9144392609596252
816_class-841,0.9751433730125427,0.9751555919647217,0.9750361442565918,0.9752081632614136,0.9751758575439453,0.975218653678894
817_class-841,0.9323997497558594,0.9325387477874756,0.9325913190841675,0.9326756596565247,0.9257128834724426,0.9325767755508423
818_class-841,0.9458783864974976,0.9459694027900696,0.945873498916626,0.9459578990936279,0.9459910988807678,0.9460045099258423
819_class-841,0.9736266136169434,0.9736651182174683,0.9736250638961792,0.9736624956130981,0.9737638235092163,0.9736877679824829
820_class-842,0.9841470718383789,0.9840863347053528,0.9841817021369934,0.9840155839920044,0.9840518236160278,0.9840685129165649
821_class-842,0.9882242679595947,0.9881932735443115,0.9881725311279297,0.9882030487060547,0.9882034063339233,0.988162100315094
822_class-842,0.9416345953941345,0.9415024518966675,0.975775957107544,0.9758585691452026,0.9397560358047485,0.9757303595542908
823_class-842,0.9798376560211182,0.7401334047317505,0.9798154830932617,0.9796983003616333,0.9797698259353638,0.7401294112205505
824_class-842,0.9654957056045532,0.9654233455657959,0.9653767943382263,0.9697927236557007,0.9654088020324707,0.9655640721321106
825_class-842,0.7609032392501831,0.9254931211471558,0.7620360255241394,0.6818524599075317,0.6845030784606934,0.6810333728790283
826_class-842,0.9732435941696167,0.9732786417007446,0.9732398986816406,0.9732518792152405,0.9734126329421997,0.9733432531356812
827_class-842,0.8640573024749756,0.9439040422439575,0.944754958152771,0.9439899921417236,0.7721438407897949,0.9439197778701782
828_class-842,0.9863226413726807,0.9862778186798096,0.9862939119338989,0.9862589836120605,0.9863040447235107,0.9862679243087769
829_class-842,0.9134901762008667,0.09116007387638092,0.11932455748319626,0.038037583231925964,0.8640948534011841,0.27510136365890503
830_class-843,0.9677338600158691,0.9668492078781128,0.9683144092559814,0.9662328958511353,0.9671639204025269,0.9683442115783691
831_class-843,0.9387557506561279,0.952536940574646,0.3441169857978821,0.9502871036529541,0.9512060284614563,0.9524885416030884
832_class-843,0.7139849066734314,0.6100634336471558,0.9293228387832642,0.9224869608879089,0.9269497394561768,0.6096863746643066
833_class-843,0.7164473533630371,0.9627520442008972,0.9627554416656494,0.9629119634628296,0.963160514831543,0.9626617431640625
834_class-843,0.7904092073440552,0.7894274592399597,0.7896852493286133,0.7912553548812866,0.7897701859474182,0.7900809049606323
835_class-843,0.9558004140853882,0.9568042755126953,0.9565297365188599,0.9567012786865234,0.9541114568710327,0.9567952156066895
836_class-843,0.924683690071106,0.9229340553283691,0.9209710359573364,0.7819041609764099,0.7982078194618225,0.6383702158927917
837_class-843,0.9565674066543579,0.956744909286499,0.9563410878181458,0.3500211834907532,0.9554340839385986,0.710495114326477
838_class-843,0.9604376554489136,0.9608232975006104,0.9559828042984009,0.9602018594741821,0.9601176977157593,0.9603197574615479
839_class-843,0.9383081197738647,0.9413390159606934,0.9413504600524902,0.9413586854934692,0.9414978623390198,0.9415485858917236
840_class-844,0.960553765296936,0.9605247378349304,0.9604783058166504,0.9606101512908936,0.9606351256370544,0.9607080221176147
841_class-844,0.959825873374939,0.9595633745193481,0.9595248699188232,0.959619402885437,0.959693193435669,0.9596215486526489
842_class-844,0.9458194971084595,0.037256043404340744,0.036604829132556915,0.9457265138626099,0.9466191530227661,0.946520984172821
843_class-844,0.9506210684776306,0.95050448179245,0.9494785070419312,0.9509471654891968,0.9514645338058472,0.9495843648910522
844_class-844,0.06637611240148544,0.6876673698425293,0.9031896591186523,0.9025840163230896,0.9014570116996765,0.8994776010513306
845_class-844,0.9554646015167236,0.955537736415863,0.9528772830963135,0.5339827537536621,0.9529037475585938,0.9559134244918823
846_class-844,0.9577000141143799,0.9581984281539917,0.9584759473800659,0.9576575756072998,0.9577977657318115,0.9579054117202759
847_class-844,0.9571493864059448,0.9563816785812378,0.9565994739532471,0.9523857831954956,0.9567612409591675,0.9565994739532471
848_class-844,0.9442545175552368,0.945771336555481,0.9429628849029541,0.9454019069671631,0.9456544518470764,0.9460701942443848
849_class-844,0.8316390514373779,0.8316141963005066,0.831730842590332,0.8302924036979675,0.8311660289764404,0.8313769102096558
850_class-845,0.8274936079978943,0.8278481960296631,0.8278546333312988,0.8283120393753052,0.8271891474723816,0.8271660804748535
851_class-845,0.3995582163333893,0.9416694045066833,0.941210150718689,0.39955708384513855,0.9255842566490173,0.3991699814796448
852_class-845,0.35723966360092163,0.38517770171165466,0.38459840416908264,0.8575453162193298,0.8709685802459717,0.30532971024513245
853_class-845,0.921211838722229,0.9241136312484741,0.9219695329666138,0.9214591383934021,0.9270859956741333,0.9224023222923279
854_class-845,0.7326613068580627,0.7338845729827881,0.686516523361206,0.7319295406341553,0.7337069511413574,0.7384954690933228
855_class-845,0.9388605952262878,0.2960132956504822,0.2938266098499298,0.9391055107116699,0.2940685749053955,0.9398524761199951
856_class-845,0.9587305784225464,0.9504706859588623,0.9466202259063721,0.9643779993057251,0.9493824243545532,0.962244987487793
857_class-845,0.8371191024780273,0.12561748921871185,0.8580313920974731,0.849778413772583,0.6038102507591248,0.12706786394119263
858_class-845,0.9013423919677734,0.900807797908783,0.9169633388519287,0.4516371488571167,0.916469931602478,0.9158669710159302
859_class-845,0.9653290510177612,0.546474814414978,0.9733635783195496,0.9636012315750122,0.7498435974121094,0.9651463031768799
860_class-846,0.9276207685470581,0.9272817373275757,0.9242115020751953,0.9271849393844604,0.927162766456604,0.9276248812675476
861_class-846,0.5725356340408325,0.7883991003036499,0.8968970775604248,0.5753417015075684,0.8424321413040161,0.5824493169784546
862_class-846,0.8835189342498779,0.6730505228042603,0.6729618310928345,0.7061704993247986,0.6742181777954102,0.023306289687752724
863_class-846,0.7982272505760193,0.2835087478160858,0.798008918762207,0.24484926462173462,0.37083035707473755,0.7983893156051636
864_class-846,0.964629054069519,0.9645781517028809,0.9642733335494995,0.964308500289917,0.9642813801765442,0.9645190834999084
865_class-846,0.9449585676193237,0.9452506303787231,0.9454491138458252,0.94499272108078,0.9434172511100769,0.9460862874984741
866_class-846,0.8955615758895874,0.8960331678390503,0.8958368301391602,0.8964952230453491,0.895254909992218,0.8954378366470337
867_class-846,0.9467653036117554,0.9433259963989258,0.5066238045692444,0.9390798807144165,0.9389699697494507,0.9395496845245361
868_class-846,0.8743627071380615,0.8747537136077881,0.8745531439781189,0.8722839951515198,0.8744006752967834,0.8743734359741211
869_class-846,0.9093614816665649,0.9094794988632202,0.9094377756118774,0.9093994498252869,0.9094449877738953,0.9093074202537537
870_class-847,0.9369629621505737,0.9434625506401062,0.946327805519104,0.9451659917831421,0.944835901260376,0.9453353881835938
871_class-847,0.969430148601532,0.9695843458175659,0.9690998792648315,0.9687381982803345,0.9699637293815613,0.9695757627487183
872_class-847,0.4594275951385498,0.9651424884796143,0.45504701137542725,0.4587082266807556,0.9652101397514343,0.965656042098999
873_class-847,0.9556151628494263,0.9556905031204224,0.9559233784675598,0.9557919502258301,0.9548306465148926,0.9552175998687744
874_class-847,0.9478844404220581,0.9479790925979614,0.9478157162666321,0.94814133644104,0.9029331803321838,0.9480800628662109
875_class-847,0.8444798588752747,0.6670174598693848,0.9443503618240356,0.9090520143508911,0.6663763523101807,0.8441851139068604
876_class-847,0.3839450776576996,0.8881522417068481,0.3873107135295868,0.4467529058456421,0.38024383783340454,0.3825637102127075
877_class-847,0.9674789905548096,0.9664303064346313,0.9616109132766724,0.9682021141052246,0.9681117534637451,0.9613094329833984
878_class-847,0.9513404369354248,0.6678906679153442,0.6681382060050964,0.9518336057662964,0.951363205909729,0.9515857696533203
879_class-847,0.9231317639350891,0.9276710748672485,0.9238953590393066,0.9698976874351501,0.9262517690658569,0.9282352328300476
880_class-848,0.5990595817565918,0.8668776750564575,0.596410870552063,0.8665704727172852,0.5764762759208679,0.8646946549415588
881_class-848,0.890984296798706,0.8895127773284912,0.8891312479972839,0.8909390568733215,0.8968931436538696,0.02245042473077774
882_class-848,0.7560503482818604,0.3259885609149933,0.7009527087211609,0.7055628895759583,0.7566238641738892,0.7203595042228699
883_class-848,0.6421613693237305,0.9595939517021179,0.4987986981868744,0.9596567153930664,0.9593218564987183,0.959520697593689
884_class-848,0.9211421012878418,0.92142653465271,0.9212546348571777,0.9139916896820068,0.9209908843040466,0.9209818840026855
885_class-848,0.8168575167655945,0.8162466287612915,0.815757155418396,0.8170778751373291,0.8162341117858887,0.7024116516113281
886_class-848,0.9505356550216675,0.9501622915267944,0.9502060413360596,0.9502880573272705,0.950531005859375,0.9504126310348511
887_class-848,0.02014617994427681,0.8625762462615967,0.8656708002090454,0.8625444769859314,0.23881202936172485,0.858238160610199
888_class-848,0.009976004250347614,0.009627868421375751,0.8434939384460449,0.8448284864425659,0.8476526737213135,0.8478359580039978
889_class-848,0.6124439239501953,0.8136136531829834,0.6131243705749512,0.6136138439178467,0.8158583641052246,0.6084553599357605
890_class-849,0.9669845104217529,0.9667691588401794,0.9668198823928833,0.9667908549308777,0.9670907258987427,0.9668548107147217
891_class-849,0.817857027053833,0.8177518844604492,0.8176584839820862,0.8177585601806641,0.8175618648529053,0.8176349401473999
892_class-849,0.9548088908195496,0.41616761684417725,0.9536474943161011,0.415287047624588,0.9537646770477295,0.95228111743927
893_class-849,0.8199539184570312,0.8208858966827393,0.8209234476089478,0.823011040687561,0.8267437219619751,0.5812782049179077
894_class-849,0.9805774688720703,0.9805168509483337,0.9804446697235107,0.9805054664611816,0.9805669784545898,0.9805774688720703
895_class-849,0.866124153137207,0.8757868409156799,0.8797440528869629,0.9035614728927612,0.855225682258606,0.8612890839576721
896_class-849,0.8714374303817749,0.8493750095367432,0.8724460601806641,0.8721878528594971,0.8383365869522095,0.8389421701431274
897_class-849,0.9570317268371582,0.9602924585342407,0.961028516292572,0.9610798358917236,0.9608012437820435,0.9586041569709778
898_class-849,0.8829126358032227,0.8827525973320007,0.8825598955154419,0.8820514678955078,0.8828976154327393,0.8830001950263977
899_class-849,0.9591045379638672,0.9595208168029785,0.959613561630249,0.9589937925338745,0.9591647386550903,0.9593846797943115
900_class-850,0.977359414100647,0.9774399995803833,0.9774518013000488,0.9774752855300903,0.9773943424224854,0.9789457321166992
901_class-850,0.7709968090057373,0.7695817947387695,0.9377791285514832,0.7719172239303589,0.938423752784729,0.7697715759277344
902_class-850,0.8826544284820557,0.8801740407943726,0.8792435526847839,0.8874000310897827,0.8798080682754517,0.8798957467079163
903_class-850,0.49559885263442993,0.9520595073699951,0.9517080783843994,0.49649104475975037,0.820145308971405,0.9520678520202637
904_class-850,0.9647786021232605,0.9647166132926941,0.9647977352142334,0.9647777080535889,0.9647619724273682,0.9647220373153687
905_class-850,0.8886182904243469,0.8884774446487427,0.8888779878616333,0.8887189626693726,0.8890355229377747,0.8888702392578125
906_class-850,0.9785878658294678,0.032877665013074875,0.9786798357963562,0.9785444736480713,0.9764716625213623,0.2571963369846344
907_class-850,0.9619433879852295,0.9621295928955078,0.9619047045707703,0.9620320796966553,0.9618517160415649,0.9616118669509888
908_class-850,0.8332269787788391,0.9696665406227112,0.9697551727294922,0.9696623086929321,0.9697297811508179,0.9697023630142212
909_class-850,0.9605647921562195,0.8616387844085693,0.9609542489051819,0.8614825010299683,0.9602036476135254,0.9606328010559082
910_class-851,0.9651070833206177,0.778291642665863,0.6680482029914856,0.9659994840621948,0.9653498530387878,0.9655606746673584
911_class-851,0.49924808740615845,0.8929584622383118,0.8203024864196777,0.9252597689628601,0.908282995223999,0.8950918912887573
912_class-851,0.97464919090271,0.9761073589324951,0.9014736413955688,0.9016928672790527,0.8918085694313049,0.9011436104774475
913_class-851,0.8937726020812988,0.9597251415252686,0.9609419107437134,0.8994377851486206,0.9591785073280334,0.9284964203834534
914_class-851,0.9801626205444336,0.9782336950302124,0.9789687395095825,0.9789656400680542,0.9794011116027832,0.9188605546951294
915_class-851,0.9774675369262695,0.9777066707611084,0.756487250328064,0.9777705669403076,0.9785019755363464,0.9786649346351624
916_class-851,0.9659042358398438,0.8958020210266113,0.8935859799385071,0.8751586675643921,0.8871270418167114,0.8965267539024353
917_class-851,0.9531503915786743,0.9579477310180664,0.95790696144104,0.9576646089553833,0.9585589170455933,0.9580702781677246
918_class-851,0.9580358266830444,0.9592001438140869,0.958882212638855,0.9575591683387756,0.9577915668487549,0.9545953273773193
919_class-851,0.9358014464378357,0.8894912004470825,0.8833774924278259,0.9376950263977051,0.9328885078430176,0.9325941205024719
920_class-852,0.5078814029693604,0.8612339496612549,0.6089885830879211,0.8614587783813477,0.8615082502365112,0.8618346452713013
921_class-852,0.8173825740814209,0.8171113729476929,0.8171018362045288,0.8317466974258423,0.8598074316978455,0.8543980121612549
922_class-852,0.7450045347213745,0.21187472343444824,0.9458819031715393,0.9454901814460754,0.945122241973877,0.8692419528961182
923_class-852,0.8061011433601379,0.8149242401123047,0.9202168583869934,0.9203842878341675,0.7454632520675659,0.9213774800300598
924_class-852,0.9311200380325317,0.9314793348312378,0.9324923157691956,0.9321880340576172,0.9318361282348633,0.9313368201255798
925_class-852,0.9471327066421509,0.9477953910827637,0.946692943572998,0.9590270519256592,0.9448214769363403,0.946021556854248
926_class-852,0.779514491558075,0.932256281375885,0.8164768815040588,0.7804114818572998,0.8670234084129333,0.8055226802825928
927_class-852,0.6767833232879639,0.9375662803649902,0.742681622505188,0.9365651607513428,0.9354420900344849,0.9350177049636841
928_class-852,0.9398350715637207,0.9392279982566833,0.9399133920669556,0.9398561120033264,0.9401024580001831,0.93974769115448
929_class-852,0.880979061126709,0.8978842496871948,0.9651627540588379,0.968374490737915,0.9352829456329346,0.8926467299461365
930_class-853,0.7617005109786987,0.955829381942749,0.7057029008865356,0.6977458000183105,0.951180100440979,0.5476880669593811
931_class-853,0.9013731479644775,0.9036539196968079,0.9037313461303711,0.024534985423088074,0.7828567624092102,0.016458267346024513
932_class-853,0.1686170995235443,0.021235788241028786,0.8146430253982544,0.01908755488693714,0.0189494751393795,0.022742455825209618
933_class-853,0.6246585249900818,0.3160369098186493,0.5971539616584778,0.6560021638870239,0.6616064310073853,0.3090735375881195
934_class-853,0.9737883806228638,0.974195122718811,0.9738168120384216,0.9757106304168701,0.9734611511230469,0.6364919543266296
935_class-853,0.6838967800140381,0.7689932584762573,0.8205186128616333,0.7854377031326294,0.10759935528039932,0.759290874004364
936_class-853,0.9686219096183777,0.9679930806159973,0.9647982120513916,0.9631474614143372,0.8504734039306641,0.966627836227417
937_class-853,0.9573572874069214,0.9569616317749023,0.6351509094238281,0.9566949605941772,0.7484484910964966,0.6360547542572021
938_class-853,0.9821591377258301,0.7734662890434265,0.5273262858390808,0.9822268486022949,0.7833347320556641,0.7754080295562744
939_class-853,0.8334977626800537,0.9395624399185181,0.8339802622795105,0.8342475891113281,0.8327232599258423,0.8392252326011658
940_class-854,0.978274405002594,0.9783600568771362,0.9775233268737793,0.977974534034729,0.9780551195144653,0.978310227394104
941_class-854,0.9657886028289795,0.9657765626907349,0.9654215574264526,0.9659252166748047,0.9655377268791199,0.9660840034484863
942_class-854,0.9560601711273193,0.9590761065483093,0.9520862102508545,0.6564900279045105,0.9565161466598511,0.6679002642631531
943_class-854,0.7366670966148376,0.7794387936592102,0.7368488311767578,0.7794398069381714,0.7377122640609741,0.7792781591415405
944_class-854,0.9592432975769043,0.9595441818237305,0.9612827301025391,0.046294279396533966,0.9608930349349976,0.9595441818237305
945_class-854,0.964682936668396,0.960940957069397,0.9646973609924316,0.9646961688995361,0.9648088812828064,0.9646710753440857
946_class-854,0.8694555759429932,0.7739704847335815,0.869533896446228,0.7735499143600464,0.7443220615386963,0.7749700546264648
947_class-854,0.9173892736434937,0.9148209095001221,0.9626794457435608,0.9628769755363464,0.9622082114219666,0.9625323414802551
948_class-854,0.9738918542861938,0.9738731980323792,0.9739776849746704,0.9734184741973877,0.9739621877670288,0.9738813638687134
949_class-854,0.8684579133987427,0.8704530000686646,0.9717109799385071,0.9709061980247498,0.9713624715805054,0.9719299077987671
950_class-855,0.6501026749610901,0.9733319878578186,0.9739145040512085,0.7772760391235352,0.9728137254714966,0.8580201268196106
951_class-855,0.31292954087257385,0.9532990455627441,0.9528879523277283,0.29110121726989746,0.9505437612533569,0.2893463969230652
952_class-855,0.9639600515365601,0.8936687707901001,0.9638983011245728,0.9650861024856567,0.8941223621368408,0.8456330299377441
953_class-855,0.9602510929107666,0.960173487663269,0.9600409269332886,0.5639575719833374,0.5192033052444458,0.9600886106491089
954_class-855,0.7034057974815369,0.9558032751083374,0.9490691423416138,0.7034504413604736,0.9483122825622559,0.9547417163848877
955_class-855,0.9702024459838867,0.970184862613678,0.970158040523529,0.9701859354972839,0.9701766967773438,0.970281720161438
956_class-855,0.9369224309921265,0.9366390705108643,0.937199592590332,0.9479209780693054,0.9369184970855713,0.9371590614318848
957_class-855,0.9488949775695801,0.9474964141845703,0.9475865364074707,0.9491056203842163,0.9465876817703247,0.9464635848999023
958_class-855,0.9530938863754272,0.9818419814109802,0.9534152150154114,0.9567883610725403,0.9550250768661499,0.9530302286148071
959_class-855,0.9476200342178345,0.9474579691886902,0.9475082159042358,0.9474550485610962,0.9296531677246094,0.9473363161087036
960_class-856,0.9606693983078003,0.9651039838790894,0.9465122818946838,0.9650054574012756,0.9646035432815552,0.9651443958282471
961_class-856,0.7600455284118652,0.6504123210906982,0.9579352140426636,0.6513808369636536,0.9580146074295044,0.9577802419662476
962_class-856,0.9597827196121216,0.9611119627952576,0.9611135721206665,0.9611554145812988,0.9610585570335388,0.9611045122146606
963_class-856,0.9797469973564148,0.9227460622787476,0.9800640344619751,0.9800372123718262,0.9799391031265259,0.9799011945724487
964_class-856,0.9876003265380859,0.9877094030380249,0.9876910448074341,0.9877375960350037,0.9876722097396851,0.9877278804779053
965_class-856,0.9617710113525391,0.9634140729904175,0.9589664936065674,0.9632434248924255,0.9287935495376587,0.9602871537208557
966_class-856,0.9668014049530029,0.9666308164596558,0.9663360714912415,0.9667643308639526,0.9666270017623901,0.9663699269294739
967_class-856,0.972496747970581,0.9725905656814575,0.9720755219459534,0.9734627604484558,0.973530650138855,0.9724392294883728
968_class-856,0.9625948667526245,0.9626938104629517,0.9649375081062317,0.9623994827270508,0.9623572826385498,0.9640295505523682
969_class-856,0.96061110496521,0.9612175822257996,0.9609683156013489,0.9610905647277832,0.9609159231185913,0.962018609046936
970_class-857,0.9627195596694946,0.9625222682952881,0.9624538421630859,0.9626748561859131,0.9624583721160889,0.9625466465950012
971_class-857,0.9784809947013855,0.9783958196640015,0.9783406257629395,0.9784818887710571,0.9783427119255066,0.9783402681350708
972_class-857,0.9720456600189209,0.9721827507019043,0.9721169471740723,0.9721189737319946,0.972119152545929,0.9720562696456909
973_class-857,0.9812628030776978,0.9813299179077148,0.9813807010650635,0.9813629388809204,0.9812823534011841,0.981236457824707
974_class-857,0.9788053035736084,0.9788360595703125,0.9787436723709106,0.9788026809692383,0.9788045883178711,0.9787760972976685
975_class-857,0.9809253215789795,0.98093181848526,0.9808997511863708,0.9809577465057373,0.9809839725494385,0.9809414148330688
976_class-857,0.9736137390136719,0.9737590551376343,0.9737026691436768,0.9736360311508179,0.9736599326133728,0.9736056327819824
977_class-857,0.9738419055938721,0.9738012552261353,0.9738290905952454,0.9738358855247498,0.9740086793899536,0.9740273952484131
978_class-857,0.9723255634307861,0.9724043607711792,0.9723745584487915,0.9723806381225586,0.9723981618881226,0.9725154638290405
979_class-857,0.9615705013275146,0.9616397023200989,0.9500623941421509,0.961529016494751,0.9614676237106323,0.9615660905838013
980_class-858,0.8333128690719604,0.8288346529006958,0.8322417736053467,0.7769612669944763,0.826176643371582,0.8334000706672668
981_class-858,0.9715852737426758,0.8678309917449951,0.9719981551170349,0.9719572067260742,0.6388012766838074,0.03816065564751625
982_class-858,0.9793375730514526,0.9790300130844116,0.04190083593130112,0.9767541885375977,0.9784091711044312,0.04191835597157478
983_class-858,0.9767731428146362,0.9747625589370728,0.9744731187820435,0.9752237796783447,0.9765229821205139,0.9762411713600159
984_class-858,0.8408306837081909,0.8392437696456909,0.9752481579780579,0.9442745447158813,0.8411046266555786,0.8435530662536621
985_class-858,0.672208309173584,0.9586541652679443,0.9589202404022217,0.9590809345245361,0.6562876105308533,0.6559206247329712
986_class-858,0.969596266746521,0.9711741209030151,0.9706573486328125,0.9699281454086304,0.9696941375732422,0.9695103168487549
987_class-858,0.5282633304595947,0.7357738018035889,0.7314229607582092,0.7369390726089478,0.9554591774940491,0.713336169719696
988_class-858,0.41455504298210144,0.49684154987335205,0.6329473257064819,0.6184874773025513,0.712522029876709,0.9356640577316284
989_class-858,0.9683009386062622,0.9687734246253967,0.968919038772583,0.9685733318328857,0.9686405658721924,0.9725815057754517
990_class-859,0.12164673209190369,0.010840542614459991,0.08651439845561981,0.02522086724638939,0.05433148518204689,0.014140314422547817
991_class-859,0.3105904161930084,0.3524602949619293,0.5207756161689758,0.5097922682762146,0.2750154435634613,0.2749912738800049
992_class-859,0.32539069652557373,0.28307902812957764,0.28282880783081055,0.2830623388290405,0.5022706389427185,0.3253653049468994
993_class-859,0.9610118865966797,0.7036369442939758,0.8529016971588135,0.8127657771110535,0.7033704519271851,0.8530989289283752
994_class-859,0.9743638634681702,0.9744243621826172,0.974349319934845,0.9744232892990112,0.974348783493042,0.974409818649292
995_class-859,0.8933704495429993,0.017085688188672066,0.09248706698417664,0.09165190905332565,0.9708637595176697,0.8532002568244934
996_class-859,0.9867039918899536,0.9867269992828369,0.9866906404495239,0.986656904220581,0.9867676496505737,0.9867388010025024
997_class-859,0.686972975730896,0.6869441866874695,0.6869329810142517,0.6872111558914185,0.6870346069335938,0.6870697736740112
998_class-859,0.49259382486343384,0.49260997772216797,0.4926277995109558,0.4926052689552307,0.4925925135612488,0.49259617924690247
999_class-859,0.9843015670776367,0.9843475818634033,0.9839000105857849,0.984285831451416,0.983977735042572,0.9843486547470093
1000_class-860,0.9627789855003357,0.9634004831314087,0.9627828598022461,0.96312016248703,0.9625946283340454,0.9631634950637817
1001_class-860,0.7871494293212891,0.7879363298416138,0.7870967984199524,0.9632605314254761,0.9657800197601318,0.963339626789093
1002_class-860,0.9373843669891357,0.937617838382721,0.9375252723693848,0.9375883340835571,0.9374487400054932,0.9377480745315552
1003_class-860,0.9697837829589844,0.9667336940765381,0.9693138003349304,0.9666050672531128,0.9697985649108887,0.966637909412384
1004_class-860,0.9483964443206787,0.7966161966323853,0.7331982851028442,0.9483284950256348,0.948810875415802,0.9484955072402954
1005_class-860,0.7993381023406982,0.7967004179954529,0.8196173906326294,0.8436979055404663,0.806705117225647,0.7973755598068237
1006_class-860,0.9070026874542236,0.9077215790748596,0.6508602499961853,0.6528068780899048,0.9288260340690613,0.6528209447860718
1007_class-860,0.9617543816566467,0.9607170820236206,0.961728036403656,0.9616217613220215,0.9609459638595581,0.9618968963623047
1008_class-860,0.9003622531890869,0.8827910423278809,0.4735417068004608,0.4704146981239319,0.8977247476577759,0.8989660739898682
1009_class-860,0.9824665188789368,0.9823735952377319,0.5493308305740356,0.5472376346588135,0.9824681282043457,0.9836159944534302
1010_class-861,0.05300521105527878,0.052374351769685745,0.6979199051856995,0.0526035837829113,0.8776789903640747,0.05120856687426567
1011_class-861,0.9344593286514282,0.9319486021995544,0.9313338994979858,0.9331369400024414,0.9346979856491089,0.6916109323501587
1012_class-861,0.9497696161270142,0.9122699499130249,0.9123958349227905,0.9370116591453552,0.7031253576278687,0.7027368545532227
1013_class-861,0.7017198204994202,0.701730489730835,0.9693795442581177,0.9693170785903931,0.9694953560829163,0.969030499458313
1014_class-861,0.9598066806793213,0.7303962707519531,0.7305423021316528,0.7304410338401794,0.7304172515869141,0.7304381132125854
1015_class-861,0.6966017484664917,0.6966927647590637,0.4236259162425995,0.6959218978881836,0.6965773701667786,0.6958898305892944
1016_class-861,0.8604662418365479,0.8600914478302002,0.8609575629234314,0.8600308895111084,0.8600311875343323,0.8608427047729492
1017_class-861,0.5919327139854431,0.7441118955612183,0.9688169360160828,0.783818781375885,0.7265239953994751,0.7265353202819824
1018_class-861,0.8463770151138306,0.6730325222015381,0.6748327016830444,0.7329103946685791,0.745206892490387,0.6728039383888245
1019_class-861,0.7499644756317139,0.7499567270278931,0.7504523992538452,0.6441241502761841,0.6460561752319336,0.7502243518829346
1020_class-862,0.8117253184318542,0.03256697207689285,0.03256697207689285,0.3716163635253906,0.8119226694107056,0.03256908431649208
1021_class-862,0.9167243838310242,0.8560410737991333,0.9178638458251953,0.9197360277175903,0.91632080078125,0.9217811822891235
1022_class-862,0.9884521961212158,0.9886208772659302,0.9884524941444397,0.988652229309082,0.9885416626930237,0.988513708114624
1023_class-862,0.6753073930740356,0.9747316241264343,0.9746821522712708,0.9751054048538208,0.97502601146698,0.974947452545166
1024_class-862,0.9306695461273193,0.968421459197998,0.3816693425178528,0.9701183438301086,0.9718899130821228,0.9716583490371704
1025_class-862,0.9762394428253174,0.9751818180084229,0.9765356779098511,0.9766697883605957,0.9764530062675476,0.9770165681838989
1026_class-862,0.977822482585907,0.9776689410209656,0.9778757095336914,0.9776169657707214,0.9777555465698242,0.9776169657707214
1027_class-862,0.860811710357666,0.860791802406311,0.8611700534820557,0.8614703416824341,0.8611144423484802,0.8608559966087341
1028_class-862,0.916243314743042,0.9153776168823242,0.9165810346603394,0.9159166216850281,0.9145035743713379,0.9149339199066162
1029_class-862,0.9667595028877258,0.6896083354949951,0.9667847156524658,0.9663532972335815,0.9667762517929077,0.6895162463188171
1030_class-863,0.9319788217544556,0.9327827095985413,0.9323984384536743,0.9301777482032776,0.9323098659515381,0.932499885559082
1031_class-863,0.9826042056083679,0.9825341701507568,0.982558012008667,0.9825215935707092,0.5673931241035461,0.9826092720031738
1032_class-863,0.9552289247512817,0.9554856419563293,0.955440878868103,0.9552148580551147,0.9551229476928711,0.9553543925285339
1033_class-863,0.9573235511779785,0.9571713209152222,0.7405951023101807,0.957534670829773,0.9580625295639038,0.7414134740829468
1034_class-863,0.9566757678985596,0.9540811777114868,0.9545578956604004,0.9528191089630127,0.955683708190918,0.9549623727798462
1035_class-863,0.3015903830528259,0.5771446824073792,0.9808143377304077,0.9807332754135132,0.6473205089569092,0.9808800220489502
1036_class-863,0.948815107345581,0.9485241174697876,0.9456366896629333,0.9459806084632874,0.9455881714820862,0.94545578956604
1037_class-863,0.9760721921920776,0.9793986678123474,0.8844770193099976,0.9787694215774536,0.9773311614990234,0.92000412940979
1038_class-863,0.9674926996231079,0.9665102958679199,0.9670556783676147,0.9665883183479309,0.9638174772262573,0.965495228767395
1039_class-863,0.9857624769210815,0.9857726097106934,0.9857529401779175,0.9858306646347046,0.9857723712921143,0.9858501553535461
1040_class-864,0.817359447479248,0.9847568869590759,0.8166950941085815,0.8174765110015869,0.6428709030151367,0.8173513412475586
1041_class-864,0.9704015254974365,0.9706161022186279,0.9696367979049683,0.9706196784973145,0.9703988432884216,0.9735756516456604
1042_class-864,0.9844592213630676,0.9850424528121948,0.7562217116355896,0.9849129915237427,0.7574709057807922,0.7369935512542725
1043_class-864,0.9613392353057861,0.019853653386235237,0.9622663259506226,0.9628223180770874,0.9609643816947937,0.02005290612578392
1044_class-864,0.9702558517456055,0.9688248038291931,0.968791127204895,0.9686000347137451,0.8680506944656372,0.9697390198707581
1045_class-864,0.9766649007797241,0.9765132665634155,0.9741165637969971,0.8004584312438965,0.8004504442214966,0.9723390340805054
1046_class-864,0.32402876019477844,0.9746754169464111,0.975068211555481,0.9747344255447388,0.9745001196861267,0.9746921062469482
1047_class-864,0.947089672088623,0.8000679016113281,0.9472644329071045,0.9470655918121338,0.9468564391136169,0.9470495581626892
1048_class-864,0.9338014125823975,0.933972179889679,0.9342032670974731,0.933741569519043,0.9338482022285461,0.9592325687408447
1049_class-864,0.9759001731872559,0.9769251942634583,0.9767872095108032,0.9765657186508179,0.9767593145370483,0.9760809540748596
1050_class-865,0.892997145652771,0.9352784156799316,0.9039930701255798,0.9047417640686035,0.8899515867233276,0.912716269493103
1051_class-865,0.04232647269964218,0.04246022179722786,0.9235347509384155,0.8754615783691406,0.30152609944343567,0.04310408607125282
1052_class-865,0.8864208459854126,0.9013794660568237,0.8859356045722961,0.9032800793647766,0.9031729698181152,0.8861423134803772
1053_class-865,0.9585868120193481,0.9726855158805847,0.8827368021011353,0.8030046820640564,0.8937605619430542,0.2390279769897461
1054_class-865,0.9619864225387573,0.9615268111228943,0.9623360633850098,0.9632399082183838,0.9642609357833862,0.9639248847961426
1055_class-865,0.9072140455245972,0.9089853167533875,0.9093434810638428,0.9070741534233093,0.9096558094024658,0.9094842672348022
1056_class-865,0.8575040698051453,0.043458785861730576,0.9214078783988953,0.8949753046035767,0.8594377040863037,0.8568904399871826
1057_class-865,0.9645017385482788,0.9671810865402222,0.9473884105682373,0.9671932458877563,0.9636441469192505,0.9119840860366821
1058_class-865,0.2486318051815033,0.9244289398193359,0.8293445706367493,0.9245349168777466,0.7996665835380554,0.9244540929794312
1059_class-865,0.9025928974151611,0.9023393392562866,0.9027448892593384,0.9602869749069214,0.5512213706970215,0.9603818655014038
1060_class-866,0.9783309698104858,0.6370360255241394,0.9759589433670044,0.9791340827941895,0.6374298334121704,0.975674569606781
1061_class-866,0.7260353565216064,0.7260252237319946,0.9894551634788513,0.7261219024658203,0.7262144088745117,0.726127564907074
1062_class-866,0.973107099533081,0.97344970703125,0.9733279943466187,0.9730292558670044,0.9727341532707214,0.9733979105949402
1063_class-866,0.9867411255836487,0.9866820573806763,0.9868888854980469,0.9869258403778076,0.9868372082710266,0.9867337346076965
1064_class-866,0.9565145969390869,0.5575971603393555,0.9596714973449707,0.9568014144897461,0.9564081430435181,0.9568871259689331
1065_class-866,0.6642072200775146,0.9658412933349609,0.965300440788269,0.6643213629722595,0.9657463431358337,0.9656773805618286
1066_class-866,0.7736514806747437,0.6079442501068115,0.9855378866195679,0.985262393951416,0.6079867482185364,0.985873818397522
1067_class-866,0.9899568557739258,0.989798903465271,0.990546464920044,0.9905407428741455,0.9905386567115784,0.9898824095726013
1068_class-866,0.9910452961921692,0.9891066551208496,0.9894683957099915,0.9895257353782654,0.989426851272583,0.9895665645599365
1069_class-866,0.6401315927505493,0.6391506195068359,0.7216829061508179,0.6389473676681519,0.5590745806694031,0.6389282941818237
1070_class-867,0.44141364097595215,0.9533295631408691,0.9531790614128113,0.953047513961792,0.9531638622283936,0.9530099034309387
1071_class-867,0.9795039892196655,0.9793701171875,0.9794756174087524,0.9790680408477783,0.9498777389526367,0.9795674085617065
1072_class-867,0.9693735241889954,0.9694229364395142,0.969236433506012,0.9683102369308472,0.963354229927063,0.9690185189247131
1073_class-867,0.2130465805530548,0.6418218612670898,0.641085684299469,0.6410409212112427,0.9622355103492737,0.6298722624778748
1074_class-867,0.43963679671287537,0.8693141341209412,0.43932831287384033,0.4376663565635681,0.44133734703063965,0.47291630506515503
1075_class-867,0.9349859952926636,0.9349513053894043,0.9354482889175415,0.9353517889976501,0.9356023073196411,0.9351184368133545
1076_class-867,0.8218797445297241,0.9544788599014282,0.5765029788017273,0.806373655796051,0.9057242274284363,0.9542920589447021
1077_class-867,0.632688045501709,0.9087570905685425,0.5740468502044678,0.9169521331787109,0.4275459051132202,0.8047442436218262
1078_class-867,0.9811135530471802,0.9810974597930908,0.9810135960578918,0.9808580875396729,0.9810971617698669,0.9810227751731873
1079_class-867,0.8551862835884094,0.8551449179649353,0.8560041189193726,0.8552764058113098,0.8539865612983704,0.8058454990386963
1080_class-868,0.8901957273483276,0.9101994037628174,0.8484110832214355,0.9158735871315002,0.9143102169036865,0.8291003704071045
1081_class-868,0.9036757946014404,0.8836594820022583,0.8881076574325562,0.8826146125793457,0.8814234137535095,0.8805354833602905
1082_class-868,0.94590163230896,0.9461603164672852,0.9458051323890686,0.9450105428695679,0.9463852643966675,0.9464913606643677
1083_class-868,0.6497336030006409,0.6672348976135254,0.7750141024589539,0.8568242788314819,0.8578110933303833,0.7643431425094604
1084_class-868,0.9545107483863831,0.9546189308166504,0.9543507099151611,0.9542995691299438,0.9544543027877808,0.9542965292930603
1085_class-868,0.7494438886642456,0.7491990923881531,0.7492279410362244,0.7476949095726013,0.9373125433921814,0.7475094795227051
1086_class-868,0.9644342660903931,0.9630329012870789,0.9634494781494141,0.9622917175292969,0.9630556106567383,0.9650382995605469
1087_class-868,0.9624422192573547,0.9624431729316711,0.9622364640235901,0.9626630544662476,0.961073637008667,0.962511420249939
1088_class-868,0.9120112061500549,0.9122136831283569,0.911382794380188,0.9119863510131836,0.8688985109329224,0.9137484431266785
1089_class-868,0.9507147073745728,0.9520578384399414,0.9506266117095947,0.9510860443115234,0.9517953991889954,0.9508413076400757
1090_class-869,0.8674618601799011,0.8729565739631653,0.8675718307495117,0.8723828792572021,0.8673199415206909,0.8688602447509766
1091_class-869,0.9743778705596924,0.9739303588867188,0.9731494784355164,0.9774771928787231,0.9740557670593262,0.977138876914978
1092_class-869,0.9376499056816101,0.9380010366439819,0.9396856427192688,0.9377399682998657,0.9391291737556458,0.9376856088638306
1093_class-869,0.8879623413085938,0.8878225088119507,0.8861469626426697,0.8876755237579346,0.8875455856323242,0.8878711462020874
1094_class-869,0.928280234336853,0.923954427242279,0.925049901008606,0.9226159453392029,0.9264394044876099,0.9225960969924927
1095_class-869,0.8918955326080322,0.8916247487068176,0.8912345170974731,0.8912081122398376,0.8918944001197815,0.891216516494751
1096_class-869,0.9684538245201111,0.9686962366104126,0.9684892892837524,0.9684275984764099,0.9684300422668457,0.9685138463973999
1097_class-869,0.9557204842567444,0.9558085203170776,0.955907940864563,0.9558233022689819,0.9555169343948364,0.9557814598083496
1098_class-869,0.9543571472167969,0.9513657689094543,0.9675926566123962,0.9537997841835022,0.9528006315231323,0.9528487920761108
1099_class-869,0.9521996974945068,0.9517301321029663,0.9521663784980774,0.9516940116882324,0.9508903622627258,0.9516240358352661
1100_class-870,0.9834600687026978,0.9836107492446899,0.9835051894187927,0.9833472371101379,0.9821518063545227,0.9835432767868042
1101_class-870,0.9810208678245544,0.9810732007026672,0.9810280799865723,0.9810356497764587,0.9810054302215576,0.98105788230896
1102_class-870,0.9748642444610596,0.9750192165374756,0.9749598503112793,0.9749600887298584,0.9748491048812866,0.9748713970184326
1103_class-870,0.98483806848526,0.9847828149795532,0.984750509262085,0.9848155975341797,0.984750509262085,0.9840430021286011
1104_class-870,0.9855544567108154,0.9531265497207642,0.9855242967605591,0.9854754209518433,0.9856420755386353,0.9856127500534058
1105_class-870,0.9877644777297974,0.98780757188797,0.9871270656585693,0.9879026412963867,0.9877904653549194,0.9888951182365417
1106_class-870,0.6358627080917358,0.9825361967086792,0.9821478128433228,0.6133765578269958,0.6133821606636047,0.9745863080024719
1107_class-870,0.9662721157073975,0.9661892652511597,0.9662357568740845,0.9664819836616516,0.9664883613586426,0.9665541052818298
1108_class-870,0.9858188629150391,0.9846808910369873,0.4818589389324188,0.9847770929336548,0.4400647282600403,0.984522819519043
1109_class-870,0.9898881912231445,0.9903614521026611,0.9904530644416809,0.9903923869132996,0.9903215765953064,0.9903829097747803
1110_class-871,0.9897336959838867,0.9897332191467285,0.9896750450134277,0.9896411895751953,0.9896072745323181,0.9895319938659668
1111_class-871,0.972003698348999,0.9718800783157349,0.9719370007514954,0.9738845229148865,0.9718806147575378,0.9719620943069458
1112_class-871,0.9706323146820068,0.9704919457435608,0.9699183702468872,0.9705981016159058,0.9707974195480347,0.9705407023429871
1113_class-871,0.9869014024734497,0.986011266708374,0.7590824365615845,0.7580596208572388,0.9866089820861816,0.9860659837722778
1114_class-871,0.42903679609298706,0.8559445142745972,0.9888572096824646,0.3725256323814392,0.9486234188079834,0.4099488854408264
1115_class-871,0.9887617826461792,0.9888275861740112,0.988845944404602,0.9887151718139648,0.9888361692428589,0.9888265132904053
1116_class-871,0.9730398654937744,0.3055245876312256,0.30156752467155457,0.2981630861759186,0.4236834645271301,0.9760105609893799
1117_class-871,0.9905250072479248,0.9904651045799255,0.8154020309448242,0.9903844594955444,0.8266773223876953,0.9904502630233765
1118_class-871,0.9726004600524902,0.9726182222366333,0.9727150201797485,0.7127533555030823,0.9726300239562988,0.9725889563560486
1119_class-871,0.9757990837097168,0.9760758876800537,0.9759534597396851,0.9759420156478882,0.9760189056396484,0.9763975143432617
1120_class-872,0.9574597477912903,0.9578090906143188,0.9580856561660767,0.9577513933181763,0.9574431777000427,0.9579164981842041
1121_class-872,0.9584988355636597,0.9582406282424927,0.9585044384002686,0.9579697847366333,0.9583423137664795,0.9582330584526062
1122_class-872,0.9447436928749084,0.944992184638977,0.944540798664093,0.9446460604667664,0.9451158046722412,0.9448460936546326
1123_class-872,0.980819821357727,0.9809607267379761,0.9808715581893921,0.9808968305587769,0.980854332447052,0.9807440042495728
1124_class-872,0.9586203098297119,0.9583035707473755,0.9584908485412598,0.9582400321960449,0.9581902027130127,0.9588168859481812
1125_class-872,0.9378271102905273,0.9378713965415955,0.93803870677948,0.9383389949798584,0.9382102489471436,0.9380427002906799
1126_class-872,0.9636517763137817,0.9639075398445129,0.9635760188102722,0.9636666774749756,0.9638339281082153,0.9643067121505737
1127_class-872,0.9812612533569336,0.9806625843048096,0.981286883354187,0.9809013605117798,0.9811728000640869,0.9815192222595215
1128_class-872,0.9748685956001282,0.9748419523239136,0.974636435508728,0.9747004508972168,0.9747675657272339,0.9747774600982666
1129_class-872,0.9525231122970581,0.9518190622329712,0.9512910842895508,0.9503821134567261,0.9501803517341614,0.9526876211166382
1130_class-873,0.8719918131828308,0.8690630197525024,0.8575259447097778,0.8578020930290222,0.8738008737564087,0.8694236278533936
1131_class-873,0.968349039554596,0.9711204171180725,0.9672142267227173,0.9694687128067017,0.9705982208251953,0.9715544581413269
1132_class-873,0.9761708378791809,0.9761892557144165,0.9761384725570679,0.9762749671936035,0.9762921333312988,0.9762413501739502
1133_class-873,0.9681966304779053,0.9675018787384033,0.9679936170578003,0.9674179553985596,0.9683967232704163,0.9682338237762451
1134_class-873,0.934066116809845,0.9602140188217163,0.9603841304779053,0.960120677947998,0.9597328305244446,0.9605209827423096
1135_class-873,0.9394499659538269,0.9391417503356934,0.939507246017456,0.9395684003829956,0.9395369291305542,0.9393997192382812
1136_class-873,0.975933849811554,0.9731091260910034,0.9728646278381348,0.9756988286972046,0.9756561517715454,0.975645899772644
1137_class-873,0.9853503704071045,0.9852262139320374,0.9852257966995239,0.9851776361465454,0.985129714012146,0.984870433807373
1138_class-873,0.980806291103363,0.9824928045272827,0.9825946092605591,0.9826737642288208,0.9826368093490601,0.9806348085403442
1139_class-873,0.9660675525665283,0.965726375579834,0.9622236490249634,0.9659013152122498,0.9545379877090454,0.9660042524337769
1140_class-874,0.7149175405502319,0.7140831351280212,0.7149113416671753,0.7143282890319824,0.7162320613861084,0.9308913946151733
1141_class-874,0.8871970176696777,0.777229905128479,0.703537106513977,0.5214588642120361,0.7343202829360962,0.5900226831436157
1142_class-874,0.9439976215362549,0.944739818572998,0.7763303518295288,0.773723840713501,0.778719425201416,0.9442044496536255
1143_class-874,0.8109540939331055,0.8596876859664917,0.9490045309066772,0.8112088441848755,0.7681061029434204,0.7672972679138184
1144_class-874,0.7426596283912659,0.7402160167694092,0.7438919544219971,0.7431870698928833,0.7376676797866821,0.7383291125297546
1145_class-874,0.931818962097168,0.9316534399986267,0.9314346313476562,0.9319049715995789,0.9318153262138367,0.9326438307762146
1146_class-874,0.9565927982330322,0.9564837217330933,0.95637047290802,0.9565562605857849,0.9565324783325195,0.9565879106521606
1147_class-874,0.9141861200332642,0.9111788272857666,0.9114583730697632,0.9253531694412231,0.9116158485412598,0.9098658561706543
1148_class-874,0.8124312162399292,0.8115668296813965,0.8122429847717285,0.8152905106544495,0.8102269172668457,0.8124130964279175
1149_class-874,0.7954800128936768,0.7935537695884705,0.8465905785560608,0.7947391271591187,0.7869024276733398,0.6952774524688721
1150_class-875,0.9703198075294495,0.9698164463043213,0.9695116281509399,0.9698257446289062,0.9700325131416321,0.9701919555664062
1151_class-875,0.7001321911811829,0.9504550099372864,0.7998932600021362,0.7006058096885681,0.9488999843597412,0.7000635862350464
1152_class-875,0.5748259425163269,0.5754538774490356,0.5755398273468018,0.5761922597885132,0.5754061937332153,0.8241846561431885
1153_class-875,0.9438743591308594,0.9439767599105835,0.9443158507347107,0.9441790580749512,0.9441198706626892,0.7140945196151733
1154_class-875,0.9562005996704102,0.9563918113708496,0.9565525650978088,0.9557450413703918,0.956405758857727,0.9567009806632996
1155_class-875,0.8456718921661377,0.8461106419563293,0.7783862352371216,0.8451584577560425,0.7168609499931335,0.7752456665039062
1156_class-875,0.8761634230613708,0.9409476518630981,0.8768614530563354,0.8942356109619141,0.8755873441696167,0.8753479719161987
1157_class-875,0.8934186697006226,0.8924452066421509,0.8932971954345703,0.8934401273727417,0.8932919502258301,0.893180251121521
1158_class-875,0.9585744142532349,0.957389235496521,0.021446634083986282,0.9583534002304077,0.9571182727813721,0.9583914875984192
1159_class-875,0.7948771119117737,0.8660910129547119,0.7227648496627808,0.8217358589172363,0.7192548513412476,0.5024949312210083
1160_class-876,0.6587144136428833,0.42785027623176575,0.4309062957763672,0.6527959704399109,0.6624382734298706,0.64112389087677
1161_class-876,0.8790014982223511,0.883549690246582,0.9647339582443237,0.9650685787200928,0.9650417566299438,0.9654766321182251
1162_class-876,0.9707486629486084,0.9703978300094604,0.9705517292022705,0.9705146551132202,0.9703870415687561,0.9695450067520142
1163_class-876,0.04247131198644638,0.8802879452705383,0.8781763315200806,0.04207901656627655,0.8765487670898438,0.042516086250543594
1164_class-876,0.9463192820549011,0.9441071152687073,0.7300114035606384,0.7298930883407593,0.9441386461257935,0.9454466700553894
1165_class-876,0.6891805529594421,0.9697415828704834,0.6892129182815552,0.9704293608665466,0.6891689896583557,0.970588743686676
1166_class-876,0.9429017305374146,0.9391697645187378,0.9405851364135742,0.9398373365402222,0.9398210048675537,0.9392420649528503
1167_class-876,0.9642049074172974,0.03074399009346962,0.9708192348480225,0.9655592441558838,0.970399022102356,0.9643690586090088
1168_class-876,0.9507676362991333,0.9506509304046631,0.9507728219032288,0.9507503509521484,0.6789819598197937,0.6787513494491577
1169_class-876,0.8953648209571838,0.8210617303848267,0.7669363021850586,0.9400037527084351,0.619556188583374,0.9503790140151978
1170_class-877,0.9090089201927185,0.9091777801513672,0.9086752533912659,0.8493707180023193,0.8500164747238159,0.9090628623962402
1171_class-877,0.36588937044143677,0.3667338490486145,0.3677138686180115,0.8310456275939941,0.3665708303451538,0.7475711703300476
1172_class-877,0.8537249565124512,0.8457648754119873,0.8267694115638733,0.8516378998756409,0.8548482656478882,0.7746015787124634
1173_class-877,0.9483048915863037,0.9481229186058044,0.946337103843689,0.9479949474334717,0.9478490352630615,0.9466359615325928
1174_class-877,0.8027819395065308,0.9167938232421875,0.916377067565918,0.9163731336593628,0.9165365695953369,0.8038078546524048
1175_class-877,0.9731007814407349,0.9734368324279785,0.9726173877716064,0.9730420112609863,0.9730374217033386,0.9730321168899536
1176_class-877,0.9393017292022705,0.3912034332752228,0.39100801944732666,0.393622487783432,0.9394634366035461,0.9400185346603394
1177_class-877,0.9604624509811401,0.9621357321739197,0.9614025354385376,0.9605051875114441,0.9603649377822876,0.9611647725105286
1178_class-877,0.9724541902542114,0.972694993019104,0.9729444980621338,0.9727404713630676,0.9729341268539429,0.9729750156402588
1179_class-877,0.7791658639907837,0.7828144431114197,0.8729119896888733,0.7563901543617249,0.7857101559638977,0.9257495999336243
1180_class-878,0.9555983543395996,0.956501841545105,0.9729452133178711,0.9726942777633667,0.9723408222198486,0.9549046754837036
1181_class-878,0.9512912034988403,0.9827325344085693,0.9497408866882324,0.9474577903747559,0.979681134223938,0.9482102394104004
1182_class-878,0.9582605361938477,0.9621680974960327,0.9582066535949707,0.9576492309570312,0.9577130079269409,0.9577236771583557
1183_class-878,0.9319448471069336,0.9311825037002563,0.9278853535652161,0.9295538067817688,0.9284358024597168,0.9292941093444824
1184_class-878,0.9759690761566162,0.9759413003921509,0.975928544998169,0.9771090745925903,0.9762833118438721,0.9772101640701294
1185_class-878,0.9221158623695374,0.9223055243492126,0.9221276044845581,0.9219783544540405,0.9220794439315796,0.9220077991485596
1186_class-878,0.9622791409492493,0.9622238874435425,0.9597638249397278,0.9636837244033813,0.9624673128128052,0.9625508785247803
1187_class-878,0.9412858486175537,0.9597535133361816,0.9406391382217407,0.9448668956756592,0.9647628664970398,0.9409633874893188
1188_class-878,0.9000090956687927,0.9578250646591187,0.9180779457092285,0.9568020105361938,0.7916322946548462,0.9227463006973267
1189_class-878,0.8604675531387329,0.74437415599823,0.7816563844680786,0.9294868111610413,0.9285430908203125,0.7189127802848816
1190_class-879,0.675243079662323,0.6751781702041626,0.4824058711528778,0.9784153699874878,0.6753020286560059,0.4823632538318634
1191_class-879,0.8263983130455017,0.9533109664916992,0.9511256217956543,0.7789894342422485,0.9500480890274048,0.9505289793014526
1192_class-879,0.7234077453613281,0.7229191064834595,0.775134801864624,0.9512883424758911,0.5793830156326294,0.5793746709823608
1193_class-879,0.6930433511734009,0.5891664028167725,0.6035651564598083,0.4904892146587372,0.49049678444862366,0.6930047273635864
1194_class-879,0.9928774833679199,0.9927330017089844,0.9928008913993835,0.9911192059516907,0.9927330017089844,0.9910936951637268
1195_class-879,0.5658280849456787,0.5680814981460571,0.5681734085083008,0.873234748840332,0.5680493712425232,0.43066322803497314
1196_class-879,0.9236394166946411,0.9397259950637817,0.8462190628051758,0.7857059836387634,0.9052529335021973,0.9586029052734375
1197_class-879,0.7016848921775818,0.988386869430542,0.9880430698394775,0.9883711338043213,0.9884729385375977,0.9884333610534668
1198_class-879,0.5765361785888672,0.6561928987503052,0.5762982964515686,0.5753778219223022,0.5765008926391602,0.5762982964515686
1199_class-879,0.9738585352897644,0.9740707874298096,0.6098799705505371,0.9738706350326538,0.9740959405899048,0.6101852059364319
1200_class-880,0.9552879929542542,0.9553210139274597,0.9553593397140503,0.9553123712539673,0.9553438425064087,0.9553835391998291
1201_class-880,0.9154104590415955,0.9850598573684692,0.9800256490707397,0.9855630397796631,0.9588947296142578,0.9588857889175415
1202_class-880,0.9404609203338623,0.9405168890953064,0.9404534101486206,0.9404745101928711,0.9405447244644165,0.9404533505439758
1203_class-880,0.933003842830658,0.932292103767395,0.9322803020477295,0.9329295754432678,0.932309627532959,0.9330477714538574
1204_class-880,0.9817100763320923,0.9817833304405212,0.9817100763320923,0.9817100763320923,0.9817174077033997,0.9817394018173218
1205_class-880,0.08259585499763489,0.3717072010040283,0.3224180340766907,0.08167456090450287,0.08076991140842438,0.08118871599435806
1206_class-880,0.989665150642395,0.9896658062934875,0.9895905256271362,0.9896528720855713,0.9897021055221558,0.989665150642395
1207_class-880,0.979846715927124,0.9794132709503174,0.9798391461372375,0.9794796705245972,0.9798721075057983,0.9792150259017944
1208_class-880,0.9384816884994507,0.9384100437164307,0.93845534324646,0.9384790658950806,0.938467264175415,0.938453733921051
1209_class-880,0.22748501598834991,0.9656795859336853,0.965262234210968,0.9657588005065918,0.9654349088668823,0.9651325941085815
1210_class-881,0.9448976516723633,0.9469777345657349,0.946190357208252,0.9464911222457886,0.9457817673683167,0.9446929693222046
1211_class-881,0.3521880805492401,0.3488759994506836,0.3496120274066925,0.3505258858203888,0.34013599157333374,0.28667953610420227
1212_class-881,0.8312612771987915,0.8290385603904724,0.8294354677200317,0.816742479801178,0.8082973957061768,0.8255998492240906
1213_class-881,0.4449176490306854,0.4359767436981201,0.9373208284378052,0.935387134552002,0.9354746341705322,0.4363388419151306
1214_class-881,0.14467033743858337,0.1008642166852951,0.10109678655862808,0.10069221258163452,0.9451985359191895,0.9446401596069336
1215_class-881,0.8606001138687134,0.8615991473197937,0.8657517433166504,0.8595409393310547,0.8602068424224854,0.8602071404457092
1216_class-881,0.5614564418792725,0.5608879327774048,0.5616130828857422,0.555476188659668,0.5618079900741577,0.5607832670211792
1217_class-881,0.9742400050163269,0.9739198684692383,0.9745608568191528,0.9740701913833618,0.9679315090179443,0.9721219539642334
1218_class-881,0.9705734252929688,0.9705301523208618,0.9699563384056091,0.9704194068908691,0.9702441096305847,0.9706236720085144
1219_class-881,0.938376784324646,0.9458125829696655,0.9459875822067261,0.9427759647369385,0.9443817138671875,0.9429149627685547
1220_class-882,0.9654848575592041,0.9656288623809814,0.9654877185821533,0.9655715823173523,0.9656391143798828,0.9656386375427246
1221_class-882,0.9587357044219971,0.9572471380233765,0.9572599530220032,0.6802355647087097,0.6801491975784302,0.9600224494934082
1222_class-882,0.618409276008606,0.9675828218460083,0.618719220161438,0.618682324886322,0.6185956001281738,0.6186352968215942
1223_class-882,0.9697329998016357,0.9697338342666626,0.9697116613388062,0.9697413444519043,0.9698169827461243,0.9697040319442749
1224_class-882,0.967577338218689,0.9673542976379395,0.9674621820449829,0.9674420356750488,0.9675918221473694,0.9672643542289734
1225_class-882,0.988281786441803,0.988271951675415,0.9883014559745789,0.9882815480232239,0.9883612394332886,0.9882122278213501
1226_class-882,0.8272033929824829,0.9778071641921997,0.9774703979492188,0.8272879719734192,0.8273303508758545,0.8274570107460022
1227_class-882,0.9412798881530762,0.6299254894256592,0.9411897659301758,0.9417597055435181,0.9419029951095581,0.9411267638206482
1228_class-882,0.9770208597183228,0.9772066473960876,0.9770072102546692,0.9773586392402649,0.9772002696990967,0.9771802425384521
1229_class-882,0.9743069410324097,0.9743067026138306,0.9743288159370422,0.9743216037750244,0.9742698669433594,0.9746137857437134
1230_class-883,0.9810012578964233,0.9807713031768799,0.9808281660079956,0.9806580543518066,0.9810835719108582,0.980957567691803
1231_class-883,0.9881384968757629,0.9880322217941284,0.9880145788192749,0.9880479574203491,0.9881232380867004,0.988229513168335
1232_class-883,0.9856892228126526,0.9856008291244507,0.985634446144104,0.9857224225997925,0.9856133460998535,0.9856234788894653
1233_class-883,0.9349372386932373,0.7170096635818481,0.9348930716514587,0.9348658919334412,0.7499372959136963,0.935012936592102
1234_class-883,0.9807370901107788,0.8892086744308472,0.9807167053222656,0.9808512926101685,0.6510710716247559,0.7366044521331787
1235_class-883,0.9847031235694885,0.9846881628036499,0.9847629070281982,0.9845981597900391,0.9847495555877686,0.8545226454734802
1236_class-883,0.6548373103141785,0.6547980308532715,0.6560938358306885,0.7104706764221191,0.8322934508323669,0.8323972821235657
1237_class-883,0.9878572225570679,0.9528709650039673,0.9878745079040527,0.6666644811630249,0.9878745079040527,0.8581441640853882
1238_class-883,0.9699510931968689,0.9698423147201538,0.9697936773300171,0.9698247909545898,0.9698078632354736,0.9697498083114624
1239_class-883,0.9622712135314941,0.9317007064819336,0.9669559001922607,0.9662774801254272,0.9669661521911621,0.9589928388595581
1240_class-884,0.9361748695373535,0.9362143874168396,0.9358019828796387,0.9359722137451172,0.9365425705909729,0.9359455108642578
1241_class-884,0.9507499933242798,0.9466344118118286,0.9509209394454956,0.9473327994346619,0.9510775804519653,0.8347740173339844
1242_class-884,0.9371392726898193,0.9373327493667603,0.9386790990829468,0.9380536675453186,0.9378213286399841,0.9378770589828491
1243_class-884,0.9496775269508362,0.9500396251678467,0.9499825239181519,0.9498635530471802,0.9505141973495483,0.9506260752677917
1244_class-884,0.23873686790466309,0.5731633901596069,0.862564206123352,0.7617305517196655,0.9219567775726318,0.9221831560134888
1245_class-884,0.9493041634559631,0.949185311794281,0.9496376514434814,0.9539195895195007,0.9502989053726196,0.9549922943115234
1246_class-884,0.9642584323883057,0.9660935401916504,0.9642055034637451,0.9638581275939941,0.9637018442153931,0.9662799835205078
1247_class-884,0.8654656410217285,0.8661938905715942,0.8651283383369446,0.8654146790504456,0.8655897974967957,0.8653370141983032
1248_class-884,0.9474855661392212,0.8589252829551697,0.8587448000907898,0.8589181900024414,0.8573117256164551,0.8594084978103638
1249_class-884,0.9465575218200684,0.9461653232574463,0.946331262588501,0.9464500546455383,0.9466028809547424,0.946143627166748
1250_class-885,0.953636884689331,0.9550387859344482,0.9532789587974548,0.9513305425643921,0.9533374309539795,0.9534167051315308
1251_class-885,0.9776025414466858,0.977515459060669,0.9777069091796875,0.9775537252426147,0.9774994254112244,0.9774593114852905
1252_class-885,0.023892918601632118,0.025339515879750252,0.02557893842458725,0.02196180261671543,0.9547010064125061,0.9544727206230164
1253_class-885,0.9366451501846313,0.9358563423156738,0.9361856579780579,0.9354393482208252,0.9374738931655884,0.9369872212409973
1254_class-885,0.9489474296569824,0.9492794275283813,0.9488887786865234,0.9485368728637695,0.9485844373703003,0.9491491317749023
1255_class-885,0.9511144161224365,0.9504448175430298,0.951492190361023,0.9506925344467163,0.9529651403427124,0.9510306715965271
1256_class-885,0.6554275155067444,0.8221319913864136,0.8511314988136292,0.6757685542106628,0.6607059240341187,0.8552034497261047
1257_class-885,0.4682212471961975,0.7222536206245422,0.9568469524383545,0.8757069110870361,0.8315309286117554,0.9609025716781616
1258_class-885,0.9406930208206177,0.9387868642807007,0.9402403831481934,0.740041971206665,0.9432154893875122,0.940689206123352
1259_class-885,0.6486084461212158,0.6801398992538452,0.9457331895828247,0.6661378145217896,0.6343193054199219,0.6625455617904663
1260_class-886,0.9540059566497803,0.8789801001548767,0.9541186094284058,0.9541454911231995,0.9542920589447021,0.9543120861053467
1261_class-886,0.9634632468223572,0.5535120964050293,0.9637826681137085,0.9671320915222168,0.9629689455032349,0.963569164276123
1262_class-886,0.9427453279495239,0.3605879247188568,0.8937314748764038,0.9415684938430786,0.9399700164794922,0.9398450255393982
1263_class-886,0.9493110179901123,0.8328850269317627,0.8340207934379578,0.9563432931900024,0.8327138423919678,0.9580835103988647
1264_class-886,0.9705290794372559,0.9705220460891724,0.9704127311706543,0.9703094959259033,0.9707183241844177,0.9702305793762207
1265_class-886,0.9423719048500061,0.9422999620437622,0.9424257278442383,0.9424386024475098,0.9423920512199402,0.9352840185165405
1266_class-886,0.9492422938346863,0.9491495490074158,0.949281632900238,0.9493045806884766,0.949225902557373,0.9490242600440979
1267_class-886,0.7957179546356201,0.7451058626174927,0.9640991687774658,0.9646052122116089,0.9641333222389221,0.9641510248184204
1268_class-886,0.953387975692749,0.9501336812973022,0.9528099298477173,0.9526940584182739,0.9529047012329102,0.9487856030464172
1269_class-886,0.9630184173583984,0.9572448134422302,0.9564921259880066,0.9567804932594299,0.9575863480567932,0.9571933746337891
1270_class-887,0.9857543706893921,0.9857016801834106,0.9857886433601379,0.9857767820358276,0.9857009649276733,0.6213604211807251
1271_class-887,0.9701698422431946,0.9701544046401978,0.9698660373687744,0.9701778888702393,0.9701099395751953,0.9701343774795532
1272_class-887,0.6103936433792114,0.5886573195457458,0.5891541242599487,0.5862399935722351,0.5985580086708069,0.607054591178894
1273_class-887,0.9811482429504395,0.9810949563980103,0.981418788433075,0.981497049331665,0.8498779535293579,0.9812982082366943
1274_class-887,0.9751701354980469,0.9751698970794678,0.9750824570655823,0.9753289222717285,0.9752686023712158,0.9752049446105957
1275_class-887,0.9788870811462402,0.9784424304962158,0.9794298410415649,0.9776244163513184,0.9787832498550415,0.9779407978057861
1276_class-887,0.9847410321235657,0.9850265979766846,0.9851402044296265,0.9846735000610352,0.9846469163894653,0.9848175048828125
1277_class-887,0.9423742294311523,0.942242443561554,0.9420552849769592,0.9421164989471436,0.9795931577682495,0.7730495929718018
1278_class-887,0.9872682094573975,0.9872039556503296,0.9872164726257324,0.987172544002533,0.9872709512710571,0.9872481822967529
1279_class-887,0.9813175201416016,0.981778621673584,0.9813329577445984,0.9813101887702942,0.9813772439956665,0.9813693761825562
1280_class-888,0.9535418748855591,0.9540612101554871,0.6234755516052246,0.6227889657020569,0.9538492560386658,0.6227937936782837
1281_class-888,0.962531566619873,0.9550777673721313,0.9551230669021606,0.7921427488327026,0.9551204442977905,0.9550176858901978
1282_class-888,0.801821231842041,0.9607138633728027,0.8012974262237549,0.3636305332183838,0.44138669967651367,0.412252813577652
1283_class-888,0.9440832138061523,0.9435688257217407,0.9446631669998169,0.9449989795684814,0.6984864473342896,0.6976603269577026
1284_class-888,0.9630003571510315,0.9623702764511108,0.9606414437294006,0.9467813372612,0.9612325429916382,0.9614970684051514
1285_class-888,0.9467291235923767,0.9360915422439575,0.9472123384475708,0.9479508399963379,0.9456149339675903,0.9475760459899902
1286_class-888,0.9655716419219971,0.09293817728757858,0.9657696485519409,0.9665650129318237,0.9671730995178223,0.9673454761505127
1287_class-888,0.7745887041091919,0.9628919363021851,0.9631413221359253,0.9629288911819458,0.9630481004714966,0.9629857540130615
1288_class-888,0.6155074238777161,0.9656481146812439,0.9742275476455688,0.9746840000152588,0.969070315361023,0.9742858409881592
1289_class-888,0.9783936738967896,0.9779052734375,0.8970354795455933,0.9785594344139099,0.978610634803772,0.8968930244445801
1290_class-889,0.9710171222686768,0.9709426760673523,0.9710544347763062,0.9710766673088074,0.9710843563079834,0.9709800481796265
1291_class-889,0.840872049331665,0.83902508020401,0.8413416147232056,0.8390790224075317,0.838939368724823,0.8412628173828125
1292_class-889,0.9693583250045776,0.8227536678314209,0.8234505653381348,0.969307005405426,0.8239763975143433,0.8236129283905029
1293_class-889,0.6439049243927002,0.9445308446884155,0.9445931911468506,0.944419801235199,0.6452351808547974,0.9445104598999023
1294_class-889,0.844497561454773,0.9791731238365173,0.8449074625968933,0.9792373180389404,0.8296341300010681,0.8427687883377075
1295_class-889,0.9794325828552246,0.9794609546661377,0.9794924855232239,0.9795087575912476,0.9794725179672241,0.9793678522109985
1296_class-889,0.9910917282104492,0.9910917282104492,0.9910597205162048,0.9911075830459595,0.9910918474197388,0.9911237955093384
1297_class-889,0.8634600639343262,0.8634272217750549,0.8633894324302673,0.8634471893310547,0.863408088684082,0.8631689548492432
1298_class-889,0.9869873523712158,0.9869066476821899,0.9869258999824524,0.986967921257019,0.9869167804718018,0.9869577884674072
1299_class-889,0.8597888350486755,0.8640260696411133,0.8638324737548828,0.8633627891540527,0.8600273132324219,0.8640055656433105
1300_class-890,0.7660085558891296,0.9103128910064697,0.856810450553894,0.8738082647323608,0.7646930813789368,0.7668499946594238
1301_class-890,0.897171139717102,0.8945989608764648,0.9197753667831421,0.899368941783905,0.8952947854995728,0.895111083984375
1302_class-890,0.9413923025131226,0.9423049092292786,0.9432902336120605,0.9443485140800476,0.9420291185379028,0.9404200315475464
1303_class-890,0.8895383477210999,0.9396673440933228,0.6660648584365845,0.9409860372543335,0.9410319328308105,0.9398226737976074
1304_class-890,0.9344394207000732,0.7746632099151611,0.8326306343078613,0.9356096386909485,0.9021161198616028,0.8991074562072754
1305_class-890,0.9593101739883423,0.9517216682434082,0.9510179758071899,0.95842444896698,0.9505569934844971,0.9506820440292358
1306_class-890,0.958709716796875,0.9330447912216187,0.9620806574821472,0.9066315293312073,0.9073492884635925,0.9073816537857056
1307_class-890,0.8592566251754761,0.8617428541183472,0.8632546067237854,0.8586673736572266,0.8593300580978394,0.859605610370636
1308_class-890,0.30341801047325134,0.6013826131820679,0.2738479673862457,0.9696482419967651,0.30454039573669434,0.28537142276763916
1309_class-890,0.8935022354125977,0.9259214401245117,0.9256751537322998,0.9314889311790466,0.9121025204658508,0.9296667575836182
1310_class-891,0.5556325316429138,0.5499289035797119,0.5529519319534302,0.5501686334609985,0.5522410869598389,0.5509467124938965
1311_class-891,0.8339998722076416,0.833806037902832,0.8342090249061584,0.8340195417404175,0.8340408802032471,0.8339887857437134
1312_class-891,0.9368404150009155,0.9358422756195068,0.9368541240692139,0.9359673261642456,0.9368006587028503,0.9368759989738464
1313_class-891,0.8278833627700806,0.8277484178543091,0.5310393571853638,0.5294961333274841,0.8275836706161499,0.8276751041412354
1314_class-891,0.5896090865135193,0.45331165194511414,0.45322728157043457,0.45207077264785767,0.45321109890937805,0.4533155560493469
1315_class-891,0.7669983506202698,0.8031095862388611,0.7660834789276123,0.7656129598617554,0.8021272420883179,0.76557856798172
1316_class-891,0.31795772910118103,0.29741284251213074,0.33698996901512146,0.3367868661880493,0.3372131288051605,0.33693036437034607
1317_class-891,0.9356994032859802,0.9355221390724182,0.9353841543197632,0.9356277585029602,0.9360443949699402,0.9359331130981445
1318_class-891,0.9547914266586304,0.960961103439331,0.9527041912078857,0.9549486637115479,0.9514865875244141,0.9513781070709229
1319_class-891,0.9455093741416931,0.919983983039856,0.7591661214828491,0.7589337825775146,0.9467863440513611,0.7584167718887329
1320_class-892,0.8461506962776184,0.8461458086967468,0.845806360244751,0.846164345741272,0.8461520075798035,0.8461456298828125
1321_class-892,0.9784971475601196,0.9768193960189819,0.95438152551651,0.9783816933631897,0.978305459022522,0.5674043893814087
1322_class-892,0.922943115234375,0.9157290458679199,0.9222897291183472,0.9227745532989502,0.9171011447906494,0.9224207997322083
1323_class-892,0.960399866104126,0.9604799747467041,0.9606664180755615,0.9607021808624268,0.9606161117553711,0.9608186483383179
1324_class-892,0.9825910329818726,0.9795144200325012,0.9825615882873535,0.9794849753379822,0.9797428846359253,0.9796766042709351
1325_class-892,0.7285690307617188,0.9635964632034302,0.8956177234649658,0.7064250707626343,0.8282250165939331,0.8284962177276611
1326_class-892,0.8215126991271973,0.8197182416915894,0.8180843591690063,0.8196431994438171,0.968450129032135,0.8189934492111206
1327_class-892,0.5526655316352844,0.551952064037323,0.5532896518707275,0.5527678728103638,0.9596844911575317,0.5528141856193542
1328_class-892,0.5818293690681458,0.6276537179946899,0.5135939121246338,0.9722135066986084,0.9722427129745483,0.9726040363311768
1329_class-892,0.826175332069397,0.960448145866394,0.8264562487602234,0.9597467184066772,0.8239614963531494,0.9600024223327637
1330_class-893,0.9774156808853149,0.9774463176727295,0.9573060274124146,0.9772642254829407,0.9775049686431885,0.9774843454360962
1331_class-893,0.9705445766448975,0.9706109762191772,0.970645010471344,0.9705846309661865,0.9707061052322388,0.9706871509552002
1332_class-893,0.9593183994293213,0.9597830772399902,0.958942174911499,0.9597607851028442,0.9597097039222717,0.959342360496521
1333_class-893,0.9633829593658447,0.9693193435668945,0.9652454853057861,0.9695743322372437,0.9693259596824646,0.9655541181564331
1334_class-893,0.9586704969406128,0.958948016166687,0.9589523673057556,0.9584406614303589,0.9585874676704407,0.9590698480606079
1335_class-893,0.9651550054550171,0.8624783158302307,0.9646440744400024,0.9649279117584229,0.9022770524024963,0.9647592902183533
1336_class-893,0.9501684904098511,0.9472677707672119,0.946776270866394,0.9458582997322083,0.07077090442180634,0.07005952298641205
1337_class-893,0.9773880243301392,0.9773787260055542,0.9774359464645386,0.9786378741264343,0.9770240783691406,0.9773445129394531
1338_class-893,0.9633862972259521,0.9618180990219116,0.9617505073547363,0.9613355398178101,0.9614255428314209,0.9637017250061035
1339_class-893,0.9710745811462402,0.9709395170211792,0.9710419178009033,0.9710726737976074,0.9708971977233887,0.9709686040878296
1340_class-894,0.9043044447898865,0.9044795632362366,0.9031389951705933,0.9043455123901367,0.9040089845657349,0.9036498069763184
1341_class-894,0.9739389419555664,0.9715666770935059,0.9725643396377563,0.9741953015327454,0.9725801944732666,0.9697083830833435
1342_class-894,0.9599649906158447,0.9602802991867065,0.9600709676742554,0.9600677490234375,0.9599272012710571,0.9599896669387817
1343_class-894,0.9489679336547852,0.9490346908569336,0.9488421678543091,0.9489474296569824,0.9489768743515015,0.9490870237350464
1344_class-894,0.9597069025039673,0.9595851898193359,0.9597299098968506,0.9597365260124207,0.9597784876823425,0.959547758102417
1345_class-894,0.9567736387252808,0.9568023085594177,0.9586423635482788,0.9568381309509277,0.9568094611167908,0.9566236734390259
1346_class-894,0.9290786981582642,0.9289642572402954,0.9292775988578796,0.9292139410972595,0.9274823665618896,0.928870677947998
1347_class-894,0.916706919670105,0.9133352041244507,0.9172252416610718,0.9172675013542175,0.916694164276123,0.9166522026062012
1348_class-894,0.9648274183273315,0.9649498462677002,0.9647866487503052,0.9649038314819336,0.9648619890213013,0.9648351073265076
1349_class-894,0.9471760392189026,0.9469990730285645,0.944729208946228,0.9470659494400024,0.946988046169281,0.9470669627189636
1350_class-895,0.8507823944091797,0.8510115742683411,0.8513085246086121,0.8507407307624817,0.8506664037704468,0.8512913584709167
1351_class-895,0.6813582181930542,0.6753159761428833,0.010621395893394947,0.67673259973526,0.6821865439414978,0.3420771062374115
1352_class-895,0.7327521443367004,0.7312023639678955,0.9064011573791504,0.9066416025161743,0.7299960255622864,0.9070443511009216
1353_class-895,0.6306315064430237,0.6303524374961853,0.6269330382347107,0.9694458246231079,0.6269111037254333,0.9682568311691284
1354_class-895,0.8777072429656982,0.8875021934509277,0.9746200442314148,0.834099292755127,0.8120325207710266,0.9239884614944458
1355_class-895,0.4704141616821289,0.466829389333725,0.47165390849113464,0.42950573563575745,0.593120276927948,0.47189861536026
1356_class-895,0.9463056325912476,0.9460554122924805,0.9460244178771973,0.9461467266082764,0.8447762727737427,0.9460590481758118
1357_class-895,0.6537463068962097,0.9717947244644165,0.9723212718963623,0.9723471403121948,0.9720931053161621,0.9718412160873413
1358_class-895,0.9725948572158813,0.9727251529693604,0.9718275666236877,0.9726232290267944,0.9726617932319641,0.972284734249115
1359_class-895,0.969657838344574,0.8513268232345581,0.8189744353294373,0.9692419767379761,0.9697737693786621,0.9695032835006714
1360_class-896,0.7701783180236816,0.8683695793151855,0.8675588965415955,0.8681544065475464,0.8687035441398621,0.8675966262817383
1361_class-896,0.6821568012237549,0.9644155502319336,0.9643328189849854,0.9642565250396729,0.6810004115104675,0.9645073413848877
1362_class-896,0.047497060149908066,0.97719407081604,0.9761755466461182,0.975311279296875,0.04728034511208534,0.9773411750793457
1363_class-896,0.9794377684593201,0.9795229434967041,0.9795162677764893,0.9795575141906738,0.9794163703918457,0.9794163703918457
1364_class-896,0.9703505039215088,0.9697401523590088,0.9693329334259033,0.5904585123062134,0.9700336456298828,0.969748318195343
1365_class-896,0.978303074836731,0.9782614707946777,0.9782198071479797,0.9783751368522644,0.9788863062858582,0.9806251525878906
1366_class-896,0.9799744486808777,0.9799742698669434,0.9800028800964355,0.979964554309845,0.9798955321311951,0.9799728393554688
1367_class-896,0.8743714690208435,0.9118168354034424,0.6658239960670471,0.6818389296531677,0.6741344332695007,0.543810248374939
1368_class-896,0.6716614961624146,0.6718900203704834,0.671461820602417,0.7898072004318237,0.6015002131462097,0.6715734004974365
1369_class-896,0.955026388168335,0.954364001750946,0.7404088973999023,0.7402751445770264,0.9541536569595337,0.7403460144996643
1370_class-897,0.9673548936843872,0.9674025774002075,0.9674873948097229,0.9673172235488892,0.9669941067695618,0.9674030542373657
1371_class-897,0.963729202747345,0.9638170599937439,0.9640679359436035,0.9638733267784119,0.9641702175140381,0.9641618728637695
1372_class-897,0.9911676049232483,0.29109543561935425,0.9899359345436096,0.9912236928939819,0.9912333488464355,0.9912332892417908
1373_class-897,0.6002121567726135,0.6002121567726135,0.9592505693435669,0.600189208984375,0.6001836061477661,0.6001569032669067
1374_class-897,0.936357855796814,0.9352771043777466,0.9358187317848206,0.9365383386611938,0.9365090131759644,0.935706377029419
1375_class-897,0.9807698726654053,0.9808057546615601,0.9808840751647949,0.9809730648994446,0.9806405305862427,0.1257874220609665
1376_class-897,0.9690468311309814,0.9691147208213806,0.9690159559249878,0.9691752195358276,0.9690917730331421,0.9690995216369629
1377_class-897,0.9825153946876526,0.9828988313674927,0.9825918674468994,0.9833105802536011,0.9830977916717529,0.9830667972564697
1378_class-897,0.943703293800354,0.9438879489898682,0.9439111351966858,0.9434912800788879,0.9433490037918091,0.9466972351074219
1379_class-897,0.9819095730781555,0.9819823503494263,0.9818430542945862,0.9817777872085571,0.9820232391357422,0.9819082021713257
1380_class-898,0.990837812423706,0.9908684492111206,0.9908379912376404,0.9908379912376404,0.9908227920532227,0.9907998442649841
1381_class-898,0.6706013679504395,0.6708762645721436,0.6708482503890991,0.6708802580833435,0.6708850860595703,0.6708143949508667
1382_class-898,0.9667141437530518,0.9668397307395935,0.9668241739273071,0.9668092727661133,0.9667708873748779,0.9667936563491821
1383_class-898,0.9811658263206482,0.9810621738433838,0.9811180830001831,0.9811074733734131,0.9810787439346313,0.981055498123169
1384_class-898,0.992194652557373,0.9921947121620178,0.9921243190765381,0.9921165108680725,0.9921634197235107,0.9921869039535522
1385_class-898,0.9879044890403748,0.9877620935440063,0.9879119992256165,0.9879267811775208,0.9879195690155029,0.9876946210861206
1386_class-898,0.9872412085533142,0.987305760383606,0.9873337149620056,0.9872503280639648,0.9873425960540771,0.9873149394989014
1387_class-898,0.9931679964065552,0.9930218458175659,0.9930217266082764,0.9930299520492554,0.9930382966995239,0.9930298924446106
1388_class-898,0.9914124608039856,0.991412341594696,0.9914214015007019,0.9913680553436279,0.9914031028747559,0.9913944005966187
1389_class-898,0.9909770488739014,0.9908261299133301,0.9909371137619019,0.9906427264213562,0.9906109571456909,0.9907145500183105
1390_class-899,0.9722981452941895,0.9725791215896606,0.9732338786125183,0.9728240966796875,0.9726997017860413,0.9725614786148071
1391_class-899,0.961950957775116,0.9620954990386963,0.9612778425216675,0.9619644284248352,0.9617961645126343,0.9616655707359314
1392_class-899,0.9307724237442017,0.9515105485916138,0.9486334323883057,0.9523038864135742,0.9530072212219238,0.9310758113861084
1393_class-899,0.9786376357078552,0.9785041809082031,0.9785352945327759,0.9786163568496704,0.97856605052948,0.9786286354064941
1394_class-899,0.9031385183334351,0.9030588865280151,0.9220208525657654,0.9033734798431396,0.9032831192016602,0.9311418533325195
1395_class-899,0.9544717073440552,0.9556059241294861,0.9552657604217529,0.9551270008087158,0.9544130563735962,0.9550228118896484
1396_class-899,0.9650108218193054,0.9651198983192444,0.9650927782058716,0.9651104807853699,0.9650099277496338,0.9652384519577026
1397_class-899,0.9562609195709229,0.9556894302368164,0.956239640712738,0.9526979327201843,0.955480694770813,0.9448678493499756
1398_class-899,0.964623212814331,0.9644821882247925,0.9629026055335999,0.963618278503418,0.20294232666492462,0.8220231533050537
1399_class-899,0.9531119465827942,0.9527537226676941,0.9520477056503296,0.952697217464447,0.9529536962509155,0.9527868032455444
1400_class-900,0.9735938906669617,0.993165135383606,0.9931045770645142,0.9931793212890625,0.9932140111923218,0.9931172728538513
1401_class-900,0.9508066177368164,0.9815366864204407,0.33136656880378723,0.17546908557415009,0.971754789352417,0.17097291350364685
1402_class-900,0.9795238971710205,0.9800009727478027,0.9798192977905273,0.9799376726150513,0.9798202514648438,0.9798749685287476
1403_class-900,0.987916111946106,0.9877219200134277,0.9875344634056091,0.9869667291641235,0.9873861074447632,0.9877174496650696
1404_class-900,0.16131915152072906,0.16077129542827606,0.16120509803295135,0.21841764450073242,0.22021479904651642,0.22152405977249146
1405_class-900,0.9883589744567871,0.9883339405059814,0.987934947013855,0.9884335994720459,0.7290454506874084,0.9873732924461365
1406_class-900,0.9873287081718445,0.9875212907791138,0.24252371490001678,0.2490522414445877,0.5700901746749878,0.23375850915908813
1407_class-900,0.9858304262161255,0.9864256381988525,0.9862128496170044,0.9862514734268188,0.9864700436592102,0.5090200901031494
1408_class-900,0.9830992221832275,0.9831345081329346,0.9831249713897705,0.9836431741714478,0.9834706783294678,0.3704604506492615
1409_class-900,0.9854540824890137,0.5743141174316406,0.45143967866897583,0.5494711995124817,0.9856674075126648,0.4395153224468231
1410_class-901,0.9331084489822388,0.9331458210945129,0.9333552122116089,0.9332409501075745,0.9326274394989014,0.9329692125320435
1411_class-901,0.949361264705658,0.9495173692703247,0.9499481916427612,0.9500609636306763,0.9499108791351318,0.9496681690216064
1412_class-901,0.924007773399353,0.9241364002227783,0.9241971969604492,0.9240798950195312,0.9241848587989807,0.9242548942565918
1413_class-901,0.96320641040802,0.9630390405654907,0.9619601964950562,0.9625977873802185,0.9625087976455688,0.9563897848129272
1414_class-901,0.9054447412490845,0.9063884019851685,0.9058961868286133,0.9066109657287598,0.9057784080505371,0.9060143828392029
1415_class-901,0.9781686067581177,0.9595034718513489,0.952646017074585,0.9775924682617188,0.27501699328422546,0.9776326417922974
1416_class-901,0.9072227478027344,0.9059309959411621,0.9068427085876465,0.9053321480751038,0.9054659605026245,0.9052817225456238
1417_class-901,0.956624448299408,0.9170259833335876,0.9613515138626099,0.9543881416320801,0.9606623649597168,0.9557291269302368
1418_class-901,0.9323281049728394,0.9313331842422485,0.9326762557029724,0.9318715333938599,0.9338475465774536,0.9324418902397156
1419_class-901,0.9296025633811951,0.9251874089241028,0.9244990348815918,0.9410407543182373,0.9315810203552246,0.9328626394271851
1420_class-902,0.9542549252510071,0.8441246151924133,0.7496716976165771,0.8434386849403381,0.8391577005386353,0.8384182453155518
1421_class-902,0.6601027846336365,0.6601134538650513,0.9776096343994141,0.977581262588501,0.9767382144927979,0.976231038570404
1422_class-902,0.9697198271751404,0.9202551245689392,0.9696647524833679,0.9238828420639038,0.9695142507553101,0.6960253715515137
1423_class-902,0.9807860851287842,0.9807446002960205,0.980817437171936,0.9806103110313416,0.9807626008987427,0.980842113494873
1424_class-902,0.9819452166557312,0.9798561930656433,0.9797760844230652,0.9798296689987183,0.9799621105194092,0.9798558950424194
1425_class-902,0.759507417678833,0.9836572408676147,0.9838067293167114,0.9833153486251831,0.75960373878479,0.9836784601211548
1426_class-902,0.27939796447753906,0.05479143559932709,0.2753639221191406,0.27453455328941345,0.018913691863417625,0.2773688733577728
1427_class-902,0.9730796813964844,0.3676340579986572,0.6464182138442993,0.4971696138381958,0.7602807283401489,0.5445113182067871
1428_class-902,0.9579395055770874,0.9588601589202881,0.9592293500900269,0.9580506682395935,0.9592390060424805,0.957911491394043
1429_class-902,0.7529371976852417,0.7527818083763123,0.7529492378234863,0.7529987096786499,0.7520540952682495,0.7521724700927734
1430_class-903,0.986099123954773,0.9859975576400757,0.9861160516738892,0.9860775470733643,0.9860837459564209,0.9871858358383179
1431_class-903,0.9656265377998352,0.9717745184898376,0.972895622253418,0.968316376209259,0.9707926511764526,0.9685804843902588
1432_class-903,0.9805349111557007,0.9806743860244751,0.9807186126708984,0.9805495738983154,0.9805935621261597,0.9803513884544373
1433_class-903,0.9615118503570557,0.9626946449279785,0.9595016837120056,0.3145480751991272,0.9662961959838867,0.9628870487213135
1434_class-903,0.8380647897720337,0.8354597091674805,0.8384575247764587,0.8376003503799438,0.8386160135269165,0.837533712387085
1435_class-903,0.9849227666854858,0.9861092567443848,0.9848418235778809,0.9848639369010925,0.9862270355224609,0.9860722422599792
1436_class-903,0.9831928014755249,0.9835379123687744,0.9831476211547852,0.9829974174499512,0.9832000732421875,0.983455240726471
1437_class-903,0.9729509949684143,0.9699007272720337,0.9712891578674316,0.9730461835861206,0.969635546207428,0.9694383144378662
1438_class-903,0.9766266345977783,0.977351725101471,0.896380603313446,0.5930435061454773,0.38681018352508545,0.9774028062820435
1439_class-903,0.9797689914703369,0.979086697101593,0.9790639877319336,0.9789201021194458,0.9800422191619873,0.9800195693969727
1440_class-904,0.9849765300750732,0.984984815120697,0.9850871562957764,0.9850478172302246,0.9850714802742004,0.9850790500640869
1441_class-904,0.9848243594169617,0.9847503900527954,0.9848307371139526,0.984951376914978,0.9848077297210693,0.9847848415374756
1442_class-904,0.9586206674575806,0.9588537216186523,0.9683200120925903,0.9686763286590576,0.9685889482498169,0.9683035612106323
1443_class-904,0.9739447236061096,0.9740719795227051,0.9740424156188965,0.973974883556366,0.9739946722984314,0.9739938974380493
1444_class-904,0.9479891657829285,0.9481799602508545,0.9481446743011475,0.9478266835212708,0.9491766095161438,0.9477347731590271
1445_class-904,0.9573947191238403,0.9794829487800598,0.9793524742126465,0.9788194298744202,0.24789798259735107,0.9792193174362183
1446_class-904,0.9887231588363647,0.9857395887374878,0.9847302436828613,0.9858935475349426,0.988633930683136,0.9859501123428345
1447_class-904,0.9838474988937378,0.983864426612854,0.9837997555732727,0.9838479161262512,0.983864426612854,0.9839130640029907
1448_class-904,0.4910789728164673,0.9693970680236816,0.4968399405479431,0.9688404202461243,0.967901349067688,0.9743630886077881
1449_class-904,0.984014093875885,0.9820147156715393,0.982014536857605,0.9822349548339844,0.984163224697113,0.9820542335510254
1450_class-905,0.9934124946594238,0.9933592081069946,0.9934423565864563,0.9927393794059753,0.9933286309242249,0.9926024675369263
1451_class-905,0.32263368368148804,0.32033100724220276,0.573815643787384,0.31994155049324036,0.3203030526638031,0.3203384578227997
1452_class-905,0.963646411895752,0.9635961055755615,0.961979329586029,0.9634950160980225,0.9647868871688843,0.9630399942398071
1453_class-905,0.8607532978057861,0.7737968564033508,0.7680977582931519,0.7692763805389404,0.853797435760498,0.7882139086723328
1454_class-905,0.9840333461761475,0.9845975637435913,0.9841272830963135,0.9841458797454834,0.984239935874939,0.9846354126930237
1455_class-905,0.9271107912063599,0.927161455154419,0.9268621206283569,0.927706241607666,0.9270965456962585,0.9271757006645203
1456_class-905,0.7240390777587891,0.7184351682662964,0.7201770544052124,0.7243520021438599,0.7206732034683228,0.7207647562026978
1457_class-905,0.9860600233078003,0.9859277009963989,0.9784622192382812,0.9868103265762329,0.9865233898162842,0.9862953424453735
1458_class-905,0.9817463159561157,0.9817097783088684,0.9815671443939209,0.9811884164810181,0.9830784797668457,0.9817111492156982
1459_class-905,0.9902695417404175,0.9904664754867554,0.9904036521911621,0.9903455972671509,0.990435004234314,0.9904829263687134
1460_class-906,0.9904347658157349,0.9906386137008667,0.9903674125671387,0.9903556704521179,0.9903895258903503,0.9903780221939087
1461_class-906,0.4944636821746826,0.9767682552337646,0.5453009605407715,0.6040093898773193,0.780035138130188,0.5920503735542297
1462_class-906,0.9853575825691223,0.9855221509933472,0.862358808517456,0.8625527620315552,0.8622379899024963,0.8617669343948364
1463_class-906,0.8632678985595703,0.8608003854751587,0.9843571186065674,0.9846657514572144,0.983928918838501,0.860589861869812
1464_class-906,0.6387059688568115,0.6366163492202759,0.791827380657196,0.6318861842155457,0.6331387162208557,0.6321843862533569
1465_class-906,0.9781088829040527,0.9780591726303101,0.9777812957763672,0.9778915047645569,0.9780731201171875,0.9779828786849976
1466_class-906,0.7510632276535034,0.7514027953147888,0.7514594793319702,0.9872003793716431,0.7513347864151001,0.751284122467041
1467_class-906,0.9807559251785278,0.9810007810592651,0.9810079336166382,0.9802571535110474,0.9808145761489868,0.9809859991073608
1468_class-906,0.6523911356925964,0.6543513536453247,0.6527040004730225,0.9674768447875977,0.8029187321662903,0.6532745361328125
1469_class-906,0.9850541949272156,0.9847872257232666,0.8024778366088867,0.88981032371521,0.9845665693283081,0.6513648629188538
1470_class-907,0.6795481443405151,0.9647418260574341,0.6816248893737793,0.9649584293365479,0.9647845029830933,0.6818197965621948
1471_class-907,0.36367443203926086,0.3973572552204132,0.3830089867115021,0.39823782444000244,0.363560289144516,0.3640729784965515
1472_class-907,0.9819369316101074,0.9819738864898682,0.9819444417953491,0.9819959402084351,0.9819222688674927,0.9818710088729858
1473_class-907,0.7612512111663818,0.7614890336990356,0.9817038774490356,0.9816970229148865,0.7611620426177979,0.9807140827178955
1474_class-907,0.9641882181167603,0.9644172191619873,0.9641367197036743,0.9649660587310791,0.9654548168182373,0.9642760753631592
1475_class-907,0.9611364006996155,0.4409877061843872,0.8150321245193481,0.4467986226081848,0.7791788578033447,0.9620201587677002
1476_class-907,0.9898470640182495,0.9897862076759338,0.9898035526275635,0.9899252653121948,0.9898906350135803,0.9898906946182251
1477_class-907,0.9880287647247314,0.9878185987472534,0.9879646301269531,0.9857269525527954,0.9880590438842773,0.9879965782165527
1478_class-907,0.8658792972564697,0.8652150630950928,0.8657845258712769,0.9820359945297241,0.8655545711517334,0.9803491830825806
1479_class-907,0.9608935117721558,0.9609259366989136,0.9608389139175415,0.9608193039894104,0.96077561378479,0.9607892036437988
1480_class-908,0.9877463579177856,0.9877548813819885,0.9877818822860718,0.9877289533615112,0.9878351092338562,0.9877816438674927
1481_class-908,0.9895206093788147,0.9896003007888794,0.9895105361938477,0.9895788431167603,0.9896477460861206,0.9895569086074829
1482_class-908,0.9874667525291443,0.9874966144561768,0.9875190258026123,0.9875040650367737,0.9874296188354492,0.9875563979148865
1483_class-908,0.8731251955032349,0.8758523464202881,0.873340368270874,0.8733360767364502,0.8735462427139282,0.8735308647155762
1484_class-908,0.9835268259048462,0.9835763573646545,0.9834675192832947,0.9834669828414917,0.9835280179977417,0.9834356307983398
1485_class-908,0.9787924289703369,0.9788004755973816,0.9759161472320557,0.975288987159729,0.9785844087600708,0.9787729382514954
1486_class-908,0.9867818355560303,0.9867265224456787,0.9867784380912781,0.9866216778755188,0.986743688583374,0.6845917701721191
1487_class-908,0.4062550365924835,0.42116814851760864,0.9878563284873962,0.25449830293655396,0.9879648685455322,0.9879022836685181
1488_class-908,0.8207994103431702,0.8209063410758972,0.8207390308380127,0.8207159042358398,0.8206708431243896,0.821320116519928
1489_class-908,0.9750467538833618,0.9749982953071594,0.9760797619819641,0.9761605858802795,0.9761213064193726,0.9750479459762573
1490_class-909,0.9342164397239685,0.9305217266082764,0.9346621036529541,0.9177584648132324,0.9327545166015625,0.9393545985221863
1491_class-909,0.9190253019332886,0.9181668758392334,0.9226977825164795,0.9169113636016846,0.9273732304573059,0.9200143218040466
1492_class-909,0.9357225894927979,0.9402658343315125,0.9399405717849731,0.9400339126586914,0.9401291608810425,0.9360623955726624
1493_class-909,0.9403941631317139,0.9351968765258789,0.9406212568283081,0.9403910636901855,0.9403955936431885,0.9346845149993896
1494_class-909,0.9188088178634644,0.9155176877975464,0.919378399848938,0.9186035394668579,0.9311317205429077,0.9189454317092896
1495_class-909,0.9661277532577515,0.9687213897705078,0.9684964418411255,0.968682050704956,0.9683868288993835,0.9683013558387756
1496_class-909,0.9637516140937805,0.9644463062286377,0.9638351202011108,0.9631443619728088,0.9696634411811829,0.9643624424934387
1497_class-909,0.9294946789741516,0.9293545484542847,0.9290648698806763,0.9296132326126099,0.9296121597290039,0.9300716519355774
1498_class-909,0.9311462640762329,0.931788980960846,0.9321037530899048,0.9307906031608582,0.9314260482788086,0.9318739175796509
1499_class-909,0.9806517362594604,0.9806998372077942,0.9806557893753052,0.9806362390518188,0.9805678129196167,0.9807286262512207
1500_class-910,0.8396855592727661,0.8397257924079895,0.8396437168121338,0.8395848274230957,0.8397047519683838,0.8397068977355957
1501_class-910,0.9829467535018921,0.98252934217453,0.9826341867446899,0.9831563234329224,0.9826040267944336,0.9829915761947632
1502_class-910,0.3085753619670868,0.3086260259151459,0.308578759431839,0.3085671067237854,0.30858781933784485,0.30907875299453735
1503_class-910,0.13410227000713348,0.13414430618286133,0.13402017951011658,0.2623942792415619,0.13404646515846252,0.134102001786232
1504_class-910,0.8470627069473267,0.8295915722846985,0.8407030701637268,0.8473200798034668,0.48086678981781006,0.45919543504714966
1505_class-910,0.9557665586471558,0.9559214115142822,0.9557846188545227,0.9598959684371948,0.9556304812431335,0.9559836387634277
1506_class-910,0.6651008129119873,0.6647803783416748,0.7693498134613037,0.6645879149436951,0.8156898021697998,0.7429516315460205
1507_class-910,0.9904670715332031,0.9905070662498474,0.990440845489502,0.9904541969299316,0.9905320405960083,0.9904648065567017
1508_class-910,0.9845271110534668,0.9844818115234375,0.9844670295715332,0.9844514727592468,0.9844820499420166,0.9844976663589478
1509_class-910,0.9814897775650024,0.9814667701721191,0.9815817475318909,0.9816884994506836,0.9768334031105042,0.9771671295166016
1510_class-911,0.9215214252471924,0.9214286804199219,0.9215776920318604,0.9203384518623352,0.9221131205558777,0.9205762147903442
1511_class-911,0.9709911346435547,0.9751745462417603,0.9753240942955017,0.9749804735183716,0.9748838543891907,0.9752610325813293
1512_class-911,0.9567101001739502,0.9523187875747681,0.9524686336517334,0.6365342736244202,0.6364918351173401,0.9521139860153198
1513_class-911,0.9536281228065491,0.687771201133728,0.9536105394363403,0.6892536878585815,0.6892764568328857,0.6888467073440552
1514_class-911,0.9753937721252441,0.7435212135314941,0.7436083555221558,0.9757875204086304,0.7432898879051208,0.7432193756103516
1515_class-911,0.9682565927505493,0.9691396951675415,0.9708198308944702,0.9730350375175476,0.970985472202301,0.9683310985565186
1516_class-911,0.9643681049346924,0.9716278314590454,0.966458261013031,0.9635146260261536,0.9660096764564514,0.9633300304412842
1517_class-911,0.4143817126750946,0.4157492220401764,0.4143010675907135,0.9323937892913818,0.41678768396377563,0.4144347012042999
1518_class-911,0.9732783436775208,0.9743826389312744,0.7025492191314697,0.9189739227294922,0.9729509949684143,0.9731911420822144
1519_class-911,0.8993619084358215,0.8990616798400879,0.8994205594062805,0.8993619084358215,0.899329423904419,0.8991203308105469
1520_class-912,0.9678093194961548,0.9680540561676025,0.9684540033340454,0.968113899230957,0.9685407876968384,0.968580961227417
1521_class-912,0.7420355081558228,0.7429910898208618,0.7531148791313171,0.7423598170280457,0.7429198026657104,0.7401212453842163
1522_class-912,0.9502211809158325,0.9502723217010498,0.949248731136322,0.9502573013305664,0.9502921104431152,0.9501141309738159
1523_class-912,0.909443736076355,0.9100013971328735,0.909548282623291,0.9102020263671875,0.9092718362808228,0.9089000821113586
1524_class-912,0.9761060476303101,0.9796829223632812,0.9784811735153198,0.7230712175369263,0.9786086082458496,0.9795570969581604
1525_class-912,0.9525784850120544,0.9116082787513733,0.5927783846855164,0.9530870914459229,0.9538027048110962,0.9536225199699402
1526_class-912,0.9832220077514648,0.9818820953369141,0.9833609461784363,0.9819025993347168,0.9831571578979492,0.9819377660751343
1527_class-912,0.9743474125862122,0.9738313555717468,0.97425776720047,0.9744888544082642,0.9753095507621765,0.9649105072021484
1528_class-912,0.9703613519668579,0.9693162441253662,0.9722822308540344,0.97216796875,0.9608256816864014,0.8127230405807495
1529_class-912,0.8986585140228271,0.896072506904602,0.8960977792739868,0.8961524963378906,0.895115852355957,0.9782301187515259
1530_class-913,0.9756863117218018,0.9755922555923462,0.9758665561676025,0.9752215147018433,0.9763222932815552,0.975148618221283
1531_class-913,0.7118891477584839,0.7196828722953796,0.8208338022232056,0.9854602813720703,0.8138440251350403,0.7190710306167603
1532_class-913,0.9727877378463745,0.9729551672935486,0.9730479121208191,0.9727790355682373,0.9728039503097534,0.9729868173599243
1533_class-913,0.9116199612617493,0.9125790596008301,0.9125388860702515,0.4504179358482361,0.9131255149841309,0.91222083568573
1534_class-913,0.7910944223403931,0.5171921849250793,0.5182387828826904,0.8624029159545898,0.5180863738059998,0.5179389715194702
1535_class-913,0.48688340187072754,0.4842313826084137,0.48475760221481323,0.4868399500846863,0.4905138611793518,0.5601983070373535
1536_class-913,0.8322079181671143,0.8474847078323364,0.835148811340332,0.837454080581665,0.8283542394638062,0.8363103270530701
1537_class-913,0.9820162653923035,0.9797974824905396,0.9677684307098389,0.9673318862915039,0.9670695662498474,0.9800342917442322
1538_class-913,0.6629905700683594,0.6630986332893372,0.6634332537651062,0.663088321685791,0.6630728244781494,0.6630418300628662
1539_class-913,0.9263879060745239,0.9770344495773315,0.9772415161132812,0.6839662790298462,0.976847231388092,0.6716073751449585
1540_class-914,0.9215793609619141,0.9215610027313232,0.9695483446121216,0.9216458797454834,0.9216508865356445,0.9215800166130066
1541_class-914,0.9841495156288147,0.9850878715515137,0.9843507409095764,0.9841665625572205,0.9845513105392456,0.9842564463615417
1542_class-914,0.6826655864715576,0.6767665147781372,0.6831495761871338,0.6765234470367432,0.4168652296066284,0.6826903223991394
1543_class-914,0.9766654372215271,0.9766373634338379,0.9764049649238586,0.9764004945755005,0.9767047166824341,0.9768608808517456
1544_class-914,0.9890795946121216,0.7147228121757507,0.9888923168182373,0.9889602661132812,0.9892366528511047,0.9891446828842163
1545_class-914,0.42138469219207764,0.4213618338108063,0.4934070110321045,0.4213753044605255,0.4213733971118927,0.421377032995224
1546_class-914,0.7544323205947876,0.7565494179725647,0.9151735305786133,0.9152932167053223,0.9160164594650269,0.9149445295333862
1547_class-914,0.9665791392326355,0.9665758609771729,0.9665729999542236,0.9664853811264038,0.9666146636009216,0.9665141701698303
1548_class-914,0.7879167795181274,0.8677223920822144,0.7747781872749329,0.8574438095092773,0.864495038986206,0.7887037992477417
1549_class-914,0.7071108818054199,0.984656810760498,0.9845093488693237,0.7064982056617737,0.7064597010612488,0.7109440565109253
1550_class-915,0.9687907099723816,0.9681292772293091,0.9699846506118774,0.9698903560638428,0.969454288482666,0.969537079334259
1551_class-915,0.9441646337509155,0.9453862309455872,0.9496753215789795,0.9495725631713867,0.9496568441390991,0.9496200680732727
1552_class-915,0.7626448273658752,0.7824229001998901,0.7798164486885071,0.7804216146469116,0.7959190011024475,0.8227975368499756
1553_class-915,0.9786770343780518,0.9787678122520447,0.9785765409469604,0.9786223769187927,0.9788574576377869,0.9788381457328796
1554_class-915,0.9164623022079468,0.9174362421035767,0.8945798873901367,0.9191015958786011,0.9179391264915466,0.9159339666366577
1555_class-915,0.8555487394332886,0.8511004447937012,0.3820629119873047,0.8731952905654907,0.3819267749786377,0.8541747331619263
1556_class-915,0.8807626962661743,0.9813885688781738,0.9813200235366821,0.9818136692047119,0.982265830039978,0.8831764459609985
1557_class-915,0.7623176574707031,0.7635852098464966,0.762220025062561,0.7587440609931946,0.7620538473129272,0.7626227140426636
1558_class-915,0.8961712121963501,0.8962548971176147,0.9134982824325562,0.8959826231002808,0.8961567878723145,0.9136786460876465
1559_class-915,0.9790823459625244,0.9789071083068848,0.9783951044082642,0.9793123602867126,0.9792201519012451,0.9766965508460999
1560_class-916,0.9782508611679077,0.039992187172174454,0.08892766386270523,0.9785438776016235,0.6533557176589966,0.03793652355670929
1561_class-916,0.9887470602989197,0.9873183369636536,0.9888778328895569,0.9873205423355103,0.9873591661453247,0.987175464630127
1562_class-916,0.9730665683746338,0.9368176460266113,0.7473117113113403,0.8067466020584106,0.6752455234527588,0.7327655553817749
1563_class-916,0.6525781750679016,0.9118258953094482,0.9159154891967773,0.6023943424224854,0.9337154030799866,0.8022624254226685
1564_class-916,0.6944500207901001,0.6944722533226013,0.7554364800453186,0.6947060823440552,0.9525641202926636,0.9749660491943359
1565_class-916,0.9897091388702393,0.9897516965866089,0.9893356561660767,0.9893631339073181,0.9893927574157715,0.9893629550933838
1566_class-916,0.7072786092758179,0.7785269021987915,0.617575466632843,0.7517572641372681,0.6181973218917847,0.9586330652236938
1567_class-916,0.7387862801551819,0.5841260552406311,0.5863088965415955,0.7387828826904297,0.7491858005523682,0.7386547327041626
1568_class-916,0.553612232208252,0.3770819902420044,0.34689217805862427,0.6738539934158325,0.672673761844635,0.38626807928085327
1569_class-916,0.740698516368866,0.7426545023918152,0.5454350709915161,0.7428345680236816,0.7403898239135742,0.7382421493530273
1570_class-917,0.9486222863197327,0.7839232683181763,0.7832018733024597,0.783130407333374,0.7833242416381836,0.7833422422409058
1571_class-917,0.9610722064971924,0.9611429572105408,0.9613327980041504,0.9612739682197571,0.96116703748703,0.9613887071609497
1572_class-917,0.9720697402954102,0.9720736742019653,0.9720087051391602,0.9720791578292847,0.971935510635376,0.9717375040054321
1573_class-917,0.9814110398292542,0.979445219039917,0.9817323684692383,0.9815751314163208,0.6277075409889221,0.9815559387207031
1574_class-917,0.9455636143684387,0.9455121159553528,0.9465497136116028,0.9457404613494873,0.9457786083221436,0.9463090896606445
1575_class-917,0.9361168146133423,0.9362295866012573,0.9359101057052612,0.9370793700218201,0.9356263875961304,0.9362425804138184
1576_class-917,0.8888324499130249,0.8883609771728516,0.8885159492492676,0.8889267444610596,0.8881517052650452,0.888053297996521
1577_class-917,0.9356690645217896,0.636985182762146,0.5553240776062012,0.9211406707763672,0.9374274015426636,0.9363940358161926
1578_class-917,0.2264053225517273,0.22642433643341064,0.2264607548713684,0.22649173438549042,0.22642144560813904,0.22643616795539856
1579_class-917,0.9790682792663574,0.9334366321563721,0.9336124658584595,0.9785913228988647,0.97898268699646,0.9777655601501465
1580_class-918,0.9701058864593506,0.9702404141426086,0.9695908427238464,0.9697425961494446,0.96925950050354,0.969626784324646
1581_class-918,0.9623888731002808,0.9682914018630981,0.9577457904815674,0.963645339012146,0.959198534488678,0.9616917967796326
1582_class-918,0.9380950927734375,0.9381512999534607,0.9383078813552856,0.9379425048828125,0.9381301403045654,0.9377619028091431
1583_class-918,0.931955099105835,0.9325072169303894,0.9322178363800049,0.9321355819702148,0.9318245649337769,0.9331948757171631
1584_class-918,0.9611246585845947,0.9053474068641663,0.965133786201477,0.9634871482849121,0.9640302062034607,0.9650815725326538
1585_class-918,0.9637274146080017,0.7447693943977356,0.9633575677871704,0.9641510844230652,0.9636457562446594,0.7158915996551514
1586_class-918,0.9344112873077393,0.9341762661933899,0.9341297149658203,0.9368608593940735,0.9337562322616577,0.9364106059074402
1587_class-918,0.8889797925949097,0.9160408973693848,0.9401443004608154,0.8860704898834229,0.9406237602233887,0.9403856992721558
1588_class-918,0.9557897448539734,0.9548963308334351,0.9551824331283569,0.9556381106376648,0.955909252166748,0.9557536244392395
1589_class-918,0.95876145362854,0.9589958786964417,0.9595361948013306,0.9592985510826111,0.9587752223014832,0.926353931427002
1590_class-919,0.9043508768081665,0.9044559001922607,0.6545151472091675,0.7314962148666382,0.7313971519470215,0.7314732074737549
1591_class-919,0.768010139465332,0.768210768699646,0.7680419683456421,0.7680760025978088,0.7680237889289856,0.7682517766952515
1592_class-919,0.6894004940986633,0.5023755431175232,0.5035806894302368,0.6804908514022827,0.7067162990570068,0.7273828387260437
1593_class-919,0.98149174451828,0.9814971685409546,0.9816796779632568,0.9814975261688232,0.51984703540802,0.5203940868377686
1594_class-919,0.9807770848274231,0.9825602769851685,0.9010517597198486,0.795419454574585,0.7873481512069702,0.9807461500167847
1595_class-919,0.9574940204620361,0.9576312303543091,0.9574570655822754,0.957335352897644,0.9574294090270996,0.9575360417366028
1596_class-919,0.759854793548584,0.9621602296829224,0.9632612466812134,0.9632052183151245,0.7597429752349854,0.9633829593658447
1597_class-919,0.9003899097442627,0.8992388248443604,0.9002708196640015,0.8993449211120605,0.9008603096008301,0.8996868133544922
1598_class-919,0.9711971282958984,0.971226692199707,0.9710492491722107,0.9683055281639099,0.968448281288147,0.971089243888855
1599_class-919,0.7954226732254028,0.9608210325241089,0.7953470349311829,0.7937592267990112,0.960822582244873,0.9608461856842041
1600_class-920,0.98309326171875,0.9833863973617554,0.9831885099411011,0.9837018251419067,0.9837163686752319,0.98380446434021
1601_class-920,0.9898708462715149,0.9896631240844727,0.9908081889152527,0.9898931980133057,0.9898709058761597,0.989722490310669
1602_class-920,0.9191884398460388,0.922592282295227,0.836017370223999,0.8359290957450867,0.922317624092102,0.9208683967590332
1603_class-920,0.6766068935394287,0.676146924495697,0.6768162846565247,0.6770423650741577,0.6754217743873596,0.6780475378036499
1604_class-920,0.663200855255127,0.9821385145187378,0.6637810468673706,0.9821925163269043,0.6626825332641602,0.9827790260314941
1605_class-920,0.9426224231719971,0.9495609998703003,0.9428475499153137,0.9427851438522339,0.9881422519683838,0.9345990419387817
1606_class-920,0.9749265909194946,0.9752308130264282,0.975724458694458,0.9761004447937012,0.9752712249755859,0.9761520028114319
1607_class-920,0.982802152633667,0.9816918969154358,0.9806203842163086,0.9824814796447754,0.9806426763534546,0.9818706512451172
1608_class-920,0.8912608623504639,0.9844906330108643,0.9841551780700684,0.9843937158584595,0.9839231967926025,0.9842504262924194
1609_class-920,0.980255126953125,0.9841487407684326,0.9490107893943787,0.9769459962844849,0.976388692855835,0.9839509725570679
1610_class-921,0.9810611605644226,0.9808675050735474,0.9809527397155762,0.9809274673461914,0.9810007810592651,0.9814685583114624
1611_class-921,0.9758802652359009,0.5169618725776672,0.9754387140274048,0.519206166267395,0.5188521146774292,0.518837034702301
1612_class-921,0.5699329376220703,0.9586557745933533,0.9583714008331299,0.9580367207527161,0.958318829536438,0.9578888416290283
1613_class-921,0.7347068786621094,0.5292996168136597,0.5292611718177795,0.5292540192604065,0.9517272710800171,0.8328266143798828
1614_class-921,0.5570542216300964,0.9467326402664185,0.9460693001747131,0.9470714330673218,0.9467349648475647,0.9461901783943176
1615_class-921,0.9426616430282593,0.9432195425033569,0.9432407021522522,0.9416401982307434,0.9422672986984253,0.9423192739486694
1616_class-921,0.35715624690055847,0.594344973564148,0.7389246821403503,0.7177087068557739,0.7976953983306885,0.86087965965271
1617_class-921,0.780605137348175,0.7802286744117737,0.7809025049209595,0.9714662432670593,0.9706238508224487,0.7799818515777588
1618_class-921,0.9733284711837769,0.9744403958320618,0.9744613766670227,0.9744094610214233,0.9743363857269287,0.9747943878173828
1619_class-921,0.7878842949867249,0.605435848236084,0.6055429577827454,0.7853394150733948,0.4561266303062439,0.9532673954963684
1620_class-922,0.971677839756012,0.9713801145553589,0.9796246290206909,0.9714958667755127,0.9785622954368591,0.9719104766845703
1621_class-922,0.855074405670166,0.7793523073196411,0.9495899081230164,0.801324725151062,0.7708428502082825,0.9498728513717651
1622_class-922,0.7846768498420715,0.7852202653884888,0.784643292427063,0.7847920656204224,0.7851071357727051,0.8762842416763306
1623_class-922,0.9920378923416138,0.9925479888916016,0.9923237562179565,0.9920921921730042,0.9919685125350952,0.9925867319107056
1624_class-922,0.9728707671165466,0.9763062000274658,0.9730415940284729,0.9728615880012512,0.9744345545768738,0.9730051159858704
1625_class-922,0.9798233509063721,0.9799448251724243,0.979823648929596,0.9797345995903015,0.9768795967102051,0.9797666072845459
1626_class-922,0.9756470918655396,0.9754465222358704,0.9759664535522461,0.9559710025787354,0.9595116376876831,0.9542656540870667
1627_class-922,0.9682739973068237,0.9685573577880859,0.9707176685333252,0.9702625274658203,0.9682753086090088,0.9702326059341431
1628_class-922,0.7871842384338379,0.7866394519805908,0.9251279234886169,0.7867287397384644,0.9536026120185852,0.9700367450714111
1629_class-922,0.9318994879722595,0.9442844390869141,0.9524472951889038,0.9510916471481323,0.9440170526504517,0.86630779504776
1630_class-923,0.9888875484466553,0.9888788461685181,0.9889311194419861,0.9889563322067261,0.9891536235809326,0.9888352155685425
1631_class-923,0.7440149784088135,0.9802895784378052,0.9738765954971313,0.7043023109436035,0.7061606645584106,0.9661495685577393
1632_class-923,0.9881527423858643,0.9878425002098083,0.9880863428115845,0.9879682064056396,0.9881675839424133,0.9876358509063721
1633_class-923,0.9836417436599731,0.9836640357971191,0.9837517142295837,0.9837014675140381,0.9836864471435547,0.9837086200714111
1634_class-923,0.9886672496795654,0.9891479015350342,0.9887975454330444,0.9889523386955261,0.9885939359664917,0.9887568950653076
1635_class-923,0.9864799976348877,0.9877758026123047,0.9864667654037476,0.9877526760101318,0.9864178895950317,0.9867645502090454
1636_class-923,0.9889520406723022,0.9883365035057068,0.9890338182449341,0.9890704154968262,0.9899801015853882,0.9837095141410828
1637_class-923,0.9912019968032837,0.9912221431732178,0.9911534786224365,0.9911922216415405,0.9912312030792236,0.991144061088562
1638_class-923,0.9906416535377502,0.9906949996948242,0.9907330274581909,0.9908241033554077,0.9907103180885315,0.9907784461975098
1639_class-923,0.9868600368499756,0.9843205213546753,0.06768978387117386,0.9843838214874268,0.9854599237442017,0.0676964521408081
1640_class-924,0.9933288097381592,0.993412435054779,0.9935694932937622,0.8519641160964966,0.8518885374069214,0.8517935276031494
1641_class-924,0.9862633943557739,0.9862725734710693,0.9863458275794983,0.9863448739051819,0.9862624406814575,0.9863035082817078
1642_class-924,0.6285289525985718,0.6424539089202881,0.5555274486541748,0.5547209978103638,0.5556620359420776,0.6499032378196716
1643_class-924,0.9780367612838745,0.9795498847961426,0.9796255826950073,0.9796497821807861,0.9795504808425903,0.9794989228248596
1644_class-924,0.9902700185775757,0.9901878833770752,0.99019855260849,0.9901479482650757,0.990188479423523,0.9903204441070557
1645_class-924,0.7693500518798828,0.7692937254905701,0.15713413059711456,0.7705874443054199,0.7698184847831726,0.7692850828170776
1646_class-924,0.986352801322937,0.9869358539581299,0.9870454668998718,0.9844304919242859,0.9870666265487671,0.9838106632232666
1647_class-924,0.9868056774139404,0.8040881156921387,0.8048816919326782,0.9869195222854614,0.8046380281448364,0.9868602752685547
1648_class-924,0.9879850745201111,0.9881970882415771,0.6329134702682495,0.9916650056838989,0.9897175431251526,0.9883977174758911
1649_class-924,0.9763020873069763,0.9759538173675537,0.9759582281112671,0.9758673310279846,0.9758808612823486,0.9761101603507996
1650_class-925,0.9900773763656616,0.9900308847427368,0.9900680780410767,0.9900859594345093,0.9900403022766113,0.9900399446487427
1651_class-925,0.9742178916931152,0.9733272790908813,0.9744136333465576,0.9740904569625854,0.9734168648719788,0.9739727973937988
1652_class-925,0.9808636903762817,0.9808307886123657,0.9808105230331421,0.9810333251953125,0.9809333086013794,0.9809205532073975
1653_class-925,0.9755682945251465,0.9758765697479248,0.9762618541717529,0.9759542346000671,0.9753769636154175,0.9758176803588867
1654_class-925,0.9846888780593872,0.9846662282943726,0.9846514463424683,0.9847112894058228,0.9847787618637085,0.9847412705421448
1655_class-925,0.9757378101348877,0.9756953120231628,0.9758699536323547,0.9757815599441528,0.9757165908813477,0.9757381677627563
1656_class-925,0.9877103567123413,0.9878300428390503,0.9877275228500366,0.987859308719635,0.9878121614456177,0.9877108335494995
1657_class-925,0.988014817237854,0.987882137298584,0.9880362153053284,0.9880471229553223,0.9881024360656738,0.9880591630935669
1658_class-925,0.9780462980270386,0.9773772358894348,0.9775253534317017,0.03947368264198303,0.9726325869560242,0.03918503597378731
1659_class-925,0.9682097434997559,0.9683843851089478,0.9682679176330566,0.9682682752609253,0.9683263301849365,0.9682902693748474
1660_class-926,0.9360364675521851,0.9350010752677917,0.9355636835098267,0.9239013195037842,0.9239770174026489,0.9352224469184875
1661_class-926,0.9283761978149414,0.9269468784332275,0.9231191873550415,0.9281959533691406,0.9284446239471436,0.9247874021530151
1662_class-926,0.9594079256057739,0.9594076871871948,0.9358912110328674,0.9577955007553101,0.935955286026001,0.9362581968307495
1663_class-926,0.9472967386245728,0.9483964443206787,0.9478808641433716,0.9484990239143372,0.9477239847183228,0.9476827383041382
1664_class-926,0.928949236869812,0.9268178939819336,0.9284839630126953,0.927931547164917,0.9277688264846802,0.9280386567115784
1665_class-926,0.48039770126342773,0.4798790216445923,0.9434959888458252,0.9419944286346436,0.48001062870025635,0.4792900085449219
1666_class-926,0.9137697815895081,0.9137530326843262,0.9151310920715332,0.9145725965499878,0.912987470626831,0.9153608083724976
1667_class-926,0.7165321111679077,0.9458476305007935,0.7150051593780518,0.7162466049194336,0.7158857583999634,0.9512995481491089
1668_class-926,0.7710373401641846,0.933234691619873,0.8735323548316956,0.9338003396987915,0.7954599857330322,0.23259687423706055
1669_class-926,0.9192285537719727,0.8735161423683167,0.913054347038269,0.8796911239624023,0.9188504219055176,0.652003288269043
1670_class-927,0.6438721418380737,0.5737139582633972,0.5739021301269531,0.5739870071411133,0.9480067491531372,0.5738617777824402
1671_class-927,0.9924410581588745,0.9924490451812744,0.9924488067626953,0.9924333095550537,0.9924649000167847,0.9924410581588745
1672_class-927,0.9839562773704529,0.957825779914856,0.9849929809570312,0.985050618648529,0.9851375818252563,0.981133222579956
1673_class-927,0.33816394209861755,0.31103068590164185,0.3136301636695862,0.3381546139717102,0.3035174012184143,0.33815649151802063
1674_class-927,0.3328813314437866,0.33655408024787903,0.336408793926239,0.29981550574302673,0.33666595816612244,0.2329588383436203
1675_class-927,0.6575748324394226,0.7175194621086121,0.6122190356254578,0.7148618102073669,0.369821161031723,0.5253068804740906
1676_class-927,0.9813692569732666,0.9588719010353088,0.9584662318229675,0.9735020399093628,0.9592832326889038,0.20290245115756989
1677_class-927,0.9880558252334595,0.9880861639976501,0.7937042713165283,0.7931851148605347,0.9881900548934937,0.9880458116531372
1678_class-927,0.9822293519973755,0.7511967420578003,0.866270124912262,0.866120457649231,0.8661694526672363,0.9822536706924438
1679_class-927,0.9902151823043823,0.9902772903442383,0.990379273891449,0.9902267456054688,0.9902400970458984,0.9902905225753784
1680_class-928,0.9872486591339111,0.9873367547988892,0.9872852563858032,0.987329363822937,0.9873290657997131,0.9873000383377075
1681_class-928,0.9405835866928101,0.9434173107147217,0.941652238368988,0.9434863328933716,0.9441890716552734,0.9436571598052979
1682_class-928,0.5982542037963867,0.5993506908416748,0.5982839465141296,0.5983175039291382,0.676166296005249,0.9670485854148865
1683_class-928,0.9755337238311768,0.9802011847496033,0.9794056415557861,0.9753660559654236,0.9795017242431641,0.9754180908203125
1684_class-928,0.9720964431762695,0.9718518853187561,0.9717800617218018,0.9721741080284119,0.9722254276275635,0.9720505475997925
1685_class-928,0.9859760999679565,0.9851558208465576,0.9861834049224854,0.985776424407959,0.9851264357566833,0.9860058426856995
1686_class-928,0.9915865659713745,0.9920074343681335,0.9918199777603149,0.991827130317688,0.9916316270828247,0.9921053051948547
1687_class-928,0.35031789541244507,0.9225764274597168,0.9227477312088013,0.35039740800857544,0.35067951679229736,0.3498745560646057
1688_class-928,0.9850443005561829,0.9849185943603516,0.9853920936584473,0.9850034713745117,0.984941840171814,0.9841290712356567
1689_class-928,0.9920035600662231,0.9920110702514648,0.9920260310173035,0.9919812083244324,0.9930012226104736,0.9921083450317383
1690_class-929,0.8752921223640442,0.8561984300613403,0.5347576141357422,0.5352373719215393,0.5339890718460083,0.856997013092041
1691_class-929,0.8441751003265381,0.8440645933151245,0.8440160751342773,0.8441630601882935,0.8439993262290955,0.8440272212028503
1692_class-929,0.9723300933837891,0.9726972579956055,0.972262978553772,0.9721773862838745,0.971960186958313,0.9719094038009644
1693_class-929,0.9826200008392334,0.9814113974571228,0.9813642501831055,0.9819841384887695,0.982495903968811,0.9830883741378784
1694_class-929,0.9808827638626099,0.9809553623199463,0.9807474613189697,0.9807957410812378,0.9807486534118652,0.9808149933815002
1695_class-929,0.9770362377166748,0.9776110053062439,0.9772725105285645,0.976387083530426,0.9774508476257324,0.9779602289199829
1696_class-929,0.7730038166046143,0.7730871438980103,0.7731478810310364,0.9779033660888672,0.7791067361831665,0.9142599105834961
1697_class-929,0.9751887321472168,0.9742509126663208,0.9758467674255371,0.9744001030921936,0.9757700562477112,0.9751368761062622
1698_class-929,0.9696077108383179,0.9695008993148804,0.9696589708328247,0.9665437936782837,0.9697819948196411,0.9697697162628174
1699_class-929,0.938912570476532,0.9380201697349548,0.9382187128067017,0.8801793456077576,0.8078891038894653,0.93812096118927
1700_class-930,0.5785233378410339,0.779752254486084,0.6899204850196838,0.8071149587631226,0.8238303661346436,0.8890026211738586
1701_class-930,0.6639364361763,0.9532619118690491,0.955078125,0.9541802406311035,0.9540234804153442,0.6640887260437012
1702_class-930,0.9807120561599731,0.7773852348327637,0.9818923473358154,0.98070228099823,0.9808714389801025,0.984892725944519
1703_class-930,0.9688094854354858,0.40906810760498047,0.9691640734672546,0.9691712260246277,0.9686936140060425,0.9692363739013672
1704_class-930,0.6248925924301147,0.9784992933273315,0.9785879850387573,0.9740867614746094,0.9785876274108887,0.9783049821853638
1705_class-930,0.8447251319885254,0.8446216583251953,0.9878296852111816,0.8443914651870728,0.8445502519607544,0.6519107222557068
1706_class-930,0.8060888051986694,0.8064722418785095,0.8065028786659241,0.8062400817871094,0.8067678213119507,0.8080602884292603
1707_class-930,0.3674395680427551,0.3656767010688782,0.36417120695114136,0.6519674062728882,0.5863815546035767,0.5831546783447266
1708_class-930,0.7452800273895264,0.9476816654205322,0.9048429727554321,0.970165491104126,0.7452082633972168,0.875266432762146
1709_class-930,0.9583017826080322,0.9579851627349854,0.9603466391563416,0.8600976467132568,0.9610106945037842,0.9618411660194397
1710_class-931,0.9820464849472046,0.9821673035621643,0.982016921043396,0.9816608428955078,0.9819279313087463,0.9818545579910278
1711_class-931,0.0982585996389389,0.7077965140342712,0.958627462387085,0.9590129852294922,0.9588388800621033,0.9595450162887573
1712_class-931,0.40276771783828735,0.334140807390213,0.2990935444831848,0.33649057149887085,0.3957894444465637,0.39363789558410645
1713_class-931,0.9564950466156006,0.9614098072052002,0.9612768888473511,0.9607862234115601,0.960755467414856,0.9611181616783142
1714_class-931,0.984479546546936,0.9843268990516663,0.9844803810119629,0.9843065738677979,0.9844085574150085,0.9845415353775024
1715_class-931,0.9702233076095581,0.9700614809989929,0.9703576564788818,0.9701762199401855,0.9702146053314209,0.9701571464538574
1716_class-931,0.9284794330596924,0.9285838603973389,0.9284602403640747,0.928473711013794,0.9286307096481323,0.9285658597946167
1717_class-931,0.9438951015472412,0.5181387662887573,0.9690241813659668,0.9662690162658691,0.941469132900238,0.9543540477752686
1718_class-931,0.9777935743331909,0.9772986173629761,0.9777029752731323,0.9772096872329712,0.9777575135231018,0.97721928358078
1719_class-931,0.6876524686813354,0.6877461671829224,0.9654524922370911,0.8363232016563416,0.2738460302352905,0.6877275705337524
1720_class-932,0.9757002592086792,0.9757618308067322,0.9759707450866699,0.97682124376297,0.9756479263305664,0.9753392934799194
1721_class-932,0.9902162551879883,0.9903055429458618,0.9901606440544128,0.99017333984375,0.9901711940765381,0.9900578856468201
1722_class-932,0.9921514987945557,0.9921751618385315,0.9920727014541626,0.9919230937957764,0.9920884966850281,0.9918690919876099
1723_class-932,0.9867942929267883,0.9868550300598145,0.9870908260345459,0.9406719207763672,0.9867472052574158,0.9869071245193481
1724_class-932,0.9874969720840454,0.9872708320617676,0.987204909324646,0.9874040484428406,0.9874590635299683,0.9873479604721069
1725_class-932,0.9926183223724365,0.9924352765083313,0.9923579692840576,0.9925493001937866,0.8580414652824402,0.9924580454826355
1726_class-932,0.6941084861755371,0.35189199447631836,0.34890100359916687,0.6525505185127258,0.34264931082725525,0.6941769123077393
1727_class-932,0.987520694732666,0.9877389669418335,0.9876842498779297,0.9879356622695923,0.9876190423965454,0.9876404404640198
1728_class-932,0.9805781841278076,0.98026442527771,0.9805222153663635,0.9805738925933838,0.9807590246200562,0.9804662466049194
1729_class-932,0.9704110622406006,0.9701692461967468,0.9708243608474731,0.970574140548706,0.9704431295394897,0.9705564379692078
1730_class-933,0.9878793954849243,0.9877416491508484,0.9880414605140686,0.9875116348266602,0.9869153499603271,0.8988667726516724
1731_class-933,0.4362145662307739,0.695503830909729,0.8620114326477051,0.3899725675582886,0.9739089012145996,0.9736688137054443
1732_class-933,0.9630946516990662,0.9631680250167847,0.9632011651992798,0.9632261991500854,0.9633514881134033,0.9630528688430786
1733_class-933,0.9862219095230103,0.9862231016159058,0.9856745004653931,0.9861788749694824,0.9864042401313782,0.9859765768051147
1734_class-933,0.9380772113800049,0.9373016953468323,0.9375337362289429,0.9371763467788696,0.9373509883880615,0.9366127252578735
1735_class-933,0.9862412214279175,0.9280239939689636,0.8837277293205261,0.9831445813179016,0.9865014553070068,0.9798891544342041
1736_class-933,0.11384958028793335,0.10419455915689468,0.1143484115600586,0.11421236395835876,0.15850579738616943,0.11428634822368622
1737_class-933,0.49865037202835083,0.7124631404876709,0.9108607769012451,0.9694433808326721,0.7002226710319519,0.6604225039482117
1738_class-933,0.9831891059875488,0.9791783690452576,0.9799123406410217,0.8155174255371094,0.772311806678772,0.9799655675888062
1739_class-933,0.9586768746376038,0.6832132339477539,0.9256244897842407,0.9715120792388916,0.7446593046188354,0.9266844391822815
1740_class-934,0.9648870229721069,0.9648475050926208,0.9648455381393433,0.9649851322174072,0.9647756814956665,0.9649283289909363
1741_class-934,0.9572006464004517,0.9568825364112854,0.9547157287597656,0.9569116830825806,0.9572154879570007,0.9573327302932739
1742_class-934,0.9806093573570251,0.9803698658943176,0.9803237318992615,0.9806423783302307,0.9802901744842529,0.9805578589439392
1743_class-934,0.9729911088943481,0.9730180501937866,0.9726954698562622,0.9729498624801636,0.9732488393783569,0.9709805250167847
1744_class-934,0.972644567489624,0.9728074073791504,0.9727616906166077,0.9727672338485718,0.9727740287780762,0.9726675152778625
1745_class-934,0.9659581184387207,0.9651031494140625,0.9658176898956299,0.9651181697845459,0.9660057425498962,0.9650568962097168
1746_class-934,0.980256199836731,0.9803758263587952,0.9802840948104858,0.9803299903869629,0.9802693128585815,0.9804815053939819
1747_class-934,0.6365047693252563,0.6163765788078308,0.48775964975357056,0.6166442036628723,0.6750458478927612,0.6136430501937866
1748_class-934,0.8199920654296875,0.9710481762886047,0.9424715042114258,0.9712448120117188,0.4790536165237427,0.4801553785800934
1749_class-934,0.9788098335266113,0.978779137134552,0.9788094758987427,0.9786606431007385,0.9789880514144897,0.9810093641281128
1750_class-935,0.8503619432449341,0.6889990568161011,0.11189082264900208,0.7344432473182678,0.9802637100219727,0.027756372466683388
1751_class-935,0.839263916015625,0.917772650718689,0.9196971654891968,0.7924039363861084,0.7924299240112305,0.8390823006629944
1752_class-935,0.9779750108718872,0.981001615524292,0.982001543045044,0.9787769317626953,0.9785914421081543,0.977750301361084
1753_class-935,0.35717689990997314,0.5934417247772217,0.35701948404312134,0.35664841532707214,0.9682919979095459,0.3572859764099121
1754_class-935,0.972260594367981,0.9722965955734253,0.9722065925598145,0.9724065065383911,0.9720438718795776,0.7710020542144775
1755_class-935,0.9767059087753296,0.9762176275253296,0.976105809211731,0.9761618375778198,0.9766266345977783,0.9758471250534058
1756_class-935,0.5338584184646606,0.7141462564468384,0.4784974455833435,0.5760198831558228,0.4996355473995209,0.4971010684967041
1757_class-935,0.5915125012397766,0.5912535786628723,0.6685751676559448,0.6642177104949951,0.7277441024780273,0.7291499376296997
1758_class-935,0.5831066966056824,0.29991891980171204,0.5146185755729675,0.33500680327415466,0.3610200881958008,0.7007582187652588
1759_class-935,0.589910626411438,0.5837388634681702,0.6777373552322388,0.5075643062591553,0.5943818092346191,0.5898391008377075
1760_class-936,0.9090713262557983,0.9073531627655029,0.9117164611816406,0.9059949517250061,0.9118102788925171,0.9057440757751465
1761_class-936,0.9679186344146729,0.9695146679878235,0.9696450233459473,0.9678031206130981,0.9680054187774658,0.967976450920105
1762_class-936,0.958794355392456,0.9591213464736938,0.9590606689453125,0.9594373106956482,0.9592785835266113,0.9591617584228516
1763_class-936,0.9800196886062622,0.9806883335113525,0.9807778000831604,0.6604312658309937,0.868722677230835,0.9800426363945007
1764_class-936,0.9771280884742737,0.9763689041137695,0.9765620231628418,0.9809279441833496,0.9762911200523376,0.9764938950538635
1765_class-936,0.06031128019094467,0.9484636783599854,0.9660036563873291,0.9671750068664551,0.9666997194290161,0.9674014449119568
1766_class-936,0.9685348272323608,0.9682921171188354,0.9592893123626709,0.9683012962341309,0.9692424535751343,0.9598432779312134
1767_class-936,0.9050828814506531,0.9578750133514404,0.9576185941696167,0.7662239074707031,0.9579765796661377,0.9576414823532104
1768_class-936,0.9236410856246948,0.9182764291763306,0.9172341823577881,0.9140777587890625,0.9380066394805908,0.9170870184898376
1769_class-936,0.9624890685081482,0.9608164429664612,0.9588390588760376,0.9623857736587524,0.9617475271224976,0.9620568752288818
1770_class-937,0.9793059825897217,0.8578071594238281,0.8589020371437073,0.9799307584762573,0.8578521013259888,0.9788328409194946
1771_class-937,0.9813669919967651,0.9802751541137695,0.981202244758606,0.9809128046035767,0.9815948009490967,0.9813443422317505
1772_class-937,0.9189192056655884,0.9807449579238892,0.8184283971786499,0.9166784286499023,0.980975866317749,0.981048583984375
1773_class-937,0.8715533018112183,0.8723517060279846,0.8725687861442566,0.8721120357513428,0.8726513385772705,0.8723633289337158
1774_class-937,0.9730109572410583,0.9742463231086731,0.9742463231086731,0.9746754169464111,0.8787845373153687,0.9745663404464722
1775_class-937,0.9567289352416992,0.9643117189407349,0.9609184265136719,0.965255856513977,0.9672665596008301,0.9692580103874207
1776_class-937,0.981130063533783,0.9814898371696472,0.9813981056213379,0.9818345904350281,0.9793049693107605,0.9811072945594788
1777_class-937,0.9545609354972839,0.956580400466919,0.9551600217819214,0.9081244468688965,0.9549156427383423,0.9090923070907593
1778_class-937,0.9592005014419556,0.9605759382247925,0.9590214490890503,0.9587584733963013,0.9596619606018066,0.9594322443008423
1779_class-937,0.26363128423690796,0.272848904132843,0.35235485434532166,0.268654465675354,0.2679861783981323,0.5143852829933167
1780_class-938,0.9633867740631104,0.9713853597640991,0.9709168672561646,0.9636148810386658,0.7909948825836182,0.9587035179138184
1781_class-938,0.9223428964614868,0.9226946830749512,0.9524205923080444,0.9519859552383423,0.9523141384124756,0.9200246930122375
1782_class-938,0.5895888209342957,0.82298743724823,0.727891206741333,0.614680826663971,0.9295624494552612,0.963763952255249
1783_class-938,0.8671761155128479,0.9260367155075073,0.8924123048782349,0.933828592300415,0.746239423751831,0.9199917316436768
1784_class-938,0.9379767179489136,0.9357629418373108,0.9426344633102417,0.9415341019630432,0.7325402498245239,0.5548735857009888
1785_class-938,0.9239084720611572,0.9236708283424377,0.9240347146987915,0.9241840839385986,0.9239481687545776,0.9236761331558228
1786_class-938,0.7101731300354004,0.7099436521530151,0.7105087041854858,0.7101131677627563,0.9707767963409424,0.7103096842765808
1787_class-938,0.9455428123474121,0.9409552812576294,0.6864980459213257,0.6860193014144897,0.9490289688110352,0.685468852519989
1788_class-938,0.9569767713546753,0.9563972353935242,0.9563339352607727,0.9567309021949768,0.9565756916999817,0.9563776850700378
1789_class-938,0.7797459363937378,0.7815235257148743,0.7807012796401978,0.7809050679206848,0.7795246839523315,0.9484835863113403
1790_class-939,0.9897926449775696,0.9898602962493896,0.989810585975647,0.989810585975647,0.9897765517234802,0.9897762537002563
1791_class-939,0.968808650970459,0.9743846654891968,0.9677270650863647,0.9679746627807617,0.9677881598472595,0.9781280755996704
1792_class-939,0.9879505038261414,0.9879939556121826,0.9881142377853394,0.9879507422447205,0.988014817237854,0.987950325012207
1793_class-939,0.9816699028015137,0.9816125631332397,0.9818063974380493,0.9815998077392578,0.9817428588867188,0.9817814826965332
1794_class-939,0.9662448167800903,0.9660965800285339,0.9661344289779663,0.970952033996582,0.9661325812339783,0.9657753705978394
1795_class-939,0.7540661096572876,0.9804768562316895,0.9805281162261963,0.980418860912323,0.9798110723495483,0.9791876077651978
1796_class-939,0.981595516204834,0.9816216230392456,0.9817125797271729,0.9830532073974609,0.961174488067627,0.8194975852966309
1797_class-939,0.9635081887245178,0.9647815823554993,0.9631927609443665,0.9680526852607727,0.9912070631980896,0.9618217349052429
1798_class-939,0.9902442097663879,0.8544399738311768,0.9904203414916992,0.9904313087463379,0.7277991771697998,0.7276773452758789
1799_class-939,0.9725300669670105,0.968350887298584,0.9720664024353027,0.9724793434143066,0.9725444912910461,0.9725518226623535
1800_class-940,0.960065484046936,0.9566933512687683,0.9601262211799622,0.9601936340332031,0.958385705947876,0.9600577354431152
1801_class-940,0.9572561979293823,0.9576516151428223,0.9573259353637695,0.9577006697654724,0.9576594829559326,0.957821249961853
1802_class-940,0.9700035452842712,0.970038890838623,0.9700543880462646,0.9700759649276733,0.9700542688369751,0.9700629711151123
1803_class-940,0.7976863384246826,0.7873044013977051,0.804550290107727,0.7805317640304565,0.7850958704948425,0.677080512046814
1804_class-940,0.95553058385849,0.9550373554229736,0.9556708335876465,0.955276608467102,0.9553660750389099,0.9555771350860596
1805_class-940,0.7712180018424988,0.9528331756591797,0.6128424406051636,0.9531174898147583,0.7700233459472656,0.9533191919326782
1806_class-940,0.9762001633644104,0.976576566696167,0.9767864942550659,0.9765852093696594,0.9766534566879272,0.9766124486923218
1807_class-940,0.8350927233695984,0.8358467817306519,0.8357981443405151,0.7455939054489136,0.8363820314407349,0.7605563402175903
1808_class-940,0.9833433628082275,0.5281625390052795,0.9836685657501221,0.9835925102233887,0.5281797647476196,0.9837102890014648
1809_class-940,0.9373731017112732,0.9371316432952881,0.9371055960655212,0.9365718364715576,0.9378150701522827,0.7225854992866516
1810_class-941,0.9705123901367188,0.9706568717956543,0.9704740047454834,0.9706017374992371,0.9706892967224121,0.9706007242202759
1811_class-941,0.5809035301208496,0.5847247838973999,0.5819416642189026,0.5830724239349365,0.384719580411911,0.5820720195770264
1812_class-941,0.5123977661132812,0.7458276748657227,0.8973584175109863,0.5132507681846619,0.741450309753418,0.5124040246009827
1813_class-941,0.5111998319625854,0.5106509327888489,0.6161255240440369,0.6596382260322571,0.7207971811294556,0.6233689785003662
1814_class-941,0.9658702611923218,0.9216021299362183,0.8210049271583557,0.591667115688324,0.9188856482505798,0.9507507681846619
1815_class-941,0.7028498649597168,0.702480137348175,0.9518120288848877,0.7023621797561646,0.9896272420883179,0.7022793292999268
1816_class-941,0.981757640838623,0.9818928837776184,0.9815762042999268,0.9816283583641052,0.9814667701721191,0.9817659854888916
1817_class-941,0.8547505140304565,0.8550843000411987,0.8547614812850952,0.85319584608078,0.8551733493804932,0.8551023006439209
1818_class-941,0.8289417028427124,0.8290343284606934,0.9689494371414185,0.9690108299255371,0.8289475440979004,0.9694258570671082
1819_class-941,0.9845705032348633,0.9849498271942139,0.9853776693344116,0.9846639633178711,0.985020101070404,0.9854196310043335
1820_class-942,0.946216344833374,0.9468322396278381,0.9463696479797363,0.9464386701583862,0.9461147785186768,0.946212887763977
1821_class-942,0.9797499179840088,0.9798542261123657,0.9798703193664551,0.9795873761177063,0.9796938896179199,0.9796140193939209
1822_class-942,0.9804770946502686,0.9803638458251953,0.9806278347969055,0.9808002710342407,0.9807537794113159,0.9800753593444824
1823_class-942,0.9828659892082214,0.9828440546989441,0.9829951524734497,0.9828282594680786,0.983038067817688,0.9828319549560547
1824_class-942,0.9785709381103516,0.9788041114807129,0.9792520403862,0.9788049459457397,0.9786561131477356,0.9787958264350891
1825_class-942,0.7130534052848816,0.7132434844970703,0.6608492136001587,0.9816924333572388,0.7127951979637146,0.6611989736557007
1826_class-942,0.9454553127288818,0.9434580206871033,0.94437575340271,0.9445173740386963,0.944595456123352,0.9442881345748901
1827_class-942,0.9796643257141113,0.9799296855926514,0.9797831773757935,0.9797043800354004,0.9799970388412476,0.9799547791481018
1828_class-942,0.9907647371292114,0.9903301000595093,0.9905789494514465,0.8962036371231079,0.9904816150665283,0.9907113313674927
1829_class-942,0.9779932498931885,0.8800878524780273,0.9778419733047485,0.9779032468795776,0.9778867959976196,0.9779462814331055
1830_class-943,0.8215824365615845,0.8227763175964355,0.9343595504760742,0.9333257675170898,0.9347705245018005,0.9347946643829346
1831_class-943,0.6044134497642517,0.20236805081367493,0.15233971178531647,0.15291562676429749,0.20190578699111938,0.9837547540664673
1832_class-943,0.9821344017982483,0.7633281946182251,0.9828983545303345,0.9817528128623962,0.9828145503997803,0.9827969074249268
1833_class-943,0.5330958366394043,0.4761176109313965,0.4772265553474426,0.9671361446380615,0.47998708486557007,0.4884223937988281
1834_class-943,0.9676135778427124,0.9677478075027466,0.9671530723571777,0.9855789542198181,0.9854389429092407,0.9855924248695374
1835_class-943,0.3286966383457184,0.3296140134334564,0.32960590720176697,0.21491877734661102,0.3293055295944214,0.3282846212387085
1836_class-943,0.3249261975288391,0.41440945863723755,0.0678691565990448,0.4195152223110199,0.044537387788295746,0.40391305088996887
1837_class-943,0.9209599494934082,0.920670747756958,0.8342164754867554,0.8341671228408813,0.9194176197052002,0.9207631349563599
1838_class-943,0.603091835975647,0.60304856300354,0.2488124817609787,0.6050293445587158,0.6032935380935669,0.24942265450954437
1839_class-943,0.8965432643890381,0.8900036811828613,0.8965081572532654,0.8964112401008606,0.8971602916717529,0.8968852758407593
1840_class-944,0.9723993539810181,0.698093593120575,0.9702706336975098,0.696901261806488,0.7372596263885498,0.6978938579559326
1841_class-944,0.9839919805526733,0.9836317300796509,0.9836622476577759,0.9838421940803528,0.9838869571685791,0.9838865995407104
1842_class-944,0.7048064470291138,0.7046654224395752,0.7047939896583557,0.7046407461166382,0.7047848701477051,0.7046712636947632
1843_class-944,0.06824787706136703,0.06928134709596634,0.06808724999427795,0.06796499341726303,0.0682622641324997,0.1273815631866455
1844_class-944,0.43714606761932373,0.9739631414413452,0.9804081320762634,0.9804153442382812,0.43337249755859375,0.9805333614349365
1845_class-944,0.9823628664016724,0.9826613664627075,0.979367733001709,0.9800981879234314,0.9795644879341125,0.9794855713844299
1846_class-944,0.979214072227478,0.980385422706604,0.9796740412712097,0.9792642593383789,0.980154275894165,0.979354739189148
1847_class-944,0.9700047373771667,0.9726937413215637,0.9698215126991272,0.9701834917068481,0.969980001449585,0.969989001750946
1848_class-944,0.9797333478927612,0.9797677993774414,0.9796530604362488,0.9798357486724854,0.9798263311386108,0.9798246026039124
1849_class-944,0.5970349311828613,0.7760695219039917,0.8090914487838745,0.6676762700080872,0.8478625416755676,0.5625627040863037
1850_class-945,0.6418541669845581,0.5628209710121155,0.7692106366157532,0.6418337821960449,0.6575124263763428,0.98614501953125
1851_class-945,0.9463322162628174,0.952492356300354,0.9503228068351746,0.9476450681686401,0.9483820199966431,0.9475382566452026
1852_class-945,0.9882228374481201,0.8068157434463501,0.4571414589881897,0.9881688952445984,0.9880354404449463,0.4572782814502716
1853_class-945,0.9870717525482178,0.9869815707206726,0.9871516227722168,0.987084150314331,0.9871528148651123,0.9871719479560852
1854_class-945,0.4110925495624542,0.7328293323516846,0.6937180757522583,0.5869532823562622,0.404363751411438,0.4102707803249359
1855_class-945,0.6827374696731567,0.3750624358654022,0.6824842691421509,0.9619684219360352,0.7491226196289062,0.9619077444076538
1856_class-945,0.7204605340957642,0.9882371425628662,0.7203930616378784,0.9881651401519775,0.7201045751571655,0.9881898760795593
1857_class-945,0.9821107983589172,0.9804600477218628,0.9804258346557617,0.9805916547775269,0.9804863333702087,0.980503261089325
1858_class-945,0.6485658288002014,0.6149511337280273,0.47728586196899414,0.47662806510925293,0.4749196767807007,0.474112331867218
1859_class-945,0.8776429891586304,0.6778900027275085,0.8812097907066345,0.26915740966796875,0.25819534063339233,0.3049071133136749
1860_class-946,0.6795559525489807,0.8391838073730469,0.7590082287788391,0.541779637336731,0.7211538553237915,0.5903521180152893
1861_class-946,0.980912983417511,0.9805343151092529,0.9814645051956177,0.9796725511550903,0.9807313680648804,0.7358185052871704
1862_class-946,0.9624093174934387,0.9650357961654663,0.9608877897262573,0.9608117341995239,0.9547308683395386,0.967761754989624
1863_class-946,0.6689997315406799,0.6978135108947754,0.7344166040420532,0.6611800193786621,0.804858922958374,0.5000163316726685
1864_class-946,0.8359328508377075,0.8355696797370911,0.8357076644897461,0.7697157263755798,0.6568429470062256,0.7802695035934448
1865_class-946,0.7565631866455078,0.753537118434906,0.7535285949707031,0.7536368370056152,0.7537432909011841,0.9254752397537231
1866_class-946,0.5727035403251648,0.5746733546257019,0.5764524340629578,0.5741959810256958,0.5817137360572815,0.5388066172599792
1867_class-946,0.7182518243789673,0.824330747127533,0.8247621655464172,0.7414274215698242,0.8233215808868408,0.5970410704612732
1868_class-946,0.8428561687469482,0.8427184820175171,0.8385974764823914,0.8535447120666504,0.8421448469161987,0.8549424409866333
1869_class-946,0.9813977479934692,0.9797014594078064,0.9813172817230225,0.9817954301834106,0.9822486639022827,0.9836899042129517
1870_class-947,0.7889668941497803,0.0041222767904400826,0.788681149482727,0.9671363830566406,0.7886846661567688,0.7762838006019592
1871_class-947,0.6263090372085571,0.027534352615475655,0.027971794828772545,0.02120262198150158,0.027927013114094734,0.9381848573684692
1872_class-947,0.6180920004844666,0.7132177352905273,0.6758869886398315,0.6626295447349548,0.6505760550498962,0.6615636348724365
1873_class-947,0.9535298347473145,0.7584686875343323,0.9525442123413086,0.7564502358436584,0.7556646466255188,0.7561721801757812
1874_class-947,0.879281759262085,0.7512979507446289,0.8761063814163208,0.8494014739990234,0.9677714109420776,0.8741989731788635
1875_class-947,0.9103354215621948,0.6514822244644165,0.8180874586105347,0.6311492323875427,0.3666679263114929,0.5802035331726074
1876_class-947,0.8168022632598877,0.4889013171195984,0.5590800642967224,0.726840615272522,0.6112979054450989,0.6422393918037415
1877_class-947,0.8608323335647583,0.8608098030090332,0.8511940836906433,0.5381789803504944,0.8571240901947021,0.2888895571231842
1878_class-947,0.9636187553405762,0.7043157815933228,0.8610813617706299,0.5869661569595337,0.7041723728179932,0.7241117358207703
1879_class-947,0.986497163772583,0.7987955808639526,0.9855774641036987,0.8946431875228882,0.986453115940094,0.9863176345825195
1880_class-948,0.7521830797195435,0.7537782192230225,0.7538127899169922,0.7521559000015259,0.75386643409729,0.7539191842079163
1881_class-948,0.9301967024803162,0.9304986000061035,0.9300479292869568,0.9304986000061035,0.9303938150405884,0.930077314376831
1882_class-948,0.9773784875869751,0.9775896072387695,0.9773248434066772,0.9777224063873291,0.9773234724998474,0.9774227142333984
1883_class-948,0.9613474607467651,0.9616556763648987,0.9614918828010559,0.9615306854248047,0.9612405300140381,0.962177574634552
1884_class-948,0.8133594989776611,0.8134870529174805,0.8136615753173828,0.8140250444412231,0.8110789060592651,0.813501238822937
1885_class-948,0.9782342910766602,0.9799604415893555,0.6527417898178101,0.6500650644302368,0.9798753261566162,0.9782850742340088
1886_class-948,0.955191969871521,0.9487061500549316,0.9486976861953735,0.9496690630912781,0.9546659588813782,0.9491409659385681
1887_class-948,0.9725236892700195,0.9715148210525513,0.8395901918411255,0.8293760418891907,0.0478624626994133,0.1921929121017456
1888_class-948,0.9816792607307434,0.8502852916717529,0.9804728031158447,0.8465379476547241,0.7048938274383545,0.8142943978309631
1889_class-948,0.6193596720695496,0.6744832992553711,0.6583124399185181,0.7541878819465637,0.8108240365982056,0.6711736917495728
1890_class-949,0.9658427238464355,0.9658154249191284,0.9657516479492188,0.9659487009048462,0.9648435115814209,0.9648435115814209
1891_class-949,0.9587602615356445,0.9589008092880249,0.9588471055030823,0.9587488174438477,0.9586325883865356,0.9588032960891724
1892_class-949,0.958996593952179,0.9587195515632629,0.9588972926139832,0.9587960243225098,0.959009051322937,0.9587770700454712
1893_class-949,0.7732866406440735,0.9678182601928711,0.7748397588729858,0.7767038345336914,0.777305006980896,0.9681687355041504
1894_class-949,0.9509226679801941,0.9473888874053955,0.9436075687408447,0.9656949043273926,0.9644997119903564,0.9652227163314819
1895_class-949,0.9432157278060913,0.9423178434371948,0.9353501200675964,0.9367516040802002,0.9425129890441895,0.9434748888015747
1896_class-949,0.971843421459198,0.9718309640884399,0.9718496203422546,0.9717787504196167,0.9717109203338623,0.9718711376190186
1897_class-949,0.9797161817550659,0.9797247052192688,0.979258120059967,0.9798577427864075,0.979505181312561,0.9792931079864502
1898_class-949,0.9513492584228516,0.9512097835540771,0.9512695670127869,0.9513908624649048,0.9512969255447388,0.951202392578125
1899_class-949,0.9747781157493591,0.974804162979126,0.974977970123291,0.9748454093933105,0.9749454259872437,0.9748951196670532
1900_class-950,0.9135609865188599,0.9175840616226196,0.9066193103790283,0.901387095451355,0.9077401757240295,0.9096272587776184
1901_class-950,0.32819172739982605,0.3242741525173187,0.3287559747695923,0.86872398853302,0.976685643196106,0.32519590854644775
1902_class-950,0.985167384147644,0.9851228594779968,0.985234260559082,0.9851817488670349,0.9851824045181274,0.985211968421936
1903_class-950,0.9843971729278564,0.9875950813293457,0.9875621795654297,0.9874963760375977,0.9874552488327026,0.9876608848571777
1904_class-950,0.2283347100019455,0.23040777444839478,0.228860005736351,0.18182843923568726,0.22968029975891113,0.05384983494877815
1905_class-950,0.9508503675460815,0.8291089534759521,0.950375497341156,0.8270509839057922,0.9530651569366455,0.8292750120162964
1906_class-950,0.9910447597503662,0.8802295923233032,0.9910849928855896,0.9899957776069641,0.8806576132774353,0.9888765811920166
1907_class-950,0.9698463082313538,0.9700379371643066,0.9715621471405029,0.9700161218643188,0.8289444446563721,0.9700249433517456
1908_class-950,0.986645519733429,0.9870061278343201,0.9866528511047363,0.9870355725288391,0.9866234064102173,0.9870944619178772
1909_class-950,0.9751023054122925,0.9719163179397583,0.971764862537384,0.9719088077545166,0.9737688302993774,0.9755489826202393
1910_class-951,0.8457387685775757,0.8642393946647644,0.8528733253479004,0.8964220285415649,0.9297711253166199,0.8394469022750854
1911_class-951,0.7881595492362976,0.8991175293922424,0.8640027046203613,0.7736009955406189,0.741390585899353,0.7565268278121948
1912_class-951,0.9501433372497559,0.6316945552825928,0.9505026340484619,0.9503029584884644,0.9501805901527405,0.9499913454055786
1913_class-951,0.9743506908416748,0.9742778539657593,0.6180834770202637,0.9741975665092468,0.61728835105896,0.9747411012649536
1914_class-951,0.7968953847885132,0.8716518878936768,0.8125370740890503,0.7496250867843628,0.7467111945152283,0.6564654111862183
1915_class-951,0.4191947877407074,0.506299614906311,0.6892122030258179,0.40065982937812805,0.5848536491394043,0.5840141177177429
1916_class-951,0.29803043603897095,0.18358227610588074,0.34225624799728394,0.31675994396209717,0.3147110939025879,0.29889342188835144
1917_class-951,0.65837162733078,0.44317781925201416,0.5400136709213257,0.6464597582817078,0.5092740654945374,0.6459029316902161
1918_class-951,0.5047365427017212,0.3614746630191803,0.9023218154907227,0.5043600797653198,0.46293994784355164,0.44914162158966064
1919_class-951,0.9630337357521057,0.9637776613235474,0.9644616842269897,0.9640342593193054,0.9633254408836365,0.9630603790283203
1920_class-952,0.9676586985588074,0.9675118923187256,0.9669103622436523,0.9669092893600464,0.9677282571792603,0.9669333696365356
1921_class-952,0.9750218391418457,0.9748600721359253,0.9749457836151123,0.9750292301177979,0.9751620292663574,0.9747488498687744
1922_class-952,0.962915301322937,0.9653728604316711,0.9642489552497864,0.9636087417602539,0.9644584655761719,0.9642671346664429
1923_class-952,0.9748485088348389,0.9748324751853943,0.9748489260673523,0.9747565984725952,0.9748528003692627,0.9748427867889404
1924_class-952,0.9795651435852051,0.9795794486999512,0.9795903563499451,0.9795137643814087,0.9795302152633667,0.9795302152633667
1925_class-952,0.9612108469009399,0.9649479389190674,0.9612414836883545,0.9649689197540283,0.9649465084075928,0.9649178981781006
1926_class-952,0.9738492369651794,0.9739218950271606,0.9737049341201782,0.9739065170288086,0.9739775657653809,0.973973274230957
1927_class-952,0.9433369636535645,0.9435635805130005,0.9433431625366211,0.9436544179916382,0.9434752464294434,0.9435974359512329
1928_class-952,0.9844432473182678,0.9844931364059448,0.9846246242523193,0.9845120906829834,0.984503984451294,0.984474778175354
1929_class-952,0.9669140577316284,0.966484546661377,0.9667163491249084,0.9662506580352783,0.9658957123756409,0.9662529230117798
1930_class-953,0.7457263469696045,0.8282638788223267,0.9194636344909668,0.8199058771133423,0.8131136894226074,0.8055710792541504
1931_class-953,0.8763591051101685,0.9319581985473633,0.9069054126739502,0.876261830329895,0.9265078902244568,0.9301953315734863
1932_class-953,0.8519157767295837,0.8564715385437012,0.8510926365852356,0.6945958137512207,0.6982132792472839,0.8505254983901978
1933_class-953,0.9047093391418457,0.9054132699966431,0.9334942102432251,0.9053854942321777,0.9050744771957397,0.9047468900680542
1934_class-953,0.8828929662704468,0.8662527799606323,0.8784587383270264,0.8660901784896851,0.8671581745147705,0.8801798224449158
1935_class-953,0.9433436989784241,0.3144629895687103,0.3804544508457184,0.30358564853668213,0.9429647922515869,0.9438961148262024
1936_class-953,0.7911195755004883,0.49077942967414856,0.540625810623169,0.5496202111244202,0.5430272221565247,0.818828821182251
1937_class-953,0.6771321296691895,0.6749938726425171,0.6787348389625549,0.6737338900566101,0.6785403490066528,0.8277373313903809
1938_class-953,0.9645407199859619,0.9643388986587524,0.9642384052276611,0.9645341634750366,0.9635870456695557,0.964370608329773
1939_class-953,0.8417544960975647,0.8856203556060791,0.8421074151992798,0.8820872902870178,0.880549430847168,0.8951407074928284
1940_class-954,0.9192758202552795,0.5133929252624512,0.5133836269378662,0.9195288419723511,0.5133790969848633,0.9197016358375549
1941_class-954,0.9475584030151367,0.9475545883178711,0.9473171234130859,0.9474831819534302,0.9475720524787903,0.947736382484436
1942_class-954,0.9705744981765747,0.970792829990387,0.545807957649231,0.970549464225769,0.9718255996704102,0.5433883666992188
1943_class-954,0.9807160496711731,0.9813066720962524,0.9810895919799805,0.9812976121902466,0.981266975402832,0.9813054800033569
1944_class-954,0.9830971956253052,0.9830718040466309,0.9830880165100098,0.9840335845947266,0.9830639958381653,0.9434864521026611
1945_class-954,0.9787954092025757,0.5698115825653076,0.7702224850654602,0.9786485433578491,0.9786183834075928,0.9787629842758179
1946_class-954,0.9718755483627319,0.9716814756393433,0.9717617630958557,0.9717342853546143,0.9719593524932861,0.9718436002731323
1947_class-954,0.9809917211532593,0.9810135960578918,0.9811493754386902,0.9810327291488647,0.9810229539871216,0.9809815883636475
1948_class-954,0.8479883670806885,0.8473842144012451,0.848259449005127,0.8467065095901489,0.8474947810173035,0.8476422429084778
1949_class-954,0.9699485301971436,0.9697494506835938,0.7600299119949341,0.9698036909103394,0.9697490334510803,0.9696643948554993
1950_class-955,0.9791403412818909,0.9805523753166199,0.979205846786499,0.9791316986083984,0.9802232980728149,0.9793127775192261
1951_class-955,0.9708048105239868,0.9680672883987427,0.9717197418212891,0.9720171689987183,0.9711383581161499,0.9724614024162292
1952_class-955,0.8642157316207886,0.8643068671226501,0.8641188144683838,0.8642364740371704,0.8641846179962158,0.8166916370391846
1953_class-955,0.9798760414123535,0.9797697067260742,0.9799328446388245,0.9797394275665283,0.9798630475997925,0.9797648191452026
1954_class-955,0.6674490571022034,0.6812875866889954,0.4969695806503296,0.6810381412506104,0.6810274124145508,0.6809322834014893
1955_class-955,0.8979066014289856,0.917902946472168,0.8998774290084839,0.9666041135787964,0.8925188183784485,0.8988786935806274
1956_class-955,0.6061217784881592,0.6061112284660339,0.6063169240951538,0.6062058210372925,0.6060092449188232,0.47085678577423096
1957_class-955,0.7033693790435791,0.9835883975028992,0.9838734865188599,0.9835257530212402,0.9832766056060791,0.9835900068283081
1958_class-955,0.9571210741996765,0.9572135210037231,0.9573134183883667,0.9570398330688477,0.957474946975708,0.9574885368347168
1959_class-955,0.9825918674468994,0.9827041625976562,0.24831461906433105,0.1331329345703125,0.9826602935791016,0.9827028512954712
1960_class-956,0.972538948059082,0.9701286554336548,0.9707342386245728,0.7576997876167297,0.7581969499588013,0.9707762598991394
1961_class-956,0.3934183716773987,0.31230396032333374,0.2891165316104889,0.9716630578041077,0.9733747243881226,0.9715983271598816
1962_class-956,0.7964822053909302,0.6836221814155579,0.7967796325683594,0.7956153154373169,0.7958911657333374,0.7961822748184204
1963_class-956,0.9760298728942871,0.9709758162498474,0.9759355187416077,0.9717276692390442,0.9722291231155396,0.976007342338562
1964_class-956,0.976861834526062,0.9620374441146851,0.540709376335144,0.9766019582748413,0.9761627912521362,0.976631760597229
1965_class-956,0.9309206008911133,0.9334579110145569,0.5507271885871887,0.922574520111084,0.9293458461761475,0.5520792603492737
1966_class-956,0.9397585391998291,0.9489776492118835,0.6293108463287354,0.5616471767425537,0.5602885484695435,0.9344652891159058
1967_class-956,0.5311004519462585,0.9782494306564331,0.975368857383728,0.9759170413017273,0.9627373218536377,0.9782644510269165
1968_class-956,0.920566976070404,0.9266000986099243,0.9205516576766968,0.9198930263519287,0.9207183122634888,0.9210367202758789
1969_class-956,0.8069326877593994,0.8071544170379639,0.9707403779029846,0.970740795135498,0.9707797765731812,0.9706952571868896
1970_class-957,0.986016571521759,0.9863178730010986,0.9861078262329102,0.9861569404602051,0.9861099720001221,0.9860054850578308
1971_class-957,0.9883909225463867,0.9883601069450378,0.9883831739425659,0.9882136583328247,0.9883449673652649,0.988383412361145
1972_class-957,0.8109674453735352,0.6610029935836792,0.9854881763458252,0.7661071419715881,0.7703553438186646,0.5477821826934814
1973_class-957,0.9923050999641418,0.9918355941772461,0.5030163526535034,0.9917564392089844,0.9917402267456055,0.5029909014701843
1974_class-957,0.49862635135650635,0.9828675985336304,0.49697941541671753,0.49343299865722656,0.4971841275691986,0.4960435628890991
1975_class-957,0.9795818328857422,0.9797571301460266,0.9795204401016235,0.9796813726425171,0.9795437455177307,0.9797655344009399
1976_class-957,0.46306130290031433,0.5618749856948853,0.558162271976471,0.36601632833480835,0.4031842052936554,0.4033668339252472
1977_class-957,0.9858001470565796,0.9858245849609375,0.9858834743499756,0.9859005212783813,0.9857426881790161,0.9853180646896362
1978_class-957,0.28753483295440674,0.28752925992012024,0.28753483295440674,0.28751808404922485,0.2875218093395233,0.2875385582447052
1979_class-957,0.9823792576789856,0.9831125140190125,0.9845213294029236,0.9841179847717285,0.9823204278945923,0.9845441579818726
1980_class-958,0.8623553514480591,0.8626645803451538,0.8626636266708374,0.8621553182601929,0.8626261949539185,0.8620964288711548
1981_class-958,0.9520744681358337,0.9523704051971436,0.9523746967315674,0.9523900747299194,0.9522436261177063,0.952392041683197
1982_class-958,0.9882144927978516,0.9881483316421509,0.9881991147994995,0.988236665725708,0.9881265759468079,0.9883040189743042
1983_class-958,0.9559112787246704,0.9554423093795776,0.9556421041488647,0.9559524655342102,0.9558004140853882,0.9552979469299316
1984_class-958,0.8661460876464844,0.8661403656005859,0.8665165901184082,0.9853487014770508,0.9858226180076599,0.9853900671005249
1985_class-958,0.8340355157852173,0.9040553569793701,0.8972882032394409,0.8337067365646362,0.8333101272583008,0.8338965773582458
1986_class-958,0.8806090354919434,0.8805689811706543,0.8801962733268738,0.8801800012588501,0.8804723024368286,0.8799523711204529
1987_class-958,0.6648041009902954,0.6648637056350708,0.6649397611618042,0.6648779511451721,0.9637656211853027,0.6647670865058899
1988_class-958,0.9391480684280396,0.9391912817955017,0.9392311573028564,0.9391399025917053,0.9392518997192383,0.939257800579071
1989_class-958,0.9842172861099243,0.9838470220565796,0.9841286540031433,0.9839128255844116,0.9838012456893921,0.9841841459274292
1990_class-959,0.9328166246414185,0.932628870010376,0.9327781200408936,0.9328067302703857,0.9328364133834839,0.9342714548110962
1991_class-959,0.964466392993927,0.9655698537826538,0.9640018939971924,0.9649012088775635,0.9639012813568115,0.9677345752716064
1992_class-959,0.9743993878364563,0.9743525385856628,0.9757148027420044,0.9754124879837036,0.9755817651748657,0.9741177558898926
1993_class-959,0.5609007477760315,0.9519108533859253,0.5492158532142639,0.9508941173553467,0.5624861121177673,0.932654857635498
1994_class-959,0.9136314392089844,0.9105849266052246,0.9109529852867126,0.9164717793464661,0.9150919318199158,0.9156433343887329
1995_class-959,0.8809902667999268,0.8811235427856445,0.8816444277763367,0.8829675912857056,0.883151650428772,0.8839789628982544
1996_class-959,0.9811293482780457,0.9813656210899353,0.9812356233596802,0.9808355569839478,0.9807661771774292,0.9808617234230042
1997_class-959,0.9347633123397827,0.9353717565536499,0.9337681531906128,0.9354287385940552,0.9342688322067261,0.9352946281433105
1998_class-959,0.9723707437515259,0.972692608833313,0.9723453521728516,0.9731003046035767,0.9734005331993103,0.9759413599967957
1999_class-959,0.9749875664710999,0.974115788936615,0.9748626947402954,0.9724109172821045,0.9751696586608887,0.9750158786773682
2000_class-960,0.9749917984008789,0.9748433828353882,0.9750303030014038,0.9749881029129028,0.9750032424926758,0.9748233556747437
2001_class-960,0.1540966033935547,0.922453761100769,0.10482823848724365,0.9243248105049133,0.9236513376235962,0.9241496324539185
2002_class-960,0.9558433294296265,0.3737516701221466,0.3790318965911865,0.5435966849327087,0.3789672553539276,0.955729603767395
2003_class-960,0.7226097583770752,0.7220828533172607,0.7220553159713745,0.7242428064346313,0.7932159900665283,0.7217299938201904
2004_class-960,0.9673742055892944,0.9674147367477417,0.9678459167480469,0.9675372242927551,0.7725342512130737,0.7739896774291992
2005_class-960,0.952963650226593,0.9532204866409302,0.9529580473899841,0.952994167804718,0.9535925388336182,0.953368604183197
2006_class-960,0.9662405252456665,0.8647285103797913,0.966069221496582,0.9660483598709106,0.9660117030143738,0.9662759304046631
2007_class-960,0.9504203796386719,0.9499706029891968,0.9502530694007874,0.9501049518585205,0.950057864189148,0.9501103758811951
2008_class-960,0.9574134945869446,0.9483196139335632,0.933681845664978,0.9482489824295044,0.9476016759872437,0.9014860391616821
2009_class-960,0.6101241111755371,0.7035846710205078,0.7119250297546387,0.7154127955436707,0.7137248516082764,0.7293179035186768
2010_class-961,0.9682424068450928,0.9681711196899414,0.9682178497314453,0.9682905077934265,0.9682238698005676,0.9682096242904663
2011_class-961,0.9461091756820679,0.9467562437057495,0.9465063810348511,0.9461463689804077,0.9458678960800171,0.9460505247116089
2012_class-961,0.9832960367202759,0.9833225011825562,0.983379602432251,0.9832713603973389,0.9833040833473206,0.9833046793937683
2013_class-961,0.9770040512084961,0.9770551323890686,0.9771060943603516,0.9771060943603516,0.977098822593689,0.9769604206085205
2014_class-961,0.9581021070480347,0.9621431231498718,0.962238073348999,0.9578206539154053,0.8351275324821472,0.9578128457069397
2015_class-961,0.9490969181060791,0.949315071105957,0.9492697715759277,0.9495429992675781,0.9494141936302185,0.9500035047531128
2016_class-961,0.7054349184036255,0.7054063677787781,0.7053540349006653,0.7042421698570251,0.7019627690315247,0.7053860425949097
2017_class-961,0.8655776977539062,0.9624872207641602,0.9626446962356567,0.9632086157798767,0.8652788996696472,0.9638683199882507
2018_class-961,0.9853344559669495,0.9851583242416382,0.9850811958312988,0.9853638410568237,0.9852287769317627,0.9851890206336975
2019_class-961,0.8989936709403992,0.90406334400177,0.9088157415390015,0.9006085395812988,0.792492151260376,0.8999536633491516
2020_class-962,0.9744192361831665,0.9745659828186035,0.9743626117706299,0.9743447303771973,0.9744780659675598,0.9744634628295898
2021_class-962,0.9840340614318848,0.9839287996292114,0.9839866161346436,0.9839940071105957,0.9839037656784058,0.984034538269043
2022_class-962,0.967228889465332,0.9672238230705261,0.9672620296478271,0.9676165580749512,0.9674975872039795,0.9673448801040649
2023_class-962,0.979192852973938,0.979451596736908,0.9668290019035339,0.9794098138809204,0.9795428514480591,0.9789997339248657
2024_class-962,0.9780943393707275,0.9780950546264648,0.9779273867607117,0.9779653549194336,0.9778180718421936,0.9779460430145264
2025_class-962,0.9585543870925903,0.958635687828064,0.9583213329315186,0.9584479928016663,0.9587398767471313,0.9583948850631714
2026_class-962,0.979559063911438,0.9781999588012695,0.9784325361251831,0.9797423481941223,0.9783931970596313,0.9785763025283813
2027_class-962,0.9821039438247681,0.9820367693901062,0.9821373224258423,0.9843266010284424,0.9822384119033813,0.982286810874939
2028_class-962,0.9842785596847534,0.9843209981918335,0.9839322566986084,0.9837524890899658,0.9838897585868835,0.9837539196014404
2029_class-962,0.987994909286499,0.9879953861236572,0.9879664182662964,0.9879745244979858,0.9881024360656738,0.9880343675613403
2030_class-963,0.7849880456924438,0.38981810212135315,0.8367186784744263,0.6736607551574707,0.8350567817687988,0.8263022899627686
2031_class-963,0.9680162668228149,0.9526031613349915,0.9714525938034058,0.9341309070587158,0.9739909768104553,0.9546627998352051
2032_class-963,0.7734705209732056,0.5181426405906677,0.5189976692199707,0.25080540776252747,0.5180763602256775,0.5178510546684265
2033_class-963,0.397570937871933,0.26634278893470764,0.402007520198822,0.2646649479866028,0.26437750458717346,0.2655332088470459
2034_class-963,0.8129140138626099,0.8144593238830566,0.9277816414833069,0.798416018486023,0.8137248754501343,0.8452643156051636
2035_class-963,0.9552402496337891,0.9554886221885681,0.9539676904678345,0.9554500579833984,0.952393114566803,0.9525667428970337
2036_class-963,0.3974285125732422,0.40008318424224854,0.3997637629508972,0.3968115448951721,0.3996047377586365,0.39912182092666626
2037_class-963,0.30882468819618225,0.2911560535430908,0.6209900379180908,0.6069346070289612,0.6197294592857361,0.3591234087944031
2038_class-963,0.3029925227165222,0.29725849628448486,0.2969568371772766,0.29719746112823486,0.297348290681839,0.3025529980659485
2039_class-963,0.9040261507034302,0.829395592212677,0.8850017786026001,0.9433822631835938,0.84099280834198,0.6852043271064758
2040_class-964,0.9792205095291138,0.9797029495239258,0.9794352650642395,0.9793124198913574,0.9793658256530762,0.9794269800186157
2041_class-964,0.9870752692222595,0.9874221086502075,0.9869756698608398,0.9874134063720703,0.9873867034912109,0.985776424407959
2042_class-964,0.9821473360061646,0.9821687340736389,0.9820895195007324,0.9821345210075378,0.9821241497993469,0.9820793867111206
2043_class-964,0.39016202092170715,0.5732584595680237,0.5755772590637207,0.38983458280563354,0.39190348982810974,0.3883896470069885
2044_class-964,0.9752629995346069,0.9755192995071411,0.9721535444259644,0.9758834838867188,0.9767428636550903,0.9750081896781921
2045_class-964,0.025500478222966194,0.025557948276400566,0.02616426721215248,0.21577362716197968,0.025993550196290016,0.010415006428956985
2046_class-964,0.9602105021476746,0.9591716527938843,0.9607043266296387,0.9594507217407227,0.9608632922172546,0.9588974714279175
2047_class-964,0.9850285053253174,0.9830217361450195,0.9848111867904663,0.9839953184127808,0.9829519987106323,0.9367494583129883
2048_class-964,0.9804258942604065,0.980341911315918,0.9826646447181702,0.9826266765594482,0.9762794375419617,0.9804946780204773
2049_class-964,0.988368034362793,0.9882997274398804,0.9838428497314453,0.9883373975753784,0.9883378148078918,0.983782172203064
2050_class-965,0.8734350204467773,0.9514431953430176,0.9512472152709961,0.9512372016906738,0.9510275721549988,0.9513545036315918
2051_class-965,0.9245823621749878,0.9280126094818115,0.9263744354248047,0.923981785774231,0.9246035814285278,0.9220085144042969
2052_class-965,0.8423905968666077,0.5442714691162109,0.5442285537719727,0.8508583903312683,0.8399403691291809,0.84928297996521
2053_class-965,0.7689552903175354,0.9449713230133057,0.6310483813285828,0.9378176927566528,0.8819278478622437,0.9477275609970093
2054_class-965,0.9707580804824829,0.9706555008888245,0.9709039926528931,0.9708966016769409,0.9707870483398438,0.9710649251937866
2055_class-965,0.9818242788314819,0.9814630150794983,0.9815957546234131,0.9818159341812134,0.9815731644630432,0.9815255403518677
2056_class-965,0.692818284034729,0.6939338445663452,0.6910718679428101,0.6914703845977783,0.6957018375396729,0.6923741102218628
2057_class-965,0.6672277450561523,0.6671855449676514,0.6670541167259216,0.9789685606956482,0.9802815914154053,0.9801571369171143
2058_class-965,0.9358501434326172,0.9357004165649414,0.9358735084533691,0.9357728958129883,0.9358707666397095,0.9358941912651062
2059_class-965,0.9628729820251465,0.9803037643432617,0.6067671179771423,0.9798529148101807,0.9797211289405823,0.9785082936286926
2060_class-966,0.7390766739845276,0.5727995038032532,0.7395223379135132,0.7893393039703369,0.5637529492378235,0.7890539169311523
2061_class-966,0.9754766225814819,0.9755175709724426,0.9754979610443115,0.5950260162353516,0.9755618572235107,0.9760286808013916
2062_class-966,0.9734171628952026,0.9715571403503418,0.9717854261398315,0.9715571403503418,0.9717574119567871,0.9730013608932495
2063_class-966,0.9772876501083374,0.9773499965667725,0.8201326131820679,0.9770264029502869,0.9728670120239258,0.9605060815811157
2064_class-966,0.7438342571258545,0.968758225440979,0.9702975749969482,0.9691964983940125,0.9718840718269348,0.9723427891731262
2065_class-966,0.9525889158248901,0.9523924589157104,0.9524374604225159,0.9524050951004028,0.9523797631263733,0.9523337483406067
2066_class-966,0.9287923574447632,0.9303749799728394,0.8996201753616333,0.9293202757835388,0.9302096962928772,0.929015040397644
2067_class-966,0.8755100965499878,0.9704643487930298,0.969851016998291,0.9701958298683167,0.8751163482666016,0.9702123403549194
2068_class-966,0.9501630067825317,0.6724614500999451,0.9498687982559204,0.6728224754333496,0.9499393701553345,0.9499963521957397
2069_class-966,0.9633622169494629,0.9661396741867065,0.962864100933075,0.9634381532669067,0.9642970561981201,0.9608163237571716
2070_class-967,0.9643269777297974,0.9642220735549927,0.9641860723495483,0.964340329170227,0.96421879529953,0.9643070101737976
2071_class-967,0.9182376861572266,0.9181538820266724,0.9182835817337036,0.8964097499847412,0.9209380149841309,0.8967673778533936
2072_class-967,0.9633346199989319,0.9631671905517578,0.9633926749229431,0.9632826447486877,0.9634144306182861,0.9632130861282349
2073_class-967,0.9697325229644775,0.9699591398239136,0.9732095003128052,0.9697293043136597,0.9698692560195923,0.9698103666305542
2074_class-967,0.9396138191223145,0.9388121366500854,0.9388867020606995,0.939176082611084,0.9387286901473999,0.9388154149055481
2075_class-967,0.041393451392650604,0.9335940480232239,0.9337652921676636,0.9328557252883911,0.9330369234085083,0.9338409900665283
2076_class-967,0.9347743988037109,0.9344887733459473,0.9346003532409668,0.9348969459533691,0.9351167678833008,0.9349726438522339
2077_class-967,0.8162466883659363,0.9540114402770996,0.9535302519798279,0.8062127828598022,0.81711745262146,0.9389023780822754
2078_class-967,0.9409772157669067,0.6192002296447754,0.941059947013855,0.6177703142166138,0.9408077001571655,0.9410846829414368
2079_class-967,0.9640794992446899,0.9478013515472412,0.9636796712875366,0.9641287326812744,0.9640845060348511,0.9641461968421936
2080_class-968,0.37923741340637207,0.7626858949661255,0.5078474283218384,0.37374550104141235,0.660983681678772,0.36948084831237793
2081_class-968,0.7541855573654175,0.7327992916107178,0.7668116092681885,0.683693528175354,0.757014274597168,0.756693959236145
2082_class-968,0.7914756536483765,0.7507078647613525,0.7931157350540161,0.7925111651420593,0.9790794849395752,0.7912660837173462
2083_class-968,0.7800967693328857,0.6911357641220093,0.6909537315368652,0.7770127058029175,0.6907047033309937,0.564651608467102
2084_class-968,0.6124272346496582,0.7727214097976685,0.6122363805770874,0.699935793876648,0.6121807098388672,0.7035389542579651
2085_class-968,0.8649404048919678,0.8553601503372192,0.8552696704864502,0.867760181427002,0.8553140163421631,0.8676726222038269
2086_class-968,0.5747368931770325,0.5748727321624756,0.7478855848312378,0.6270020008087158,0.6435515880584717,0.5375595092773438
2087_class-968,0.9351743459701538,0.9338018894195557,0.935302197933197,0.7290760278701782,0.9333490133285522,0.9322286248207092
2088_class-968,0.6483367681503296,0.649545431137085,0.8474268913269043,0.6506761908531189,0.639272928237915,0.6385263204574585
2089_class-968,0.750426709651947,0.6291890740394592,0.6289998888969421,0.6738743782043457,0.6288195252418518,0.8779252767562866
2090_class-969,0.9762943983078003,0.9757075905799866,0.9785449504852295,0.9842699766159058,0.9829015731811523,0.9834184646606445
2091_class-969,0.9882020950317383,0.9881869554519653,0.988171398639679,0.9881262183189392,0.9881864786148071,0.9880109429359436
2092_class-969,0.9846352338790894,0.9847203493118286,0.9848390221595764,0.9847321510314941,0.9846246242523193,0.9848803281784058
2093_class-969,0.9872069954872131,0.9871242642402649,0.9871926307678223,0.9872074127197266,0.9300942420959473,0.8125307559967041
2094_class-969,0.976069450378418,0.9769469499588013,0.9889707565307617,0.9888997673988342,0.9888370633125305,0.9841041564941406
2095_class-969,0.6403309106826782,0.6384334564208984,0.6386976838111877,0.6395576000213623,0.6393920183181763,0.6398144960403442
2096_class-969,0.9870986938476562,0.8926066160202026,0.9870686531066895,0.9871784448623657,0.98711758852005,0.9870661497116089
2097_class-969,0.9634032249450684,0.8239344954490662,0.821583092212677,0.8215017318725586,0.5582612752914429,0.9670363068580627
2098_class-969,0.9763706922531128,0.9768207669258118,0.9765657186508179,0.9758585095405579,0.9765719771385193,0.9766253232955933
2099_class-969,0.9807171821594238,0.9803840517997742,0.9807863235473633,0.9800761342048645,0.9808409214019775,0.9802232980728149
2100_class-970,0.981050968170166,0.9812384843826294,0.651347279548645,0.9811466336250305,0.980664074420929,0.9811781048774719
2101_class-970,0.9860244989395142,0.9863852262496948,0.9860081076622009,0.9864673614501953,0.9863194227218628,0.9863935708999634
2102_class-970,0.9758212566375732,0.9761252403259277,0.9761381149291992,0.9762574434280396,0.9758345484733582,0.9761084318161011
2103_class-970,0.9916206002235413,0.1711716502904892,0.9915043711662292,0.17635467648506165,0.17099347710609436,0.9918985366821289
2104_class-970,0.5635802149772644,0.5151753425598145,0.555412232875824,0.5152584910392761,0.5482193827629089,0.6012330055236816
2105_class-970,0.9091851115226746,0.9836222529411316,0.9834696054458618,0.9055664539337158,0.9836779832839966,0.9836795926094055
2106_class-970,0.7346438765525818,0.7333130240440369,0.7330676317214966,0.7339577674865723,0.7338982820510864,0.6875135898590088
2107_class-970,0.8292805552482605,0.8298346400260925,0.839030385017395,0.979590892791748,0.8319859504699707,0.8287994265556335
2108_class-970,0.8362804055213928,0.836132287979126,0.8360149264335632,0.6880913376808167,0.8361209630966187,0.8362178206443787
2109_class-970,0.9747262001037598,0.9749623537063599,0.9747291803359985,0.9749630093574524,0.9750025868415833,0.974423348903656
2110_class-971,0.7622018456459045,0.7251060009002686,0.011418198235332966,0.7220627069473267,0.6453749537467957,0.7220206260681152
2111_class-971,0.9889665842056274,0.5674383044242859,0.9889756441116333,0.9889664649963379,0.9889217615127563,0.9873772859573364
2112_class-971,0.9736310839653015,0.9746230244636536,0.9713873863220215,0.9745134115219116,0.9744305610656738,0.972456157207489
2113_class-971,0.9774014949798584,0.9773514270782471,0.9792072772979736,0.9773687124252319,0.9216765761375427,0.4995898902416229
2114_class-971,0.9710092544555664,0.9733504056930542,0.9734467267990112,0.9735580682754517,0.973279595375061,0.9738651514053345
2115_class-971,0.9677016735076904,0.9676671028137207,0.9715366363525391,0.9677962064743042,0.9714391231536865,0.9679398536682129
2116_class-971,0.9479164481163025,0.9442259073257446,0.9464695453643799,0.9541371464729309,0.9547889232635498,0.9445409774780273
2117_class-971,0.9776083827018738,0.9775485992431641,0.9764719009399414,0.976883590221405,0.9774419665336609,0.9777328968048096
2118_class-971,0.9524389505386353,0.9575986862182617,0.9517552256584167,0.9580813050270081,0.9578661918640137,0.9527511596679688
2119_class-971,0.9838270545005798,0.9837786555290222,0.9837691783905029,0.9837781190872192,0.98311448097229,0.9831634759902954
2120_class-972,0.7141134738922119,0.7325619459152222,0.7270277738571167,0.7298004627227783,0.7091108560562134,0.8612262010574341
2121_class-972,0.8424763083457947,0.7771041393280029,0.9074590802192688,0.2829349935054779,0.8448551297187805,0.9638522863388062
2122_class-972,0.4520973265171051,0.4558030366897583,0.4572511911392212,0.45570340752601624,0.1382468342781067,0.3410428762435913
2123_class-972,0.8423203229904175,0.7139691710472107,0.8611032962799072,0.8163133859634399,0.7144767045974731,0.7523394227027893
2124_class-972,0.8305995464324951,0.748825192451477,0.873022198677063,0.9361953139305115,0.7756699323654175,0.8294515609741211
2125_class-972,0.7088677883148193,0.930330753326416,0.6975014805793762,0.7109447121620178,0.9273179769515991,0.7727047204971313
2126_class-972,0.8892896175384521,0.7652654051780701,0.668266773223877,0.7144808173179626,0.8889601230621338,0.6688734292984009
2127_class-972,0.6845998167991638,0.7500706911087036,0.8504118919372559,0.7498254776000977,0.8124268651008606,0.7722832560539246
2128_class-972,0.9454981088638306,0.7094197869300842,0.9451533555984497,0.8009453415870667,0.9461392164230347,0.9454069137573242
2129_class-972,0.7160356044769287,0.7159793376922607,0.7159146070480347,0.7299384474754333,0.9101787805557251,0.90626060962677
2130_class-973,0.7515929937362671,0.9803179502487183,0.9789748787879944,0.9811974763870239,0.9798587560653687,0.9131976962089539
2131_class-973,0.9759548902511597,0.9773872494697571,0.8442747592926025,0.9792733192443848,0.9756584167480469,0.9774748086929321
2132_class-973,0.9713084697723389,0.9721285700798035,0.971293032169342,0.9726625680923462,0.9724026322364807,0.9725179672241211
2133_class-973,0.8004773855209351,0.972959041595459,0.9725162982940674,0.8721182942390442,0.9727388620376587,0.9729362726211548
2134_class-973,0.971217155456543,0.820132315158844,0.9715203046798706,0.9706078171730042,0.9712148904800415,0.9719797372817993
2135_class-973,0.9777685403823853,0.9776426553726196,0.9778148531913757,0.6599830985069275,0.8544211387634277,0.9778226613998413
2136_class-973,0.9788056015968323,0.9785621762275696,0.9786503911018372,0.9786494970321655,0.9788966178894043,0.9786217212677002
2137_class-973,0.9105004072189331,0.5604974627494812,0.8745956420898438,0.8700060844421387,0.9097205400466919,0.9097517728805542
2138_class-973,0.9136711955070496,0.9632980823516846,0.962952733039856,0.8742451667785645,0.9135815501213074,0.9613474607467651
2139_class-973,0.8688610792160034,0.8587409853935242,0.9578948020935059,0.9578955173492432,0.957446813583374,0.8041062355041504
2140_class-974,0.9474278092384338,0.9528567790985107,0.9467576742172241,0.9475077986717224,0.9542058706283569,0.9476628303527832
2141_class-974,0.9400340914726257,0.9422607421875,0.9213714599609375,0.9403574466705322,0.9434796571731567,0.9209367036819458
2142_class-974,0.6931256055831909,0.6897833943367004,0.6911191940307617,0.6900548934936523,0.6943492889404297,0.6915814876556396
2143_class-974,0.04631413519382477,0.95655357837677,0.957426905632019,0.9567047357559204,0.9551141262054443,0.9539490938186646
2144_class-974,0.5015021562576294,0.4950128197669983,0.49587130546569824,0.9103347063064575,0.8911360502243042,0.9132071733474731
2145_class-974,0.978539228439331,0.978537917137146,0.9786562919616699,0.9786826372146606,0.9783425331115723,0.9785587787628174
2146_class-974,0.944819450378418,0.9447590112686157,0.9438877105712891,0.9445680379867554,0.9446738362312317,0.9441310167312622
2147_class-974,0.9434882402420044,0.9413063526153564,0.9400472640991211,0.9392001628875732,0.9429976940155029,0.9392261505126953
2148_class-974,0.9646151065826416,0.8810815811157227,0.7827905416488647,0.9645915031433105,0.9652751088142395,0.9655814170837402
2149_class-974,0.9661917090415955,0.9664410948753357,0.9661478400230408,0.9657912254333496,0.9657663106918335,0.9673807621002197
2150_class-975,0.9657419323921204,0.9655861854553223,0.9654877185821533,0.9658925533294678,0.9663997888565063,0.7890055179595947
2151_class-975,0.9188132286071777,0.9807326197624207,0.9189372062683105,0.9188882112503052,0.9189738035202026,0.9823838472366333
2152_class-975,0.940871000289917,0.9409997463226318,0.9409399032592773,0.9409822821617126,0.941211462020874,0.9411596059799194
2153_class-975,0.9785418510437012,0.9788042902946472,0.9783333539962769,0.9805349111557007,0.9787923693656921,0.9788876175880432
2154_class-975,0.987419605255127,0.9875521063804626,0.9875079393386841,0.9875079393386841,0.9875153303146362,0.9875521063804626
2155_class-975,0.9748846292495728,0.982479453086853,0.98272305727005,0.9824233651161194,0.9824796915054321,0.9756683707237244
2156_class-975,0.9220677614212036,0.9221248030662537,0.9221526384353638,0.9218274354934692,0.9220248460769653,0.9221169948577881
2157_class-975,0.9874753952026367,0.987449586391449,0.9872902631759644,0.9893219470977783,0.987273097038269,0.9871975183486938
2158_class-975,0.8603073358535767,0.8597226142883301,0.8607989549636841,0.859951376914978,0.8598853349685669,0.859656810760498
2159_class-975,0.9864547848701477,0.9864249229431152,0.9864324927330017,0.9864547848701477,0.9864921569824219,0.9865297079086304
2160_class-976,0.9798787236213684,0.9798387289047241,0.9799336194992065,0.9797972440719604,0.9799336194992065,0.97983717918396
2161_class-976,0.7230075597763062,0.9829758405685425,0.9823135137557983,0.9826164245605469,0.7858269214630127,0.9824838638305664
2162_class-976,0.9810048341751099,0.9811784029006958,0.9809950590133667,0.9810596704483032,0.9809830188751221,0.9808640480041504
2163_class-976,0.9646519422531128,0.9642902612686157,0.9637542963027954,0.9638376235961914,0.9641373157501221,0.9636863470077515
2164_class-976,0.9616210460662842,0.9617620706558228,0.9619103074073792,0.9616107940673828,0.961713433265686,0.9617170691490173
2165_class-976,0.9683091640472412,0.9680757522583008,0.9684021472930908,0.9682754278182983,0.9681274890899658,0.9682024717330933
2166_class-976,0.9850475192070007,0.9850220680236816,0.9855972528457642,0.9852397441864014,0.9849961996078491,0.9849677681922913
2167_class-976,0.9799410104751587,0.6472861170768738,0.6465174555778503,0.6473367810249329,0.9800369739532471,0.9799776077270508
2168_class-976,0.962777316570282,0.9628633260726929,0.9628906846046448,0.962894082069397,0.9624394178390503,0.9628084897994995
2169_class-976,0.9701845049858093,0.9702849388122559,0.5513107776641846,0.5594855546951294,0.5606651306152344,0.5615289211273193
2170_class-977,0.8283377885818481,0.9185715913772583,0.9180845022201538,0.914360761642456,0.9151190519332886,0.8403224349021912
2171_class-977,0.9081548452377319,0.9090613722801208,0.9082898497581482,0.9523192048072815,0.90750652551651,0.9090176820755005
2172_class-977,0.9753693342208862,0.9755427837371826,0.9742147922515869,0.9750616550445557,0.916871190071106,0.9752577543258667
2173_class-977,0.9786076545715332,0.9791498780250549,0.9786850214004517,0.9791107773780823,0.9791921973228455,0.9789749383926392
2174_class-977,0.9381588697433472,0.937787652015686,0.9383044838905334,0.9382916688919067,0.944677472114563,0.938597559928894
2175_class-977,0.9030705690383911,0.9032491445541382,0.8929631114006042,0.9033938646316528,0.8935801982879639,0.915464460849762
2176_class-977,0.9136137962341309,0.9132360219955444,0.9666675329208374,0.9656816720962524,0.9130199551582336,0.9661409854888916
2177_class-977,0.9535658359527588,0.9480469226837158,0.9532694816589355,0.948201060295105,0.9521588683128357,0.953095555305481
2178_class-977,0.8958244919776917,0.8953120112419128,0.8913121223449707,0.891464352607727,0.8912960886955261,0.8176141977310181
2179_class-977,0.8936105966567993,0.8171958327293396,0.8741245269775391,0.815197229385376,0.8924963474273682,0.8163658976554871
2180_class-978,0.8154827356338501,0.7585316300392151,0.9628299474716187,0.7594099640846252,0.8152587413787842,0.7963470220565796
2181_class-978,0.854273796081543,0.8541840314865112,0.8542954921722412,0.8543533086776733,0.8543933629989624,0.8543506264686584
2182_class-978,0.5868180990219116,0.7299109697341919,0.5869399905204773,0.5853347182273865,0.5866891145706177,0.5856281518936157
2183_class-978,0.9044418334960938,0.9049127101898193,0.9041874408721924,0.904865562915802,0.9046222567558289,0.90465247631073
2184_class-978,0.8304471969604492,0.8309835195541382,0.11714223027229309,0.829824686050415,0.8312793374061584,0.8299732208251953
2185_class-978,0.880817174911499,0.8793463110923767,0.8820226192474365,0.8801193833351135,0.8824120759963989,0.8811657428741455
2186_class-978,0.7112758755683899,0.9494404792785645,0.7115502953529358,0.7110192179679871,0.9523805379867554,0.7113121747970581
2187_class-978,0.857089638710022,0.649433970451355,0.8543483018875122,0.8567107915878296,0.8546484708786011,0.8563717603683472
2188_class-978,0.8588965535163879,0.8597204089164734,0.8471353054046631,0.859200119972229,0.848376989364624,0.8593688011169434
2189_class-978,0.9404706954956055,0.9402998089790344,0.9408512115478516,0.9400174617767334,0.9405303001403809,0.9410356283187866
2190_class-979,0.4833787679672241,0.4910489320755005,0.5129138827323914,0.4687064290046692,0.46817880868911743,0.4728567600250244
2191_class-979,0.9719384908676147,0.9719715118408203,0.971111536026001,0.971773087978363,0.9714055061340332,0.9721262454986572
2192_class-979,0.9831665754318237,0.9831510186195374,0.8913044333457947,0.982862114906311,0.983328104019165,0.983041524887085
2193_class-979,0.9485780000686646,0.960939347743988,0.9522371292114258,0.9590645432472229,0.9458490014076233,0.9472433924674988
2194_class-979,0.9647679328918457,0.9650493264198303,0.965122401714325,0.965268075466156,0.9647334814071655,0.9655776023864746
2195_class-979,0.9641193151473999,0.9640547037124634,0.9641125202178955,0.9637842178344727,0.9638900756835938,0.9638886451721191
2196_class-979,0.9635788202285767,0.9677973985671997,0.9727557301521301,0.9628462791442871,0.9727357625961304,0.9672279357910156
2197_class-979,0.9724498987197876,0.9724534749984741,0.816155731678009,0.8161386847496033,0.9483662843704224,0.816448450088501
2198_class-979,0.6489425897598267,0.6462643146514893,0.6422774791717529,0.6452131867408752,0.6525635123252869,0.6514861583709717
2199_class-979,0.9051418900489807,0.908260703086853,0.9082086086273193,0.9167832732200623,0.9101845026016235,0.9115362167358398
2200_class-980,0.048322893679142,0.5169965028762817,0.4493522644042969,0.4272168278694153,0.4063151478767395,0.28610068559646606
2201_class-980,0.3786503076553345,0.7639905214309692,0.6687898635864258,0.38870805501937866,0.823976993560791,0.6735004186630249
2202_class-980,0.43086016178131104,0.4604526460170746,0.4621742367744446,0.004472969099879265,0.45663321018218994,0.3528497815132141
2203_class-980,0.2746054232120514,0.27447524666786194,0.274294912815094,0.5384854674339294,0.27438363432884216,0.2748287320137024
2204_class-980,0.40154626965522766,0.5313792824745178,0.3551098704338074,0.39558145403862,0.24332375824451447,0.5945439338684082
2205_class-980,0.18202807009220123,0.1847209632396698,0.178656205534935,0.19117039442062378,0.2730374336242676,0.1788875311613083
2206_class-980,0.6467115879058838,0.42490729689598083,0.7896690368652344,0.966099739074707,0.9684232473373413,0.7876987457275391
2207_class-980,0.20901969075202942,0.21097628772258759,0.21006692945957184,0.2107210010290146,0.20341266691684723,0.20910541713237762
2208_class-980,0.42510920763015747,0.4247029721736908,0.4213506877422333,0.41356903314590454,0.4106826186180115,0.40158167481422424
2209_class-980,0.8411762714385986,0.865236759185791,0.7668644189834595,0.8682761192321777,0.8646466732025146,0.7009511590003967
2210_class-981,0.8994178771972656,0.6328494548797607,0.8700227737426758,0.8699607849121094,0.8689049482345581,0.9031809568405151
2211_class-981,0.8866455554962158,0.8863618969917297,0.8872498869895935,0.8868127465248108,0.8870735168457031,0.8871498107910156
2212_class-981,0.536163330078125,0.9298509359359741,0.9215344190597534,0.9226275682449341,0.926640510559082,0.9237771034240723
2213_class-981,0.9464082717895508,0.947108268737793,0.9479998350143433,0.6429303884506226,0.9463914632797241,0.9472957849502563
2214_class-981,0.5850868225097656,0.9590477347373962,0.5864230394363403,0.9588508605957031,0.9591158628463745,0.5880100727081299
2215_class-981,0.9656645059585571,0.7719435095787048,0.7201874256134033,0.7693678140640259,0.7314167022705078,0.7194151878356934
2216_class-981,0.9383370280265808,0.7580046653747559,0.9402481317520142,0.9386261105537415,0.9398800134658813,0.6494753956794739
2217_class-981,0.9211030602455139,0.9214773178100586,0.6821792721748352,0.9216333627700806,0.9209316968917847,0.9199881553649902
2218_class-981,0.7807416915893555,0.7860119938850403,0.6461307406425476,0.7825075387954712,0.787810206413269,0.7770734429359436
2219_class-981,0.8418169021606445,0.6721370220184326,0.9641818404197693,0.841399073600769,0.9651635885238647,0.9645718932151794
2220_class-982,0.7684067487716675,0.7686161994934082,0.9765987992286682,0.7683074474334717,0.7681820392608643,0.984144389629364
2221_class-982,0.9879336357116699,0.9880695343017578,0.9879916310310364,0.9880064725875854,0.9879906177520752,0.988099992275238
2222_class-982,0.8986966609954834,0.8987086415290833,0.8989375829696655,0.8988342881202698,0.8988097906112671,0.8986223936080933
2223_class-982,0.9405337572097778,0.9405249357223511,0.9408563375473022,0.9767298698425293,0.9406633377075195,0.9587180614471436
2224_class-982,0.36558040976524353,0.8162622451782227,0.8162572383880615,0.8162853717803955,0.8163433074951172,0.8163231015205383
2225_class-982,0.9789668321609497,0.9777971506118774,0.9779598116874695,0.9783031344413757,0.9781916737556458,0.97794109582901
2226_class-982,0.9831393361091614,0.9829975366592407,0.8854367733001709,0.43703514337539673,0.4398588538169861,0.9834098815917969
2227_class-982,0.9852735996246338,0.9849480390548706,0.3126128911972046,0.9237130880355835,0.9822443723678589,0.9856044054031372
2228_class-982,0.9840739965438843,0.9839656352996826,0.9843225479125977,0.9840099811553955,0.9842318296432495,0.9840425252914429
2229_class-982,0.7889420986175537,0.8252441883087158,0.8320870399475098,0.9804433584213257,0.981620192527771,0.9817138910293579
2230_class-983,0.9263845682144165,0.9264995455741882,0.9271029233932495,0.926578164100647,0.9263676404953003,0.9280760288238525
2231_class-983,0.889565110206604,0.9134117364883423,0.9106593132019043,0.9150689840316772,0.9115421772003174,0.9159266948699951
2232_class-983,0.977769136428833,0.9778188467025757,0.9776612520217896,0.9777729511260986,0.9775600433349609,0.9777617454528809
2233_class-983,0.9499965906143188,0.9485999345779419,0.9493918418884277,0.9488602876663208,0.9484977722167969,0.9486792087554932
2234_class-983,0.9321398138999939,0.9319384098052979,0.9321022629737854,0.9324889183044434,0.9325063228607178,0.9329485893249512
2235_class-983,0.9229142665863037,0.896834135055542,0.9241729974746704,0.9253515005111694,0.8983137607574463,0.8971394896507263
2236_class-983,0.9080914855003357,0.8906619548797607,0.8922034502029419,0.9079790711402893,0.9089107513427734,0.9090158939361572
2237_class-983,0.8511685729026794,0.8504036664962769,0.8539488911628723,0.8509006500244141,0.8509301543235779,0.8703359365463257
2238_class-983,0.9304335117340088,0.9305678009986877,0.9371987581253052,0.9370787739753723,0.9376951456069946,0.9303542375564575
2239_class-983,0.9865059852600098,0.9823105335235596,0.9866170883178711,0.9864112138748169,0.9784692525863647,0.9816352128982544
2240_class-984,0.9859439134597778,0.9858841896057129,0.9859139919281006,0.9860262870788574,0.9859064817428589,0.9859963059425354
2241_class-984,0.9851580858230591,0.9852325916290283,0.9851207733154297,0.9851505756378174,0.9856426119804382,0.9850984811782837
2242_class-984,0.9917292594909668,0.9918254613876343,0.991862416267395,0.9918919801712036,0.9918328523635864,0.9919068217277527
2243_class-984,0.5079598426818848,0.5079261064529419,0.5080485939979553,0.5079355835914612,0.5080478191375732,0.5082125663757324
2244_class-984,0.9768017530441284,0.9767178893089294,0.9767476320266724,0.9767357110977173,0.9767357110977173,0.9767954349517822
2245_class-984,0.9881796836853027,0.9881501793861389,0.9881501197814941,0.9882606267929077,0.9882974624633789,0.988245964050293
2246_class-984,0.9909154176712036,0.9906739592552185,0.9904247522354126,0.9907041788101196,0.9906588792800903,0.9906513690948486
2247_class-984,0.38048359751701355,0.37946513295173645,0.3804454803466797,0.38069725036621094,0.3793554902076721,0.38050562143325806
2248_class-984,0.9911462068557739,0.9911748170852661,0.9911455512046814,0.9911551475524902,0.991202712059021,0.9912025928497314
2249_class-984,0.829678475856781,0.8297333121299744,0.829694390296936,0.8297477960586548,0.9745132923126221,0.8298071622848511
2250_class-985,0.9443715810775757,0.944449782371521,0.9443991184234619,0.9450986385345459,0.9445217847824097,0.9449650645256042
2251_class-985,0.6477265954017639,0.9143831729888916,0.9144301414489746,0.6476041674613953,0.649594783782959,0.6900233030319214
2252_class-985,0.9654792547225952,0.9654560089111328,0.965347170829773,0.965496301651001,0.9653799533843994,0.9654268622398376
2253_class-985,0.9567057490348816,0.9548871517181396,0.9546719789505005,0.9568611979484558,0.9567910432815552,0.9569519758224487
2254_class-985,0.9648286700248718,0.9651031494140625,0.9651111364364624,0.9651100635528564,0.9655466675758362,0.9653345346450806
2255_class-985,0.9604406356811523,0.9577091932296753,0.9609076976776123,0.9607150554656982,0.9605914950370789,0.960631251335144
2256_class-985,0.547116219997406,0.5727404356002808,0.9425448179244995,0.9388447999954224,0.9389455914497375,0.9426363706588745
2257_class-985,0.8887441158294678,0.8882453441619873,0.88837730884552,0.5106917023658752,0.8873611688613892,0.8887072205543518
2258_class-985,0.9668641090393066,0.9614536762237549,0.9670314192771912,0.9666730165481567,0.9624661207199097,0.3671669065952301
2259_class-985,0.9124491810798645,0.9125354290008545,0.9125173091888428,0.86954665184021,0.8699419498443604,0.9128015637397766
2260_class-986,0.9769989848136902,0.9772573709487915,0.9770656228065491,0.9772496223449707,0.9771417379379272,0.9753597974777222
2261_class-986,0.9569108486175537,0.9569603800773621,0.9568013548851013,0.9569767713546753,0.9568747282028198,0.9569710493087769
2262_class-986,0.9634533524513245,0.9659073352813721,0.9570963382720947,0.037739817053079605,0.8000249862670898,0.9637675285339355
2263_class-986,0.9395530223846436,0.9410467147827148,0.9417871236801147,0.9523979425430298,0.035553768277168274,0.9395722150802612
2264_class-986,0.9790657758712769,0.9792177677154541,0.9791368246078491,0.9792985320091248,0.9791773557662964,0.9792371392250061
2265_class-986,0.9496523141860962,0.9496288299560547,0.9474891424179077,0.035934336483478546,0.035904355347156525,0.9459269046783447
2266_class-986,0.01544851902872324,0.24149677157402039,0.015289358794689178,0.01541234739124775,0.015420936979353428,0.9478740096092224
2267_class-986,0.9737437963485718,0.9772672653198242,0.9736911058425903,0.973153829574585,0.9774070978164673,0.9766681790351868
2268_class-986,0.9686166644096375,0.9683595895767212,0.9688363075256348,0.9687641263008118,0.9688557386398315,0.9701337814331055
2269_class-986,0.9776096343994141,0.979432225227356,0.9779399633407593,0.9777754545211792,0.9779274463653564,0.9796109795570374
2270_class-987,0.983928918838501,0.9849642515182495,0.9840270280838013,0.9848002791404724,0.9451949596405029,0.9849875569343567
2271_class-987,0.9765227437019348,0.9765312075614929,0.976750373840332,0.9766004085540771,0.97676682472229,0.9767928719520569
2272_class-987,0.9839493036270142,0.6968561410903931,0.7354227304458618,0.981513500213623,0.9845446348190308,0.984552264213562
2273_class-987,0.9908862113952637,0.9907950162887573,0.9907565116882324,0.9907951951026917,0.9907796382904053,0.9908633232116699
2274_class-987,0.4296037554740906,0.2664618194103241,0.42946958541870117,0.4292590320110321,0.4302447736263275,0.26972323656082153
2275_class-987,0.9853485822677612,0.9857231378555298,0.984643816947937,0.9840275049209595,0.9852898120880127,0.9813838005065918
2276_class-987,0.9883748292922974,0.9883583188056946,0.9884313344955444,0.9882944822311401,0.988318920135498,0.9883670210838318
2277_class-987,0.9768964052200317,0.9766079187393188,0.9767838716506958,0.9770117402076721,0.9769437313079834,0.9768513441085815
2278_class-987,0.9863404035568237,0.9838109016418457,0.986051082611084,0.9868464469909668,0.9838178753852844,0.9861398935317993
2279_class-987,0.9871405959129333,0.9872088432312012,0.9872389435768127,0.9871631860733032,0.9871708154678345,0.9870873689651489
2280_class-988,0.9512441754341125,0.9503123760223389,0.9509727954864502,0.9498789310455322,0.9507991671562195,0.9505570530891418
2281_class-988,0.9849098920822144,0.9849843978881836,0.9847607016563416,0.9847167730331421,0.9838017225265503,0.9853037595748901
2282_class-988,0.9724403023719788,0.9722559452056885,0.9720906615257263,0.9718284606933594,0.972386360168457,0.9726121425628662
2283_class-988,0.9714502096176147,0.9719123244285583,0.9716224670410156,0.9718513488769531,0.9716739058494568,0.9714661836624146
2284_class-988,0.960058867931366,0.9605507254600525,0.9601485729217529,0.9598286151885986,0.9603707790374756,0.960058867931366
2285_class-988,0.9392130970954895,0.9374008774757385,0.6520997881889343,0.940540075302124,0.9464882612228394,0.9471443295478821
2286_class-988,0.9663297533988953,0.966303288936615,0.9662147164344788,0.9662802815437317,0.966381311416626,0.9659287929534912
2287_class-988,0.9800251722335815,0.9799901247024536,0.9801375865936279,0.98000168800354,0.9799554347991943,0.9800359010696411
2288_class-988,0.9701828956604004,0.9693114161491394,0.9681560397148132,0.8694132566452026,0.9676437377929688,0.9725338220596313
2289_class-988,0.9778146743774414,0.9771775007247925,0.9762293696403503,0.9779740571975708,0.9755784273147583,0.9777947664260864
2290_class-989,0.7523601651191711,0.813897967338562,0.7555361986160278,0.8125282526016235,0.8246719837188721,0.8279589414596558
2291_class-989,0.7794344425201416,0.9063605666160583,0.9062186479568481,0.9057356119155884,0.9057897925376892,0.5542646050453186
2292_class-989,0.31480997800827026,0.7537703514099121,0.8631443977355957,0.8198843002319336,0.3330867886543274,0.8579220771789551
2293_class-989,0.7693659663200378,0.7659248113632202,0.6721252799034119,0.4819440245628357,0.7684108018875122,0.18349269032478333
2294_class-989,0.8772284984588623,0.8760234117507935,0.8735803365707397,0.8724002838134766,0.8658071756362915,0.8665085434913635
2295_class-989,0.9248265027999878,0.9246150255203247,0.9240989685058594,0.9162100553512573,0.923507809638977,0.9098029136657715
2296_class-989,0.3671082556247711,0.9352691769599915,0.9356973767280579,0.9318200349807739,0.935036301612854,0.9357725977897644
2297_class-989,0.3380984663963318,0.338533490896225,0.8562697768211365,0.7232880592346191,0.33973750472068787,0.8655537962913513
2298_class-989,0.8587131500244141,0.8784934282302856,0.8572251200675964,0.798086941242218,0.8988794684410095,0.7821905612945557
2299_class-989,0.929772138595581,0.9326261281967163,0.8349652886390686,0.8497255444526672,0.9310094118118286,0.929533839225769
2300_class-990,0.9724342823028564,0.9724481105804443,0.972432017326355,0.972353458404541,0.9723656177520752,0.9723942279815674
2301_class-990,0.9836419224739075,0.9837002158164978,0.9837849140167236,0.9839174747467041,0.9835332632064819,0.9834672212600708
2302_class-990,0.9387127161026001,0.9373730421066284,0.9381222724914551,0.9361128211021423,0.9448651671409607,0.937623143196106
2303_class-990,0.9716144800186157,0.9715779423713684,0.9716525673866272,0.9715083837509155,0.9715926647186279,0.9716382026672363
2304_class-990,0.9820116758346558,0.9819780588150024,0.9820371270179749,0.9819523096084595,0.9819339513778687,0.9820026755332947
2305_class-990,0.9818433523178101,0.9818587303161621,0.9819241762161255,0.9819400310516357,0.9818909764289856,0.9818746447563171
2306_class-990,0.9751050472259521,0.9749195575714111,0.9753499627113342,0.9751423597335815,0.9749748706817627,0.9752541184425354
2307_class-990,0.9523984789848328,0.9524134993553162,0.9522937536239624,0.952359676361084,0.9524286985397339,0.9522842168807983
2308_class-990,0.9635164737701416,0.9635406732559204,0.9640138745307922,0.9636907577514648,0.9645245671272278,0.9633477926254272
2309_class-990,0.9779837131500244,0.9780476093292236,0.9781312346458435,0.9780168533325195,0.9780566692352295,0.9780805110931396
2310_class-991,0.21248763799667358,0.0954674705862999,0.0864005982875824,0.09214005619287491,0.03026444837450981,0.08507933467626572
2311_class-991,0.9548299908638,0.9550785422325134,0.9608033299446106,0.9373283386230469,0.9414018988609314,0.9405229091644287
2312_class-991,0.9116805791854858,0.9149394035339355,0.8949264287948608,0.9126302003860474,0.9134305715560913,0.9137023687362671
2313_class-991,0.9708869457244873,0.9710204601287842,0.9713075160980225,0.9712844491004944,0.9642418026924133,0.96458500623703
2314_class-991,0.9701769948005676,0.9701760411262512,0.9702368378639221,0.9701055884361267,0.9701273441314697,0.9702498912811279
2315_class-991,0.9803957939147949,0.9803693890571594,0.9802906513214111,0.9801754951477051,0.9801450967788696,0.9802016019821167
2316_class-991,0.9428311586380005,0.9428240060806274,0.9428733587265015,0.9427992105484009,0.9427535533905029,0.9426256418228149
2317_class-991,0.9370697736740112,0.9369490146636963,0.9368773698806763,0.936933696269989,0.9369140863418579,0.9369422197341919
2318_class-991,0.9492011070251465,0.9803087711334229,0.9489166736602783,0.9856884479522705,0.9851264357566833,0.9876217842102051
2319_class-991,0.9689517021179199,0.9689334630966187,0.968988299369812,0.9689878225326538,0.9689173698425293,0.968988299369812
2320_class-992,0.8297891616821289,0.38196349143981934,0.15534384548664093,0.808753490447998,0.548253059387207,0.16529963910579681
2321_class-992,0.8578623533248901,0.8784130811691284,0.8891656398773193,0.8767404556274414,0.8796910047531128,0.8797350525856018
2322_class-992,0.5352234840393066,0.5513529777526855,0.8248810768127441,0.5347645878791809,0.8113242983818054,0.8139535188674927
2323_class-992,0.9049059152603149,0.9087651968002319,0.8232711553573608,0.9072205424308777,0.9053105115890503,0.9090521931648254
2324_class-992,0.6807684898376465,0.6808754801750183,0.6806221008300781,0.6680166721343994,0.680655837059021,0.6807109117507935
2325_class-992,0.5182887315750122,0.516154944896698,0.9240378737449646,0.9291764497756958,0.9213645458221436,0.9216791391372681
2326_class-992,0.7630148530006409,0.7668318152427673,0.780699610710144,0.778785765171051,0.7755072116851807,0.7230862379074097
2327_class-992,0.3898238241672516,0.38865765929222107,0.38856467604637146,0.39010632038116455,0.3898577392101288,0.5137341618537903
2328_class-992,0.9352627992630005,0.9357419610023499,0.9353291392326355,0.9355850219726562,0.9349609017372131,0.945871114730835
2329_class-992,0.8840066194534302,0.8811979293823242,0.8717693090438843,0.8881330490112305,0.4625008702278137,0.886812686920166
2330_class-993,0.9479109048843384,0.9479109048843384,0.9476643204689026,0.9478175044059753,0.9478429555892944,0.9476643204689026
2331_class-993,0.8470805883407593,0.8466988801956177,0.8462854623794556,0.8899602890014648,0.8461062908172607,0.846734881401062
2332_class-993,0.920242190361023,0.9202592372894287,0.9203503727912903,0.9203870296478271,0.9203933477401733,0.9204176664352417
2333_class-993,0.9407315850257874,0.9411356449127197,0.9410163760185242,0.9409791827201843,0.9408599138259888,0.9407590627670288
2334_class-993,0.9351816177368164,0.9352832436561584,0.9352944493293762,0.4281376302242279,0.935029149055481,0.9334927201271057
2335_class-993,0.9560421705245972,0.955764889717102,0.9560796022415161,0.9561395645141602,0.9562069773674011,0.9561845064163208
2336_class-993,0.910968542098999,0.9107344150543213,0.910688042640686,0.9106777906417847,0.9105594158172607,0.9106777906417847
2337_class-993,0.9262627363204956,0.9260649085044861,0.9259153604507446,0.9260401725769043,0.9260255098342896,0.9256893396377563
2338_class-993,0.8929010629653931,0.893038272857666,0.89300936460495,0.8934648036956787,0.8929446935653687,0.893675684928894
2339_class-993,0.9141055941581726,0.9145932197570801,0.9140768647193909,0.9139238595962524,0.914057731628418,0.9143064022064209
2340_class-994,0.9598207473754883,0.9597924947738647,0.9599093794822693,0.9599019289016724,0.9598245024681091,0.959827184677124
2341_class-994,0.9636129140853882,0.02295650914311409,0.02292393334209919,0.022897467017173767,0.02299519069492817,0.02295650914311409
2342_class-994,0.9798483848571777,0.9799996614456177,0.9798703789710999,0.9798767566680908,0.9798208475112915,0.9799128174781799
2343_class-994,0.9786026477813721,0.9786285161972046,0.9786806106567383,0.9786403179168701,0.9786555767059326,0.9786802530288696
2344_class-994,0.9754195213317871,0.975479781627655,0.9754276275634766,0.9753391146659851,0.9755209684371948,0.9753901958465576
2345_class-994,0.9470511674880981,0.9469666481018066,0.9472455978393555,0.9470710754394531,0.9471005201339722,0.9473438262939453
2346_class-994,0.9674239158630371,0.9674674868583679,0.9677721261978149,0.9675302505493164,0.967763364315033,0.9677087664604187
2347_class-994,0.9798847436904907,0.9798821210861206,0.979819655418396,0.9798449873924255,0.9797852635383606,0.9798578023910522
2348_class-994,0.9814893007278442,0.9814536571502686,0.981277585029602,0.9814444780349731,0.9814536571502686,0.9813835620880127
2349_class-994,0.982158899307251,0.9821991920471191,0.9821598529815674,0.9820873737335205,0.9822661876678467,0.9820950627326965
2350_class-995,0.955487847328186,0.955424427986145,0.9553974270820618,0.9553405046463013,0.9553883671760559,0.9553318619728088
2351_class-995,0.9571723937988281,0.941974401473999,0.9503313302993774,0.9579417705535889,0.9511701464653015,0.9536261558532715
2352_class-995,0.4537500739097595,0.4540294110774994,0.45398133993148804,0.45401066541671753,0.453823983669281,0.45405662059783936
2353_class-995,0.4466107189655304,0.44301092624664307,0.4432905316352844,0.8253962397575378,0.4429398477077484,0.4432966113090515
2354_class-995,0.3708241283893585,0.3706118166446686,0.3714391589164734,0.42937761545181274,0.42938366532325745,0.4292740523815155
2355_class-995,0.5206859111785889,0.5159409046173096,0.5161146521568298,0.5209054946899414,0.5160055160522461,0.5211629271507263
2356_class-995,0.9560286998748779,0.9562749266624451,0.9563329219818115,0.9562457799911499,0.9555506706237793,0.9558003544807434
2357_class-995,0.825324296951294,0.8260638117790222,0.8264787197113037,0.826045036315918,0.8262401223182678,0.8234542608261108
2358_class-995,0.948750376701355,0.870102047920227,0.8342134952545166,0.8342552185058594,0.9491156935691833,0.9489648342132568
2359_class-995,0.7247257232666016,0.7110365033149719,0.6937479972839355,0.869752824306488,0.7166969776153564,0.7111794948577881
2360_class-996,0.7971004843711853,0.6279839277267456,0.6222231388092041,0.8376585245132446,0.622512936592102,0.6267691850662231
2361_class-996,0.9469995498657227,0.9461700916290283,0.68222576379776,0.9465468525886536,0.9496298432350159,0.9357558488845825
2362_class-996,0.7491351366043091,0.7489104270935059,0.7494523525238037,0.9524320363998413,0.7489640712738037,0.7915915250778198
2363_class-996,0.6033623218536377,0.9069293141365051,0.24590760469436646,0.9032796621322632,0.2472018152475357,0.7410054206848145
2364_class-996,0.4355531632900238,0.517528772354126,0.938659131526947,0.43871989846229553,0.9355992078781128,0.9062458276748657
2365_class-996,0.4233948588371277,0.40329229831695557,0.5901093482971191,0.18554319441318512,0.49831536412239075,0.5685558319091797
2366_class-996,0.8147843480110168,0.9187262058258057,0.9259021282196045,0.6972893476486206,0.3287668526172638,0.8878623247146606
2367_class-996,0.9449119567871094,0.9459480047225952,0.9481345415115356,0.5683584809303284,0.9105408191680908,0.3928532898426056
2368_class-996,0.7651722431182861,0.7362706661224365,0.7128170728683472,0.7758796811103821,0.7376909852027893,0.8721902370452881
2369_class-996,0.7055721282958984,0.7047224044799805,0.6246868371963501,0.6694108247756958,0.6703149676322937,0.6384179592132568
2370_class-997,0.9529924392700195,0.9500964283943176,0.9532712697982788,0.9747889041900635,0.9502051472663879,0.958777666091919
2371_class-997,0.9914109110832214,0.9913562536239624,0.9911577701568604,0.9880951046943665,0.9910809993743896,0.9913672208786011
2372_class-997,0.968212366104126,0.9666740894317627,0.9673177003860474,0.965907633304596,0.9669755697250366,0.9666740894317627
2373_class-997,0.9667596817016602,0.9674233198165894,0.18475070595741272,0.9680002927780151,0.9683243036270142,0.9750796556472778
2374_class-997,0.9405713081359863,0.9422867298126221,0.9388521909713745,0.9556031227111816,0.9467812776565552,0.9466245770454407
2375_class-997,0.0485692024230957,0.04801085591316223,0.4196215867996216,0.4205474257469177,0.42242011427879333,0.04814811050891876
2376_class-997,0.4548555612564087,0.4546957314014435,0.4543856978416443,0.45447686314582825,0.45508110523223877,0.4549146294593811
2377_class-997,0.9811605215072632,0.9812211990356445,0.9789601564407349,0.6121547222137451,0.8343181610107422,0.6568557024002075
2378_class-997,0.08421237766742706,0.08412603288888931,0.085175059735775,0.1498488187789917,0.08707600831985474,0.08491086214780807
2379_class-997,0.2752861976623535,0.9517003297805786,0.9355224370956421,0.3250586986541748,0.9429805874824524,0.9428638219833374
2380_class-998,0.9748618602752686,0.9788202047348022,0.9787439107894897,0.9785597324371338,0.9787653684616089,0.9779787063598633
2381_class-998,0.9668208956718445,0.9666832685470581,0.9666199684143066,0.9669747352600098,0.9668197631835938,0.9668011665344238
2382_class-998,0.9720140695571899,0.9709374904632568,0.9719749093055725,0.9721095561981201,0.9719665050506592,0.9720823764801025
2383_class-998,0.9688246250152588,0.9618173241615295,0.96108478307724,0.9618730545043945,0.9618023633956909,0.9618712663650513
2384_class-998,0.9356294870376587,0.9360179305076599,0.9342318773269653,0.9355353713035583,0.9346525073051453,0.9352937936782837
2385_class-998,0.9353423118591309,0.9352694749832153,0.9351776838302612,0.9353283047676086,0.9352298974990845,0.9350672960281372
2386_class-998,0.9839544296264648,0.9839192628860474,0.9839541912078857,0.9840235114097595,0.9840233325958252,0.9839653372764587
2387_class-998,0.9434298276901245,0.9438901543617249,0.9437260627746582,0.9435783624649048,0.9514939785003662,0.9515503644943237
2388_class-998,0.9914672374725342,0.9912936687469482,0.9914349317550659,0.9915261268615723,0.9915837049484253,0.9912452697753906
2389_class-998,0.9747326374053955,0.9759824275970459,0.9751502275466919,0.974690318107605,0.9779042601585388,0.9749248027801514
2390_class-999,0.965576171875,0.6001542210578918,0.9655331373214722,0.9658302664756775,0.9656451940536499,0.5965315103530884
2391_class-999,0.973759651184082,0.9736683368682861,0.9738532900810242,0.973892331123352,0.9735708236694336,0.9739439487457275
2392_class-999,0.987877607345581,0.9880949258804321,0.9878097176551819,0.9877605438232422,0.9878770112991333,0.9878616333007812
2393_class-999,0.6988444924354553,0.9382752180099487,0.6986005306243896,0.9387079477310181,0.6991005539894104,0.6987540125846863
2394_class-999,0.026045072823762894,0.027061041444540024,0.025495579466223717,0.025114409625530243,0.025586821138858795,0.025617234408855438
2395_class-999,0.6598808765411377,0.7371833324432373,0.27092328667640686,0.1316368728876114,0.6598488092422485,0.7374834418296814
2396_class-999,0.6035510897636414,0.6030063033103943,0.6026852130889893,0.6041768789291382,0.6033165454864502,0.604746401309967
2397_class-999,0.4610949158668518,0.5439133644104004,0.5441821813583374,0.455936998128891,0.3985842764377594,0.5440986156463623
2398_class-999,0.9670093059539795,0.9672290086746216,0.9670467376708984,0.9669173955917358,0.9669530987739563,0.9670910835266113
2399_class-999,0.9509473443031311,0.952345609664917,0.9527807235717773,0.9531064033508301,0.9527455568313599,0.952806830406189
